"Time_Iter","Outer_Iter","Inner_Iter",    "rms[Rho]"    ,       "CD"       ,       "CL"       ,       "CMz"      
          0,           0,           0,      -4.215018489,       4.408949866,       2.002109328,      0.7436039225
          0,           0,           1,      -4.364178248,       2.956414326,       1.898600641,      0.6718027653
          0,           0,           2,      -4.742473241,       2.318937204,       1.960237997,      0.6725561429
          0,           0,           3,       -4.92874996,       1.995611404,       2.018614406,      0.6802018984
          0,           0,           4,      -5.052949152,       1.804545843,       2.056779144,      0.6853340482
          0,           0,           5,      -5.125116845,       1.677472385,       2.081458752,      0.6883185417
          0,           0,           6,      -5.160698409,       1.585726664,       2.099008571,      0.6904976046
          0,           0,           7,      -5.174913987,       1.515415028,       2.112247486,       0.692315863
          0,           0,           8,      -5.173905331,       1.458966729,       2.122417807,      0.6938209476
          0,           0,           9,      -5.160969322,       1.411871752,       2.130282149,      0.6950234919
          0,           0,          10,       -5.13939877,       1.371229242,       2.136349886,      0.6959343709
          0,           0,          11,      -5.112981005,       1.335017228,       2.140935367,      0.6965388856
          0,           0,          12,      -5.085114529,       1.301753337,       2.144206259,      0.6967763217
          0,           0,          13,      -5.058233857,       1.270345108,       2.146193437,      0.6965346394
          0,           0,          14,      -5.033631034,        1.23997205,       2.146785219,      0.6956354597
          0,           0,          15,      -5.011885566,       1.210007717,       2.145755416,      0.6938567542
          0,           0,          16,      -4.993006358,        1.17996357,       2.142801621,      0.6909392431
          0,           0,          17,      -4.976761097,         1.1494581,       2.137578558,      0.6865975177
          0,           0,          18,      -4.962814939,       1.118207636,       2.129748677,      0.6805347226
          0,           0,          19,      -4.950883956,       1.086007456,       2.119007313,      0.6724602702
          0,           0,          20,      -4.940496977,       1.052714676,       2.105090242,      0.6621161929
          0,           0,          21,      -4.931235752,       1.018226597,       2.087808049,      0.6492898365
          0,           0,          22,      -4.922742085,      0.9824847161,       2.067011134,      0.6338139172
          0,           0,          23,      -4.914671246,      0.9454641981,       2.042653904,      0.6155937222
          0,           0,          24,      -4.906786692,      0.9071729491,       2.014771702,      0.5946024083
          0,           0,          25,      -4.898913696,      0.8676522039,       1.983463429,      0.5708741609
          0,           0,          26,      -4.890995212,      0.8269871973,       1.948880561,      0.5445111966
          0,           0,          27,      -4.883062128,      0.7852855938,        1.91124613,      0.5156758088
          0,           0,          28,      -4.875167898,      0.7426838514,       1.870797718,      0.4845745169
          0,           0,          29,      -4.867422626,      0.6993442059,       1.827768986,       0.451442781
          0,           0,          30,      -4.859976749,      0.6554565742,       1.782379493,      0.4165400676
          0,           0,          31,      -4.852989703,      0.6112327413,       1.734849213,      0.3801421765
          0,           0,          32,      -4.846643047,      0.5669018558,       1.685391229,       0.342528981
          0,           0,          33,       -4.84113032,      0.5227004627,       1.634190662,       0.303973135
          0,           0,          34,      -4.836640651,      0.4788752012,       1.581426593,      0.2647338975
          0,           0,          35,      -4.833362742,      0.4356807406,       1.527273435,      0.2250603508
          0,           0,          36,      -4.831410752,      0.3933753863,       1.471890851,      0.1851856322
          0,           0,          37,      -4.830802935,      0.3522242353,       1.415447964,      0.1453336493
          0,           0,          38,      -4.831432532,      0.3124935003,        1.35811173,      0.1057156559
          0,           0,          39,       -4.83305819,      0.2744423729,       1.300039426,     0.06653168469
          0,           0,          40,      -4.835385913,      0.2383205523,       1.241381338,     0.02797259762
          0,           0,          41,      -4.838094293,      0.2043642912,       1.182298853,   -0.009773185214
          0,           0,          42,      -4.840909027,      0.1727853282,       1.122934389,     -0.0465256371
          0,           0,          43,      -4.843725224,      0.1437526916,       1.063392143,    -0.08211197257
          0,           0,          44,      -4.846521171,      0.1173904757,       1.003766408,     -0.1163615549
          0,           0,          45,        -4.8494258,     0.09377869036,      0.9441404853,     -0.1491117768
          0,           0,          46,      -4.852548227,     0.07296796094,      0.8845910758,      -0.180213044
          0,           0,          47,       -4.85603538,     0.05496362772,      0.8252112563,     -0.2095307301
          0,           0,          48,      -4.859930474,     0.03969087072,      0.7661028697,     -0.2369423221
          0,           0,          49,       -4.86423089,     0.02705721751,      0.7073339906,     -0.2623731588
          0,           0,          50,      -4.868865239,     0.01690660348,       0.649019553,     -0.2857650502
          0,           0,          51,      -4.873770383,    0.009083255604,      0.5912646228,     -0.3070725112
          0,           0,          52,      -4.878808243,    0.003406714923,      0.5342389779,     -0.3262651749
          0,           0,          53,      -4.883904222,  -0.0003313831812,      0.4780812209,     -0.3433514545
          0,           0,          54,      -4.888917339,    -0.00235644016,      0.4229132348,     -0.3583686864
          0,           0,          55,      -4.893712426,   -0.002895717724,      0.3688650737,     -0.3713492127
          0,           0,          56,      -4.898138506,   -0.002173195845,      0.3160046756,     -0.3823399765
          0,           0,          57,      -4.902033151,  -0.0004258198533,      0.2643845959,     -0.3914352712
          0,           0,          58,       -4.90523359,    0.002134247771,      0.2140799344,     -0.3987204885
          0,           0,          59,      -4.907611768,    0.005293091328,      0.1651095992,     -0.4042703247
          0,           0,          60,      -4.909089477,    0.008841311881,      0.1174605729,     -0.4081679993
          0,           0,          61,       -4.90970007,     0.01263878132,     0.07146430607,     -0.4104556607
          0,           0,          62,      -4.909541494,     0.01653601858,     0.02731313529,     -0.4111953823
          0,           0,          63,       -4.90878478,     0.02037000927,    -0.01491521147,     -0.4104576407
          0,           0,          64,      -4.907672002,     0.02400985549,    -0.05506092886,     -0.4082904935
          0,           0,          65,      -4.906475797,     0.02732695856,    -0.09299846229,     -0.4047810621
          0,           0,          66,      -4.905448181,     0.03021649267,     -0.1285835089,     -0.4000104875
          0,           0,          67,      -4.904807054,     0.03261660808,     -0.1616014704,     -0.3940235719
          0,           0,          68,      -4.904730677,     0.03447266538,     -0.1918842307,     -0.3868877943
          0,           0,          69,      -4.905366236,     0.03575339954,     -0.2192638671,     -0.3786742496
          0,           0,          70,      -4.906800553,      0.0364514288,     -0.2435728074,     -0.3694523147
          0,           0,          71,       -4.90909272,     0.03658193856,     -0.2646499761,      -0.359287353
          0,           0,          72,       -4.91227874,     0.03616750269,     -0.2823512751,     -0.3482485798
          0,           0,          73,       -4.91637049,     0.03524640093,     -0.2965847496,     -0.3364194625
          0,           0,          74,      -4.921368884,     0.03387531369,      -0.307298487,      -0.323895521
          0,           0,          75,      -4.927264567,     0.03212999226,     -0.3144569807,     -0.3107596598
          0,           0,          76,      -4.934034545,      0.0300774915,       -0.31803116,     -0.2971132054
          0,           0,          77,       -4.94163647,     0.02780055188,     -0.3180500682,      -0.283054628
          0,           0,          78,      -4.950005469,     0.02538362942,     -0.3145388728,     -0.2686769043
          0,           0,          79,      -4.959055614,     0.02291971816,     -0.3074969171,     -0.2540479954
          0,           0,          80,      -4.968665671,     0.02050814967,     -0.2968921646,     -0.2392218754
          0,           0,          81,      -4.978679944,     0.01823380242,     -0.2827530499,     -0.2242630558
          0,           0,          82,       -4.98890539,     0.01616130945,     -0.2651885487,      -0.209256436
          0,           0,          83,      -4.999108108,     0.01433779533,     -0.2443570132,     -0.1943029561
          0,           0,          84,      -5.009029627,     0.01280532645,     -0.2204136924,     -0.1794769129
          0,           0,          85,      -5.018397614,     0.01160563605,      -0.193491797,     -0.1648291859
          0,           0,          86,      -5.026960031,     0.01076712106,     -0.1637533455,     -0.1504077067
          0,           0,          87,      -5.034461469,     0.01030386775,     -0.1313860491,     -0.1362584676
          0,           0,          88,      -5.040669373,     0.01023325609,    -0.09655966299,     -0.1223990464
          0,           0,          89,      -5.045413367,     0.01057995012,    -0.05942191039,     -0.1088170091
          0,           0,          90,       -5.04863698,     0.01135314576,    -0.02016034547,    -0.09550699695
          0,           0,          91,      -5.050322054,     0.01256216979,     0.02103802717,    -0.08245443837
          0,           0,          92,       -5.05050146,     0.01421728128,     0.06398782611,    -0.06963889384
          0,           0,          93,      -5.049286008,     0.01634407013,      0.1085514467,    -0.05700953109
          0,           0,          94,      -5.046899743,      0.0189770395,      0.1546219127,    -0.04450122312
          0,           0,          95,      -5.043558544,     0.02213060273,      0.2020465464,    -0.03206836389
          0,           0,          96,      -5.039481084,     0.02572923431,      0.2502376092,    -0.01974760798
          0,           0,          97,      -5.034920097,     0.02976649979,      0.2989027766,   -0.007511519606
          0,           0,          98,      -5.030140885,     0.03425940157,      0.3478750248,    0.004682439296
          0,           0,          99,      -5.025391437,     0.03922332694,      0.3969844504,     0.01686760476
          0,           0,         100,      -5.020891042,     0.04467755542,       0.446082816,     0.02908121059
          0,           0,         101,       -5.01681342,     0.05064446424,      0.4950591917,     0.04135968208
          0,           0,         102,      -5.013321338,     0.05714824447,      0.5438409894,     0.05373510164
          0,           0,         103,      -5.010556063,     0.06421036095,      0.5923791256,     0.06623710925
          0,           0,         104,      -5.008644107,     0.07184277527,      0.6406221212,      0.0788776344
          0,           0,         105,      -5.007683101,     0.08005056424,      0.6885347132,     0.09165750505
          0,           0,         106,      -5.007737644,     0.08883240207,      0.7360827136,      0.1045696462
          0,           0,         107,       -5.00884472,     0.09817426087,      0.7832236477,      0.1175954892
          0,           0,         108,      -5.011038546,      0.1080557054,      0.8299061849,      0.1307063364
          0,           0,         109,      -5.014346544,      0.1184474412,      0.8760768959,        0.14386796
          0,           0,         110,      -5.018771631,      0.1293082135,      0.9216750271,      0.1570329723
          0,           0,         111,      -5.024310517,      0.1405944698,      0.9666585163,      0.1701534496
          0,           0,         112,      -5.030937818,      0.1522588582,       1.010984415,      0.1831719026
          0,           0,         113,      -5.038622248,      0.1642459078,       1.054594197,      0.1960226527
          0,           0,         114,      -5.047309459,      0.1764952622,       1.097429911,      0.2086388472
          0,           0,         115,      -5.056934268,      0.1889406398,       1.139402729,      0.2209372955
          0,           0,         116,      -5.067430763,      0.2015031599,       1.180376658,      0.2328114741
          0,           0,         117,      -5.078707614,      0.2141063068,       1.220225997,      0.2441650922
          0,           0,         118,      -5.090626774,      0.2266669796,       1.258823054,      0.2549052781
          0,           0,         119,      -5.103079436,      0.2391121943,       1.296074992,      0.2649631562
          0,           0,         120,      -5.115954351,      0.2513709124,       1.331905283,      0.2742743241
          0,           0,         121,      -5.129093052,      0.2633606088,       1.366178541,      0.2827522541
          0,           0,         122,      -5.142326711,      0.2749881437,       1.398720607,      0.2902960506
          0,           0,         123,      -5.155412106,      0.2861701454,       1.429343824,      0.2968170521
          0,           0,         124,      -5.168062822,      0.2968355343,       1.457924428,      0.3022387924
          0,           0,         125,      -5.180047614,      0.3069188962,       1.484332023,       0.306494768
          0,           0,         126,      -5.191151551,      0.3163738219,       1.508482741,      0.3095530685
          0,           0,         127,      -5.201169404,       0.325164834,       1.530328643,      0.3113917253
          0,           0,         128,      -5.210009998,      0.3332385125,       1.549763794,      0.3119658055
          0,           0,         129,      -5.217588214,      0.3405553361,       1.566718021,      0.3112462298
          0,           0,         130,      -5.223954322,      0.3470808707,       1.581129795,      0.3092144892
          0,           0,         131,      -5.229286814,      0.3527854759,       1.592953398,       0.305864609
          0,           0,         132,      -5.233859374,       0.357641295,       1.602150392,      0.3011963206
          0,           0,         133,      -5.238045256,      0.3616251677,       1.608692529,       0.295216745
          0,           0,         134,      -5.242203342,      0.3647194302,       1.612574034,      0.2879468032
          0,           0,         135,      -5.246641967,      0.3669052721,       1.613796757,      0.2794152059
          0,           0,         136,      -5.251604959,      0.3681669079,       1.612371735,      0.2696554755
          0,           0,         137,      -5.257414846,      0.3684904324,       1.608309877,       0.258701397
          0,           0,         138,      -5.264306798,      0.3678661622,       1.601634186,      0.2465949451
          0,           0,         139,      -5.272459763,      0.3662851856,       1.592373459,      0.2333817808
          0,           0,         140,       -5.28193873,      0.3637450484,       1.580571275,      0.2191198209
          0,           0,         141,       -5.29260255,      0.3602502808,       1.566288027,      0.2038786375
          0,           0,         142,      -5.304327818,       0.355805728,       1.549579284,       0.187731475
          0,           0,         143,      -5.316787069,      0.3504396761,       1.530562496,       0.170800826
          0,           0,         144,      -5.329636477,      0.3441813748,        1.50934589,      0.1531988798
          0,           0,         145,      -5.342332335,      0.3370615582,       1.486045713,      0.1350399675
          0,           0,         146,      -5.354224618,      0.3291022504,       1.460761748,      0.1164185599
          0,           0,         147,      -5.364707881,        0.32032539,       1.433582462,     0.09742097922
          0,           0,         148,      -5.373063348,      0.3107803033,       1.404667627,     0.07817905547
          0,           0,         149,      -5.378544588,      0.3005173905,       1.374172478,     0.05881977395
          0,           0,         150,      -5.380758094,      0.2895915626,       1.342261037,     0.03947083324
          0,           0,         151,      -5.379582103,      0.2780637403,        1.30910327,     0.02026022205
          0,           0,         152,      -5.375142105,      0.2659978241,       1.274875696,    0.001311189519
          0,           0,         153,      -5.367895557,      0.2534592286,       1.239757011,     -0.0172549193
          0,           0,         154,      -5.358518041,      0.2405149936,       1.203924744,    -0.03532170809
          0,           0,         155,      -5.347707026,      0.2272339587,       1.167535767,     -0.0527787003
          0,           0,         156,      -5.336227603,      0.2136887151,       1.130761649,    -0.06951671289
          0,           0,         157,      -5.324743142,       0.199955516,       1.093820343,     -0.0854245474
          0,           0,         158,      -5.313775193,      0.1861106945,       1.056923257,     -0.1003981359
          0,           0,         159,      -5.303724876,      0.1722285555,       1.020248241,     -0.1143575164
          0,           0,         160,      -5.294951146,      0.1583773803,      0.9839420149,     -0.1272408412
          0,           0,         161,      -5.287677342,      0.1446212645,      0.9481325146,     -0.1389993469
          0,           0,         162,      -5.282025594,      0.1310231546,      0.9129671396,     -0.1495868661
          0,           0,         163,      -5.278108549,      0.1176440091,      0.8785997009,     -0.1589640017
          0,           0,         164,      -5.275961263,      0.1045424811,      0.8451819455,     -0.1670979681
          0,           0,         165,      -5.275578905,     0.09177394367,      0.8128582417,     -0.1739649688
          0,           0,         166,       -5.27693075,     0.07938966746,      0.7817609672,     -0.1795545679
          0,           0,         167,      -5.279956782,     0.06743635703,      0.7520084813,     -0.1838689597
          0,           0,         168,      -5.284584477,      0.0559551605,      0.7237063288,     -0.1869221804
          0,           0,         169,       -5.29070888,     0.04498241677,      0.6969487648,     -0.1887379426
          0,           0,         170,      -5.298196632,     0.03454815428,      0.6718133003,     -0.1893520401
          0,           0,         171,       -5.30688332,     0.02467536026,      0.6483598213,     -0.1888125834
          0,           0,         172,      -5.316600323,     0.01538485512,      0.6266437298,     -0.1871700886
          0,           0,         173,      -5.327125514,    0.006697361771,      0.6067191864,     -0.1844752413
          0,           0,         174,      -5.338215901,   -0.001378757997,      0.5886042117,     -0.1808004334
          0,           0,         175,      -5.349599065,   -0.008834162061,      0.5723235872,     -0.1762096908
          0,           0,         176,      -5.360975154,     -0.0156598926,      0.5579014063,     -0.1707660583
          0,           0,         177,      -5.372053654,    -0.02185624524,      0.5453325627,     -0.1645490367
          0,           0,         178,       -5.38254575,    -0.02742782124,      0.5345983091,     -0.1576414507
          0,           0,         179,       -5.39217051,    -0.03238557994,      0.5256611163,     -0.1501352954
          0,           0,         180,      -5.400717813,    -0.03674475064,      0.5184721739,     -0.1421282948
          0,           0,         181,      -5.408015248,    -0.04051418656,       0.513010563,     -0.1337013185
          0,           0,         182,      -5.414014567,    -0.04369880896,       0.509267719,     -0.1249253689
          0,           0,         183,      -5.418690121,    -0.04630502604,       0.507228806,     -0.1158700717
          0,           0,         184,      -5.422162778,    -0.04834143879,      0.5068672693,     -0.1066048232
          0,           0,         185,      -5.424576303,     -0.0498188276,      0.5081455985,    -0.09719776688
          0,           0,         186,      -5.426145007,    -0.05074917815,      0.5110183714,    -0.08771394326
          0,           0,         187,      -5.427124913,      -0.051143916,      0.5154429772,    -0.07821341051
          0,           0,         188,      -5.427754315,    -0.05101422591,      0.5213794457,    -0.06875099996
          0,           0,         189,      -5.428279909,    -0.05037132575,      0.5287876321,    -0.05937586442
          0,           0,         190,      -5.428919428,    -0.04922693676,      0.5376238208,    -0.05013493477
          0,           0,         191,      -5.429864167,    -0.04759337815,      0.5478437296,    -0.04106875375
          0,           0,         192,      -5.431218616,    -0.04548372729,       0.559391666,    -0.03221769019
          0,           0,         193,      -5.433131454,    -0.04291074712,      0.5722149353,    -0.02361462988
          0,           0,         194,       -5.43562432,    -0.03987999527,      0.5862892098,    -0.01527282862
          0,           0,         195,      -5.438724806,    -0.03639493618,      0.6015895189,   -0.007200827951
          0,           0,         196,      -5.442414561,     -0.0324613399,      0.6180888346,   0.0005878341504
          0,           0,         197,      -5.446649108,     -0.0280848003,      0.6357582552,    0.008081371397
          0,           0,         198,      -5.451327147,    -0.02327468729,      0.6545432335,     0.01527685758
          0,           0,         199,      -5.456373572,    -0.01804708193,      0.6743743291,     0.02217097809
          0,           0,         200,      -5.461669364,    -0.01242251731,      0.6951696371,     0.02875660696
          0,           0,         201,       -5.46702059,   -0.006418624989,      0.7168560546,     0.03503575283
          0,           0,         202,      -5.472318967,  -4.901676082e-05,       0.739380057,     0.04102174695
          0,           0,         203,      -5.477406959,    0.006671350347,      0.7626845769,     0.04672581602
          0,           0,         204,      -5.482202243,     0.01372447404,      0.7867078573,     0.05215712657
          0,           0,         205,       -5.48654997,      0.0210918719,      0.8113801598,     0.05732488145
          0,           0,         206,      -5.490431711,     0.02875247284,      0.8366368279,     0.06223977344
          0,           0,         207,      -5.493736845,     0.03668366767,      0.8624090608,     0.06691289459
          0,           0,         208,      -5.496391668,     0.04486100369,      0.8886200681,     0.07135557434
          0,           0,         209,      -5.498438558,     0.05325888889,      0.9151863338,     0.07557818667
          0,           0,         210,      -5.499977752,     0.06184972178,      0.9420211995,     0.07959075838
          0,           0,         211,      -5.501056033,     0.07060408061,      0.9690401521,     0.08340212639
          0,           0,         212,      -5.501750081,     0.07949051378,      0.9961547773,     0.08702014235
          0,           0,         213,      -5.502155117,     0.08847448787,       1.023271871,     0.09044912298
          0,           0,         214,      -5.502390676,     0.09751985929,       1.050296046,     0.09369343877
          0,           0,         215,      -5.502591061,      0.1065888831,       1.077132598,     0.09675620435
          0,           0,         216,       -5.50285464,      0.1156426026,       1.103692645,     0.09964250697
          0,           0,         217,      -5.503235296,      0.1246406842,       1.129881454,      0.1023508876
          0,           0,         218,      -5.503922057,       0.133541834,       1.155603379,      0.1048768218
          0,           0,         219,      -5.504916839,      0.1423039023,       1.180760526,      0.1072131751
          0,           0,         220,      -5.506338939,      0.1508834329,       1.205255866,      0.1093492382
          0,           0,         221,      -5.508273361,      0.1592397171,       1.229001479,       0.111282227
          0,           0,         222,      -5.510650194,      0.1673313852,       1.251907453,      0.1130047463
          0,           0,         223,      -5.513745224,      0.1751179037,       1.273891001,      0.1145092238
          0,           0,         224,      -5.517298142,       0.182558177,       1.294863614,       0.115785605
          0,           0,         225,      -5.521400689,      0.1896124986,       1.314745503,      0.1168227599
          0,           0,         226,      -5.526181741,      0.1962423493,       1.333454014,      0.1176064958
          0,           0,         227,      -5.531526802,      0.2024111051,       1.350912994,      0.1181227478
          0,           0,         228,      -5.537369482,       0.208086203,       1.367059735,      0.1183619274
          0,           0,         229,      -5.543711883,      0.2132393651,       1.381840088,      0.1183176994
          0,           0,         230,      -5.550570819,      0.2178462673,       1.395209744,      0.1179862435
          0,           0,         231,      -5.557808713,      0.2218856273,       1.407132681,      0.1173640218
          0,           0,         232,      -5.565204922,      0.2253395409,       1.417575537,      0.1164472703
          0,           0,         233,      -5.572725255,      0.2281937553,       1.426516538,      0.1152338176
          0,           0,         234,      -5.580307722,      0.2304386644,       1.433937072,      0.1137237458
          0,           0,         235,      -5.587701146,      0.2320674954,       1.439821252,      0.1119174758
          0,           0,         236,      -5.595036529,      0.2330771062,       1.444161952,      0.1098163618
          0,           0,         237,      -5.602170795,        0.23346923,        1.44695909,      0.1074240808
          0,           0,         238,      -5.608576983,      0.2332503086,       1.448228307,      0.1047457094
          0,           0,         239,      -5.614216678,      0.2324317236,       1.447998902,      0.1017888792
          0,           0,         240,      -5.619178526,      0.2310299633,       1.446312049,     0.09856796248
          0,           0,         241,      -5.623320883,      0.2290659618,       1.443215532,     0.09510162486
          0,           0,         242,      -5.626452386,      0.2265608797,        1.43875665,     0.09140734364
          0,           0,         243,      -5.628607116,      0.2235367448,       1.432982308,     0.08750277438
          0,           0,         244,      -5.629784723,      0.2200147382,        1.42593118,     0.08340825231
          0,           0,         245,      -5.629921648,      0.2160218366,       1.417662633,     0.07914564403
          0,           0,         246,      -5.629257752,      0.2115892113,       1.408248756,     0.07473616082
          0,           0,         247,      -5.627719265,      0.2067473627,       1.397754435,     0.07019419004
          0,           0,         248,      -5.625452951,      0.2015279504,       1.386247277,     0.06553527153
          0,           0,         249,      -5.622680353,      0.1959636787,        1.37379999,     0.06077846478
          0,           0,         250,      -5.619601397,      0.1900884683,       1.360488641,      0.0559449926
          0,           0,         251,       -5.61620633,      0.1839378185,       1.346390361,     0.05105737666
          0,           0,         252,      -5.612606496,      0.1775461038,       1.331584865,     0.04613728067
          0,           0,         253,      -5.608965779,      0.1709465938,       1.316152836,     0.04120485444
          0,           0,         254,      -5.605433317,      0.1641727797,       1.300173584,     0.03627885132
          0,           0,         255,       -5.60208914,      0.1572583645,       1.283724805,     0.03137722708
          0,           0,         256,      -5.599022079,      0.1502365139,       1.266885623,     0.02651831475
          0,           0,         257,      -5.596259405,      0.1431403736,        1.24973735,     0.02172195281
          0,           0,         258,      -5.593945717,      0.1360018916,       1.232359052,     0.01700590418
          0,           0,         259,      -5.592049585,      0.1288520701,       1.214825597,     0.01238497299
          0,           0,         260,      -5.590626813,      0.1217200755,       1.197210522,    0.007872482662
          0,           0,         261,      -5.589648281,       0.114633432,       1.179586717,    0.003481197869
          0,           0,         262,      -5.589080565,       0.107618588,       1.162026062,  -0.0007761260236
          0,           0,         263,      -5.588913847,      0.1006999179,       1.144595344,   -0.004890213446
          0,           0,         264,       -5.58909498,     0.09390027643,       1.127355977,   -0.008854421872
          0,           0,         265,      -5.589538112,      0.0872414545,       1.110371148,    -0.01266048936
          0,           0,         266,      -5.590165182,     0.08074438097,       1.093704558,    -0.01629929461
          0,           0,         267,      -5.590908195,      0.0744284672,       1.077417251,    -0.01976259324
          0,           0,         268,      -5.591630772,     0.06831081833,        1.06156414,    -0.02304494501
          0,           0,         269,      -5.592264033,     0.06240814535,       1.046200955,    -0.02613866155
          0,           0,         270,      -5.592670316,     0.05673629015,       1.031380712,    -0.02903633232
          0,           0,         271,      -5.592814255,     0.05130887708,       1.017150897,    -0.03173343637
          0,           0,         272,      -5.592539182,      0.0461382424,        1.00355497,    -0.03422697762
          0,           0,         273,      -5.591827104,      0.0412353782,      0.9906361076,    -0.03651272436
          0,           0,         274,      -5.590584313,     0.03660971962,       0.978434455,    -0.03858780276
          0,           0,         275,      -5.588841747,     0.03226929564,      0.9669832511,    -0.04045078306
          0,           0,         276,      -5.586565051,     0.02822066277,      0.9563126975,    -0.04210044179
          0,           0,         277,      -5.583774098,       0.024469255,      0.9464496169,    -0.04353591585
          0,           0,         278,      -5.580512898,     0.02101969988,      0.9374184807,    -0.04475561738
          0,           0,         279,      -5.576865039,     0.01787567817,      0.9292424523,    -0.04575778489
          0,           0,         280,      -5.572935008,      0.0150399782,       0.921943168,    -0.04653997526
          0,           0,         281,      -5.568804786,     0.01251430188,       0.915539146,    -0.04709934502
          0,           0,         282,      -5.564603188,      0.0102997347,      0.9100465952,    -0.04743243738
          0,           0,         283,      -5.560423134,    0.008396324082,      0.9054812974,    -0.04753556248
          0,           0,         284,      -5.556362925,    0.006803407748,      0.9018562916,    -0.04740565676
          0,           0,         285,      -5.552558868,    0.005519962875,      0.8991839945,    -0.04703989751
          0,           0,         286,      -5.549109675,    0.004544709157,       0.897475174,    -0.04643633274
          0,           0,         287,      -5.546117219,    0.003875831972,      0.8967400579,    -0.04559405141
          0,           0,         288,       -5.54362712,      0.0035115816,      0.8969863697,    -0.04451464115
          0,           0,         289,      -5.541729121,    0.003451626358,      0.8982213117,    -0.04320198364
          0,           0,         290,      -5.540461106,    0.003692104804,      0.9004380351,    -0.04165893703
          0,           0,         291,      -5.539876866,    0.004224010459,      0.9036113265,    -0.03989312323
          0,           0,         292,      -5.540005908,     0.00503764044,      0.9077125079,    -0.03791110773
          0,           0,         293,      -5.540873211,    0.006123824096,      0.9127173351,    -0.03571574548
          0,           0,         294,      -5.542533813,    0.007472719821,       0.918598661,    -0.03331173002
          0,           0,         295,      -5.544985178,    0.009074526433,      0.9253265431,    -0.03070516735
          0,           0,         296,      -5.548212454,     0.01091936355,      0.9328707044,    -0.02790291257
          0,           0,         297,      -5.552247295,     0.01299661496,       0.941199823,    -0.02491291641
          0,           0,         298,      -5.557043253,     0.01529528091,      0.9502782795,    -0.02174474118
          0,           0,         299,      -5.562574804,     0.01780291102,      0.9600676251,    -0.01841003911
          0,           0,         300,      -5.568831896,     0.02050673687,      0.9705244154,    -0.01492224353
          0,           0,         301,      -5.575740183,     0.02339305728,      0.9816027327,    -0.01129609495
          0,           0,         302,       -5.58326514,     0.02644705458,      0.9932536224,   -0.007547662237
          0,           0,         303,      -5.591335362,     0.02965377535,       1.005425364,   -0.003693725854
          0,           0,         304,      -5.599832548,     0.03299752444,       1.018064726,   0.0002486508507
          0,           0,         305,      -5.608663841,     0.03646182914,       1.031117166,    0.004261352825
          0,           0,         306,      -5.617691833,     0.04002997381,        1.04452677,     0.00832558963
          0,           0,         307,       -5.62680795,     0.04368504988,       1.058236801,     0.01242259399
          0,           0,         308,      -5.635844365,     0.04741031189,       1.072187317,     0.01653324802
          0,           0,         309,      -5.644633394,     0.05118798653,       1.086317928,     0.02063802163
          0,           0,         310,       -5.65302262,     0.05500054972,       1.100568392,     0.02471707774
          0,           0,         311,      -5.660820498,     0.05883049616,       1.114875546,     0.02875103667
          0,           0,         312,      -5.667892783,     0.06266062551,       1.129178396,     0.03272074014
          0,           0,         313,      -5.674080442,     0.06647346894,       1.143417372,     0.03660699699
          0,           0,         314,      -5.679268373,     0.07025173802,       1.157533861,     0.04039081757
          0,           0,         315,      -5.683373094,     0.07397817558,       1.171470151,     0.04405353144
          0,           0,         316,      -5.686379816,     0.07763594147,       1.185167544,     0.04757724947
          0,           0,         317,      -5.688266505,     0.08120853413,       1.198571277,     0.05094485243
          0,           0,         318,      -5.689060961,     0.08468017205,       1.211629664,     0.05414084434
          0,           0,         319,      -5.688891389,     0.08803602901,       1.224291685,     0.05715145612
          0,           0,         320,      -5.687862335,      0.0912621972,       1.236510984,     0.05996375794
          0,           0,         321,      -5.686102821,     0.09434545047,       1.248242598,     0.06256547875
          0,           0,         322,      -5.683783325,     0.09727416177,        1.25944082,     0.06494517208
          0,           0,         323,      -5.681039301,      0.1000380502,       1.270064573,     0.06709358661
          0,           0,         324,      -5.678070556,      0.1026276214,       1.280077407,     0.06900258034
          0,           0,         325,      -5.674996339,      0.1050344331,       1.289446671,     0.07066550824
          0,           0,         326,         -5.671972,      0.1072524161,       1.298141646,     0.07207858901
          0,           0,         327,      -5.669090309,      0.1092756677,       1.306138256,     0.07323876393
          0,           0,         328,      -5.666517982,       0.111099441,       1.313415104,     0.07414363082
          0,           0,         329,      -5.664305482,      0.1127198738,       1.319955322,        0.07479176
          0,           0,         330,      -5.662546493,      0.1141343658,       1.325745501,     0.07518315008
          0,           0,         331,      -5.661251162,      0.1153415066,       1.330776419,     0.07531954465
          0,           0,         332,      -5.660473244,      0.1163408375,       1.335044941,     0.07520495948
          0,           0,         333,      -5.660252947,      0.1171332681,       1.338553026,     0.07484512826
          0,           0,         334,      -5.660601277,      0.1177203859,       1.341305067,     0.07424608451
          0,           0,         335,      -5.661526193,      0.1181047543,       1.343307761,     0.07341359087
          0,           0,         336,      -5.663013247,      0.1182891374,       1.344568571,     0.07235366438
          0,           0,         337,      -5.665106324,      0.1182763996,        1.34509293,     0.07107217463
          0,           0,         338,      -5.667742464,      0.1180704554,       1.344887952,     0.06957684172
          0,           0,         339,      -5.670875655,      0.1176753981,       1.343963814,     0.06787644821
          0,           0,         340,      -5.674484264,      0.1170962028,       1.342334123,       0.065980122
          0,           0,         341,      -5.678568232,       0.116339001,        1.34001624,     0.06389739404
          0,           0,         342,      -5.682392432,      0.1154107616,       1.337032329,     0.06163842562
          0,           0,         343,      -5.687885822,      0.1143195981,       1.333408732,       0.059214675
          0,           0,         344,      -5.693066922,      0.1130743791,       1.329176569,     0.05663902669
          0,           0,         345,      -5.698567072,      0.1116847685,       1.324370316,     0.05392568336
          0,           0,         346,      -5.704257888,      0.1101605888,       1.319027078,      0.0510893608
          0,           0,         347,      -5.710284892,      0.1085121161,       1.313184843,     0.04814531193
          0,           0,         348,      -5.716398907,      0.1067500515,       1.306881394,     0.04510879068
          0,           0,         349,      -5.722714743,      0.1048843227,       1.300155829,     0.04199479227
          0,           0,         350,      -5.729017921,      0.1029250776,       1.293045779,     0.03881772324
          0,           0,         351,      -5.735459869,      0.1008822551,       1.285588164,     0.03559148976
          0,           0,         352,      -5.741769956,     0.09876519535,       1.277819315,      0.0323292815
          0,           0,         353,      -5.748133485,     0.09658264706,       1.269776077,     0.02904398045
          0,           0,         354,      -5.754308056,     0.09434361489,        1.26149425,     0.02574832451
          0,           0,         355,       -5.76038396,     0.09205696235,       1.253010425,     0.02245524029
          0,           0,         356,      -5.765591635,     0.08973189876,       1.244361344,     0.01917794712
          0,           0,         357,      -5.771945733,     0.08737711548,       1.235584268,     0.01592970702
          0,           0,         358,      -5.777750511,      0.0850010135,       1.226716403,     0.01272405301
          0,           0,         359,      -5.783243199,     0.08261184629,       1.217796133,    0.009574541953
          0,           0,         360,       -5.78840149,     0.08021806637,       1.208860953,    0.006495069631
          0,           0,         361,      -5.793338798,     0.07782784027,       1.199947749,    0.003499326246
          0,           0,         362,      -5.797933288,     0.07544892178,       1.191093231,   0.0006005990358
          0,           0,         363,      -5.802286885,     0.07308953561,        1.18233197,    -0.00218822271
          0,           0,         364,      -5.806167856,     0.07075690086,       1.173697195,   -0.004855339467
          0,           0,         365,      -5.808887104,     0.06845789093,       1.165220446,    -0.00738997781
          0,           0,         366,      -5.812425822,     0.06619881463,       1.156931801,   -0.009782608099
          0,           0,         367,      -5.815061447,     0.06398520024,       1.148859238,    -0.01202504965
          0,           0,         368,      -5.817023388,     0.06182217303,       1.141028056,     -0.0141103181
          0,           0,         369,       -5.81854402,     0.05971478524,       1.133461691,    -0.01603253914
          0,           0,         370,      -5.819351088,     0.05766760592,       1.126185098,    -0.01778506437
          0,           0,         371,      -5.819615664,     0.05568502804,        1.11922037,    -0.01936265072
          0,           0,         372,      -5.819322833,     0.05377137572,       1.112587797,    -0.02076140274
          0,           0,         373,       -5.81839722,      0.0519305091,       1.106308266,    -0.02197826952
          0,           0,         374,      -5.816947383,     0.05016626104,        1.10040112,    -0.02301014502
          0,           0,         375,      -5.814955278,     0.04848244686,       1.094886196,    -0.02385366535
          0,           0,         376,      -5.812390778,     0.04688296568,       1.089780486,     -0.0245061363
          0,           0,         377,      -5.808928066,     0.04537123332,       1.085104018,    -0.02496448255
          0,           0,         378,      -5.806104658,     0.04395106044,       1.080873885,    -0.02522591707
          0,           0,         379,      -5.802638202,     0.04262538464,       1.077104351,    -0.02529030976
          0,           0,         380,      -5.798666059,     0.04139661697,        1.07380726,    -0.02515901047
          0,           0,         381,      -5.795174401,     0.04026744793,        1.07099422,    -0.02483327755
          0,           0,         382,      -5.791302559,     0.03924031725,       1.068676484,    -0.02431493693
          0,           0,         383,       -5.78758865,     0.03831776006,       1.066861251,    -0.02360657825
          0,           0,         384,      -5.783997514,     0.03750151544,       1.065555516,    -0.02271225813
          0,           0,         385,      -5.780565112,     0.03679320107,       1.064762425,    -0.02163703489
          0,           0,         386,      -5.777341116,     0.03619357052,       1.064483847,    -0.02038746916
          0,           0,         387,      -5.774942489,     0.03570265057,       1.064719572,    -0.01897147698
          0,           0,         388,      -5.772532648,     0.03532068241,        1.06546465,    -0.01739769939
          0,           0,         389,      -5.771307274,     0.03504659305,        1.06671369,    -0.01567610295
          0,           0,         390,      -5.770510126,     0.03487963152,       1.068457511,     -0.0138172072
          0,           0,         391,      -5.770305109,     0.03481813113,       1.070686497,    -0.01183243508
          0,           0,         392,      -5.770855978,     0.03486023708,       1.073387918,   -0.009733711112
          0,           0,         393,      -5.772140134,     0.03500373156,       1.076547244,   -0.007533525864
          0,           0,         394,      -5.774093821,     0.03524628526,       1.080148808,   -0.005244536143
          0,           0,         395,       -5.77713744,     0.03558528085,       1.084176681,   -0.002879465308
          0,           0,         396,      -5.780877097,     0.03601805264,       1.088613781,  -0.0004506916184
          0,           0,         397,      -5.785437638,     0.03654201608,       1.093442113,    0.002029967034
          0,           0,         398,      -5.633959283,     0.03715426175,       1.098643536,    0.004550944601
          0,           0,         399,      -5.700603002,     0.03785200898,       1.104197937,    0.007101112663
          0,           0,         400,       -5.78438887,     0.03863182713,       1.110085057,    0.009669310377
          0,           0,         401,      -5.803201308,     0.03949054927,       1.116283001,     0.01224439429
          0,           0,         402,        -5.8161927,     0.04042430111,       1.122768837,     0.01481497543
          0,           0,         403,      -5.826885944,     0.04142876078,        1.12951817,     0.01736942646
          0,           0,         404,      -5.837196339,      0.0424996286,        1.13650495,     0.01989617881
          0,           0,         405,      -5.847799212,     0.04363119448,       1.143702153,     0.02238359347
          0,           0,         406,      -5.858450084,     0.04481857689,       1.151081356,     0.02482029947
          0,           0,         407,      -5.869298939,     0.04605642808,       1.158612442,     0.02719547298
          0,           0,         408,      -5.880288269,     0.04733877467,       1.166266976,     0.02949872646
          0,           0,         409,      -5.891302417,     0.04866018763,       1.174014951,     0.03172100897
          0,           0,         410,      -5.902031883,     0.05001506352,       1.181827676,     0.03385409853
          0,           0,         411,      -5.912472479,     0.05139793306,       1.189676514,     0.03589070288
          0,           0,         412,      -5.921494308,     0.05280369497,       1.197532625,     0.03782454065
          0,           0,         413,      -5.931528042,     0.05422667168,       1.205368207,     0.03964999146
          0,           0,         414,      -5.939766838,     0.05566140737,       1.213154687,     0.04136219638
          0,           0,         415,      -5.946252603,     0.05710228643,       1.220863968,     0.04295686104
          0,           0,         416,      -5.951330022,     0.05854352717,       1.228469164,     0.04443005745
          0,           0,         417,      -5.957686368,     0.05998023204,       1.235940911,     0.04577894561
          0,           0,         418,      -5.960283849,     0.06140632763,       1.243253233,     0.04700017725
          0,           0,         419,      -5.962737092,     0.06281593089,       1.250376866,     0.04808944275
          0,           0,         420,      -5.963524434,     0.06420295319,       1.257282605,     0.04904222781
          0,           0,         421,      -5.961497939,     0.06556154904,       1.263943114,     0.04985549847
          0,           0,         422,      -5.963580459,     0.06688605078,       1.270334006,     0.05052758665
          0,           0,         423,      -5.960412614,     0.06817180685,         1.2764317,     0.05105852686
          0,           0,         424,      -5.959659688,     0.06941415153,       1.282217089,     0.05144956039
          0,           0,         425,      -5.955516347,     0.07060927283,       1.287671864,     0.05170330254
          0,           0,         426,      -5.952434634,     0.07175310003,       1.292778895,     0.05182215728
          0,           0,         427,      -5.948292369,     0.07284108408,       1.297519503,     0.05180728726
          0,           0,         428,      -5.947178286,     0.07386789607,       1.301873897,     0.05165822555
          0,           0,         429,       -5.94404053,     0.07482801599,       1.305821845,     0.05137401888
          0,           0,         430,       -5.94138796,     0.07571529753,       1.309344415,     0.05095307883
          0,           0,         431,      -5.937846439,     0.07652399357,       1.312423839,     0.05039433714
          0,           0,         432,      -5.934037696,      0.0772488396,       1.315045232,     0.04969770768
          0,           0,         433,      -5.933619162,      0.0778857099,        1.31719718,      0.0488649084
          0,           0,         434,      -5.933550619,     0.07843144354,        1.31887288,      0.0478996759
          0,           0,         435,      -5.932339772,     0.07888418407,       1.320069684,     0.04680759205
          0,           0,         436,      -5.932806416,     0.07924300177,       1.320788447,     0.04559567833
          0,           0,         437,      -5.933617653,     0.07950759039,       1.321033078,     0.04427194835
          0,           0,         438,      -5.932931313,     0.07967818057,       1.320808875,     0.04284496897
          0,           0,         439,       -5.93566953,     0.07975498424,       1.320123421,     0.04132314631
          0,           0,         440,      -5.902524996,     0.07973854575,        1.31898455,      0.0397148048
          0,           0,         441,       -5.91547219,     0.07962953836,       1.317401145,     0.03802804972
          0,           0,         442,      -5.941582781,     0.07942870077,       1.315383303,     0.03627076191
          0,           0,         443,      -5.951288281,     0.07913711059,       1.312942496,     0.03445082737
          0,           0,         444,      -5.956542682,     0.07875644342,        1.31009253,     0.03257651053
          0,           0,         445,      -5.962906917,      0.0782888607,       1.306849296,     0.03065672962
          0,           0,         446,      -5.969178251,     0.07773704962,       1.303230993,     0.02870078715
          0,           0,         447,      -5.975735126,     0.07710400784,       1.299256523,     0.02671804813
          0,           0,         448,      -5.982555243,     0.07639261686,       1.294945506,     0.02471721236
          0,           0,         449,      -5.989523946,     0.07560577852,       1.290317085,     0.02270607977
          0,           0,         450,      -5.996508851,      0.0747456264,       1.285390415,     0.02069147786
          0,           0,         451,      -6.003657992,     0.07381468911,       1.280185402,     0.01867959481
          0,           0,         452,      -6.010822573,     0.07281592982,       1.274721637,     0.01667686425
          0,           0,         453,      -6.018233709,     0.07175293651,       1.269021518,     0.01469015585
          0,           0,         454,       -6.02534897,     0.07063030861,       1.263108695,     0.01272719767
          0,           0,         455,      -6.032296772,     0.06945224027,       1.257009474,     0.01079608219
          0,           0,         456,      -6.039142569,      0.0682239802,       1.250751376,    0.008905095974
          0,           0,         457,      -6.045625745,     0.06695101409,       1.244361067,    0.007062639264
          0,           0,         458,      -6.051509649,     0.06563855436,       1.237867237,    0.005276528079
          0,           0,         459,      -6.058474731,     0.06429215776,       1.231296301,    0.003554089932
          0,           0,         460,       -6.06234903,     0.06291705359,        1.22467564,    0.001901614254
          0,           0,         461,      -6.068805531,     0.06151803974,       1.218031514,   0.0003248074801
          0,           0,         462,      -6.072025888,     0.06009957823,       1.211389587,   -0.001171278866
          0,           0,         463,      -6.079283026,      0.0586664533,       1.204773855,   -0.002581989056
          0,           0,         464,      -6.084770758,      0.0572230337,       1.198210675,   -0.003903393016
          0,           0,         465,      -6.089761617,     0.05577422674,       1.191724773,   -0.005131564557
          0,           0,         466,      -6.093170369,     0.05432535077,       1.185341208,    -0.00626294059
          0,           0,         467,      -6.097322649,     0.05288140886,       1.179086167,   -0.007294464663
          0,           0,         468,      -6.101284738,     0.05144813461,       1.172983653,   -0.008222962268
          0,           0,         469,      -6.104597362,     0.05003131116,       1.167058239,   -0.009045736604
          0,           0,         470,      -6.107900044,     0.04863655403,       1.161333935,   -0.009760385019
          0,           0,         471,      -6.110610393,     0.04726958384,         1.1558332,    -0.01036486962
          0,           0,         472,       -6.11349653,     0.04593555512,       1.150578302,    -0.01085805296
          0,           0,         473,      -6.115978464,     0.04463972364,       1.145589077,    -0.01123908247
          0,           0,         474,      -6.118287914,     0.04338725458,       1.140884179,    -0.01150750641
          0,           0,         475,      -6.120324037,     0.04218299629,       1.136481525,    -0.01166342954
          0,           0,         476,      -6.122184794,      0.0410314168,       1.132398087,    -0.01170761322
          0,           0,         477,      -6.123686806,     0.03993684701,       1.128648707,    -0.01164133251
          0,           0,         478,      -6.125105332,      0.0389033738,       1.125246774,    -0.01146639195
          0,           0,         479,      -6.126321344,     0.03793452964,       1.122204959,    -0.01118506264
          0,           0,         480,       -6.12731675,     0.03703356277,       1.119534634,     -0.0107999647
          0,           0,         481,      -6.127920416,     0.03620365466,       1.117245111,    -0.01031415071
          0,           0,         482,      -6.128249512,     0.03544774669,       1.115344077,   -0.009730944451
          0,           0,         483,      -6.128134438,     0.03476848873,       1.113837882,   -0.009053908427
          0,           0,         484,      -5.957706752,     0.03416813852,       1.112731904,    -0.00828710277
          0,           0,         485,      -5.978784461,     0.03364867015,       1.112029757,   -0.007434801212
          0,           0,         486,        -6.0997346,     0.03321218813,        1.11173372,   -0.006501325584
          0,           0,         487,       -6.11484561,     0.03286026553,       1.111845282,     -0.0054911644
          0,           0,         488,      -6.120678622,     0.03259410925,       1.112364671,   -0.004408784298
          0,           0,         489,      -6.074367678,     0.03241517013,       1.113290263,   -0.003258934353
          0,           0,         490,       -6.04411577,     0.03232441868,       1.114618714,   -0.002045893646
          0,           0,         491,      -6.113683233,     0.03232253592,       1.116345775,  -0.0007741387249
          0,           0,         492,      -6.115647105,     0.03240996619,       1.118465148,   0.0005517466682
          0,           0,         493,      -6.115196672,     0.03258664001,       1.120969611,    0.001926812048
          0,           0,         494,      -6.114369359,     0.03285212407,       1.123849509,    0.003346055561
          0,           0,         495,      -6.111965237,     0.03320523762,        1.12709533,    0.004804038715
          0,           0,         496,      -6.109281068,     0.03364501298,        1.13069432,    0.006295472938
          0,           0,         497,      -6.108456032,     0.03416985489,       1.134632887,    0.007814846416
          0,           0,         498,      -6.107232675,      0.0347775332,       1.138896879,    0.009356287685
          0,           0,         499,      -6.106026621,     0.03546557197,       1.143469333,     0.01091387158
          0,           0,         500,      -6.103593834,     0.03623056434,       1.148332884,     0.01248121864
          0,           0,         501,      -6.103293545,     0.03706954567,       1.153466986,     0.01405221814
          0,           0,         502,      -6.102603904,     0.03797847527,       1.158851552,     0.01562069691
          0,           0,         503,      -6.102463016,     0.03895326662,        1.16446453,     0.01718089315
          0,           0,         504,      -6.101991773,     0.03998957991,       1.170284131,     0.01872713712
          0,           0,         505,      -6.102035167,     0.04108252884,       1.176286995,     0.02025414109
          0,           0,         506,      -6.102562078,     0.04222792502,       1.182448482,     0.02175684588
          0,           0,         507,      -6.103007174,     0.04342074715,       1.188745459,     0.02322983503
          0,           0,         508,       -6.10401055,     0.04465580181,       1.195153882,     0.02466770601
          0,           0,         509,      -6.105461454,     0.04592760467,       1.201649052,      0.0260652482
          0,           0,         510,      -6.107155872,     0.04723032429,       1.208205039,      0.0274177446
          0,           0,         511,       -6.10946195,     0.04855800778,       1.214794702,     0.02872101645
          0,           0,         512,      -6.112247339,     0.04990476263,       1.221390928,     0.02997118894
          0,           0,         513,       -6.11522415,     0.05126450433,       1.227966544,     0.03116466287
          0,           0,         514,       -6.11844829,     0.05263071781,       1.234494301,     0.03229792042
          0,           0,         515,      -6.122294948,     0.05399651312,       1.240947459,     0.03336712128
          0,           0,         516,      -6.126571016,     0.05535479145,       1.247299385,      0.0343680718
          0,           0,         517,      -6.131377049,     0.05669868852,       1.253522272,     0.03529657978
          0,           0,         518,      -6.136588587,     0.05802132715,       1.259589006,     0.03614846882
          0,           0,         519,      -6.142100314,      0.0593159482,         1.2654741,     0.03691997081
          0,           0,         520,      -6.148202603,     0.06057634733,       1.271153035,     0.03760820024
          0,           0,         521,       -6.15476965,     0.06179641071,       1.276603617,     0.03821103737
          0,           0,         522,      -6.161681041,     0.06297041858,       1.281805753,     0.03872715906
          0,           0,         523,      -6.168935684,     0.06409317302,       1.286740063,     0.03915618166
          0,           0,         524,      -6.176406721,     0.06515946852,       1.291389679,     0.03949793241
          0,           0,         525,      -6.184215861,     0.06616434769,       1.295737898,     0.03975240361
          0,           0,         526,      -6.191993412,       0.067103041,        1.29976939,     0.03991942004
          0,           0,         527,      -6.200060972,     0.06797080733,       1.303469177,     0.03999866972
          0,           0,         528,      -6.207968347,     0.06876320656,       1.306823794,     0.03998975819
          0,           0,         529,      -6.215207814,     0.06947626606,       1.309820626,     0.03989257362
          0,           0,         530,      -6.221603075,     0.07010632288,        1.31244991,     0.03970743074
          0,           0,         531,      -6.230148006,     0.07065051858,       1.314703409,     0.03943547322
          0,           0,         532,      -6.236751703,     0.07110660289,       1.316575485,     0.03907855926
          0,           0,         533,      -6.242532389,      0.0714726775,       1.318063155,     0.03863905956
          0,           0,         534,      -6.247406268,     0.07174748655,       1.319164637,     0.03811985474
          0,           0,         535,      -6.251240155,     0.07193020487,       1.319879936,     0.03752397961
          0,           0,         536,      -6.254012489,     0.07202004361,       1.320211053,      0.0368541938
          0,           0,         537,      -6.255844778,     0.07201668553,       1.320160088,      0.0361131096
          0,           0,         538,      -6.255926957,     0.07192007546,       1.319729905,     0.03530310176
          0,           0,         539,      -6.255612737,     0.07173044235,       1.318925481,     0.03442642857
          0,           0,         540,      -6.253684523,     0.07144857401,       1.317753366,     0.03348577563
          0,           0,         541,      -6.251050594,     0.07107596826,       1.316221363,     0.03248445766
          0,           0,         542,      -6.247269383,     0.07061463691,       1.314339505,      0.0314262247
          0,           0,         543,      -6.242500365,     0.07006684806,       1.312120508,     0.03031511284
          0,           0,         544,      -6.236926347,     0.06943552029,       1.309577121,     0.02915570044
          0,           0,         545,      -6.231038163,     0.06872385622,       1.306723996,     0.02795261462
          0,           0,         546,      -6.225341368,     0.06793528356,       1.303577696,     0.02671025266
          0,           0,         547,       -6.21809491,     0.06707393267,       1.300154093,     0.02543303575
          0,           0,         548,      -6.211511627,     0.06614354458,       1.296470217,     0.02412509299
          0,           0,         549,      -6.206150016,     0.06514828699,       1.292544221,     0.02279047629
          0,           0,         550,      -6.199934726,      0.0640929644,       1.288395002,     0.02143349502
          0,           0,         551,      -6.193929238,     0.06298242938,       1.284042022,     0.02005881962
          0,           0,         552,      -6.188209202,     0.06182208624,       1.279505019,     0.01867145892
          0,           0,         553,      -6.183070141,     0.06061646125,       1.274805297,     0.01727649998
          0,           0,         554,      -6.178372158,     0.05937105259,       1.269963429,     0.01587928228
          0,           0,         555,      -6.174281414,     0.05809134145,       1.265001362,     0.01448484343
          0,           0,         556,      -6.170732999,     0.05678300472,       1.259941745,     0.01309790523
          0,           0,         557,      -6.167844521,     0.05545198383,       1.254806769,     0.01172304862
          0,           0,         558,      -6.165652136,     0.05410429657,       1.249619311,     0.01036459823
          0,           0,         559,      -6.164322208,      0.0527458062,       1.244402215,    0.009026977148
          0,           0,         560,      -6.163540211,     0.05138270526,       1.239178402,    0.007714959214
          0,           0,         561,      -6.163751226,     0.05002128535,        1.23397112,     0.00643354721
          0,           0,         562,      -6.164446716,     0.04866771104,       1.228803389,    0.005187810017
          0,           0,         563,      -6.166176407,     0.04732798137,       1.223697659,    0.003982612997
          0,           0,         564,      -6.168520371,     0.04600795771,       1.218674839,     0.00282255954
          0,           0,         565,       -6.03988904,     0.04471325597,       1.213755454,    0.001711883156
          0,           0,         566,      -5.970251462,     0.04344915984,       1.208959045,   0.0006542954078
          0,           0,         567,       -6.15351723,      0.0422207679,       1.204303591,  -0.0003468303868
          0,           0,         568,      -6.177697022,     0.04103289859,       1.199806237,   -0.001288424501
          0,           0,         569,      -6.189543276,     0.03989001731,       1.195484012,   -0.002167651863
          0,           0,         570,      -6.197288367,     0.03879661401,       1.191352423,   -0.002981418604
          0,           0,         571,      -6.204759398,     0.03775718414,       1.187426611,   -0.003726588721
          0,           0,         572,      -6.212314974,     0.03677594989,       1.183720355,   -0.004399977418
          0,           0,         573,      -6.220432828,     0.03585663271,       1.180244885,   -0.004998832727
          0,           0,         574,      -6.212702674,     0.03500315661,       1.177015639,    -0.00552021666
          0,           0,         575,      -6.224549777,     0.03421795122,       1.174042169,   -0.005962226095
          0,           0,         576,      -6.236846377,     0.03350371525,       1.171333254,   -0.006322966261
          0,           0,         577,      -6.250950045,     0.03286261025,       1.168897256,   -0.006601027803
          0,           0,         578,      -6.261837391,     0.03229617256,       1.166740713,   -0.006795575888
          0,           0,         579,      -6.270642146,     0.03180585034,       1.164867664,   -0.006906114667
          0,           0,         580,      -6.278158808,     0.03139222146,       1.163281742,   -0.006932597891
          0,           0,         581,      -6.285111639,     0.03105554913,       1.161985498,   -0.006875253748
          0,           0,         582,      -6.290614867,     0.03079603754,       1.160979193,   -0.006734544623
          0,           0,         583,      -6.295988816,      0.0306134192,       1.160262914,   -0.006511212779
          0,           0,         584,      -6.299543806,     0.03050709398,       1.159836598,   -0.006206093619
          0,           0,         585,      -6.302215036,     0.03047658287,       1.159698743,   -0.005819958559
          0,           0,         586,      -6.302909921,     0.03052101563,       1.159846719,   -0.005353851857
          0,           0,         587,      -6.303735536,     0.03063893569,       1.160277189,   -0.004809530901
          0,           0,         588,      -6.302384927,     0.03082834083,       1.160985138,   -0.004189243578
          0,           0,         589,       -6.30034461,      0.0310872674,        1.16196354,   -0.003495397676
          0,           0,         590,      -6.296915117,     0.03141313845,        1.16320534,   -0.002730931651
          0,           0,         591,      -6.293070278,      0.0318031837,       1.164701936,   -0.001899081958
          0,           0,         592,       -6.28812037,     0.03225442366,        1.16644414,   -0.001003238238
          0,           0,         593,      -6.282708035,     0.03276395042,       1.168421856,   -4.67202092e-05
          0,           0,         594,      -6.276672153,     0.03332827414,       1.170626551,   0.0009667007888
          0,           0,         595,      -6.270791593,     0.03394411372,        1.17304813,    0.002033247883
          0,           0,         596,      -6.264367365,     0.03460793674,       1.175675824,    0.003148877685
          0,           0,         597,      -6.258042514,     0.03531622321,       1.178497693,    0.004309174163
          0,           0,         598,      -6.251624505,     0.03606491429,       1.181500491,    0.005509373382
          0,           0,         599,      -6.245536962,      0.0368498949,         1.1846706,    0.006744510009
          0,           0,         600,      -6.239430182,     0.03766711248,       1.187994015,    0.008009570582
          0,           0,         601,      -6.233693687,     0.03851241861,       1.191456407,    0.009299437806
          0,           0,         602,      -6.228753494,      0.0393813098,        1.19504363,     0.01060883468
          0,           0,         603,      -6.224636642,     0.04027002993,       1.198740586,     0.01193257652
          0,           0,         604,      -6.220688656,     0.04117433524,        1.20253228,     0.01326526754
          0,           0,         605,      -6.217020221,     0.04208991097,       1.206403482,     0.01460130333
          0,           0,         606,      -6.213941729,     0.04301243739,       1.210338916,     0.01593487445
          0,           0,         607,      -6.211411499,     0.04393758178,         1.2143227,     0.01726002621
          0,           0,         608,      -6.209500989,     0.04486093587,       1.218339903,     0.01857066706
          0,           0,         609,      -6.207997678,     0.04577858551,       1.222375864,     0.01986112599
          0,           0,         610,      -6.207287472,     0.04668740582,       1.226415754,     0.02112630634
          0,           0,         611,      -6.201348228,     0.04758412673,       1.230445841,      0.0223613996
          0,           0,         612,      -6.201820021,     0.04846542152,       1.234453736,     0.02356178805
          0,           0,         613,      -6.207254936,     0.04932830042,       1.238426788,     0.02472321731
          0,           0,         614,      -6.209205565,     0.05016985898,       1.242352555,     0.02584153169
          0,           0,         615,       -6.20232527,      0.0509871044,       1.246219208,     0.02691257432
          0,           0,         616,      -6.212079416,     0.05177719849,       1.250015015,     0.02793226073
          0,           0,         617,      -6.208782878,     0.05253757811,       1.253728255,     0.02889673138
          0,           0,         618,      -6.219442794,     0.05326583131,       1.257348733,     0.02980239284
          0,           0,         619,      -6.223827478,     0.05396012408,       1.260866586,     0.03064618774
          0,           0,         620,      -6.217657801,     0.05461900145,       1.264272237,     0.03142535681
          0,           0,         621,      -6.222386535,     0.05524095908,       1.267556437,     0.03213719376
          0,           0,         622,      -6.237826175,     0.05582450883,       1.270710148,     0.03277904706
          0,           0,         623,      -6.243601335,     0.05636813619,       1.273724521,     0.03334830586
          0,           0,         624,      -6.250151394,     0.05687015895,       1.276591162,     0.03384249196
          0,           0,         625,      -6.256655074,     0.05732926053,       1.279301962,     0.03425950429
          0,           0,         626,      -6.263502527,     0.05774427538,       1.281849353,     0.03459747301
          0,           0,         627,      -6.270578844,     0.05811436832,       1.284227033,     0.03485497108
          0,           0,         628,      -6.277829624,      0.0584391133,       1.286430196,     0.03503130328
          0,           0,         629,      -6.285846224,     0.05871860008,        1.28845474,     0.03512665783
          0,           0,         630,      -6.293530281,      0.0589531784,       1.290298027,     0.03514189987
          0,           0,         631,      -6.302100413,     0.05914314244,       1.291958541,     0.03507839503
          0,           0,         632,      -6.310068237,     0.05928910712,       1.293435469,     0.03493799709
          0,           0,         633,      -6.318869645,     0.05939178998,       1.294727949,     0.03472289929
          0,           0,         634,      -6.326952912,     0.05945194434,       1.295835521,     0.03443544196
          0,           0,         635,      -6.335857973,     0.05947013299,       1.296758741,     0.03407774248
          0,           0,         636,      -6.303698103,     0.05944704972,        1.29749752,     0.03365183714
          0,           0,         637,      -6.332199442,     0.05938348053,       1.298051465,     0.03315983935
          0,           0,         638,      -6.357242365,     0.05928039901,       1.298420952,     0.03260420628
          0,           0,         639,       -6.36585662,     0.05913877862,       1.298607386,      0.0319878781
          0,           0,         640,      -6.373383664,     0.05895974041,       1.298613095,     0.03131431947
          0,           0,         641,      -6.378209538,     0.05874448035,       1.298441475,     0.03058731937
          0,           0,         642,      -6.380362593,     0.05849429474,       1.298096349,     0.02981109722
          0,           0,         643,      -6.382389334,      0.0582107157,       1.297580862,     0.02898914305
          0,           0,         644,       -6.37851771,      0.0554231478,       1.308859823,     0.03662539095
          0,           0,         645,      -4.016324577,     0.05417573198,       1.313784634,     0.03985512349
          0,           0,         646,      -4.393859977,     0.05287870088,       1.317777062,     0.04248705715
          0,           0,         647,      -4.612043241,     0.05174303514,       1.317344425,     0.04199246896
          0,           0,         648,      -4.607973814,     0.05091082877,       1.311036215,     0.03733587474
          0,           0,         649,       -4.20053289,     0.05038345252,       1.299591403,     0.02907099086
          0,           0,         650,        -4.8162061,      0.0500397217,       1.285002431,     0.01865463254
          0,           0,         651,      -5.077475537,     0.04973265349,       1.269228109,    0.007512188281
          0,           0,         652,      -5.215547755,      0.0493523743,        1.25420858,     -0.0029425466
          0,           0,         653,      -5.297516012,     0.04885275722,       1.241455203,    -0.01160640034
          0,           0,         654,      -5.347754817,     0.04823959111,       1.231875621,    -0.01781650174
          0,           0,         655,      -5.359153106,     0.04754872542,       1.225641553,     -0.0214498401
          0,           0,         656,       -5.35662799,     0.04682128559,       1.222378737,    -0.02278605417
          0,           0,         657,      -5.344594979,     0.04609298301,        1.22142235,     -0.0223211362
          0,           0,         658,      -5.329926788,     0.04539059358,       1.221875097,    -0.02072625416
          0,           0,         659,      -5.321099975,     0.04471478568,       1.223062478,    -0.01851015656
          0,           0,         660,      -5.318624322,     0.04406374261,       1.224622355,    -0.01595591299
          0,           0,         661,       -5.32418754,     0.04342565431,       1.226269318,    -0.01328860823
          0,           0,         662,      -5.339026945,     0.04278436172,       1.227903945,    -0.01059584945
          0,           0,         663,      -5.360078653,     0.04212328335,       1.229448265,    -0.00794553543
          0,           0,         664,      -5.387762707,      0.0414314155,       1.230838082,   -0.005393640086
          0,           0,         665,      -5.419062839,     0.04070342609,       1.232029944,   -0.002977722586
          0,           0,         666,      -5.451831979,     0.03993982499,       1.232993122,  -0.0007230551083
          0,           0,         667,      -5.478785849,     0.03915075772,       1.233728037,    0.001366782567
          0,           0,         668,      -5.498285162,     0.03835148956,          1.234209,    0.003271477724
          0,           0,         669,      -5.510851836,     0.03756029953,       1.234412989,    0.004973949891
          0,           0,         670,      -5.517087094,     0.03679549321,       1.234334648,    0.006470777507
          0,           0,         671,      -5.519960888,     0.03607541346,       1.233975646,    0.007762690882
          0,           0,         672,      -5.522605696,     0.03541684061,       1.233349558,    0.008858869606
          0,           0,         673,      -5.517771043,     0.03483077809,       1.232507222,    0.009794840656
          0,           0,         674,      -5.528180008,     0.03432533578,       1.231444328,      0.0105650163
          0,           0,         675,      -5.543479912,     0.03390298687,       1.230172116,     0.01117519255
          0,           0,         676,      -5.559687373,      0.0335624666,       1.228715866,     0.01164084032
          0,           0,         677,      -5.578555009,     0.03329944271,       1.227124425,     0.01199053325
          0,           0,         678,       -5.60043312,       0.033105992,       1.225458091,     0.01225939876
          0,           0,         679,      -5.627962603,     0.03297063869,       1.223725773,     0.01244512859
          0,           0,         680,      -5.660510687,      0.0328806107,       1.221934375,     0.01254296126
          0,           0,         681,      -5.696125367,     0.03282448219,       1.220158032,     0.01259581031
          0,           0,         682,      -5.730367446,     0.03279234695,       1.218418069,     0.01260811675
          0,           0,         683,      -5.678627163,     0.03277719401,       1.216738185,     0.01258435124
          0,           0,         684,      -5.721166341,     0.03277266163,       1.215147091,     0.01253320367
          0,           0,         685,      -5.651919721,     0.03277416163,       1.213682548,     0.01246943455
          0,           0,         686,      -5.599913661,     0.03277731777,       1.212377002,     0.01240381627
          0,           0,         687,      -5.530225228,     0.03277892278,       1.211280007,     0.01235990141
          0,           0,         688,      -5.489669705,     0.03277662565,       1.210420534,     0.01234726963
          0,           0,         689,      -5.367475704,     0.03276332002,       1.209864185,     0.01240417502
          0,           0,         690,      -5.408571716,     0.03266758756,       1.209949865,     0.01276464619
          0,           0,         691,      -4.670221683,     0.03217103754,       1.212129754,     0.01445515233
          0,           0,         692,      -4.362748878,     0.03096361149,       1.217793452,     0.01846004439
          0,           0,         693,      -4.420362636,     0.02903236914,       1.227014873,     0.02483566486
          0,           0,         694,      -4.516517306,     0.02669060859,       1.238381865,     0.03258819373
          0,           0,         695,      -4.501130588,     0.02436361799,       1.249878753,     0.04029636909
          0,           0,         696,      -4.962662735,     0.02236621136,       1.260051516,     0.04694110019
          0,           0,         697,       -5.12799651,     0.02084983347,       1.268084521,     0.05195714677
          0,           0,         698,      -5.122638987,     0.01984359014,       1.273917501,     0.05532136913
          0,           0,         699,      -5.096117731,     0.01933085991,       1.277692099,     0.05715287355
          0,           0,         700,      -5.133533024,     0.01929191611,       1.279538993,     0.05756256124
          0,           0,         701,       -5.50314275,     0.01971276859,       1.279564661,     0.05664587524
          0,           0,         702,      -5.556330219,      0.0205769459,       1.277910221,     0.05452220872
          0,           0,         703,      -5.531891113,     0.02186234917,       1.274794929,     0.05136530783
          0,           0,         704,      -5.428280236,     0.02352610109,       1.270466027,     0.04736375796
          0,           0,         705,      -5.406118395,     0.02550110253,       1.265287967,     0.04278449075
          0,           0,         706,      -5.281938298,     0.02768118311,       1.259788035,      0.0380051174
          0,           0,         707,      -5.199509231,     0.02992234963,       1.254586722,     0.03346313092
          0,           0,         708,      -5.181796935,     0.03206111508,       1.250329467,     0.02960865917
          0,           0,         709,      -5.327232159,     0.03395590961,       1.247523735,     0.02679092059
          0,           0,         710,      -5.263481261,     0.03553759633,       1.246377272,     0.02514505121
          0,           0,         711,       -5.50399204,     0.03684505064,       1.246667032,     0.02450106311
          0,           0,         712,      -5.524868719,     0.03800700112,       1.247809336,     0.02443526352
          0,           0,         713,      -5.608577106,     0.03915723949,       1.249220118,     0.02452460263
          0,           0,         714,      -5.336595551,     0.04035942296,       1.250611697,     0.02455756266
          0,           0,         715,      -5.573356226,      0.0416053024,       1.251977228,     0.02452307992
          0,           0,         716,      -5.770779186,     0.04285199635,       1.253467251,     0.02452318244
          0,           0,         717,      -5.779082821,     0.04405622307,       1.255246253,     0.02467279163
          0,           0,         718,      -5.795906028,     0.04519141418,       1.257385407,     0.02502280461
          0,           0,         719,      -5.824871214,     0.04624585484,       1.259820984,     0.02552949646
          0,           0,         720,      -5.858188992,     0.04721553393,       1.262483931,      0.0261501059
          0,           0,         721,      -5.890630493,     0.04810122148,       1.265290402,     0.02683412285
          0,           0,         722,      -5.922158031,     0.04890612208,       1.268152017,     0.02752882886
          0,           0,         723,      -5.949977705,     0.04963460694,       1.270968568,     0.02817464307
          0,           0,         724,      -5.973532254,     0.05029035099,       1.273673921,     0.02873844942
          0,           0,         725,      -5.989952515,     0.05087688176,       1.276221473,     0.02920171347
          0,           0,         726,      -5.998974244,     0.05139965343,       1.278572118,     0.02955075999
          0,           0,         727,      -5.988423121,      0.0518667851,       1.280695418,     0.02977794307
          0,           0,         728,      -5.586771268,     0.05228603701,       1.282578446,      0.0298865899
          0,           0,         729,      -5.572216161,     0.05266639756,       1.284194192,     0.02986852866
          0,           0,         730,      -5.531043803,     0.05301514128,        1.28553981,     0.02973059302
          0,           0,         731,      -5.484608872,     0.05333854451,       1.286612033,      0.0294771362
          0,           0,         732,      -5.453498162,     0.05363537548,       1.287437851,      0.0291319158
          0,           0,         733,      -5.430901691,     0.05397109922,       1.287742953,     0.02850254269
          0,           0,         734,      -5.198966146,      0.0544133812,       1.287252055,     0.02739401306
          0,           0,         735,      -5.228109107,     0.05494641393,       1.286075232,     0.02588334353
          0,           0,         736,      -5.334514861,     0.05546907193,       1.284699124,      0.0243130467
          0,           0,         737,      -5.276452826,     0.05585140524,        1.28372856,     0.02310807415
          0,           0,         738,      -5.385983096,     0.05554851505,       1.285626134,     0.02400886431
          0,           0,         739,       -5.09679183,      0.0546963039,       1.289736259,     0.02654404289
          0,           0,         740,      -5.357368958,     0.05373767399,        1.29387687,     0.02915713547
          0,           0,         741,      -5.366633231,     0.05300705586,       1.296253492,     0.03056461296
          0,           0,         742,      -5.290455439,     0.05261321055,        1.29626263,     0.03033226401
          0,           0,         743,      -5.189267749,     0.05247716766,       1.294367435,      0.0287890574
          0,           0,         744,      -5.183497016,     0.05243624807,       1.291453302,     0.02656520526
          0,           0,         745,      -5.160317769,     0.05236260446,       1.288333122,     0.02424230006
          0,           0,         746,      -5.063151127,     0.05222048896,        1.28533665,      0.0220593038
          0,           0,         747,      -5.167530773,     0.05204129593,       1.282421136,     0.01998995915
          0,           0,         748,      -5.177730723,     0.05185352474,       1.279509376,     0.01798260916
          0,           0,         749,      -5.198068037,     0.05165390361,       1.276591698,     0.01603175944
          0,           0,         750,      -5.246371871,     0.05141268157,        1.27385245,     0.01427048029
          0,           0,         751,      -5.311747278,     0.05110105943,       1.271442451,     0.01280718998
          0,           0,         752,      -5.375627459,     0.05070858579,       1.269415617,     0.01168088516
          0,           0,         753,      -5.430969301,     0.05024223091,       1.267762258,     0.01088400896
          0,           0,         754,       -5.47998968,     0.04971944607,       1.266400442,     0.01035701113
          0,           0,         755,      -5.506183385,     0.04916026272,       1.265237321,     0.01003243147
          0,           0,         756,      -5.626611384,     0.04858135691,       1.264170337,    0.009834716689
          0,           0,         757,      -5.652431992,      0.0479900627,       1.263135521,    0.009714648584
          0,           0,         758,      -5.547805116,      0.0473650829,       1.262203191,     0.00971776612
          0,           0,         759,      -5.355061172,     0.04779752243,       1.256229536,    0.006187749563
          0,           0,         760,      -4.748570233,     0.04804594195,       1.250275548,    0.002695649278
          0,           0,         761,      -4.981352337,     0.04802394514,        1.24458103,  -0.0005970082385
          0,           0,         762,      -5.201437832,     0.04772418673,       1.239191883,   -0.003662420391
          0,           0,         763,       -5.21552226,     0.04710474033,       1.234634586,   -0.006124290086
          0,           0,         764,      -4.934730405,      0.0461235785,       1.231540165,   -0.007529743922
          0,           0,         765,      -5.386638139,     0.04480849804,       1.230120479,   -0.007725490406
          0,           0,         766,      -5.519730642,     0.04328332252,       1.230139224,   -0.006875553105
          0,           0,         767,      -5.548320479,     0.04171903388,       1.230990126,    -0.00540976599
          0,           0,         768,      -5.598759962,     0.04026144302,       1.232063184,   -0.003764037352
          0,           0,         769,      -5.685293749,     0.03898922831,       1.232954321,   -0.002231609767
          0,           0,         770,      -5.786185821,     0.03792002938,         1.2334426,  -0.0009786363718
          0,           0,         771,      -5.870364768,     0.03703180348,       1.233480407,  -4.873735966e-05
          0,           0,         772,      -5.916010084,     0.03628636637,       1.233173863,   0.0006253164614
          0,           0,         773,      -5.928069394,      0.0356465023,       1.232637231,    0.001117047524
          0,           0,         774,      -5.928898454,     0.03508155688,       1.231976572,    0.001495116789
          0,           0,         775,      -5.930995596,     0.03456897707,       1.231276439,    0.001813800725
          0,           0,         776,      -5.939109864,     0.03409199537,       1.230589727,    0.002105599545
          0,           0,         777,      -5.952040998,     0.03364090465,       1.229954323,    0.002393424127
          0,           0,         778,      -5.967926768,     0.03321056958,       1.229402439,    0.002696847869
          0,           0,         779,      -5.982796596,     0.03279989263,       1.228945695,    0.003021589445
          0,           0,         780,      -5.994677633,     0.03241142503,       1.228600689,    0.003377861846
          0,           0,         781,      -6.002953767,     0.03204996214,        1.22837085,    0.003767741673
          0,           0,         782,      -6.008965331,     0.03172105572,       1.228254079,    0.004190076969
          0,           0,         783,      -6.013844216,     0.03143056164,       1.228247421,    0.004642943105
          0,           0,         784,      -6.018483025,     0.03118397353,       1.228351194,    0.005126661939
          0,           0,         785,      -6.023457487,     0.03098550727,       1.228568789,    0.005644084219
          0,           0,         786,      -6.029280516,     0.03083756537,       1.228898292,     0.00619421867
          0,           0,         787,       -6.03675308,     0.03074106886,       1.229331513,    0.006771419648
          0,           0,         788,      -6.046531753,     0.03069597569,       1.229870248,      0.0073774289
          0,           0,         789,       -6.05914204,     0.03070157317,         1.2305082,    0.008008366371
          0,           0,         790,      -6.074768359,      0.0307565115,       1.231239425,    0.008660651349
          0,           0,         791,      -6.093320359,      0.0308589793,       1.232048639,     0.00932437942
          0,           0,         792,      -6.114156608,     0.03100715039,        1.23292765,    0.009994889951
          0,           0,         793,      -6.135929051,     0.03119872327,       1.233865053,     0.01066504712
          0,           0,         794,      -6.157022416,     0.03143102898,       1.234853019,     0.01133061843
          0,           0,         795,      -6.173540815,     0.03170207047,       1.235876887,     0.01198266383
          0,           0,         796,      -6.185860605,     0.03200906498,       1.236932324,     0.01261893203
          0,           0,         797,      -6.191360581,     0.03234924918,       1.238015853,     0.01323798854
          0,           0,         798,       -6.18959688,     0.03272010568,        1.23912679,       0.013840623
          0,           0,         799,      -6.180391362,     0.03311880315,       1.240263953,     0.01442687163
          0,           0,         800,      -6.163886756,     0.03354232458,       1.241427339,     0.01499715497
          0,           0,         801,      -6.147558378,     0.03398763311,       1.242612699,     0.01554859731
          0,           0,         802,      -6.131569391,      0.0344521302,       1.243819568,     0.01608115643
          0,           0,         803,      -6.000291457,     0.03493262264,       1.245045148,     0.01659247805
          0,           0,         804,      -6.031559532,     0.03542608852,       1.246288721,     0.01708189843
          0,           0,         805,      -6.074516988,     0.03592928179,       1.247546939,     0.01754670013
          0,           0,         806,      -6.091118568,     0.03643868482,       1.248815148,     0.01798327925
          0,           0,         807,      -6.090912599,     0.03695064498,       1.250089895,     0.01838952712
          0,           0,         808,      -6.096972957,     0.03746172895,        1.25136425,     0.01876185602
          0,           0,         809,      -6.105337317,     0.03796900689,       1.252632272,     0.01909796958
          0,           0,         810,      -6.117773848,     0.03847041265,       1.253892459,     0.01939940125
          0,           0,         811,      -6.133885131,     0.03896397949,       1.255147097,     0.01967088214
          0,           0,         812,       -6.15351552,     0.03944817423,       1.256393029,      0.0199139948
          0,           0,         813,      -6.176239254,     0.03992146374,       1.257630326,     0.02013356629
          0,           0,         814,      -6.201754098,     0.04038281065,        1.25885349,     0.02033100423
          0,           0,         815,      -6.229134722,     0.04083137822,       1.260058556,     0.02050928007
          0,           0,         816,      -6.257760977,     0.04126647574,       1.261238408,     0.02066933965
          0,           0,         817,      -6.286340185,     0.04168620694,        1.26239026,     0.02081529608
          0,           0,         818,      -6.307770319,     0.04209107049,       1.263508821,     0.02094949435
          0,           0,         819,      -6.322785611,     0.04248185572,       1.264590123,     0.02107477646
          0,           0,         820,      -6.290537138,     0.04284098011,       1.265631644,     0.02119216038
          0,           0,         821,      -5.998235006,     0.04319183185,       1.266621815,     0.02130056971
          0,           0,         822,      -6.070728302,      0.0435413791,       1.267556072,     0.02140107259
          0,           0,         823,      -6.281945663,     0.04388393759,        1.26843284,      0.0214941363
          0,           0,         824,      -6.297511222,      0.0442108535,       1.269251045,     0.02157911484
          0,           0,         825,      -6.256155896,     0.04451660679,       1.270009241,     0.02165527441
          0,           0,         826,       -6.34991385,     0.04479940557,       1.270707914,     0.02172209414
          0,           0,         827,      -6.377994997,     0.04505816588,       1.271349494,     0.02177977569
          0,           0,         828,      -6.387515067,     0.04529424296,       1.271935235,     0.02182742702
          0,           0,         829,      -6.392001244,     0.04550906168,       1.272465544,     0.02186306612
          0,           0,         830,      -6.395573789,     0.04570296371,          1.272942,     0.02188524372
          0,           0,         831,      -6.400123098,     0.04587533114,       1.273365683,     0.02189161841
          0,           0,         832,      -6.406077231,     0.04602522219,       1.273736709,     0.02187910997
          0,           0,         833,       -6.41387733,     0.04615192711,       1.274054421,     0.02184451722
          0,           0,         834,      -6.423175018,     0.04625493769,       1.274318191,     0.02178476051
          0,           0,         835,      -6.433727011,     0.04633419344,       1.274528768,     0.02169791147
          0,           0,         836,      -6.444496644,     0.04639023506,       1.274688841,     0.02158418761
          0,           0,         837,      -6.457657989,      0.0464240978,       1.274802761,     0.02144558432
          0,           0,         838,      -6.469783764,     0.04643719917,       1.274874074,     0.02128356565
          0,           0,         839,      -6.482600992,     0.04643129396,       1.274903939,     0.02109867478
          0,           0,         840,      -6.494892465,     0.04640828514,       1.274894304,     0.02089247811
          0,           0,         841,      -6.507109321,     0.04636978798,       1.274849555,     0.02066778113
          0,           0,         842,      -6.518576301,     0.04631734077,       1.274771034,     0.02042573694
          0,           0,         843,      -6.526868854,     0.04625234124,       1.274660843,     0.02016852946
          0,           0,         844,      -6.536207037,     0.04617593594,        1.27451905,     0.01989691133
          0,           0,         845,      -6.542196592,     0.04608896079,       1.274344693,     0.01961079706
          0,           0,         846,      -6.540600789,     0.04599211879,       1.274137137,     0.01931074571
          0,           0,         847,      -6.548676873,     0.04588590201,       1.273896847,     0.01899809295
          0,           0,         848,      -6.551556199,      0.0457705032,       1.273624972,     0.01867420959
          0,           0,         849,      -6.552938873,     0.04564635154,       1.273320656,     0.01833952151
          0,           0,         850,      -6.552542583,     0.04551383506,       1.272982883,      0.0179943338
          0,           0,         851,      -6.551014387,     0.04537333191,       1.272613082,     0.01764037189
          0,           0,         852,      -6.548900641,     0.04522533702,       1.272213435,     0.01727987386
          0,           0,         853,      -6.546541022,     0.04507037595,       1.271785692,     0.01691483405
          0,           0,         854,       -6.54407892,     0.04490902746,       1.271332696,     0.01654793556
          0,           0,         855,       -6.54160285,     0.04474167414,        1.27085671,     0.01618103129
          0,           0,         856,       -6.53988931,     0.04456871491,       1.270357884,     0.01581427874
          0,           0,         857,      -6.538517246,     0.04439053591,        1.26983905,     0.01544974333
          0,           0,         858,      -6.537433152,     0.04420753569,       1.269302265,     0.01508884556
          0,           0,         859,      -6.537423986,     0.04402006472,        1.26874913,     0.01473242204
          0,           0,         860,      -6.537705003,     0.04382844443,       1.268181934,     0.01438168919
          0,           0,         861,      -6.538627371,     0.04363295831,       1.267603164,      0.0140379516
          0,           0,         862,       -6.54048724,     0.04343378645,       1.267015189,     0.01370239613
          0,           0,         863,      -6.542738355,     0.04323094519,       1.266419953,     0.01337581338
          0,           0,         864,      -6.545659628,     0.04302447258,       1.265818342,     0.01305821757
          0,           0,         865,      -6.548993446,     0.04281456084,       1.265212379,      0.0127505193
          0,           0,         866,      -6.552855221,     0.04260164472,       1.264605033,     0.01245436687
          0,           0,         867,      -6.557387449,     0.04238621973,       1.263999678,     0.01217162303
          0,           0,         868,      -6.562126321,     0.04216869141,        1.26339962,     0.01190417243
          0,           0,         869,      -6.567348018,     0.04194938347,       1.262807365,     0.01165350028
          0,           0,         870,       -6.57279379,      0.0417285254,       1.262224784,     0.01142071078
          0,           0,         871,      -6.578460109,     0.04150634737,       1.261653252,      0.0112066407
          0,           0,         872,      -6.584546946,     0.04128309886,       1.261093919,     0.01101207111
          0,           0,         873,      -6.590710722,     0.04105907666,        1.26054831,     0.01083814734
          0,           0,         874,      -6.596904371,      0.0408346214,       1.260017627,     0.01068578211
          0,           0,         875,      -6.603062877,      0.0406101456,       1.259502692,     0.01055550909
          0,           0,         876,      -6.609075872,     0.04038618461,       1.259004782,      0.0104481631
          0,           0,         877,      -6.615117293,     0.04016335813,       1.258525029,     0.01036437258
          0,           0,         878,      -6.620613051,     0.03994229327,       1.258064314,     0.01030469565
          0,           0,         879,      -6.625950919,     0.03972347972,       1.257623319,     0.01026932595
          0,           0,         880,      -6.630898708,     0.03950735238,       1.257202737,     0.01025819456
          0,           0,         881,      -6.635453604,     0.03929435902,        1.25680351,     0.01027122815
          0,           0,         882,      -6.639747423,     0.03908494721,       1.256426138,     0.01030815866
          0,           0,         883,      -6.637529687,      0.0388794393,       1.256071055,      0.0103682437
          0,           0,         884,      -6.641598994,     0.03867810572,       1.255738878,     0.01045054455
          0,           0,         885,      -6.648807227,      0.0384812457,       1.255430696,     0.01055425426
          0,           0,         886,      -6.652014207,     0.03828926784,       1.255147612,     0.01067857646
          0,           0,         887,      -6.654397348,     0.03810267562,       1.254890282,     0.01082237246
          0,           0,         888,      -6.655911383,     0.03792189765,       1.254659588,     0.01098437663
          0,           0,         889,      -6.657464224,     0.03774727428,        1.25445663,     0.01116331852
          0,           0,         890,      -6.658894862,     0.03757912082,       1.254282538,     0.01135786958
          0,           0,         891,      -6.659729093,     0.03741780393,       1.254138221,     0.01156658688
          0,           0,         892,      -6.660494779,     0.03726362552,       1.254024213,     0.01178757846
          0,           0,         893,      -6.660756682,      0.0371167627,       1.253941494,     0.01201908686
          0,           0,         894,       -6.66120674,     0.03697745032,       1.253891137,     0.01225966758
          0,           0,         895,      -6.661125467,     0.03684616321,       1.253873648,     0.01250773558
          0,           0,         896,      -6.661425464,      0.0367232366,       1.253890014,     0.01276169095
          0,           0,         897,      -6.660785298,     0.03660903938,       1.253941377,     0.01302011195
          0,           0,         898,      -6.661290537,     0.03650399921,       1.254029011,     0.01328185998
          0,           0,         899,      -6.660108289,      0.0364085242,       1.254153983,     0.01354587675
          0,           0,         900,      -6.662620044,      0.0363229082,       1.254317102,     0.01381091426
          0,           0,         901,      -6.663038865,      0.0362474589,       1.254518898,     0.01407564574
          0,           0,         902,      -6.662966132,     0.03618251464,       1.254759698,     0.01433875068
          0,           0,         903,      -6.664948567,     0.03612840238,        1.25503953,     0.01459889037
          0,           0,         904,      -6.667322839,     0.03608549307,       1.255358315,     0.01485489519
          0,           0,         905,      -6.670060185,     0.03605417656,       1.255715876,     0.01510559394
          0,           0,         906,      -6.669985284,     0.03603498492,        1.25611183,     0.01534991123
          0,           0,         907,      -6.675088205,     0.03602840928,       1.256545988,     0.01558705053
          0,           0,         908,      -6.675647839,     0.03603497318,       1.257018278,     0.01581657584
          0,           0,         909,      -6.681769878,     0.03605514046,       1.257528134,     0.01603795688
          0,           0,         910,      -6.682841702,     0.03608923195,       1.258074298,     0.01625024187
          0,           0,         911,      -6.688388731,     0.03613744396,       1.258655486,     0.01645253871
          0,           0,         912,      -6.688807945,     0.03619997554,       1.259270246,     0.01664408957
          0,           0,         913,      -6.697648613,     0.03627696275,       1.259916819,     0.01682417125
          0,           0,         914,      -6.697908851,     0.03636847254,        1.26059347,     0.01699226438
          0,           0,         915,      -6.705636815,     0.03647463397,       1.261298352,     0.01714804062
          0,           0,         916,      -6.706801607,     0.03659548435,       1.262029759,      0.0172914101
          0,           0,         917,      -6.706287957,     0.03673097478,       1.262785917,     0.01742247567
          0,           0,         918,      -6.710899245,     0.03688082902,       1.263564811,     0.01754129137
          0,           0,         919,        -6.7011821,     0.03704465452,       1.264364205,     0.01764789196
          0,           0,         920,      -6.700199319,     0.03722182032,       1.265181109,     0.01774213003
          0,           0,         921,      -6.726477817,     0.03741162127,       1.266011759,     0.01782367118
          0,           0,         922,      -6.726570177,      0.0376131154,        1.26685265,     0.01789210462
          0,           0,         923,      -6.732152353,     0.03782540654,       1.267700386,     0.01794742159
          0,           0,         924,      -6.731387191,     0.03804769558,       1.268551884,     0.01799004868
          0,           0,         925,      -6.736293554,     0.03827936258,       1.269404196,      0.0180208813
          0,           0,         926,      -6.734109623,     0.03851977642,       1.270254722,     0.01804119132
          0,           0,         927,      -6.568512287,      0.0387682972,       1.271101224,     0.01805247904
          0,           0,         928,      -6.546388257,     0.03902409575,       1.271941348,     0.01805618207
          0,           0,         929,      -6.708142665,     0.03928622774,       1.272771921,     0.01805351499
          0,           0,         930,      -6.730978801,     0.03955349528,       1.273589316,        0.01804541
          0,           0,         931,      -6.738615064,     0.03982449873,       1.274389618,     0.01803253508
          0,           0,         932,      -6.741533845,     0.04009768249,       1.275168458,      0.0180151837
          0,           0,         933,      -6.748793315,     0.04037123421,       1.275920995,     0.01799309468
          0,           0,         934,      -6.747963405,     0.04064323372,       1.276641882,     0.01796568426
          0,           0,         935,      -6.753238723,     0.04091180453,       1.277325785,     0.01793242636
          0,           0,         936,      -6.751906758,     0.04117509199,       1.277967728,      0.0178929554
          0,           0,         937,      -6.759057997,     0.04143131439,        1.27856358,     0.01784721722
          0,           0,         938,      -6.758351511,     0.04167884014,        1.27911017,     0.01779555419
          0,           0,         939,      -6.764176759,     0.04191626447,       1.279605014,     0.01773868102
          0,           0,         940,      -6.762996979,     0.04214233841,        1.28004611,     0.01767747472
          0,           0,         941,      -6.770761803,     0.04235595227,       1.280431681,     0.01761281627
          0,           0,         942,      -6.770378027,     0.04255603684,       1.280760413,     0.01754556795
          0,           0,         943,      -6.776574203,     0.04274149672,       1.281031496,     0.01747653561
          0,           0,         944,      -6.775007419,     0.04291131452,         1.2812442,     0.01740648813
          0,           0,         945,      -6.783659363,      0.0430644867,       1.281397968,     0.01733601779
          0,           0,         946,      -6.783411924,     0.04320002695,       1.281492462,     0.01726559153
          0,           0,         947,      -6.790200179,     0.04331692678,       1.281527776,     0.01719554481
          0,           0,         948,      -6.788474753,     0.04341426669,       1.281504241,     0.01712611911
          0,           0,         949,      -6.797022717,     0.04349124165,       1.281422318,     0.01705743804
          0,           0,         950,      -6.796882497,     0.04354707436,       1.281282569,     0.01698943489
          0,           0,         951,      -6.803031014,     0.04358106845,       1.281085928,     0.01692199374
          0,           0,         952,      -6.800800158,     0.04359264522,        1.28083365,     0.01685493519
          0,           0,         953,      -6.791039044,     0.04358130734,       1.280527322,     0.01678799957
          0,           0,         954,      -6.796719415,      0.0435468821,       1.280168771,     0.01672103943
          0,           0,         955,      -6.808065918,     0.04348933941,       1.279760332,     0.01665395137
          0,           0,         956,      -6.806623538,     0.04340882754,       1.279304686,     0.01658663712
          0,           0,         957,      -6.815607942,     0.04330559654,       1.278804595,     0.01651893178
          0,           0,         958,      -6.813406652,     0.04317997376,       1.278263166,     0.01645060127
          0,           0,         959,      -6.814074296,     0.04303238349,       1.277683682,     0.01638129178
          0,           0,         960,      -6.796356983,     0.04286344088,       1.277069343,     0.01631054602
          0,           0,         961,      -6.803583589,     0.04267382373,       1.276423652,     0.01623799023
          0,           0,         962,      -6.815877086,     0.04246433483,       1.275750065,     0.01616336209
          0,           0,         963,       -6.82208626,     0.04223597795,       1.275052172,     0.01608634392
          0,           0,         964,      -6.817274131,     0.04198980627,          1.274334,     0.01600655042
          0,           0,         965,      -6.819028138,     0.04172711781,       1.273599803,     0.01592374914
          0,           0,         966,      -6.806032856,     0.04144941688,       1.272854158,     0.01583790084
          0,           0,         967,      -6.822808347,     0.04115834678,       1.272102191,     0.01574920802
          0,           0,         968,      -6.817752468,     0.04085579342,       1.271349197,     0.01565807329
          0,           0,         969,      -6.637825657,     0.04054362541,       1.270600389,     0.01556471087
          0,           0,         970,      -6.600529487,     0.04022369425,       1.269860567,      0.0154691185
          0,           0,         971,      -6.647400823,     0.03989785995,       1.269134238,     0.01537119996
          0,           0,         972,      -6.765214188,     0.03956801352,        1.26842578,     0.01527087185
          0,           0,         973,       -6.80875329,     0.03923383445,       1.267733655,     0.01516731095
          0,           0,         974,       -6.41500716,     0.03890221269,       1.267073204,     0.01506234933
          0,           0,         975,      -6.606843441,     0.03857273632,       1.266443996,      0.0149556809
          0,           0,         976,      -6.741639555,      0.0382474559,       1.265850354,     0.01484774074
          0,           0,         977,       -6.80030811,     0.03792832396,       1.265295895,      0.0147388552
          0,           0,         978,      -6.803396739,     0.03762816866,       1.264801018,     0.01463316288
          0,           0,         979,      -5.525169291,     0.03732653369,       1.264331156,     0.01452293238
          0,           0,         980,      -5.554668803,     0.03703505706,       1.263905972,     0.01441060003
          0,           0,         981,      -5.958579247,     0.03675378545,       1.263523723,     0.01429370121
          0,           0,         982,      -6.179023808,     0.03648263204,       1.263181795,     0.01416974696
          0,           0,         983,      -6.361049528,      0.0362223074,       1.262879835,     0.01403836206
          0,           0,         984,      -6.442617085,     0.03597538568,       1.262623005,     0.01390350244
          0,           0,         985,      -6.479900477,     0.03574662167,        1.26242282,      0.0137739361
          0,           0,         986,      -6.594789589,     0.03554200312,       1.262294078,     0.01366093535
          0,           0,         987,      -6.655450497,     0.03536677605,       1.262249268,     0.01357389086
          0,           0,         988,       -6.68713345,     0.03522373183,       1.262293331,     0.01351662099
          0,           0,         989,      -6.710644233,     0.03511251467,       1.262422024,     0.01348633989
          0,           0,         990,      -6.724282893,     0.03502991398,       1.262622798,     0.01347453887
          0,           0,         991,      -6.740032651,     0.03497085332,       1.262878107,     0.01346939572
          0,           0,         992,      -6.744586523,     0.03493040446,       1.263171626,     0.01346039826
          0,           0,         993,      -6.754493823,     0.03490544834,       1.263493103,     0.01344196537
          0,           0,         994,        -6.7550145,      0.0348952311,       1.263839649,     0.01341430228
          0,           0,         995,       -6.75986722,     0.03490067008,       1.264213231,     0.01338153583
          0,           0,         996,      -6.757148294,     0.03492328707,       1.264617203,     0.01334898527
          0,           0,         997,      -6.762688102,     0.03496486323,       1.265055539,     0.01332255421
          0,           0,         998,      -6.755809432,     0.03502705123,       1.265531662,     0.01330771853
          0,           0,         999,      -6.762761942,     0.03511089935,        1.26604731,     0.01330855097
          0,           0,        1000,      -6.762255378,     0.03521661747,       1.266602039,      0.0133275921
          0,           0,        1001,      -6.769944467,     0.03534360627,       1.267193226,     0.01336594947
          0,           0,        1002,      -6.770733319,     0.03549061189,       1.267816774,     0.01342370289
          0,           0,        1003,      -6.775399727,     0.03565583794,       1.268467697,     0.01350019524
          0,           0,        1004,      -6.775225476,     0.03583725613,        1.26914021,     0.01359434403
          0,           0,        1005,       -6.78300987,     0.03603259659,       1.269828582,     0.01370477283
          0,           0,        1006,      -6.784001225,     0.03623950206,         1.2705273,     0.01383003237
          0,           0,        1007,      -6.789600131,     0.03645577883,       1.271230815,     0.01396881967
          0,           0,        1008,      -6.790862937,     0.03667920636,       1.271934082,     0.01411990915
          0,           0,        1009,      -6.801116892,     0.03690758254,       1.272632522,     0.01428214122
          0,           0,        1010,      -6.803353894,     0.03713867651,       1.273321232,     0.01445431532
          0,           0,        1011,      -6.778563038,     0.03737073426,       1.273997088,     0.01463560996
          0,           0,        1012,      -6.790031218,     0.03760161775,       1.274655914,      0.0148248523
          0,           0,        1013,      -6.819823655,     0.03782953615,       1.275294111,      0.0150209819
          0,           0,        1014,      -6.827813961,     0.03805270885,       1.275908113,     0.01522281937
          0,           0,        1015,      -6.839554169,     0.03826940843,       1.276495055,     0.01542918623
          0,           0,        1016,      -6.842865387,     0.03847796626,       1.277052263,     0.01563882257
          0,           0,        1017,      -6.857898301,      0.0386769111,       1.277577219,      0.0158504384
          0,           0,        1018,      -6.861397462,     0.03886489577,       1.278067792,     0.01606274139
          0,           0,        1019,      -6.873590221,     0.03904070075,       1.278522292,     0.01627447272
          0,           0,        1020,       -6.87460093,     0.03920328901,       1.278939428,     0.01648442059
          0,           0,        1021,      -6.890085656,     0.03935178108,       1.279318177,     0.01669139223
          0,           0,        1022,      -6.892149616,     0.03948540083,       1.279657858,     0.01689421017
          0,           0,        1023,      -6.902698468,     0.03960351497,       1.279958075,     0.01709173477
          0,           0,        1024,      -6.842581379,     0.03970554392,       1.280218579,     0.01728265258
          0,           0,        1025,      -6.881858173,     0.03979104307,       1.280439386,       0.017465593
          0,           0,        1026,      -6.886941519,     0.03985968582,       1.280620643,     0.01763914828
          0,           0,        1027,      -6.908205049,     0.03991134631,       1.280762844,     0.01780207947
          0,           0,        1028,      -6.906731893,     0.03994609296,       1.280866915,     0.01795333036
          0,           0,        1029,      -6.916253865,     0.03996412705,       1.280934315,      0.0180919457
          0,           0,        1030,       -6.90939634,     0.03996581883,       1.280966791,     0.01821713764
          0,           0,        1031,      -6.911017065,      0.0399516699,       1.280966169,     0.01832824258
          0,           0,        1032,       -6.89981789,     0.03992223694,       1.280934543,     0.01842458873
          0,           0,        1033,      -6.903389729,     0.03987815205,       1.280874118,     0.01850545397
          0,           0,        1034,      -6.893031956,     0.03982008577,       1.280786908,     0.01857017497
          0,           0,        1035,       -6.89084054,     0.03974875561,       1.280674829,     0.01861822779
          0,           0,        1036,      -6.878269507,     0.03966508872,       1.280540238,     0.01864920774
          0,           0,        1037,      -6.879532564,     0.03957012062,       1.280385715,     0.01866284825
          0,           0,        1038,      -6.868359176,     0.03946499129,       1.280214035,     0.01865910533
          0,           0,        1039,      -6.866085477,     0.03935095092,       1.280027999,     0.01863806696
          0,           0,        1040,      -6.853590911,     0.03922915634,        1.27983055,     0.01859988512
          0,           0,        1041,      -6.854636113,     0.03910094941,       1.279624354,     0.01854489162
          0,           0,        1042,      -6.844497282,     0.03896760454,       1.279412164,     0.01847354606
          0,           0,        1043,      -6.843393152,     0.03883038258,       1.279196653,     0.01838639309
          0,           0,        1044,      -6.832751498,     0.03869063667,        1.27898018,     0.01828411656
          0,           0,        1045,       -6.83510511,       0.038549661,       1.278765002,       0.018167432
          0,           0,        1046,      -6.826526786,      0.0384086848,       1.278553039,     0.01803704225
          0,           0,        1047,      -6.824445093,     0.03826896328,       1.278346011,     0.01789383694
          0,           0,        1048,       -6.81826454,     0.03813167609,       1.278145625,     0.01773881493
          0,           0,        1049,      -6.821798079,     0.03799801267,       1.277953448,     0.01757313254
          0,           0,        1050,      -6.816176379,     0.03786915179,       1.277770872,     0.01739809983
          0,           0,        1051,      -6.818240403,     0.03774615552,        1.27759925,     0.01721510549
          0,           0,        1052,      -6.812693099,     0.03762998521,       1.277439621,     0.01702550977
          0,           0,        1053,      -6.816800548,     0.03752148814,       1.277292745,     0.01683058079
          0,           0,        1054,      -6.812569019,     0.03742141092,        1.27715909,     0.01663152027
          0,           0,        1055,      -6.817217546,     0.03733038706,        1.27703887,     0.01642949563
          0,           0,        1056,      -6.813718047,     0.03724898519,       1.276932297,      0.0162257966
          0,           0,        1057,      -6.819872458,     0.03717768794,       1.276839528,     0.01602177518
          0,           0,        1058,      -6.818184877,     0.03711687132,       1.276760739,     0.01581887078
          0,           0,        1059,      -6.822895181,     0.03706677146,       1.276696044,     0.01561856691
          0,           0,        1060,      -6.821955957,     0.03702747284,       1.276645349,     0.01542225635
          0,           0,        1061,       -6.82946232,     0.03699888622,       1.276608215,     0.01523116181
          0,           0,        1062,      -6.832013283,      0.0369807744,       1.276583935,     0.01504639916
          0,           0,        1063,      -6.832807312,     0.03697278675,       1.276571669,     0.01486904538
          0,           0,        1064,      -6.838718271,     0.03697445945,       1.276570362,      0.0147000754
          0,           0,        1065,      -6.843116733,     0.03698530607,       1.276579061,     0.01454048322
          0,           0,        1066,      -6.849164486,     0.03700471198,       1.276596708,     0.01439121381
          0,           0,        1067,      -6.848032687,     0.03703192947,       1.276622101,     0.01425314892
          0,           0,        1068,      -6.858157872,     0.03706613204,       1.276653779,     0.01412712555
          0,           0,        1069,      -6.857587062,     0.03710642439,        1.27669037,     0.01401393752
          0,           0,        1070,       -6.86844121,     0.03715182157,       1.276730456,     0.01391423757
          0,           0,        1071,      -6.870871138,     0.03720130871,       1.276772576,     0.01382856173
          0,           0,        1072,       -6.87795161,     0.03725387524,       1.276815202,     0.01375734233
          0,           0,        1073,      -6.881728907,     0.03730849166,       1.276856715,      0.0137008363
          0,           0,        1074,      -6.892231089,     0.03736410545,       1.276895536,     0.01365914019
          0,           0,        1075,      -6.899882459,     0.03741964131,       1.276930167,      0.0136322006
          0,           0,        1076,      -6.894701689,     0.03747403756,       1.276959294,     0.01361988344
          0,           0,        1077,      -6.909227255,     0.03752628282,       1.276981819,     0.01362201131
          0,           0,        1078,      -6.915513003,     0.03757546351,       1.276996805,     0.01363835095
          0,           0,        1079,      -6.928174751,     0.03762070095,       1.277003498,     0.01366856052
          0,           0,        1080,      -6.928708128,     0.03766115268,       1.277001272,      0.0137121686
          0,           0,        1081,      -6.943262957,     0.03769603002,       1.276989562,      0.0137685431
          0,           0,        1082,      -6.943054898,     0.03772462174,       1.276967929,     0.01383691603
          0,           0,        1083,      -6.959380836,     0.03774625014,        1.27693609,     0.01391639527
          0,           0,        1084,      -6.966078194,     0.03776033902,        1.27689413,     0.01400614927
          0,           0,        1085,       -6.96971086,     0.03776641496,       1.276842301,     0.01410530657
          0,           0,        1086,      -6.979385576,     0.03776410587,       1.276781114,     0.01421300172
          0,           0,        1087,      -6.990554927,      0.0377531245,        1.27671121,     0.01432826232
          0,           0,        1088,      -6.999382515,     0.03773327477,       1.276633431,     0.01445005613
          0,           0,        1089,      -6.996723862,     0.03770443064,       1.276548585,     0.01457722184
          0,           0,        1090,      -7.011526705,     0.03766658339,       1.276457513,     0.01470854639
          0,           0,        1091,      -7.007238467,     0.03761981353,       1.276361216,      0.0148427772
          0,           0,        1092,       -7.02190675,     0.03756431586,       1.276260795,     0.01497864068
          0,           0,        1093,       -7.02007214,     0.03750036431,       1.276157519,     0.01511492165
          0,           0,        1094,      -7.025185334,     0.03742835733,       1.276052958,     0.01525059767
          0,           0,        1095,      -7.022659787,     0.03734874073,        1.27594872,     0.01538480557
          0,           0,        1096,      -7.029308425,     0.03726210731,       1.275846397,     0.01551664093
          0,           0,        1097,      -6.981927395,     0.03716916371,        1.27574775,     0.01564524415
          0,           0,        1098,      -6.994748819,     0.03707067732,        1.27565453,     0.01576973404
          0,           0,        1099,      -7.027697445,     0.03696748022,       1.275568331,     0.01588917141
          0,           0,        1100,       -7.02183397,     0.03686044176,       1.275490708,     0.01600265706
          0,           0,        1101,      -7.029187552,     0.03675047027,       1.275423343,     0.01610942275
          0,           0,        1102,      -7.014772354,     0.03663852046,       1.275367985,     0.01620883868
          0,           0,        1103,      -7.022760188,     0.03652558631,       1.275326281,     0.01630035623
          0,           0,        1104,      -7.011258253,      0.0364127415,       1.275299818,     0.01638358319
          0,           0,        1105,      -7.016520419,     0.03630116537,       1.275290217,     0.01645833868
          0,           0,        1106,       -7.01293378,     0.03619208537,       1.275299092,     0.01652456766
          0,           0,        1107,      -7.004662447,     0.03608667844,       1.275327988,      0.0165822854
          0,           0,        1108,      -7.008926475,     0.03598599737,       1.275378066,     0.01663146862
          0,           0,        1109,      -7.005156425,     0.03589099789,        1.27545008,     0.01667204166
          0,           0,        1110,      -7.009041146,     0.03580254292,       1.275544563,      0.0167039206
          0,           0,        1111,      -6.996125342,     0.03572144618,       1.275661833,     0.01672711799
          0,           0,        1112,      -7.006322012,     0.03564852217,       1.275802191,     0.01674187487
          0,           0,        1113,       -6.99838431,     0.03558456277,       1.275965868,     0.01674860438
          0,           0,        1114,      -7.004599563,     0.03553031931,       1.276152952,     0.01674784033
          0,           0,        1115,      -7.005219409,      0.0354864385,       1.276363311,     0.01674016294
          0,           0,        1116,      -7.001986076,     0.03545346419,       1.276596631,     0.01672621358
          0,           0,        1117,      -7.011349748,     0.03543181394,        1.27685232,     0.01670661515
          0,           0,        1118,      -7.006909544,      0.0354217852,       1.277129469,     0.01668197371
          0,           0,        1119,      -7.019922193,      0.0354235497,       1.277426994,      0.0166529444
          0,           0,        1120,      -7.010231718,     0.03543720133,       1.277743674,     0.01662022629
          0,           0,        1121,      -7.028239084,     0.03546269979,       1.278078044,     0.01658447343
          0,           0,        1122,      -7.021564579,      0.0354999097,       1.278428504,      0.0165463775
          0,           0,        1123,      -7.034607678,     0.03554859998,       1.278793156,     0.01650656409
          0,           0,        1124,      -7.034686693,     0.03560841741,       1.279169856,     0.01646559523
          0,           0,        1125,      -7.042529715,     0.03567890491,       1.279556443,     0.01642398614
          0,           0,        1126,      -7.050873281,     0.03575956443,       1.279950937,     0.01638237769
          0,           0,        1127,      -7.042999916,     0.03584991216,       1.280351253,     0.01634154024
          0,           0,        1128,      -7.066557566,     0.03594923437,       1.280755299,     0.01630219411
          0,           0,        1129,      -7.057515608,     0.03605663316,       1.281160946,     0.01626502165
          0,           0,        1130,      -7.082958443,     0.03617155583,       1.281565617,     0.01623066287
          0,           0,        1131,      -7.014255578,     0.03629286861,       1.281966916,       0.016199608
          0,           0,        1132,       -7.00841579,     0.03641923504,       1.282362246,     0.01617216157
          0,           0,        1133,      -6.920386469,     0.03654951072,        1.28274908,     0.01614863012
          0,           0,        1134,      -6.912810535,     0.03668271652,       1.283124824,     0.01612916596
          0,           0,        1135,      -6.964055258,     0.03681767437,       1.283486755,     0.01611378239
          0,           0,        1136,      -6.175808213,     0.03696138635,       1.283848706,     0.01611559248
          0,           0,        1137,      -6.312593077,     0.03674586982,       1.283498735,     0.01556304375
          0,           0,        1138,      -5.506254707,     0.03191859572,         1.2741941,    0.007820386038
          0,           0,        1139,      -5.259986624,     0.03882449981,       1.289232371,     0.01958080173
          0,           0,        1140,      -5.063716626,     0.03943175903,       1.292519046,     0.02186677936
          0,           0,        1141,      -5.216363608,     0.03999897727,       1.295172178,     0.02370571579
          0,           0,        1142,      -5.278209356,     0.03562088213,        1.28748155,     0.01729276294
          0,           0,        1143,      -5.379784665,     0.04209401337,       1.300920203,     0.02790667853
          0,           0,        1144,      -5.177725019,      0.0430317827,       1.303933837,      0.0301207194
          0,           0,        1145,      -5.280043671,     0.04301320163,       1.305116296,     0.03087305128
          0,           0,        1146,      -5.365929748,     0.04859762526,        1.31686306,     0.04016567827
          0,           0,        1147,      -5.379937856,     0.04924964545,       1.318507668,     0.04136995496
          0,           0,        1148,      -5.168640276,     0.05038047541,       1.320752275,     0.04308634625
          0,           0,        1149,      -4.968701161,     0.05197943672,        1.32352767,      0.0452597139
          0,           0,        1150,      -4.950366165,     0.05390625794,        1.32669737,     0.04776872414
          0,           0,        1151,      -4.875641676,     0.05589184662,       1.329918657,     0.05032383662
          0,           0,        1152,      -4.787586955,     0.05770183618,       1.332751877,      0.0525706617
          0,           0,        1153,      -4.737539214,     0.05924634402,       1.335052294,     0.05439202423
          0,           0,        1154,      -4.829471712,     0.06046784437,       1.336732298,     0.05571802253
          0,           0,        1155,      -4.744858212,      0.0613646328,       1.337788777,     0.05654886724
          0,           0,        1156,      -4.955852506,     0.06193171248,       1.338184995,     0.05685979538
          0,           0,        1157,      -4.735702193,     0.06223733336,       1.338078112,     0.05677804176
          0,           0,        1158,      -4.986338143,     0.06184336214,       1.336604348,     0.05561131125
          0,           0,        1159,       -4.87891376,     0.06140832572,       1.335066345,     0.05440832136
          0,           0,        1160,      -5.054120115,     0.05930721214,       1.330208005,     0.05055526402
          0,           0,        1161,      -4.951341291,     0.05846296403,       1.327780453,     0.04867641682
          0,           0,        1162,      -4.931923322,      0.0557864341,        1.32163023,     0.04382690656
          0,           0,        1163,      -4.832350863,     0.05391681569,       1.317166596,     0.04034058187
          0,           0,        1164,      -4.885746675,     0.05080565399,       1.310347295,     0.03496506503
          0,           0,        1165,      -4.808685709,      0.0473837176,       1.302944188,     0.02912895702
          0,           0,        1166,      -4.906290729,     0.04339574105,       1.294252978,     0.02227885737
          0,           0,        1167,      -4.906244081,     0.03891233452,       1.284487219,     0.01458191676
          0,           0,        1168,      -4.937675298,      0.0329949592,       1.271742255,    0.004511310451
          0,           0,        1169,      -4.929490415,       0.027043272,       1.258950173,   -0.005585462273
          0,           0,        1170,      -5.024910102,     0.02470785145,       1.253318713,   -0.009908930485
          0,           0,        1171,      -4.965330678,     0.02317300412,       1.248925123,    -0.01319318794
          0,           0,        1172,      -4.955920606,     0.02181974869,       1.244665802,    -0.01632782512
          0,           0,        1173,      -4.936917712,     0.02023891677,       1.239881068,    -0.01984709292
          0,           0,        1174,       -4.89803773,     0.01637444569,       1.230620607,    -0.02692930163
          0,           0,        1175,      -4.768427188,     0.01622997377,       1.228838359,    -0.02796556474
          0,           0,        1176,      -4.725494172,     0.01122063479,       1.217512958,    -0.03663444221
          0,           0,        1177,      -4.665584568,    0.008330982473,       1.210706036,    -0.04164869273
          0,           0,        1178,      -4.605141194,    0.007190701339,       1.207691067,    -0.04359596334
          0,           0,        1179,      -4.415181658,    0.007525953864,       1.207858917,    -0.04296712765
          0,           0,        1180,      -4.427007543,    0.009004136573,       1.210600558,    -0.04026355828
          0,           0,        1181,       -4.42934568,     0.01112066588,       1.214940357,    -0.03628110502
          0,           0,        1182,      -4.437830127,     0.01371365385,       1.220615207,    -0.03124678293
          0,           0,        1183,      -4.443388378,     0.01645872482,        1.22690721,     -0.0257434946
          0,           0,        1184,        -4.5834021,     0.01899153189,       1.232703899,    -0.02064654158
          0,           0,        1185,      -4.527269365,     0.02112483001,       1.237373349,    -0.01645239244
          0,           0,        1186,      -4.671633152,     0.02293238594,       1.241243824,    -0.01291565629
          0,           0,        1187,      -4.867499614,     0.02455371784,       1.244859197,   -0.009620675821
          0,           0,        1188,      -4.931573197,      0.0256360228,       1.247199159,   -0.007363059225
          0,           0,        1189,      -4.951179268,     0.02599908088,        1.24756852,   -0.006672397365
          0,           0,        1190,      -4.894659017,     0.02587853764,       1.246534406,   -0.007093397998
          0,           0,        1191,      -4.997323121,     0.02571269972,       1.245444644,   -0.007569442499
          0,           0,        1192,      -4.989001021,     0.02581422797,       1.245258331,   -0.007345034509
          0,           0,        1193,      -4.982376889,     0.02621175543,       1.245998717,   -0.006389263016
          0,           0,        1194,      -4.938491776,     0.02675398957,       1.247115852,   -0.005115674949
          0,           0,        1195,      -4.884118958,     0.02725297432,       1.248015905,   -0.003974328125
          0,           0,        1196,       -4.82141449,     0.02758461236,       1.248352122,   -0.003225782499
          0,           0,        1197,      -4.665498172,     0.02769838411,        1.24803356,   -0.002933834151
          0,           0,        1198,       -4.63814681,     0.02687160427,       1.244101364,   -0.005357739036
          0,           0,        1199,      -4.359356325,     0.02538017385,       1.237728115,   -0.009594326099
          0,           0,        1200,       -4.71787589,     0.02381897139,        1.23141959,    -0.01372126659
          0,           0,        1201,      -4.738702177,     0.02249593464,        1.22640369,    -0.01679330207
          0,           0,        1202,      -4.686000313,     0.02135656182,       1.222396106,    -0.01902467697
          0,           0,        1203,      -4.250081767,     0.02030572444,       1.218946808,    -0.02075782012
          0,           0,        1204,      -4.228065639,        0.01932368,       1.215914083,    -0.02209976388
          0,           0,        1205,      -4.199165395,     0.01844355523,       1.213369104,      -0.022995225
          0,           0,        1206,      -4.192387517,     0.01776537323,       1.211649168,    -0.02318677386
          0,           0,        1207,      -4.191175976,     0.01737935682,       1.211032385,    -0.02246505233
          0,           0,        1208,      -4.198051788,     0.01734175473,       1.211645566,     -0.0207403263
          0,           0,        1209,       -4.20404659,     0.01766844992,       1.213433709,    -0.01806644144
          0,           0,        1210,      -4.213445602,     0.01840897396,         1.2164806,    -0.01439517592
          0,           0,        1211,       -4.22049379,     0.01959855804,       1.220834543,    -0.00970794831
          0,           0,        1212,      -4.231952336,     0.02124784427,        1.22646524,   -0.004048375406
          0,           0,        1213,      -4.235961843,     0.02328063452,       1.233028376,    0.002299543692
          0,           0,        1214,      -4.241595591,     0.02563541987,       1.240305422,    0.009150643445
          0,           0,        1215,      -4.242386822,      0.0282065854,       1.247939725,     0.01621481068
          0,           0,        1216,      -4.243916965,     0.03090670543,       1.255678088,     0.02328355661
          0,           0,        1217,      -4.242658962,      0.0345045736,       1.266803745,     0.03285955143
          0,           0,        1218,      -4.243825301,     0.03671032031,       1.274464286,     0.03959916929
          0,           0,        1219,      -4.236817179,     0.03982354122,       1.283011876,     0.04701440208
          0,           0,        1220,      -4.239371229,     0.04248958756,       1.289841531,     0.05300541317
          0,           0,        1221,      -4.233038146,     0.04485502343,       1.295455354,     0.05796456994
          0,           0,        1222,      -4.244757906,     0.04691172312,       1.299742004,     0.06181266057
          0,           0,        1223,      -4.236200154,      0.0486661393,       1.302724184,     0.06457000885
          0,           0,        1224,      -4.234848266,     0.05019021591,       1.304763174,     0.06651366253
          0,           0,        1225,      -4.223911239,     0.05155298788,       1.306317984,     0.06799143342
          0,           0,        1226,      -4.229977427,     0.05289067164,       1.307843239,      0.0693580429
          0,           0,        1227,      -4.216570347,     0.05424517824,       1.309425487,     0.07068698865
          0,           0,        1228,      -4.222382349,     0.05557651746,       1.310917494,     0.07186859356
          0,           0,        1229,      -4.212685773,     0.05671497068,       1.311916463,     0.07258820712
          0,           0,        1230,      -4.219323014,     0.05764594749,       1.312425799,     0.07285023649
          0,           0,        1231,       -4.21308969,     0.05849742211,       1.312760842,     0.07290578887
          0,           0,        1232,      -4.221820997,     0.05933450542,       1.313142394,     0.07292686562
          0,           0,        1233,      -4.211032254,     0.06017116558,       1.313673054,     0.07299196222
          0,           0,        1234,       -4.21989904,     0.06098391954,        1.31432614,     0.07307873429
          0,           0,        1235,      -4.210333731,     0.06160742634,       1.314924841,     0.07303473462
          0,           0,        1236,      -4.218641159,     0.06224273347,       1.315914085,     0.07321489122
          0,           0,        1237,      -4.208829276,     0.06293722327,         1.3173046,     0.07363531055
          0,           0,        1238,      -4.220603676,     0.06365732543,       1.318883082,     0.07413813183
          0,           0,        1239,       -4.20723388,     0.06665969686,       1.325266379,     0.07842793976
          0,           0,        1240,      -4.220494558,     0.06712708796,       1.326779037,     0.07874434206
          0,           0,        1241,      -4.200987571,     0.06773935024,       1.328696554,     0.07934128417
          0,           0,        1242,      -4.217690139,     0.06992579327,       1.333421665,     0.08218758367
          0,           0,        1243,      -4.190908306,      0.0700647572,       1.333889768,     0.08160499574
          0,           0,        1244,       -4.21489401,     0.07039379533,        1.33482234,     0.08137676143
          0,           0,        1245,      -4.164156032,     0.07092290791,       1.336189795,     0.08148809956
          0,           0,        1246,       -4.20391893,     0.07155567861,       1.337842142,     0.08182179587
          0,           0,        1247,      -4.053946241,     0.07225190746,       1.339710485,     0.08232457195
          0,           0,        1248,      -4.193229549,     0.07298690204,       1.341695327,     0.08291974101
          0,           0,        1249,      -3.905924567,     0.07375292135,        1.34378169,     0.08359190566
          0,           0,        1250,      -3.991255105,     0.07453510352,       1.345922237,     0.08429799233
          0,           0,        1251,      -4.136094983,     0.07518262174,       1.347511371,     0.08456419493
          0,           0,        1252,      -4.198013432,     0.07572871706,       1.348694225,     0.08449066577
          0,           0,        1253,      -4.219361112,     0.07624506887,       1.349776507,     0.08429877512
          0,           0,        1254,      -4.222937333,     0.07688799159,       1.351404803,     0.08447045874
          0,           0,        1255,      -4.225640513,     0.07761915463,        1.35345669,     0.08489771639
          0,           0,        1256,      -4.226469163,      0.0782901452,       1.355368498,     0.08513672677
          0,           0,        1257,      -4.221182658,     0.07881842656,       1.356840679,     0.08495080191
          0,           0,        1258,      -4.206637884,      0.0791988741,       1.357878162,     0.08434070406
          0,           0,        1259,      -4.222468362,     0.07945827393,       1.358619994,     0.08341111902
          0,           0,        1260,      -4.221673676,     0.07964638173,       1.359290004,     0.08233444116
          0,           0,        1261,      -4.221849085,     0.07979605945,       1.360043555,     0.08123452725
          0,           0,        1262,      -4.219308364,     0.07991345522,       1.360922014,     0.08015282758
          0,           0,        1263,      -4.192312817,     0.07999790742,       1.361938486,     0.07911405274
          0,           0,        1264,      -4.213784271,     0.08004745296,       1.363087307,     0.07813296768
          0,           0,        1265,      -4.203337058,     0.08000646486,       1.364151023,     0.07706232112
          0,           0,        1266,      -4.215222972,     0.07988045029,       1.365134044,     0.07593099071
          0,           0,        1267,      -4.220294633,     0.07970911019,       1.366186905,     0.07488276871
          0,           0,        1268,      -4.220703063,     0.07951829428,       1.367363425,     0.07398775186
          0,           0,        1269,      -4.217621531,     0.07929791657,       1.368612721,     0.07323650893
          0,           0,        1270,      -4.218339637,     0.07892913422,       1.369352931,     0.07221361641
          0,           0,        1271,       -4.20646262,     0.07834881629,       1.369358986,     0.07077007827
          0,           0,        1272,      -4.216670755,     0.07768975984,       1.369008904,     0.06922027196
          0,           0,        1273,      -4.135482692,     0.07708489418,       1.368920767,     0.06804943225
          0,           0,        1274,      -4.072748944,     0.07660651254,        1.36914588,     0.06731125259
          0,           0,        1275,      -4.056296845,     0.07630577162,       1.369925756,     0.06719138117
          0,           0,        1276,      -4.029489678,     0.07606487616,        1.37070303,     0.06725879255
          0,           0,        1277,      -3.738319697,     0.07575633855,       1.371017275,     0.06714629013
          0,           0,        1278,      -4.055624913,     0.07540948486,        1.37031801,     0.06643533502
          0,           0,        1279,      -3.986810879,     0.07401700095,       1.373149674,     0.06832813855
          0,           0,        1280,      -3.907767905,     0.07092945958,       1.382444268,     0.07487946005
          0,           0,        1281,      -3.672176066,     0.06751951779,       1.392607693,     0.08211092236
          0,           0,        1282,      -3.963949911,     0.06785404442,       1.398825738,     0.08694246194
          0,           0,        1283,      -3.652673135,     0.06476987349,        1.41681185,      0.1000401602
          0,           0,        1284,      -3.948147562,     0.06146075066,       1.431443261,       0.110631141
          0,           0,        1285,      -3.885376084,     0.05590374218,       1.451259637,      0.1247330169
          0,           0,        1286,      -4.137037952,     0.04894610696,       1.473207493,      0.1401816087
          0,           0,        1287,      -4.122533203,     0.04271404961,       1.489929866,      0.1518054992
          0,           0,        1288,      -4.117951458,     0.04826596488,       1.458394217,      0.1292747031
          0,           0,        1289,      -4.113288303,      0.0448682991,       1.465290048,      0.1338576221
          0,           0,        1290,      -4.113652862,     0.03637083809,       1.495807541,      0.1551210681
          0,           0,        1291,      -4.112694897,      0.0267589523,       1.533321654,       0.181320701
          0,           0,        1292,      -4.112706219,     0.01564093611,       1.579067852,      0.2133284909
          0,           0,        1293,      -4.106263951,    0.009911879832,       1.604139305,      0.2307242849
          0,           0,        1294,      -4.106562486,     0.02392697874,        1.54806877,      0.1907706895
          0,           0,        1295,      -4.100011778,     0.01231834499,       1.599672409,      0.2269203336
          0,           0,        1296,      -4.101956182,      0.0214761308,       1.564542305,      0.2017620369
          0,           0,        1297,      -4.103997864,     0.03246367089,       1.521019518,      0.1706617576
          0,           0,        1298,      -4.102918615,     0.04068941633,       1.489277032,      0.1479241262
          0,           0,        1299,      -4.102608516,     0.04719874599,       1.464747039,      0.1303278317
          0,           0,        1300,        -4.0988563,     0.05198907991,       1.447498498,      0.1179345115
          0,           0,        1301,      -4.094704843,     0.05510817544,       1.437198067,      0.1105126592
          0,           0,        1302,      -4.089777344,     0.05758787776,        1.42968578,      0.1051290713
          0,           0,        1303,      -4.102293494,     0.05978534838,       1.425294758,      0.1020736357
          0,           0,        1304,      -4.100077792,     0.06306485618,       1.414954556,     0.09482505946
          0,           0,        1305,      -4.102194794,     0.06498205796,       1.410889709,     0.09207751415
          0,           0,        1306,      -4.092727253,     0.06609669732,       1.410391424,     0.09189187122
          0,           0,        1307,      -4.089669324,     0.06698028658,       1.411130807,     0.09261038167
          0,           0,        1308,      -4.088319015,     0.06762330597,       1.412922966,     0.09408268497
          0,           0,        1309,      -4.077605468,     0.06617655787,       1.423846181,      0.1020155905
          0,           0,        1310,      -4.081599918,     0.06639733524,        1.42532662,      0.1031837725
          0,           0,        1311,      -4.086481965,     0.06568722582,       1.430060588,      0.1066138948
          0,           0,        1312,      -4.086375467,     0.06577271072,       1.429936598,      0.1065381547
          0,           0,        1313,      -4.087459109,     0.06682038267,       1.424153586,      0.1023815001
          0,           0,        1314,      -4.087241223,     0.06694637139,        1.42110749,      0.1000910463
          0,           0,        1315,      -4.087682696,     0.06710338595,       1.416824159,     0.09685810058
          0,           0,        1316,      -4.092462358,     0.06748007182,       1.410288938,     0.09195880741
          0,           0,        1317,      -4.093084958,     0.06772381568,       1.403807881,      0.0870509039
          0,           0,        1318,      -4.096300054,     0.06758020154,       1.397534979,     0.08221723974
          0,           0,        1319,      -4.098920082,     0.06870745199,       1.386884703,     0.07429182585
          0,           0,        1320,      -4.099790203,     0.06868580927,       1.382626187,      0.0709089446
          0,           0,        1321,      -4.102706593,     0.06875175625,       1.378286009,      0.0674559228
          0,           0,        1322,      -4.102602945,     0.06896722454,       1.370191217,     0.06124749199
          0,           0,        1323,      -4.084366081,      0.0682376508,       1.361399573,     0.05439013883
          0,           0,        1324,      -4.083814623,     0.06839412899,       1.355257788,     0.04959211134
          0,           0,        1325,      -4.082009356,     0.06838345603,       1.350283112,     0.04562548738
          0,           0,        1326,      -4.085968435,      0.0679748208,       1.345596806,      0.0418223546
          0,           0,        1327,      -4.091447667,     0.06764786886,       1.340925556,      0.0380565759
          0,           0,        1328,      -4.099314019,     0.06710583637,       1.335197616,     0.03351247625
          0,           0,        1329,      -4.097656485,     0.06640783038,       1.328197116,     0.02805210244
          0,           0,        1330,      -4.102183067,     0.06562813547,       1.320128189,     0.02184966297
          0,           0,        1331,      -4.106874797,     0.06479211584,       1.311432956,     0.01524822046
          0,           0,        1332,      -4.113017436,     0.06387738811,       1.302424354,    0.008488147685
          0,           0,        1333,      -4.112798052,     0.06285801658,       1.293384447,    0.001784302919
          0,           0,        1334,       -4.11807758,     0.06180027692,       1.284558513,   -0.004665697404
          0,           0,        1335,      -4.117702519,     0.05963143292,       1.277390487,   -0.009934406886
          0,           0,        1336,      -4.116206169,     0.05798444057,       1.272271938,    -0.01351862846
          0,           0,        1337,      -4.116410705,     0.05627682988,       1.269058582,    -0.01560002528
          0,           0,        1338,       -4.11467186,     0.05376512845,       1.269954567,     -0.0146576038
          0,           0,        1339,      -4.062011118,     0.05172755732,       1.273675261,    -0.01147282012
          0,           0,        1340,      -4.097559517,     0.05018344468,       1.278007642,   -0.007673532785
          0,           0,        1341,       -4.10622996,     0.04906236183,       1.281185413,   -0.004573802955
          0,           0,        1342,      -4.110433838,     0.04816644233,       1.282961803,   -0.002390172882
          0,           0,        1343,      -4.112463649,      0.0473982286,       1.283946431,  -0.0006986846805
          0,           0,        1344,      -4.108843829,     0.04571478214,       1.283043535,  -0.0004559674389
          0,           0,        1345,      -4.105086828,     0.04433264773,        1.28299479,   0.0005077086185
          0,           0,        1346,      -4.102450953,     0.04338528558,       1.283470433,    0.001960640177
          0,           0,        1347,      -4.096246139,     0.04280771737,       1.283995955,    0.003539721768
          0,           0,        1348,      -4.095981304,     0.04203197345,       1.283697708,    0.004519257424
          0,           0,        1349,      -4.096973709,     0.04122326219,       1.282483945,    0.004851780363
          0,           0,        1350,      -4.097748251,      0.0405964123,       1.280662487,    0.004791316747
          0,           0,        1351,       -4.09311619,     0.04011795412,       1.278447122,    0.004488209062
          0,           0,        1352,      -4.088420074,     0.03979025519,       1.276969744,    0.004772036123
          0,           0,        1353,      -4.101704835,       0.039862697,       1.275424653,    0.005075355318
          0,           0,        1354,      -4.108371757,     0.04030390137,       1.273764611,    0.005352036244
          0,           0,        1355,      -4.107972859,     0.04105108911,       1.272267422,    0.005788980899
          0,           0,        1356,      -4.106744107,     0.04207221307,       1.271187769,    0.006559140035
          0,           0,        1357,      -4.108782655,     0.04332680844,       1.270541977,    0.007659078781
          0,           0,        1358,      -4.103707121,     0.04475777607,       1.270360014,    0.009090868949
          0,           0,        1359,      -4.104499261,      0.0462975451,       1.270626096,     0.01082144798
          0,           0,        1360,      -4.106237575,     0.04797161154,       1.271417769,     0.01289870878
          0,           0,        1361,       -4.10603909,     0.04973290128,       1.272636868,     0.01522934498
          0,           0,        1362,      -4.113147423,      0.0514889759,       1.273885372,     0.01749381109
          0,           0,        1363,      -4.112037019,     0.05309918558,       1.274635174,     0.01927270574
          0,           0,        1364,      -4.116186962,     0.05452644048,       1.274681642,     0.02040131073
          0,           0,        1365,      -4.115996994,       0.055811897,       1.274347537,     0.02111572785
          0,           0,        1366,      -4.113947248,     0.05700246071,       1.273865606,      0.0215879934
          0,           0,        1367,      -4.117805283,     0.05810056465,        1.27385071,     0.02226537411
          0,           0,        1368,      -4.117311377,     0.05908941043,       1.274405604,     0.02321763103
          0,           0,        1369,       -4.11708747,     0.05997032485,       1.275291274,     0.02426699067
          0,           0,        1370,        -4.1107994,     0.06071949409,       1.276309194,     0.02526188502
          0,           0,        1371,      -4.110877217,     0.06129724361,       1.277433406,     0.02617466717
          0,           0,        1372,      -4.112541278,     0.05989599886,       1.275070879,     0.02411499793
          0,           0,        1373,      -4.097807936,     0.05965121833,        1.27528138,     0.02396074441
          0,           0,        1374,      -4.104090939,     0.05961717006,       1.276698018,      0.0245795594
          0,           0,        1375,      -4.100365769,     0.05116321592,       1.258614394,    0.009590853335
          0,           0,        1376,      -4.086411337,     0.05147156405,        1.25895956,    0.009204756924
          0,           0,        1377,       -4.10233712,     0.05176155808,        1.26044426,    0.009518200806
          0,           0,        1378,      -4.107787742,     0.05232692522,       1.263977727,     0.01125805158
          0,           0,        1379,      -4.112765645,      0.0529616469,       1.268442508,     0.01359425628
          0,           0,        1380,      -4.113174894,     0.05342823426,       1.273013432,     0.01590701581
          0,           0,        1381,      -4.113608352,      0.0540414795,       1.277922811,     0.01842691329
          0,           0,        1382,      -4.117195708,     0.05486304586,       1.283151602,     0.02116523954
          0,           0,        1383,      -4.114970564,     0.05577696047,       1.288590032,     0.02404085079
          0,           0,        1384,      -4.113204982,     0.06852462252,       1.318589176,     0.04655511678
          0,           0,        1385,      -4.112112407,     0.06775069572,       1.322092091,     0.04774344701
          0,           0,        1386,      -4.118717491,     0.06776063186,       1.327786773,     0.05065395008
          0,           0,        1387,      -4.117898475,     0.06775824512,       1.332890867,     0.05312916164
          0,           0,        1388,      -4.118334532,     0.06751003982,       1.336946269,     0.05479243574
          0,           0,        1389,      -4.120214754,     0.06703581444,       1.339959783,     0.05563966698
          0,           0,        1390,      -4.117089711,     0.06651754747,       1.342363718,     0.05599842565
          0,           0,        1391,      -4.112695971,     0.06514907037,       1.342537015,      0.0545529766
          0,           0,        1392,      -4.109809752,      0.0639156918,       1.342803445,     0.05312729061
          0,           0,        1393,      -4.107082273,     0.06311541732,       1.344127097,     0.05245359235
          0,           0,        1394,      -4.103612775,     0.06250334082,       1.345804934,     0.05196920555
          0,           0,        1395,      -4.105322181,     0.06183598018,       1.346924261,     0.05096085788
          0,           0,        1396,      -4.104434686,     0.06103796503,       1.347041045,     0.04908759753
          0,           0,        1397,      -4.104546303,     0.06018570458,       1.346295374,     0.04646459694
          0,           0,        1398,      -4.101427758,     0.05914414894,       1.344460416,     0.04291434712
          0,           0,        1399,      -4.094450102,     0.05755605234,       1.340889204,     0.03792474258
          0,           0,        1400,      -4.101733857,     0.05596315965,       1.322571764,     0.02203000091
          0,           0,        1401,      -4.095375832,     0.05411563312,       1.315516446,     0.01431746449
          0,           0,        1402,      -4.102639254,     0.05253770158,       1.308682606,    0.006773822906
          0,           0,        1403,      -4.105413591,     0.05184843074,       1.301402655,    -0.00100527781
          0,           0,        1404,      -4.108800505,     0.05160424699,       1.297284717,   -0.006400355021
          0,           0,        1405,      -4.109019045,     0.05161749178,       1.296894799,    -0.00900199494
          0,           0,        1406,      -4.110955783,     0.05143586774,        1.30240968,   -0.007245975522
          0,           0,        1407,      -4.114338344,     0.05154552902,       1.307227336,   -0.005919395073
          0,           0,        1408,      -4.118544909,     0.05140837533,       1.311587666,   -0.004888884119
          0,           0,        1409,      -4.117099636,     0.05097388389,       1.314041734,    -0.00521184467
          0,           0,        1410,      -4.114398703,     0.05029747068,       1.315079356,     -0.0065081363
          0,           0,        1411,      -4.117240796,      0.0496197885,        1.31456963,   -0.008833280003
          0,           0,        1412,      -4.118698868,     0.04892372773,       1.313283459,    -0.01161140498
          0,           0,        1413,      -4.121227351,     0.04824961748,       1.311716013,    -0.01446377993
          0,           0,        1414,      -4.121631176,     0.04762005671,       1.310132228,    -0.01718623545
          0,           0,        1415,      -4.122229473,     0.04009292941,       1.294889232,    -0.03073885418
          0,           0,        1416,      -4.119659622,     0.03773753875,       1.288801242,    -0.03671542776
          0,           0,        1417,      -4.120184958,     0.03636909067,       1.285634721,    -0.04026648924
          0,           0,        1418,      -4.123907717,     0.03587546691,       1.284879278,    -0.04178034255
          0,           0,        1419,       -4.12598768,     0.03604696336,       1.285818458,    -0.04180806469
          0,           0,        1420,      -4.109367211,     0.03634186708,       1.287011183,    -0.04147560415
          0,           0,        1421,      -4.107150669,     0.03652756558,       1.288019145,    -0.04113040591
          0,           0,        1422,      -4.122580996,     0.03660891791,        1.28883042,     -0.0407738283
          0,           0,        1423,       -4.12355306,     0.03640414611,       1.288731792,    -0.04094665503
          0,           0,        1424,      -4.122415379,     0.03592054053,       1.287813594,     -0.0415748529
          0,           0,        1425,      -4.125601542,      0.0352330725,       1.286414044,    -0.04239239943
          0,           0,        1426,      -4.124362264,     0.03436311782,        1.28463556,    -0.04331303794
          0,           0,        1427,       -4.12453345,     0.03340448465,       1.282680174,    -0.04416843637
          0,           0,        1428,      -4.123672016,     0.03241355532,       1.280667409,    -0.04485576719
          0,           0,        1429,      -4.121020313,     0.03118366531,       1.278181808,    -0.04570232795
          0,           0,        1430,      -4.120874715,     0.02963249547,       1.275111128,    -0.04679950589
          0,           0,        1431,       -4.11979286,      0.0277911841,       1.271696964,    -0.04796574426
          0,           0,        1432,      -4.120224907,     0.02556224254,       1.267906604,    -0.04924182896
          0,           0,        1433,       -4.11768849,     0.02300419868,       1.263448306,    -0.05084318224
          0,           0,        1434,      -4.112367352,     0.01920447321,       1.256251226,    -0.05442501279
          0,           0,        1435,      -4.112639384,     0.01453009371,         1.2468131,    -0.05958508579
          0,           0,        1436,      -4.115759525,     0.01013579826,       1.237478979,    -0.06446110879
          0,           0,        1437,      -4.116471717,     0.00680082506,        1.22983142,    -0.06780318707
          0,           0,        1438,      -4.116717793,    0.004673974022,        1.22394744,    -0.06955279437
          0,           0,        1439,      -4.110880143,    0.003523129165,       1.219584799,    -0.06993533612
          0,           0,        1440,       -4.11037174,    0.003059824003,       1.216093143,    -0.06948230743
          0,           0,        1441,      -4.117001309,    0.003023352709,       1.212801107,    -0.06873620706
          0,           0,        1442,      -4.117749775,    0.003176026537,       1.209428329,    -0.06794715804
          0,           0,        1443,       -4.11611208,    0.003444275648,       1.205957146,    -0.06714920834
          0,           0,        1444,      -4.093886241,    0.003733291584,         1.2025687,    -0.06623590337
          0,           0,        1445,      -4.098780856,    0.004033146131,       1.199529711,    -0.06502923209
          0,           0,        1446,      -4.110910089,    0.004368825137,        1.19725819,    -0.06323698489
          0,           0,        1447,      -4.100655579,    0.004866859294,       1.195491985,     -0.0610556124
          0,           0,        1448,      -4.101470861,    0.005580243517,       1.194361998,    -0.05840032741
          0,           0,        1449,      -4.120008341,    0.006486117908,       1.194202615,    -0.05504676678
          0,           0,        1450,      -4.116834043,     0.00757763505,       1.195174251,    -0.05089660562
          0,           0,        1451,      -4.121178257,    0.008833411569,       1.197179458,    -0.04604184295
          0,           0,        1452,       -4.12034903,     0.01018920698,       1.200146801,    -0.04055820437
          0,           0,        1453,      -4.122442355,     0.01160275922,       1.203928142,    -0.03457404271
          0,           0,        1454,      -4.116681105,     0.01305510777,       1.208135647,    -0.02838891685
          0,           0,        1455,      -4.125471752,     0.01451708647,       1.212238026,    -0.02240592362
          0,           0,        1456,      -4.118746534,     0.01593709895,       1.215773457,    -0.01697746527
          0,           0,        1457,      -4.119145209,     0.01723946632,       1.218381121,    -0.01238320274
          0,           0,        1458,      -4.121477769,     0.01833661411,        1.21983086,   -0.008807218483
          0,           0,        1459,      -4.127773931,     0.01918120768,       1.220165593,   -0.006226550154
          0,           0,        1460,       -4.12063293,     0.01966207767,       1.219219386,   -0.004778302999
          0,           0,        1461,      -4.124156725,     0.01935781985,       1.218799336,     -0.0031821391
          0,           0,        1462,      -4.123528985,     0.01858407927,       1.217376661,    -0.00252064039
          0,           0,        1463,      -4.121727039,     0.01826264712,       1.209980275,   -0.006335489391
          0,           0,        1464,      -4.115523847,     0.01723229983,       1.202369051,    -0.01052240354
          0,           0,        1465,      -4.115677316,     0.01551099062,       1.195411105,    -0.01443148511
          0,           0,        1466,      -4.109421408,     0.01324569999,         1.1887539,    -0.01829798765
          0,           0,        1467,      -4.109791179,     0.01046594242,       1.182343214,    -0.02215043761
          0,           0,        1468,      -4.102860915,    0.007191016738,       1.176770988,    -0.02554230793
          0,           0,        1469,       -4.10411847,    0.003636090288,        1.17185923,     -0.0285727105
          0,           0,        1470,      -4.096478342,   5.319021202e-05,       1.167271085,    -0.03145894877
          0,           0,        1471,       -4.09678598,   -0.003309360196,       1.162801958,    -0.03432998715
          0,           0,        1472,      -4.083141466,   -0.006305709253,       1.158970737,    -0.03680584761
          0,           0,        1473,      -4.092490291,   -0.009500042372,       1.154564465,    -0.03987886779
          0,           0,        1474,      -4.078561825,    -0.01229502265,       1.150627366,    -0.04272827316
          0,           0,        1475,      -4.094962292,    -0.01486193352,       1.148154997,    -0.04467076523
          0,           0,        1476,      -4.088491917,    -0.01727253384,       1.147638881,    -0.04537875776
          0,           0,        1477,      -4.108239023,    -0.01929252753,       1.149310332,    -0.04467094288
          0,           0,        1478,      -4.102558182,    -0.02082660782,       1.153112364,    -0.04259059519
          0,           0,        1479,      -4.115545131,    -0.02824453591,       1.185567297,    -0.02040782703
          0,           0,        1480,      -4.113346975,    -0.02817231141,       1.187979235,    -0.01969516237
          0,           0,        1481,      -4.118896735,     -0.0279139455,       1.194629994,    -0.01608858707
          0,           0,        1482,      -4.118166249,    -0.02734216014,       1.202981332,    -0.01143409532
          0,           0,        1483,      -4.123494092,    -0.02844091135,         1.2136511,   -0.005523476377
          0,           0,        1484,      -4.121047087,    -0.02952562767,       1.224568109,   0.0003526538034
          0,           0,        1485,       -4.12761385,    -0.02932865311,       1.235024287,    0.005857531685
          0,           0,        1486,       -4.12986084,    -0.02753328773,        1.24507792,     0.01109150453
          0,           0,        1487,        -4.1312664,    -0.02426203533,       1.254906953,     0.01618917147
          0,           0,        1488,      -4.131921445,    -0.01985693926,       1.264752498,     0.02130528453
          0,           0,        1489,      -4.132287644,    -0.01470502577,       1.274715282,     0.02648410334
          0,           0,        1490,      -4.130536748,   -0.009124262735,       1.284769805,     0.03168453145
          0,           0,        1491,      -4.127885661,   -0.003341097655,       1.294742682,     0.03676681254
          0,           0,        1492,       -4.12616515,    0.002490451927,       1.304338789,     0.04150987096
          0,           0,        1493,      -4.123074584,    0.008260166078,       1.313379641,     0.04578478946
          0,           0,        1494,      -4.121578427,     0.01397119364,       1.321711929,     0.04949768253
          0,           0,        1495,      -4.120935261,     0.01950363315,       1.329317908,     0.05263761216
          0,           0,        1496,      -4.114678035,      0.0248131923,       1.336265608,     0.05526558791
          0,           0,        1497,       -4.11850021,     0.02979464015,       1.342456064,     0.05730735191
          0,           0,        1498,      -4.104683078,     0.03437565219,       1.347901563,     0.05876946096
          0,           0,        1499,      -4.115046853,      0.0385276373,        1.35265389,     0.05969824479
          0,           0,        1500,      -4.108000639,     0.04120386054,       1.361948637,     0.06383229283
          0,           0,        1501,      -4.111390888,     0.04353157995,       1.369931277,     0.06701515677
          0,           0,        1502,      -4.115022761,     0.04577513021,       1.374499771,      0.0677460514
          0,           0,        1503,      -4.113557414,     0.04775082037,       1.376458071,     0.06660415691
          0,           0,        1504,      -4.123443852,     0.04943015383,        1.37680197,      0.0643282218
          0,           0,        1505,      -4.120209405,      0.0508123312,       1.376261183,     0.06146447236
          0,           0,        1506,      -4.124406533,     0.05194723774,       1.375451138,      0.0584817868
          0,           0,        1507,       -4.12280557,     0.05291481736,        1.37503853,     0.05589013089
          0,           0,        1508,      -4.124110397,     0.05384087502,       1.375274589,      0.0538994153
          0,           0,        1509,      -4.123449042,     0.05485265378,       1.375957309,     0.05238694377
          0,           0,        1510,      -4.114379074,     0.05601084987,       1.376960253,     0.05127676518
          0,           0,        1511,      -4.053765357,     0.05960011958,       1.364260326,     0.04053916646
          0,           0,        1512,      -4.051105921,     0.06148084416,       1.358341347,     0.03474795301
          0,           0,        1513,      -4.081727323,     0.06145746071,       1.350313552,     0.02734119957
          0,           0,        1514,      -4.068374137,     0.06098410232,       1.345265234,     0.02224158081
          0,           0,        1515,      -4.113103005,     0.06075402727,       1.344600327,     0.02057100429
          0,           0,        1516,      -4.113843045,     0.06080727447,       1.348005299,     0.02210491291
          0,           0,        1517,      -4.113403884,      0.0609387617,       1.353631496,     0.02545568158
          0,           0,        1518,      -4.112422397,     0.06096444654,         1.3600262,     0.02952664132
          0,           0,        1519,       -4.11672949,     0.06042565346,       1.368423509,     0.03516291605
          0,           0,        1520,      -4.102141729,     0.05993501327,       1.374636158,     0.03934480047
          0,           0,        1521,      -4.091519422,      0.0620510316,       1.358167777,     0.02726465566
          0,           0,        1522,      -4.096950121,      0.0569308053,       1.375680954,      0.0394463117
          0,           0,        1523,      -4.102970939,     0.05570818441,       1.370113686,     0.03520716956
          0,           0,        1524,      -4.112798209,     0.05440897666,       1.366923713,     0.03280217481
          0,           0,        1525,      -4.114918349,     0.05808526985,       1.314328762,   -0.005351164549
          0,           0,        1526,      -4.113324661,     0.05480356583,       1.329046474,     0.00533581956
          0,           0,        1527,      -4.115803197,     0.05126534067,       1.331802883,    0.007200371184
          0,           0,        1528,      -4.116075853,       0.048338029,       1.328448377,    0.004667470194
          0,           0,        1529,      -4.115789438,     0.04573120333,        1.32324385,    0.000839898831
          0,           0,        1530,      -4.108152206,     0.04204204959,       1.315785255,   -0.004764062498
          0,           0,        1531,      -4.111281675,     0.03801258301,       1.308030846,    -0.01059881601
          0,           0,        1532,      -4.110471904,      0.0331999399,       1.308779133,    -0.01021906794
          0,           0,        1533,      -4.114803237,     0.02789107062,        1.30224428,    -0.01521858287
          0,           0,        1534,      -4.118444798,     0.02284937987,        1.29393361,    -0.02141394004
          0,           0,        1535,      -4.114243362,     0.01934445996,       1.287643575,    -0.02582079617
          0,           0,        1536,       -4.11193786,     0.01652104898,       1.292547819,    -0.02176307258
          0,           0,        1537,      -4.106583496,     0.01605936384,       1.295070739,     -0.0190220432
          0,           0,        1538,      -4.120917156,     0.01658160381,       1.297874652,    -0.01579387722
          0,           0,        1539,      -4.115548834,     0.01770778925,       1.300439315,    -0.01249844201
          0,           0,        1540,      -4.115917911,     0.01904575155,       1.303026571,   -0.008987650652
          0,           0,        1541,      -4.090124942,      0.0204012097,       1.305429592,   -0.005442490619
          0,           0,        1542,      -4.102742213,     0.02164339745,       1.308350327,    -0.00137300383
          0,           0,        1543,      -4.097874634,     0.02271214089,       1.311654099,    0.003094156912
          0,           0,        1544,      -4.109045902,     0.02357051294,       1.315267163,    0.007873288495
          0,           0,        1545,      -4.084130113,     0.02413648612,       1.319548934,     0.01318594237
          0,           0,        1546,      -4.082660877,     0.02412078182,       1.327212259,     0.02095876372
          0,           0,        1547,      -4.097917933,     0.02146360311,        1.35429714,     0.04271624106
          0,           0,        1548,      -4.102568409,     0.02135072495,       1.362335955,     0.05069691271
          0,           0,        1549,      -4.113407432,     0.02107406597,       1.368519075,     0.05719543269
          0,           0,        1550,      -4.113384607,     0.01788952442,       1.393491449,     0.07704861689
          0,           0,        1551,      -4.116740775,     0.01632503665,       1.397210583,     0.08124777323
          0,           0,        1552,      -4.116981641,     0.01156070528,       1.429017564,      0.1055488921
          0,           0,        1553,      -4.111455937,    0.009032165523,       1.432811625,      0.1092237425
          0,           0,        1554,       -4.11839529,    0.007437811246,       1.430949843,      0.1085890722
          0,           0,        1555,      -4.108598925,    0.007180823807,        1.42514595,      0.1049504878
          0,           0,        1556,      -4.108222121,    0.008194210969,       1.418077278,      0.1002712844
          0,           0,        1557,      -4.105744408,    0.009444961632,       1.411004024,     0.09534914192
          0,           0,        1558,      -4.089748247,     0.01094401552,       1.404316727,     0.09048374984
          0,           0,        1559,      -4.100090765,     0.01259132659,       1.398138661,     0.08576987668
          0,           0,        1560,      -4.109645001,     0.01428563331,       1.392599747,     0.08131285273
          0,           0,        1561,      -4.103535899,     0.01066725039,       1.419360403,     0.09978530582
          0,           0,        1562,      -4.111911283,     0.01179836003,       1.419799215,      0.0992798045
          0,           0,        1563,        -4.1199135,     0.01347933589,       1.418806769,     0.09765602396
          0,           0,        1564,      -4.119065101,     0.01524651595,       1.416669575,     0.09508662309
          0,           0,        1565,       -4.11742654,     0.01705417404,       1.414646943,     0.09251080903
          0,           0,        1566,      -4.113015459,     0.01885118235,       1.413865062,     0.09076602052
          0,           0,        1567,      -4.107978694,     0.02026520286,       1.416147672,     0.09116138389
          0,           0,        1568,       -4.10104597,     0.02088742639,       1.417896629,     0.09099792221
          0,           0,        1569,         -4.091547,     0.02136619674,       1.418252552,     0.08973177177
          0,           0,        1570,      -4.066513574,     0.02216035903,       1.417512887,     0.08764702306
          0,           0,        1571,      -4.060691683,     0.02330487577,       1.415801866,     0.08484440901
          0,           0,        1572,      -4.056540944,     0.02428469994,       1.413764906,     0.08173744327
          0,           0,        1573,      -4.053833891,     0.02471501818,       1.411925098,     0.07866750982
          0,           0,        1574,      -4.051721839,     0.02451622306,       1.410268581,       0.075622641
          0,           0,        1575,      -4.055562114,     0.02399482406,       1.407720422,     0.07185975613
          0,           0,        1576,      -4.068387515,     0.02362120237,       1.402713161,     0.06629253662
          0,           0,        1577,      -4.087810778,     0.02311335812,         1.3976331,      0.0606536987
          0,           0,        1578,      -4.091212997,     0.02275425314,       1.392327381,     0.05487585326
          0,           0,        1579,      -4.092695061,     0.02274673278,       1.387032466,     0.04916672178
          0,           0,        1580,      -4.100077005,     0.02034538593,       1.395445914,     0.05328034151
          0,           0,        1581,      -4.104251353,      0.0199826629,       1.388809049,     0.04658316775
          0,           0,        1582,      -4.102648482,     0.01624147381,       1.396067618,     0.04974115591
          0,           0,        1583,      -4.110095739,     0.01583243903,       1.388520797,     0.04245083417
          0,           0,        1584,      -4.114122054,     0.01637193408,       1.381457538,     0.03569497979
          0,           0,        1585,      -4.117072528,     0.01273085638,       1.398822938,     0.04648577589
          0,           0,        1586,      -4.118149667,     0.01097094288,       1.387744274,     0.03660791857
          0,           0,        1587,      -4.116608881,     0.01007901911,        1.37912217,     0.02875663763
          0,           0,        1588,      -4.116618662,    0.009201500179,       1.376708391,     0.02560814377
          0,           0,        1589,      -4.118122859,    0.008173395905,        1.37148685,     0.02050380927
          0,           0,        1590,       -4.11861748,    0.002583832202,       1.387035983,     0.03028706946
          0,           0,        1591,      -4.121978351,    0.001701522088,       1.379031592,     0.02347220988
          0,           0,        1592,      -4.121628381,    0.001526961262,       1.368867666,     0.01534822393
          0,           0,        1593,      -4.119508272,    0.001276553001,       1.357695609,     0.00667872542
          0,           0,        1594,      -4.119398257,   0.0008003701132,       1.346033698,   -0.002161275089
          0,           0,        1595,      -4.122627304,   0.0004137154919,       1.335595438,   -0.009856931282
          0,           0,        1596,      -4.124425644,    0.000598030553,       1.327251138,    -0.01569646891
          0,           0,        1597,      -4.123175792,    0.001561008397,       1.321292281,    -0.01943425153
          0,           0,        1598,      -4.122280651,    0.003243857849,       1.317472795,    -0.02125762685
          0,           0,        1599,      -4.123151959,    0.005460590139,       1.315353417,    -0.02151536083
          0,           0,        1600,      -4.122880253,    0.008019302135,       1.314316546,    -0.02069136754
          0,           0,        1601,      -4.117290171,     0.01072776472,       1.313927909,    -0.01913729152
          0,           0,        1602,      -4.120470648,     0.01346171011,       1.313822514,    -0.01714761681
          0,           0,        1603,      -4.122670626,     0.01619194235,       1.313835617,    -0.01485831654
          0,           0,        1604,      -4.120794204,     0.01881979548,       1.313858682,    -0.01237585849
          0,           0,        1605,      -4.112330471,     0.02125572462,       1.314068572,   -0.009596586155
          0,           0,        1606,      -4.089161628,     0.02346336234,       1.314417391,   -0.006577740031
          0,           0,        1607,      -4.071327873,     0.02541058216,       1.314925111,   -0.003327473129
          0,           0,        1608,      -3.971311381,     0.02711919368,       1.315332521,  -5.407931193e-05
          0,           0,        1609,      -3.959424889,     0.02860364654,       1.315424227,    0.003063571738
          0,           0,        1610,      -4.015755966,     0.02682706219,       1.329203298,     0.01593854601
          0,           0,        1611,      -3.843628301,     0.02798303582,       1.327473641,     0.01781148528
          0,           0,        1612,      -4.011143437,     0.02886832098,       1.326979664,     0.02060443849
          0,           0,        1613,      -3.990150867,     0.02937464797,        1.32631359,     0.02323972232
          0,           0,        1614,      -3.333220899,     0.02960393243,       1.325138227,     0.02545260079
          0,           0,        1615,      -3.430169147,     0.02483784439,       1.324332454,     0.02724686782
          0,           0,        1616,      -3.232506089,     0.02292288468,       1.322873503,     0.02885937721
          0,           0,        1617,       -3.29141856,     0.02251776317,       1.320966599,     0.03023974851
          0,           0,        1618,        -3.3382562,     0.02277713249,       1.318422864,     0.03111500367
          0,           0,        1619,      -3.578973024,     0.02847057039,       1.313924283,     0.03111375058
          0,           0,        1620,      -3.392057648,     0.02846507788,       1.310620813,     0.03109391092
          0,           0,        1621,      -3.399168507,     0.02872648341,       1.307063078,     0.03075590817
          0,           0,        1622,      -3.583924282,      0.0280080652,       1.302128681,     0.02911133364
          0,           0,        1623,       -3.68744564,     0.02569516284,       1.295357247,     0.02574389692
          0,           0,        1624,      -3.656158478,     0.02425392102,       1.286511119,     0.02080268077
          0,           0,        1625,      -3.639217739,     0.02663689458,        1.27571007,     0.01476443563
          0,           0,        1626,      -3.586384408,     0.02459273024,       1.265034047,    0.008093917687
          0,           0,        1627,      -3.461123423,     0.01999247561,       1.254891351,    0.001339283941
          0,           0,        1628,      -3.439824389,      0.0169939831,        1.24402338,   -0.005879001042
          0,           0,        1629,      -3.355538949,     0.02005408207,       1.232720033,    -0.01276532694
          0,           0,        1630,      -3.299928916,     0.01585345069,       1.224732228,    -0.01829186949
          0,           0,        1631,      -3.285047155,     0.01211706198,       1.219227242,    -0.02207427079
          0,           0,        1632,      -3.400403302,     0.01029993617,        1.21551855,    -0.02443457525
          0,           0,        1633,      -3.592666169,     0.01062337735,       1.212927916,    -0.02584978906
          0,           0,        1634,      -3.741174956,     0.01194442148,       1.211542359,    -0.02641337577
          0,           0,        1635,      -3.696871825,     0.01462313681,       1.211549126,    -0.02594816527
          0,           0,        1636,      -3.205488077,     0.01634660124,       1.212951381,    -0.02475446877
          0,           0,        1637,      -3.276240823,      0.0187909902,       1.214425751,    -0.02358272192
          0,           0,        1638,      -3.225414466,     0.01875562584,        1.21547361,    -0.02320132606
          0,           0,        1639,      -3.117443907,     0.01562074855,       1.215344192,    -0.02422042327
          0,           0,        1640,      -3.106546062,     0.02236221149,       1.211619557,    -0.02670861927
          0,           0,        1641,      -3.144419366,     0.02158342137,       1.207622942,    -0.03044898967
          0,           0,        1642,       -3.11731514,     0.01711659416,        1.20340193,    -0.03488362797
          0,           0,        1643,      -3.105821852,      0.0228883957,       1.197273004,    -0.03942469776
          0,           0,        1644,      -3.053085672,     0.01833907128,       1.193697947,     -0.0434467047
          0,           0,        1645,      -3.041274367,      0.0130063899,       1.191837209,     -0.0463290237
          0,           0,        1646,      -3.067982659,     0.02014413641,       1.190008544,    -0.04759641478
          0,           0,        1647,      -2.992366092,       0.015728258,       1.192911779,    -0.04692222414
          0,           0,        1648,      -3.030584298,     0.01084817804,       1.199045124,    -0.04399232856
          0,           0,        1649,        -3.0840055,    0.005363465172,       1.208607174,    -0.03870296579
          0,           0,        1650,      -3.042232726,    0.005697148518,       1.230366158,    -0.02377513119
          0,           0,        1651,      -3.115781089,   0.0001583481026,       1.246342392,    -0.01401114911
          0,           0,        1652,       -3.11306443,    0.001818039257,       1.265817612,  -0.0008619864341
          0,           0,        1653,      -3.162354658,     0.01475956042,       1.283854418,     0.01255837299
          0,           0,        1654,      -3.126381744,     0.02863914596,       1.302151338,      0.0261562881
          0,           0,        1655,      -3.121904957,     0.03175043674,       1.326180968,     0.04245091878
          0,           0,        1656,       -3.11383544,     0.03240895519,       1.348461262,     0.05700900592
          0,           0,        1657,      -3.072751843,      0.0455658902,       1.368975661,     0.07177827003
          0,           0,        1658,      -3.032076935,     0.05718785333,       1.389224855,     0.08605726539
          0,           0,        1659,      -2.999054983,     0.06739728769,       1.408401958,     0.09928418008
          0,           0,        1660,      -2.958885864,     0.06751689951,       1.427412493,      0.1110159059
          0,           0,        1661,      -2.895163432,     0.06646389085,       1.444402584,      0.1210594516
          0,           0,        1662,      -2.841276596,     0.07700061028,       1.457253637,       0.129525501
          0,           0,        1663,      -2.877960579,     0.07554723676,       1.470059131,      0.1363776095
          0,           0,        1664,      -2.808326085,     0.07719484435,       1.457945914,      0.1252342744
          0,           0,        1665,      -2.946719127,     0.08746957244,        1.46739111,      0.1311246806
          0,           0,        1666,      -2.839922672,     0.08433414594,       1.476120117,      0.1347308712
          0,           0,        1667,      -2.764617716,     0.07994948564,       1.484633391,      0.1379979216
          0,           0,        1668,      -2.668196674,      0.0803617905,       1.493166988,      0.1418781481
          0,           0,        1669,      -2.568588393,     0.09103780025,       1.503538565,      0.1484181317
          0,           0,        1670,        -2.4344352,     0.09896650882,       1.521048861,      0.1598322948
          0,           0,        1671,      -2.343186513,     0.09481377182,       1.535768989,      0.1675806997
          0,           0,        1672,      -2.441833505,       0.100389695,       1.558989603,      0.1828498151
          0,           0,        1673,      -2.356520957,     0.09501910752,       1.565161888,      0.1841217578
          0,           0,        1674,      -2.456025119,      0.1003862492,       1.560319254,      0.1787265957
          0,           0,        1675,       -2.37138528,      0.1022507726,       1.549277984,        0.16844244
          0,           0,        1676,       -2.28788205,     0.09222178556,       1.532711199,        0.15277249
          0,           0,        1677,      -2.383814516,     0.08249541898,       1.533121018,      0.1500219271
          0,           0,        1678,      -2.326900576,     0.06877874377,       1.497059064,      0.1202926954
          0,           0,        1679,      -2.416732889,     0.05867952361,       1.452234408,     0.08513190342
          0,           0,        1680,      -2.440976241,     0.05197519572,       1.360021599,     0.01609053884
          0,           0,        1681,      -2.361057217,     0.03479969847,       1.307548704,    -0.02426294751
          0,           0,        1682,      -2.275948644,      0.0158494102,       1.249140585,    -0.06846757659
          0,           0,        1683,      -2.192882062,   -0.005338358193,       1.190511675,     -0.1123420954
          0,           0,        1684,      -2.288929727,    -0.02645153579,       1.132605639,     -0.1548580839
          0,           0,        1685,      -2.377340793,     -0.0481662545,       1.075766028,     -0.1958215983
          0,           0,        1686,      -2.276932771,    -0.07055893066,        1.01844841,       -0.23634521
          0,           0,        1687,      -2.373249412,    -0.09675619696,      0.9779117935,     -0.2640515941
          0,           0,        1688,      -2.459137263,     -0.1206743564,      0.9195212308,     -0.3036911412
          0,           0,        1689,       -2.52504557,     -0.1436905301,      0.8610271879,     -0.3423590482
          0,           0,        1690,      -2.476255609,     -0.1648263225,      0.8046884413,     -0.3783257196
          0,           0,        1691,      -2.523150962,      -0.183109218,      0.7547239888,     -0.4084577779
          0,           0,        1692,      -2.497522556,     -0.1976534555,      0.7141590779,     -0.4305468671
          0,           0,        1693,      -2.386815738,      -0.207866669,      0.6848257241,     -0.4433228947
          0,           0,        1694,      -2.386261561,     -0.2138923121,      0.6676332884,     -0.4462918186
          0,           0,        1695,      -2.374683058,     -0.2158656178,      0.6622268443,     -0.4399036153
          0,           0,        1696,      -2.351326751,     -0.2141521035,        0.66759063,     -0.4251113829
          0,           0,        1697,       -2.43301529,      -0.215833674,      0.7139534493,     -0.3806427271
          0,           0,        1698,      -2.463012486,     -0.2081327232,      0.7330556699,     -0.3553105825
          0,           0,        1699,      -2.460381067,     -0.1981519878,      0.7594317967,     -0.3246241047
          0,           0,        1700,      -2.433305981,     -0.1865520527,      0.7899884233,     -0.2910343029
          0,           0,        1701,      -2.416000171,     -0.1737864378,      0.8232321739,     -0.2557519435
          0,           0,        1702,      -2.438988611,     -0.1604018279,      0.8596858984,     -0.2185218164
          0,           0,        1703,      -2.528182227,     -0.1465659442,      0.8986109564,      -0.179965422
          0,           0,        1704,      -2.563759342,     -0.1322888045,      0.9384667751,     -0.1412290277
          0,           0,        1705,      -2.574779259,     -0.1177610314,      0.9789895242,     -0.1025608298
          0,           0,        1706,      -2.574880398,    -0.09548012325,      0.9767320094,    -0.09503558249
          0,           0,        1707,      -2.566939185,    -0.08123595396,       1.019911614,    -0.05554237011
          0,           0,        1708,      -2.632864637,    -0.06742673218,       1.059413335,    -0.01924788492
          0,           0,        1709,      -2.695829333,    -0.05408026361,       1.097496973,      0.0156162516
          0,           0,        1710,      -2.754167249,    -0.04122358706,       1.133992784,     0.04899941779
          0,           0,        1711,       -2.86203697,    -0.02926604813,       1.170188352,      0.0818670839
          0,           0,        1712,      -3.030866903,    -0.01794636153,       1.204333096,      0.1130247058
          0,           0,        1713,      -3.067721104,   -0.007131798514,        1.23460773,      0.1411917389
          0,           0,        1714,      -3.109566752,    0.002968945945,       1.261745696,      0.1668779381
          0,           0,        1715,      -3.183208876,     0.01141446267,       1.293881941,      0.1959384196
          0,           0,        1716,      -3.254600588,     0.01919289448,       1.324196428,       0.223435445
          0,           0,        1717,      -3.246189647,     0.02625974612,       1.351916215,      0.2487446297
          0,           0,        1718,      -3.308356581,     0.03300425897,       1.376214428,      0.2712374554
          0,           0,        1719,      -3.269221714,     0.04004526055,       1.395773725,       0.289939914
          0,           0,        1720,      -3.319008913,     0.04186054597,       1.447605831,      0.3313959329
          0,           0,        1721,      -3.364978283,     0.04751293458,       1.472411117,       0.352952809
          0,           0,        1722,      -3.386305592,     0.05362953341,       1.494125297,      0.3717710031
          0,           0,        1723,      -3.352876153,     0.06092175445,       1.509304456,       0.385345027
          0,           0,        1724,      -3.392418056,     0.06940034941,         1.5179211,      0.3936247183
          0,           0,        1725,        -3.5059552,     0.07729438703,       1.529426928,      0.4033250603
          0,           0,        1726,      -3.532123525,     0.08472422747,       1.541728359,      0.4128620293
          0,           0,        1727,      -3.604560043,     0.09189956528,       1.553750886,      0.4214340325
          0,           0,        1728,      -3.675202671,     0.09887593826,       1.566049394,      0.4294315796
          0,           0,        1729,      -3.733545436,       0.105738359,       1.578715958,      0.4369089293
          0,           0,        1730,      -3.772725394,      0.1110977062,       1.600303128,      0.4499515477
          0,           0,        1731,       -3.78371089,      0.1128710153,       1.641817961,      0.4763635475
          0,           0,        1732,      -3.825379725,      0.1108028792,       1.702907478,      0.5158022509
          0,           0,        1733,      -3.906009679,      0.1070755777,       1.769583422,      0.5581592753
          0,           0,        1734,      -4.081323624,      0.1061115062,       1.816595096,      0.5853023055
          0,           0,        1735,      -4.201372911,      0.1123790233,       1.824014352,      0.5830293675
          0,           0,        1736,      -4.168500177,      0.1245448572,       1.802893453,      0.5592458872
          0,           0,        1737,      -4.182340467,      0.1392323269,        1.77274076,      0.5278504323
          0,           0,        1738,      -4.170796445,      0.1536438294,       1.743292076,      0.4956276888
          0,           0,        1739,      -4.174436702,      0.1670392961,       1.717457838,      0.4646281794
          0,           0,        1740,      -4.173315482,      0.1758565925,       1.711420139,      0.4463712387
          0,           0,        1741,      -4.181303676,      0.1819632543,       1.715236869,      0.4338432915
          0,           0,        1742,      -4.193764646,      0.1873938029,       1.718542357,      0.4197893908
          0,           0,        1743,       -4.20211616,      0.1914453766,       1.723367937,      0.4058197943
          0,           0,        1744,      -4.205714567,      0.1940912522,       1.728004472,       0.390938751
          0,           0,        1745,      -4.211142466,      0.1926364059,        1.74329265,      0.3831165444
          0,           0,        1746,      -4.207294904,       0.188874621,       1.760119128,      0.3762296076
          0,           0,        1747,      -4.211831615,      0.1847790913,       1.766732665,       0.362221049
          0,           0,        1748,      -4.219837004,      0.1807873953,       1.759782611,      0.3390376271
          0,           0,        1749,      -4.207150955,       0.176780109,       1.741230852,       0.308471036
          0,           0,        1750,      -4.223558993,      0.1718063547,       1.716480955,      0.2747106282
          0,           0,        1751,      -4.207909592,      0.1656658797,       1.688242273,      0.2400083745
          0,           0,        1752,      -4.205292093,      0.1500363876,        1.69731367,      0.2336049216
          0,           0,        1753,      -4.203673392,      0.1390647671,       1.678892738,      0.2096690612
          0,           0,        1754,       -4.21183188,      0.1296104221,       1.651728411,      0.1817150075
          0,           0,        1755,      -4.204910932,      0.1203660664,        1.62221689,      0.1543025938
          0,           0,        1756,      -4.228950583,      0.1112353415,        1.59241831,      0.1288679509
          0,           0,        1757,      -4.209709181,      0.1021592754,       1.563835363,      0.1063621842
          0,           0,        1758,      -4.234265694,     0.09340400914,       1.536219602,     0.08641330064
          0,           0,        1759,      -4.251532206,     0.08505902604,       1.509895294,     0.06900973611
          0,           0,        1760,      -4.286500033,     0.07730342766,       1.484548154,      0.0536099819
          0,           0,        1761,       -4.26985227,     0.07017537396,       1.460747963,     0.04028130004
          0,           0,        1762,      -4.290277589,     0.06437445141,       1.435575891,     0.02659624875
          0,           0,        1763,      -4.292002435,      0.0591085586,       1.413060868,     0.01505599918
          0,           0,        1764,      -4.253576486,      0.0591812905,       1.370316768,    -0.01094564999
          0,           0,        1765,      -4.226724872,     0.05519004795,       1.350575516,    -0.02106596596
          0,           0,        1766,      -4.279676787,     0.05187304118,       1.331658159,    -0.03133035666
          0,           0,        1767,      -4.304112318,     0.04801753184,       1.320210891,    -0.03718803639
          0,           0,        1768,      -4.298271638,     0.04593801035,       1.305218882,    -0.04659707172
          0,           0,        1769,      -4.285850408,     0.04269200928,       1.299964212,    -0.05020046456
          0,           0,        1770,      -4.261169275,     0.04115240419,       1.290301111,     -0.0580487748
          0,           0,        1771,      -4.243822426,     0.03806641768,       1.290853305,    -0.05969141622
          0,           0,        1772,      -4.266124202,     0.03624387957,        1.28831644,    -0.06444329603
          0,           0,        1773,      -4.286879857,     0.03454937786,       1.286993984,    -0.06908980813
          0,           0,        1774,      -4.302060607,     0.03319475929,       1.285047547,     -0.0747318379
          0,           0,        1775,      -4.298388119,     0.03175270004,        1.28357742,    -0.08036151248
          0,           0,        1776,      -4.307222663,     0.03028345566,        1.28178356,    -0.08630335438
          0,           0,        1777,       -4.30356748,     0.02854024625,       1.280593668,     -0.0916508429
          0,           0,        1778,      -4.201196787,     0.02624436738,       1.281146734,    -0.09535702456
          0,           0,        1779,      -4.186852895,      0.0232975086,       1.283699549,    -0.09702401294
          0,           0,        1780,      -4.248591754,      0.0199319207,       1.287481615,    -0.09700487683
          0,           0,        1781,      -4.281111383,     0.01632605345,       1.291957452,    -0.09552629608
          0,           0,        1782,      -4.277457241,     0.01266859588,       1.296296575,    -0.09306698516
          0,           0,        1783,       -4.26301573,    0.008886330803,       1.300885578,    -0.08930148355
          0,           0,        1784,      -4.264385524,    0.004659710445,       1.307179598,    -0.08319347113
          0,           0,        1785,      -4.249116375,  -0.0005106979503,       1.317545959,    -0.07309288221
          0,           0,        1786,      -4.227800372,   -0.006226169369,       1.330187264,      -0.060332813
          0,           0,        1787,      -4.221757628,    -0.01186859752,       1.342396541,     -0.0469041694
          0,           0,        1788,      -4.223170648,    -0.01750004504,       1.354427164,    -0.03272253181
          0,           0,        1789,       -4.23093047,    -0.02246520965,       1.362374095,    -0.02069824484
          0,           0,        1790,      -4.235570317,    -0.02970139969,       1.380285683,  -0.0009745891559
          0,           0,        1791,       -4.24316667,    -0.03419216342,       1.383995286,    0.009128966162
          0,           0,        1792,      -4.238523912,    -0.03655066108,       1.375923351,     0.01118400858
          0,           0,        1793,       -4.24239549,    -0.03722707906,       1.359177826,    0.007300475214
          0,           0,        1794,      -4.249853326,     -0.0372278315,       1.337274224,  -0.0001712143335
          0,           0,        1795,      -4.229389143,    -0.03724015331,       1.314269654,   -0.008420738013
          0,           0,        1796,      -4.228724436,    -0.03758138047,       1.291911614,    -0.01628598757
          0,           0,        1797,       -4.25036102,     -0.0354756827,       1.256788117,    -0.03338108094
          0,           0,        1798,      -4.237761359,    -0.03468814296,       1.227801444,    -0.04632505474
          0,           0,        1799,      -4.248092876,    -0.03436733277,       1.201413076,    -0.05767113345
          0,           0,        1800,        -4.2689791,    -0.03431155622,       1.176482134,    -0.06826655325
          0,           0,        1801,      -4.289550614,    -0.03439075983,       1.152854954,    -0.07821890056
          0,           0,        1802,      -4.311541445,    -0.03455061548,        1.13071661,    -0.08739926403
          0,           0,        1803,       -4.32031829,    -0.03477684506,       1.110287357,    -0.09564579448
          0,           0,        1804,      -4.326095353,    -0.03506032919,       1.091766757,     -0.1028050739
          0,           0,        1805,       -4.32883535,    -0.03538795586,       1.075374276,     -0.1087037898
          0,           0,        1806,      -4.330056634,      -0.035743355,       1.061160955,     -0.1132865829
          0,           0,        1807,      -4.331975761,    -0.03612681148,       1.049242668,      -0.116455606
          0,           0,        1808,      -4.331997676,    -0.03652365331,        1.03966952,     -0.1181546153
          0,           0,        1809,      -4.333234189,    -0.03691055917,       1.032383169,     -0.1184063664
          0,           0,        1810,      -4.332946204,    -0.03730372622,       1.027466173,     -0.1171446647
          0,           0,        1811,      -4.330520388,    -0.04155309652,       1.043849419,      -0.100897029
          0,           0,        1812,      -4.327428629,     -0.0415758773,       1.042483454,    -0.09741296966
          0,           0,        1813,      -4.326678461,    -0.04170175523,       1.044336791,    -0.09175907074
          0,           0,        1814,      -4.326269293,    -0.04179318494,       1.046679601,    -0.08591069273
          0,           0,        1815,      -4.326719532,    -0.04164743718,       1.048441437,    -0.08060882472
          0,           0,        1816,      -4.326944471,    -0.04113567801,        1.04921567,    -0.07610910969
          0,           0,        1817,       -4.32391469,    -0.04023665574,       1.049008188,     -0.0723693678
          0,           0,        1818,       -4.32449837,    -0.03900348752,       1.048042147,    -0.06918985997
          0,           0,        1819,      -4.319042777,    -0.03751094546,       1.046562491,    -0.06635338325
          0,           0,        1820,      -4.311520778,    -0.03607892622,        1.04607875,    -0.06274336889
          0,           0,        1821,      -4.318345308,    -0.03467108918,       1.046352356,    -0.05849834787
          0,           0,        1822,      -4.320807086,    -0.03318261242,       1.046818135,     -0.0539909939
          0,           0,        1823,      -4.319745935,    -0.03165909569,       1.047532706,    -0.04914159484
          0,           0,        1824,      -4.325794281,    -0.03035624118,       1.049728479,    -0.04304606445
          0,           0,        1825,      -4.325769727,    -0.02934906679,       1.053716856,    -0.03546765994
          0,           0,        1826,      -4.323579321,     -0.0233782959,       1.031969344,    -0.04602865163
          0,           0,        1827,      -4.314122078,    -0.02221996706,       1.036829373,    -0.03737139263
          0,           0,        1828,       -4.33601147,    -0.02087384392,       1.039192552,    -0.03034880248
          0,           0,        1829,      -4.328062997,    -0.01924918512,       1.040057233,    -0.02424755635
          0,           0,        1830,      -4.336828811,    -0.01738779157,       1.039793888,    -0.01885273757
          0,           0,        1831,      -4.325620921,    -0.01673119006,       1.046398678,   -0.008512368305
          0,           0,        1832,      -4.325445511,    -0.01545856584,       1.050482671,   1.527420636e-05
          0,           0,        1833,      -4.329346548,    -0.01389595519,       1.052832294,    0.007200674894
          0,           0,        1834,      -4.294691778,    -0.01197509833,       1.053694749,     0.01316174291
          0,           0,        1835,      -4.317928932,    -0.01120136041,       1.061297037,     0.02370100129
          0,           0,        1836,      -4.320742462,   -0.009933961649,       1.066226273,      0.0320117513
          0,           0,        1837,      -4.313404251,   -0.008319435869,       1.068670406,     0.03814416245
          0,           0,        1838,      -4.318770239,   -0.006383476241,       1.069187042,     0.04244368035
          0,           0,        1839,      -4.321455711,   -0.005121673349,       1.074070332,     0.04937014419
          0,           0,        1840,      -4.326178683,   -0.003402867727,       1.076984001,     0.05435215212
          0,           0,        1841,      -4.325676257,     -0.0012759537,       1.078640797,      0.0578785364
          0,           0,        1842,      -4.298494018,   -0.004290149792,       1.109633111,     0.08178050634
          0,           0,        1843,      -4.317527959,   -0.002280350768,       1.114192582,      0.0862133527
          0,           0,        1844,      -4.323760429,   -0.005773276778,       1.149730636,      0.1121828888
          0,           0,        1845,      -4.328322502,   -0.004628446729,       1.159858292,      0.1193997113
          0,           0,        1846,      -4.333510285,   -0.002587352857,       1.165603629,      0.1229135832
          0,           0,        1847,      -4.327339732,   0.0004442975671,       1.166892409,      0.1227039739
          0,           0,        1848,      -4.334493689,    0.004190651786,       1.166439321,      0.1207640773
          0,           0,        1849,      -4.337727533,    0.008379761497,       1.163582687,      0.1166016135
          0,           0,        1850,      -4.333915807,     0.01277711492,       1.159551476,      0.1111209139
          0,           0,        1851,      -4.332074278,     0.01698394781,        1.15660562,      0.1059611341
          0,           0,        1852,      -4.331677861,     0.02099723372,       1.155907562,      0.1019999405
          0,           0,        1853,      -4.330758544,     0.02523168307,        1.15646198,     0.09857837233
          0,           0,        1854,      -4.331449131,     0.03044629567,        1.15485716,     0.09335354999
          0,           0,        1855,      -4.158059454,     0.03528847814,       1.159973753,     0.09265109887
          0,           0,        1856,      -4.274411402,      0.0399258031,       1.170348231,     0.09540500079
          0,           0,        1857,      -4.302162445,     0.04468632525,        1.18200313,     0.09873966013
          0,           0,        1858,      -4.300745545,        0.04943404,       1.193510698,      0.1015939707
          0,           0,        1859,      -4.274097949,     0.05392281724,       1.205396498,      0.1043233605
          0,           0,        1860,      -4.299765035,     0.05806947008,       1.218503026,      0.1075312167
          0,           0,        1861,       -4.30462411,     0.06141831597,       1.235719969,      0.1132794357
          0,           0,        1862,      -4.303818661,     0.06437844907,       1.255737974,      0.1206462352
          0,           0,        1863,      -4.323984332,     0.06742557634,       1.276277891,      0.1280084436
          0,           0,        1864,      -4.318450164,     0.07808321456,       1.259261019,       0.108250145
          0,           0,        1865,      -4.304173568,     0.08143935086,        1.27861958,      0.1140044653
          0,           0,        1866,      -4.330121516,     0.08498634781,       1.294690702,      0.1169929222
          0,           0,        1867,      -4.325977047,     0.08823371349,       1.311774895,      0.1203448413
          0,           0,        1868,      -4.331651156,     0.08847566312,       1.320471392,      0.1168818185
          0,           0,        1869,      -4.332926921,     0.08950222335,       1.342622281,      0.1231033852
          0,           0,        1870,      -4.316169139,      0.0907017059,       1.367405721,      0.1310262469
          0,           0,        1871,      -4.310859007,     0.09206528212,       1.390001864,      0.1371475362
          0,           0,        1872,      -4.311439714,      0.0959613473,       1.395079125,      0.1305068259
          0,           0,        1873,      -4.322259812,     0.09882315609,       1.404206181,      0.1265950729
          0,           0,        1874,      -4.322956372,      0.1015325758,       1.412199444,      0.1217422835
          0,           0,        1875,      -4.317048074,      0.1041543328,       1.419274933,      0.1161513775
          0,           0,        1876,      -4.167315649,     0.09985002028,       1.456486503,      0.1318946281
          0,           0,        1877,      -4.211362269,      0.1022606721,       1.460055026,       0.123721233
          0,           0,        1878,      -4.302376704,     0.09678582522,       1.500572719,       0.141876727
          0,           0,        1879,      -4.302812043,     0.09890204534,       1.504912021,      0.1344546856
          0,           0,        1880,       -4.31733068,      0.1003375102,       1.511271417,      0.1286291287
          0,           0,        1881,      -4.314200879,      0.1016671639,       1.517693976,      0.1230889376
          0,           0,        1882,      -4.248304039,      0.1026511212,       1.523167996,       0.117111346
          0,           0,        1883,      -4.300893169,      0.1031325789,       1.528101271,      0.1110224936
          0,           0,        1884,      -4.332355315,      0.1028812761,       1.533321668,      0.1054538164
          0,           0,        1885,      -4.332089494,      0.1086988627,       1.505075871,        0.07642481
          0,           0,        1886,      -4.318241741,      0.1077468864,       1.511133702,     0.07232667103
          0,           0,        1887,      -4.335406269,      0.1062540032,       1.515657592,     0.06755782704
          0,           0,        1888,      -4.207756026,      0.1044722945,       1.520338498,      0.0634347445
          0,           0,        1889,       -4.32367626,      0.1029310434,       1.524480007,     0.05954316532
          0,           0,        1890,      -4.336357678,      0.1017525903,       1.527696654,     0.05564544832
          0,           0,        1891,      -4.314463365,      0.1009129689,       1.529264981,     0.05123263554
          0,           0,        1892,       -4.30196997,      0.1003738708,       1.528511884,     0.04582950298
          0,           0,        1893,       -4.30498906,     0.09983479025,       1.526090978,     0.03990676993
          0,           0,        1894,      -4.240846361,     0.09925621382,       1.521838219,     0.03335524984
          0,           0,        1895,       -4.28833494,      0.0984801706,        1.51635674,     0.02661291916
          0,           0,        1896,      -4.284340163,     0.09735209519,        1.51025479,     0.02011992607
          0,           0,        1897,      -4.245656814,     0.09584807392,       1.503510302,     0.01386754802
          0,           0,        1898,       -4.29170523,     0.09404522822,        1.49565648,    0.007532136814
          0,           0,        1899,      -4.280817283,     0.09191718313,       1.486727947,    0.001145244505
          0,           0,        1900,      -4.287162622,     0.08942587588,       1.476809741,   -0.005227085396
          0,           0,        1901,      -4.311329997,     0.08659686619,       1.465947447,     -0.0115431786
          0,           0,        1902,      -4.239282419,     0.08438029121,       1.454066343,    -0.01773981573
          0,           0,        1903,      -3.890392815,     0.08141739587,       1.444815442,    -0.02131383221
          0,           0,        1904,      -3.658718747,     0.07817298598,       1.434266833,    -0.02511870304
          0,           0,        1905,      -4.007489087,     0.07434585884,       1.421872263,    -0.02961696282
          0,           0,        1906,       -4.19184386,     0.06947279738,       1.406806228,    -0.03549429278
          0,           0,        1907,      -4.223796735,     0.06407239607,       1.390397014,    -0.04174262022
          0,           0,        1908,      -4.236004566,     0.05840419229,       1.372486419,    -0.04847857806
          0,           0,        1909,      -4.252568649,     0.05321128514,        1.35540336,    -0.05394463012
          0,           0,        1910,      -4.273267896,     0.04906786348,       1.341636131,    -0.05628947203
          0,           0,        1911,       -4.28238531,      0.0457550663,       1.330706113,    -0.05592806987
          0,           0,        1912,      -4.295260331,      0.0425498514,       1.320023674,    -0.05488075126
          0,           0,        1913,      -4.297127458,      0.0391124639,       1.308309028,      -0.054165928
          0,           0,        1914,      -4.295790973,     0.03509530826,       1.294338288,    -0.05476562276
          0,           0,        1915,      -4.303256533,     0.03059532261,       1.278508369,    -0.05642071006
          0,           0,        1916,      -4.307715819,     0.02623706257,       1.263582467,    -0.05707704772
          0,           0,        1917,      -4.313981525,     0.02202634266,       1.249537064,    -0.05679900371
          0,           0,        1918,      -4.320487354,     0.01788096788,       1.235846044,    -0.05602873196
          0,           0,        1919,        -4.2864213,     0.01364118058,       1.222553358,     -0.0547990182
          0,           0,        1920,      -4.255273935,    0.009153005198,       1.209493145,    -0.05329733244
          0,           0,        1921,      -4.299321897,    0.004104618463,       1.197104212,    -0.05128764166
          0,           0,        1922,      -4.240312792,   -0.001450892686,       1.185590999,    -0.04866615631
          0,           0,        1923,      -4.264337948,   -0.007088486303,       1.174190732,    -0.04599944516
          0,           0,        1924,      -4.301586326,    -0.01270547706,       1.163263072,    -0.04306661476
          0,           0,        1925,      -4.306282235,     -0.0183055352,       1.153104714,    -0.03970355856
          0,           0,        1926,      -4.264787772,    -0.01985904167,       1.124553225,    -0.04957703871
          0,           0,        1927,      -4.265183902,     -0.0250318579,       1.115362755,    -0.04587067911
          0,           0,        1928,      -4.316206784,    -0.02965717509,       1.105219095,    -0.04308521343
          0,           0,        1929,      -4.332212625,    -0.03364627392,       1.095395629,    -0.04031613251
          0,           0,        1930,      -4.337539963,    -0.03711902218,       1.086251059,    -0.03735751837
          0,           0,        1931,      -4.330343773,    -0.04138818877,        1.08339239,    -0.03028144929
          0,           0,        1932,      -4.328714649,    -0.04447991323,       1.076019479,    -0.02683718541
          0,           0,        1933,      -4.331074066,    -0.04748549312,       1.068788066,    -0.02376326112
          0,           0,        1934,      -4.329133609,    -0.05003983831,       1.060084727,    -0.02223442696
          0,           0,        1935,      -4.330918505,    -0.05266208855,       1.052829686,    -0.02019122082
          0,           0,        1936,      -4.331476165,    -0.05062062573,       1.022811235,    -0.03490450248
          0,           0,        1937,      -4.328074773,    -0.05232709534,       1.013773766,    -0.03520975111
          0,           0,        1938,      -4.334126183,    -0.05350897728,       1.003663316,    -0.03684784562
          0,           0,        1939,      -4.337355984,    -0.05422879402,      0.9945581029,    -0.03830944111
          0,           0,        1940,      -4.335260765,    -0.05463718539,      0.9869291987,    -0.03927430931
          0,           0,        1941,      -4.338095422,    -0.05517671653,      0.9827771646,    -0.03832813788
          0,           0,        1942,      -4.333499807,    -0.05561887763,      0.9811360901,    -0.03615398408
          0,           0,        1943,       -4.33879695,    -0.05782795046,      0.9917198039,    -0.02582337123
          0,           0,        1944,      -4.332883447,    -0.05772739926,      0.9930169948,    -0.02267754904
          0,           0,        1945,      -4.330946393,     -0.0578817984,      0.9982890272,    -0.01726059236
          0,           0,        1946,      -4.320301915,    -0.05566391591,      0.9916096899,    -0.02097864844
          0,           0,        1947,      -4.312674632,    -0.05801510351,       1.010188423,   -0.007270452678
          0,           0,        1948,      -4.300454214,    -0.05552383811,        1.00706873,   -0.009555740419
          0,           0,        1949,      -4.327861488,    -0.05256321258,       1.004963137,    -0.01163200249
          0,           0,        1950,      -4.338773883,    -0.04897091064,       1.001611738,    -0.01513465414
          0,           0,        1951,      -4.333427266,    -0.04511085592,       0.998583888,    -0.01894428392
          0,           0,        1952,      -4.324651996,    -0.04166490511,      0.9975629951,    -0.02189160722
          0,           0,        1953,      -4.290928394,     -0.0385174193,       1.004302691,    -0.01972888097
          0,           0,        1954,       -4.31408826,    -0.03557882197,       1.014910289,    -0.01529474357
          0,           0,        1955,      -4.302806505,    -0.03481376099,       1.038728033,    -0.00194224441
          0,           0,        1956,      -4.172195007,    -0.03338266638,       1.061884226,      0.0104752756
          0,           0,        1957,      -4.299774371,    -0.03130354465,       1.084335162,     0.02193814431
          0,           0,        1958,      -4.264060489,    -0.03001782812,       1.111351794,     0.03617511548
          0,           0,        1959,      -4.236280882,    -0.02770504387,       1.136138506,     0.04842565005
          0,           0,        1960,      -4.296868143,     -0.0241593511,       1.155440933,     0.05635134908
          0,           0,        1961,      -4.275640859,    -0.02178089773,       1.181774406,     0.06891074851
          0,           0,        1962,      -4.256986783,    -0.01895058983,       1.207509302,     0.08071926735
          0,           0,        1963,      -4.299174738,     -0.0157567491,       1.233212473,     0.09222393797
          0,           0,        1964,        -4.2813727,    -0.01213931893,       1.258190172,      0.1029645951
          0,           0,        1965,       -4.29814323,   -0.008341501518,       1.282911898,      0.1133053246
          0,           0,        1966,      -4.320223454,   -0.005798545469,       1.314167995,      0.1281160814
          0,           0,        1967,      -4.290818735,   -0.008479434536,       1.371542789,      0.1613795879
          0,           0,        1968,      -4.314239632,   -0.009982470305,       1.420283404,      0.1883265629
          0,           0,        1969,      -4.327427048,    0.007025681496,       1.373596028,       0.147203837
          0,           0,        1970,      -4.317777451,     0.01453272436,       1.376651005,      0.1415497474
          0,           0,        1971,      -4.329887943,     0.02350639903,       1.370552521,      0.1293622753
          0,           0,        1972,      -4.331067046,     0.03275818215,       1.362681998,      0.1159727474
          0,           0,        1973,       -4.31460408,     0.04143767542,       1.357164342,      0.1043493782
          0,           0,        1974,      -4.312893413,     0.04831267364,       1.358872266,     0.09796365384
          0,           0,        1975,      -4.322545158,     0.05308549315,       1.368747412,     0.09750489417
          0,           0,        1976,      -4.295658575,     0.05677435306,       1.380999938,      0.0988617095
          0,           0,        1977,      -4.301349987,     0.06033889179,       1.391586142,     0.09919983108
          0,           0,        1978,      -4.330050423,     0.06339107774,       1.398229044,     0.09682348059
          0,           0,        1979,      -4.300373214,     0.06496625951,       1.407902526,     0.09676485837
          0,           0,        1980,      -4.275070613,     0.06458626395,       1.414424962,     0.09444617442
          0,           0,        1981,      -4.260440921,     0.06454395895,       1.419487493,     0.09138311064
          0,           0,        1982,      -4.314139923,      0.0659842635,        1.42772372,     0.09111886298
          0,           0,        1983,      -4.327447873,     0.06890043845,       1.437626495,     0.09255699857
          0,           0,        1984,      -4.316352164,     0.07266843699,       1.447183257,     0.09415774105
          0,           0,        1985,      -4.253328935,     0.07617091259,       1.457583995,     0.09667589205
          0,           0,        1986,      -4.044890712,     0.07408034043,       1.492127506,      0.1166280826
          0,           0,        1987,      -4.074806834,     0.07384569591,       1.515791584,      0.1291477704
          0,           0,        1988,      -4.214205067,     0.07313683788,       1.538789319,      0.1414810184
          0,           0,        1989,      -4.224985918,     0.07172955639,       1.562760586,       0.154813473
          0,           0,        1990,      -4.296309341,     0.06983537828,        1.58628894,      0.1681348804
          0,           0,        1991,      -4.325489796,     0.06835148938,       1.604200879,      0.1777533174
          0,           0,        1992,      -4.334585206,       0.066620581,       1.619717458,      0.1859751311
          0,           0,        1993,      -4.325983274,     0.06710470182,       1.619132609,      0.1830168114
          0,           0,        1994,      -4.285543665,     0.05549528291,        1.67064661,      0.2173787766
          0,           0,        1995,      -4.244132139,     0.05644687043,       1.658129402,      0.2065581217
          0,           0,        1996,      -4.274060441,     0.06160937831,       1.622253448,      0.1794951029
          0,           0,        1997,      -4.283004178,     0.06194425967,        1.61132655,      0.1706564145
          0,           0,        1998,      -4.301293641,     0.05006326257,       1.659523703,      0.2042909774
          0,           0,        1999,      -4.295999754,     0.04545024397,       1.674296871,      0.2146215326
          0,           0,        2000,      -4.297523932,     0.04192674222,       1.679426202,      0.2183838594
          0,           0,        2001,      -4.329652943,     0.04095390711,       1.668951282,      0.2113508327
          0,           0,        2002,      -4.335786263,     0.04128179164,       1.651748651,      0.1998902054
          0,           0,        2003,      -4.308146174,     0.04704542081,       1.606298091,      0.1686378466
          0,           0,        2004,       -4.10180436,     0.04460489249,       1.600545891,      0.1659509787
          0,           0,        2005,      -4.228076769,     0.04313528182,       1.586953135,      0.1579198218
          0,           0,        2006,      -4.238287569,     0.03673137055,       1.594963997,      0.1654932963
          0,           0,        2007,      -4.277824468,     0.03356839907,       1.585862352,       0.161137295
          0,           0,        2008,      -4.287489702,     0.02431321184,       1.606060762,      0.1778746691
          0,           0,        2009,      -4.314114732,     0.02631086871,       1.567032244,      0.1526078727
          0,           0,        2010,       -4.33448277,     0.03243164358,       1.515104672,      0.1185845495
          0,           0,        2011,      -4.334544939,     0.03660274009,       1.473109545,     0.09184217733
          0,           0,        2012,      -4.339834174,     0.03463158121,       1.460401664,     0.08609560599
          0,           0,        2013,       -4.33198455,     0.03682442811,       1.428494033,      0.0668760783
          0,           0,        2014,      -4.323737013,     0.03339878276,       1.423930822,     0.06723224107
          0,           0,        2015,      -4.314499521,     0.03119433754,       1.414184135,      0.0640168545
          0,           0,        2016,      -4.324847079,     0.02264062435,       1.435043156,     0.08262130293
          0,           0,        2017,      -4.319536567,     0.01580400793,       1.451422897,     0.09816622217
          0,           0,        2018,       -4.30944098,    0.008316850912,       1.473412884,      0.1177510362
          0,           0,        2019,      -4.305536141,  -0.0007305388377,       1.508115569,      0.1464579813
          0,           0,        2020,      -4.262576446,   -0.009350813898,       1.545258601,      0.1769301786
          0,           0,        2021,       -4.27335661,    -0.01310013481,       1.557930982,      0.1898632736
          0,           0,        2022,      -4.276186493,     -0.0122041402,       1.546303234,      0.1853368609
          0,           0,        2023,      -4.265963495,   -0.009025004236,       1.518993186,      0.1693927781
          0,           0,        2024,      -4.252329881,   -0.005903211368,       1.489082094,      0.1513466269
          0,           0,        2025,      -4.240192015,   -0.003755763139,       1.466118316,      0.1380863497
          0,           0,        2026,      -4.230631078,   -0.002497247778,       1.452860472,      0.1316282946
          0,           0,        2027,      -4.219872788,   -0.003222885529,       1.455262957,      0.1362038685
          0,           0,        2028,        -4.1991971,    0.001683763107,       1.435322638,      0.1247486814
          0,           0,        2029,      -4.183122536,    -0.00336476633,       1.463898248,      0.1475247915
          0,           0,        2030,       -4.17758954,   -0.002381147102,       1.462464074,      0.1486622268
          0,           0,        2031,      -4.178502036,   -0.008629114168,       1.457325888,      0.1459855946
          0,           0,        2032,      -4.173356202,   -0.009651400964,       1.454689477,      0.1454590432
          0,           0,        2033,      -4.173865074,   -0.009728990431,       1.449131941,      0.1426224972
          0,           0,        2034,      -4.173066917,   -0.007192979796,       1.434942975,      0.1334764951
          0,           0,        2035,      -4.180444741,   -0.004821655194,       1.424278644,        0.12664374
          0,           0,        2036,      -4.188937478,    -0.00244961994,       1.428093105,      0.1301966681
          0,           0,        2037,      -4.194266746,   -0.004736993959,       1.450166039,      0.1464013205
          0,           0,        2038,      -4.213262786,   -0.005253823346,       1.456558753,      0.1510782807
          0,           0,        2039,      -4.237387912,   -0.004144914266,       1.448203694,      0.1449153868
          0,           0,        2040,       -4.24942437,   -0.002133432557,       1.431553519,      0.1325912981
          0,           0,        2041,      -4.255780513,    0.002167921917,       1.401107075,      0.1102311685
          0,           0,        2042,      -4.256867755,       0.003187267,       1.385652599,     0.09835919355
          0,           0,        2043,      -4.262295647,    0.004484710429,       1.368719235,     0.08529099076
          0,           0,        2044,      -4.258644626,    0.004321517236,       1.359764451,     0.07778212615
          0,           0,        2045,      -4.249943417,    0.005836944798,       1.344661253,     0.06581983865
          0,           0,        2046,      -4.253908969,    0.007221788673,        1.33398684,     0.05697764606
          0,           0,        2047,      -4.235870353,    0.003621620839,       1.348239544,     0.06576275021
          0,           0,        2048,      -4.233571775,    0.004315627464,       1.344383215,     0.06163463953
          0,           0,        2049,      -4.262679644,    0.004109279084,       1.345203931,      0.0607497489
          0,           0,        2050,      -4.265726205,    0.004165293279,        1.34413575,     0.05842954997
          0,           0,        2051,      -4.267497661,    0.006370383682,       1.332359573,     0.04842935561
          0,           0,        2052,       -4.25483894,     0.01004437181,       1.313607734,     0.03343745353
          0,           0,        2053,       -4.25729093,     0.01432794352,        1.29156313,     0.01608480438
          0,           0,        2054,        -4.2436833,     0.01863568569,       1.269324199,    -0.00139092065
          0,           0,        2055,      -4.237694765,      0.0212928174,       1.254843616,    -0.01330912549
          0,           0,        2056,      -4.239914859,     0.02383303285,       1.241011006,    -0.02468497105
          0,           0,        2057,      -4.228181763,     0.02671623661,       1.226248729,    -0.03659376471
          0,           0,        2058,      -4.229179941,     0.02973520677,       1.212271529,    -0.04777153478
          0,           0,        2059,        -4.2185895,      0.0327723839,       1.200527631,    -0.05713915245
          0,           0,        2060,      -4.204420849,     0.03582459172,       1.191357243,    -0.06442484939
          0,           0,        2061,      -4.201599213,     0.03902319717,       1.184085526,    -0.07008807052
          0,           0,        2062,      -4.195687914,     0.04216586553,        1.17877914,    -0.07408150034
          0,           0,        2063,      -4.190288744,      0.0451422723,        1.17520455,     -0.0765736992
          0,           0,        2064,      -4.195265236,     0.04789802363,       1.172814805,    -0.07796076456
          0,           0,        2065,      -4.198554141,     0.05043138893,        1.17133664,     -0.0784363686
          0,           0,        2066,      -4.211260833,     0.05196994617,       1.173995231,    -0.07571948301
          0,           0,        2067,      -4.210480075,     0.05383800825,       1.176024276,    -0.07316372537
          0,           0,        2068,      -4.211370191,     0.05567497125,       1.177420261,    -0.07082424635
          0,           0,        2069,       -4.21640775,     0.05236886759,       1.163625717,    -0.07997961764
          0,           0,        2070,      -4.210553099,     0.05162322595,       1.159268584,     -0.0816923547
          0,           0,        2071,      -4.222227376,      0.0509616651,       1.155126916,    -0.08304687095
          0,           0,        2072,      -4.219741892,     0.05154376952,       1.152608415,    -0.08291632231
          0,           0,        2073,       -4.21996077,     0.05255024965,       1.152636312,    -0.08075549411
          0,           0,        2074,       -4.19222302,      0.0539554123,       1.154853282,    -0.07684938351
          0,           0,        2075,      -4.196772858,      0.0548776193,       1.155179992,    -0.07431929705
          0,           0,        2076,      -4.189849221,     0.05551104481,       1.155255151,    -0.07196586779
          0,           0,        2077,      -4.190199518,     0.05638222941,       1.157095918,    -0.06827910229
          0,           0,        2078,      -4.191984953,     0.05755130791,       1.160883393,    -0.06314359358
          0,           0,        2079,      -4.168072214,     0.05882021046,       1.165774001,    -0.05722439454
          0,           0,        2080,      -4.179056401,     0.05990989224,       1.171067127,    -0.05108975136
          0,           0,        2081,      -4.160804269,      0.0601603588,       1.176592332,    -0.04496701876
          0,           0,        2082,      -3.967824887,     0.05692275552,       1.182866817,    -0.03883161616
          0,           0,        2083,      -3.933529287,     0.05750395899,       1.188679669,     -0.0326376638
          0,           0,        2084,      -4.132970196,     0.05555168055,       1.194221618,    -0.02707299259
          0,           0,        2085,      -3.389355817,     0.04852701712,       1.192079217,    -0.02788607896
          0,           0,        2086,      -3.480873661,     0.04055101394,       1.190429792,    -0.02857375916
          0,           0,        2087,      -3.593033008,     0.03169569948,       1.194870843,    -0.02501139824
          0,           0,        2088,       -3.52781085,       0.022334548,       1.198455507,    -0.02228398597
          0,           0,        2089,      -3.455768087,     0.02987127927,       1.197715077,    -0.02068740243
          0,           0,        2090,      -3.505771852,     0.03874092604,       1.203798979,    -0.01401507144
          0,           0,        2091,      -3.791615734,     0.03470644515,       1.202919684,    -0.01429079172
          0,           0,        2092,       -3.82091831,       0.043030805,       1.212365374,   -0.005473224775
          0,           0,        2093,      -3.776533759,     0.03573914451,       1.221455492,   0.0009133040465
          0,           0,        2094,      -3.843837252,     0.04373774401,       1.225568829,    0.005477008646
          0,           0,        2095,      -3.749259272,     0.03623525954,       1.230116282,    0.008205847107
          0,           0,        2096,      -3.810096359,     0.04224058651,        1.22666045,    0.006675081766
          0,           0,        2097,      -3.707058516,     0.04604338093,       1.221282193,    0.003309928643
          0,           0,        2098,        -3.5824445,     0.04367376781,       1.216308413,  -0.0006851907791
          0,           0,        2099,      -4.006396763,     0.03988326082,       1.210545171,   -0.005549994231
          0,           0,        2100,      -3.809170572,     0.03329902046,       1.204071845,    -0.01137422098
          0,           0,        2101,      -3.523814437,      0.0259343861,       1.197830179,    -0.01717831326
          0,           0,        2102,      -3.700198631,     0.02221296655,       1.190445053,    -0.02337567556
          0,           0,        2103,      -3.919804692,     0.02075877396,       1.179582833,    -0.03184698093
          0,           0,        2104,      -3.923730641,     0.01446774905,       1.171046226,    -0.03922643262
          0,           0,        2105,      -3.994814869,    0.007541837432,       1.159767508,     -0.0487046876
          0,           0,        2106,      -3.941989886,  -0.0002057793115,       1.147804282,    -0.05879495371
          0,           0,        2107,      -3.939306438,   -0.009501962586,       1.140986364,    -0.06530820615
          0,           0,        2108,      -3.960265372,      -0.014868676,       1.120303688,    -0.08159058356
          0,           0,        2109,      -3.985762028,    -0.02331525016,        1.11925522,    -0.08387289454
          0,           0,        2110,      -4.010212776,    -0.02551624936,       1.104533485,    -0.09555903265
          0,           0,        2111,      -4.031258516,    -0.02631402534,       1.093906862,     -0.1042083482
          0,           0,        2112,      -4.047319795,    -0.02790465365,       1.109036655,     -0.0941676518
          0,           0,        2113,      -3.996399755,    -0.02654567052,       1.125158619,    -0.08325015715
          0,           0,        2114,      -4.060604385,    -0.02515975563,       1.148073788,    -0.06756015718
          0,           0,        2115,      -4.066575897,    -0.02166550045,        1.16602169,    -0.05550428308
          0,           0,        2116,      -4.065293265,    -0.02129283193,       1.196138346,    -0.03512315805
          0,           0,        2117,      -4.067004496,    -0.01770041754,        1.21493128,     -0.0229170338
          0,           0,        2118,      -4.074960116,    -0.01353714378,       1.232657929,    -0.01165554141
          0,           0,        2119,      -4.090402705,   -0.008910373904,       1.250038925,  -0.0008136673633
          0,           0,        2120,      -4.103650768,    -0.00389082594,       1.267877639,     0.01020320358
          0,           0,        2121,      -4.125843498,    0.001445530779,       1.286220163,     0.02143088335
          0,           0,        2122,       -4.14215984,    0.007007871124,       1.304926853,     0.03278185005
          0,           0,        2123,      -4.158829189,     0.01236776611,       1.322293215,     0.04297260196
          0,           0,        2124,      -4.156109426,     0.01740216339,       1.338147444,      0.0518884817
          0,           0,        2125,      -4.181585223,     0.02234243189,       1.353421325,     0.06027109857
          0,           0,        2126,      -4.190028964,      0.0263312592,       1.372564363,     0.07131885693
          0,           0,        2127,      -4.193922354,     0.03091077598,       1.388903223,     0.08034261405
          0,           0,        2128,      -4.196124267,     0.03282765098,        1.41337177,     0.09502439153
          0,           0,        2129,      -4.195879975,     0.03623771145,       1.428254833,      0.1028674234
          0,           0,        2130,      -4.196167608,     0.03957406441,       1.439891151,      0.1083807396
          0,           0,        2131,       -4.19467308,     0.03923938245,       1.461039643,      0.1205389539
          0,           0,        2132,      -4.192316342,      0.0429149571,       1.463653281,      0.1196672392
          0,           0,        2133,      -4.190475191,     0.04682022098,       1.462345242,      0.1160697561
          0,           0,        2134,      -4.188799628,     0.05158067628,       1.454065488,      0.1075890681
          0,           0,        2135,      -4.186058079,     0.05439988168,       1.450746933,      0.1026760224
          0,           0,        2136,      -4.183099344,     0.05668945042,         1.4466249,     0.09726718014
          0,           0,        2137,       -4.17914403,     0.05678995574,       1.449775758,     0.09710641032
          0,           0,        2138,      -4.175667804,     0.05814867603,       1.447390711,     0.09319641003
          0,           0,        2139,      -4.173593507,     0.05903272251,       1.443945963,     0.08861908991
          0,           0,        2140,      -4.169508075,     0.05972014281,         1.4399371,     0.08377910394
          0,           0,        2141,      -4.166125633,     0.06024624732,       1.435590387,     0.07884949467
          0,           0,        2142,      -4.169179616,     0.06059054958,       1.431190397,     0.07403981857
          0,           0,        2143,      -4.165888295,     0.06073480304,       1.427169272,     0.06966583724
          0,           0,        2144,      -4.166311863,     0.06073683916,       1.423963241,     0.06606050011
          0,           0,        2145,      -4.167129862,     0.05962602149,       1.425616314,     0.06608289825
          0,           0,        2146,      -4.167583524,     0.05961483727,        1.42289026,     0.06320485413
          0,           0,        2147,      -4.169716478,     0.05961754778,       1.421522449,     0.06151932561
          0,           0,        2148,      -4.162036216,     0.06023205458,       1.418950862,     0.05920927448
          0,           0,        2149,       -4.17159156,     0.06053820558,       1.419085363,     0.05903327542
          0,           0,        2150,      -4.174827241,     0.06061823434,       1.421314677,     0.06053979401
          0,           0,        2151,      -4.178124409,     0.06063594008,       1.424580911,     0.06295698062
          0,           0,        2152,      -4.184679407,     0.06108184266,       1.426712784,      0.0647318461
          0,           0,        2153,      -4.198370795,     0.06174173332,       1.428443466,     0.06636240259
          0,           0,        2154,       -4.22459154,     0.06073380412,       1.437257031,     0.07310775026
          0,           0,        2155,      -4.261483949,     0.06439892505,       1.439547191,     0.07573264319
          0,           0,        2156,      -3.872049842,     0.06722658754,       1.432965468,     0.07176856711
          0,           0,        2157,       -4.13975276,     0.06698967796,       1.434600397,     0.07351928496
          0,           0,        2158,      -4.271485568,     0.06668419887,       1.435575784,     0.07481248714
          0,           0,        2159,      -4.242924207,     0.07110090696,       1.433108262,     0.07420820719
          0,           0,        2160,      -3.088678119,     0.07124432906,       1.428975086,     0.07184221542
          0,           0,        2161,      -3.137634387,     0.07217513144,       1.422975242,     0.06822836388
          0,           0,        2162,      -3.132212554,     0.07310098292,       1.415823835,     0.06379998929
          0,           0,        2163,      -3.126321869,     0.07379743662,       1.407918442,     0.05883680866
          0,           0,        2164,      -3.122322128,     0.07419176195,       1.399598182,     0.05360013306
          0,           0,        2165,      -3.114242299,     0.07426188618,       1.391288338,     0.04842628085
          0,           0,        2166,      -3.109977362,     0.07398614789,       1.383478117,     0.04370333162
          0,           0,        2167,      -3.169524024,      0.0735570392,       1.376586102,     0.03978824278
          0,           0,        2168,      -3.221754141,     0.07281562264,       1.370827103,     0.03685136874
          0,           0,        2169,      -3.250460522,     0.07185505056,       1.365951864,     0.03475687618
          0,           0,        2170,      -3.278096884,     0.07088819705,       1.361530142,     0.03324285594
          0,           0,        2171,      -3.277290599,     0.07007544772,       1.357277667,     0.03213863987
          0,           0,        2172,      -3.666125243,      0.0694968081,       1.353017872,     0.03133788098
          0,           0,        2173,      -3.807230853,     0.06916471383,       1.348738934,     0.03083580083
          0,           0,        2174,      -3.954659144,      0.0690432568,       1.344471685,     0.03064459237
          0,           0,        2175,      -4.086741433,     0.06920913279,       1.340213896,     0.03075754451
          0,           0,        2176,      -4.044760179,     0.06948862829,       1.336065652,     0.03119967411
          0,           0,        2177,       -3.90163334,     0.06983587482,       1.332095076,     0.03197865304
          0,           0,        2178,      -4.047921906,     0.07020078277,       1.328380073,     0.03309846948
          0,           0,        2179,      -3.988814353,     0.07043572938,       1.325012394,     0.03455192577
          0,           0,        2180,      -3.998091153,     0.07043263951,       1.322062429,     0.03631179047
          0,           0,        2181,      -4.032947575,      0.0702264519,        1.31956515,     0.03833955983
          0,           0,        2182,      -4.060296957,     0.06994678481,        1.31777274,     0.04076707658
          0,           0,        2183,      -4.092781917,     0.06973269514,       1.316841028,     0.04365333695
          0,           0,        2184,      -4.135461328,     0.06953425492,       1.316712951,     0.04688394115
          0,           0,        2185,      -4.141540044,     0.06928342291,       1.317281692,     0.05030736345
          0,           0,        2186,      -4.216307724,     0.06914538092,       1.318157618,     0.05360189343
          0,           0,        2187,      -4.039953812,     0.07476053339,       1.317683541,     0.05622868252
          0,           0,        2188,      -3.503502112,     0.07383705883,       1.317790801,     0.05797671176
          0,           0,        2189,      -3.508311158,     0.07320511568,       1.317307274,     0.05884924595
          0,           0,        2190,       -3.52670644,     0.07299943422,       1.316173478,      0.0588114683
          0,           0,        2191,      -3.838687808,     0.07252237828,       1.314549027,     0.05789938848
          0,           0,        2192,      -3.898283501,     0.07082082968,       1.312273928,     0.05589512885
          0,           0,        2193,      -4.006903408,     0.06907363594,       1.308791764,     0.05257804273
          0,           0,        2194,      -3.896444519,     0.06766062903,       1.303872605,     0.04787703585
          0,           0,        2195,      -3.956720245,     0.06609921025,       1.297725321,     0.04193863705
          0,           0,        2196,      -4.098543022,     0.06409116973,          1.290781,     0.03509748739
          0,           0,        2197,      -4.262730442,     0.06159524443,       1.283675817,     0.02787272253
          0,           0,        2198,      -4.284508105,     0.05834269502,       1.278699981,     0.02196802826
          0,           0,        2199,      -4.303148226,     0.05498431963,        1.27447118,     0.01648844582
          0,           0,        2200,      -4.321248963,     0.05156245493,       1.271712943,     0.01200788238
          0,           0,        2201,      -4.327238797,     0.04823944562,       1.270556257,    0.008671513124
          0,           0,        2202,       -4.32843604,     0.04505074108,       1.270861075,     0.00640556859
          0,           0,        2203,      -4.284169327,     0.04214861209,       1.272061061,     0.00483263205
          0,           0,        2204,      -4.306933762,     0.03838390883,       1.280274816,    0.008339209997
          0,           0,        2205,      -4.316447196,     0.03626633772,       1.281964237,    0.007275202415
          0,           0,        2206,      -4.314837952,     0.03442637325,       1.285243214,    0.007463604791
          0,           0,        2207,      -4.053769559,     0.03319851225,       1.287067275,    0.006709873053
          0,           0,        2208,      -4.205131578,     0.03096833778,       1.295086972,     0.01045562403
          0,           0,        2209,      -4.119259462,     0.02940086746,       1.297464894,     0.01017996187
          0,           0,        2210,      -4.289874096,     0.02774501617,       1.298178454,    0.008714743588
          0,           0,        2211,      -4.299779113,     0.02591704173,       1.297724468,     0.00640691151
          0,           0,        2212,      -4.005177865,     0.02066060865,       1.315846713,     0.01739167125
          0,           0,        2213,      -4.005299177,     0.01927610847,        1.31181408,     0.01254600189
          0,           0,        2214,      -4.125102241,     0.01838164708,       1.308020938,    0.007948149923
          0,           0,        2215,      -4.293877147,     0.01766945259,       1.304989927,    0.003934749688
          0,           0,        2216,      -4.317699565,     0.01695561465,       1.302504388,   0.0003171737211
          0,           0,        2217,       -4.32823371,     0.01251726875,         1.3190511,     0.01025600407
          0,           0,        2218,      -4.332467718,     0.01138911863,       1.317448076,    0.007228159394
          0,           0,        2219,      -4.332936209,     0.01058067858,       1.316397926,    0.004648541425
          0,           0,        2220,      -4.332260412,    0.009850924189,       1.317198409,    0.003442021639
          0,           0,        2221,      -4.329444497,    0.009526835754,          1.318743,     0.00283457617
          0,           0,        2222,      -4.331475638,     0.00473534046,       1.345435615,      0.0202000619
          0,           0,        2223,      -4.332555155,     0.00538750192,        1.34934079,     0.02145356972
          0,           0,        2224,      -4.336089484,    0.006658571747,       1.354533294,     0.02374345056
          0,           0,        2225,      -4.334760645,    0.008663248077,       1.359190387,     0.02574653248
          0,           0,        2226,      -4.334395826,     0.01152511428,        1.36248147,       0.026884731
          0,           0,        2227,      -4.336005596,     0.01491404899,       1.364825996,     0.02744271916
          0,           0,        2228,      -4.336333749,     0.01850183448,          1.366836,     0.02785833677
          0,           0,        2229,      -4.334849769,     0.02188659093,        1.36955461,     0.02887883656
          0,           0,        2230,       -4.32540726,      0.0186687484,       1.402635088,     0.05158195466
          0,           0,        2231,      -4.328976112,     0.02168629087,       1.402810272,     0.05097778757
          0,           0,        2232,      -4.335561408,     0.02418712084,       1.405965262,      0.0526989121
          0,           0,        2233,      -4.341348438,     0.02603202082,       1.409647216,     0.05494258812
          0,           0,        2234,      -4.336910535,     0.02737198933,       1.413009051,     0.05711932682
          0,           0,        2235,      -4.335909013,     0.02823313248,       1.416211502,     0.05936496812
          0,           0,        2236,      -4.298026377,     0.02868101862,       1.419252457,     0.06169141509
          0,           0,        2237,      -4.319102456,     0.02635711347,       1.434444296,     0.07287739506
          0,           0,        2238,      -4.307795658,     0.02312173233,       1.453212077,      0.0868291266
          0,           0,        2239,      -4.308379294,     0.02068909979,       1.466034455,     0.09672964719
          0,           0,        2240,      -4.338011855,     0.01471326579,       1.496035045,      0.1190628063
          0,           0,        2241,      -4.335175782,     0.01210043783,       1.506696767,      0.1277550759
          0,           0,        2242,      -4.340948585,     0.01103745254,       1.508102145,      0.1299863006
          0,           0,        2243,      -4.339501865,     0.01144131248,       1.501484028,      0.1266316137
          0,           0,        2244,       -4.33343791,     0.01290841756,       1.490455958,      0.1202787386
          0,           0,        2245,      -4.307189271,     0.01446812089,       1.478333189,      0.1132205683
          0,           0,        2246,      -4.326234467,     0.01583737243,        1.46697453,      0.1067630849
          0,           0,        2247,      -4.326141579,     0.01260973089,       1.477468437,      0.1158667675
          0,           0,        2248,      -4.335245823,     0.01099438708,       1.480386842,      0.1195938716
          0,           0,        2249,      -4.336462404,     0.00968359183,       1.480809186,      0.1214996138
          0,           0,        2250,      -4.341257306,    0.008300478587,        1.48212161,       0.124013617
          0,           0,        2251,      -4.282604606,    0.003305005604,       1.502568669,      0.1401221658
          0,           0,        2252,      -4.308704354,  -0.0003098808929,       1.516021233,      0.1511743719
          0,           0,        2253,      -4.336897644,   -0.002269777815,       1.519973568,      0.1553422359
          0,           0,        2254,      -4.336947411,   -0.002579402807,        1.51554317,      0.1534405236
          0,           0,        2255,      -4.324864165,    0.007892708321,       1.458550988,      0.1140477234
          0,           0,        2256,      -4.303994991,    0.009515270064,       1.448925272,      0.1083549441
          0,           0,        2257,      -4.327120406,     0.01100316863,       1.437995161,      0.1015744933
          0,           0,        2258,      -4.324187974,     0.01226067081,       1.428245291,     0.09553186088
          0,           0,        2259,      -4.319527224,     0.01333520778,        1.41965491,     0.09022272673
          0,           0,        2260,      -4.313378761,      0.0144242729,       1.411317947,     0.08501187067
          0,           0,        2261,      -4.323742655,     0.01415671979,       1.409695981,      0.0845019767
          0,           0,        2262,      -4.321817094,     0.01381744664,       1.408556571,     0.08427082865
          0,           0,        2263,      -4.318996305,    0.006453943096,       1.439911748,      0.1070515557
          0,           0,        2264,      -4.313933657,    0.006565965135,       1.436275316,       0.104934861
          0,           0,        2265,      -4.328963687,    0.007371583683,       1.430392667,      0.1012179378
          0,           0,        2266,      -4.332750175,    0.008578615932,       1.422946492,     0.09637444548
          0,           0,        2267,      -4.337075446,    0.009855076457,       1.415005069,     0.09115788604
          0,           0,        2268,      -4.341417251,     0.01097796815,       1.407315251,     0.08609356063
          0,           0,        2269,      -4.336362328,     0.01180458198,        1.40025957,     0.08144921445
          0,           0,        2270,      -4.294776271,     0.01181180468,       1.396110474,     0.07883209584
          0,           0,        2271,      -4.295915161,    0.009411871776,        1.40222924,      0.0834682602
          0,           0,        2272,      -4.270506519,    0.006491829872,       1.410734203,      0.0897798755
          0,           0,        2273,      -4.324033276,     0.00430758006,       1.415545259,     0.09343993645
          0,           0,        2274,      -4.333136918,   -0.001093305515,       1.436717378,      0.1087253054
          0,           0,        2275,      -4.333775965,   -0.003688588847,       1.445016451,      0.1148375819
          0,           0,        2276,      -4.333012251,   -0.003663459278,        1.44195326,      0.1128595968
          0,           0,        2277,      -4.270287874,   -0.002117195902,       1.434241075,      0.1075967448
          0,           0,        2278,      -4.289198582,  -0.0001708310196,       1.427419158,      0.1029867586
          0,           0,        2279,      -4.322478525,     0.00155942231,       1.423428625,      0.1003787111
          0,           0,        2280,      -4.323701854,    0.002904317798,       1.422735416,      0.1000966811
          0,           0,        2281,      -4.290174561,   0.0001925935483,       1.442465457,      0.1143059949
          0,           0,        2282,      -4.311966532,   -0.001561079766,         1.4606845,      0.1274783919
          0,           0,        2283,      -4.273970916,     -0.0027865761,       1.476975597,      0.1392606007
          0,           0,        2284,      -4.298276847,   -0.003409067411,       1.490112137,      0.1487704794
          0,           0,        2285,      -4.318710161,   -0.004896139257,       1.507516723,      0.1613086608
          0,           0,        2286,      -4.303176064,    -0.00674230652,       1.525951249,      0.1745648192
          0,           0,        2287,      -4.321436794,   -0.008189587613,       1.540017661,       0.184662334
          0,           0,        2288,      -4.307622998,   -0.008143893665,       1.543450982,      0.1871267958
          0,           0,        2289,      -4.329281552,   -0.005884478248,       1.534030842,      0.1804188157
          0,           0,        2290,      -4.302756919,   -0.001368783665,       1.517732498,      0.1689545035
          0,           0,        2291,      -3.978260891,    0.003299126043,       1.503018854,      0.1587034466
          0,           0,        2292,      -3.984637371,    0.005764076104,       1.499884145,       0.156729353
          0,           0,        2293,      -3.916119162,   -0.003483388065,       1.553600551,      0.1951948882
          0,           0,        2294,      -3.970952282,   -0.005074938907,       1.573158343,      0.2094514246
          0,           0,        2295,      -4.060460047,   -0.006860813336,       1.590345219,      0.2219301605
          0,           0,        2296,      -4.154506043,   -0.008433524285,       1.599127331,      0.2282239528
          0,           0,        2297,      -4.168737508,     -0.0105445002,         1.5998752,      0.2285014542
          0,           0,        2298,      -4.048287683,   -0.004085525808,        1.59355693,      0.2246588963
          0,           0,        2299,      -3.859041044,    -0.00383314569,       1.584705714,      0.2181161874
          0,           0,        2300,       -4.06584091,   -0.003299894836,       1.576263365,      0.2118878049
          0,           0,        2301,      -4.070109495,   -0.004396944381,       1.569777904,      0.2068694639
          0,           0,        2302,      -3.962515029,   -0.000903679217,       1.561662934,      0.2012301724
          0,           0,        2303,       -3.99775629,     0.00522048817,       1.549636579,      0.1930395542
          0,           0,        2304,      -3.675500368,      0.0123874261,       1.509423798,      0.1641843105
          0,           0,        2305,      -3.726786297,     0.01637263528,       1.482768837,      0.1449414858
          0,           0,        2306,      -3.929761965,     0.01842131406,       1.463564516,      0.1309814972
          0,           0,        2307,       -4.20470379,     0.01939784178,       1.447719165,       0.119418325
          0,           0,        2308,      -4.195973427,     0.01980683261,       1.432518015,      0.1083290272
          0,           0,        2309,      -4.227133837,     0.01943917156,       1.419059145,     0.09851160649
          0,           0,        2310,      -4.234901829,     0.01828217645,        1.40787483,     0.09036369932
          0,           0,        2311,      -4.243781347,     0.01674286584,       1.397910872,     0.08316039481
          0,           0,        2312,      -4.278359616,      0.0153801117,       1.387822418,     0.07597180809
          0,           0,        2313,      -4.265429815,     0.01442002804,       1.377580161,     0.06878610203
          0,           0,        2314,      -4.298547347,     0.01381532885,        1.36798396,     0.06216551224
          0,           0,        2315,      -4.319190177,    0.007541621074,       1.387257521,     0.07612568326
          0,           0,        2316,      -4.277167134,    0.006101542022,       1.386876325,     0.07619500157
          0,           0,        2317,      -3.900834241,    0.006241121724,        1.38299796,     0.07384520678
          0,           0,        2318,      -3.714381703,    0.008254672957,       1.375207958,     0.06878527025
          0,           0,        2319,      -3.405062177,     0.01118149663,       1.366879756,     0.06335632096
          0,           0,        2320,       -3.62962785,     0.01101699496,       1.374045755,      0.0688532196
          0,           0,        2321,      -4.082494059,     0.01158917876,       1.376748077,     0.07103116099
          0,           0,        2322,      -4.235789449,     0.01353179244,       1.372275976,     0.06796255273
          0,           0,        2323,      -4.300744937,     0.01574483753,       1.366653365,     0.06394714173
          0,           0,        2324,      -4.238158415,     0.01874426628,        1.35702303,     0.05694447171
          0,           0,        2325,      -4.206124945,     0.02059174566,       1.350822963,     0.05220007446
          0,           0,        2326,      -4.214958483,     0.01456107943,       1.376728574,     0.07001097325
          0,           0,        2327,      -4.176948262,     0.01414322712,       1.373772046,     0.06715571021
          0,           0,        2328,      -4.219535555,     0.01274869768,       1.372218956,     0.06512895183
          0,           0,        2329,      -4.184339841,    0.009492212252,       1.375431509,     0.06630964082
          0,           0,        2330,      -4.209512799,    0.005996731943,       1.377362133,     0.06645092646
          0,           0,        2331,      -4.154168728,    0.001775372816,       1.381985414,      0.0684167788
          0,           0,        2332,      -4.192205588,   -0.001567165391,       1.383870756,     0.06839191951
          0,           0,        2333,      -4.072194514,   -0.003783908034,       1.383551559,     0.06678290608
          0,           0,        2334,      -4.090467012,   -0.005092012502,       1.383249913,     0.06518060757
          0,           0,        2335,      -4.047674757,    -0.00542625496,       1.383317048,     0.06383567049
          0,           0,        2336,      -3.624495742,   -0.004896388028,       1.384325548,     0.06313947077
          0,           0,        2337,      -3.318208743,   -0.004009553481,       1.387426677,     0.06386688504
          0,           0,        2338,      -3.772496232,   -0.003574386608,       1.394552478,     0.06733945562
          0,           0,        2339,      -3.990261025,   -0.003448291089,       1.403672486,     0.07208598241
          0,           0,        2340,      -4.253607009,   -0.003050533207,       1.411398253,     0.07570337248
          0,           0,        2341,      -4.266321737,   -0.002857300187,       1.419848437,     0.07971974816
          0,           0,        2342,      -4.274995658,   -0.002108537511,       1.425414196,     0.08160174208
          0,           0,        2343,      -4.287789784,   -0.005966059299,        1.45096066,     0.09758377929
          0,           0,        2344,      -4.317214155,   -0.005020671753,       1.453630986,     0.09729543359
          0,           0,        2345,      -4.312703551,   -0.009879806115,       1.481813935,       0.115096776
          0,           0,        2346,      -4.317607629,   -0.007787185337,       1.477355924,      0.1097526745
          0,           0,        2347,      -4.285872988,   -0.004400310855,       1.467677498,      0.1007817061
          0,           0,        2348,      -4.315811362,  -0.0002985935475,       1.455798918,     0.09034685018
          0,           0,        2349,      -4.318998189,    0.003924267338,        1.44492252,     0.08073728303
          0,           0,        2350,      -4.324535829,    0.008175171577,       1.436291909,     0.07285082901
          0,           0,        2351,      -4.318604083,     0.01237499519,       1.430794666,     0.06732400775
          0,           0,        2352,      -4.314914013,     0.01652767566,       1.428518362,     0.06421221293
          0,           0,        2353,      -4.307497252,     0.02067961993,       1.429004151,     0.06317127277
          0,           0,        2354,      -4.302201624,     0.02472745805,        1.43218847,     0.06412850397
          0,           0,        2355,      -4.279802277,     0.02809238461,       1.439874673,     0.06833279631
          0,           0,        2356,      -4.282513731,     0.03130399155,       1.448892662,     0.07351070699
          0,           0,        2357,      -4.296425117,     0.03435396891,       1.458333645,     0.07899813803
          0,           0,        2358,      -4.299201176,     0.03736087425,       1.466931766,     0.08388688862
          0,           0,        2359,      -4.303886742,     0.03712047814,       1.489500816,     0.09870236332
          0,           0,        2360,      -4.322397027,     0.03978005749,       1.497644673,      0.1033069172
          0,           0,        2361,      -4.332720375,     0.04262742313,       1.503730642,      0.1064961224
          0,           0,        2362,      -4.334984737,      0.0456192521,       1.507127748,      0.1078211054
          0,           0,        2363,       -4.33396645,     0.04861048191,       1.508617216,       0.107860105
          0,           0,        2364,      -4.324484435,     0.05158218778,       1.508519919,      0.1068641198
          0,           0,        2365,      -4.316756067,     0.05442048882,       1.507587866,      0.1053873692
          0,           0,        2366,      -4.304987151,     0.05680707733,       1.507185665,      0.1044155841
          0,           0,        2367,      -4.293110562,     0.05873185379,       1.507039487,       0.103769856
          0,           0,        2368,      -4.284670202,     0.06035804011,       1.506205011,      0.1028019669
          0,           0,        2369,      -4.281071954,     0.06178563622,       1.503957858,      0.1010170594
          0,           0,        2370,      -4.278706755,     0.06304054992,       1.500051369,     0.09826408437
          0,           0,        2371,      -4.276294953,     0.06411101932,        1.49441814,     0.09451824736
          0,           0,        2372,      -4.281317874,     0.06500179822,        1.48698869,     0.08975306278
          0,           0,        2373,      -4.284152795,      0.0656865361,        1.47792466,     0.08410783149
          0,           0,        2374,      -4.294775408,     0.06609983228,        1.46766926,     0.07791595893
          0,           0,        2375,      -4.305218711,     0.06610393573,       1.457025712,      0.0717601438
          0,           0,        2376,      -4.311775609,      0.0655839234,       1.446727802,      0.0661691943
          0,           0,        2377,      -4.318956678,     0.06455600732,       1.437047474,     0.06133472022
          0,           0,        2378,      -4.324688019,     0.06315260833,       1.427682325,      0.0570310944
          0,           0,        2379,      -4.330753306,     0.06141046709,       1.418898607,     0.05341918769
          0,           0,        2380,      -4.336720118,     0.05951386359,       1.410326636,     0.05019815165
          0,           0,        2381,      -4.343578481,     0.05766101193,       1.401398432,     0.04692501088
          0,           0,        2382,      -4.346475237,     0.05598450376,       1.391763668,      0.0433056252
          0,           0,        2383,      -4.345763766,     0.05453432137,       1.381426482,     0.03928809826
          0,           0,        2384,      -4.347767809,     0.05256085103,       1.374115256,     0.03746454405
          0,           0,        2385,      -4.348145367,      0.0505095843,       1.367945652,     0.03644618216
          0,           0,        2386,      -4.344677097,     0.04857178221,       1.362049112,     0.03556227123
          0,           0,        2387,      -4.347478728,     0.04683869836,        1.35610412,     0.03454168136
          0,           0,        2388,      -4.346935135,     0.04519197482,       1.350731804,     0.03378893458
          0,           0,        2389,      -4.345963251,     0.04361415069,       1.346054517,     0.03336765973
          0,           0,        2390,      -4.345485834,      0.0422102968,       1.341414345,     0.03279270898
          0,           0,        2391,      -4.345650236,     0.04106820093,       1.336260494,     0.03166156802
          0,           0,        2392,      -4.345098127,     0.04018141679,       1.330482548,     0.02989728162
          0,           0,        2393,      -4.343374993,      0.0394254568,       1.324565659,      0.0278517459
          0,           0,        2394,      -4.339993044,     0.03869737875,       1.318918704,     0.02583446183
          0,           0,        2395,      -4.338587469,     0.03794326484,       1.313781836,     0.02403549588
          0,           0,        2396,      -4.341781464,     0.03715587035,       1.309281606,     0.02257159623
          0,           0,        2397,      -4.340318146,     0.03633657006,       1.305557993,     0.02156909894
          0,           0,        2398,      -4.330797243,     0.03549191478,       1.302708197,     0.02111983871
          0,           0,        2399,      -4.328931353,     0.03462782672,       1.300875827,     0.02134579847
          0,           0,        2400,       -4.32759588,     0.03371738433,       1.300380419,     0.02248563382
          0,           0,        2401,      -4.323722097,     0.03280001827,       1.301098178,     0.02445310942
          0,           0,        2402,      -4.328879774,      0.0318566107,       1.302995678,     0.02721827652
          0,           0,        2403,      -4.328328984,     0.03092409736,       1.305599663,     0.03042905915
          0,           0,        2404,      -4.328308617,     0.03000155335,       1.308215636,     0.03355789537
          0,           0,        2405,      -4.306850501,     0.02920530982,       1.310224138,     0.03614729896
          0,           0,        2406,      -4.319595365,     0.02859998685,       1.311263838,     0.03792210611
          0,           0,        2407,      -4.320859135,     0.02815901369,       1.311210907,     0.03876643559
          0,           0,        2408,      -4.318489765,      0.0278112009,       1.310239648,     0.03877941279
          0,           0,        2409,      -4.319669692,     0.02751345117,       1.308470736,     0.03802565672
          0,           0,        2410,      -4.321641971,     0.02722993179,       1.306315151,     0.03678509025
          0,           0,        2411,      -4.324848494,      0.0269818714,       1.304055481,     0.03524774503
          0,           0,        2412,      -4.329886798,     0.02680396032,         1.3020176,     0.03364131477
          0,           0,        2413,      -4.337829353,     0.02670574219,       1.300665684,     0.03229244693
          0,           0,        2414,      -4.340164685,     0.02661010059,       1.301022032,     0.03192831805
          0,           0,        2415,      -4.342285843,      0.0264989142,       1.303791956,     0.03305374476
          0,           0,        2416,      -4.332769399,     0.02641813017,        1.30906611,     0.03572911658
          0,           0,        2417,      -4.324543832,     0.02640579149,       1.316702269,      0.0398461407
          0,           0,        2418,      -4.317985936,     0.02648623431,       1.326692119,     0.04539572909
          0,           0,        2419,      -4.310802274,     0.02669796154,       1.338721659,     0.05214838018
          0,           0,        2420,      -4.309925242,      0.0270857034,       1.352339097,     0.05977811987
          0,           0,        2421,       -4.30836332,     0.02769580364,       1.366943768,     0.06785244198
          0,           0,        2422,      -4.302120302,     0.02856425752,       1.381743033,     0.07580311019
          0,           0,        2423,      -4.295031683,     0.02970415341,       1.395949355,     0.08306676715
          0,           0,        2424,      -4.284718836,      0.0311171928,       1.408917068,     0.08918850017
          0,           0,        2425,        -4.2778296,     0.03275271098,       1.420299053,     0.09393751607
          0,           0,        2426,      -4.267630905,     0.03454416915,       1.429993765,     0.09726784497
          0,           0,        2427,      -4.263963086,     0.03641229765,       1.438008638,     0.09921540282
          0,           0,        2428,      -4.258137045,     0.03832618763,       1.444455262,     0.09990010595
          0,           0,        2429,      -4.262086079,     0.04025429482,       1.449498678,     0.09948025534
          0,           0,        2430,      -4.263240011,     0.04216926847,       1.453425246,      0.0982026792
          0,           0,        2431,      -4.270597568,     0.04404727291,       1.456528965,     0.09631899853
          0,           0,        2432,      -4.269055362,     0.04586886681,       1.459086658,     0.09406535071
          0,           0,        2433,      -4.269085272,       0.047612758,       1.461334199,     0.09164269027
          0,           0,        2434,      -4.272061065,     0.04925779678,       1.463445341,     0.08920363447
          0,           0,        2435,      -4.275401196,     0.05081025083,       1.465371368,     0.08673721554
          0,           0,        2436,      -4.276877674,     0.05225592596,       1.466922503,     0.08411962121
          0,           0,        2437,      -4.276429021,     0.05321134903,       1.469915639,     0.08266129804
          0,           0,        2438,      -4.275503829,     0.05412088679,       1.472208407,     0.08085743881
          0,           0,        2439,      -4.278480212,     0.05511629533,       1.472855266,     0.07804350773
          0,           0,        2440,       -4.28194933,      0.0561133266,       1.471881095,     0.07423717945
          0,           0,        2441,      -4.286237457,     0.05707068957,       1.469414953,     0.06953680926
          0,           0,        2442,      -4.292199929,      0.0579618607,       1.465607027,     0.06405812955
          0,           0,        2443,      -4.297476956,     0.05876503548,       1.460644818,     0.05794181093
          0,           0,        2444,      -4.300829714,      0.0594680283,       1.454623049,     0.05125877158
          0,           0,        2445,      -4.303850611,      0.0600239181,       1.448604635,     0.04478348751
          0,           0,        2446,      -4.310153972,     0.06042013847,        1.44286627,      0.0387168751
          0,           0,        2447,       -4.31320623,     0.06067443234,       1.437062832,     0.03280611965
          0,           0,        2448,      -4.315083561,     0.06081637122,       1.430937608,     0.02686124346
          0,           0,        2449,      -4.319136457,      0.0608555565,       1.424527498,     0.02090686414
          0,           0,        2450,      -4.322117723,     0.06079369449,       1.418080387,      0.0151231316
          0,           0,        2451,      -4.325098607,     0.06062534899,       1.411887712,     0.00972146865
          0,           0,        2452,      -4.333656612,     0.06034675436,       1.406159382,    0.004852915427
          0,           0,        2453,      -4.333650877,     0.05995931695,       1.400997356,   0.0005923933895
          0,           0,        2454,      -4.332762198,     0.05946855924,       1.396378123,   -0.003075077547
          0,           0,        2455,      -4.332078889,     0.05888561411,       1.392172366,   -0.006239041441
          0,           0,        2456,       -4.33357996,     0.05822148839,       1.388226576,   -0.009004957926
          0,           0,        2457,       -4.33548289,     0.05748378218,       1.384483683,     -0.0114074929
          0,           0,        2458,      -4.335289759,     0.05667497757,       1.380946808,    -0.01343607534
          0,           0,        2459,      -4.337210036,     0.05579803488,       1.377655657,    -0.01505308842
          0,           0,        2460,       -4.33699914,     0.05486098688,       1.374651605,    -0.01622089376
          0,           0,        2461,      -4.333803967,      0.0538757561,        1.37193447,    -0.01693501324
          0,           0,        2462,      -4.335426978,      0.0528552127,       1.369472654,    -0.01721594141
          0,           0,        2463,      -4.336292754,       0.051806574,       1.367204715,    -0.01711060453
          0,           0,        2464,      -4.336792137,     0.05073261292,       1.365037753,    -0.01669179707
          0,           0,        2465,        -4.3348356,     0.04963664953,       1.362836658,    -0.01606626428
          0,           0,        2466,       -4.33576646,     0.04852475162,       1.360440431,    -0.01536137508
          0,           0,        2467,      -4.336400985,     0.04740206355,       1.357701824,    -0.01469846859
          0,           0,        2468,      -4.336353874,     0.04627075766,       1.354511568,    -0.01417481124
          0,           0,        2469,      -4.335887943,     0.04513056584,       1.350820215,    -0.01384609162
          0,           0,        2470,      -4.333945897,     0.04397938507,       1.346634216,    -0.01373013765
          0,           0,        2471,      -4.335135065,     0.04281602103,       1.341982298,    -0.01382773638
          0,           0,        2472,      -4.335343828,     0.04163904852,        1.33692837,    -0.01411244256
          0,           0,        2473,      -4.335387357,     0.04044827951,       1.331599943,    -0.01451027452
          0,           0,        2474,      -4.336027626,     0.03924291388,       1.326140021,    -0.01493604873
          0,           0,        2475,       -4.33697811,     0.03802625184,       1.320651417,    -0.01533322969
          0,           0,        2476,      -4.335927372,     0.03670278029,       1.315235097,    -0.01565763802
          0,           0,        2477,      -4.334154806,     0.03532903985,       1.309974434,    -0.01585799625
          0,           0,        2478,      -4.336243848,     0.03403639773,       1.304951992,    -0.01587264115
          0,           0,        2479,      -4.336968651,     0.03347143949,         1.3001768,    -0.01562714216
          0,           0,        2480,      -4.235894974,     0.03369560747,       1.295741043,    -0.01505912127
          0,           0,        2481,      -3.648656225,     0.03385675493,       1.291856518,    -0.01413446518
          0,           0,        2482,      -4.022752778,     0.03335363589,       1.288634546,    -0.01285973431
          0,           0,        2483,      -4.273266524,     0.03203351444,       1.286081691,    -0.01126016646
          0,           0,        2484,      -4.311853736,     0.03026805461,       1.284077951,   -0.009385190582
          0,           0,        2485,      -4.292300384,     0.02860236071,       1.282466863,   -0.007286850645
          0,           0,        2486,      -4.289306687,     0.02728723941,       1.281146557,   -0.005015978748
          0,           0,        2487,       -4.29900473,     0.02631555578,       1.280077903,   -0.002611317512
          0,           0,        2488,      -4.299194534,     0.02559656536,       1.279286076,  -7.555523805e-05
          0,           0,        2489,      -4.313048471,     0.02505090435,       1.278844805,    0.002624304977
          0,           0,        2490,      -4.308852652,     0.02463380767,       1.278911172,    0.005586659236
          0,           0,        2491,      -4.328815812,      0.0243267877,       1.279724348,    0.008970959003
          0,           0,        2492,      -4.327212073,     0.02412304969,        1.28151502,     0.01293102456
          0,           0,        2493,      -4.327213959,     0.02402584555,       1.284459532,     0.01757852004
          0,           0,        2494,      -4.323509773,     0.02404090388,       1.288659876,      0.0229702636
          0,           0,        2495,      -4.315950214,      0.0241744374,       1.294118251,     0.02908756196
          0,           0,        2496,      -4.317373173,     0.02443648871,       1.300721826,      0.0358279718
          0,           0,        2497,      -4.310639408,     0.02484399118,       1.308218509,     0.04298919996
          0,           0,        2498,       -4.29721945,     0.02541424937,       1.316224405,     0.05027320525
          0,           0,        2499,       -4.29938707,     0.02614647195,       1.324436524,     0.05744037054
          0,           0,        2500,      -4.294891992,     0.02702730256,       1.332535998,     0.06424396185
          0,           0,        2501,       -4.29166906,     0.02803923534,         1.3400896,     0.07035632767
          0,           0,        2502,      -4.289914331,      0.0291626775,         1.3466322,     0.07543052829
          0,           0,        2503,      -4.288076493,     0.03037097039,       1.351871681,     0.07924933491
          0,           0,        2504,      -4.285173531,     0.03163176153,        1.35577024,     0.08178343682
          0,           0,        2505,      -4.287902214,     0.03291113359,       1.358544015,     0.08319041827
          0,           0,        2506,      -4.294665562,     0.03417418934,       1.360682462,     0.08382978263
          0,           0,        2507,      -4.300470453,     0.03540296406,       1.362412833,     0.08387147053
          0,           0,        2508,      -4.303799491,     0.03657895116,       1.364274034,     0.08371172289
          0,           0,        2509,      -4.306286182,      0.0376976564,       1.366656266,     0.08364029062
          0,           0,        2510,      -4.310696792,     0.03878395815,       1.369787657,     0.08382688027
          0,           0,        2511,      -4.309832174,     0.03986559989,       1.373792945,     0.08436336224
          0,           0,        2512,      -4.308708272,     0.04096488966,       1.378636284,     0.08522532336
          0,           0,        2513,      -4.306309602,     0.04209946066,       1.384128284,     0.08627681748
          0,           0,        2514,      -4.302599796,     0.04328337497,       1.389873639,     0.08723315971
          0,           0,        2515,       -4.29453371,     0.04451843723,       1.395444512,     0.08778670152
          0,           0,        2516,      -4.238784158,     0.04579771407,        1.40047893,     0.08767996818
          0,           0,        2517,      -4.258339545,     0.04714408473,        1.40484209,     0.08683025788
          0,           0,        2518,      -4.276080587,     0.04862793272,       1.408695481,      0.0853789818
          0,           0,        2519,      -4.292005466,      0.0503429434,       1.412353059,     0.08358529795
          0,           0,        2520,      -4.296492289,      0.0523551362,       1.416156021,     0.08172688466
          0,           0,        2521,      -4.300993956,       0.054654142,       1.420179748,     0.07987830813
          0,           0,        2522,      -4.303352137,     0.05716127708,       1.424368925,     0.07801138126
          0,           0,        2523,      -4.307734879,     0.05974071879,       1.428440548,     0.07592566484
          0,           0,        2524,      -4.308842841,     0.06223999441,       1.432002969,     0.07334118347
          0,           0,        2525,      -4.316563638,     0.06451665556,       1.434705807,     0.07001233669
          0,           0,        2526,      -4.319591391,     0.06646870319,       1.436387354,     0.06583766679
          0,           0,        2527,      -4.321760041,     0.06804885801,       1.437105352,     0.06088531985
          0,           0,        2528,      -4.325679579,     0.06925615719,       1.437089863,     0.05535982187
          0,           0,        2529,      -4.327672238,     0.07010894108,       1.436668792,     0.04954294239
          0,           0,        2530,      -4.331433329,     0.07063612815,       1.436140209,     0.04369469894
          0,           0,        2531,      -4.322350618,      0.0709044912,       1.435817082,     0.03808838505
          0,           0,        2532,       -4.33610634,     0.07096232781,       1.435935972,     0.03293803387
          0,           0,        2533,      -4.296112162,     0.07078441745,       1.436713908,     0.02843179299
          0,           0,        2534,       -4.29707079,     0.07045744809,       1.438135739,     0.02459705183
          0,           0,        2535,      -4.314227283,      0.0700818084,       1.439933829,     0.02127481546
          0,           0,        2536,      -4.322397055,     0.06969466864,       1.441686436,     0.01818509018
          0,           0,        2537,      -4.323225814,      0.0692133241,       1.443370449,      0.0153246753
          0,           0,        2538,      -4.324630283,     0.06859978857,       1.444656204,     0.01247005084
          0,           0,        2539,      -4.324870889,     0.06788125081,       1.445130972,    0.009340997919
          0,           0,        2540,      -4.324766396,     0.06708759195,       1.444561632,    0.005788494679
          0,           0,        2541,      -4.325414622,     0.06625557039,       1.442950115,    0.001836832248
          0,           0,        2542,      -4.332764659,     0.06543138628,       1.440481113,   -0.002356056658
          0,           0,        2543,      -4.331560357,     0.06466424331,       1.437468154,    -0.00654086441
          0,           0,        2544,      -4.333167142,     0.06399808641,       1.434225926,    -0.01047117904
          0,           0,        2545,      -4.333567006,      0.0634541473,       1.431022354,    -0.01394079742
          0,           0,        2546,      -4.333453284,     0.06303086823,       1.428015726,    -0.01683042031
          0,           0,        2547,      -4.333067874,     0.06271022735,        1.42527395,     -0.0190921612
          0,           0,        2548,      -4.332232992,     0.06245805527,         1.4227632,    -0.02075595833
          0,           0,        2549,      -4.329104438,     0.06220605973,       1.420459237,    -0.02185000743
          0,           0,        2550,      -4.326425007,      0.0618735103,       1.418291937,    -0.02243750992
          0,           0,        2551,      -4.325521163,     0.06140896945,       1.416106487,    -0.02264149689
          0,           0,        2552,      -4.327642543,     0.06079203415,       1.413693202,    -0.02262216562
          0,           0,        2553,       -4.32840046,     0.06001925264,       1.410877998,    -0.02251251829
          0,           0,        2554,      -4.321379175,     0.05908790178,       1.407555059,    -0.02239785195
          0,           0,        2555,      -4.324539898,     0.05800361174,       1.403683876,    -0.02231675382
          0,           0,        2556,      -4.331126014,     0.05677729077,       1.399261313,    -0.02228219643
          0,           0,        2557,      -4.329963949,     0.05542223447,       1.394300729,    -0.02229667771
          0,           0,        2558,      -4.327576343,     0.05391590671,       1.389004179,     -0.0222293102
          0,           0,        2559,      -4.329916246,     0.05225972136,       1.383482675,    -0.02201704786
          0,           0,        2560,      -4.332552523,     0.04760869802,       1.389886663,     -0.0130867698
          0,           0,        2561,      -4.331118821,     0.04579286306,        1.38313432,    -0.01321393516
          0,           0,        2562,      -4.337637984,     0.04404509122,       1.377311953,    -0.01238708701
          0,           0,        2563,      -4.333760194,     0.04221008653,       1.371405379,    -0.01140434119
          0,           0,        2564,      -4.333567156,     0.04030640003,       1.364910762,    -0.01066825507
          0,           0,        2565,      -4.333223003,     0.03836391735,         1.3578056,    -0.01022242398
          0,           0,        2566,      -4.333627016,      0.0364026786,       1.350231199,   -0.009991859313
          0,           0,        2567,      -4.337173701,     0.03443172191,       1.342371874,   -0.009874529926
          0,           0,        2568,      -4.338196932,     0.03245601339,       1.334397492,   -0.009780000948
          0,           0,        2569,      -4.336645445,     0.03043586091,       1.326705553,   -0.009454763261
          0,           0,        2570,      -4.337115877,     0.02835554084,        1.31939127,   -0.008863353372
          0,           0,        2571,      -4.341598298,      0.0262430856,       1.312393626,   -0.008079047774
          0,           0,        2572,      -4.338341419,     0.02413679748,       1.305577296,   -0.007225948611
          0,           0,        2573,      -4.341741212,     0.02096241249,       1.303892961,   -0.002820688131
          0,           0,        2574,      -4.338223966,     0.01820516319,       1.301452336,   0.0009565410456
          0,           0,        2575,      -4.357861159,     0.01583697173,       1.297621331,    0.003608501543
          0,           0,        2576,      -4.353870255,     0.01370160871,       1.292960857,    0.005504804497
          0,           0,        2577,      -4.357515347,      0.0117630784,       1.287592356,    0.006706630912
          0,           0,        2578,      -4.356348312,     0.01003247646,       1.281676023,    0.007309332546
          0,           0,        2579,       -4.35322078,     0.01144379746,       1.262104903,   -0.002000523856
          0,           0,        2580,      -4.346867039,     0.01071593164,       1.250636632,   -0.005877524602
          0,           0,        2581,      -4.348110818,    0.009572256536,       1.243524135,   -0.006885792399
          0,           0,        2582,      -4.344604174,    0.008105136102,       1.239056637,   -0.006300504254
          0,           0,        2583,      -4.346775351,    0.006521397656,       1.236121203,   -0.004938858629
          0,           0,        2584,      -4.347108102,    0.005021492357,       1.234001846,   -0.003325025775
          0,           0,        2585,      -4.344245407,     0.00364686825,       1.232415794,   -0.001683514106
          0,           0,        2586,      -4.341927623,    0.002411993296,       1.231265563,  -0.0001026287117
          0,           0,        2587,      -4.335995696,    0.001321568947,       1.230527769,    0.001384809732
          0,           0,        2588,      -4.336149275,    0.000386311546,        1.23019988,       0.002762454
          0,           0,        2589,      -4.333192948,  -0.0003793360983,       1.230273636,     0.00401301033
          0,           0,        2590,      -4.331728939,  -0.0009626260316,       1.230754211,    0.005132520138
          0,           0,        2591,       -4.32825831,    -0.00135421658,       1.231649805,     0.00611956267
          0,           0,        2592,      -4.339604967,   -0.001548510155,       1.232984153,    0.006986366253
          0,           0,        2593,      -4.336098657,    -0.00155210159,       1.234831141,     0.00778665251
          0,           0,        2594,      -4.337292888,   -0.001382512717,       1.237283506,    0.008589732068
          0,           0,        2595,      -4.333309417,   -0.001059743349,       1.240409835,    0.009450294499
          0,           0,        2596,      -4.294394447,  -0.0005888006382,       1.244203651,      0.0103736889
          0,           0,        2597,      -4.289063293,   4.499475669e-05,       1.248652948,     0.01136861726
          0,           0,        2598,      -4.294295003,   0.0008601560274,       1.253733108,     0.01243741362
          0,           0,        2599,       -4.31787837,    0.001849055267,       1.259518047,     0.01365431603
          0,           0,        2600,      -4.332296161,    0.002949940463,       1.266140721,      0.0151331917
          0,           0,        2601,      -4.344282222,    0.004064463192,       1.273746568,     0.01699610253
          0,           0,        2602,      -4.345158113,    0.005284216976,       1.281791702,     0.01888435267
          0,           0,        2603,      -4.345966881,    0.006720892765,       1.289747223,     0.02045087035
          0,           0,        2604,      -4.346305041,    0.008270840861,       1.298076153,      0.0220561874
          0,           0,        2605,      -4.345059432,    0.009903414578,       1.306732545,     0.02369932868
          0,           0,        2606,      -4.344423651,    0.004887370177,        1.34597101,      0.0468633865
          0,           0,        2607,      -4.323374937,    0.007958193952,       1.348184092,     0.04361133574
          0,           0,        2608,      -4.338599498,     0.01109078847,       1.355265684,     0.04385853593
          0,           0,        2609,      -4.345350214,     0.01399220909,       1.363113005,     0.04457536406
          0,           0,        2610,      -4.342498789,      0.0167913013,       1.370439203,     0.04486205127
          0,           0,        2611,      -4.338903525,     0.01957460855,       1.377103631,     0.04465781714
          0,           0,        2612,      -4.313507483,     0.02238076061,       1.383288519,     0.04413166955
          0,           0,        2613,      -4.231050197,     0.02521686814,       1.389259815,     0.04350866338
          0,           0,        2614,      -4.240238066,     0.02809572755,       1.395206199,     0.04295625751
          0,           0,        2615,      -4.316335713,     0.03111553123,       1.400887495,     0.04233403315
          0,           0,        2616,      -4.323223017,     0.03427336657,        1.40635291,     0.04170126623
          0,           0,        2617,      -4.331128655,     0.03737024729,       1.412381814,     0.04162953954
          0,           0,        2618,      -4.331945575,     0.04035575925,       1.418952713,     0.04211657426
          0,           0,        2619,      -4.329028553,     0.04329153929,       1.425673805,     0.04290110652
          0,           0,        2620,      -4.338228753,     0.04534472645,       1.436329527,      0.0466858186
          0,           0,        2621,      -4.140371302,     0.04733071795,       1.447099409,     0.05077377331
          0,           0,        2622,       -4.29438085,     0.04963896175,       1.456153633,     0.05388330086
          0,           0,        2623,      -4.305246293,     0.05195856875,       1.463601629,      0.0560721729
          0,           0,        2624,      -4.297642107,      0.0542045177,       1.469697449,     0.05753191551
          0,           0,        2625,      -4.313489551,     0.05635902519,       1.474546616,     0.05835288445
          0,           0,        2626,      -4.228485901,     0.05844028515,       1.478158467,     0.05855636526
          0,           0,        2627,      -3.851105667,     0.05915465525,       1.486511162,     0.06239559136
          0,           0,        2628,      -3.848582988,     0.06035539916,       1.491761049,     0.06433259808
          0,           0,        2629,        -3.7632476,     0.06230182269,       1.491904483,     0.06292770392
          0,           0,        2630,      -3.729632133,     0.06428999664,       1.490070678,     0.06040320013
          0,           0,        2631,      -3.663334672,     0.06595097407,       1.487751109,     0.05781563912
          0,           0,        2632,      -3.590539802,     0.06729524217,       1.485321911,     0.05544410052
          0,           0,        2633,      -3.634111001,     0.06833055941,       1.482839321,     0.05332930302
          0,           0,        2634,      -3.917900229,     0.06905352406,       1.480286364,     0.05145432221
          0,           0,        2635,      -4.192656454,     0.06947063308,       1.477627265,     0.04978641826
          0,           0,        2636,         -4.301089,     0.06956338538,       1.474959163,     0.04838693784
          0,           0,        2637,      -4.316273965,     0.06931632608,       1.472386845,     0.04732118878
          0,           0,        2638,      -4.321369714,     0.06878488064,       1.469731384,     0.04645209801
          0,           0,        2639,      -4.329735307,     0.06769142419,       1.468499608,     0.04684289677
          0,           0,        2640,      -4.023185446,     0.06625168487,       1.467847252,     0.04788479109
          0,           0,        2641,       -3.59356884,     0.06469527203,       1.466869027,     0.04892229121
          0,           0,        2642,      -3.603037708,      0.0630421481,       1.465204418,     0.04967172276
          0,           0,        2643,      -3.809420374,     0.06117320296,       1.463267769,     0.05040785744
          0,           0,        2644,      -4.315423331,     0.05917175827,       1.460698467,      0.0508591096
          0,           0,        2645,      -4.244135935,     0.05708490746,        1.45740191,     0.05094110002
          0,           0,        2646,      -4.273696715,     0.05520033232,       1.452046512,     0.04968596455
          0,           0,        2647,      -4.328307178,     0.05640261321,       1.427857686,     0.03506387136
          0,           0,        2648,      -4.320072362,     0.05426470914,       1.419234154,      0.0316020673
          0,           0,        2649,      -4.343192369,     0.05244704168,       1.412153944,     0.02940461491
          0,           0,        2650,      -4.343302393,     0.04952229526,        1.41044244,     0.03108209593
          0,           0,        2651,       -4.34195942,     0.04702128619,       1.406108551,     0.03091127595
          0,           0,        2652,      -4.342401598,     0.04479599589,       1.399373552,     0.02901235354
          0,           0,        2653,      -4.340122606,     0.04266504393,       1.391559516,       0.026314754
          0,           0,        2654,      -4.245482692,     0.03345211901,        1.42567886,     0.05360884061
          0,           0,        2655,      -4.247507998,     0.03273106885,       1.404375067,     0.04104461814
          0,           0,        2656,      -4.324051551,      0.0316541286,       1.391081402,     0.03427644834
          0,           0,        2657,       -4.33833229,     0.02974471862,       1.380567458,     0.02936424545
          0,           0,        2658,      -4.341019969,     0.02720322326,       1.370323521,     0.02446774586
          0,           0,        2659,      -4.338442867,     0.02405815825,       1.360380123,      0.0196003916
          0,           0,        2660,      -4.335460522,     0.02069503297,       1.349824859,     0.01412719799
          0,           0,        2661,      -4.295818811,     0.01659262674,       1.344754319,     0.01246883092
          0,           0,        2662,       -4.31401344,     0.01277739624,       1.339953056,      0.0108994855
          0,           0,        2663,       -4.30794897,    0.009399602584,       1.335420945,    0.009429830919
          0,           0,        2664,      -4.282564902,    0.006790291546,       1.330915193,    0.007917038834
          0,           0,        2665,      -4.326598479,    0.001943897777,       1.353411868,     0.02587565031
          0,           0,        2666,      -4.328936198,    0.001084980141,       1.346208414,     0.02225398931
          0,           0,        2667,      -4.331874112,   0.0007746164158,       1.343683094,     0.02197827175
          0,           0,        2668,      -4.345410643,   0.0007085452549,       1.343751855,     0.02346703562
          0,           0,        2669,      -4.334008504,    0.000622425005,       1.348489345,     0.02821559223
          0,           0,        2670,      -4.323817237,   0.0008128814993,       1.353750219,     0.03319988482
          0,           0,        2671,      -4.343156045,   0.0005127770192,       1.366891246,     0.04375003436
          0,           0,        2672,       -4.32883308,  -0.0002846100755,       1.384616037,     0.05743036471
          0,           0,        2673,      -4.324261466,   -0.001085249095,       1.394545363,     0.06516729455
          0,           0,        2674,         -4.336739,   -0.002382542433,       1.405446202,     0.07337237639
          0,           0,        2675,      -4.327408005,   -0.002764683154,         1.4058181,     0.07374574598
          0,           0,        2676,      -4.222644231,   -0.002344094781,        1.40147042,     0.07056908656
          0,           0,        2677,      -4.254402388,  -0.0007740990763,         1.3919855,     0.06358854101
          0,           0,        2678,      -4.244889166,    0.001169784245,       1.382449516,     0.05646747591
          0,           0,        2679,      -4.302584241,    0.001313777812,       1.382879716,     0.05632700525
          0,           0,        2680,      -4.294475064,    0.001592197437,       1.381838817,     0.05499023864
          0,           0,        2681,       -4.29753926,    0.001618397564,       1.381415847,     0.05396290811
          0,           0,        2682,      -4.308180257,    0.001796368812,        1.37949677,     0.05175197755
          0,           0,        2683,      -4.265894829,    0.001950971322,       1.377503659,     0.04939777002
          0,           0,        2684,      -4.281055938,    0.002168907474,       1.375142217,     0.04671349887
          0,           0,        2685,      -4.317030584,    0.002443987668,       1.372554098,     0.04382344188
          0,           0,        2686,      -4.322894796,    0.002597078353,       1.370611303,     0.04136819271
          0,           0,        2687,      -4.317197282,    0.002827924918,       1.368308524,     0.03864988826
          0,           0,        2688,      -4.313709746,    0.003061749537,       1.366414613,     0.03624264615
          0,           0,        2689,      -4.306208382,    0.003339132367,       1.365231389,     0.03438994018
          0,           0,        2690,      -4.318755064,    0.003924002438,        1.36392877,     0.03252794412
          0,           0,        2691,      -4.317140998,    0.004894129735,       1.362479806,     0.03065862761
          0,           0,        2692,      -4.321800768,     0.00626250973,       1.361004453,     0.02888154398
          0,           0,        2693,      -4.334981519,     0.00798406234,       1.359776518,      0.0274010101
          0,           0,        2694,      -4.336833498,     0.01001485409,       1.359008989,     0.02637429895
          0,           0,        2695,      -4.336868185,     0.01233906652,       1.358741798,     0.02583251026
          0,           0,        2696,      -4.326488554,     0.01490967352,       1.359043624,     0.02582156267
          0,           0,        2697,       -4.29905221,     0.01767698177,       1.359860734,     0.02629649109
          0,           0,        2698,      -4.312236842,     0.02054865918,       1.361185618,      0.0272401506
          0,           0,        2699,      -4.317210192,     0.02342503546,       1.362924216,     0.02857030408
          0,           0,        2700,      -4.322348158,     0.02611596557,       1.365394913,     0.03049679323
          0,           0,        2701,      -4.331234467,     0.02858837812,       1.368248865,     0.03275834865
          0,           0,        2702,       -4.30570886,      0.0304350793,        1.37290806,     0.03635124425
          0,           0,        2703,      -4.327788389,     0.03199401572,       1.377397855,     0.03986123674
          0,           0,        2704,      -4.315647281,     0.03341165167,       1.380716575,     0.04256668625
          0,           0,        2705,      -4.329433361,     0.03469066657,       1.382645818,     0.04430530137
          0,           0,        2706,      -4.345797404,      0.0354101261,       1.385335831,     0.04660695368
          0,           0,        2707,      -4.340058128,     0.03596084447,        1.38730324,     0.04842479177
          0,           0,        2708,       -4.34255437,     0.03639203427,       1.388708859,     0.04988039315
          0,           0,        2709,      -4.341435282,     0.03676214673,       1.389483149,     0.05092527742
          0,           0,        2710,      -4.340383049,     0.03722933202,       1.391080269,     0.05264688934
          0,           0,        2711,      -4.336939472,     0.03795741167,       1.393168219,     0.05481333986
          0,           0,        2712,      -4.338732881,     0.03881542142,       1.395878811,     0.05749561471
          0,           0,        2713,       -4.29655449,     0.03920278496,       1.401608901,     0.06237445469
          0,           0,        2714,      -4.294736438,     0.03954482908,       1.407670844,     0.06751053249
          0,           0,        2715,      -4.302523913,     0.03868709566,        1.42102053,     0.07787512584
          0,           0,        2716,      -4.319448195,     0.03877969925,       1.428077232,     0.08370981167
          0,           0,        2717,      -4.336999616,     0.03674382812,       1.451107956,       0.101033475
          0,           0,        2718,      -4.330648538,     0.03865695936,       1.444002555,     0.09658597279
          0,           0,        2719,      -4.341015338,     0.03854496973,       1.455981963,      0.1059087721
          0,           0,        2720,      -4.338597328,     0.03991719724,       1.459245198,      0.1089267529
          0,           0,        2721,      -4.334627398,     0.03762274844,       1.486178784,      0.1288635631
          0,           0,        2722,      -4.316043097,     0.03850272174,       1.486302859,      0.1293391717
          0,           0,        2723,      -4.317443032,     0.03935554324,       1.487223987,      0.1303051335
          0,           0,        2724,      -4.297997591,     0.04038761972,       1.487069553,      0.1303983614
          0,           0,        2725,      -4.297793153,     0.04111230867,       1.487246203,      0.1305870483
          0,           0,        2726,      -4.109332851,     0.04176689537,       1.486625635,      0.1300632588
          0,           0,        2727,      -3.794150198,     0.04228482709,       1.485558827,      0.1290748553
          0,           0,        2728,      -4.054820826,     0.04291191214,       1.482777629,      0.1267162644
          0,           0,        2729,      -4.242445603,     0.04350112986,        1.47936125,      0.1237640948
          0,           0,        2730,      -4.283486685,     0.04421200922,       1.474563708,      0.1196891867
          0,           0,        2731,      -4.296854109,     0.04491539425,       1.469278402,      0.1151363411
          0,           0,        2732,      -4.248311351,     0.04551410717,       1.463970839,      0.1104397934
          0,           0,        2733,      -4.261244761,     0.04599836678,       1.458712108,      0.1056538063
          0,           0,        2734,      -4.274605584,     0.04639589118,       1.453340196,      0.1006662829
          0,           0,        2735,      -4.243415412,     0.04673024002,       1.447831635,     0.09546613151
          0,           0,        2736,      -4.246321163,     0.04702443401,       1.442338399,     0.09017182696
          0,           0,        2737,      -4.249652923,     0.04735650372,       1.436833632,     0.08477696338
          0,           0,        2738,      -4.215749667,     0.04769363517,       1.431881323,     0.07969600025
          0,           0,        2739,      -4.198928199,     0.04800870964,       1.427881177,     0.07522240996
          0,           0,        2740,      -4.279732354,     0.04817859603,       1.425607703,     0.07191438926
          0,           0,        2741,       -4.29197238,     0.04835630493,       1.424344528,     0.06926735321
          0,           0,        2742,      -4.287397393,     0.04782777439,       1.427748672,     0.06989304423
          0,           0,        2743,      -4.283298698,     0.04781487733,       1.430334936,      0.0699093233
          0,           0,        2744,      -4.259413316,     0.04775015461,       1.433677459,     0.07041118205
          0,           0,        2745,      -4.251170432,     0.04783180212,        1.43665954,     0.07060854117
          0,           0,        2746,      -4.257377054,     0.04491402428,        1.45668884,     0.08294891735
          0,           0,        2747,      -4.221389474,     0.04535690879,       1.457059647,     0.08117960213
          0,           0,        2748,       -4.24725509,     0.04577263457,       1.458793489,     0.08038860189
          0,           0,        2749,      -4.236805581,     0.04605461057,       1.461520402,     0.08030360455
          0,           0,        2750,      -4.264629156,     0.04622360924,       1.465337764,     0.08101490481
          0,           0,        2751,      -4.291318076,      0.0464293966,       1.468550828,     0.08130811783
          0,           0,        2752,      -4.279646663,     0.04668348031,       1.471732156,     0.08162688533
          0,           0,        2753,      -4.282282394,     0.04351005108,        1.50052658,      0.1004677995
          0,           0,        2754,      -4.274192306,     0.04269712275,       1.500934051,     0.09874316613
          0,           0,        2755,      -4.247875318,     0.03965046154,       1.520575452,      0.1110287856
          0,           0,        2756,      -4.137844677,     0.03717235858,       1.526822467,       0.113621968
          0,           0,        2757,      -4.168028589,     0.03573664897,       1.526069726,      0.1113239513
          0,           0,        2758,      -4.251833377,     0.03465706315,       1.526112776,       0.109815671
          0,           0,        2759,      -4.217323051,     0.03583334551,       1.513131207,     0.09915583348
          0,           0,        2760,      -4.206255061,     0.03775365732,       1.501394261,     0.08969086849
          0,           0,        2761,      -4.213504558,     0.03928186672,       1.492406567,     0.08238957942
          0,           0,        2762,      -4.287830799,      0.0386251522,       1.494780388,     0.08337821721
          0,           0,        2763,      -4.289933126,     0.03783524228,       1.497003877,      0.0844275836
          0,           0,        2764,      -4.283123432,     0.03599255495,        1.50327812,     0.08851571849
          0,           0,        2765,      -4.276858593,     0.03059254941,       1.531676773,      0.1086515849
          0,           0,        2766,      -4.259563893,     0.02816248834,       1.536615835,       0.112029446
          0,           0,        2767,      -4.276452277,     0.02839408207,       1.523091847,      0.1022849054
          0,           0,        2768,      -4.280098749,     0.02696527543,       1.521442405,      0.1012320165
          0,           0,        2769,      -4.271584129,     0.01969284989,       1.502195804,      0.0865553268
          0,           0,        2770,      -4.244380336,     0.01633248357,       1.499493811,     0.08470513504
          0,           0,        2771,      -4.264600999,     0.01313408899,        1.49182443,      0.0792922525
          0,           0,        2772,      -4.262193028,      0.0104026421,       1.483049933,     0.07318396486
          0,           0,        2773,      -4.259187265,    0.008039074738,       1.476387554,     0.06872087672
          0,           0,        2774,       -4.26000389,    0.007412648276,       1.466259437,     0.06194571753
          0,           0,        2775,      -4.183144992,    0.007025104965,       1.460885238,     0.05871505517
          0,           0,        2776,      -4.187141089,    0.007213593918,       1.458769665,      0.0579580503
          0,           0,        2777,      -4.214674914,    0.008000805769,       1.459559617,      0.0594103664
          0,           0,        2778,      -4.232625885,    0.009637477083,       1.461595494,     0.06187720867
          0,           0,        2779,      -4.224547017,    0.009326480727,       1.478427071,     0.07499267503
          0,           0,        2780,      -4.204923358,      0.0123210671,       1.484880202,     0.08086326761
          0,           0,        2781,      -4.288983657,     0.01567465359,       1.490335128,     0.08602898526
          0,           0,        2782,      -4.309257937,      0.0193695465,       1.495579111,     0.09107025658
          0,           0,        2783,      -4.298805273,     0.02227652327,       1.498965117,     0.09462425396
          0,           0,        2784,        -4.2896506,     0.02404695722,       1.500054525,     0.09631773701
          0,           0,        2785,      -4.280632964,     0.02520643598,       1.500016788,      0.0970734499
          0,           0,        2786,      -4.268774838,     0.02614822055,        1.49959378,     0.09747684243
          0,           0,        2787,      -4.257769504,     0.02706181059,       1.498955282,      0.0976615274
          0,           0,        2788,      -4.239243233,     0.02797032863,       1.497911865,     0.09747378565
          0,           0,        2789,      -4.238421762,     0.02876852295,       1.497330554,     0.09752348466
          0,           0,        2790,      -4.234086923,     0.02953818729,       1.496703124,       0.097433945
          0,           0,        2791,      -4.231374139,     0.03047614717,        1.49530074,     0.09668478809
          0,           0,        2792,      -4.245443667,     0.03175853275,       1.492174802,     0.09459503557
          0,           0,        2793,      -4.250334669,      0.0332568823,       1.487713066,     0.09143389874
          0,           0,        2794,      -4.250726505,     0.03480319333,       1.482179081,     0.08737643581
          0,           0,        2795,      -4.257469694,     0.03657459578,       1.476102361,     0.08284235641
          0,           0,        2796,      -4.270199426,     0.02756237691,       1.448333646,     0.06079671731
          0,           0,        2797,      -4.279738076,     0.02982370076,       1.441814213,     0.05581284752
          0,           0,        2798,      -4.280600948,     0.03215439306,       1.434917574,     0.05047149945
          0,           0,        2799,      -4.296162449,     0.03461081033,       1.428709877,     0.04557445193
          0,           0,        2800,      -4.299727958,     0.03701105776,        1.42344561,     0.04129127003
          0,           0,        2801,       -4.29983861,     0.03921129493,       1.419240186,     0.03769415511
          0,           0,        2802,      -4.304897343,     0.04114524153,       1.416144799,     0.03481964213
          0,           0,        2803,      -4.309667794,     0.04280957333,       1.414130202,     0.03265415549
          0,           0,        2804,      -4.305916957,     0.04427275153,       1.412898899,     0.03099643324
          0,           0,        2805,      -4.289566905,     0.04558887982,        1.41230349,     0.02975117056
          0,           0,        2806,      -4.297141095,     0.04682339493,       1.411884883,       0.028599466
          0,           0,        2807,      -4.296311702,     0.04783439888,       1.411057253,     0.02710487479
          0,           0,        2808,      -4.247739013,     0.04853616516,       1.409379119,     0.02494505553
          0,           0,        2809,      -4.286899931,     0.04900941865,       1.407108793,     0.02233493331
          0,           0,        2810,      -4.284447708,      0.0483929183,       1.409668073,     0.02317641909
          0,           0,        2811,      -4.283867438,     0.04839102991,       1.410832695,     0.02311360649
          0,           0,        2812,      -4.279890556,     0.04878968489,       1.410695078,     0.02220583252
          0,           0,        2813,      -4.269603762,     0.04897025937,       1.409570458,     0.02062525978
          0,           0,        2814,      -4.277915965,     0.04862418254,       1.408973298,     0.01946552759
          0,           0,        2815,      -4.291143541,     0.04814063997,       1.408042413,     0.01815409426
          0,           0,        2816,      -4.247254449,     0.04774202111,        1.40666844,     0.01664926689
          0,           0,        2817,      -4.210860873,     0.04739328191,        1.40534797,     0.01531902971
          0,           0,        2818,      -4.244824078,     0.04694407904,       1.405828832,     0.01543654474
          0,           0,        2819,      -4.276385877,     0.04665809153,       1.407728528,     0.01675440316
          0,           0,        2820,       -4.28817176,     0.04671006399,       1.410773444,     0.01909293583
          0,           0,        2821,      -4.290860192,     0.04703095399,       1.414734504,     0.02227286975
          0,           0,        2822,      -4.292849819,     0.04721779778,       1.420725758,     0.02706208502
          0,           0,        2823,      -4.280619472,     0.04752377596,       1.426975814,     0.03218368722
          0,           0,        2824,      -4.275172959,     0.04802950966,       1.432781479,     0.03712712252
          0,           0,        2825,      -4.271616682,     0.04863016203,       1.437836679,     0.04165132543
          0,           0,        2826,      -4.279948281,     0.04909522935,       1.442918332,     0.04629557642
          0,           0,        2827,      -4.271861343,     0.04955056533,       1.447329239,     0.05055498922
          0,           0,        2828,      -4.273458127,     0.04998094199,       1.450638415,     0.05410297998
          0,           0,        2829,      -4.212337596,     0.05035763935,       1.452577916,     0.05672908644
          0,           0,        2830,       -4.23096215,     0.05054353232,       1.454277315,     0.05923796901
          0,           0,        2831,      -4.240110664,     0.05078036741,       1.455402467,     0.06140090742
          0,           0,        2832,       -4.24680414,     0.05110901394,       1.456344479,     0.06349822785
          0,           0,        2833,      -4.242927919,     0.05159212727,       1.456728115,     0.06524861892
          0,           0,        2834,      -4.248874933,     0.05200242196,       1.457377996,     0.06721959613
          0,           0,        2835,       -4.26241213,     0.05262783211,       1.457739085,     0.06902759184
          0,           0,        2836,      -4.259784318,      0.0534790732,       1.457723224,        0.07059994
          0,           0,        2837,      -4.266830494,     0.05448737344,       1.456916214,     0.07161509674
          0,           0,        2838,      -4.255401411,     0.05525407237,        1.45608488,     0.07258266184
          0,           0,        2839,      -4.266661127,     0.05601163643,       1.453998444,     0.07262136331
          0,           0,        2840,      -4.269472877,     0.05620287565,       1.452984134,     0.07337387643
          0,           0,        2841,      -4.273885789,     0.05658446262,       1.450143038,     0.07279731707
          0,           0,        2842,      -4.278931346,     0.05679416788,       1.447529359,     0.07235887552
          0,           0,        2843,      -4.286784537,     0.05719603673,       1.443912397,     0.07119773762
          0,           0,        2844,      -4.290336801,     0.05820921113,       1.437900605,     0.06834303243
          0,           0,        2845,      -4.295805809,     0.05920443714,        1.43206009,     0.06560662176
          0,           0,        2846,      -4.299526353,     0.06007187336,       1.426951618,     0.06338734865
          0,           0,        2847,      -4.295036768,     0.06076919121,       1.422759266,     0.06181312918
          0,           0,        2848,      -4.294657951,     0.06127102424,       1.419709917,     0.06104210762
          0,           0,        2849,       -4.28953909,     0.06170822392,       1.417908759,     0.06116031187
          0,           0,        2850,      -4.285434024,     0.06278464344,       1.414618239,     0.06022837443
          0,           0,        2851,      -4.275482773,     0.06172040191,       1.421674916,     0.06659948034
          0,           0,        2852,      -4.269270567,     0.06155821671,        1.42605221,     0.07105775161
          0,           0,        2853,       -4.26848889,     0.06140700552,       1.427207069,     0.07308413553
          0,           0,        2854,      -4.266345001,     0.06129755152,       1.425533572,     0.07296796299
          0,           0,        2855,      -4.259032493,     0.06099221714,        1.42130218,     0.07087057959
          0,           0,        2856,      -4.263411272,     0.06062301616,       1.415158864,     0.06727883486
          0,           0,        2857,      -4.270266694,     0.06023304573,       1.407678743,     0.06261705643
          0,           0,        2858,      -4.273064572,     0.05982854885,       1.399638263,     0.05745480032
          0,           0,        2859,       -4.27860059,     0.05948285287,       1.391601193,     0.05221587534
          0,           0,        2860,      -4.283512757,     0.05889423767,       1.384152484,     0.04729130815
          0,           0,        2861,      -4.283201001,     0.05698111256,       1.374204275,     0.04026127037
          0,           0,        2862,      -4.286157724,     0.05634821078,       1.367885219,     0.03599033665
          0,           0,        2863,      -4.296515019,     0.05565080249,       1.361739279,     0.03175289231
          0,           0,        2864,       -4.30056545,      0.0546431639,       1.357348887,     0.02868636212
          0,           0,        2865,      -4.303709582,     0.05385521559,       1.353018649,     0.02560819292
          0,           0,        2866,      -4.304474227,     0.05312572304,       1.349775443,     0.02325235987
          0,           0,        2867,       -4.30580946,     0.05238683143,       1.347871265,     0.02179165055
          0,           0,        2868,      -4.306957692,     0.05166363126,       1.347534982,     0.02139266376
          0,           0,        2869,      -4.308513619,     0.05098012665,       1.348278209,     0.02169145441
          0,           0,        2870,      -4.309043664,     0.04956941308,       1.353477915,     0.02507282308
          0,           0,        2871,      -4.303418884,      0.0490447619,        1.35711488,     0.02729811025
          0,           0,        2872,      -4.286876894,     0.04795881955,        1.36390989,     0.03165538054
          0,           0,        2873,      -4.280003223,     0.04792658141,       1.367408067,     0.03358611482
          0,           0,        2874,       -4.27723907,      0.0480901726,       1.369185492,     0.03413651273
          0,           0,        2875,      -4.282343029,     0.04822990777,       1.369450047,      0.0334286473
          0,           0,        2876,      -4.287843473,      0.0484266874,       1.368862696,     0.03196066643
          0,           0,        2877,      -4.295365527,     0.04625671454,       1.362545137,     0.02581690124
          0,           0,        2878,      -4.295675516,       0.046630507,       1.361674524,     0.02389147038
          0,           0,        2879,      -4.278394058,     0.04718440306,       1.361337954,     0.02225503205
          0,           0,        2880,      -4.303279636,     0.04825968641,        1.36266656,     0.02179421503
          0,           0,        2881,      -4.305426171,     0.04946525608,       1.364639381,     0.02171450188
          0,           0,        2882,      -4.308204115,     0.05067601599,       1.367280874,     0.02202980869
          0,           0,        2883,      -4.308290631,     0.05186383564,       1.370594315,     0.02275326191
          0,           0,        2884,      -4.309146838,       0.053029615,       1.374528111,     0.02386296271
          0,           0,        2885,      -4.307635021,     0.05417048189,       1.378974126,     0.02529578808
          0,           0,        2886,       -4.30945638,     0.05527950527,       1.383866765,     0.02701992054
          0,           0,        2887,      -4.306962385,     0.05635737956,       1.389110803,     0.02898121234
          0,           0,        2888,      -4.304696383,      0.0573973868,       1.394634083,     0.03113979602
          0,           0,        2889,      -4.286999296,     0.05839757067,       1.400193983,     0.03333540223
          0,           0,        2890,      -4.270248811,     0.05935737203,        1.40551934,     0.03538574852
          0,           0,        2891,      -4.297340863,     0.06027381858,       1.410390111,     0.03714290697
          0,           0,        2892,       -4.13780051,     0.06119228418,       1.414811214,     0.03862801269
          0,           0,        2893,      -4.285173249,     0.06214687956,       1.418853747,     0.03990622663
          0,           0,        2894,      -4.315007289,     0.06320123849,       1.422752643,     0.04116481514
          0,           0,        2895,      -4.312179198,     0.06432710289,       1.426492406,     0.04239182268
          0,           0,        2896,      -4.313326652,     0.06554939196,       1.430275537,     0.04374253453
          0,           0,        2897,      -4.308851866,     0.06653187936,       1.433401953,     0.04465757642
          0,           0,        2898,       -4.30776132,      0.0673177804,       1.436577945,     0.04566379388
          0,           0,        2899,      -4.115691122,     0.06769291265,       1.441093521,     0.04768404722
          0,           0,        2900,      -4.086092863,     0.06838431914,       1.443309333,     0.04812718777
          0,           0,        2901,      -4.301132883,     0.06907859976,       1.445238942,     0.04844001455
          0,           0,        2902,      -4.311082938,      0.0696969542,       1.446817073,     0.04856767138
          0,           0,        2903,      -4.310270719,     0.07033370483,        1.44823631,     0.04867018024
          0,           0,        2904,      -4.312789728,     0.07097270394,       1.449488112,     0.04874597199
          0,           0,        2905,      -4.308029178,     0.07161874118,       1.450652809,     0.04886293603
          0,           0,        2906,      -4.312643703,     0.07226202548,       1.451781974,     0.04906696034
          0,           0,        2907,      -4.275395879,      0.0708056325,       1.448620043,     0.04595470047
          0,           0,        2908,      -4.298704338,     0.07126492119,       1.449195344,     0.04598556624
          0,           0,        2909,      -4.299885978,      0.0714699261,       1.449186531,     0.04569632095
          0,           0,        2910,      -4.307706946,     0.07157699253,       1.449114984,     0.04549951751
          0,           0,        2911,      -4.310024351,     0.07172028628,       1.449327083,     0.04567318617
          0,           0,        2912,      -4.309886942,     0.07197988965,       1.449925453,     0.04630654619
          0,           0,        2913,      -4.312943797,     0.07236322085,       1.450818508,      0.0473337596
          0,           0,        2914,      -4.310994255,     0.07282277779,       1.451805774,     0.04859873811
          0,           0,        2915,      -4.314294452,     0.07330720089,       1.452749122,     0.04998776349
          0,           0,        2916,        -4.3082756,       0.073741309,        1.45350715,     0.05137865264
          0,           0,        2917,      -4.304707285,     0.07407867561,        1.45412236,     0.05278548731
          0,           0,        2918,      -4.162198461,     0.07431752335,       1.454561615,     0.05417034611
          0,           0,        2919,      -4.124385811,     0.07437798378,       1.455415882,     0.05594359989
          0,           0,        2920,      -4.177162017,     0.07435294271,       1.455794592,     0.05744380466
          0,           0,        2921,      -4.292920114,     0.07419907861,       1.455771149,     0.05870112523
          0,           0,        2922,      -4.291824441,     0.07394295145,       1.455579569,     0.05987513732
          0,           0,        2923,      -4.295442716,     0.07363377144,       1.455301231,     0.06102018477
          0,           0,        2924,      -3.949002379,     0.07331790124,       1.454756803,     0.06199932026
          0,           0,        2925,      -3.711581149,     0.07294100895,       1.453851776,     0.06272670212
          0,           0,        2926,      -3.802001865,     0.07249577471,       1.452226808,     0.06292789922
          0,           0,        2927,      -4.000100804,     0.07201794088,       1.449380769,     0.06223020711
          0,           0,        2928,        -4.2734181,     0.07136250438,       1.445933321,     0.06106396226
          0,           0,        2929,      -4.287015798,     0.07056558338,       1.442231613,     0.05968092483
          0,           0,        2930,      -4.299536005,     0.06970095609,        1.43858097,     0.05830633607
          0,           0,        2931,      -4.296167397,     0.06875406712,       1.435780592,      0.0575173612
          0,           0,        2932,      -4.305403042,     0.06772586655,       1.434477064,     0.05778035946
          0,           0,        2933,      -4.315812159,     0.06665055423,       1.434852583,     0.05922381256
          0,           0,        2934,       -4.31639403,     0.06556804105,       1.436585338,     0.06160563826
          0,           0,        2935,      -4.315988151,     0.06454360681,       1.439260405,     0.06461802996
          0,           0,        2936,      -4.307374284,     0.06326076875,       1.443817087,     0.06890468244
          0,           0,        2937,      -4.311807504,     0.06218049271,       1.447698571,     0.07263143634
          0,           0,        2938,      -4.314056309,     0.06133107413,       1.450298891,     0.07534790634
          0,           0,        2939,      -4.314225933,      0.0606295117,        1.45172922,      0.0771182462
          0,           0,        2940,      -4.313118415,     0.06002478456,       1.452141493,     0.07804100288
          0,           0,        2941,       -4.31214337,     0.05947611421,       1.451859302,     0.07834211055
          0,           0,        2942,      -4.311415838,      0.0589644491,       1.451229516,     0.07826714478
          0,           0,        2943,       -4.31300116,     0.05849178927,       1.450509361,     0.07799877077
          0,           0,        2944,      -4.317976192,     0.05805414574,       1.449941273,     0.07770829567
          0,           0,        2945,      -4.318074181,     0.05764872201,       1.449788135,     0.07758182304
          0,           0,        2946,      -4.315169603,     0.05725740399,       1.450368145,     0.07784460653
          0,           0,        2947,      -4.301029431,     0.05649129259,       1.451050853,     0.07797364441
          0,           0,        2948,      -4.300358036,     0.05610421077,       1.453353571,     0.07918150101
          0,           0,        2949,      -4.298138056,      0.0556377584,       1.456142806,     0.08056799895
          0,           0,        2950,      -4.302692342,     0.05517876939,       1.459126158,     0.08192693247
          0,           0,        2951,      -4.299619409,      0.0543634027,       1.463693831,     0.08423836112
          0,           0,        2952,       -4.29903252,     0.05351559452,       1.468156283,     0.08630233221
          0,           0,        2953,      -4.295644718,     0.05293263255,       1.471837776,     0.08766757587
          0,           0,        2954,      -4.291512041,     0.05143233404,       1.478881131,      0.0912494196
          0,           0,        2955,      -4.288641301,     0.05074657682,       1.483574478,     0.09307389368
          0,           0,        2956,      -4.286591434,     0.05081932629,       1.485812824,     0.09307489098
          0,           0,        2957,      -4.286748637,     0.05132615171,       1.486713965,     0.09205644912
          0,           0,        2958,      -4.286205274,     0.05213556568,       1.486652565,     0.09029760205
          0,           0,        2959,      -4.287816714,      0.0530047922,       1.486247231,     0.08824370906
          0,           0,        2960,      -4.289379544,     0.05401655796,        1.48505964,     0.08560185175
          0,           0,        2961,       -4.29293257,     0.05495882244,       1.483787186,     0.08287896967
          0,           0,        2962,      -4.295756774,     0.05595392251,       1.481786951,      0.0796347033
          0,           0,        2963,      -4.300127731,       0.057251797,       1.478858172,     0.07576893552
          0,           0,        2964,      -4.301362356,     0.05881913763,       1.475016261,     0.07130137111
          0,           0,        2965,      -4.303888133,     0.06049303038,       1.470783898,     0.06660967716
          0,           0,        2966,      -4.306566398,     0.05915703065,       1.480508491,     0.07188822414
          0,           0,        2967,      -4.308150089,     0.06103874276,       1.472605863,      0.0646493315
          0,           0,        2968,       -4.26222649,     0.06290595233,       1.467067741,     0.05923968842
          0,           0,        2969,      -4.298575213,     0.06446745049,       1.462865695,     0.05487148896
          0,           0,        2970,      -4.309763136,     0.06576094334,       1.459569842,     0.05124142083
          0,           0,        2971,      -4.312908324,     0.06685132676,        1.45711552,     0.04831865333
          0,           0,        2972,      -4.314025736,     0.06776795467,       1.455495545,       0.046108795
          0,           0,        2973,      -4.315015514,     0.06891596281,       1.452898632,     0.04333389362
          0,           0,        2974,      -4.315846772,     0.07014115937,       1.450523573,     0.04086308831
          0,           0,        2975,      -4.315352323,      0.0713092609,       1.449070395,     0.03919899322
          0,           0,        2976,       -4.31576073,     0.07245787324,       1.448548196,      0.0383555776
          0,           0,        2977,      -4.316546786,     0.07352048849,       1.448850889,     0.03824692856
          0,           0,        2978,      -4.315375501,     0.07444101141,       1.450006304,     0.03888614745
          0,           0,        2979,      -4.316579755,     0.07523040379,       1.451813953,      0.0401256537
          0,           0,        2980,      -4.314680665,     0.07592206691,       1.454107647,     0.04184571906
          0,           0,        2981,      -4.310236454,     0.07658828854,       1.456354308,     0.04366098813
          0,           0,        2982,      -4.308991489,     0.07723774852,        1.45835093,     0.04542089148
          0,           0,        2983,      -4.306558422,      0.0791745164,       1.455844495,     0.04415552381
          0,           0,        2984,      -4.302848495,     0.07955705426,       1.457049211,     0.04555479683
          0,           0,        2985,      -4.304093146,     0.07954659839,       1.459244142,     0.04776216662
          0,           0,        2986,      -4.302665358,     0.07924651115,       1.461115282,     0.04982178658
          0,           0,        2987,      -4.303884339,     0.07874251051,       1.462197033,     0.05140217793
          0,           0,        2988,      -4.304254257,      0.0781134413,       1.462288653,     0.05236643877
          0,           0,        2989,      -4.304558402,      0.0774274805,       1.461323925,     0.05267514484
          0,           0,        2990,       -4.30420116,     0.07685714604,       1.458534657,     0.05178458983
          0,           0,        2991,      -4.289722733,     0.07637692258,       1.454162421,     0.04986839223
          0,           0,        2992,      -4.300230435,     0.07576876734,       1.448804399,     0.04733538809
          0,           0,        2993,       -4.30520063,     0.07503174943,       1.442702061,     0.04435802523
          0,           0,        2994,      -4.309866099,     0.07417993226,       1.436164078,     0.04115649721
          0,           0,        2995,      -4.310735063,     0.07321642371,       1.429485791,     0.03793605716
          0,           0,        2996,      -4.311954832,     0.07213826889,       1.422971971,     0.03490553051
          0,           0,        2997,      -4.311689054,     0.07096529764,       1.416797905,     0.03218099254
          0,           0,        2998,      -4.307600326,     0.06970009082,       1.411091511,     0.02983864682
          0,           0,        2999,      -4.306573737,     0.06835853928,       1.405835186,     0.02784649631
          0,           0,        3000,      -4.308520756,     0.06694533836,       1.401034651,     0.02618810783
          0,           0,        3001,      -4.308652993,     0.06548549145,       1.396579028,     0.02476314198
          0,           0,        3002,      -4.309201987,     0.06400327482,       1.392461675,     0.02354794559
          0,           0,        3003,      -4.302565943,     0.06251941543,       1.388526743,     0.02241033068
          0,           0,        3004,      -4.301473249,     0.06223695028,       1.380166256,     0.01808725443
          0,           0,        3005,      -4.288571011,     0.06062275342,       1.378003053,     0.01807035332
          0,           0,        3006,      -4.295039451,      0.0591088633,       1.375581655,     0.01776689502
          0,           0,        3007,      -4.305723508,     0.05768380714,       1.373318869,     0.01747091137
          0,           0,        3008,      -4.299561541,     0.05633623692,       1.371354738,     0.01727493131
          0,           0,        3009,      -4.306778702,     0.05506423546,       1.369709803,      0.0171876299
          0,           0,        3010,      -4.299979935,      0.0538716487,       1.368383437,     0.01720488654
          0,           0,        3011,      -4.299547598,       0.052758798,       1.367355161,     0.01731014131
          0,           0,        3012,       -4.29551047,     0.05171850659,       1.366607872,     0.01749081095
          0,           0,        3013,      -4.299431223,     0.05074041762,       1.366073967,     0.01769872742
          0,           0,        3014,      -4.299683355,     0.04982059555,       1.365737509,     0.01792610975
          0,           0,        3015,      -4.300550516,     0.04895333864,       1.365584633,     0.01816755594
          0,           0,        3016,      -4.304835029,     0.04813869785,       1.365674813,     0.01847321614
          0,           0,        3017,      -4.309244379,     0.04737192863,       1.366043766,     0.01887516282
          0,           0,        3018,      -4.310009254,     0.04664675522,       1.366737407,     0.01941264938
          0,           0,        3019,      -4.311531355,     0.04597564542,       1.367711063,     0.02006022001
          0,           0,        3020,       -4.31144648,     0.04540411902,       1.368814271,     0.02071806221
          0,           0,        3021,      -4.311762499,     0.04492878383,       1.370067406,     0.02140517145
          0,           0,        3022,      -4.313336166,     0.04455120669,       1.371414981,     0.02208425642
          0,           0,        3023,      -4.314368382,      0.0459088592,       1.365001642,     0.01718535982
          0,           0,        3024,      -4.273416524,     0.04577513639,       1.364988247,     0.01672862299
          0,           0,        3025,      -4.309302155,      0.0458431984,       1.365472523,     0.01657646169
          0,           0,        3026,      -4.317026545,     0.04612730729,       1.367208176,      0.0172873047
          0,           0,        3027,      -4.314695953,     0.04654968193,       1.370120348,     0.01879750003
          0,           0,        3028,      -4.311798331,     0.04725966677,       1.374305687,     0.02120024997
          0,           0,        3029,      -4.311822567,     0.04812008291,       1.379150493,     0.02402812135
          0,           0,        3030,      -4.316853625,     0.04899574683,       1.384042702,      0.0268154181
          0,           0,        3031,      -4.312061627,     0.04982375675,       1.388562707,     0.02924820396
          0,           0,        3032,      -4.311152397,     0.05056544848,        1.39266981,     0.03129607073
          0,           0,        3033,      -4.304737366,      0.0512405216,       1.396371918,     0.03297276669
          0,           0,        3034,      -4.293244176,     0.05189831551,       1.399758067,     0.03435667772
          0,           0,        3035,      -4.294664582,     0.05255810315,       1.402871871,     0.03548981503
          0,           0,        3036,       -4.29378748,     0.05323806752,       1.405846664,     0.03648140084
          0,           0,        3037,      -4.287747434,     0.05394812944,       1.408799978,     0.03743025943
          0,           0,        3038,      -4.291993524,     0.05470907305,       1.411748674,     0.03836354527
          0,           0,        3039,      -4.290572646,     0.05551561301,       1.414715542,     0.03931043947
          0,           0,        3040,      -4.288971957,     0.05564687049,        1.42063556,     0.04235580375
          0,           0,        3041,      -4.292622213,     0.05645225017,       1.423133636,      0.0429830632
          0,           0,        3042,      -4.288603179,     0.05730178843,       1.426077665,     0.04397757794
          0,           0,        3043,      -4.294188719,     0.05808650973,       1.429380126,     0.04527249496
          0,           0,        3044,      -4.298065156,     0.05877820087,       1.433019123,     0.04685934839
          0,           0,        3045,      -4.305447159,     0.05938860215,       1.436843381,     0.04863816988
          0,           0,        3046,      -4.305610907,     0.05999553543,       1.440614477,     0.05045183087
          0,           0,        3047,      -4.307837089,     0.06057753417,       1.444270033,     0.05225922542
          0,           0,        3048,      -4.306392685,     0.06112606212,       1.447830033,     0.05407995344
          0,           0,        3049,      -4.306864403,     0.06164344047,       1.451245999,     0.05588317921
          0,           0,        3050,      -4.310338518,     0.06218962106,       1.454366834,     0.05756838963
          0,           0,        3051,      -4.314043004,     0.06280648224,       1.457244573,     0.05918108203
          0,           0,        3052,      -4.288016454,     0.06355558708,       1.460025104,     0.06083722085
          0,           0,        3053,      -4.299368098,      0.0644276472,       1.462708491,     0.06253454797
          0,           0,        3054,      -4.304089741,     0.06463300259,       1.467173923,     0.06555393758
          0,           0,        3055,      -4.298971931,     0.06481087078,       1.471176715,     0.06831836151
          0,           0,        3056,      -4.304689599,     0.06505923401,       1.474398362,     0.07060056647
          0,           0,        3057,      -4.306610999,     0.06529642451,       1.477305893,     0.07272897289
          0,           0,        3058,      -4.315456559,     0.06409110736,       1.487711611,      0.0802772938
          0,           0,        3059,      -4.317263154,     0.06433245256,        1.48975637,      0.0819107713
          0,           0,        3060,       -4.31345947,     0.06449708954,       1.491583277,     0.08343558953
          0,           0,        3061,      -4.257117632,      0.0644878987,       1.492873738,     0.08459782076
          0,           0,        3062,      -4.282294187,     0.06279600607,       1.500441673,     0.09022352476
          0,           0,        3063,      -4.293256491,     0.06191840706,       1.504046468,     0.09307445248
          0,           0,        3064,       -4.29810407,     0.06142757671,       1.504673591,       0.093816368
          0,           0,        3065,      -4.298346231,      0.0611741388,       1.503816493,     0.09352724615
          0,           0,        3066,      -4.295942349,     0.06114975834,        1.50202037,     0.09260407796
          0,           0,        3067,      -4.292728644,      0.0612650208,       1.499860257,     0.09145636166
          0,           0,        3068,      -4.292283043,     0.06142932731,       1.497577113,      0.0902476862
          0,           0,        3069,      -4.300078788,     0.06155140301,       1.495379825,     0.08911706352
          0,           0,        3070,      -4.277074939,     0.06161123933,       1.493173362,     0.08798758402
          0,           0,        3071,      -4.291027808,     0.06121419615,       1.492438976,     0.08789555954
          0,           0,        3072,      -4.285474797,     0.06053845416,       1.491697446,     0.08776740092
          0,           0,        3073,      -4.220498124,     0.05984669833,       1.490011394,     0.08693989178
          0,           0,        3074,      -4.286322865,     0.05903143744,       1.487816476,     0.08571341237
          0,           0,        3075,      -4.299505334,     0.05813285039,       1.485474639,     0.08435300967
          0,           0,        3076,      -4.304023823,     0.05722908732,       1.483093402,     0.08294085532
          0,           0,        3077,      -4.307600628,     0.05641094981,       1.480627875,     0.08144813285
          0,           0,        3078,      -4.311342082,      0.0557047922,       1.478131066,     0.07990954536
          0,           0,        3079,      -4.311995905,     0.05513680544,       1.475511924,     0.07825402524
          0,           0,        3080,      -4.313191064,     0.05468334946,       1.472743413,     0.07645166005
          0,           0,        3081,      -4.308096729,     0.05426353864,       1.470135559,     0.07471477889
          0,           0,        3082,      -4.307101652,     0.05383916017,       1.467892251,      0.0731838709
          0,           0,        3083,      -4.294384016,     0.05342114819,       1.466105428,     0.07192418262
          0,           0,        3084,       -4.28757206,     0.05300096999,       1.464791808,     0.07094378294
          0,           0,        3085,      -4.284705526,     0.05256405542,       1.463983074,     0.07026220363
          0,           0,        3086,      -4.284063707,     0.05211330954,       1.463679778,     0.06987932005
          0,           0,        3087,      -4.260920024,     0.05163593672,       1.464040927,     0.06991017924
          0,           0,        3088,      -4.259282452,     0.05113574037,        1.46512166,     0.07039698798
          0,           0,        3089,      -4.283453147,     0.05064364953,       1.466798704,     0.07125489709
          0,           0,        3090,      -4.280706668,     0.05020413493,       1.468817034,     0.07230495903
          0,           0,        3091,      -4.304795965,     0.04985404915,       1.470953003,     0.07339118262
          0,           0,        3092,      -4.306154626,     0.04964032727,       1.472975343,     0.07435384455
          0,           0,        3093,      -4.304529615,     0.04959474566,       1.474728139,     0.07508714916
          0,           0,        3094,      -4.306885647,     0.04973906258,        1.47609141,     0.07551088559
          0,           0,        3095,      -4.295325527,     0.05004627226,       1.476973244,     0.07556009208
          0,           0,        3096,      -4.290540292,     0.05047494254,       1.477288062,     0.07517322682
          0,           0,        3097,      -4.293425761,     0.05100669299,       1.477074187,     0.07438319115
          0,           0,        3098,      -4.301042932,      0.0516456301,       1.476458612,     0.07329120611
          0,           0,        3099,      -4.304555003,      0.0524024403,       1.475611497,     0.07203125923
          0,           0,        3100,      -4.301578403,     0.05324561136,       1.474780971,     0.07079013457
          0,           0,        3101,      -4.305436851,     0.05413543576,       1.474018086,     0.06960897981
          0,           0,        3102,      -4.301587132,      0.0550682996,       1.473234689,     0.06843113853
          0,           0,        3103,      -4.305543936,     0.05602396789,        1.47252224,     0.06732956169
          0,           0,        3104,      -4.303777417,      0.0569680429,       1.472088537,     0.06645984801
          0,           0,        3105,       -4.30704273,      0.0578838949,       1.472024094,     0.06589240362
          0,           0,        3106,      -4.279896493,     0.05877589731,       1.472343177,     0.06564286121
          0,           0,        3107,      -4.301275296,     0.05952298474,       1.473391959,     0.06595387848
          0,           0,        3108,      -4.273452272,     0.06013583514,       1.475074577,     0.06675802898
          0,           0,        3109,      -4.304765736,     0.06072613683,       1.477156006,     0.06789756887
          0,           0,        3110,      -4.289000762,     0.06135747559,       1.479506828,     0.06928559536
          0,           0,        3111,      -4.289315448,     0.06205827582,       1.482004761,     0.07083689322
          0,           0,        3112,      -4.282318018,     0.06282829344,       1.484484523,     0.07243144023
          0,           0,        3113,      -4.283574354,     0.06363971405,       1.486738344,     0.07391479613
          0,           0,        3114,      -4.287696417,     0.06445761467,       1.488544684,     0.07512203894
          0,           0,        3115,      -4.299027597,     0.06529220529,       1.489715661,     0.07591938748
          0,           0,        3116,      -4.302637052,     0.06619541126,       1.490381513,     0.07641248264
          0,           0,        3117,      -4.307187354,     0.06720870355,       1.490533601,     0.07660291502
          0,           0,        3118,      -4.308469745,     0.06826765173,       1.490430351,     0.07667407138
          0,           0,        3119,      -4.306781212,     0.06929946194,       1.490305925,     0.07678989395
          0,           0,        3120,      -4.308043258,     0.07023760865,       1.490577996,     0.07724789991
          0,           0,        3121,      -4.311047985,     0.07104579276,         1.4914405,     0.07818314672
          0,           0,        3122,      -4.304099425,     0.07175125667,       1.492799908,     0.07952551566
          0,           0,        3123,      -4.304212698,     0.07235429154,       1.494653407,     0.08126736196
          0,           0,        3124,      -4.305716078,     0.07281560622,       1.497127124,     0.08349037235
          0,           0,        3125,      -4.303815428,     0.07313079585,       1.500164561,     0.08614574168
          0,           0,        3126,      -4.295699639,     0.07344920272,        1.50303584,     0.08870738672
          0,           0,        3127,      -4.278339214,     0.07376156358,       1.505710376,     0.09114482478
          0,           0,        3128,      -4.285670181,     0.07400796218,       1.508255674,     0.09349292304
          0,           0,        3129,      -4.258925481,     0.07420364284,       1.510692386,      0.0957611715
          0,           0,        3130,      -4.283255908,     0.07435031917,       1.513034007,     0.09795241639
          0,           0,        3131,      -4.232386635,     0.07443049876,       1.515318907,      0.1000858978
          0,           0,        3132,      -4.219559908,     0.07441523671,       1.517550673,      0.1021557752
          0,           0,        3133,       -4.25555155,     0.07434003227,       1.519409593,      0.1039271119
          0,           0,        3134,      -4.266216471,     0.07420043121,       1.520699003,      0.1052513822
          0,           0,        3135,      -4.274752044,     0.07401511462,       1.521054724,      0.1058602066
          0,           0,        3136,      -4.275280321,      0.0738181017,       1.520129873,      0.1055016859
          0,           0,        3137,      -4.271839899,     0.07360043348,       1.517766076,      0.1040581431
          0,           0,        3138,      -4.271802042,     0.07327885586,       1.514038829,      0.1015757973
          0,           0,        3139,      -4.282290385,     0.07282821243,        1.50905578,     0.09813108643
          0,           0,        3140,      -4.283658643,     0.07227700792,       1.502924391,     0.09380714878
          0,           0,        3141,      -4.289239039,     0.07164929395,       1.495813368,     0.08873109231
          0,           0,        3142,      -4.288667379,     0.07097550697,        1.48799224,     0.08310302802
          0,           0,        3143,      -4.294511657,      0.0702757379,       1.479798284,     0.07717034986
          0,           0,        3144,      -4.289715554,     0.06950565622,       1.472140419,     0.07159268837
          0,           0,        3145,      -4.296104407,     0.06872345494,       1.465066841,     0.06640703513
          0,           0,        3146,      -4.294031216,     0.06796770998,          1.458461,     0.06152698074
          0,           0,        3147,      -4.284548438,     0.06711153962,       1.452518267,     0.05707609898
          0,           0,        3148,      -4.290372577,     0.06616540267,       1.447193946,     0.05301927144
          0,           0,        3149,       -4.28315148,     0.06513359004,       1.442878901,     0.04964266277
          0,           0,        3150,      -4.282689275,     0.06409575229,       1.439293895,     0.04674870412
          0,           0,        3151,      -4.272222164,     0.06316590377,       1.436069278,     0.04407885788
          0,           0,        3152,      -4.273576359,     0.06234365979,       1.433038847,     0.04151120536
          0,           0,        3153,      -4.289891386,     0.06159309019,       1.430060281,     0.03893885672
          0,           0,        3154,      -4.286801201,     0.06087714396,       1.426926059,     0.03620889134
          0,           0,        3155,      -4.294965275,     0.06014894403,       1.423618924,     0.03330882282
          0,           0,        3156,      -4.291746939,     0.05937156921,       1.420124901,     0.03023159321
          0,           0,        3157,      -4.282685716,     0.05853550103,       1.416426922,     0.02697279079
          0,           0,        3158,      -4.290709889,     0.05765760347,       1.412497072,      0.0235246345
          0,           0,        3159,      -4.247924993,     0.05675646062,       1.408336381,     0.01990169824
          0,           0,        3160,      -4.289604488,     0.05581542126,        1.40394605,      0.0161145484
          0,           0,        3161,      -4.283781198,     0.05473184357,       1.399624265,     0.01238183319
          0,           0,        3162,      -4.285543068,     0.05347620064,        1.39539414,    0.008727654382
          0,           0,        3163,      -4.278043245,     0.05212823036,       1.391154761,    0.005099688216
          0,           0,        3164,      -4.288256333,     0.04959231428,       1.392968574,    0.005842126511
          0,           0,        3165,      -4.297922892,     0.04834230616,       1.388728183,    0.002353612738
          0,           0,        3166,      -4.299223924,     0.04692644979,       1.384231834,   -0.001265141999
          0,           0,        3167,      -4.297955326,     0.04540494678,       1.379608176,   -0.004901908869
          0,           0,        3168,      -4.300049424,     0.04388728282,       1.375193755,   -0.008286726918
          0,           0,        3169,      -4.287334359,     0.04220307176,       1.370685539,     -0.0116596922
          0,           0,        3170,      -4.286318735,     0.04030308223,       1.366010694,    -0.01507725754
          0,           0,        3171,      -4.283587159,     0.03813295816,       1.361225623,    -0.01850304852
          0,           0,        3172,      -4.290375554,     0.03559879378,       1.356151726,    -0.02208165878
          0,           0,        3173,       -4.26496493,     0.03260492878,       1.350431817,    -0.02609112123
          0,           0,        3174,      -4.253936612,     0.02919751868,       1.344035752,    -0.03055068917
          0,           0,        3175,       -4.23341137,     0.02491134947,       1.335928746,    -0.03628927389
          0,           0,        3176,      -4.256464931,     0.01980388241,        1.32628521,     -0.0431768045
          0,           0,        3177,      -4.255009373,     0.01281209365,       1.312977973,    -0.05292918942
          0,           0,        3178,      -4.264261218,    0.007215256282,       1.302573215,    -0.06028137365
          0,           0,        3179,      -4.278159913,      0.0072025743,       1.303065577,    -0.05879661393
          0,           0,        3180,      -4.283263643,     0.01021972661,       1.309856592,    -0.05221127267
          0,           0,        3181,      -4.285439497,      0.0151400203,       1.321008971,    -0.04211118919
          0,           0,        3182,      -4.285179926,     0.02082001108,       1.335027545,    -0.02975703829
          0,           0,        3183,      -4.285539989,      0.0262519062,       1.349020984,    -0.01742106238
          0,           0,        3184,      -4.292299537,     0.02839513175,       1.356272609,    -0.01046192017
          0,           0,        3185,      -4.282575946,     0.02974235643,       1.361865893,   -0.004806922323
          0,           0,        3186,      -4.300332429,      0.0311741009,       1.367507691,   0.0009156118727
          0,           0,        3187,      -4.290986269,     0.03235425796,       1.373088671,    0.006579597193
          0,           0,        3188,       -4.29255788,     0.03317222755,       1.377878542,     0.01163075399
          0,           0,        3189,      -4.291028804,     0.03319145176,       1.383217728,     0.01700079453
          0,           0,        3190,      -4.296178931,      0.0331616285,       1.385878808,     0.02040479616
          0,           0,        3191,      -4.303862197,     0.03283417271,       1.386735382,     0.02245370775
          0,           0,        3192,      -4.298325545,     0.03220924897,       1.386529262,     0.02369279181
          0,           0,        3193,      -4.306274496,     0.02746869906,        1.37907105,     0.01905258087
          0,           0,        3194,      -4.304490478,     0.02365005241,       1.376812218,     0.01837454944
          0,           0,        3195,      -4.305272956,     0.01997972377,       1.375295004,     0.01826100489
          0,           0,        3196,       -4.30565472,     0.01693928735,        1.37501585,     0.01913238644
          0,           0,        3197,      -4.304368182,     0.01474851629,       1.376014903,     0.02103698901
          0,           0,        3198,      -4.313570292,     0.01353982243,         1.3780322,     0.02378975732
          0,           0,        3199,      -4.315759623,     0.01329045518,       1.380590367,     0.02702289398
          0,           0,        3200,      -4.316751881,     0.01379165553,       1.383583207,     0.03061712692
          0,           0,        3201,      -4.309421986,     0.01488754394,       1.386904441,     0.03445966661
          0,           0,        3202,      -4.311449851,     0.01286607889,       1.383518277,     0.03286023694
          0,           0,        3203,      -4.315948272,     0.01098480322,       1.379644267,     0.03081962698
          0,           0,        3204,      -4.312141019,     0.01139910962,       1.379406716,     0.03164946658
          0,           0,        3205,      -4.314318517,     0.01376882222,       1.382398007,     0.03499229401
          0,           0,        3206,      -4.298510531,     0.01666102484,       1.388279443,     0.04039966441
          0,           0,        3207,      -4.305287484,     0.01951029667,       1.394796513,     0.04612380545
          0,           0,        3208,      -4.302097706,      0.0220052438,       1.400883422,     0.05132887046
          0,           0,        3209,       -4.31325725,      0.0239798948,       1.406276012,     0.05579086659
          0,           0,        3210,      -4.317873897,     0.02547848348,       1.411336365,     0.05977677613
          0,           0,        3211,      -4.313391392,     0.02455903688,       1.427411194,      0.0714033646
          0,           0,        3212,      -4.314959802,     0.02504782745,       1.434764974,     0.07659927648
          0,           0,        3213,      -4.314507585,     0.02525013333,       1.440393171,     0.08030441254
          0,           0,        3214,      -4.314421708,     0.02562273996,        1.44596594,     0.08381115082
          0,           0,        3215,      -4.313105038,     0.03259212797,       1.467732849,     0.09994470496
          0,           0,        3216,      -4.272686912,     0.03476787733,       1.479578174,      0.1079534786
          0,           0,        3217,      -4.299164352,     0.03701519567,       1.489920943,       0.114693016
          0,           0,        3218,      -4.312165289,     0.03871913532,       1.497293353,      0.1190107926
          0,           0,        3219,       -4.19309721,     0.03958143875,       1.501246078,      0.1205468624
          0,           0,        3220,      -4.242532986,     0.03954565543,       1.501939376,      0.1194222799
          0,           0,        3221,      -4.283466584,     0.03878106201,       1.500048501,      0.1161675257
          0,           0,        3222,      -4.306254835,     0.03757272705,       1.496517068,      0.1115265743
          0,           0,        3223,      -4.307921885,     0.03618869505,       1.492036768,      0.1060577921
          0,           0,        3224,      -4.307073274,     0.03488296724,       1.487109125,      0.1001787198
          0,           0,        3225,      -4.306000516,     0.03392030135,       1.482197532,     0.09428062908
          0,           0,        3226,      -4.308377295,     0.03343695013,       1.477583358,      0.0886040473
          0,           0,        3227,      -4.282848641,     0.03350261555,       1.473540655,     0.08337524253
          0,           0,        3228,      -4.276655114,     0.03400950492,       1.471175262,     0.07940967338
          0,           0,        3229,      -4.287902419,     0.03368378912,       1.467919073,      0.0746583221
          0,           0,        3230,      -4.290404618,     0.03199597856,       1.461983383,     0.06774476739
          0,           0,        3231,        -4.2934035,     0.03010766541,       1.454900664,     0.05996361606
          0,           0,        3232,      -4.294862117,     0.02907095341,       1.448851496,     0.05307296257
          0,           0,        3233,      -4.298723699,     0.02876128696,       1.443862162,     0.04708641694
          0,           0,        3234,      -4.299754173,     0.02819583677,       1.435838549,     0.03886776316
          0,           0,        3235,      -4.294649865,     0.02754504148,       1.424804294,     0.02846608604
          0,           0,        3236,      -4.297282369,     0.02757015089,       1.413741821,     0.01818920993
          0,           0,        3237,      -4.306877998,      0.0277976333,       1.403600636,    0.008683789709
          0,           0,        3238,      -4.287903443,     0.02840524363,        1.39594454,     0.00113587947
          0,           0,        3239,      -4.287102302,      0.0289316302,       1.390245461,   -0.004894954514
          0,           0,        3240,      -4.283167639,     0.03004643677,       1.387713846,   -0.008418045217
          0,           0,        3241,      -4.301276355,     0.03150131507,       1.387474474,    -0.01010190817
          0,           0,        3242,      -4.285856671,     0.03328233852,       1.389051532,     -0.0102900209
          0,           0,        3243,      -4.285136655,     0.03572655004,       1.392721946,    -0.00872512073
          0,           0,        3244,      -4.294606819,     0.03890502566,       1.398312922,   -0.005516893023
          0,           0,        3245,      -4.276289464,     0.04258010354,       1.405314342,   -0.001065037132
          0,           0,        3246,      -4.284128894,     0.04646492874,       1.413087991,    0.004129463945
          0,           0,        3247,        -4.2681592,     0.05022678559,        1.42090724,    0.009494529002
          0,           0,        3248,      -4.281985507,     0.05572385109,       1.416780223,    0.006438338017
          0,           0,        3249,      -4.295946116,     0.05924335442,       1.417230543,    0.006671664167
          0,           0,        3250,      -4.316926103,     0.06219793153,       1.419989334,    0.008708500821
          0,           0,        3251,        -4.3028122,     0.06472371772,       1.423882095,     0.01170355841
          0,           0,        3252,      -4.282744585,     0.06691819016,        1.42868868,     0.01551106806
          0,           0,        3253,      -4.288855751,     0.06880204313,        1.43403224,     0.01986051643
          0,           0,        3254,      -4.300987021,     0.07034551541,       1.439356879,     0.02434250937
          0,           0,        3255,      -4.297906257,     0.07189271656,       1.442517569,     0.02742332634
          0,           0,        3256,       -4.29830491,      0.0734952921,       1.443435536,     0.02905249397
          0,           0,        3257,      -4.294378589,      0.0747622603,       1.443436434,     0.03015482362
          0,           0,        3258,      -4.312089952,     0.07334952837,        1.45463251,     0.03935898108
          0,           0,        3259,      -4.315887108,      0.0745420706,       1.453611411,     0.04006773979
          0,           0,        3260,      -4.289769923,     0.07495828493,       1.452516985,     0.04079361478
          0,           0,        3261,      -4.295095846,     0.07502853786,       1.451686076,     0.04183170584
          0,           0,        3262,      -4.302155116,     0.07475303473,       1.450959281,     0.04305159911
          0,           0,        3263,      -4.306740933,     0.07408457923,       1.450042458,     0.04421514991
          0,           0,        3264,      -4.307966412,     0.07306193127,       1.448325004,     0.04486078837
          0,           0,        3265,      -4.308667962,     0.07166139491,       1.445742074,     0.04492277449
          0,           0,        3266,      -4.294128544,     0.07105536311,        1.43657631,     0.04032080897
          0,           0,        3267,      -4.303973456,     0.06970925199,       1.428099284,     0.03620525602
          0,           0,        3268,      -4.297944464,     0.06740421805,       1.421775441,     0.03361094026
          0,           0,        3269,      -4.293610195,     0.06381088147,       1.415289961,     0.03076961029
          0,           0,        3270,      -4.295322456,     0.06013452655,       1.409741655,     0.02863224047
          0,           0,        3271,       -4.30421116,     0.05580574806,       1.404402205,      0.0265720559
          0,           0,        3272,      -4.300530258,     0.05082401668,       1.398392376,      0.0239265082
          0,           0,        3273,      -4.309928317,     0.04528667146,       1.390920456,     0.02011109372
          0,           0,        3274,      -4.302102095,     0.03910399665,        1.38192573,     0.01505724546
          0,           0,        3275,      -4.306702914,     0.03300931723,       1.372946761,    0.009985709643
          0,           0,        3276,      -4.296831619,     0.02735079311,       1.364976663,    0.005664974226
          0,           0,        3277,      -4.295137186,     0.02242081107,        1.35910484,    0.002927240075
          0,           0,        3278,      -4.279560467,     0.01855162848,       1.356094201,     0.00236950794
          0,           0,        3279,      -4.273288723,     0.01590854121,        1.35525645,    0.003496324616
          0,           0,        3280,      -4.235736511,     0.01432024254,       1.353209683,    0.003780153641
          0,           0,        3281,      -4.274091891,     0.01321198586,       1.351402116,     0.00420688194
          0,           0,        3282,      -4.253721815,      0.0105012235,       1.358345463,     0.01077931559
          0,           0,        3283,      -4.263403479,    0.009640807639,       1.359960406,     0.01355040666
          0,           0,        3284,       -4.28512202,    0.007291831567,       1.364519585,     0.01818292469
          0,           0,        3285,      -4.298941424,    0.005912451344,       1.362587836,     0.01802945229
          0,           0,        3286,      -4.249044218,    0.004929079973,       1.355907774,     0.01429639413
          0,           0,        3287,      -4.249701582,     0.00380233803,       1.349140786,      0.0103497592
          0,           0,        3288,      -4.240459604,    0.002552981304,       1.343042687,    0.006746309897
          0,           0,        3289,      -4.270423284,  -0.0004915621023,       1.336005834,    0.002078466627
          0,           0,        3290,      -4.171857225,   -0.008739290484,       1.337548121,    0.002924128837
          0,           0,        3291,      -4.198814936,    -0.01557767233,       1.324351445,   -0.007065399707
          0,           0,        3292,      -4.268960101,    -0.02295568404,       1.311806674,    -0.01678615978
          0,           0,        3293,      -4.284905572,    -0.02946342076,       1.300993541,     -0.0252569358
          0,           0,        3294,      -4.291782723,    -0.03472565391,       1.295498255,    -0.02978111905
          0,           0,        3295,      -4.295895867,     -0.0379447837,       1.293200945,    -0.03181830974
          0,           0,        3296,      -4.288645295,    -0.04363985142,       1.312281109,    -0.01853881525
          0,           0,        3297,      -4.261384045,    -0.04381313667,       1.313748197,    -0.01767275295
          0,           0,        3298,      -4.270936391,    -0.04384512558,       1.317298671,    -0.01538020017
          0,           0,        3299,       -4.29930364,    -0.04390719736,       1.321395002,    -0.01281374231
          0,           0,        3300,      -4.289773672,    -0.04406896003,       1.328373542,   -0.008252764774
          0,           0,        3301,      -4.301645502,    -0.04272186879,       1.335256122,   -0.003679380017
          0,           0,        3302,      -4.308882914,    -0.04273808326,       1.358800046,     0.01290565541
          0,           0,        3303,      -4.296714319,    -0.03925160482,       1.375752572,     0.02498138263
          0,           0,        3304,      -4.301924267,    -0.03700628228,       1.382273438,     0.02910194474
          0,           0,        3305,      -4.306111725,    -0.03634893237,        1.38283058,     0.02852655459
          0,           0,        3306,      -4.289023354,    -0.03551130277,       1.384056697,      0.0283863008
          0,           0,        3307,      -4.314158863,    -0.04003056512,       1.373219301,     0.01856765273
          0,           0,        3308,      -4.313103395,    -0.04262333707,       1.361551271,    0.008315277787
          0,           0,        3309,      -4.310146712,    -0.03223154656,       1.318814976,    -0.02323924715
          0,           0,        3310,       -4.29086579,    -0.02890420942,       1.328010591,    -0.01744828899
          0,           0,        3311,      -4.301231305,    -0.02460407245,       1.337498277,    -0.01137469288
          0,           0,        3312,      -4.307818077,    -0.01972386069,       1.348060164,   -0.004485653575
          0,           0,        3313,      -4.310689732,     -0.0143438832,       1.357940925,    0.001920017034
          0,           0,        3314,      -4.310287459,    -0.01067809774,       1.375771698,     0.01393013922
          0,           0,        3315,      -4.304700246,   -0.006310154241,       1.390085799,     0.02340529634
          0,           0,        3316,      -4.312420124,    -0.00343268238,       1.397344009,      0.0274569742
          0,           0,        3317,      -4.309356111,    -0.01028698042,       1.447903058,     0.06216227106
          0,           0,        3318,      -4.309051969,   -0.005690132851,       1.447702699,     0.06090319214
          0,           0,        3319,      -4.321246142,    -0.00126362454,       1.451850953,     0.06284729801
          0,           0,        3320,      -4.320870532,    0.002307423164,       1.454785251,     0.06380779739
          0,           0,        3321,       -4.31313565,    0.003888362947,       1.454564961,     0.06221221846
          0,           0,        3322,      -4.302153906,   -0.001669485883,       1.486717057,     0.08361526873
          0,           0,        3323,       -4.30409855,    -0.00584350035,       1.479311706,       0.076049142
          0,           0,        3324,      -4.287167387,   -0.005167096807,       1.478401518,     0.07396839651
          0,           0,        3325,      -4.311564277,   -0.003390210325,       1.476518658,     0.07138145065
          0,           0,        3326,      -4.307733473,   -0.003473056279,        1.46740321,     0.06328801861
          0,           0,        3327,      -4.305976814,    -0.01100383311,       1.447221623,     0.04613399262
          0,           0,        3328,       -4.30522225,    -0.01692966311,       1.434473336,     0.03475575726
          0,           0,        3329,      -4.307430791,    -0.01428595639,        1.42258239,     0.02521131855
          0,           0,        3330,      -4.313039946,    -0.01065958726,       1.431462294,     0.03121152777
          0,           0,        3331,      -4.315926737,   -0.004129790552,       1.442918344,     0.03958377122
          0,           0,        3332,      -4.312554039,    0.001764475212,       1.454932506,     0.04838157331
          0,           0,        3333,      -4.308058995,    0.007391518908,       1.463147098,     0.05444224685
          0,           0,        3334,      -4.293080989,     0.01090870063,       1.465528011,     0.05602926892
          0,           0,        3335,      -4.210734069,    0.009265769594,       1.466193899,     0.05578870457
          0,           0,        3336,      -4.206550411,    0.007668208197,       1.470732288,     0.05852525296
          0,           0,        3337,      -4.224121055,    0.008463985261,       1.479908775,       0.065110578
          0,           0,        3338,      -4.253800526,     0.01414980406,       1.493157176,     0.07545051365
          0,           0,        3339,      -4.291129066,     0.01814502885,       1.504071713,     0.08395728009
          0,           0,        3340,      -4.300277836,     0.02153739221,       1.512670078,     0.09078263007
          0,           0,        3341,      -4.300303602,      0.0166304184,       1.554892903,      0.1214439837
          0,           0,        3342,      -4.294287837,     0.02045447639,       1.550533263,      0.1189588548
          0,           0,        3343,       -4.29336889,     0.02074471165,       1.560981206,      0.1270318493
          0,           0,        3344,      -4.302548408,     0.02174092705,       1.563935382,      0.1297478156
          0,           0,        3345,      -4.305480603,     0.02284700552,       1.563350711,      0.1299395758
          0,           0,        3346,      -4.308844795,     0.02438989206,       1.571696498,      0.1368437953
          0,           0,        3347,      -4.219592468,     0.02685687466,       1.567231014,       0.134469644
          0,           0,        3348,      -4.221760906,     0.02746099434,       1.570157973,      0.1373573483
          0,           0,        3349,      -4.233867085,     0.02996413913,       1.564262152,      0.1340233291
          0,           0,        3350,      -4.191192121,     0.03120608836,       1.563190758,      0.1341210674
          0,           0,        3351,      -4.196554651,     0.03183613073,       1.564047698,      0.1355911643
          0,           0,        3352,      -4.239412248,     0.03231741301,       1.560916676,      0.1341249268
          0,           0,        3353,      -4.232077281,     0.03290587412,       1.553804671,      0.1297563737
          0,           0,        3354,      -4.276483231,     0.03378688301,       1.544044991,      0.1234858272
          0,           0,        3355,      -4.289124212,      0.0350495315,       1.533984238,      0.1170482404
          0,           0,        3356,      -4.284619933,     0.03759070417,        1.52064348,      0.1083570372
          0,           0,        3357,      -4.265015162,     0.03956732364,       1.513166076,      0.1039082188
          0,           0,        3358,      -4.282685514,     0.04112083117,       1.510199158,      0.1027171641
          0,           0,        3359,        -4.3033483,     0.04238533647,       1.509625261,      0.1032355889
          0,           0,        3360,      -4.301183416,     0.04345097518,       1.510546305,      0.1048052017
          0,           0,        3361,      -4.297907123,     0.04439066304,       1.512619295,      0.1071726626
          0,           0,        3362,      -4.289055736,     0.04524466097,       1.515586179,      0.1101418626
          0,           0,        3363,      -4.273198702,     0.04609538492,       1.519020472,      0.1133975774
          0,           0,        3364,      -4.261258311,     0.04702662047,       1.522548373,       0.116664224
          0,           0,        3365,      -4.247953734,     0.04807592654,       1.525921066,      0.1197533716
          0,           0,        3366,      -4.221394968,     0.04929700246,       1.527106537,      0.1211729351
          0,           0,        3367,       -4.08441934,     0.05065239261,       1.526110685,      0.1209191529
          0,           0,        3368,      -4.121556121,     0.05205525042,       1.523291721,      0.1192451766
          0,           0,        3369,      -4.159177078,     0.05341229629,       1.519111848,      0.1164849897
          0,           0,        3370,      -4.194132599,     0.05463283873,       1.514024531,      0.1129721599
          0,           0,        3371,      -4.224551284,     0.05588715379,       1.507218298,      0.1081450377
          0,           0,        3372,      -4.243505922,     0.05673643199,       1.500545672,      0.1033292702
          0,           0,        3373,      -4.273508917,     0.05720388477,        1.49380639,     0.09839410439
          0,           0,        3374,      -4.297879702,     0.05732812377,       1.487151918,     0.09346844517
          0,           0,        3375,       -4.30410787,     0.05693820002,       1.480697058,     0.08861869587
          0,           0,        3376,      -4.308629571,     0.05601244767,        1.47506512,     0.08429640916
          0,           0,        3377,      -4.303845617,     0.05467100631,       1.470583328,     0.08075289953
          0,           0,        3378,       -4.29997099,     0.05297142944,       1.467621382,     0.07825924203
          0,           0,        3379,       -4.28607898,     0.05101414576,       1.466389192,     0.07697122008
          0,           0,        3380,      -4.284274928,     0.04875716015,       1.466514359,     0.07659048197
          0,           0,        3381,       -4.29181346,     0.04631503817,       1.468028628,     0.07713588538
          0,           0,        3382,      -4.282370328,     0.04239366186,        1.46825817,     0.07644982661
          0,           0,        3383,      -4.276252982,     0.03873739359,       1.470008636,     0.07681597768
          0,           0,        3384,      -4.276201991,     0.03459118998,       1.471239307,     0.07662115127
          0,           0,        3385,      -4.267555994,     0.03053672982,       1.472593404,     0.07641179111
          0,           0,        3386,      -4.262211471,     0.02673235622,       1.473620957,     0.07588149369
          0,           0,        3387,      -4.256566485,     0.02377435787,       1.474174016,     0.07501133418
          0,           0,        3388,       -4.25663665,     0.02231094328,       1.474484109,     0.07406985027
          0,           0,        3389,       -4.25939939,     0.02309786655,       1.475361571,     0.07377064045
          0,           0,        3390,      -4.263903633,     0.02558034974,        1.47616361,     0.07358800057
          0,           0,        3391,      -4.268108679,     0.02887874322,       1.475301302,     0.07225716692
          0,           0,        3392,      -4.274318092,     0.03225529716,       1.472930099,     0.06982333777
          0,           0,        3393,      -4.205509192,     0.03534815493,       1.469754269,     0.06678502543
          0,           0,        3394,      -4.276386726,     0.03790019663,       1.465541391,     0.06296516732
          0,           0,        3395,      -4.283466126,     0.03971731115,       1.460653195,     0.05863228648
          0,           0,        3396,      -4.289533163,     0.04089257359,       1.455068926,     0.05380105303
          0,           0,        3397,      -4.289401733,      0.0401035573,       1.446570679,      0.0466779116
          0,           0,        3398,        -4.2949214,     0.03835861521,       1.437221975,     0.03893518295
          0,           0,        3399,      -4.291902982,     0.03539977942,       1.434436134,     0.03602279531
          0,           0,        3400,      -4.281264456,     0.03342947607,       1.430393886,      0.0324641743
          0,           0,        3401,      -4.282170134,      0.0318808501,       1.426421158,     0.02916924101
          0,           0,        3402,      -4.294147004,     0.03053505812,       1.423082803,     0.02652839793
          0,           0,        3403,      -4.273718105,     0.02846436516,       1.422454571,     0.02595054286
          0,           0,        3404,       -4.28111244,     0.02573773774,       1.422987662,     0.02629524182
          0,           0,        3405,      -4.280030991,     0.02256549586,       1.423813808,     0.02693872295
          0,           0,        3406,      -4.298442672,       0.019156223,       1.424869828,     0.02784916778
          0,           0,        3407,      -4.301974572,     0.01578749305,       1.426052654,     0.02897164744
          0,           0,        3408,      -4.306762502,     0.01263744885,       1.426742897,     0.02985215233
          0,           0,        3409,      -4.304319515,     0.01004302412,       1.428341225,     0.03154503753
          0,           0,        3410,      -4.306007935,     0.00876265679,       1.431973599,     0.03496086157
          0,           0,        3411,      -4.300810644,    0.009035022057,       1.436670773,     0.03939755766
          0,           0,        3412,      -4.307235752,     0.01058354239,       1.440803916,     0.04360032472
          0,           0,        3413,      -4.304740907,     0.01288729067,       1.443506971,      0.0468483905
          0,           0,        3414,      -4.302729477,     0.01542844959,       1.445015288,     0.04923855757
          0,           0,        3415,      -4.286907596,     0.01805936341,       1.445142694,     0.05060927171
          0,           0,        3416,      -4.292697373,     0.02050354914,       1.444711235,     0.05153258342
          0,           0,        3417,      -4.296798248,     0.02263118179,       1.444456213,     0.05254167384
          0,           0,        3418,       -4.29850068,     0.02455897175,       1.443845483,     0.05327142802
          0,           0,        3419,      -4.299876243,      0.0263613458,       1.442565134,     0.05351433026
          0,           0,        3420,      -4.297508456,     0.02788844824,       1.441183894,     0.05368722477
          0,           0,        3421,      -4.297525878,     0.02891043464,       1.440578088,     0.05442686916
          0,           0,        3422,      -4.295274222,     0.02944264951,       1.440839247,      0.0558206188
          0,           0,        3423,      -4.296631381,     0.02988985156,       1.440583662,     0.05691444695
          0,           0,        3424,      -4.304928377,     0.03055318446,        1.43873787,     0.05696503401
          0,           0,        3425,      -4.296963888,     0.03139614894,       1.435602783,     0.05619381636
          0,           0,        3426,      -4.317072098,     0.03144910632,       1.435957737,     0.05800052581
          0,           0,        3427,      -4.318279802,     0.03145588249,       1.436641329,      0.0601427227
          0,           0,        3428,      -4.319522906,     0.03175278765,       1.436318615,     0.06166647818
          0,           0,        3429,      -4.314241791,     0.03217323176,       1.435455003,     0.06287557161
          0,           0,        3430,      -4.254821615,     0.03263827717,        1.43460209,     0.06414030649
          0,           0,        3431,      -4.308697714,     0.03308557617,         1.4339899,     0.06559867047
          0,           0,        3432,       -4.31454538,     0.03335346634,       1.433452114,     0.06707988952
          0,           0,        3433,      -4.310914785,     0.03336274433,        1.43283113,     0.06842928632
          0,           0,        3434,      -4.296276658,     0.03320460544,       1.432187511,     0.06967583291
          0,           0,        3435,      -4.310934434,      0.0330627604,        1.43158968,       0.070867324
          0,           0,        3436,      -4.308153457,      0.0329646057,       1.430950333,     0.07191873039
          0,           0,        3437,      -4.303651179,     0.03289398577,       1.430219015,     0.07276894807
          0,           0,        3438,        -4.3110868,      0.0328211799,       1.429307586,     0.07333166315
          0,           0,        3439,      -4.300995042,     0.03272232736,       1.428055745,     0.07347177718
          0,           0,        3440,       -4.31395617,     0.03258847244,       1.426258702,     0.07302684632
          0,           0,        3441,      -4.289145508,     0.03236921024,       1.423745866,     0.07185835935
          0,           0,        3442,      -4.275176931,     0.03194712479,       1.420437711,     0.06989002652
          0,           0,        3443,       -4.31135991,     0.03118020862,       1.416330675,     0.06710232134
          0,           0,        3444,      -4.302973332,     0.02997257277,       1.411390288,     0.06346199289
          0,           0,        3445,      -4.313365359,     0.02827100724,       1.405596293,     0.05895431425
          0,           0,        3446,      -4.305052778,     0.02605576346,        1.39899161,     0.05361664222
          0,           0,        3447,      -4.320089701,     0.02331299889,       1.391667784,     0.04752305025
          0,           0,        3448,      -4.315750415,     0.02013275972,       1.383849215,     0.04085889166
          0,           0,        3449,      -4.290065744,     0.01692406144,       1.375810668,     0.03388827504
          0,           0,        3450,       -4.29570171,     0.01431142575,       1.368682589,     0.02753342512
          0,           0,        3451,      -4.277895814,     0.01279570196,       1.363703358,     0.02277854218
          0,           0,        3452,      -4.271837219,     0.01620775708,       1.370164822,     0.02698548607
          0,           0,        3453,      -4.284750923,     0.02004651152,       1.376824211,     0.03126976509
          0,           0,        3454,      -4.285713766,     0.02333902288,        1.38322423,     0.03517097967
          0,           0,        3455,      -4.283846293,     0.02604805408,       1.389043556,     0.03845100687
          0,           0,        3456,      -4.311014987,     0.02824405263,       1.393979726,     0.04090008989
          0,           0,        3457,      -4.302895786,     0.02996405187,       1.397864669,     0.04240354968
          0,           0,        3458,      -4.315493095,     0.03129050036,       1.400797136,     0.04304963904
          0,           0,        3459,       -4.29646076,     0.03238181787,       1.403109034,     0.04310958026
          0,           0,        3460,      -4.312565121,     0.03330869786,       1.405004836,     0.04275013224
          0,           0,        3461,      -4.309504101,     0.03409619724,       1.406675623,     0.04212331818
          0,           0,        3462,      -4.311232997,     0.03481792984,       1.408331923,     0.04140329769
          0,           0,        3463,      -4.315641916,     0.03557824059,        1.41025173,     0.04081895705
          0,           0,        3464,      -4.317648607,     0.03652917151,       1.412743244,     0.04062811332
          0,           0,        3465,       -4.26850437,     0.03780033674,       1.416102509,     0.04107669137
          0,           0,        3466,      -4.284009907,     0.03935216973,       1.420199075,      0.0420757818
          0,           0,        3467,      -4.284813395,      0.0410721437,       1.424862221,     0.04349821721
          0,           0,        3468,      -4.270202216,      0.0429180356,       1.430018772,     0.04529755709
          0,           0,        3469,      -4.276116732,     0.04487513686,       1.435614429,     0.04744441596
          0,           0,        3470,      -4.315314411,     0.04688213365,       1.441497518,     0.04983103182
          0,           0,        3471,      -4.315757202,     0.04884790931,       1.447375994,     0.05224208855
          0,           0,        3472,      -4.301319696,     0.05067780673,        1.45283378,     0.05436999172
          0,           0,        3473,      -4.303706917,     0.05183997626,       1.459917861,      0.0576654807
          0,           0,        3474,      -4.283145353,      0.0522825065,       1.468091619,      0.0617369535
          0,           0,        3475,      -4.307873554,     0.05236160346,       1.475075502,       0.064961845
          0,           0,        3476,      -4.310008739,     0.05217349096,       1.479043573,     0.06601799079
          0,           0,        3477,      -4.313800753,     0.05167558871,       1.479615844,     0.06463083693
          0,           0,        3478,       -4.29752517,     0.05080302666,       1.477209258,     0.06111005899
          0,           0,        3479,      -4.288246665,     0.04941311663,       1.472227428,     0.05574485242
          0,           0,        3480,      -4.288075089,     0.04690956621,       1.466127106,     0.04954181057
          0,           0,        3481,      -4.279345589,      0.0365882755,        1.49110038,     0.06539382332
          0,           0,        3482,      -4.287479434,     0.03334531064,       1.469646673,     0.04804977482
          0,           0,        3483,      -4.298118568,     0.02891384424,       1.452108524,     0.03359961613
          0,           0,        3484,      -4.303279383,     0.02292477424,       1.434725374,     0.01922464609
          0,           0,        3485,       -4.29905967,      0.0172743945,       1.419881822,    0.006936026747
          0,           0,        3486,      -4.310195747,      0.0137610834,       1.410441955,  -0.0009154456082
          0,           0,        3487,       -4.31474052,     0.01368629723,       1.408691811,    -0.00247181049
          0,           0,        3488,      -4.307495693,     0.01643814676,       1.412412705,   0.0005521235132
          0,           0,        3489,      -4.268163236,     0.02042008864,       1.420200411,    0.006912398048
          0,           0,        3490,      -4.306617783,     0.02427022559,       1.428708385,     0.01395776887
          0,           0,        3491,      -4.311330329,     0.02775947744,       1.433412406,     0.01831082979
          0,           0,        3492,       -4.32505281,     0.03003706714,       1.440548808,     0.02445706978
          0,           0,        3493,      -4.323771414,     0.03214197808,        1.44549531,     0.02911613144
          0,           0,        3494,      -4.327777013,       0.034101488,       1.449001298,     0.03284190095
          0,           0,        3495,      -4.324380801,     0.03597607904,       1.451879894,     0.03623916179
          0,           0,        3496,      -4.318957888,     0.03777798857,       1.454256557,     0.03939787093
          0,           0,        3497,      -4.318885629,     0.03941047068,        1.45659257,     0.04263993357
          0,           0,        3498,      -4.316480999,     0.04042857708,       1.459121198,      0.0460720843
          0,           0,        3499,      -4.317639393,     0.04200792394,       1.462688326,      0.0504619804
          0,           0,        3500,      -4.302058521,     0.04338316333,       1.464443044,     0.05359377997
          0,           0,        3501,      -4.286100537,     0.04332921001,       1.462375344,     0.05381096149
          0,           0,        3502,       -4.29732424,     0.04193481881,       1.457984571,     0.05221804068
          0,           0,        3503,      -4.293687262,      0.0404316285,       1.453757004,     0.05079609229
          0,           0,        3504,      -4.272890744,     0.04022732314,        1.45218949,     0.05155789845
          0,           0,        3505,      -4.301474134,     0.03312978105,       1.436723213,     0.04120227048
          0,           0,        3506,      -4.302412906,     0.03347726206,       1.435568492,     0.04240664718
          0,           0,        3507,      -4.297551876,      0.0339214555,       1.434035187,     0.04335851268
          0,           0,        3508,      -4.311081483,     0.03403642025,       1.431602226,      0.0436064212
          0,           0,        3509,      -4.290931978,     0.03355635649,       1.428211233,     0.04306198934
          0,           0,        3510,      -4.303593951,     0.03268015076,       1.424378008,     0.04212266635
          0,           0,        3511,      -4.309819517,     0.03173989627,       1.420536257,     0.04114337498
          0,           0,        3512,      -4.307242158,      0.0314691868,        1.41779916,     0.04103276985
          0,           0,        3513,      -4.288909229,     0.03162943436,       1.415833869,     0.04150415032
          0,           0,        3514,      -4.269703357,     0.03142168488,       1.413455595,      0.0415673037
          0,           0,        3515,      -4.282898444,     0.03146620973,       1.412001713,     0.04227674025
          0,           0,        3516,      -4.280291645,     0.02943578397,       1.406612457,     0.03972798514
          0,           0,        3517,      -4.258824344,     0.02728763176,       1.400795555,     0.03675042056
          0,           0,        3518,      -4.200590706,      0.0246877771,       1.394283525,     0.03309050796
          0,           0,        3519,      -4.204807781,     0.02764014045,       1.359151182,    0.008913042772
          0,           0,        3520,      -4.205121454,     0.02514076754,       1.361927591,     0.01187855871
          0,           0,        3521,      -4.257887532,     0.02289446765,       1.360282793,     0.01147893181
          0,           0,        3522,      -4.294666779,      0.0185210353,       1.352079091,    0.005825598823
          0,           0,        3523,      -4.301608314,     0.01096550069,       1.336223815,   -0.006022415191
          0,           0,        3524,      -4.299011908,    0.006483269415,       1.325484322,    -0.01382263983
          0,           0,        3525,      -4.310412447,    0.006875756341,       1.324027652,    -0.01426002622
          0,           0,        3526,      -4.300845127,     0.01005265481,        1.32717873,    -0.01105339056
          0,           0,        3527,      -4.310514404,     0.01388351003,       1.331345852,   -0.007126887774
          0,           0,        3528,      -4.300166568,     0.01736517701,       1.334743916,   -0.003923924838
          0,           0,        3529,      -4.316634771,     0.01981016996,       1.336132193,   -0.002444898791
          0,           0,        3530,      -4.302891523,      0.0142654909,       1.321906987,    -0.01363119471
          0,           0,        3531,      -4.325245407,     0.01392308251,       1.318105983,     -0.0165409789
          0,           0,        3532,      -4.284455046,     0.01204443779,       1.311342199,     -0.0219281524
          0,           0,        3533,      -4.303713462,    0.009622321709,       1.305022432,    -0.02714344279
          0,           0,        3534,      -4.306614388,     0.01659350226,       1.318122114,    -0.01688072158
          0,           0,        3535,      -4.303680963,     0.01685108058,       1.317921224,    -0.01738210508
          0,           0,        3536,       -4.31421781,     0.01794810965,       1.319771054,    -0.01632499855
          0,           0,        3537,      -4.303941768,     0.01874680571,       1.321454076,    -0.01548564116
          0,           0,        3538,       -4.31362687,      0.0193736065,       1.323323821,    -0.01457800546
          0,           0,        3539,      -4.301775087,     0.01984416118,        1.32545586,    -0.01353686289
          0,           0,        3540,      -4.312602534,     0.02120628092,       1.329910235,    -0.01069946051
          0,           0,        3541,      -4.314288383,     0.02175243988,       1.333340925,   -0.008754705181
          0,           0,        3542,      -4.313987215,     0.02339305017,       1.339453152,   -0.004717601803
          0,           0,        3543,      -4.286314973,     0.02338924984,       1.342743869,   -0.003004386914
          0,           0,        3544,      -4.321183901,     0.02406414531,       1.347636708,  -4.402651422e-05
          0,           0,        3545,      -4.270430835,     0.02544315458,       1.354099715,    0.004148100139
          0,           0,        3546,      -4.307850555,     0.02687684798,        1.36075974,    0.008480001523
          0,           0,        3547,      -4.322153862,     0.02821343708,       1.367011146,      0.0124927164
          0,           0,        3548,       -4.29306202,     0.02891025667,       1.371136829,     0.01485818151
          0,           0,        3549,      -4.314705873,     0.02979054051,       1.374439006,     0.01665555796
          0,           0,        3550,      -4.316737199,     0.03461397832,       1.384448997,     0.02394438067
          0,           0,        3551,       -4.32414467,     0.03747577179,       1.389762571,     0.02754862454
          0,           0,        3552,      -4.324092063,     0.03992994463,       1.394015811,     0.03036472756
          0,           0,        3553,      -4.328004521,     0.04170313632,       1.396749852,     0.03202835085
          0,           0,        3554,      -4.315279476,      0.0426137331,       1.397696188,     0.03232518184
          0,           0,        3555,       -4.29633857,     0.04053314541,       1.392726658,     0.02793554801
          0,           0,        3556,      -4.285935169,     0.03884205566,       1.388134785,     0.02394747978
          0,           0,        3557,      -4.314779408,     0.03632176488,       1.381429815,     0.01836193502
          0,           0,        3558,      -4.323560199,     0.03448327671,       1.376044449,     0.01390422759
          0,           0,        3559,      -4.319309976,     0.03424267585,       1.374221903,     0.01234209277
          0,           0,        3560,      -4.317508854,     0.03420703641,       1.374576995,     0.01246353312
          0,           0,        3561,       -4.31164646,     0.03541361773,       1.378585398,     0.01548575824
          0,           0,        3562,      -4.316093149,     0.03764544777,       1.387876749,     0.02257717929
          0,           0,        3563,      -4.309034479,     0.04058417347,       1.398186529,     0.03054323049
          0,           0,        3564,       -4.30194728,     0.04373812695,       1.407608403,     0.03790663798
          0,           0,        3565,      -4.258584816,     0.04678255709,       1.415972671,     0.04449420157
          0,           0,        3566,      -4.273387223,     0.04965275222,       1.423569533,     0.05050636951
          0,           0,        3567,      -4.303622631,     0.05291581955,       1.431753709,     0.05701279873
          0,           0,        3568,      -4.323724008,     0.05595887446,       1.439193209,     0.06294728201
          0,           0,        3569,      -4.315894994,     0.05878088345,       1.445971575,     0.06836822674
          0,           0,        3570,      -4.312272962,     0.06131923922,       1.451909415,     0.07313453013
          0,           0,        3571,      -4.323188291,     0.06363648217,       1.457263783,     0.07744279161
          0,           0,        3572,      -4.300947403,     0.06582045818,       1.462416804,     0.08158561289
          0,           0,        3573,      -4.313458277,     0.06791051655,       1.467368272,     0.08556863404
          0,           0,        3574,       -4.28808405,     0.06988390361,       1.471811446,     0.08916427029
          0,           0,        3575,      -4.304930777,     0.07169384696,       1.475565986,      0.0922349718
          0,           0,        3576,      -4.282432294,     0.07328665754,       1.478694359,     0.09482124985
          0,           0,        3577,      -4.297151631,     0.07465682225,       1.481210188,     0.09693296778
          0,           0,        3578,      -4.268237111,     0.07585212461,       1.483074916,     0.09854749613
          0,           0,        3579,      -4.288958482,     0.07695919481,       1.484431998,     0.09978071121
          0,           0,        3580,      -4.253448738,     0.07799621696,       1.485333111,      0.1006710418
          0,           0,        3581,      -4.279651474,     0.07883301811,       1.485447574,      0.1009556908
          0,           0,        3582,      -4.208441685,     0.07942946582,       1.484637756,      0.1005235276
          0,           0,        3583,       -4.28159107,     0.07990600286,       1.483205871,     0.09960538934
          0,           0,        3584,      -3.822649179,     0.08029101146,       1.482194589,     0.09896468265
          0,           0,        3585,      -4.273551956,     0.08067799349,       1.481587029,     0.09859204031
          0,           0,        3586,      -4.306401493,     0.08116104945,       1.480777311,     0.09804430514
          0,           0,        3587,       -4.30190331,     0.08167654253,       1.479507807,     0.09711381156
          0,           0,        3588,      -4.312370281,     0.08212403472,       1.477985696,      0.0959297579
          0,           0,        3589,      -4.306584335,     0.08246339029,       1.476447174,     0.09464983674
          0,           0,        3590,      -4.308087197,     0.08270238095,       1.475121173,     0.09343238727
          0,           0,        3591,      -4.300124599,     0.08285172226,        1.47412057,     0.09235041706
          0,           0,        3592,       -4.30273972,     0.08294548437,       1.473402364,     0.09136631413
          0,           0,        3593,      -4.305692416,     0.08294501234,        1.47271409,     0.09028082483
          0,           0,        3594,      -4.303328082,     0.08283184618,       1.471961573,     0.08901747237
          0,           0,        3595,      -4.291819989,     0.08263676221,       1.471175381,      0.0876023327
          0,           0,        3596,      -4.299075347,     0.08240343565,       1.470304422,     0.08600794102
          0,           0,        3597,      -4.298077289,     0.08215239138,       1.469172385,     0.08411665341
          0,           0,        3598,      -4.307877169,     0.08188267185,       1.467600432,     0.08181083263
          0,           0,        3599,      -4.312674389,     0.08158328297,       1.465456894,     0.07901041065
          0,           0,        3600,      -4.296154815,     0.08124327064,       1.462737779,     0.07573163493
          0,           0,        3601,      -4.301365404,     0.08084901475,       1.459560711,     0.07208051236
          0,           0,        3602,      -4.297339518,     0.08029124606,       1.457077345,      0.0689107007
          0,           0,        3603,      -4.263727224,     0.07956943543,       1.455629813,     0.06649280992
          0,           0,        3604,      -4.281066365,     0.07881424737,       1.454619285,     0.06441963282
          0,           0,        3605,      -4.286368547,     0.07840382358,       1.452062238,     0.06129135502
          0,           0,        3606,      -4.285176807,     0.07831037713,       1.448067799,      0.0571951013
          0,           0,        3607,      -4.285596828,      0.0782819096,       1.443547423,     0.05277624004
          0,           0,        3608,      -4.294327918,     0.07827347003,       1.439211357,     0.04855517839
          0,           0,        3609,      -4.293843984,     0.07827290922,       1.435473599,     0.04483614162
          0,           0,        3610,      -4.298972639,     0.07828227716,        1.43249685,     0.04173716813
          0,           0,        3611,      -4.295195408,     0.07828217378,        1.43031296,     0.03927537872
          0,           0,        3612,      -4.298798712,     0.07722727324,       1.436568704,     0.04295388777
          0,           0,        3613,      -4.304441503,      0.0777290785,       1.436929332,     0.04252720965
          0,           0,        3614,      -4.299870743,     0.07775913505,       1.436277269,     0.04132878847
          0,           0,        3615,      -4.222086017,     0.07779289873,       1.435877509,      0.0403503773
          0,           0,        3616,      -4.223012717,      0.0778707712,       1.435984393,     0.03978058099
          0,           0,        3617,      -4.284648944,     0.07794996032,        1.43659106,     0.03960546131
          0,           0,        3618,      -4.292667644,     0.07793090487,       1.437853434,      0.0399262509
          0,           0,        3619,      -4.286506812,      0.0747806256,       1.464141829,     0.05831998154
          0,           0,        3620,      -4.274981513,     0.07502352427,       1.463815392,     0.05754748765
          0,           0,        3621,      -4.305466157,      0.0754035366,       1.465007496,     0.05796415131
          0,           0,        3622,      -4.280850747,     0.07556405197,       1.465902684,     0.05819084997
          0,           0,        3623,      -4.218554268,     0.07547407644,       1.466369897,     0.05813591926
          0,           0,        3624,      -4.282284952,     0.07515986841,       1.466771213,     0.05808101739
          0,           0,        3625,       -4.29105129,     0.07461750244,       1.467759542,     0.05851975158
          0,           0,        3626,      -4.287765473,     0.07392105303,       1.469216507,     0.05938783227
          0,           0,        3627,      -4.299972293,     0.07319688944,       1.470785611,     0.06045198657
          0,           0,        3628,      -4.296264326,     0.07251646436,       1.472334669,     0.06163602606
          0,           0,        3629,      -4.269707001,     0.07184694728,       1.474598258,      0.0634880039
          0,           0,        3630,      -4.167570583,     0.07126111011,        1.47734999,      0.0658574422
          0,           0,        3631,      -4.251803344,     0.07084288596,       1.479696009,     0.06809911387
          0,           0,        3632,         -4.277793,     0.07051130984,         1.4811058,      0.0698107104
          0,           0,        3633,      -4.289255264,     0.06984776483,       1.484441885,     0.07304692162
          0,           0,        3634,      -4.285346275,     0.06951449969,       1.483699177,     0.07345435654
          0,           0,        3635,      -4.292896725,     0.06909997349,       1.482532046,     0.07366723531
          0,           0,        3636,       -4.22689189,     0.06851721508,       1.486833715,     0.07801274707
          0,           0,        3637,      -4.298311291,     0.06837908119,       1.487557067,     0.07987715578
          0,           0,        3638,      -4.279671419,     0.06797671743,       1.489734611,     0.08286630613
          0,           0,        3639,      -4.282145942,     0.06742198741,       1.490605757,     0.08493950081
          0,           0,        3640,       -4.28493615,     0.06614005798,        1.49285645,     0.08798703959
          0,           0,        3641,      -4.272519628,     0.06446964516,       1.495469335,     0.09128655625
          0,           0,        3642,      -4.277198483,      0.0627655289,       1.498001179,     0.09454340326
          0,           0,        3643,      -4.295001306,     0.06147124281,       1.497940929,     0.09594954463
          0,           0,        3644,      -4.277093505,     0.06026739456,       1.497688926,     0.09722471444
          0,           0,        3645,      -4.263162072,     0.05750194488,       1.504288957,      0.1033432864
          0,           0,        3646,       -4.26977056,     0.05545825581,       1.507637457,      0.1071399204
          0,           0,        3647,      -4.292149068,     0.05394817629,       1.507690384,      0.1085531941
          0,           0,        3648,      -4.295995542,     0.05271424956,        1.50591073,      0.1086269021
          0,           0,        3649,      -4.267001029,      0.0499145138,        1.51551247,      0.1168728125
          0,           0,        3650,      -4.264436449,     0.04300913141,       1.554008385,      0.1458829596
          0,           0,        3651,       -4.28204884,     0.04134153542,       1.551636335,      0.1453859907
          0,           0,        3652,      -4.279446425,     0.03967378929,       1.549444936,       0.145004737
          0,           0,        3653,      -4.285170793,     0.03670728446,       1.553816108,      0.1492824739
          0,           0,        3654,      -4.291558053,     0.03549995659,       1.544111496,      0.1433842522
          0,           0,        3655,       -4.29961033,     0.03456814344,        1.53248738,      0.1360875589
          0,           0,        3656,      -4.302490013,     0.03247677868,       1.529571474,        0.13504484
          0,           0,        3657,      -4.286036354,     0.03117427832,       1.521718057,      0.1304320023
          0,           0,        3658,      -4.276545454,     0.03031991508,       1.512385088,      0.1247495549
          0,           0,        3659,      -4.224624613,     0.02170496591,       1.546207058,      0.1498632001
          0,           0,        3660,      -4.241881288,     0.02089417867,       1.535351797,      0.1429635316
          0,           0,        3661,       -4.24520584,     0.01937573486,       1.533324246,      0.1424248008
          0,           0,        3662,      -4.166811983,    0.008397510047,       1.582256968,      0.1781898074
          0,           0,        3663,      -4.240514566,     0.00679013405,       1.580154851,      0.1774235202
          0,           0,        3664,      -4.267730864,    0.005790095998,       1.577753614,      0.1764246695
          0,           0,        3665,      -4.270190577,     0.00537109971,       1.572923641,      0.1736080681
          0,           0,        3666,      -4.208686053,    0.005078465251,       1.568501994,      0.1709984294
          0,           0,        3667,      -4.267713278,    0.004746042623,       1.565378858,      0.1692218067
          0,           0,        3668,      -4.206162836,    0.004447358455,       1.561543577,      0.1667975266
          0,           0,        3669,      -4.215076572,    0.003773754511,       1.558499283,       0.164774949
          0,           0,        3670,      -4.094473208,    0.006152131854,       1.567616232,       0.171938858
          0,           0,        3671,       -4.17344117,    0.003284853087,          1.550594,      0.1590715768
          0,           0,        3672,      -4.224374743,    0.007408000222,       1.556142794,      0.1635289798
          0,           0,        3673,      -4.208250488,     0.01082504454,       1.555714551,       0.163352729
          0,           0,        3674,      -4.223583851,     0.01380331614,       1.554590466,      0.1624664059
          0,           0,        3675,      -4.218671872,     0.01717429647,       1.553529378,       0.161535352
          0,           0,        3676,      -4.180747143,     0.02016141671,        1.55325117,      0.1610027204
          0,           0,        3677,      -4.179427484,       0.021888594,       1.557021612,       0.163177113
          0,           0,        3678,      -4.208675139,     0.02279665248,        1.56199124,      0.1660276521
          0,           0,        3679,       -4.21458324,     0.02345631904,       1.569557581,      0.1706716836
          0,           0,        3680,      -4.164035499,     0.02423827631,       1.578357774,      0.1761690171
          0,           0,        3681,      -4.186865269,     0.01865892637,       1.628353593,      0.2111855356
          0,           0,        3682,       -4.22298002,     0.02015372152,       1.634592028,      0.2147772642
          0,           0,        3683,      -4.218314831,     0.02103096271,       1.646720948,      0.2225874471
          0,           0,        3684,       -4.25260857,     0.02040153324,       1.657801129,      0.2293899685
          0,           0,        3685,      -4.274328854,     0.01859633953,       1.658749496,      0.2285310306
          0,           0,        3686,      -4.260455619,     0.01242748266,       1.722343446,      0.2733301481
          0,           0,        3687,      -4.263152956,    0.009604338942,       1.709634793,      0.2622159103
          0,           0,        3688,      -4.286284245,    0.008294112005,       1.691498734,       0.247281052
          0,           0,        3689,      -4.294281813,     0.01094668452,       1.669365903,      0.2299082647
          0,           0,        3690,      -4.293577683,     0.01372475502,       1.648657288,      0.2135989131
          0,           0,        3691,      -4.287556548,     0.01688192662,       1.631097174,      0.1996658879
          0,           0,        3692,      -4.294143285,      0.0210659353,       1.610117685,      0.1833532144
          0,           0,        3693,      -4.255125645,     0.02311199828,        1.60461879,      0.1782110799
          0,           0,        3694,       -4.19869345,     0.02467577299,       1.601648484,      0.1749088384
          0,           0,        3695,       -4.26736604,     0.02674521226,       1.595613972,      0.1694611057
          0,           0,        3696,      -4.285589309,     0.02906713213,       1.588033325,      0.1629693937
          0,           0,        3697,       -4.27874826,     0.03154474539,       1.579104148,      0.1555813716
          0,           0,        3698,       -4.28551378,      0.0342366243,       1.568662277,      0.1471969129
          0,           0,        3699,      -4.291525478,     0.03692929943,       1.558134355,      0.1388522808
          0,           0,        3700,      -4.267452926,      0.0375620241,       1.558408527,      0.1383248875
          0,           0,        3701,      -4.288997918,     0.03702227872,       1.564787114,      0.1422711908
          0,           0,        3702,      -4.284999391,     0.03485166008,       1.580904752,      0.1533202628
          0,           0,        3703,      -4.286750711,     0.02923300597,       1.613915219,      0.1765179964
          0,           0,        3704,       -4.27238051,     0.02455428721,       1.638286285,      0.1935920065
          0,           0,        3705,      -4.271384801,     0.02596147407,       1.628230479,       0.186179316
          0,           0,        3706,      -4.294622905,     0.02783992933,       1.619634788,      0.1800371514
          0,           0,        3707,       -4.23686842,     0.03434075668,       1.589469153,      0.1587069449
          0,           0,        3708,      -4.279908552,      0.0384266253,       1.572917835,      0.1472357483
          0,           0,        3709,      -4.280247415,     0.04016928703,       1.568371404,      0.1444402301
          0,           0,        3710,      -4.257465247,     0.04137574807,       1.565798631,      0.1431470883
          0,           0,        3711,      -4.271355966,     0.04330336052,       1.559339194,      0.1391894349
          0,           0,        3712,      -4.262710291,     0.04620295928,       1.548153167,       0.131974623
          0,           0,        3713,      -4.274772281,      0.0485225672,       1.539546715,      0.1266882072
          0,           0,        3714,      -4.277856315,     0.05034683177,       1.532712681,      0.1227409191
          0,           0,        3715,      -4.271962264,     0.05176217298,        1.52707939,       0.119717953
          0,           0,        3716,       -4.28817367,     0.05213325128,       1.525166724,       0.119392999
          0,           0,        3717,      -4.287636239,     0.04485387914,       1.556791801,       0.142905449
          0,           0,        3718,       -4.27655745,     0.04313653741,       1.561312302,      0.1472116446
          0,           0,        3719,      -4.272832367,     0.04369685581,        1.55742279,      0.1456747017
          0,           0,        3720,      -4.292543626,     0.03536329564,       1.593968914,      0.1728787881
          0,           0,        3721,      -4.286506809,     0.03799167385,       1.580463781,      0.1646208583
          0,           0,        3722,      -4.277340753,      0.0352283672,       1.591633067,       0.173913544
          0,           0,        3723,      -4.252208755,     0.03724627145,       1.582302953,      0.1687272201
          0,           0,        3724,       -4.27410999,      0.0397924701,       1.572101668,      0.1629787432
          0,           0,        3725,       -4.27371983,     0.04312646521,       1.560557831,        0.15634199
          0,           0,        3726,       -4.27148196,     0.04613197136,       1.551432942,       0.151440097
          0,           0,        3727,      -4.271615691,     0.04688170704,       1.552805278,      0.1539736466
          0,           0,        3728,      -4.278071689,     0.04657861713,         1.5589796,      0.1598878029
          0,           0,        3729,      -4.290347277,     0.04528747768,       1.558453225,      0.1607232809
          0,           0,        3730,      -4.292712273,     0.04120769032,       1.571942286,      0.1715011527
          0,           0,        3731,      -4.298084452,     0.03984068485,       1.583864661,      0.1813848247
          0,           0,        3732,      -4.303954039,      0.0404045083,       1.588868383,      0.1863475634
          0,           0,        3733,      -4.301524771,     0.03544283883,       1.568074491,      0.1716608332
          0,           0,        3734,      -4.290442902,     0.03573388485,       1.562680415,      0.1688295913
          0,           0,        3735,      -4.275040762,     0.03642828214,       1.556627994,      0.1654689718
          0,           0,        3736,      -4.301162574,     0.03758220901,       1.552712279,      0.1636245808
          0,           0,        3737,      -4.301615322,     0.03900945889,       1.550989138,      0.1633074161
          0,           0,        3738,      -4.305708271,     0.04084872694,       1.549382751,      0.1630008248
          0,           0,        3739,      -4.303248104,     0.04376029901,       1.549395424,      0.1638724777
          0,           0,        3740,      -4.256714229,     0.04686230495,       1.548275821,      0.1637924165
          0,           0,        3741,      -4.160977365,     0.03871097804,       1.595018829,      0.1974120802
          0,           0,        3742,      -4.243379617,     0.04146307521,       1.590106192,      0.1941799971
          0,           0,        3743,      -4.255239891,     0.04392915173,       1.584298122,      0.1900899571
          0,           0,        3744,      -4.292210799,     0.04610402161,       1.577159314,      0.1848039907
          0,           0,        3745,      -4.291011222,     0.04817979141,       1.570567828,      0.1797130779
          0,           0,        3746,      -4.281149111,     0.05007627845,       1.565045916,      0.1751868645
          0,           0,        3747,      -4.295259887,     0.05166689902,       1.560483667,      0.1711305151
          0,           0,        3748,      -4.315157713,     0.05320828531,       1.556944867,      0.1676326697
          0,           0,        3749,      -4.290854978,     0.05447647933,       1.553837121,      0.1642375357
          0,           0,        3750,       -4.25797148,     0.05361920761,       1.544308232,      0.1557108423
          0,           0,        3751,      -4.304059332,     0.05330474369,       1.538619271,      0.1499052945
          0,           0,        3752,      -4.309527122,     0.05298894357,        1.53554066,      0.1458733692
          0,           0,        3753,      -4.296696936,     0.05246639743,       1.535523229,      0.1439406891
          0,           0,        3754,       -4.24201784,     0.05162431989,        1.53833511,      0.1439425556
          0,           0,        3755,      -4.266853463,     0.05059448846,        1.54254527,      0.1448609129
          0,           0,        3756,      -4.280352779,     0.04892258492,       1.549665529,      0.1477721392
          0,           0,        3757,      -4.270647633,     0.04754510478,       1.555486291,      0.1497093757
          0,           0,        3758,       -4.29788517,     0.04674334379,       1.558454204,      0.1495798537
          0,           0,        3759,      -4.311294761,     0.04629624911,       1.559098373,      0.1477616214
          0,           0,        3760,      -4.308885696,     0.04538709821,       1.559742374,        0.14588119
          0,           0,        3761,      -4.307939483,     0.04497642512,       1.556733555,      0.1413793502
          0,           0,        3762,      -4.308162452,     0.04430760447,       1.555602395,      0.1382440602
          0,           0,        3763,       -4.30744573,     0.04431550212,       1.553281753,      0.1343387526
          0,           0,        3764,       -4.29437574,     0.04490881134,       1.550519551,      0.1302106176
          0,           0,        3765,      -4.286528695,      0.0453318976,       1.548824003,      0.1268825735
          0,           0,        3766,      -4.266910195,     0.04501410224,       1.550922157,      0.1263051308
          0,           0,        3767,      -4.305979477,     0.04513733058,       1.551176152,      0.1244816099
          0,           0,        3768,      -4.284289242,     0.04538585249,       1.549916581,       0.121622607
          0,           0,        3769,      -4.270556693,     0.04499913787,       1.551491544,      0.1208380571
          0,           0,        3770,      -4.292321677,     0.04435748446,       1.555159622,      0.1216370929
          0,           0,        3771,      -4.299144114,     0.04377741693,        1.55784548,      0.1218053388
          0,           0,        3772,      -4.255132336,     0.04352698485,       1.557800016,      0.1200960902
          0,           0,        3773,      -4.295516179,     0.04381752098,       1.552602984,       0.114760736
          0,           0,        3774,      -4.295975795,     0.04466552153,       1.542569144,      0.1060514072
          0,           0,        3775,      -4.245813366,     0.03668280821,        1.57498574,      0.1276474471
          0,           0,        3776,      -4.271166266,     0.03427726297,       1.554732612,      0.1112219923
          0,           0,        3777,      -4.253601395,     0.03696982033,       1.548650751,       0.106062965
          0,           0,        3778,      -4.261021406,     0.03867994789,       1.543954825,      0.1019639953
          0,           0,        3779,      -4.282857041,     0.03906582131,          1.543004,      0.1006343209
          0,           0,        3780,      -4.275596229,     0.03618480437,       1.540463638,     0.09788518276
          0,           0,        3781,      -4.269086914,     0.03558941479,       1.541420256,     0.09820725893
          0,           0,        3782,      -4.266705441,     0.03506400671,       1.541856507,     0.09836278411
          0,           0,        3783,       -4.26187422,     0.03302179021,        1.54173859,     0.09815069142
          0,           0,        3784,      -4.238571126,     0.03016960609,       1.542553183,     0.09874826503
          0,           0,        3785,      -4.240529723,     0.02743577323,       1.545455096,      0.1011113226
          0,           0,        3786,      -4.228419044,     0.03536982814,        1.49781301,     0.06776508692
          0,           0,        3787,      -4.206887607,     0.03424643891,       1.504624876,     0.07362732091
          0,           0,        3788,      -4.209154157,     0.03365545326,       1.510562891,     0.07910860546
          0,           0,        3789,      -4.240493907,     0.03372897668,       1.516726716,     0.08503694068
          0,           0,        3790,       -4.22581068,     0.03428905064,       1.522340675,     0.09081032268
          0,           0,        3791,      -4.216605106,     0.03519227571,       1.526869498,     0.09600272265
          0,           0,        3792,        -4.2309205,     0.03620144232,       1.530627554,      0.1007988096
          0,           0,        3793,      -4.231925115,      0.0371822918,       1.533935368,       0.105395943
          0,           0,        3794,      -4.201414204,     0.03816575522,         1.5364177,      0.1094973613
          0,           0,        3795,      -4.204607399,     0.03899129961,       1.539194452,       0.113882941
          0,           0,        3796,      -4.223295519,     0.03921982495,       1.544480688,       0.120108673
          0,           0,        3797,      -4.219012539,     0.03892847346,       1.551530936,       0.127613086
          0,           0,        3798,      -4.214074386,     0.03864775921,       1.557096882,      0.1340492464
          0,           0,        3799,      -4.219106946,     0.03769939452,        1.56318112,      0.1407915127
          0,           0,        3800,      -4.217101081,     0.03280984809,       1.580048049,      0.1549732994
          0,           0,        3801,      -4.200511802,     0.02846036916,        1.58984629,      0.1639915865
          0,           0,        3802,      -4.208144442,     0.02304617027,       1.600713649,      0.1736219319
          0,           0,        3803,      -4.215236438,      0.0362958199,       1.554098889,      0.1432122757
          0,           0,        3804,      -4.155791245,     0.03298024671,       1.559300213,       0.148800268
          0,           0,        3805,      -4.201912479,     0.03120902515,       1.559522042,      0.1508227936
          0,           0,        3806,      -4.193139271,     0.03135983192,       1.555274129,      0.1496964311
          0,           0,        3807,      -4.178719302,     0.03173581074,       1.552168425,      0.1493291934
          0,           0,        3808,      -4.219559977,     0.03234013536,       1.549766367,      0.1493892783
          0,           0,        3809,      -4.239390941,     0.02347335458,       1.584355576,      0.1753845227
          0,           0,        3810,      -4.265836444,     0.02560431411,       1.578147123,      0.1725701677
          0,           0,        3811,      -4.232481641,     0.02584650268,       1.580556737,      0.1757297994
          0,           0,        3812,      -4.237009429,      0.0162248586,       1.621030827,      0.2055508731
          0,           0,        3813,      -4.232503624,     0.02279956075,       1.599842482,      0.1918296792
          0,           0,        3814,       -4.21684611,     0.03433726582,       1.557024487,      0.1626419458
          0,           0,        3815,      -4.229555652,     0.04107691432,       1.533586049,      0.1469802066
          0,           0,        3816,      -4.232446526,     0.04652912321,        1.51383481,      0.1337204063
          0,           0,        3817,      -4.236987765,     0.05027879574,       1.499881323,      0.1243673378
          0,           0,        3818,      -4.254634831,     0.05291687049,       1.489567383,      0.1174067939
          0,           0,        3819,      -4.238307843,     0.05415710054,        1.48432739,      0.1138620132
          0,           0,        3820,      -4.093054116,     0.05516619574,       1.479601572,       0.110521149
          0,           0,        3821,      -4.215934989,     0.05561310567,       1.477359885,      0.1087935656
          0,           0,        3822,      -4.211270521,     0.05451836744,       1.472731691,      0.1049965807
          0,           0,        3823,      -4.113814287,     0.05237698054,       1.480142964,      0.1097654283
          0,           0,        3824,      -4.099254775,     0.05174573792,       1.484508576,      0.1123232232
          0,           0,        3825,      -4.124184118,     0.05176272742,       1.487569597,      0.1138504173
          0,           0,        3826,      -4.099008876,      0.0515983431,       1.491730331,       0.116020408
          0,           0,        3827,      -4.045648325,     0.04651848572,       1.516621466,      0.1326986558
          0,           0,        3828,      -4.001938254,     0.04684498999,        1.52094105,      0.1347443171
          0,           0,        3829,      -4.066976031,     0.04758949901,       1.526381822,      0.1375157715
          0,           0,        3830,      -4.099308741,      0.0488349065,       1.532756424,       0.140871676
          0,           0,        3831,       -4.09567632,     0.04365554978,       1.567071643,      0.1638457428
          0,           0,        3832,      -4.048206577,     0.04608414731,       1.587916561,      0.1775475166
          0,           0,        3833,      -3.921966042,     0.04771088492,       1.608454921,         0.1907727
          0,           0,        3834,      -3.976278664,     0.05022767331,       1.622711495,       0.199304997
          0,           0,        3835,        -3.9809667,     0.05192094477,       1.637656199,      0.2080451156
          0,           0,        3836,      -3.989547833,     0.05483024763,       1.636239552,      0.2046910272
          0,           0,        3837,      -3.973762129,     0.05661590028,       1.653132068,      0.2144050129
          0,           0,        3838,      -3.927194179,     0.05917553478,       1.663561561,      0.2192251054
          0,           0,        3839,      -3.891818896,     0.06174300295,       1.672659752,      0.2228449832
          0,           0,        3840,       -3.86595449,     0.06427364957,       1.685827035,      0.2292359008
          0,           0,        3841,      -3.787995448,     0.06686115324,        1.69367614,      0.2315365922
          0,           0,        3842,      -3.761458709,     0.06736302587,       1.709927799,        0.23958845
          0,           0,        3843,       -3.78367488,     0.06887336973,       1.720670748,      0.2435544851
          0,           0,        3844,      -3.863742458,     0.06750225853,       1.743461419,      0.2558908564
          0,           0,        3845,      -3.867215726,     0.06982419399,       1.748282355,      0.2553213775
          0,           0,        3846,      -3.918158118,     0.06768962674,       1.771307909,       0.267493633
          0,           0,        3847,       -4.00840517,     0.07037489377,       1.771271124,      0.2631719451
          0,           0,        3848,      -4.006941741,     0.06702238494,       1.796910127,      0.2769256043
          0,           0,        3849,      -4.002908115,      0.0714709445,       1.786170564,      0.2647807777
          0,           0,        3850,      -4.014647074,     0.07680015421,       1.770435453,      0.2490261508
          0,           0,        3851,      -4.051749084,     0.08221987276,       1.751618376,      0.2310021294
          0,           0,        3852,      -4.057074319,     0.08636874761,       1.734715173,      0.2142589603
          0,           0,        3853,      -4.041190347,     0.09133048826,       1.709660045,      0.1916807047
          0,           0,        3854,       -4.05395071,     0.09356714604,        1.69235563,      0.1745786327
          0,           0,        3855,      -4.100252408,     0.09524651578,       1.673364769,      0.1563015613
          0,           0,        3856,      -4.089017021,     0.09653267416,       1.652829333,      0.1370058763
          0,           0,        3857,      -4.186523876,     0.09449464734,       1.624954337,      0.1120682038
          0,           0,        3858,      -4.202775659,     0.09356418477,       1.598125127,     0.08828108425
          0,           0,        3859,      -4.180221539,     0.09288378926,       1.572630907,     0.06575328757
          0,           0,        3860,      -4.166570656,      0.0923986148,       1.549556089,     0.04527837432
          0,           0,        3861,      -4.076700933,     0.09200979566,       1.528662335,     0.02668677276
          0,           0,        3862,      -4.171716637,     0.09143595537,       1.510247379,      0.0101802651
          0,           0,        3863,      -4.206639128,     0.08735483131,       1.488302719,   -0.009104249357
          0,           0,        3864,      -4.217811245,     0.08525985602,       1.471710926,    -0.02389161012
          0,           0,        3865,      -4.233798631,     0.08391236324,       1.458377372,    -0.03588371022
          0,           0,        3866,      -4.215462292,      0.0826937189,       1.446995822,    -0.04611362652
          0,           0,        3867,      -4.182390702,     0.08139473887,       1.436825396,     -0.0551414828
          0,           0,        3868,       -4.19831625,     0.07750116156,       1.423921674,    -0.06618940214
          0,           0,        3869,      -4.253568547,     0.07394004824,       1.412850886,    -0.07548837716
          0,           0,        3870,       -4.24846908,     0.06809450671,       1.413631121,     -0.0759702709
          0,           0,        3871,      -4.138189577,     0.06491310611,       1.404887659,    -0.08273443163
          0,           0,        3872,      -4.208372077,     0.06221694437,       1.400689979,    -0.08565250247
          0,           0,        3873,      -4.236806285,     0.06010626352,       1.399679862,    -0.08568506748
          0,           0,        3874,      -4.225472369,     0.05874877174,       1.401588002,     -0.0829843264
          0,           0,        3875,      -4.225240211,      0.0579670858,       1.405316341,     -0.0783614911
          0,           0,        3876,      -4.256621588,     0.05750646944,       1.409590439,    -0.07277306609
          0,           0,        3877,      -4.254850491,       0.056774611,        1.41320424,    -0.06717878856
          0,           0,        3878,       -4.26009723,     0.05577890859,       1.416122343,     -0.0616035878
          0,           0,        3879,      -4.277345152,     0.05472102679,       1.418452435,    -0.05594925334
          0,           0,        3880,      -4.266213158,     0.05362379159,       1.420835788,    -0.04975450279
          0,           0,        3881,      -4.260383265,     0.05237779351,       1.424044479,    -0.04248610907
          0,           0,        3882,      -4.250305403,     0.05103586519,       1.427203057,    -0.03480693367
          0,           0,        3883,      -4.254253401,     0.04979382361,       1.434184138,    -0.02388164213
          0,           0,        3884,      -4.163173593,     0.04844901889,       1.443026767,    -0.01121241897
          0,           0,        3885,      -4.191404371,     0.04702689232,       1.449211952,  -0.0001634844747
          0,           0,        3886,       -4.23852739,     0.04565449562,       1.451088912,    0.008020257913
          0,           0,        3887,      -4.245390912,     0.04328220131,       1.446638136,     0.01166469808
          0,           0,        3888,      -4.268335144,     0.04048832322,       1.438819255,     0.01296340601
          0,           0,        3889,      -4.271005384,     0.03791051844,       1.430986027,     0.01439553405
          0,           0,        3890,      -4.263559299,     0.03522708651,       1.426802389,      0.0185512472
          0,           0,        3891,      -4.287251292,     0.03350537328,       1.421536839,       0.022011959
          0,           0,        3892,      -4.232183381,     0.03203267465,       1.417595478,     0.02640026401
          0,           0,        3893,      -4.271908085,     0.03061389613,        1.41554738,     0.03205362421
          0,           0,        3894,      -4.288096254,     0.02966085924,       1.414561384,     0.03835671652
          0,           0,        3895,      -4.293465479,     0.02601931162,       1.408524877,     0.04036898758
          0,           0,        3896,      -4.212046577,     0.02291870341,       1.402693729,      0.0423358547
          0,           0,        3897,      -4.260332345,      0.0194552992,       1.427116384,     0.06618596865
          0,           0,        3898,      -4.000162235,     0.01818311502,       1.425522006,     0.07086081729
          0,           0,        3899,      -3.869348014,     0.01765215515,       1.427742839,     0.07806130416
          0,           0,        3900,      -3.784450339,    0.008316370623,       1.403271408,     0.06420772202
          0,           0,        3901,       -4.09839828,    0.004995447994,       1.403584064,     0.06881317777
          0,           0,        3902,      -4.157343325,    0.003315740459,       1.410431103,     0.07794471568
          0,           0,        3903,      -4.165782416,    0.002679342613,       1.421205571,      0.0895943579
          0,           0,        3904,      -4.161102203,    0.002319180675,       1.431745689,      0.1006143687
          0,           0,        3905,      -4.212376645,    0.002022695327,       1.440204966,      0.1096344651
          0,           0,        3906,      -4.188533487,    0.001919882302,       1.446249441,      0.1164454172
          0,           0,        3907,      -4.098919353,    0.002493789587,        1.45130601,      0.1221772721
          0,           0,        3908,      -4.167154378,    0.003297669704,       1.453520147,      0.1254470138
          0,           0,        3909,      -4.165960505,    0.004128268703,        1.45232833,      0.1258502827
          0,           0,        3910,      -4.087267445,   -0.001666461308,       1.424499823,      0.1055800566
          0,           0,        3911,      -3.958814783,   -0.002059806376,       1.415651871,     0.09954885073
          0,           0,        3912,      -3.894398464,   -0.002189079434,       1.403829579,     0.09107927755
          0,           0,        3913,      -4.162551666,    -0.00233775161,       1.392030965,     0.08234947806
          0,           0,        3914,      -4.183045372,   -0.002291513945,       1.379294844,     0.07268307593
          0,           0,        3915,      -4.194566578,   -0.004165376813,       1.376223639,     0.06962633503
          0,           0,        3916,      -4.204029133,   -0.003903346843,       1.362572775,     0.05875986545
          0,           0,        3917,       -4.22678216,   -0.003595442819,       1.348874181,     0.04758733613
          0,           0,        3918,      -4.242064752,   -0.003501669222,       1.335504334,     0.03635437492
          0,           0,        3919,      -4.235626424,   -0.003909764718,       1.325929758,     0.02756613242
          0,           0,        3920,      -4.247696301,   -0.004143513954,       1.317934523,     0.01966200169
          0,           0,        3921,      -4.234190885,   -0.007428509341,       1.325895779,     0.02282884739
          0,           0,        3922,      -4.239347554,    -0.00738088697,        1.31829194,     0.01462824265
          0,           0,        3923,      -4.224476804,   -0.007044947456,       1.313501224,    0.008210257844
          0,           0,        3924,      -4.142428866,    -0.01255315073,       1.330435071,     0.01675033852
          0,           0,        3925,      -4.168535138,     -0.0115423074,       1.330576664,     0.01336060327
          0,           0,        3926,      -4.164525186,   -0.009787758996,       1.334104005,     0.01221772109
          0,           0,        3927,      -4.167402528,   -0.007176136112,       1.339498689,     0.01222656006
          0,           0,        3928,      -4.239885408,   -0.003812457475,       1.346382505,     0.01311423707
          0,           0,        3929,      -4.248805139,   0.0002354458934,       1.355184782,     0.01521303533
          0,           0,        3930,      -4.280076209,    0.004695429213,       1.366167827,     0.01871533768
          0,           0,        3931,      -4.295949805,    0.009296337111,       1.379012118,     0.02339550644
          0,           0,        3932,      -4.290941613,    0.009279237927,       1.374374247,     0.01455442796
          0,           0,        3933,      -4.233313604,      0.0142852528,       1.389415017,     0.02062281741
          0,           0,        3934,      -4.267987895,     0.01782322477,       1.397171785,     0.02111064491
          0,           0,        3935,      -4.262171025,      0.0211331073,       1.404071954,     0.02093514516
          0,           0,        3936,      -4.275026692,     0.02438126537,       1.411384732,     0.02110943223
          0,           0,        3937,       -4.24936837,     0.02791213863,        1.42016712,      0.0225061839
          0,           0,        3938,      -4.278009339,     0.03182863151,       1.430672154,      0.0253716383
          0,           0,        3939,       -4.26015854,     0.03603334907,       1.442139891,     0.02917769068
          0,           0,        3940,       -4.26999921,     0.04005900275,       1.453165167,      0.0328728317
          0,           0,        3941,      -4.277694824,     0.04357296188,        1.46307102,     0.03595026919
          0,           0,        3942,      -4.275424975,     0.04626884842,        1.47068754,     0.03753820172
          0,           0,        3943,      -4.249259896,     0.04856768525,        1.47731482,     0.03865445006
          0,           0,        3944,      -4.246290643,     0.05122394579,       1.485317463,     0.04113156656
          0,           0,        3945,       -4.04927169,     0.05441884001,       1.495042731,     0.04524499166
          0,           0,        3946,      -4.197182063,     0.05799156323,       1.505845746,     0.05049231073
          0,           0,        3947,      -4.270585509,     0.06090803709,       1.519975748,     0.05839448694
          0,           0,        3948,      -4.265430121,     0.06403633474,       1.531221979,     0.06447613752
          0,           0,        3949,      -4.277928166,     0.06661368701,       1.538493166,      0.0678293798
          0,           0,        3950,      -4.270413396,     0.06812666863,       1.540883784,     0.06771372514
          0,           0,        3951,      -4.290991932,     0.06835919828,       1.538236191,     0.06397139588
          0,           0,        3952,       -4.28390885,     0.06782367437,       1.533010157,     0.05845327205
          0,           0,        3953,      -4.294197021,     0.06721699866,       1.527884942,     0.05319760389
          0,           0,        3954,      -4.271262073,     0.06697135157,       1.524347105,      0.0493423182
          0,           0,        3955,      -4.276256027,     0.06719777706,       1.522613574,     0.04706377955
          0,           0,        3956,      -4.260516614,     0.06792196114,       1.522478774,     0.04622487017
          0,           0,        3957,       -4.24238415,     0.06907309501,       1.523607755,     0.04658526668
          0,           0,        3958,       -4.27713026,     0.07050338716,       1.525481737,     0.04776080522
          0,           0,        3959,      -4.266719159,     0.07222222983,       1.528457245,     0.05002703964
          0,           0,        3960,      -4.291292307,     0.07419014489,       1.532795081,     0.05358511464
          0,           0,        3961,      -4.288546414,     0.07626377972,       1.537617848,     0.05779153028
          0,           0,        3962,      -4.279007814,     0.08029395169,       1.532536485,     0.05524343842
          0,           0,        3963,      -4.277738673,     0.08194956249,       1.537208589,     0.05989728306
          0,           0,        3964,      -4.294734297,     0.08348397023,        1.53947019,     0.06307130972
          0,           0,        3965,      -4.295289655,     0.08400177179,       1.538198881,     0.06383475293
          0,           0,        3966,      -4.223226016,     0.08374432077,       1.534658057,     0.06314221689
          0,           0,        3967,      -4.208131447,     0.08277061113,        1.53227685,     0.06350999151
          0,           0,        3968,       -4.19749711,     0.08201804895,       1.530341545,     0.06451321409
          0,           0,        3969,      -4.251279768,     0.08168264875,       1.528826813,     0.06614185166
          0,           0,        3970,      -4.250000898,     0.08156251554,       1.527784081,     0.06839094301
          0,           0,        3971,      -4.241030056,     0.08159507217,       1.527316746,      0.0713072957
          0,           0,        3972,      -4.227204447,      0.0816816983,       1.526997683,     0.07454071255
          0,           0,        3973,      -4.233480752,     0.08090436717,       1.528784643,     0.07939168811
          0,           0,        3974,       -4.25983134,     0.08027389366,       1.528365676,     0.08278434402
          0,           0,        3975,      -4.231866475,     0.07886656278,       1.528450482,      0.0865712643
          0,           0,        3976,      -4.204391696,     0.07647047205,       1.529936259,      0.0913564971
          0,           0,        3977,      -4.259141347,     0.07371152128,       1.530728423,     0.09565628412
          0,           0,        3978,      -4.253998429,     0.07059914565,       1.531116556,     0.09966551696
          0,           0,        3979,      -4.259146945,     0.06732655307,       1.530409271,      0.1028849248
          0,           0,        3980,      -4.269622246,     0.06402915696,       1.527518789,      0.1045214196
          0,           0,        3981,      -4.268108343,     0.06069272234,       1.521884381,      0.1041509987
          0,           0,        3982,      -4.277539612,     0.05749692103,       1.512625134,      0.1011418314
          0,           0,        3983,       -4.25713921,       0.054507808,       1.499700458,     0.09546557723
          0,           0,        3984,      -4.274443111,     0.05156523634,       1.484167107,      0.0878735178
          0,           0,        3985,      -4.272565757,     0.04852433383,       1.467335071,      0.0793042963
          0,           0,        3986,      -4.257803881,     0.04534839022,       1.450363939,     0.07059634001
          0,           0,        3987,      -4.256462614,      0.0420493992,       1.434092324,     0.06235591882
          0,           0,        3988,      -4.263841507,     0.03873766164,       1.419187942,     0.05506813882
          0,           0,        3989,      -4.242983272,     0.03548146151,       1.406231699,     0.04914153602
          0,           0,        3990,      -3.862781187,     0.03234502949,       1.395905665,     0.04505346386
          0,           0,        3991,      -4.176691277,     0.02944187164,       1.388192637,     0.04277003641
          0,           0,        3992,      -4.181135659,     0.02684636558,       1.383044721,     0.04222626126
          0,           0,        3993,      -4.183225119,     0.02461162157,       1.379797818,      0.0429014033
          0,           0,        3994,      -4.201927067,       0.022737273,       1.377990439,     0.04441749283
          0,           0,        3995,      -4.236237074,     0.02121497818,       1.377323202,     0.04651428405
          0,           0,        3996,      -4.251774233,     0.02008770445,       1.377360039,     0.04884172812
          0,           0,        3997,      -4.252755903,     0.01931179711,       1.377725068,     0.05108848886
          0,           0,        3998,      -4.257177761,     0.01817158272,       1.380907737,     0.05497635515
          0,           0,        3999,      -4.270196968,     0.01720168307,       1.383163085,      0.0577953941
          0,           0,        4000,      -4.274741877,     0.01662631719,       1.380953778,     0.05695687962
          0,           0,        4001,      -4.170832316,     0.01587572675,       1.375877032,     0.05355940117
          0,           0,        4002,      -4.208029319,     0.01460100445,       1.369417605,     0.04865117652
          0,           0,        4003,      -4.234097791,     0.01291334181,       1.362083257,     0.04262720513
          0,           0,        4004,       -4.25426268,     0.01091847172,       1.354155013,     0.03572136101
          0,           0,        4005,      -4.267108038,    0.008742738985,       1.345847087,     0.02812680376
          0,           0,        4006,      -4.278882165,    0.006450887325,       1.337749728,     0.02030896956
          0,           0,        4007,      -4.259819586,    0.002310187687,       1.326440744,    0.009540612854
          0,           0,        4008,       -4.21193099,   -0.001817956138,       1.315204448,   -0.001486090455
          0,           0,        4009,      -4.290568717,   -0.005033926649,       1.306504338,    -0.01081067206
          0,           0,        4010,      -4.288214442,    -0.00744191982,       1.301201597,    -0.01778918688
          0,           0,        4011,      -4.293580974,   -0.009007860838,       1.298924782,    -0.02267330945
          0,           0,        4012,      -4.293622988,   -0.009692446266,       1.299109331,    -0.02585908691
          0,           0,        4013,      -4.298798214,   -0.009603556996,       1.301644518,    -0.02742712476
          0,           0,        4014,       -4.30056842,   -0.008882843885,       1.306674935,    -0.02727140347
          0,           0,        4015,      -4.301728715,    -0.00763567882,       1.314275123,    -0.02533180685
          0,           0,        4016,      -4.299070088,   -0.005894787719,        1.32425152,    -0.02174086705
          0,           0,        4017,       -4.29604496,   -0.003858393691,       1.336837938,    -0.01633270279
          0,           0,        4018,      -4.297124367,   -0.001991006447,       1.351529874,   -0.009514281345
          0,           0,        4019,      -4.298911636,  -3.179438126e-05,       1.367823282,    -0.00159501037
          0,           0,        4020,       -4.29950947,    0.002330936151,       1.385011141,    0.006973936184
          0,           0,        4021,      -4.289665251,    0.005232674421,       1.402467443,     0.01578010002
          0,           0,        4022,      -4.296196982,    0.008707772604,       1.419760763,     0.02454548599
          0,           0,        4023,      -4.290006083,     0.01276915666,       1.436676956,     0.03314911562
          0,           0,        4024,      -4.279558896,     0.01740094191,       1.453098826,      0.0415379591
          0,           0,        4025,      -4.275901751,     0.02259202463,       1.468591401,      0.0494223555
          0,           0,        4026,      -4.274409704,     0.02815619232,       1.483209652,     0.05685177347
          0,           0,        4027,      -4.269763964,     0.02747521169,        1.52557297,     0.08411544783
          0,           0,        4028,      -4.266225659,     0.03415523437,       1.532310153,     0.08624809528
          0,           0,        4029,      -4.249815448,     0.04043369577,       1.540652833,     0.08975048675
          0,           0,        4030,      -4.264990446,     0.04606884282,       1.548714211,     0.09323240861
          0,           0,        4031,      -4.263402754,     0.05098983139,       1.556336277,     0.09660085917
          0,           0,        4032,      -4.268401028,     0.05534996643,       1.562887931,     0.09943830593
          0,           0,        4033,      -4.274039079,     0.05937904331,       1.567855564,      0.1014213135
          0,           0,        4034,      -4.264763856,     0.06312997601,        1.57109619,      0.1024723278
          0,           0,        4035,      -4.262027108,      0.0665846785,       1.572791416,      0.1027382205
          0,           0,        4036,      -4.262769326,     0.06973980579,       1.573234378,      0.1024445399
          0,           0,        4037,      -4.268269601,     0.07249799642,       1.573082583,      0.1020680552
          0,           0,        4038,      -4.266444383,     0.07472072111,       1.573222152,      0.1022427584
          0,           0,        4039,      -4.283134603,     0.07654753627,       1.573495852,      0.1028642241
          0,           0,        4040,      -4.284741818,     0.07521502495,       1.586255827,       0.112676395
          0,           0,        4041,      -4.281979034,     0.07698761867,       1.585509134,      0.1132984567
          0,           0,        4042,      -4.286449352,     0.07799117132,       1.585500402,      0.1147212324
          0,           0,        4043,      -4.268322916,      0.0789195335,       1.584723036,      0.1159044771
          0,           0,        4044,      -4.281869593,     0.07993216452,       1.582660268,      0.1164645305
          0,           0,        4045,      -4.279009167,     0.08096540165,       1.579581123,      0.1165651665
          0,           0,        4046,      -4.275235205,     0.08197916955,       1.575691552,      0.1163266257
          0,           0,        4047,      -4.272997489,     0.08288405289,       1.571239679,      0.1158941687
          0,           0,        4048,      -4.267251924,     0.08361194137,        1.56630175,      0.1152905282
          0,           0,        4049,      -4.265372135,     0.08410615796,        1.56072023,      0.1143696392
          0,           0,        4050,       -4.23939154,     0.08436499331,       1.554365625,      0.1130161597
          0,           0,        4051,       -4.26633129,     0.08441684924,       1.547385978,      0.1113268355
          0,           0,        4052,      -4.273227251,     0.08427645404,       1.540104185,      0.1095270762
          0,           0,        4053,      -4.278921117,     0.08345488823,       1.534925172,      0.1093099729
          0,           0,        4054,      -4.276363084,     0.08244488116,       1.529950855,      0.1093220872
          0,           0,        4055,      -4.256940757,     0.08147373033,       1.524438509,      0.1090323958
          0,           0,        4056,      -4.258722689,     0.08050943565,        1.51835044,      0.1083939766
          0,           0,        4057,      -4.254459775,     0.07958552818,       1.511688933,      0.1073943536
          0,           0,        4058,      -4.243437033,     0.07871252808,       1.504453881,      0.1060149476
          0,           0,        4059,      -4.246543033,     0.07785688479,       1.496799439,      0.1043416556
          0,           0,        4060,      -4.234389068,     0.07692245013,       1.489158432,      0.1026517427
          0,           0,        4061,      -4.234189421,     0.07535743656,        1.48454918,      0.1030673874
          0,           0,        4062,      -4.260720979,     0.07373626279,       1.480165331,      0.1035542006
          0,           0,        4063,      -4.271845094,     0.07224880801,       1.474973126,      0.1033334925
          0,           0,        4064,      -4.283416052,     0.07039708322,       1.471428485,      0.1041088826
          0,           0,        4065,      -4.280719148,     0.06858637765,        1.46816256,      0.1048782527
          0,           0,        4066,      -4.282180788,     0.06620441894,        1.46739184,      0.1071532968
          0,           0,        4067,      -4.277987771,     0.06087025125,       1.488380717,       0.124801485
          0,           0,        4068,      -4.274058358,     0.05916416247,       1.481386912,      0.1219277678
          0,           0,        4069,      -4.258674968,      0.0578705149,       1.476204924,      0.1200759531
          0,           0,        4070,      -4.246526331,      0.0562836164,       1.472087624,      0.1185754257
          0,           0,        4071,      -4.265883834,      0.0544704063,       1.467694164,      0.1164267693
          0,           0,        4072,      -4.275052649,     0.05078531044,       1.454348135,      0.1070593698
          0,           0,        4073,      -4.264159763,     0.04815424376,       1.445146923,       0.100416017
          0,           0,        4074,      -4.275572729,     0.05185523181,       1.399431307,     0.06718722701
          0,           0,        4075,      -4.259855026,     0.04919097279,       1.406195414,     0.07141424241
          0,           0,        4076,      -4.265798487,     0.04671244073,       1.412932906,     0.07519976873
          0,           0,        4077,      -4.252411415,     0.04554787712,         1.4187533,     0.07805065588
          0,           0,        4078,      -4.256014964,     0.04518070421,       1.424610072,     0.08062603826
          0,           0,        4079,      -4.228979569,     0.04159405473,       1.415973392,     0.07182461433
          0,           0,        4080,      -4.268162432,     0.04068763745,       1.417753237,     0.07063514485
          0,           0,        4081,      -4.261196812,     0.04064753498,       1.423231539,     0.07194322621
          0,           0,        4082,      -4.281814853,     0.04119475323,       1.430582191,     0.07440638653
          0,           0,        4083,      -4.270090439,     0.04210895064,       1.438605607,     0.07714316038
          0,           0,        4084,      -4.271845441,     0.04375644792,       1.443207123,     0.07720786252
          0,           0,        4085,      -4.269989779,     0.04415568806,       1.456317279,     0.08317484322
          0,           0,        4086,      -4.273281823,     0.04637273564,       1.457620785,     0.08047464907
          0,           0,        4087,      -4.273150726,     0.04838951909,       1.458273782,     0.07710366933
          0,           0,        4088,      -4.281345069,     0.04982729433,       1.459846776,     0.07419587396
          0,           0,        4089,      -4.275517241,     0.05080064846,       1.462182895,      0.0716708498
          0,           0,        4090,      -4.280167263,     0.05154231303,       1.464038733,     0.06866348635
          0,           0,        4091,      -4.287629527,      0.0521149261,       1.465043177,     0.06492615242
          0,           0,        4092,      -4.287646072,     0.05238651688,       1.466018258,     0.06107544942
          0,           0,        4093,       -4.28197484,     0.05018389436,       1.479558975,     0.06615526272
          0,           0,        4094,      -4.282372891,     0.05065373173,       1.481210774,     0.06281623306
          0,           0,        4095,      -4.287009237,     0.05067219618,       1.480844576,     0.05796285889
          0,           0,        4096,      -4.279224511,     0.05074019545,       1.480592139,     0.05326519569
          0,           0,        4097,      -4.269603121,     0.05055824751,       1.481230067,     0.04929212018
          0,           0,        4098,      -4.243434646,     0.05016997697,       1.481850308,      0.0454123485
          0,           0,        4099,      -4.272172408,     0.04876491032,       1.488758967,     0.04620623824
          0,           0,        4100,      -4.261630495,     0.04779414573,       1.492969702,     0.04525916458
          0,           0,        4101,      -4.277335794,     0.04713507369,       1.494149056,     0.04233907547
          0,           0,        4102,      -4.267286227,      0.0466784967,         1.4952854,     0.03966847858
          0,           0,        4103,      -4.251334107,     0.04302977258,       1.515603888,     0.05102919051
          0,           0,        4104,      -4.256085776,     0.03747973369,       1.555463438,      0.0768770879
          0,           0,        4105,      -4.244202086,     0.03854838986,       1.547513645,      0.0686337922
          0,           0,        4106,      -4.279255777,     0.04006086367,       1.544554573,     0.06449180122
          0,           0,        4107,      -4.292592599,     0.04187109416,       1.542718449,     0.06159145532
          0,           0,        4108,      -4.290750922,     0.04411051281,       1.541627229,     0.05968263669
          0,           0,        4109,      -4.292403149,     0.04673457184,       1.542069664,     0.05934976181
          0,           0,        4110,      -4.281111829,      0.0496027368,       1.544035692,     0.06057303834
          0,           0,        4111,      -4.287401479,     0.05215330978,       1.549499843,     0.06474207147
          0,           0,        4112,      -4.289425612,     0.05467423697,       1.555720112,     0.06987233136
          0,           0,        4113,      -4.226027539,     0.05740888031,       1.560880459,     0.07465365501
          0,           0,        4114,       -4.24094093,     0.06032410734,       1.564986589,     0.07908099372
          0,           0,        4115,      -4.265643861,     0.06302324115,       1.569155887,     0.08391909113
          0,           0,        4116,      -4.287464327,      0.0643671163,       1.579074552,     0.09320558671
          0,           0,        4117,      -4.268141595,     0.06574410106,       1.587484126,      0.1017500346
          0,           0,        4118,      -4.247769306,       0.066842242,       1.594948735,      0.1099111917
          0,           0,        4119,      -4.250338163,     0.06825194099,       1.598083593,      0.1152479201
          0,           0,        4120,       -4.24168995,     0.06965291143,       1.598715761,      0.1190462671
          0,           0,        4121,      -4.245665598,     0.06903189035,        1.60674448,      0.1283256449
          0,           0,        4122,       -4.23253707,     0.06879678381,       1.611240864,      0.1353079486
          0,           0,        4123,      -4.259061604,     0.06833971741,       1.614298085,      0.1414303776
          0,           0,        4124,      -4.254272734,     0.06542214574,       1.626686951,      0.1543229131
          0,           0,        4125,      -4.245026865,     0.06382488535,       1.629956258,      0.1608292937
          0,           0,        4126,      -4.252834272,     0.07179232134,       1.582087346,      0.1309903414
          0,           0,        4127,      -4.189071326,     0.06944059221,       1.582636712,      0.1356495245
          0,           0,        4128,      -4.253972468,      0.0670320684,       1.577177063,       0.135937851
          0,           0,        4129,      -4.267828246,     0.06448561072,       1.569910486,      0.1349200239
          0,           0,        4130,      -4.249083918,     0.06160860342,       1.561553168,      0.1330777447
          0,           0,        4131,      -4.263904958,     0.05817645834,       1.552881727,      0.1309321196
          0,           0,        4132,      -4.250955985,     0.05442514669,       1.542695279,      0.1276036212
          0,           0,        4133,      -4.259302135,      0.0502493326,       1.531955638,      0.1237641088
          0,           0,        4134,       -4.26322924,     0.05433194498,       1.475098121,      0.0868947751
          0,           0,        4135,       -4.25636467,     0.04860702963,       1.471620519,     0.08804665377
          0,           0,        4136,      -4.295118105,     0.04267439283,       1.462928636,     0.08519173398
          0,           0,        4137,      -4.270167545,      0.0368498417,       1.454048852,      0.0820523246
          0,           0,        4138,      -4.278322354,     0.03139715567,       1.445298867,       0.078867033
          0,           0,        4139,      -4.280892305,      0.0267118434,       1.435450131,     0.07475054152
          0,           0,        4140,      -4.290202069,     0.02238138116,       1.424266461,     0.06944591943
          0,           0,        4141,       -4.28468129,      0.0125043083,       1.442238649,     0.08465872891
          0,           0,        4142,      -4.276636362,    0.009937058579,       1.427493518,     0.07637197262
          0,           0,        4143,      -4.289355896,    0.002421415237,       1.404255568,     0.06088687012
          0,           0,        4144,      -4.289702598,  -0.0004941070393,       1.391972918,     0.05372595396
