"Time_Iter","Outer_Iter","Inner_Iter",    "rms[Rho]"    ,       "CD"       ,       "CL"       ,       "CMz"      
          0,           0,           0,       -4.39404164,        4.04921909,      0.4875962618,      0.2116790672
          0,           0,           1,      -4.561428682,       2.608178929,      0.4629250222,      0.2093006346
          0,           0,           2,      -4.929928583,       1.971274399,        0.46485733,      0.2231923928
          0,           0,           3,       -5.10310832,       1.644507061,      0.4712859892,      0.2337419296
          0,           0,           4,      -5.223081034,       1.450245648,      0.4743754465,      0.2398150328
          0,           0,           5,      -5.297864244,       1.320764286,      0.4764947515,       0.243767537
          0,           0,           6,      -5.338200962,       1.227103497,      0.4785350096,      0.2467226046
          0,           0,           7,      -5.357954572,       1.155201428,      0.4804574595,      0.2490636853
          0,           0,           8,      -5.364352714,       1.097437726,      0.4821340344,      0.2509483881
          0,           0,           9,      -5.360691574,       1.049266155,       0.483568167,      0.2524775968
          0,           0,          10,      -5.349313673,       1.007747878,       0.484839665,      0.2537250238
          0,           0,          11,      -5.332257456,      0.9708204878,      0.4860657141,      0.2547324977
          0,           0,          12,       -5.31145489,      0.9369911073,       0.487372345,      0.2554908419
          0,           0,          13,      -5.288986114,      0.9051641618,      0.4888748175,      0.2559518669
          0,           0,          14,       -5.26662534,      0.8745343371,      0.4906513558,      0.2560315475
          0,           0,          15,      -5.245445359,      0.8444942382,      0.4927228557,      0.2556070718
          0,           0,          16,      -5.225758459,      0.8145985396,      0.4950592829,      0.2545413967
          0,           0,          17,      -5.207453626,      0.7845329468,      0.4975779811,      0.2526881353
          0,           0,          18,       -5.19033157,      0.7540975272,      0.5001630338,      0.2499018699
          0,           0,          19,      -5.174178096,      0.7231465765,      0.5026778116,      0.2460391301
          0,           0,          20,      -5.158755868,      0.6915834656,      0.5049856416,      0.2409717816
          0,           0,          21,      -5.143698113,      0.6593585416,      0.5069660373,      0.2345977321
          0,           0,          22,      -5.128678287,      0.6264599305,      0.5085244381,      0.2268485601
          0,           0,          23,      -5.113532818,       0.592901584,      0.5095959869,      0.2176913901
          0,           0,          24,       -5.09825542,      0.5587192677,      0.5101595359,      0.2071394592
          0,           0,          25,      -5.082931008,      0.5239830421,      0.5101968592,      0.1952409178
          0,           0,          26,      -5.067771111,      0.4887676038,      0.5097182396,       0.182071301
          0,           0,          27,      -5.052991812,      0.4531658793,      0.5087513567,      0.1677418941
          0,           0,          28,      -5.038821959,       0.417296853,      0.5073239421,       0.152398171
          0,           0,          29,      -5.025465271,      0.3813098527,      0.5054525573,      0.1362118639
          0,           0,          30,      -5.013131627,      0.3453727696,        0.50312183,      0.1193625512
          0,           0,          31,      -5.002020433,      0.3096729877,      0.5003166896,      0.1020427968
          0,           0,          32,      -4.992358839,      0.2744128842,      0.4970148292,     0.08445020473
          0,           0,          33,      -4.984400465,      0.2398044116,      0.4931869306,     0.06677818297
          0,           0,          34,      -4.978424553,      0.2060655881,      0.4887802858,     0.04920634755
          0,           0,          35,      -4.974677785,      0.1734170982,      0.4837639807,     0.03190535984
          0,           0,          36,      -4.973318538,      0.1420856487,      0.4781275164,     0.01503336203
          0,           0,          37,      -4.974328156,       0.112297395,      0.4718491697,   -0.001281334311
          0,           0,          38,      -4.977462212,      0.0842788594,      0.4649337381,     -0.0169205747
          0,           0,          39,      -4.982250305,     0.05825514729,      0.4573890793,    -0.03178557003
          0,           0,          40,       -4.98805764,     0.03444162635,      0.4492263119,    -0.04579305543
          0,           0,          41,      -4.994228567,     0.01303782221,      0.4404661138,    -0.05886874731
          0,           0,          42,       -5.00024674,    -0.00577272728,      0.4311292643,    -0.07094404464
          0,           0,          43,      -5.005869981,    -0.02183091565,      0.4212177888,    -0.08196025213
          0,           0,          44,      -5.011137996,    -0.03501764304,       0.410698841,    -0.09186615961
          0,           0,          45,      -5.016335979,    -0.04525153495,      0.3995348804,     -0.1006188768
          0,           0,          46,      -5.021828221,     -0.0524817268,      0.3876587053,     -0.1081892727
          0,           0,          47,      -5.027933615,    -0.05673172174,      0.3750056404,     -0.1145483583
          0,           0,          48,      -5.034851273,     -0.0580625386,      0.3615638327,      -0.119694139
          0,           0,          49,      -5.042615287,    -0.05661145705,      0.3472823552,     -0.1236420692
          0,           0,          50,      -5.051142472,    -0.05255044333,      0.3321196826,     -0.1264264325
          0,           0,          51,      -5.060292752,    -0.04609017365,      0.3160860582,     -0.1280949863
          0,           0,          52,      -5.069808007,    -0.03746695881,      0.2992131813,     -0.1287135239
          0,           0,          53,      -5.079481558,     -0.0269427374,      0.2815220321,     -0.1283694616
          0,           0,          54,      -5.088919467,    -0.01479007896,      0.2630408823,     -0.1271548617
          0,           0,          55,      -5.097764778,   -0.001264063805,      0.2437694725,     -0.1251548115
          0,           0,          56,      -5.105517148,      0.0133733494,      0.2237938572,     -0.1224657025
          0,           0,          57,      -5.111683328,     0.02887842765,      0.2031749996,      -0.119185878
          0,           0,          58,      -5.115826739,     0.04500754537,      0.1819266494,     -0.1154253824
          0,           0,          59,      -5.117676957,     0.06152621419,      0.1601062864,     -0.1112707846
          0,           0,          60,      -5.117228718,     0.07820598164,      0.1377461634,       -0.10680813
          0,           0,          61,      -5.114770837,     0.09482548751,      0.1149360208,     -0.1021238228
          0,           0,          62,       -5.11083212,       0.111172823,     0.09185577627,     -0.0972849141
          0,           0,          63,       -5.10608616,      0.1270622545,     0.06885222543,     -0.0923274223
          0,           0,          64,      -5.101249501,      0.1423127618,     0.04615568313,    -0.08729580588
          0,           0,          65,      -5.096956212,      0.1567558468,      0.0238787877,    -0.08223785005
          0,           0,          66,      -5.093697572,      0.1702258637,     0.00208872021,    -0.07722581866
          0,           0,          67,      -5.091791745,      0.1825763234,    -0.01911146085,    -0.07232013953
          0,           0,          68,      -5.091402304,      0.1936911584,    -0.03957168322,    -0.06756490555
          0,           0,          69,      -5.092548276,      0.2034782417,    -0.05913715581,    -0.06300365834
          0,           0,          70,      -5.095144705,      0.2118695975,    -0.07764460495,    -0.05867206747
          0,           0,          71,      -5.099029448,      0.2188083844,    -0.09497056185,    -0.05461606952
          0,           0,          72,      -5.103998755,      0.2242600272,     -0.1110013651,    -0.05088049356
          0,           0,          73,      -5.109824852,      0.2282085556,     -0.1256428722,    -0.04750228493
          0,           0,          74,      -5.116282293,      0.2306539008,     -0.1388195383,    -0.04451822701
          0,           0,          75,      -5.123176833,      0.2316116606,     -0.1504479683,    -0.04195145341
          0,           0,          76,      -5.130347949,      0.2311210607,     -0.1604826553,    -0.03983566034
          0,           0,          77,      -5.137676331,      0.2292263948,      -0.168859702,     -0.0381919661
          0,           0,          78,      -5.145087525,      0.2259735068,     -0.1755018781,    -0.03703627744
          0,           0,          79,      -5.152548977,      0.2214329926,     -0.1803673156,    -0.03636880187
          0,           0,          80,       -5.16007066,      0.2156809654,     -0.1834320956,    -0.03617651404
          0,           0,          81,      -5.167678911,      0.2087897642,     -0.1846867775,    -0.03644109365
          0,           0,          82,      -5.175408059,      0.2008438907,     -0.1841542376,    -0.03713913453
          0,           0,          83,      -5.183286283,      0.1919329089,     -0.1818837435,    -0.03826006469
          0,           0,          84,      -5.191322805,      0.1821598444,     -0.1778922263,    -0.03975004415
          0,           0,          85,      -5.199504947,      0.1716401294,     -0.1722186716,    -0.04154702598
          0,           0,          86,      -5.207761829,      0.1604829223,     -0.1649327229,    -0.04360259483
          0,           0,          87,      -5.215981691,      0.1487931964,     -0.1561009291,    -0.04585542298
          0,           0,          88,      -5.223995081,      0.1366865414,     -0.1457654205,    -0.04821627714
          0,           0,          89,      -5.231557245,      0.1242793238,     -0.1339920407,    -0.05060257111
          0,           0,          90,      -5.238377715,      0.1116844657,     -0.1208955849,    -0.05295266073
          0,           0,          91,       -5.24413529,     0.09902614404,     -0.1065765689,    -0.05519139251
          0,           0,          92,      -5.248506015,     0.08642977059,    -0.09114086705,    -0.05724068232
          0,           0,          93,      -5.251178314,     0.07402254345,    -0.07470604294,    -0.05902774635
          0,           0,          94,      -5.251941089,     0.06193131042,    -0.05740278724,    -0.06048405785
          0,           0,          95,      -5.250685569,     0.05028179213,    -0.03937178117,    -0.06154518797
          0,           0,          96,      -5.247472131,     0.03919692235,     -0.0207642252,    -0.06215304981
          0,           0,          97,      -5.242496878,     0.02879591389,   -0.001683190738,    -0.06224842226
          0,           0,          98,      -5.236091572,     0.01919857872,     0.01783490938,    -0.06175263285
          0,           0,          99,      -5.228680371,     0.01051240744,     0.03766981254,    -0.06061336951
          0,           0,         100,      -5.220744757,    0.002825349459,     0.05763966268,     -0.0588089045
          0,           0,         101,      -5.212764804,    -0.00378219005,     0.07762236558,    -0.05631847879
          0,           0,         102,      -5.205202983,   -0.009240315267,     0.09752709667,    -0.05312565713
          0,           0,         103,      -5.198450506,     -0.0134892027,      0.1172998346,    -0.04921733351
          0,           0,         104,      -5.192837752,    -0.01648815733,      0.1369293375,    -0.04458466299
          0,           0,         105,      -5.188639539,     -0.0182051647,      0.1563543151,    -0.03923013894
          0,           0,         106,      -5.186059205,    -0.01862862854,      0.1755485339,    -0.03317090951
          0,           0,         107,       -5.18526105,    -0.01776181784,      0.1944930416,    -0.02643389521
          0,           0,         108,      -5.186342469,    -0.01561682542,      0.2131455057,    -0.01905716627
          0,           0,         109,      -5.189353828,    -0.01223358418,       0.231478863,    -0.01109091258
          0,           0,         110,      -5.194312804,   -0.007695592604,      0.2495172556,   -0.002603809774
          0,           0,         111,      -5.201189465,   -0.002079146175,      0.2672537501,    0.006337459873
          0,           0,         112,      -5.209882411,    0.004554191495,      0.2846438678,     0.01565991496
          0,           0,         113,      -5.220242994,     0.01211868732,      0.3016410549,     0.02527923546
          0,           0,         114,      -5.232064581,     0.02051335418,      0.3182176863,     0.03510530599
          0,           0,         115,      -5.245039656,     0.02963345667,      0.3343780076,     0.04506432926
          0,           0,         116,      -5.258805218,     0.03936772023,      0.3501167606,     0.05507485946
          0,           0,         117,      -5.272868722,     0.04959781976,       0.365417164,     0.06504779967
          0,           0,         118,      -5.286665516,     0.06020830228,      0.3802866924,     0.07490927217
          0,           0,         119,      -5.299534633,     0.07107384256,       0.394695733,     0.08456806179
          0,           0,         120,      -5.310803731,     0.08206512506,      0.4085768939,     0.09391230369
          0,           0,         121,      -5.319897072,     0.09304648141,      0.4217522206,      0.1027632041
          0,           0,         122,       -5.32624779,      0.1038879193,      0.4341124007,      0.1109952303
          0,           0,         123,      -5.329632422,       0.114467563,      0.4456262602,      0.1185334062
          0,           0,         124,       -5.33002802,       0.124671496,      0.4563007732,      0.1253269988
          0,           0,         125,      -5.327752313,      0.1343965488,      0.4661421561,      0.1313328957
          0,           0,         126,      -5.323296017,      0.1435510925,      0.4750740577,      0.1365033195
          0,           0,         127,      -5.317339857,      0.1520455291,      0.4830187368,      0.1407788687
          0,           0,         128,      -5.310566166,      0.1598030755,      0.4899401186,      0.1441182773
          0,           0,         129,      -5.303635396,      0.1667732973,      0.4959260236,      0.1465266828
          0,           0,         130,      -5.297185016,      0.1729249902,      0.5011683592,      0.1480379359
          0,           0,         131,      -5.291759067,      0.1782091386,       0.505656128,       0.148627456
          0,           0,         132,      -5.287721875,      0.1825767304,      0.5092916133,      0.1482592326
          0,           0,         133,      -5.285391025,      0.1859974093,       0.512064658,      0.1469348598
          0,           0,         134,      -5.284995545,       0.188450765,      0.5139687769,      0.1446632253
          0,           0,         135,      -5.286689656,      0.1899272258,      0.5149931263,      0.1414559966
          0,           0,         136,      -5.290525952,      0.1904293686,      0.5151391123,      0.1373373479
          0,           0,         137,      -5.296527279,      0.1899665886,      0.5144081201,      0.1323356925
          0,           0,         138,      -5.304664188,       0.188551889,      0.5127985591,      0.1264861302
          0,           0,         139,      -5.314779484,      0.1862095531,      0.5103048014,      0.1198294575
          0,           0,         140,      -5.326679546,      0.1829619929,      0.5069332287,       0.112408718
          0,           0,         141,      -5.340058829,      0.1788388459,       0.502686293,      0.1042664353
          0,           0,         142,      -5.354478919,      0.1738914411,      0.4975697585,     0.09546181222
          0,           0,         143,      -5.369332779,      0.1681864618,      0.4916391838,     0.08609050677
          0,           0,         144,       -5.38388292,      0.1617972108,      0.4849546082,     0.07624628108
          0,           0,         145,      -5.397292562,      0.1547962756,      0.4775893123,     0.06603868361
          0,           0,         146,      -5.408634655,      0.1472508951,      0.4695929864,       0.055561097
          0,           0,         147,      -5.417075679,      0.1392261757,      0.4609808282,     0.04488101143
          0,           0,         148,      -5.421901053,      0.1307906336,      0.4517766722,     0.03407862699
          0,           0,         149,      -5.422748396,      0.1220194257,      0.4420173535,     0.02324204264
          0,           0,         150,       -5.41963057,      0.1129939707,      0.4317571005,     0.01246815679
          0,           0,         151,       -5.41292906,      0.1037992352,      0.4210451709,    0.001845604297
          0,           0,         152,      -5.403400869,     0.09452173238,      0.4099228438,   -0.008549285815
          0,           0,         153,      -5.391849619,      0.0852473058,      0.3984344543,    -0.01864060372
          0,           0,         154,      -5.379142913,     0.07605917405,      0.3866360738,    -0.02834767117
          0,           0,         155,      -5.366091747,       0.067035536,       0.374615745,    -0.03757325102
          0,           0,         156,      -5.353312899,     0.05825362832,      0.3624419773,    -0.04623957214
          0,           0,         157,      -5.341339617,     0.04978643358,      0.3501784517,    -0.05427763049
          0,           0,         158,      -5.330551413,     0.04170184007,      0.3378809721,    -0.06162723413
          0,           0,         159,      -5.321223784,     0.03406224891,      0.3255854871,    -0.06824642383
          0,           0,         160,       -5.31356768,     0.02693104889,      0.3133687247,     -0.0740837731
          0,           0,         161,      -5.307675946,     0.02036590397,      0.3013137981,    -0.07909470455
          0,           0,         162,      -5.303640757,     0.01441096502,       0.289464581,    -0.08325806925
          0,           0,         163,      -5.301512124,    0.009099391299,      0.2778336014,    -0.08657149895
          0,           0,         164,       -5.30130877,    0.004453659062,      0.2664112301,    -0.08904876224
          0,           0,         165,      -5.303020271,   0.0004890731935,      0.2551916528,    -0.09070965475
          0,           0,         166,      -5.306620412,   -0.002785185603,      0.2441840013,    -0.09157439705
          0,           0,         167,      -5.312062259,   -0.005370891439,      0.2334144773,    -0.09166769086
          0,           0,         168,      -5.319258013,   -0.007281687644,      0.2229137557,    -0.09102011486
          0,           0,         169,      -5.328107428,   -0.008540406546,      0.2127063458,    -0.08966928124
          0,           0,         170,      -5.338459101,   -0.009175397992,      0.2028195629,    -0.08766101815
          0,           0,         171,      -5.350133793,   -0.009211556708,      0.1932781675,    -0.08504446996
          0,           0,         172,      -5.362873079,   -0.008672587006,      0.1840819327,     -0.0818723194
          0,           0,         173,      -5.376355855,   -0.007600510934,      0.1752436314,    -0.07820609864
          0,           0,         174,      -5.390197146,   -0.006044020256,      0.1667712053,    -0.07411267727
          0,           0,         175,      -5.403919683,   -0.004055730382,      0.1586640951,    -0.06966635656
          0,           0,         176,      -5.417029309,   -0.001689418182,      0.1509307449,    -0.06493515426
          0,           0,         177,       -5.42894244,    0.001009078633,      0.1436220341,    -0.05995614062
          0,           0,         178,      -5.439143673,    0.003984167841,      0.1367441071,    -0.05479670372
          0,           0,         179,      -5.447126785,    0.007181197627,      0.1303120378,    -0.04951783729
          0,           0,         180,      -5.452600512,     0.01054534041,      0.1243290174,    -0.04418820903
          0,           0,         181,      -5.455398742,     0.01402131666,      0.1187914415,    -0.03887996641
          0,           0,         182,      -5.455615428,      0.0175566168,      0.1137030795,    -0.03365652348
          0,           0,         183,      -5.453517437,     0.02110306577,      0.1090791307,    -0.02857073495
          0,           0,         184,      -5.449559316,     0.02461582562,      0.1049365742,    -0.02366825282
          0,           0,         185,       -5.44426565,     0.02805330228,      0.1012920764,    -0.01898890702
          0,           0,         186,       -5.43817934,     0.03137869943,     0.09816870876,    -0.01456422182
          0,           0,         187,      -5.431837706,     0.03455960196,     0.09558091745,    -0.01042577655
          0,           0,         188,      -5.425718367,     0.03756685849,     0.09354286231,   -0.006598560223
          0,           0,         189,      -5.420207389,     0.04037588886,      0.0920689821,   -0.003102627698
          0,           0,         190,      -5.415648255,     0.04296699017,     0.09117149967,   4.524372913e-05
          0,           0,         191,      -5.412263237,     0.04532601721,     0.09085912515,    0.002830509276
          0,           0,         192,      -5.410249946,     0.04744157986,     0.09115364563,    0.005253297325
          0,           0,         193,      -5.409707553,     0.04930702093,     0.09207452522,    0.007316964344
          0,           0,         194,      -5.410727746,     0.05091916539,     0.09364355189,     0.00903190911
          0,           0,         195,      -5.413335135,     0.05227946056,     0.09587126304,     0.01040758596
          0,           0,         196,      -5.417512424,     0.05339225113,     0.09876055014,     0.01145485421
          0,           0,         197,      -5.423212222,     0.05426466402,       0.102310521,     0.01218731094
          0,           0,         198,      -5.430342384,     0.05490758184,      0.1065204363,      0.0126240986
          0,           0,         199,      -5.438785343,      0.0553385504,       0.111400363,     0.01279844836
          0,           0,         200,      -5.448340759,     0.05557387879,       0.116955388,     0.01274216151
          0,           0,         201,      -5.458811509,     0.05563145964,      0.1231835242,     0.01248538149
          0,           0,         202,      -5.469934523,     0.05553068015,      0.1300749977,     0.01205930886
          0,           0,         203,      -5.481387707,     0.05529274975,       0.137612632,     0.01150336781
          0,           0,         204,      -5.492844182,     0.05493809156,      0.1457605342,     0.01085175136
          0,           0,         205,      -5.503974755,     0.05448619892,      0.1544816309,     0.01013031259
          0,           0,         206,      -5.514397749,     0.05395934126,      0.1637576675,     0.00937353152
          0,           0,         207,       -5.52377607,     0.05337949939,       0.173570815,    0.008616928331
          0,           0,         208,      -5.531838102,     0.05276849285,      0.1838946863,    0.007891717501
          0,           0,         209,      -5.538413695,     0.05214745709,      0.1947035804,    0.007229439656
          0,           0,         210,      -5.543410031,     0.05153725084,       0.205970612,    0.006661655647
          0,           0,         211,      -5.546889628,      0.0509572739,       0.217661643,    0.006215569945
          0,           0,         212,      -5.548987713,     0.05042459024,      0.2297386718,    0.005915807678
          0,           0,         213,      -5.549966472,     0.04995520525,      0.2421554294,    0.005781553496
          0,           0,         214,      -5.550145166,     0.04956265828,      0.2548673084,    0.005832008705
          0,           0,         215,      -5.549837642,     0.04925834607,      0.2678268596,    0.006082652111
          0,           0,         216,      -5.549399386,     0.04905160149,      0.2809797817,    0.006542344012
          0,           0,         217,      -5.549161353,      0.0489493198,      0.2942697767,     0.00721700311
          0,           0,         218,      -5.549411903,     0.04895602176,      0.3076368465,    0.008108506905
          0,           0,         219,      -5.550408217,     0.04907382293,       0.321019804,    0.009215225726
          0,           0,         220,      -5.552358504,      0.0493030736,      0.3343567061,     0.01053196816
          0,           0,         221,      -5.555410971,     0.04964256851,      0.3475880589,     0.01205151966
          0,           0,         222,      -5.559698036,     0.05008915653,      0.3606553213,     0.01376360143
          0,           0,         223,       -5.56527962,     0.05063694925,      0.3734989275,      0.0156543565
          0,           0,         224,      -5.572211802,     0.05127788275,      0.3860563588,     0.01770564687
          0,           0,         225,      -5.580499359,     0.05200221397,      0.3982620603,     0.01989545363
          0,           0,         226,      -5.590106918,      0.0527995355,      0.4100535355,     0.02219968745
          0,           0,         227,      -5.600969275,     0.05365792888,      0.4213691989,     0.02459089769
          0,           0,         228,      -5.612948039,     0.05456465269,      0.4321524744,     0.02704176387
          0,           0,         229,      -5.625922066,     0.05550774168,       0.442360355,     0.02953178211
          0,           0,         230,       -5.63966099,     0.05647463242,      0.4519478954,      0.0320364372
          0,           0,         231,      -5.653920758,     0.05745206459,      0.4608666165,       0.034526742
          0,           0,         232,      -5.668417971,      0.0584264158,      0.4690683007,     0.03697193531
          0,           0,         233,       -5.68284685,     0.05938387884,      0.4765085195,      0.0393418132
          0,           0,         234,      -5.696852739,     0.06031061199,      0.4831484912,     0.04160745663
          0,           0,         235,      -5.710067656,     0.06119321323,      0.4889547259,     0.04374057262
          0,           0,         236,      -5.722160229,     0.06201904157,      0.4939012506,     0.04571466353
          0,           0,         237,      -5.732911025,     0.06277634782,      0.4979685314,     0.04750499852
          0,           0,         238,      -5.742086261,     0.06345431333,       0.501142103,     0.04908849865
          0,           0,         239,      -5.749668404,     0.06404303841,      0.5034122204,     0.05044398248
          0,           0,         240,      -5.755581786,     0.06453369361,       0.504772919,     0.05155238777
          0,           0,         241,       -5.76007692,     0.06491877477,      0.5052254566,     0.05239746174
          0,           0,         242,      -5.763280837,     0.06519200213,      0.5047766471,     0.05296558369
          0,           0,         243,      -5.765537024,     0.06534799166,      0.5034398664,     0.05324724398
          0,           0,         244,      -5.767104405,     0.06538329765,      0.5012319704,     0.05323465194
          0,           0,         245,      -5.768312241,     0.06529564797,      0.4981765321,     0.05292394264
          0,           0,         246,       -5.76942862,     0.06508390939,      0.4942995763,      0.0523131993
          0,           0,         247,      -5.770739655,     0.06474734155,      0.4896304675,     0.05140310928
          0,           0,         248,      -5.772427998,     0.06428714842,      0.4841980788,     0.05019390099
          0,           0,         249,      -5.774675559,     0.06370479823,       0.478037558,     0.04869054421
          0,           0,         250,      -5.777588602,     0.06300319606,      0.4711856119,     0.04690005151
          0,           0,         251,      -5.781222594,     0.06218638959,      0.4636827274,     0.04483129682
          0,           0,         252,      -5.785598866,     0.06125996629,      0.4555765649,     0.04249738127
          0,           0,         253,      -5.790702061,      0.0602297699,      0.4469194829,     0.03991537109
          0,           0,         254,      -5.796461869,     0.05910154138,      0.4377709449,     0.03710849323
          0,           0,         255,      -5.802784934,     0.05788144617,      0.4281861059,     0.03409807689
          0,           0,         256,      -5.809527841,     0.05657699652,       0.418215861,     0.03090310953
          0,           0,         257,      -5.816521399,     0.05519686277,      0.4079123216,     0.02754379638
          0,           0,         258,       -5.82355565,     0.05375021979,      0.3973298062,     0.02404252782
          0,           0,         259,      -5.830423323,     0.05224653954,      0.3865259586,     0.02042470016
          0,           0,         260,      -5.836915407,      0.0506957839,      0.3755588988,     0.01671666849
          0,           0,         261,      -5.842800389,     0.04910822453,       0.364484602,     0.01294371441
          0,           0,         262,      -5.847847614,      0.0474943343,      0.3533580346,    0.009130967494
          0,           0,         263,      -5.851991031,     0.04586445632,      0.3422335304,    0.005303854441
          0,           0,         264,      -5.854997009,     0.04422871287,       0.331166638,    0.001488705833
          0,           0,         265,      -5.856877064,     0.04259703421,      0.3202129288,   -0.002288017655
          0,           0,         266,      -5.857559376,     0.04097913294,      0.3094270113,   -0.006000309848
          0,           0,         267,      -5.857134703,      0.0393844709,      0.2988611496,   -0.009623181422
          0,           0,         268,      -5.855671857,     0.03782216843,      0.2885643766,    -0.01313312264
          0,           0,         269,      -5.853421452,     0.03630079351,      0.2785835513,    -0.01650802467
          0,           0,         270,      -5.850424775,     0.03482828458,      0.2689626953,    -0.01972727829
          0,           0,         271,       -5.84703209,     0.03341202237,      0.2597426656,     -0.0227720883
          0,           0,         272,       -5.84329601,     0.03205887159,      0.2509605865,    -0.02562615849
          0,           0,         273,      -5.839530379,      0.0307746366,      0.2426520914,    -0.02827347095
          0,           0,         274,      -5.835807426,     0.02956470513,      0.2348480522,    -0.03070070811
          0,           0,         275,      -5.832346632,     0.02843369819,      0.2275757726,    -0.03289681069
          0,           0,         276,      -5.829248199,     0.02738547285,      0.2208598283,     -0.0348527814
          0,           0,         277,      -5.826675341,     0.02642296892,      0.2147229641,    -0.03655992592
          0,           0,         278,      -5.824692861,     0.02554816106,      0.2091842489,    -0.03801159798
          0,           0,         279,      -5.823374452,     0.02476199405,      0.2042611466,      -0.039202194
          0,           0,         280,      -5.822784236,     0.02406492439,      0.1999673419,    -0.04012851833
          0,           0,         281,      -5.822937887,     0.02345681132,      0.1963129112,    -0.04078942671
          0,           0,         282,      -5.823886397,      0.0229369695,       0.193303998,    -0.04118610898
          0,           0,         283,      -5.825630401,     0.02250403198,      0.1909427337,    -0.04132211322
          0,           0,         284,      -5.828148468,     0.02215606978,      0.1892280177,    -0.04120306141
          0,           0,         285,      -5.831408197,     0.02189057747,      0.1881567132,    -0.04083596976
          0,           0,         286,      -5.835418482,     0.02170406453,      0.1877227205,    -0.04022934454
          0,           0,         287,      -5.840058419,     0.02159238477,      0.1879160374,    -0.03939349126
          0,           0,         288,      -5.845285655,     0.02155103208,      0.1887224675,    -0.03834087902
          0,           0,         289,      -5.851073295,     0.02157510079,      0.1901251614,    -0.03708515283
          0,           0,         290,      -5.857290976,     0.02165929021,      0.1921069637,    -0.03563943517
          0,           0,         291,      -5.863781423,     0.02179802481,      0.1946500951,    -0.03401649459
          0,           0,         292,      -5.870512081,     0.02198569579,      0.1977338249,    -0.03223034249
          0,           0,         293,      -5.877317617,     0.02221659786,      0.2013345258,    -0.03029609848
          0,           0,         294,      -5.884044093,     0.02248493224,      0.2054260458,    -0.02822976115
          0,           0,         295,      -5.890647238,     0.02278496699,      0.2099806962,    -0.02604756505
          0,           0,         296,      -5.896948768,     0.02311119616,      0.2149690215,    -0.02376594277
          0,           0,         297,       -5.90282093,     0.02345834062,      0.2203605255,      -0.021401544
          0,           0,         298,      -5.908200894,     0.02382130603,       0.226123655,    -0.01897101283
          0,           0,         299,      -5.912945845,     0.02419529082,      0.2322249693,    -0.01649111563
          0,           0,         300,      -5.917005737,     0.02457581803,      0.2386295182,    -0.01397827147
          0,           0,         301,      -5.920342102,     0.02495882144,      0.2453028056,    -0.01144803597
          0,           0,         302,      -5.922949465,     0.02534073346,      0.2522100179,   -0.008915322155
          0,           0,         303,      -5.924813891,      0.0257184946,      0.2593171899,   -0.006393419571
          0,           0,         304,      -5.925997027,      0.0260894378,      0.2665892536,   -0.003894970321
          0,           0,         305,      -5.926546088,     0.02645125478,      0.2739908393,   -0.001432010091
          0,           0,         306,      -5.926530608,     0.02680220819,      0.2814869793,   0.0009841605294
          0,           0,         307,       -5.92607953,     0.02714093913,      0.2890437113,    0.003343706175
          0,           0,         308,      -5.925281717,     0.02746653353,      0.2966274859,    0.005637553428
          0,           0,         309,      -5.924204634,     0.02777882349,      0.3042039566,    0.007856336118
          0,           0,         310,      -5.923077308,     0.02807800014,      0.3117384115,    0.009991212561
          0,           0,         311,      -5.921918779,     0.02836455977,      0.3191972464,     0.01203449521
          0,           0,         312,      -5.920862479,     0.02863936015,      0.3265488162,     0.01397992737
          0,           0,         313,      -5.919980716,     0.02890340933,      0.3337638239,      0.0158227349
          0,           0,         314,      -5.919399345,     0.02915773847,      0.3408146245,     0.01755911276
          0,           0,         315,      -5.919136702,     0.02940419066,      0.3476744802,     0.01918617545
          0,           0,         316,       -5.91932437,      0.0296450136,      0.3543184372,     0.02070174382
          0,           0,         317,      -5.919987437,      0.0298827808,      0.3607231464,     0.02210432277
          0,           0,         318,      -5.921143907,     0.03012016629,       0.366867801,     0.02339364358
          0,           0,         319,      -5.922891449,     0.03035991717,      0.3727337011,     0.02457045868
          0,           0,         320,      -5.925211842,     0.03060488267,      0.3783029513,      0.0256355992
          0,           0,         321,      -5.928136351,     0.03085773546,      0.3835591413,     0.02659045275
          0,           0,         322,      -5.931670817,     0.03112098836,      0.3884862586,     0.02743626322
          0,           0,         323,      -5.935808359,     0.03139717401,      0.3930696829,     0.02817423582
          0,           0,         324,      -5.940546981,     0.03168849086,       0.397296534,     0.02880622541
          0,           0,         325,      -5.945862555,     0.03199690851,      0.4011553864,     0.02933419203
          0,           0,         326,      -5.951752906,     0.03232411632,       0.404637845,     0.02976074296
          0,           0,         327,      -5.958164064,     0.03267159338,      0.4077378619,     0.03008845314
          0,           0,         328,      -5.965123092,     0.03304052418,      0.4104513364,     0.03032037364
          0,           0,         329,      -5.972552152,     0.03343178055,      0.4127760404,     0.03046004458
          0,           0,         330,       -5.98045131,     0.03384561551,      0.4147123523,     0.03051115271
          0,           0,         331,      -5.988746615,     0.03428191879,      0.4162617416,     0.03047680322
          0,           0,         332,      -5.997520643,     0.03474025727,      0.4174262997,     0.03035980333
          0,           0,         333,      -6.006554158,     0.03521948287,      0.4182109245,     0.03016367074
          0,           0,         334,      -6.016047252,     0.03571788964,      0.4186222033,     0.02989134731
          0,           0,         335,      -6.025743181,     0.03623359999,      0.4186671117,     0.02954514758
          0,           0,         336,      -6.035796102,      0.0367645388,      0.4183537858,     0.02912742662
          0,           0,         337,      -6.046026875,     0.03730833635,      0.4176921262,     0.02864065905
          0,           0,         338,      -6.056593078,     0.03786244203,      0.4166936024,      0.0280873116
          0,           0,         339,      -6.067286797,     0.03842354574,      0.4153714349,     0.02746964909
          0,           0,         340,      -6.078196083,     0.03898779449,      0.4137403284,     0.02678983744
          0,           0,         341,      -6.089207205,     0.03955098959,      0.4118165585,     0.02605028175
          0,           0,         342,       -6.10037367,     0.04010868653,      0.4096176992,     0.02525354495
          0,           0,         343,      -6.111582639,     0.04065620001,      0.4071624962,     0.02440233593
          0,           0,         344,      -6.122736881,     0.04118867002,      0.4044704641,     0.02349946767
          0,           0,         345,      -6.133820032,     0.04170109232,      0.4015609872,     0.02254750478
          0,           0,         346,      -6.144724043,     0.04218846375,      0.3984536301,     0.02154895753
          0,           0,         347,      -6.155365865,     0.04264576996,       0.395168493,      0.0205066076
          0,           0,         348,      -6.165540999,     0.04306803013,      0.3917259482,      0.0194233077
          0,           0,         349,      -6.175235841,     0.04345035804,        0.38814677,     0.01830201712
          0,           0,         350,      -6.184206717,     0.04378804406,      0.3844512812,     0.01714555207
          0,           0,         351,      -6.192331432,     0.04407664315,      0.3806586764,     0.01595673094
          0,           0,         352,      -6.199563675,     0.04431205959,      0.3767870564,     0.01473850948
          0,           0,         353,      -6.205760469,     0.04449055762,      0.3728545057,     0.01349383967
          0,           0,         354,      -6.210753547,     0.04460876264,      0.3688801367,      0.0122257794
          0,           0,         355,      -6.214611263,     0.04466366184,      0.3648843594,      0.0109377706
          0,           0,         356,       -6.21733658,      0.0446525913,      0.3608876235,    0.009633717475
          0,           0,         357,      -6.218844478,     0.04457326474,      0.3569096974,    0.008317966386
          0,           0,         358,      -6.219526116,     0.04442394909,      0.3529702957,    0.006995109079
          0,           0,         359,      -6.219133022,     0.04420343486,      0.3490886261,    0.005669763308
          0,           0,         360,      -6.218226303,     0.04391102979,      0.3452827262,    0.004346522417
          0,           0,         361,      -6.216615081,     0.04354660779,      0.3415684199,    0.003030302669
          0,           0,         362,      -6.215002087,     0.04311073605,      0.3379612124,     0.00172606229
          0,           0,         363,      -6.212976677,     0.04260451529,      0.3344764548,    0.000438471879
          0,           0,         364,      -6.211455976,     0.04202968596,      0.3311258894,   -0.000827658312
          0,           0,         365,       -6.20983517,     0.04138873838,      0.3279211449,   -0.002067852519
          0,           0,         366,      -6.208983446,     0.04068483425,      0.3248716686,    -0.00327746883
          0,           0,         367,       -6.20852542,     0.03991924111,      0.3219894527,   -0.004452393047
          0,           0,         368,      -6.208951989,     0.03909478415,       0.319283918,   -0.005587962834
          0,           0,         369,      -6.209986902,      0.0382156372,      0.3167621847,   -0.006679139991
          0,           0,         370,      -6.212163898,     0.03728655698,      0.3144300978,   -0.007720928532
          0,           0,         371,       -6.21510291,     0.03631271199,      0.3122925328,   -0.008708571336
          0,           0,         372,      -6.219228965,     0.03529957858,      0.3103531643,   -0.009637534197
          0,           0,         373,      -6.224214487,     0.03425289978,      0.3086146139,    -0.01050346725
          0,           0,         374,      -6.230213535,     0.03317864516,      0.3070782252,    -0.01130222851
          0,           0,         375,      -6.237256999,     0.03208299816,      0.3057441537,    -0.01202985707
          0,           0,         376,      -6.245054482,     0.03097226754,      0.3046116029,    -0.01268264532
          0,           0,         377,      -6.253753235,     0.02985284355,      0.3036787477,       -0.01325725
          0,           0,         378,      -6.262852404,     0.02873113785,      0.3029427629,    -0.01375075688
          0,           0,         379,      -6.272699394,     0.02761358876,      0.3023995937,    -0.01416075305
          0,           0,         380,      -6.282553829,     0.02650660003,      0.3020440696,    -0.01448533116
          0,           0,         381,      -6.292714982,     0.02541653653,      0.3018702018,    -0.01472293208
          0,           0,         382,      -6.302282871,     0.02434959634,      0.3018713707,    -0.01487227704
          0,           0,         383,      -6.311240361,     0.02331180358,       0.302040341,    -0.01493252889
          0,           0,         384,      -6.319353291,     0.02230893044,      0.3023697347,    -0.01490314232
          0,           0,         385,      -6.326166674,      0.0213464696,      0.3028516087,    -0.01478408208
          0,           0,         386,      -6.331283469,      0.0204295861,      0.3034774129,    -0.01457581876
          0,           0,         387,      -6.334483318,      0.0195631384,      0.3042380754,     -0.0142792656
          0,           0,         388,      -6.335999423,      0.0187516339,      0.3051240924,    -0.01389584024
          0,           0,         389,      -6.335243558,     0.01799919569,      0.3061255964,    -0.01342749451
          0,           0,         390,      -6.332859268,      0.0173095192,       0.307232767,    -0.01287657669
          0,           0,         391,      -6.328612739,     0.01668585031,      0.3084363349,    -0.01224590142
          0,           0,         392,       -6.32286245,     0.01613092447,      0.3097271297,    -0.01153883611
          0,           0,         393,      -6.316151654,     0.01564696201,      0.3110955819,    -0.01075935869
          0,           0,         394,       -6.30864875,     0.01523568285,      0.3125319085,    -0.00991192297
          0,           0,         395,      -6.300584341,     0.01489829271,       0.314026431,   -0.009001331718
          0,           0,         396,       -6.29253681,     0.01463548221,      0.3155695179,   -0.008032718498
          0,           0,         397,      -6.284541139,     0.01444746991,      0.3171515221,   -0.007011518458
          0,           0,         398,      -6.276869789,     0.01433400657,      0.3187633017,   -0.005943540529
          0,           0,         399,      -6.269854116,     0.01429434224,      0.3203962955,   -0.004834966041
          0,           0,         400,      -6.263548392,     0.01432701445,      0.3220424395,    -0.00369217768
          0,           0,         401,      -6.258046104,     0.01443051006,      0.3236938427,   -0.002521763684
          0,           0,         402,      -6.253583459,     0.01460292071,      0.3253434301,   -0.001330497888
          0,           0,         403,      -6.250029959,      0.0148415728,      0.3269842836,  -0.0001250832734
          0,           0,         404,      -6.247585105,     0.01514335134,      0.3286095247,    0.001087900553
          0,           0,         405,      -6.246244102,     0.01550445174,      0.3302138153,    0.002301708557
          0,           0,         406,      -6.245974623,     0.01592064356,      0.3317922431,    0.003509547918
          0,           0,         407,      -6.246756901,     0.01638994353,      0.3333366314,    0.004705259455
          0,           0,         408,       -6.24865821,     0.01690879926,      0.3348410745,    0.005882272733
          0,           0,         409,       -6.25149218,     0.01747261609,      0.3363015288,    0.007033930637
          0,           0,         410,      -6.255347972,     0.01807658756,      0.3377147523,     0.00815383102
          0,           0,         411,      -6.260098945,     0.01871583944,      0.3390780704,    0.009235874201
          0,           0,         412,      -6.265655121,     0.01938540411,      0.3403895953,     0.01027442093
          0,           0,         413,      -6.271944547,     0.02008024596,       0.341648296,     0.01126434442
          0,           0,         414,      -6.278825045,     0.02079527776,      0.3428538725,     0.01220099168
          0,           0,         415,      -6.286223835,     0.02152543071,      0.3440065069,     0.01308006621
          0,           0,         416,      -6.293908428,     0.02226568866,      0.3451067342,     0.01389759184
          0,           0,         417,      -6.301733189,      0.0230110993,      0.3461554818,     0.01464997918
          0,           0,         418,      -6.309570429,     0.02375680533,      0.3471539076,     0.01533389792
          0,           0,         419,      -6.317161703,     0.02449806929,      0.3481035755,     0.01594638562
          0,           0,         420,      -6.324291674,     0.02523027117,      0.3490065928,     0.01648499481
          0,           0,         421,      -6.330877199,     0.02594893718,      0.3498655944,     0.01694788167
          0,           0,         422,      -6.336574878,     0.02664976745,       0.350683488,     0.01733382205
          0,           0,         423,      -6.341212743,     0.02732863973,      0.3514629785,     0.01764203088
          0,           0,         424,      -6.344941789,     0.02798166689,      0.3522065166,     0.01787211292
          0,           0,         425,      -6.347308846,     0.02860526253,       0.352916667,     0.01802414671
          0,           0,         426,      -6.348580563,     0.02919614518,      0.3535964922,     0.01809871375
          0,           0,         427,      -6.348554213,     0.02975135399,      0.3542494679,     0.01809686718
          0,           0,         428,      -6.347633118,     0.03026832973,      0.3548786673,     0.01802035123
          0,           0,         429,      -6.345252887,     0.03074497407,      0.3554854015,     0.01787166495
          0,           0,         430,      -6.342440779,     0.03117963208,      0.3560697164,     0.01765398934
          0,           0,         431,      -6.338497248,     0.03157091276,      0.3566327017,     0.01737088848
          0,           0,         432,      -6.334333257,      0.0319175804,      0.3571772032,     0.01702606858
          0,           0,         433,      -6.329446893,     0.03221864568,      0.3577069531,     0.01662338645
          0,           0,         434,      -6.324729557,     0.03247344025,      0.3582256654,     0.01616689134
          0,           0,         435,      -6.319544136,     0.03268164432,      0.3587368783,      0.0156608789
          0,           0,         436,       -6.31485636,     0.03284325252,      0.3592439358,     0.01510994483
          0,           0,         437,      -6.310070687,     0.03295851273,      0.3597497328,     0.01451881651
          0,           0,         438,      -6.305804509,     0.03302800236,      0.3602562347,     0.01389231559
          0,           0,         439,      -6.301886172,     0.03305266003,      0.3607642382,     0.01323531733
          0,           0,         440,      -6.298626147,     0.03303365778,      0.3612747897,     0.01255264788
          0,           0,         441,      -6.295682167,     0.03297245059,      0.3617882089,     0.01184923383
          0,           0,         442,      -6.293592825,     0.03287068945,      0.3623027718,      0.0111304197
          0,           0,         443,      -6.292097562,     0.03273014555,      0.3628170578,     0.01040152017
          0,           0,         444,      -6.291239841,     0.03255297111,      0.3633294325,    0.009667744778
          0,           0,         445,      -6.291239209,     0.03234153799,      0.3638376057,    0.008934197088
          0,           0,         446,      -6.291843978,     0.03209840384,      0.3643391567,    0.008205702787
          0,           0,         447,      -6.293332602,     0.03182626842,      0.3648316488,    0.007486809734
          0,           0,         448,      -6.295503338,     0.03152732189,      0.3653130705,    0.006781639851
          0,           0,         449,      -6.298582284,     0.03120372746,      0.3657810616,    0.006094108112
          0,           0,         450,      -6.302234121,     0.03085839294,      0.3662322617,    0.005428222343
          0,           0,         451,      -6.306723753,     0.03049449323,      0.3666630954,    0.004788027973
          0,           0,         452,      -6.311891172,     0.03011521028,        0.36706974,    0.004177330374
          0,           0,         453,      -6.317753896,     0.02972365544,      0.3674478734,     0.00359942226
          0,           0,         454,      -6.324309324,       0.029322842,      0.3677925132,    0.003056929457
          0,           0,         455,      -6.331209928,     0.02891572143,      0.3680982246,    0.002551942683
          0,           0,         456,      -6.339016809,     0.02850517632,      0.3683592784,    0.002086068684
          0,           0,         457,      -6.347145847,     0.02809399722,      0.3685698387,    0.001660514943
          0,           0,         458,      -6.355667683,     0.02768488377,      0.3687242962,    0.001276245953
          0,           0,         459,      -6.364476323,      0.0272803903,      0.3688174906,   0.0009340611232
          0,           0,         460,       -6.37354719,     0.02688292674,      0.3688447242,   0.0006345712253
          0,           0,         461,      -6.382663309,     0.02649476219,       0.368801714,   0.0003781395851
          0,           0,         462,      -6.391709876,     0.02611798011,      0.3686844163,   0.0001647598656
          0,           0,         463,      -6.400635507,      0.0257544431,      0.3684888474,  -6.083576604e-06
          0,           0,         464,      -6.409181773,     0.02540579837,       0.368211149,  -0.0001353391966
          0,           0,         465,      -6.417081642,     0.02507348801,      0.3678477443,  -0.0002243014464
          0,           0,         466,      -6.424652318,     0.02475876132,      0.3673957111,  -0.0002745102489
          0,           0,         467,      -6.431305274,     0.02446268887,      0.3668530563,  -0.0002876186135
          0,           0,         468,      -6.437029033,        0.02418609,      0.3662185096,  -0.0002654775556
          0,           0,         469,      -6.441867136,     0.02392953084,      0.3654912198,  -0.0002102652584
          0,           0,         470,      -6.445570867,     0.02369333899,      0.3646707623,   -0.000124540872
          0,           0,         471,      -6.448064307,     0.02347765683,      0.3637573468,  -1.109631323e-05
          0,           0,         472,      -6.449695106,     0.02328245921,      0.3627517022,   0.0001270963055
          0,           0,         473,        -6.4501697,     0.02310756416,      0.3616550417,   0.0002869587411
          0,           0,         474,      -6.449617544,     0.02295261098,      0.3604692483,    0.000465470956
          0,           0,         475,       -6.44832852,     0.02281721005,      0.3591976385,    0.000659623662
          0,           0,         476,      -6.446316881,     0.02270075758,      0.3578446404,    0.000866430966
          0,           0,         477,       -6.44353467,     0.02260249595,      0.3564154399,    0.001082952498
          0,           0,         478,      -6.440500352,     0.02252157137,      0.3549154306,    0.001306316552
          0,           0,         479,      -6.437096129,     0.02245690902,      0.3533507393,    0.001533689805
          0,           0,         480,      -6.433362063,     0.02240721266,      0.3517289002,    0.001762331499
          0,           0,         481,      -6.429782518,     0.02237117527,      0.3500578206,    0.001989740138
          0,           0,         482,      -6.426104418,     0.02234747775,      0.3483460679,    0.002213682567
          0,           0,         483,        -6.4225037,     0.02233476905,      0.3466029858,    0.002432182888
          0,           0,         484,      -6.419245414,     0.02233159886,      0.3448384062,    0.002643329782
          0,           0,         485,      -6.416219273,     0.02233640879,      0.3430623521,    0.002845135569
          0,           0,         486,      -6.413438469,     0.02234771388,      0.3412844798,    0.003035587175
          0,           0,         487,      -6.411212774,     0.02236399049,      0.3395145445,    0.003212684198
          0,           0,         488,      -6.409380297,     0.02238379702,      0.3377621742,    0.003374527219
          0,           0,         489,       -6.40798717,     0.02240577548,      0.3360372433,    0.003519579733
          0,           0,         490,      -6.407074249,     0.02242851542,      0.3343502897,     0.00364672245
          0,           0,         491,      -6.406707065,     0.02245078145,      0.3327122044,    0.003755361649
          0,           0,         492,      -6.406800534,     0.02247154031,      0.3311338913,    0.003845291837
          0,           0,         493,      -6.407502178,     0.02248986282,      0.3296260407,    0.003916512049
          0,           0,         494,      -6.408759724,     0.02250470389,      0.3281991609,    0.003969137566
          0,           0,         495,      -6.410445703,     0.02251502962,      0.3268633758,    0.004003436349
          0,           0,         496,      -6.412778958,     0.02251992441,      0.3256283613,    0.004019911736
          0,           0,         497,      -6.415603387,     0.02251858901,      0.3245031927,    0.004019288463
          0,           0,         498,      -6.418893498,     0.02251035178,      0.3234963657,    0.004002608287
          0,           0,         499,      -6.422744106,     0.02249469785,      0.3226158648,    0.003971283803
          0,           0,         500,      -6.427060734,     0.02247121579,      0.3218690471,    0.003926950462
          0,           0,         501,      -6.431811327,     0.02243957363,      0.3212624687,    0.003871258085
          0,           0,         502,       -6.43712906,     0.02239952679,      0.3208018133,      0.0038058255
          0,           0,         503,       -6.44272009,     0.02235094431,      0.3204920402,    0.003732258443
          0,           0,         504,      -6.448887007,     0.02229392661,      0.3203373768,    0.003652096924
          0,           0,         505,      -6.455535988,     0.02222856466,      0.3203409421,    0.003567052987
          0,           0,         506,      -6.462234875,     0.02215513553,      0.3205052727,    0.003479016286
          0,           0,         507,      -6.469468963,     0.02207409854,      0.3208323023,    0.003390036414
          0,           0,         508,      -6.476865328,     0.02198600165,      0.3213230377,    0.003302187213
          0,           0,         509,      -6.484236718,     0.02189144769,       0.321977447,    0.003217514259
          0,           0,         510,      -6.491960684,     0.02179107089,       0.322794359,     0.00313806212
          0,           0,         511,      -6.499620973,     0.02168558347,      0.3237712531,    0.003065879455
          0,           0,         512,      -6.506855989,     0.02157579706,      0.3249045059,    0.003002997716
          0,           0,         513,      -6.514300287,     0.02146255276,      0.3261898199,    0.002951314382
          0,           0,         514,      -6.521138037,     0.02134675751,      0.3276218685,    0.002912634962
          0,           0,         515,      -6.527455599,     0.02122943801,      0.3291941044,    0.002888779735
          0,           0,         516,      -6.533485079,     0.02111161001,        0.33089897,    0.002881383578
          0,           0,         517,      -6.538679072,     0.02099420178,      0.3327279398,    0.002891689839
          0,           0,         518,      -6.542947927,     0.02087817154,      0.3346713405,    0.002920592568
          0,           0,         519,      -6.546776222,     0.02076451996,      0.3367184942,    0.002968762754
          0,           0,         520,      -6.549255218,     0.02065429768,      0.3388580455,    0.003036778732
          0,           0,         521,       -6.55155686,     0.02054853436,      0.3410782153,    0.003125103604
          0,           0,         522,      -6.552536073,     0.02044826451,      0.3433668362,    0.003234105156
          0,           0,         523,      -6.552444165,     0.02035453113,      0.3457115064,    0.003364019808
          0,           0,         524,      -6.551918554,     0.02026829578,        0.34809939,    0.003514766661
          0,           0,         525,        -6.5509436,     0.02019041546,      0.3505170358,    0.003685879739
          0,           0,         526,      -6.548667607,     0.02012164896,      0.3529506847,     0.00387674952
          0,           0,         527,      -6.546756122,     0.02006275808,      0.3553866077,    0.004086771108
          0,           0,         528,      -6.543795352,       0.020014485,      0.3578113258,    0.004315410906
          0,           0,         529,      -6.541064208,     0.01997751721,      0.3602116128,    0.004562071467
          0,           0,         530,      -6.538243209,     0.01995245817,      0.3625744059,    0.004825946481
          0,           0,         531,       -6.53494894,     0.01993982331,      0.3648867727,    0.005106048942
          0,           0,         532,      -6.532178337,     0.01993995115,      0.3671358717,    0.005401091717
          0,           0,         533,      -6.529640876,     0.01995299038,      0.3693090203,    0.005709335933
          0,           0,         534,      -6.527133466,     0.01997903768,      0.3713938948,    0.006028763512
          0,           0,         535,      -6.525285012,     0.02001811607,      0.3733783409,    0.006357037684
          0,           0,         536,      -6.523787565,     0.02007013154,      0.3752506634,    0.006691629359
          0,           0,         537,      -6.522572364,     0.02013496859,      0.3770001473,    0.007029923002
          0,           0,         538,      -6.522226609,     0.02021236415,      0.3786170001,    0.007369351914
          0,           0,         539,      -6.522276641,     0.02030194345,      0.3800924215,      0.0077073671
          0,           0,         540,      -6.522862511,     0.02040322953,      0.3814186559,    0.008041500698
          0,           0,         541,      -6.524321021,     0.02051564604,      0.3825888715,    0.008369316656
          0,           0,         542,      -6.526135336,     0.02063853793,      0.3835970933,    0.008688342316
          0,           0,         543,      -6.528553756,     0.02077119889,       0.384438436,     0.00899616754
          0,           0,         544,      -6.531912575,     0.02091283102,      0.3851091462,    0.009290373277
          0,           0,         545,      -6.535647073,      0.0210625028,      0.3856066317,    0.009568482907
          0,           0,         546,      -6.540056723,     0.02121922316,      0.3859293015,    0.009828156661
          0,           0,         547,      -6.545208713,       0.021381956,      0.3860764714,     0.01006721848
          0,           0,         548,      -6.550685062,     0.02154954197,      0.3860486762,     0.01028355832
          0,           0,         549,      -6.556686812,      0.0217206773,      0.3858476991,      0.0104750646
          0,           0,         550,      -6.563252614,     0.02189406529,      0.3854760696,     0.01063973334
          0,           0,         551,      -6.570107554,     0.02206845724,       0.384937268,     0.01077573377
          0,           0,         552,      -6.577369752,     0.02224261039,      0.3842359486,     0.01088144425
          0,           0,         553,      -6.584859661,     0.02241533117,      0.3833778209,     0.01095553436
          0,           0,         554,      -6.592612997,     0.02258537449,      0.3823698379,     0.01099687687
          0,           0,         555,      -6.600595408,     0.02275150055,      0.3812195697,     0.01100450302
          0,           0,         556,      -6.608804994,     0.02291243495,      0.3799352223,     0.01097760339
          0,           0,         557,      -6.616738603,      0.0230669105,      0.3785257958,     0.01091564197
          0,           0,         558,      -6.625010328,     0.02321373897,       0.377000985,     0.01081841899
          0,           0,         559,      -6.633011161,     0.02335181266,      0.3753711874,     0.01068604221
          0,           0,         560,       -6.64057162,     0.02348009209,       0.373647639,     0.01051900868
          0,           0,         561,      -6.648051471,     0.02359761658,      0.3718421091,     0.01031808557
          0,           0,         562,      -6.655056442,      0.0237034906,      0.3699667152,     0.01008426887
          0,           0,         563,      -6.661249085,     0.02379687004,      0.3680338228,    0.009818813036
          0,           0,         564,      -6.667387137,     0.02387690528,      0.3660557272,    0.009523071413
          0,           0,         565,      -6.672408343,     0.02394278209,      0.3640444773,    0.009198371868
          0,           0,         566,      -6.677483244,     0.02399378382,      0.3620117981,    0.008845921813
          0,           0,         567,      -6.681496239,     0.02402932276,      0.3599693802,    0.008467024257
          0,           0,         568,      -6.684856582,      0.0240489812,      0.3579291597,    0.008063347502
          0,           0,         569,      -6.687484993,     0.02405245543,      0.3559030987,    0.007636891318
          0,           0,         570,       -6.68970551,      0.0240395764,      0.3539031306,    0.007190097204
          0,           0,         571,       -6.69114584,     0.02401031569,      0.3519411851,    0.006725770787
          0,           0,         572,      -6.692115588,     0.02396472965,      0.3500289553,    0.006246872179
          0,           0,         573,       -6.69220938,     0.02390302541,       0.348177799,    0.005756373746
          0,           0,         574,      -6.692574516,     0.02382538148,      0.3463982313,    0.005257411348
          0,           0,         575,      -6.692405081,     0.02373218823,      0.3447003653,    0.004753084742
          0,           0,         576,      -6.692091605,     0.02362394106,      0.3430935509,    0.004246386589
          0,           0,         577,      -6.691264202,     0.02350123041,      0.3415864514,    0.003740325675
          0,           0,         578,      -6.690681571,     0.02336471895,      0.3401870544,    0.003238043084
          0,           0,         579,       -6.69000459,     0.02321514998,      0.3389024663,    0.002742778239
          0,           0,         580,      -6.689152369,     0.02305333184,      0.3377390573,     0.00225780853
          0,           0,         581,      -6.688761078,     0.02288010263,      0.3367023177,     0.00178616878
          0,           0,         582,      -6.688725657,     0.02269637239,      0.3357964389,    0.001330624141
          0,           0,         583,      -6.688925339,     0.02250317231,      0.3350244353,   0.0008938999953
          0,           0,         584,      -6.689357451,     0.02230161493,      0.3343887339,   0.0004787206815
          0,           0,         585,      -6.690607218,     0.02209288185,       0.333891031,   8.776537862e-05
          0,           0,         586,      -6.692108744,     0.02187820811,        0.33353196,  -0.0002764691021
          0,           0,         587,       -6.69385294,     0.02165888715,      0.3333111809,  -0.0006116164685
          0,           0,         588,      -6.696646289,     0.02143613328,      0.3332277558,    -0.00091537895
          0,           0,         589,      -6.699471007,     0.02121106759,      0.3332801368,   -0.001185667291
          0,           0,         590,      -6.703207265,       0.020984853,      0.3334660586,   -0.001420483252
          0,           0,         591,      -6.707352401,     0.02075874625,      0.3337823978,   -0.001617955928
          0,           0,         592,      -6.712170499,     0.02053399786,       0.334225059,   -0.001776546745
          0,           0,         593,      -6.717040823,     0.02031183393,      0.3347891035,   -0.001895053556
          0,           0,         594,       -6.72269602,     0.02009344338,      0.3354689759,   -0.001972488424
          0,           0,         595,      -6.729029656,     0.01987993874,      0.3362584824,   -0.002008143633
          0,           0,         596,      -6.735175205,     0.01967235792,      0.3371506545,   -0.002001732913
          0,           0,         597,      -6.742138998,     0.01947164039,      0.3381376655,   -0.001953493441
          0,           0,         598,      -6.749012623,     0.01927867445,      0.3392110705,   -0.001864050309
          0,           0,         599,      -6.755961483,     0.01909434923,      0.3403621694,   -0.001734201497
          0,           0,         600,      -6.763497722,     0.01891951219,      0.3415821677,   -0.001564846976
          0,           0,         601,      -6.769951218,     0.01875493172,      0.3428622727,   -0.001356987031
          0,           0,         602,      -6.776881482,     0.01860132224,      0.3441937538,   -0.001111726309
          0,           0,         603,      -6.783389192,     0.01845932393,      0.3455679495,  -0.0008302683921
          0,           0,         604,      -6.788629541,     0.01832944931,      0.3469760936,  -0.0005140556286
          0,           0,         605,      -6.793727934,     0.01821208398,       0.348409252,  -0.0001648436853
          0,           0,         606,      -6.798826417,     0.01810752489,      0.3498584304,   0.0002153493204
          0,           0,         607,      -6.801747757,     0.01801596713,      0.3513145549,    0.000624134497
          0,           0,         608,       -6.80406499,     0.01793754555,      0.3527687449,    0.001058830791
          0,           0,         609,      -6.806507203,     0.01787229892,      0.3542125449,    0.001516693807
          0,           0,         610,      -6.806500845,     0.01782018311,      0.3556380949,    0.001994873962
          0,           0,         611,      -6.806968913,     0.01778090886,      0.3570374538,    0.002490456377
          0,           0,         612,      -6.805639274,     0.01775408984,      0.3584028481,    0.003000323534
          0,           0,         613,      -6.803392501,     0.01773934357,      0.3597268424,    0.003521124985
          0,           0,         614,      -6.801319572,     0.01773619545,      0.3610022093,    0.004049286945
          0,           0,         615,      -6.798265539,     0.01774411851,      0.3622223587,     0.00458118679
          0,           0,         616,      -6.794995185,     0.01776254582,      0.3633816133,     0.00511341217
          0,           0,         617,       -6.79232329,     0.01779089908,      0.3644748548,    0.005642660062
          0,           0,         618,      -6.788904213,     0.01782855993,      0.3654975433,    0.006165681051
          0,           0,         619,      -6.785718307,     0.01787485982,      0.3664459953,    0.006679297428
          0,           0,         620,      -6.783468733,     0.01792908091,      0.3673172817,    0.007180504605
          0,           0,         621,      -6.780973217,     0.01799045454,      0.3681090382,    0.007666471098
          0,           0,         622,      -6.779509692,     0.01805814239,      0.3688195797,    0.008134486521
          0,           0,         623,      -6.778442631,     0.01813132127,      0.3694477869,    0.008581943606
          0,           0,         624,       -6.77780245,     0.01820910043,      0.3699933768,    0.009006350443
          0,           0,         625,      -6.778345705,     0.01829060201,       0.370456523,    0.009405370131
          0,           0,         626,      -6.779499138,     0.01837497567,       0.370837814,    0.009776815375
          0,           0,         627,      -6.781057945,     0.01846139613,      0.3711380117,     0.01011855552
          0,           0,         628,      -6.784110347,     0.01854904682,      0.3713580474,     0.01042840915
          0,           0,         629,      -6.787670598,     0.01863710339,      0.3714991964,      0.0107042121
          0,           0,         630,      -6.791795902,     0.01872478764,      0.3715634015,     0.01094411942
          0,           0,         631,       -6.79770481,     0.01881136278,       0.371553385,      0.0111467552
          0,           0,         632,        -6.8038747,     0.01889612091,      0.3714726247,     0.01131124736
          0,           0,         633,        -6.8107657,     0.01897839408,      0.3713251951,     0.01143715138
          0,           0,         634,      -6.818720666,     0.01905757095,      0.3711155526,     0.01152432842
          0,           0,         635,      -6.827489535,     0.01913308593,      0.3708483192,     0.01157281677
          0,           0,         636,      -6.836456666,     0.01920441776,       0.370528196,     0.01158279944
          0,           0,         637,      -6.846363476,     0.01927112185,        0.37016005,     0.01155469769
          0,           0,         638,      -6.856064398,     0.01933283871,      0.3697490817,     0.01148931571
          0,           0,         639,      -6.866440494,     0.01938922715,      0.3693005204,     0.01138763614
          0,           0,         640,      -6.876768973,      0.0194399802,      0.3688194388,     0.01125070109
          0,           0,         641,      -6.886777143,      0.0194848365,      0.3683107826,     0.01107965871
          0,           0,         642,      -6.896247759,     0.01952359527,      0.3677793791,     0.01087579905
          0,           0,         643,      -6.905011629,     0.01955610027,       0.367229938,     0.01064059366
          0,           0,         644,       -6.91262162,     0.01958227775,      0.3666671168,     0.01037572009
          0,           0,         645,      -6.918485894,     0.01960215862,      0.3660955637,     0.01008311086
          0,           0,         646,      -6.923808577,     0.01961587162,      0.3655199455,    0.009765066973
          0,           0,         647,      -6.926984263,     0.01962370491,      0.3649450779,     0.00942413622
          0,           0,         648,      -6.928569962,     0.01962596616,      0.3643756297,    0.009063020115
          0,           0,         649,      -6.927698816,     0.01962298966,      0.3638160347,    0.008684548549
          0,           0,         650,      -6.926699883,     0.01961513618,      0.3632702574,    0.008291575044
          0,           0,         651,      -6.923304055,     0.01960277854,      0.3627417318,    0.007886834214
          0,           0,         652,      -6.919389664,     0.01958631127,      0.3622335682,    0.007473036754
          0,           0,         653,       -6.91360423,     0.01956615854,      0.3617487429,    0.007053079109
          0,           0,         654,      -6.907642297,     0.01954272804,      0.3612900052,    0.006630000104
          0,           0,         655,       -6.90081213,     0.01951640238,      0.3608596777,    0.006206772486
          0,           0,         656,      -6.893706321,     0.01948758967,      0.3604595912,    0.005786222677
          0,           0,         657,      -6.886434684,     0.01945669296,      0.3600908741,    0.005370857724
          0,           0,         658,      -6.880146813,     0.01942411517,      0.3597539298,    0.004962870492
          0,           0,         659,      -6.873294517,     0.01939029528,      0.3594488349,    0.004564405602
          0,           0,         660,      -6.866902136,     0.01935574839,      0.3591756271,    0.004177766509
          0,           0,         661,      -6.861907804,     0.01932099578,      0.3589341947,    0.003805246816
          0,           0,         662,      -6.857890337,     0.01928652236,      0.3587241102,    0.003448993705
          0,           0,         663,      -6.854223012,     0.01925278255,      0.3585447556,    0.003111093779
          0,           0,         664,      -6.851565419,     0.01922015413,      0.3583953275,    0.002793517046
          0,           0,         665,       -6.84964301,     0.01918895672,      0.3582747942,    0.002498013917
          0,           0,         666,      -6.849686444,     0.01915949188,      0.3581819598,    0.002226231394
          0,           0,         667,      -6.850233559,     0.01913205235,       0.358115544,     0.00197976073
          0,           0,         668,      -6.851109268,     0.01910687258,      0.3580740772,    0.001760044006
          0,           0,         669,      -6.853833109,     0.01908410051,      0.3580556624,    0.001568133666
          0,           0,         670,      -6.857536337,     0.01906381826,      0.3580579803,    0.001404667169
          0,           0,         671,      -6.861749118,     0.01904605794,      0.3580783203,    0.001269847653
          0,           0,         672,      -6.866706658,     0.01903083089,        0.35811368,    0.001163428276
          0,           0,         673,      -6.873468136,     0.01901809874,      0.3581609483,    0.001084956455
          0,           0,         674,      -6.880104468,     0.01900785359,      0.3582172945,    0.001033996289
          0,           0,         675,      -6.888538369,     0.01900010185,      0.3582802887,     0.00101020335
          0,           0,         676,      -6.897789469,     0.01899479477,      0.3583477823,    0.001013226616
          0,           0,         677,      -6.906996332,      0.0189918218,      0.3584177711,    0.001042589747
          0,           0,         678,      -6.917138647,     0.01899102374,      0.3584883471,    0.001097641435
          0,           0,         679,       -6.92844217,     0.01899219948,      0.3585576643,    0.001177511815
          0,           0,         680,      -6.939440583,     0.01899508781,      0.3586239265,    0.001281095504
          0,           0,         681,      -6.950256338,     0.01899938097,      0.3586855502,    0.001407173053
          0,           0,         682,      -6.961506194,     0.01900474099,      0.3587411498,    0.001554424982
          0,           0,         683,      -6.972490257,     0.01901077695,      0.3587892523,    0.001721229942
          0,           0,         684,      -6.982415863,     0.01901706776,      0.3588282481,    0.001905620267
          0,           0,         685,      -6.992883778,     0.01902313896,      0.3588563904,    0.002105266804
          0,           0,         686,      -7.000128511,     0.01902850084,      0.3588721157,    0.002317724282
          0,           0,         687,      -7.006846938,     0.01903272408,      0.3588744405,    0.002540767043
          0,           0,         688,      -7.014336568,     0.01903546144,      0.3588631046,    0.002772522735
          0,           0,         689,      -7.018553217,     0.01903639058,      0.3588383332,    0.003011299817
          0,           0,         690,      -7.022378955,     0.01903518654,      0.3588005725,    0.003255391483
          0,           0,         691,      -7.025255802,     0.01903154531,      0.3587504001,    0.003503055265
          0,           0,         692,      -7.024280909,     0.01902517256,      0.3586885764,    0.003752564686
          0,           0,         693,      -7.025470753,     0.01901576473,      0.3586160309,    0.004002190195
          0,           0,         694,      -7.025044059,     0.01900301842,      0.3585338828,    0.004250231168
          0,           0,         695,      -7.022033172,     0.01898664357,      0.3584433952,    0.004495031306
          0,           0,         696,      -7.020109445,     0.01896636184,      0.3583457575,    0.004734849561
          0,           0,         697,      -7.017158776,     0.01894189765,      0.3582420952,    0.004967890961
          0,           0,         698,      -7.012156326,     0.01891300405,      0.3581335575,    0.005192349062
          0,           0,         699,      -7.009426119,     0.01887939047,      0.3580213285,    0.005406575654
          0,           0,         700,      -7.005373918,     0.01884090084,      0.3579070847,    0.005609197751
          0,           0,         701,      -7.000307203,     0.01879756046,      0.3577930058,    0.005799191331
          0,           0,         702,      -6.998502002,     0.01874944645,      0.3576813646,    0.005975791855
          0,           0,         703,      -6.995662507,     0.01869667394,      0.3575744131,    0.006138241782
          0,           0,         704,      -6.991788918,     0.01863943155,      0.3574745844,    0.006286036725
          0,           0,         705,      -6.991100366,     0.01857792355,       0.357384252,    0.006418774567
          0,           0,         706,      -6.989660339,     0.01851236758,       0.357305644,    0.006536112386
          0,           0,         707,      -6.988316435,     0.01844299756,      0.3572409177,    0.006637849123
          0,           0,         708,      -6.988532406,     0.01837006619,      0.3571921917,    0.006723972849
          0,           0,         709,      -6.988449895,      0.0182938326,        0.35716142,    0.006794567348
          0,           0,         710,      -6.988751553,     0.01821457985,      0.3571503636,    0.006849780323
          0,           0,         711,      -6.990941559,     0.01813259473,      0.3571604375,    0.006889732433
          0,           0,         712,      -6.992087844,     0.01804817868,      0.3571927694,    0.006914574703
          0,           0,         713,      -6.993323174,     0.01796170541,      0.3572483459,    0.006924609362
          0,           0,         714,       -6.99694901,     0.01787367795,       0.357328305,    0.006920499456
          0,           0,         715,      -6.999591969,     0.01778467954,      0.3574338017,    0.006903174796
          0,           0,         716,      -7.002165188,     0.01769529305,      0.3575658118,    0.006873676717
          0,           0,         717,       -7.00739863,     0.01760608946,       0.357725064,     0.00683310868
          0,           0,         718,      -7.010016781,     0.01751763547,      0.3579119096,    0.006782559007
          0,           0,         719,       -7.01510012,     0.01743047451,      0.3581263584,    0.006723112436
          0,           0,         720,      -7.020130342,     0.01734512188,      0.3583682529,    0.006655947496
          0,           0,         721,      -7.023564367,     0.01726207283,      0.3586373014,    0.006582358201
          0,           0,         722,      -7.028585831,     0.01718177425,      0.3589329426,    0.006503634131
          0,           0,         723,      -7.034371086,     0.01710462298,      0.3592542005,    0.006420936637
          0,           0,         724,      -7.038186107,     0.01703100241,      0.3595996972,    0.006335301531
          0,           0,         725,      -7.042991089,     0.01696125579,      0.3599675896,    0.006247571597
          0,           0,         726,       -7.04876423,     0.01689573751,      0.3603558483,    0.006158585755
          0,           0,         727,      -7.052327534,     0.01683485808,      0.3607624891,    0.006069329584
          0,           0,         728,      -7.058170374,     0.01677907744,      0.3611856283,    0.005980954413
          0,           0,         729,      -7.064188842,     0.01672882449,      0.3616232952,    0.005894600788
          0,           0,         730,      -7.067659824,     0.01668447612,      0.3620733096,    0.005811284624
          0,           0,         731,      -7.073798652,     0.01664634602,      0.3625332565,    0.005731872749
          0,           0,         732,      -7.079804542,     0.01661466023,      0.3630006062,    0.005657171918
          0,           0,         733,      -7.084104777,     0.01658955521,       0.363472861,    0.005588037296
          0,           0,         734,       -7.09104233,     0.01657106302,      0.3639475371,    0.005525321799
          0,           0,         735,      -7.096952429,     0.01655916352,      0.3644220989,    0.005469756357
          0,           0,         736,       -7.10114035,     0.01655384646,      0.3648938933,    0.005421773248
          0,           0,         737,      -7.108284829,       0.016554977,      0.3653597015,    0.005381436379
          0,           0,         738,      -7.113620763,     0.01656234542,      0.3658160059,    0.005348619177
          0,           0,         739,      -7.117347646,     0.01657580985,      0.3662595245,    0.005323202963
          0,           0,         740,      -7.124356319,     0.01659525862,      0.3666873462,    0.005305158542
          0,           0,         741,      -7.131524084,     0.01662053935,      0.3670968296,    0.005294512689
          0,           0,         742,      -7.134612679,     0.01665146397,      0.3674855118,     0.00529122282
          0,           0,         743,      -7.143167362,     0.01668779744,      0.3678509689,    0.005295114649
          0,           0,         744,      -7.147924147,     0.01672923046,      0.3681908573,    0.005305891443
          0,           0,         745,      -7.152412505,     0.01677539315,      0.3685031015,    0.005323238281
          0,           0,         746,      -7.159992665,     0.01682587312,      0.3687860071,    0.005346899103
          0,           0,         747,       -7.16403849,     0.01688017851,      0.3690380137,    0.005376517424
          0,           0,         748,      -7.166687706,     0.01693776085,      0.3692575351,     0.00541150627
          0,           0,         749,      -7.171074332,     0.01699802764,      0.3694428012,    0.005450953469
          0,           0,         750,      -7.173228446,     0.01706039249,      0.3695921257,    0.005493793839
          0,           0,         751,      -7.172309698,     0.01712434316,      0.3697042776,    0.005539053035
          0,           0,         752,       -7.17600931,     0.01718943588,      0.3697785447,    0.005585923016
          0,           0,         753,      -7.176011221,     0.01725522682,      0.3698146206,    0.005633683739
          0,           0,         754,      -7.173824919,     0.01732126321,      0.3698123883,    0.005681565149
          0,           0,         755,      -7.175560066,     0.01738708303,      0.3697718976,    0.005728732117
          0,           0,         756,      -7.172531697,     0.01745220512,      0.3696934839,    0.005774381712
          0,           0,         757,       -7.17089235,     0.01751612819,      0.3695778984,    0.005817854816
          0,           0,         758,       -7.16989072,     0.01757833161,      0.3694262986,    0.005858640311
          0,           0,         759,      -7.166309459,     0.01763827079,      0.3692400356,    0.005896229414
          0,           0,         760,       -7.16185671,     0.01769540496,      0.3690204604,    0.005929985936
          0,           0,         761,      -7.160982522,     0.01774921638,      0.3687688442,    0.005959101946
          0,           0,         762,      -7.155666018,     0.01779921371,      0.3684864518,    0.005982667898
          0,           0,         763,      -7.150128994,     0.01784498156,      0.3681747277,     0.00599982966
          0,           0,         764,      -7.146909597,     0.01788622999,      0.3678355206,    0.006009973895
          0,           0,         765,      -7.143571111,     0.01792277716,      0.3674711531,     0.00601279512
          0,           0,         766,      -7.140433602,     0.01795445852,      0.3670841315,    0.006008092556
          0,           0,         767,      -7.140161429,     0.01798109552,       0.366676913,    0.005995611564
          0,           0,         768,       -7.13639657,     0.01800256025,      0.3662521373,    0.005975234917
          0,           0,         769,      -7.135085483,     0.01801874714,      0.3658126375,    0.005947004504
          0,           0,         770,      -7.137111863,      0.0180295505,      0.3653614683,    0.005911157065
          0,           0,         771,      -7.135394562,     0.01803488701,       0.364901854,    0.005868098956
          0,           0,         772,      -7.135615434,      0.0180346922,      0.3644369226,    0.005818217612
          0,           0,         773,      -7.137888074,     0.01802893473,      0.3639695811,    0.005761794312
          0,           0,         774,      -7.138608503,     0.01801762653,      0.3635024629,    0.005698969854
          0,           0,         775,      -7.140013321,     0.01800081463,      0.3630379376,    0.005629775349
          0,           0,         776,      -7.142964272,     0.01797855119,      0.3625782244,    0.005554327327
          0,           0,         777,      -7.144139309,     0.01795098702,       0.362125766,    0.005473051434
          0,           0,         778,        -7.1474506,     0.01791841041,       0.361683189,    0.005386519594
          0,           0,         779,      -7.154591772,     0.01788119159,      0.3612531688,    0.005295432088
          0,           0,         780,      -7.158024564,     0.01783969596,      0.3608382773,    0.005200538057
          0,           0,         781,      -7.163706311,     0.01779425676,      0.3604409047,    0.005102635126
          0,           0,         782,      -7.171003983,     0.01774524235,      0.3600635094,    0.005002651783
          0,           0,         783,      -7.176308737,      0.0176930002,      0.3597085602,    0.004901661445
          0,           0,         784,      -7.182631217,     0.01763783653,       0.359378395,    0.004800776313
          0,           0,         785,      -7.190281026,     0.01758002625,      0.3590749497,    0.004700996263
          0,           0,         786,      -7.196507697,     0.01751988182,      0.3587997412,    0.004603170647
          0,           0,         787,      -7.202243649,     0.01745774312,      0.3585537434,    0.004507920219
          0,           0,         788,      -7.211956151,     0.01739395576,      0.3583375209,     0.00441571832
          0,           0,         789,      -7.214581765,     0.01732890401,      0.3581513846,    0.004326992706
          0,           0,         790,      -7.219086735,      0.0172630278,      0.3579956098,    0.004242274319
          0,           0,         791,      -7.227512152,     0.01719684659,      0.3578705073,    0.004162247511
          0,           0,         792,      -7.232403712,     0.01713089639,      0.3577763425,    0.004087676974
          0,           0,         793,      -7.237659804,     0.01706564082,      0.3577132283,    0.004019312184
          0,           0,         794,      -7.242928264,     0.01700149942,        0.35768115,    0.003957897425
          0,           0,         795,      -7.247351477,      0.0169388562,      0.3576800511,    0.003904226121
          0,           0,         796,      -7.247409663,     0.01687805437,      0.3577098686,    0.003859157315
          0,           0,         797,      -7.254968524,     0.01681938231,      0.3577703818,    0.003823492253
          0,           0,         798,      -7.253842172,     0.01676308808,      0.3578610285,    0.003797827497
          0,           0,         799,      -7.255580468,     0.01670943863,      0.3579806864,     0.00378238359
          0,           0,         800,      -7.256871916,     0.01665869802,      0.3581276961,    0.003777011001
          0,           0,         801,      -7.254557579,     0.01661106278,      0.3583000579,    0.003781324719
          0,           0,         802,      -7.252184451,     0.01656668377,       0.358495708,    0.003794901754
          0,           0,         803,      -7.248806818,     0.01652573562,      0.3587128187,    0.003817497807
          0,           0,         804,      -7.246627249,     0.01648841212,      0.3589498203,    0.003849054592
          0,           0,         805,      -7.244583337,     0.01645485879,       0.359205094,    0.003889460572
          0,           0,         806,      -7.245841495,     0.01642518532,      0.3594771032,    0.003938645021
          0,           0,         807,      -7.238719718,     0.01639945564,      0.3597642721,    0.003996478988
          0,           0,         808,      -7.238048381,      0.0163776967,      0.3600650419,     0.00406281333
          0,           0,         809,      -7.234301017,     0.01635988661,      0.3603779383,     0.00413751628
          0,           0,         810,       -7.23019985,     0.01634593599,       0.360701497,    0.004220401001
          0,           0,         811,      -7.225547127,     0.01633572238,      0.3610341741,    0.004311155835
          0,           0,         812,      -7.222214745,     0.01632907843,       0.361374155,    0.004409216115
          0,           0,         813,      -7.220574823,     0.01632581165,      0.3617192935,    0.004513697646
          0,           0,         814,      -7.213678654,     0.01632571166,      0.3620672417,    0.004623474487
          0,           0,         815,      -7.210511977,     0.01632856792,      0.3624156145,    0.004737335358
          0,           0,         816,       -7.20556494,     0.01633423155,      0.3627622927,    0.004854197856
          0,           0,         817,      -7.198445651,     0.01634259229,      0.3631055395,    0.004973204793
          0,           0,         818,      -7.199932711,      0.0163534987,      0.3634438024,    0.005093563801
          0,           0,         819,      -7.199677703,     0.01636676875,      0.3637757776,    0.005214595454
          0,           0,         820,      -7.196283825,     0.01638218449,      0.3641003332,    0.005335714938
          0,           0,         821,      -7.197083195,     0.01639948082,      0.3644165564,    0.005456418758
          0,           0,         822,      -7.196684171,     0.01641834693,      0.3647237508,    0.005576264537
          0,           0,         823,      -7.194392503,     0.01643843729,      0.3650212833,    0.005694781906
          0,           0,         824,      -7.197730363,     0.01645941119,      0.3653084397,    0.005811407921
          0,           0,         825,      -7.195749899,      0.0164809457,      0.3655843148,    0.005925382412
          0,           0,         826,      -7.195903552,     0.01650273196,      0.3658477873,    0.006035744695
          0,           0,         827,      -7.197583541,     0.01652443808,      0.3660976103,    0.006141409096
          0,           0,         828,      -7.197474113,     0.01654573896,      0.3663326803,    0.006241334925
          0,           0,         829,      -7.198489355,     0.01656638285,       0.366552302,    0.006334746614
          0,           0,         830,      -7.202183467,     0.01658616783,      0.3667561341,    0.006421104115
          0,           0,         831,      -7.206858894,     0.01660494647,      0.3669440991,    0.006500041563
          0,           0,         832,       -7.20820139,     0.01662258645,      0.3671162244,    0.006571253936
          0,           0,         833,      -7.210929262,     0.01663894084,      0.3672726083,    0.006634478773
          0,           0,         834,      -7.201715733,     0.01665383875,      0.3674134532,    0.006689527599
          0,           0,         835,      -7.216517812,     0.01666709285,      0.3675391368,    0.006736344156
          0,           0,         836,      -7.223224956,     0.01667850518,      0.3676502488,    0.006775037321
          0,           0,         837,      -7.231088018,     0.01668785057,      0.3677473844,    0.006805730553
          0,           0,         838,      -7.236178411,     0.01669490026,      0.3678309697,    0.006828434393
          0,           0,         839,       -7.24518552,      0.0166994611,       0.367901257,    0.006843048174
          0,           0,         840,      -7.246557438,     0.01670136271,      0.3679583093,    0.006849351527
          0,           0,         841,      -7.254832227,     0.01670049199,       0.368002182,    0.006847147078
          0,           0,         842,      -7.256196538,     0.01669681856,      0.3680331322,    0.006836421911
          0,           0,         843,      -7.263312355,     0.01669041926,      0.3680518355,    0.006817511821
          0,           0,         844,      -7.267653545,     0.01668139173,      0.3680591076,    0.006790894618
          0,           0,         845,      -7.273900582,     0.01666983363,      0.3680557341,    0.006757050443
          0,           0,         846,      -7.278752912,     0.01665584864,      0.3680424978,     0.00671649074
          0,           0,         847,      -7.283015609,     0.01663954804,      0.3680202016,    0.006669770558
          0,           0,         848,       -7.29077761,     0.01662105656,      0.3679896407,    0.006617477703
          0,           0,         849,      -7.293540219,     0.01660048846,      0.3679516093,    0.006560237689
          0,           0,         850,      -7.298682799,     0.01657792608,      0.3679067189,    0.006498581422
          0,           0,         851,      -7.296624021,     0.01655346164,      0.3678552521,     0.00643282665
          0,           0,         852,      -7.283331511,     0.01652718516,      0.3677972596,    0.006363141642
          0,           0,         853,      -7.294572396,     0.01649916704,      0.3677327565,    0.006289699751
          0,           0,         854,      -7.299089519,     0.01646945053,      0.3676617929,    0.006212746391
          0,           0,         855,      -7.300613638,     0.01643812312,      0.3675846545,    0.006132733171
          0,           0,         856,      -7.300823837,     0.01640538463,      0.3675018595,    0.006050301123
          0,           0,         857,      -7.299813697,     0.01637153782,      0.3674142041,    0.005966316774
          0,           0,         858,      -7.297996108,     0.01633691201,       0.367322654,    0.005881776408
          0,           0,         859,      -7.298403228,     0.01630179544,      0.3672280886,    0.005797600057
          0,           0,         860,      -7.298845817,     0.01626643091,      0.3671310658,    0.005714477408
          0,           0,         861,      -7.295091603,      0.0162310563,      0.3670319739,    0.005632973026
          0,           0,         862,      -7.296286749,     0.01619589236,      0.3669311358,    0.005553598817
          0,           0,         863,      -7.297551507,      0.0161611159,      0.3668287426,    0.005476756366
          0,           0,         864,      -7.294283094,     0.01612687636,      0.3667248633,    0.005402745395
          0,           0,         865,      -7.295700915,     0.01609333773,       0.366619421,    0.005331737181
          0,           0,         866,      -7.296515913,     0.01606065475,      0.3665121527,    0.005263741227
          0,           0,         867,      -7.293432077,     0.01602894839,      0.3664026578,    0.005198636207
          0,           0,         868,      -7.294374327,     0.01599835889,      0.3662906352,    0.005136344602
          0,           0,         869,      -7.292707989,     0.01596908282,      0.3661759767,    0.005076901417
          0,           0,         870,      -7.288595648,     0.01594136943,      0.3660588789,    0.005020537241
          0,           0,         871,      -7.283320052,     0.01591544761,      0.3659396857,    0.004967556646
          0,           0,         872,      -7.290119709,      0.0158915117,      0.3658188384,    0.004918298384
          0,           0,         873,      -7.285657084,     0.01586972238,      0.3656968856,    0.004873139779
          0,           0,         874,      -7.291437335,     0.01585018867,      0.3655743813,    0.004832417881
          0,           0,         875,      -7.292147068,     0.01583297859,      0.3654519047,    0.004796439362
          0,           0,         876,       -7.29280141,     0.01581811494,      0.3653300057,    0.004765442343
          0,           0,         877,       -7.29720214,     0.01580559823,      0.3652090395,    0.004739472862
          0,           0,         878,       -7.29524826,     0.01579542135,      0.3650890775,     0.00471832684
          0,           0,         879,      -7.297331702,     0.01578759064,      0.3649699761,    0.004701604066
          0,           0,         880,      -7.301640701,     0.01578210544,      0.3648515302,    0.004688819946
          0,           0,         881,      -7.298831559,      0.0157789304,      0.3647335848,    0.004679484755
          0,           0,         882,      -7.301849419,     0.01577798199,      0.3646160733,    0.004673133736
          0,           0,         883,      -7.303659019,     0.01577917833,      0.3644990715,    0.004669390285
          0,           0,         884,      -7.298571808,     0.01578249976,      0.3643828456,    0.004667991666
          0,           0,         885,      -7.305172307,     0.01578799095,      0.3642679542,    0.004668865573
          0,           0,         886,      -7.305599927,     0.01579568671,      0.3641550428,    0.004672000345
          0,           0,         887,      -7.302667991,     0.01580559747,      0.3640447849,    0.004677389778
          0,           0,         888,      -7.295497272,     0.01581767111,      0.3639378704,    0.004685010981
          0,           0,         889,      -7.310011022,     0.01583177999,       0.363834928,    0.004694767568
          0,           0,         890,      -7.302596754,      0.0158477458,      0.3637365747,    0.004706542332
          0,           0,         891,      -7.307851487,      0.0158653332,      0.3636435024,    0.004720274862
          0,           0,         892,       -7.31010002,     0.01588428761,      0.3635563388,    0.004735854541
          0,           0,         893,      -7.311280149,     0.01590434729,      0.3634755075,    0.004753052562
          0,           0,         894,      -7.314927127,     0.01592527856,      0.3634013028,    0.004771557946
          0,           0,         895,      -7.315376709,     0.01594690054,      0.3633338483,    0.004790952558
          0,           0,         896,       -7.31587231,     0.01596903676,      0.3632732434,    0.004810817451
          0,           0,         897,      -7.321672976,     0.01599145796,      0.3632195938,    0.004830758661
          0,           0,         898,      -7.317549971,     0.01601392198,      0.3631730171,    0.004850427242
          0,           0,         899,      -7.325243466,     0.01603627552,      0.3631339117,    0.004869717813
          0,           0,         900,      -7.329195288,     0.01605841631,      0.3631028318,    0.004888675767
          0,           0,         901,      -7.333939957,      0.0160802586,      0.3630803113,    0.004907367506
          0,           0,         902,      -7.338233822,     0.01610171277,      0.3630668924,    0.004925904849
          0,           0,         903,      -7.344058351,     0.01612266403,      0.3630631864,    0.004944493643
          0,           0,         904,      -7.347831677,     0.01614296501,      0.3630697216,    0.004963332373
          0,           0,         905,      -7.342693082,     0.01616241602,      0.3630869116,    0.004982569199
          0,           0,         906,      -7.357974615,     0.01618080071,      0.3631150308,    0.005002297706
          0,           0,         907,      -7.364756437,      0.0161978566,      0.3631540622,    0.005022440454
          0,           0,         908,      -7.367918944,     0.01621331076,       0.363203833,      0.0050428513
          0,           0,         909,      -7.382304447,     0.01622694937,      0.3632641083,    0.005063388223
          0,           0,         910,      -7.386517082,     0.01623858473,      0.3633346343,    0.005083945084
          0,           0,         911,      -7.392329511,      0.0162480187,       0.363414975,    0.005104323509
          0,           0,         912,      -7.398705068,     0.01625509829,      0.3635046093,    0.005124309735
          0,           0,         913,      -7.396816908,      0.0162597891,      0.3636032618,     0.00514391513
          0,           0,         914,      -7.419326965,     0.01626210795,      0.3637108634,    0.005163345877
          0,           0,         915,      -7.411267796,     0.01626208291,      0.3638273656,    0.005182865538
          0,           0,         916,       -7.43170223,     0.01625973824,      0.3639526911,    0.005202753902
          0,           0,         917,      -7.429787862,     0.01625508779,       0.364086761,    0.005223318595
          0,           0,         918,      -7.441690542,     0.01624813865,      0.3642293323,    0.005244785172
          0,           0,         919,      -7.440952884,      0.0162388869,      0.3643800878,    0.005267352209
          0,           0,         920,       -7.44103214,     0.01622731213,      0.3645387247,    0.005291262221
          0,           0,         921,       -7.42461431,      0.0162133703,      0.3647046751,    0.005316590342
          0,           0,         922,      -7.324207245,     0.01619701282,      0.3648769338,    0.005343121831
          0,           0,         923,      -7.347885963,     0.01617824264,      0.3650543366,    0.005370540874
          0,           0,         924,      -7.373635582,     0.01615706938,      0.3652355756,    0.005398437696
          0,           0,         925,      -7.402763258,     0.01613350232,      0.3654193094,    0.005426381186
          0,           0,         926,      -7.403499358,     0.01610763662,       0.365604392,    0.005454090709
          0,           0,         927,      -7.392678653,      0.0160796686,      0.3657900739,    0.005481579447
          0,           0,         928,      -7.398673846,     0.01604981246,      0.3659758584,    0.005509040081
          0,           0,         929,       -7.37363138,     0.01601826617,      0.3661613184,    0.005536708722
          0,           0,         930,      -7.385856297,     0.01598522586,      0.3663460497,    0.005564826658
          0,           0,         931,      -7.371543525,     0.01595087127,       0.366529547,    0.005593549157
          0,           0,         932,      -7.379851238,     0.01591538399,       0.366711241,    0.005622963937
          0,           0,         933,      -7.361775512,     0.01587898439,      0.3668905451,     0.00565312628
          0,           0,         934,      -7.370326244,     0.01584187873,      0.3670667416,    0.005683969096
          0,           0,         935,      -7.352286012,     0.01580422835,      0.3672389203,    0.005715251446
          0,           0,         936,      -7.348967907,     0.01576619031,      0.3674060576,    0.005746617911
          0,           0,         937,      -7.342483222,     0.01572790349,      0.3675671019,    0.005777658567
          0,           0,         938,      -7.342720037,     0.01568950467,      0.3677210918,    0.005807995757
          0,           0,         939,      -7.329686704,     0.01565115827,      0.3678671242,    0.005837259705
          0,           0,         940,      -7.331547698,     0.01561304539,      0.3680041908,       0.005864964
          0,           0,         941,      -7.323105864,      0.0155753536,      0.3681313449,    0.005890628927
          0,           0,         942,       -7.32171085,     0.01553829544,      0.3682478481,    0.005913894372
          0,           0,         943,       -7.31823913,     0.01550213574,       0.368353391,     0.00593469101
          0,           0,         944,      -7.328154315,     0.01546714701,      0.3684479283,    0.005953101648
          0,           0,         945,      -7.318731401,     0.01543358093,      0.3685315066,    0.005969232493
          0,           0,         946,      -7.329618734,       0.015401678,      0.3686042337,    0.005983198212
          0,           0,         947,      -7.324734141,     0.01537161992,      0.3686662413,    0.005995094122
          0,           0,         948,      -7.342259286,     0.01534354355,      0.3687177174,      0.0060050226
          0,           0,         949,       -7.33515237,     0.01531758146,      0.3687589016,    0.006013091308
          0,           0,         950,      -7.354214576,     0.01529384431,      0.3687898976,     0.00601927152
          0,           0,         951,      -7.352458878,     0.01527242871,      0.3688105495,    0.006023313614
          0,           0,         952,      -7.368760193,     0.01525341559,      0.3688205911,    0.006024859107
          0,           0,         953,      -7.365845958,     0.01523682432,      0.3688198083,    0.006023567437
          0,           0,         954,      -7.371799273,     0.01522263356,       0.368808159,      0.0060191995
          0,           0,         955,      -7.377543867,     0.01521082017,       0.368785663,    0.006011534325
          0,           0,         956,      -7.386562782,     0.01520136108,      0.3687522578,    0.006000270442
          0,           0,         957,      -7.395283452,      0.0151942631,      0.3687079674,    0.005985152491
          0,           0,         958,      -7.401716321,      0.0151895841,      0.3686531033,     0.00596613891
          0,           0,         959,      -7.406611797,     0.01518738614,      0.3685882643,    0.005943397379
          0,           0,         960,      -7.423444429,     0.01518770464,      0.3685142202,    0.005917208606
          0,           0,         961,      -7.422638754,     0.01519054884,      0.3684318672,    0.005887933944
          0,           0,         962,      -7.451814676,     0.01519585668,      0.3683421929,    0.005855979591
          0,           0,         963,      -7.440991572,     0.01520352582,      0.3682462567,    0.005821798848
          0,           0,         964,      -7.472458519,     0.01521346492,      0.3681451158,    0.005785856295
          0,           0,         965,      -7.461960319,     0.01522555268,      0.3680396354,    0.005748470279
          0,           0,         966,      -7.492374192,     0.01523963214,      0.3679304094,    0.005709763328
          0,           0,         967,      -7.491138642,       0.015255519,      0.3678177512,    0.005669672639
          0,           0,         968,      -7.512598203,     0.01527298987,      0.3677019064,    0.005628089929
          0,           0,         969,      -7.498087809,     0.01529176474,      0.3675831879,     0.00558496339
          0,           0,         970,      -7.502091314,     0.01531156912,      0.3674620441,    0.005540354122
          0,           0,         971,      -7.480996506,     0.01533223096,      0.3673390605,    0.005494412245
          0,           0,         972,      -7.489235672,     0.01535365234,      0.3672148632,    0.005447354914
          0,           0,         973,      -7.491613472,     0.01537572515,      0.3670900476,    0.005399395681
          0,           0,         974,      -7.493220561,     0.01539828516,      0.3669652544,    0.005350795164
          0,           0,         975,      -7.471328414,     0.01542115453,      0.3668412455,    0.005301923471
          0,           0,         976,      -7.500056557,     0.01544413041,      0.3667188565,    0.005253219148
          0,           0,         977,      -7.473813468,     0.01546699926,      0.3665990586,    0.005205239561
          0,           0,         978,      -7.497249136,     0.01548954933,       0.366482964,    0.005158666511
          0,           0,         979,      -7.464419237,      0.0155115388,      0.3663715207,    0.005114076596
          0,           0,         980,      -7.488855416,     0.01553271315,      0.3662653057,    0.005071787569
          0,           0,         981,      -7.474096408,     0.01555284323,       0.366164428,    0.005031786386
          0,           0,         982,      -7.480815142,     0.01557171608,      0.3660687824,    0.004993917827
          0,           0,         983,      -7.463149507,     0.01558907674,        0.36597821,    0.004958001516
          0,           0,         984,      -7.462023421,     0.01560468519,        0.36589266,    0.004923953627
          0,           0,         985,      -7.447952582,      0.0156183692,      0.3658123542,    0.004891909991
          0,           0,         986,      -7.437262017,     0.01563007387,      0.3657378108,     0.00486224433
          0,           0,         987,      -7.432202347,     0.01563980313,      0.3656694285,    0.004835255444
          0,           0,         988,      -7.430771227,     0.01564754684,      0.3656073501,    0.004811059421
          0,           0,         989,       -7.41340713,     0.01565327823,      0.3655516135,     0.00478969784
          0,           0,         990,      -7.429404316,     0.01565693046,      0.3655022618,    0.004771218778
          0,           0,         991,      -7.419146654,     0.01565844058,      0.3654595387,    0.004755815468
          0,           0,         992,      -7.412888724,     0.01565777031,      0.3654239257,    0.004743856814
          0,           0,         993,      -7.417449595,     0.01565486991,      0.3653958658,    0.004735688691
          0,           0,         994,       -7.40223057,     0.01564967942,      0.3653755248,    0.004731449917
          0,           0,         995,      -7.423384643,      0.0156421569,      0.3653627303,    0.004731034279
          0,           0,         996,      -7.410715684,     0.01563227241,      0.3653569613,    0.004734088042
          0,           0,         997,      -7.413143473,      0.0156200264,      0.3653575092,    0.004740123615
          0,           0,         998,      -7.409617702,     0.01560546157,      0.3653636948,    0.004748679343
          0,           0,         999,      -7.408991338,     0.01558869694,      0.3653752278,     0.00475956351
          0,           0,        1000,      -7.404402224,     0.01556987943,      0.3653920691,    0.004772815394
          0,           0,        1001,      -7.408844319,     0.01554918956,      0.3654143156,    0.004788581269
          0,           0,        1002,      -7.409859199,     0.01552682534,      0.3654420456,    0.004806975627
          0,           0,        1003,       -7.40142649,     0.01550297839,      0.3654750514,    0.004827894739
          0,           0,        1004,      -7.407236246,     0.01547783434,      0.3655128648,    0.004851047506
          0,           0,        1005,      -7.419825093,     0.01545158429,      0.3655551284,     0.00487622761
          0,           0,        1006,      -7.406673158,     0.01542443015,       0.365601716,    0.004903395096
          0,           0,        1007,      -7.430181446,     0.01539651058,       0.365652502,     0.00493250393
          0,           0,        1008,      -7.424310025,     0.01536796531,      0.3657072568,    0.004963421297
          0,           0,        1009,      -7.429439229,     0.01533893669,      0.3657655577,    0.004995862967
          0,           0,        1010,      -7.444835521,     0.01530956647,      0.3658268288,    0.005029423056
          0,           0,        1011,       -7.44282351,     0.01527998312,      0.3658903261,    0.005063563896
          0,           0,        1012,      -7.445409428,     0.01525031575,      0.3659553167,    0.005097766969
          0,           0,        1013,       -7.45088762,      0.0152207693,      0.3660213798,    0.005131750088
          0,           0,        1014,      -7.456066949,     0.01519163734,      0.3660884399,     0.00516547047
          0,           0,        1015,      -7.457779698,     0.01516322693,      0.3661564819,    0.005198928765
          0,           0,        1016,      -7.456516532,     0.01513582998,      0.3662255562,    0.005232172311
          0,           0,        1017,      -7.469240177,     0.01510967173,      0.3662956762,    0.005265217747
          0,           0,        1018,      -7.473471973,     0.01508494961,      0.3663667249,    0.005297983268
          0,           0,        1019,      -7.470241084,     0.01506188287,      0.3664385253,    0.005330343534
          0,           0,        1020,      -7.492396261,     0.01504064312,      0.3665108532,    0.005362137466
          0,           0,        1021,      -7.486233033,     0.01502130289,      0.3665833846,     0.00539312832
          0,           0,        1022,      -7.502232143,     0.01500390337,      0.3666557746,    0.005423065681
          0,           0,        1023,      -7.509695627,     0.01498848837,      0.3667276194,    0.005451657887
          0,           0,        1024,      -7.513743494,     0.01497510644,      0.3667984738,    0.005478585774
          0,           0,        1025,      -7.526996356,     0.01496378336,      0.3668678935,    0.005503533877
          0,           0,        1026,      -7.528192868,     0.01495448201,      0.3669354768,    0.005526220744
          0,           0,        1027,      -7.520692295,     0.01494714145,      0.3670009568,    0.005546470842
          0,           0,        1028,      -7.519369394,     0.01494178748,      0.3670643758,    0.005564347945
          0,           0,        1029,      -7.522513085,     0.01493849171,      0.3671259868,    0.005580080998
          0,           0,        1030,      -7.514085295,     0.01493730474,      0.3671860803,    0.005593930823
          0,           0,        1031,      -7.509020297,     0.01493825898,      0.3672449294,    0.005606155055
          0,           0,        1032,       -7.52245911,      0.0149413361,      0.3673026459,    0.005616908331
          0,           0,        1033,      -7.508640207,     0.01494650372,      0.3673591706,    0.005626205167
          0,           0,        1034,      -7.503024435,     0.01495373754,      0.3674144219,    0.005634041488
          0,           0,        1035,      -7.515165679,     0.01496294675,      0.3674683434,    0.005640443406
          0,           0,        1036,      -7.505429349,     0.01497394916,      0.3675208571,    0.005645435768
          0,           0,        1037,      -7.507736697,     0.01498653492,      0.3675718731,     0.00564904122
          0,           0,        1038,      -7.497238704,     0.01500049927,      0.3676212732,    0.005651266377
          0,           0,        1039,      -7.510483382,     0.01501565507,      0.3676688605,    0.005652065951
          0,           0,        1040,      -7.511667829,     0.01503179311,      0.3677143372,    0.005651316558
          0,           0,        1041,      -7.504741314,     0.01504866544,      0.3677573398,    0.005648842605
          0,           0,        1042,      -7.487312134,     0.01506602045,       0.367797585,    0.005644529511
          0,           0,        1043,      -7.479624074,     0.01508370694,       0.367835224,    0.005638601265
          0,           0,        1044,      -7.490848615,     0.01510161661,      0.3678706036,     0.00563142927
          0,           0,        1045,      -7.478581019,     0.01511964065,      0.3679041006,    0.005623402562
          0,           0,        1046,      -7.472453954,     0.01513767569,      0.3679360324,    0.005614871715
          0,           0,        1047,      -7.487270664,     0.01515559683,      0.3679665581,    0.005606062598
          0,           0,        1048,      -7.495960943,     0.01517328544,      0.3679957019,      0.0055970774
          0,           0,        1049,      -7.479421706,      0.0151906306,      0.3680234879,    0.005588036141
          0,           0,        1050,      -7.496394263,      0.0152074917,       0.368049906,    0.005579033736
          0,           0,        1051,      -7.507880843,     0.01522367382,      0.3680748348,    0.005570077856
          0,           0,        1052,      -7.510518889,     0.01523896105,       0.368098011,    0.005561065476
          0,           0,        1053,      -7.529882035,     0.01525316437,      0.3681191697,    0.005551889284
          0,           0,        1054,      -7.504244642,     0.01526608525,      0.3681379051,    0.005542331436
          0,           0,        1055,      -7.523219465,     0.01527750626,      0.3681537074,    0.005532091075
          0,           0,        1056,      -7.535302422,     0.01528723107,      0.3681660837,    0.005520873707
          0,           0,        1057,      -7.533658492,     0.01529518008,      0.3681748906,    0.005508642398
          0,           0,        1058,      -7.536364313,     0.01530132364,      0.3681802382,     0.00549554313
          0,           0,        1059,      -7.546520616,     0.01530561602,      0.3681824387,    0.005481864141
          0,           0,        1060,      -7.538988717,     0.01530800269,      0.3681820156,    0.005468042394
          0,           0,        1061,       -7.53996489,     0.01530841362,      0.3681795113,    0.005454518186
          0,           0,        1062,      -7.542546769,     0.01530681564,      0.3681753444,      0.0054416313
          0,           0,        1063,      -7.552878328,     0.01530323862,      0.3681698755,    0.005429668158
          0,           0,        1064,      -7.564982819,     0.01529770794,      0.3681633491,    0.005418818102
          0,           0,        1065,      -7.559776653,     0.01529021822,      0.3681558568,    0.005409146781
          0,           0,        1066,      -7.559686164,     0.01528076615,      0.3681472971,    0.005400564987
          0,           0,        1067,      -7.555169778,     0.01526937669,      0.3681374418,    0.005392877774
          0,           0,        1068,      -7.578665277,     0.01525609923,      0.3681259105,      0.0053857591
          0,           0,        1069,      -7.571789633,      0.0152409373,      0.3681122444,    0.005378829252
          0,           0,        1070,      -7.573650876,     0.01522394373,      0.3680959044,    0.005371657612
          0,           0,        1071,      -7.566379407,     0.01520526392,      0.3680767771,    0.005364110354
          0,           0,        1072,      -7.558724966,     0.01518509571,      0.3680551206,    0.005356319054
          0,           0,        1073,      -7.547780984,     0.01516362462,      0.3680313817,    0.005348550959
          0,           0,        1074,      -7.528491132,     0.01514099949,      0.3680060509,    0.005341103337
          0,           0,        1075,      -7.525989512,     0.01511737293,      0.3679796456,    0.005334286891
          0,           0,        1076,       -7.54159898,      0.0150929106,      0.3679525717,    0.005328326644
          0,           0,        1077,      -7.535578176,     0.01506783611,      0.3679250425,    0.005323300135
          0,           0,        1078,       -7.51503017,     0.01504245102,      0.3678971494,    0.005319190865
          0,           0,        1079,      -7.541091958,     0.01501705139,      0.3678687943,    0.005315835985
          0,           0,        1080,      -7.535037621,     0.01499187431,      0.3678397297,     0.00531295484
          0,           0,        1081,      -7.545419821,      0.0149670735,      0.3678096931,    0.005310248807
          0,           0,        1082,      -7.544300653,     0.01494275822,      0.3677783105,    0.005307332213
          0,           0,        1083,      -7.525179653,     0.01491907041,      0.3677452445,    0.005303844282
          0,           0,        1084,      -7.533235961,     0.01489608275,      0.3677102365,    0.005299478833
          0,           0,        1085,      -7.529420189,     0.01487388478,      0.3676731335,    0.005294007265
          0,           0,        1086,      -7.527574307,     0.01485257991,        0.36763408,    0.005287422843
          0,           0,        1087,      -7.520127425,     0.01483227085,       0.367593504,    0.005279929264
          0,           0,        1088,      -7.520773648,     0.01481309328,      0.3675520727,    0.005271909399
          0,           0,        1089,      -7.524246877,     0.01479517259,       0.367510512,    0.005263789555
          0,           0,        1090,      -7.514834888,     0.01477860185,      0.3674695292,    0.005255982085
          0,           0,        1091,      -7.513033071,     0.01476349156,      0.3674297458,    0.005248837758
          0,           0,        1092,      -7.515663326,     0.01474996225,      0.3673916233,    0.005242590754
          0,           0,        1093,       -7.53186181,     0.01473809969,      0.3673554538,    0.005237350476
          0,           0,        1094,      -7.532829961,     0.01472791933,      0.3673213819,    0.005233118379
          0,           0,        1095,      -7.533693722,     0.01471942823,      0.3672894071,    0.005229792232
          0,           0,        1096,       -7.52746274,     0.01471260593,      0.3672593328,    0.005227127769
          0,           0,        1097,      -7.560919446,     0.01470740925,       0.367230827,    0.005224784316
          0,           0,        1098,      -7.551450991,     0.01470379523,       0.367203519,    0.005222397643
          0,           0,        1099,       -7.54882485,     0.01470172364,      0.3671770994,    0.005219656584
          0,           0,        1100,      -7.556324357,     0.01470117051,      0.3671516538,    0.005216551414
          0,           0,        1101,      -7.566367941,     0.01470213315,      0.3671275665,     0.00521330105
          0,           0,        1102,      -7.565461506,     0.01470456944,      0.3671053529,    0.005210228575
          0,           0,        1103,      -7.549025803,     0.01470842087,      0.3670856084,    0.005207720679
          0,           0,        1104,      -7.551039962,     0.01471359394,      0.3670688774,    0.005206132315
          0,           0,        1105,       -7.55604035,     0.01472000129,      0.3670555391,    0.005205703559
          0,           0,        1106,       -7.58471941,     0.01472764473,      0.3670457663,     0.00520652743
          0,           0,        1107,      -7.593151918,     0.01473659382,      0.3670394585,    0.005208501806
          0,           0,        1108,      -7.610821697,     0.01474690524,       0.367036304,    0.005211373384
          0,           0,        1109,      -7.602533005,     0.01475853982,      0.3670358634,    0.005214797804
          0,           0,        1110,      -7.597506217,     0.01477133328,      0.3670379038,    0.005218590714
          0,           0,        1111,      -7.633226825,     0.01478503447,      0.3670421902,    0.005222570362
          0,           0,        1112,      -7.637298365,     0.01479942584,      0.3670484077,    0.005226502271
          0,           0,        1113,      -7.631179917,     0.01481422042,      0.3670563329,    0.005230222305
          0,           0,        1114,      -7.622278709,     0.01482913786,      0.3670658308,    0.005233638289
          0,           0,        1115,      -7.632938385,     0.01484398361,      0.3670770046,    0.005236842711
          0,           0,        1116,      -7.616910117,     0.01485862193,      0.3670899988,    0.005239965284
          0,           0,        1117,      -7.611813199,     0.01487293697,       0.367104932,    0.005243121585
          0,           0,        1118,      -7.605006447,     0.01488683118,      0.3671218752,    0.005246397497
          0,           0,        1119,       -7.61333247,      0.0149002339,       0.367140962,    0.005249932438
          0,           0,        1120,      -7.633096828,     0.01491305355,      0.3671623921,     0.00525391814
          0,           0,        1121,      -7.608807433,     0.01492517644,      0.3671863638,    0.005258547358
          0,           0,        1122,      -7.620876493,     0.01493652257,       0.367213111,    0.005264045074
          0,           0,        1123,       -7.63369109,     0.01494702481,         0.3672428,    0.005270590181
          0,           0,        1124,      -7.647468346,     0.01495659963,      0.3672754429,    0.005278249914
          0,           0,        1125,      -7.668268808,     0.01496512099,      0.3673108412,     0.00528693759
          0,           0,        1126,      -7.661461108,     0.01497246143,      0.3673486961,    0.005296495854
          0,           0,        1127,      -7.651989741,     0.01497846557,      0.3673885259,    0.005306633482
          0,           0,        1128,      -7.647657479,     0.01498296043,      0.3674297465,     0.00531698572
          0,           0,        1129,      -7.637019331,     0.01498580618,      0.3674718915,     0.00532727919
          0,           0,        1130,      -7.624503948,     0.01498699735,       0.367514778,    0.005337460021
          0,           0,        1131,      -7.623102492,     0.01498658368,      0.3675584399,    0.005347638765
          0,           0,        1132,      -7.607528285,     0.01498464524,      0.3676028076,    0.005357849529
          0,           0,        1133,      -7.610963425,     0.01498126787,      0.3676478161,    0.005368129272
          0,           0,        1134,      -7.641105791,      0.0149764982,      0.3676934081,    0.005378518565
          0,           0,        1135,      -7.617890752,     0.01497039971,      0.3677395329,    0.005389062243
          0,           0,        1136,      -7.629147333,      0.0149630763,      0.3677861293,    0.005399798138
          0,           0,        1137,       -7.63644423,       0.014954648,      0.3678330629,    0.005410708988
          0,           0,        1138,      -7.650210126,     0.01494523706,      0.3678801445,    0.005421735097
          0,           0,        1139,      -7.671586489,     0.01493492461,      0.3679270932,    0.005432748196
          0,           0,        1140,      -7.662024725,     0.01492375946,      0.3679736083,    0.005443605214
          0,           0,        1141,      -7.657436032,     0.01491172372,      0.3680192891,    0.005454086397
          0,           0,        1142,      -7.652403748,     0.01489874793,      0.3680636147,    0.005463879879
          0,           0,        1143,      -7.648272704,     0.01488490771,      0.3681060748,    0.005472684868
          0,           0,        1144,      -7.643757111,     0.01487030366,      0.3681465132,    0.005480464296
          0,           0,        1145,      -7.628610202,     0.01485507672,      0.3681849363,    0.005487301411
          0,           0,        1146,      -7.621265388,      0.0148394116,      0.3682214816,    0.005493375923
          0,           0,        1147,      -7.653888356,     0.01482347456,      0.3682563555,    0.005498913645
          0,           0,        1148,      -7.667142765,     0.01480740127,      0.3682897062,    0.005504093437
          0,           0,        1149,      -7.666353553,     0.01479131567,      0.3683216624,    0.005509075312
          0,           0,        1150,      -7.693066022,     0.01477533157,      0.3683523105,    0.005513983521
          0,           0,        1151,      -7.668656756,     0.01475957231,      0.3683816307,    0.005518858796
          0,           0,        1152,      -7.681909162,     0.01474414545,      0.3684095106,    0.005523667934
          0,           0,        1153,      -7.714273783,     0.01472912927,      0.3684358051,    0.005528347274
          0,           0,        1154,      -7.710924239,     0.01471456372,      0.3684603363,    0.005532802823
          0,           0,        1155,      -7.713819073,     0.01470044516,      0.3684828575,    0.005536883075
          0,           0,        1156,      -7.699637535,     0.01468672602,      0.3685029475,    0.005540299481
          0,           0,        1157,      -7.689730302,     0.01467337534,      0.3685202044,    0.005542772985
          0,           0,        1158,      -7.675325179,     0.01466041514,      0.3685344524,    0.005544189735
          0,           0,        1159,        -7.6680678,      0.0146480073,      0.3685459374,    0.005544749474
          0,           0,        1160,      -7.662505283,     0.01463633651,      0.3685548974,    0.005544641556
          0,           0,        1161,       -7.68145144,     0.01462556724,       0.368561478,    0.005543980256
          0,           0,        1162,      -7.708058961,     0.01461581376,      0.3685656494,    0.005542741134
          0,           0,        1163,      -7.718362386,     0.01460714556,      0.3685672708,    0.005540810228
          0,           0,        1164,      -7.729287915,     0.01459961981,      0.3685663481,    0.005538177372
          0,           0,        1165,      -7.731902878,     0.01459325835,      0.3685630984,    0.005534983817
          0,           0,        1166,      -7.746033069,     0.01458805186,      0.3685579048,    0.005531489058
          0,           0,        1167,      -7.755951419,     0.01458396616,      0.3685512038,    0.005527986836
          0,           0,        1168,      -7.771180922,     0.01458093643,       0.368543363,    0.005524713929
          0,           0,        1169,      -7.757651081,     0.01457886016,      0.3685345663,    0.005521764948
          0,           0,        1170,        -7.7542481,     0.01457761573,       0.368524682,    0.005518994733
          0,           0,        1171,      -7.744419377,     0.01457706268,      0.3685132902,    0.005516038279
          0,           0,        1172,      -7.737330298,     0.01457709456,       0.368499939,    0.005512504822
          0,           0,        1173,      -7.706208542,     0.01457771456,      0.3684843565,    0.005508138055
          0,           0,        1174,        -7.7010253,      0.0145790091,      0.3684666468,    0.005502961333
          0,           0,        1175,      -7.733185936,     0.01458104837,      0.3684470551,    0.005497098712
          0,           0,        1176,      -7.734705983,     0.01458387827,      0.3684258968,    0.005490722921
          0,           0,        1177,      -7.757553539,      0.0145874832,      0.3684034902,    0.005484004064
          0,           0,        1178,      -7.765495577,     0.01459178602,      0.3683801263,    0.005477088204
          0,           0,        1179,      -7.759092716,     0.01459671495,      0.3683561708,    0.005470175979
          0,           0,        1180,      -7.775381158,     0.01460218283,      0.3683320395,    0.005463505049
          0,           0,        1181,      -7.782162988,     0.01460807933,      0.3683081604,    0.005457320444
          0,           0,        1182,      -7.793111302,     0.01461430693,      0.3682849268,    0.005451841792
          0,           0,        1183,      -7.785852435,      0.0146207364,      0.3682625156,    0.005447126834
          0,           0,        1184,      -7.776653906,     0.01462723197,      0.3682408727,    0.005443061491
          0,           0,        1185,      -7.767573657,     0.01463366465,      0.3682196663,     0.00543932606
          0,           0,        1186,      -7.756096846,     0.01463989446,      0.3681983654,    0.005435453334
          0,           0,        1187,      -7.738787266,     0.01464579275,       0.368176497,    0.005431021943
          0,           0,        1188,      -7.747785925,     0.01465133522,      0.3681539965,    0.005425920286
          0,           0,        1189,      -7.767326731,     0.01465655545,      0.3681311594,    0.005420309443
          0,           0,        1190,      -7.745436149,     0.01466152152,      0.3681084851,    0.005414506607
          0,           0,        1191,      -7.731860652,     0.01466629091,      0.3680864762,    0.005408833796
          0,           0,        1192,      -7.755683684,     0.01467085911,      0.3680655074,    0.005403519459
          0,           0,        1193,      -7.756441134,     0.01467515542,      0.3680457915,    0.005398673111
          0,           0,        1194,      -7.761696922,     0.01467909276,      0.3680274226,    0.005394319285
          0,           0,        1195,      -7.771790169,     0.01468261845,      0.3680104689,    0.005390468796
          0,           0,        1196,      -7.768799857,     0.01468571094,      0.3679950718,    0.005387192539
          0,           0,        1197,        -7.7837498,     0.01468833283,      0.3679813479,    0.005384546627
          0,           0,        1198,       -7.76894797,     0.01469041533,      0.3679693272,    0.005382526204
          0,           0,        1199,      -7.750212739,      0.0146918478,      0.3679588825,    0.005381011729
          0,           0,        1200,      -7.757040143,     0.01469253941,      0.3679497688,    0.005379801219
          0,           0,        1201,      -7.747416688,     0.01469245318,      0.3679417166,    0.005378680405
          0,           0,        1202,      -7.759834203,     0.01469162511,      0.3679345466,    0.005377508962
          0,           0,        1203,      -7.753319444,     0.01469013128,       0.367928262,    0.005376287564
          0,           0,        1204,      -7.750817437,     0.01468807353,      0.3679230904,    0.005375188602
          0,           0,        1205,      -7.767388595,     0.01468554814,      0.3679193867,    0.005374483475
          0,           0,        1206,      -7.771231392,     0.01468263884,      0.3679174327,    0.005374391818
          0,           0,        1207,      -7.763911605,     0.01467941486,      0.3679173473,    0.005375015026
          0,           0,        1208,      -7.790048315,     0.01467588756,      0.3679189592,    0.005376238916
          0,           0,        1209,       -7.78991605,     0.01467203038,      0.3679219007,    0.005377803683
          0,           0,        1210,      -7.799920471,     0.01466779188,      0.3679258977,    0.005379521726
          0,           0,        1211,      -7.809902714,     0.01466315868,      0.3679310875,    0.005381516383
          0,           0,        1212,      -7.812663214,     0.01465813617,      0.3679378355,    0.005384084226
          0,           0,        1213,      -7.819090057,     0.01465270907,      0.3679463153,    0.005387380253
          0,           0,        1214,      -7.767118805,     0.01464687841,      0.3679564267,    0.005391357987
          0,           0,        1215,      -7.795981719,     0.01464066665,      0.3679677825,    0.005395759679
          0,           0,        1216,      -7.775883543,     0.01463413396,      0.3679799125,    0.005400269021
          0,           0,        1217,      -7.798309368,     0.01462736206,      0.3679925858,    0.005404750696
          0,           0,        1218,        -7.7973178,     0.01462042193,      0.3680057351,    0.005409192325
          0,           0,        1219,      -7.792839965,     0.01461340062,      0.3680194727,    0.005413716854
          0,           0,        1220,      -7.823350029,     0.01460644889,       0.368034226,    0.005418684928
          0,           0,        1221,      -6.158885237,      0.0145999435,      0.3680497856,    0.005423986429
          0,           0,        1222,      -7.076719216,     0.01459254692,      0.3680654903,    0.005429127118
          0,           0,        1223,      -7.213287921,     0.01458422404,       0.368080626,    0.005433607149
          0,           0,        1224,      -7.322165668,     0.01457613961,      0.3680951846,    0.005437486443
          0,           0,        1225,      -7.413747271,     0.01456786274,       0.368109836,    0.005441288385
          0,           0,        1226,      -6.839889616,     0.01455959515,      0.3681255329,     0.00544576115
          0,           0,        1227,      -6.990522298,      0.0145519417,       0.368142942,    0.005451446034
          0,           0,        1228,      -6.987348146,     0.01454522045,      0.3681621974,    0.005458475051
          0,           0,        1229,      -7.166464756,     0.01454516826,      0.3681827658,    0.005466619575
          0,           0,        1230,      -6.208951685,     0.01454947223,      0.3682045635,    0.005475775163
          0,           0,        1231,      -6.394807394,     0.01454306461,      0.3682272453,    0.005485307835
          0,           0,        1232,      -5.826266345,     0.01452692003,      0.3682497436,     0.00549446032
          0,           0,        1233,      -6.061244028,     0.01450608752,       0.368271422,    0.005502905156
          0,           0,        1234,       -6.41890341,     0.01448731594,       0.368291896,     0.00551054841
          0,           0,        1235,      -6.649335254,     0.01451794048,      0.3683095961,    0.005517472875
          0,           0,        1236,      -5.290957368,      0.0145818522,      0.3683255314,    0.005524034205
          0,           0,        1237,      -5.493042979,     0.01461800357,      0.3683415356,    0.005530031411
          0,           0,        1238,      -5.185376271,     0.01461523397,      0.3683572532,     0.00553492833
          0,           0,        1239,      -5.466591856,     0.01442093201,      0.3683766417,    0.005537720352
          0,           0,        1240,      -4.724020776,     0.01411037037,      0.3683970755,    0.005538441512
          0,           0,        1241,      -4.930879294,     0.01395906761,      0.3684112355,    0.005538857569
          0,           0,        1242,       -4.50211551,     0.01399224471,      0.3684208846,     0.00554099042
          0,           0,        1243,      -4.710280241,     0.01420527858,      0.3684315283,    0.005548873889
          0,           0,        1244,      -4.273909069,     0.01446078089,      0.3684583939,    0.005570301563
          0,           0,        1245,      -4.485121742,     0.01508949819,      0.3685088595,    0.005619333493
          0,           0,        1246,      -4.021412256,     0.01651330982,      0.3686010822,    0.005720312478
          0,           0,        1247,      -3.585809679,     0.01741685097,      0.3687954418,    0.005883495052
          0,           0,        1248,      -3.848565871,     0.01758149022,      0.3691120251,    0.006117363995
          0,           0,        1249,      -4.204932425,      0.0171482828,      0.3695695241,    0.006438431785
          0,           0,        1250,      -4.923088839,     0.01646345615,      0.3701888378,    0.006869876893
          0,           0,        1251,      -4.963781674,     0.01587695609,      0.3709909985,    0.007434795507
          0,           0,        1252,       -5.05240482,     0.01554853696,      0.3720019507,    0.008154737126
          0,           0,        1253,      -5.181687796,     0.01547379937,      0.3732480208,    0.009047020569
          0,           0,        1254,      -5.298698175,     0.01559193668,      0.3747475721,     0.01012125279
          0,           0,        1255,      -5.372528146,     0.01584831091,       0.376515283,     0.01138417075
          0,           0,        1256,      -5.414730365,     0.01620653096,      0.3785332121,     0.01281852484
          0,           0,        1257,      -5.448292434,     0.01664524814,      0.3807503112,     0.01438285776
          0,           0,        1258,       -5.48572599,     0.01714916674,       0.383088364,       0.016015996
          0,           0,        1259,      -5.529422611,     0.01770321761,      0.3854458698,     0.01764019564
          0,           0,        1260,      -5.576702032,     0.01828902279,      0.3877098757,     0.01917024445
          0,           0,        1261,      -5.622778124,     0.01888510836,      0.3897721915,     0.02052552323
          0,           0,        1262,      -5.662618048,      0.0194677469,      0.3915387797,     0.02163727965
          0,           0,        1263,      -5.690905042,     0.02001268139,      0.3929289756,      0.0224483193
          0,           0,        1264,      -5.703428115,     0.02049581137,      0.3938840915,     0.02291909883
          0,           0,        1265,       -5.70143306,     0.02089267707,      0.3943726895,     0.02303123035
          0,           0,        1266,      -5.689672717,      0.0211821903,      0.3944019491,     0.02279556759
          0,           0,        1267,      -5.672717469,     0.02134736697,      0.3940110598,     0.02224669853
          0,           0,        1268,      -5.653573106,     0.02137790593,      0.3932549917,     0.02143076773
          0,           0,        1269,      -5.635177506,     0.02127323763,      0.3922100529,     0.02040871812
          0,           0,        1270,      -5.619272991,     0.02104350123,      0.3909614159,     0.01924642421
          0,           0,        1271,      -5.606624795,     0.02070290127,      0.3895734716,     0.01799419398
          0,           0,        1272,      -5.597372103,     0.02026879761,      0.3881026142,     0.01669581526
          0,           0,        1273,      -5.591368631,     0.01976053482,      0.3866006182,     0.01539055236
          0,           0,        1274,        -5.5882874,     0.01919923612,       0.385110995,     0.01411065495
          0,           0,        1275,       -5.58774246,     0.01860556264,      0.3836654485,     0.01287913653
          0,           0,        1276,      -5.589427925,     0.01799890271,      0.3822885386,     0.01171309105
          0,           0,        1277,      -5.593298583,      0.0173959666,      0.3809998107,     0.01062533429
          0,           0,        1278,      -5.599275203,     0.01680957419,       0.379806994,    0.009620556198
          0,           0,        1279,       -5.60732468,     0.01624941582,      0.3787118332,    0.008699195567
          0,           0,        1280,      -5.617977075,     0.01572301035,       0.377716513,    0.007861679758
          0,           0,        1281,      -5.632733794,     0.01523576761,      0.3768247094,    0.007109405998
          0,           0,        1282,      -5.651066134,     0.01479047629,      0.3760274424,    0.006434484516
          0,           0,        1283,      -5.672858802,     0.01438823599,       0.375316778,    0.005830163133
          0,           0,        1284,      -5.697763499,     0.01402811474,      0.3746758998,    0.005283498936
          0,           0,        1285,      -5.725004252,     0.01371118862,      0.3741114107,     0.00479944241
          0,           0,        1286,      -5.753378896,     0.01343617685,      0.3736176264,    0.004373891882
          0,           0,        1287,      -5.781341142,     0.01320154758,      0.3731881666,    0.004002213577
          0,           0,        1288,      -5.807126948,     0.01300473206,      0.3728154763,    0.003679026018
          0,           0,        1289,      -5.828816351,     0.01284289301,      0.3724949921,    0.003401374258
          0,           0,        1290,      -5.845199381,     0.01271272338,      0.3722188727,    0.003164023205
          0,           0,        1291,      -5.855105105,     0.01261067877,       0.371976899,    0.002959939936
          0,           0,        1292,      -5.859005044,     0.01253293743,      0.3717650213,    0.002786532895
          0,           0,        1293,       -5.85818277,     0.01247567449,      0.3715795798,     0.00264161005
          0,           0,        1294,      -5.854251581,     0.01243483793,      0.3714142786,    0.002521199869
          0,           0,        1295,      -5.848952766,      0.0124062112,      0.3712662736,    0.002423782257
          0,           0,        1296,      -5.843876389,     0.01238561017,      0.3711336783,    0.002348407969
          0,           0,        1297,      -5.840237654,     0.01236895377,      0.3710136126,     0.00229335557
          0,           0,        1298,      -5.838991071,     0.01235280474,      0.3709035981,    0.002257217506
          0,           0,        1299,      -5.840772267,     0.01233422952,      0.3708026469,    0.002239716656
          0,           0,        1300,      -5.845908516,     0.01231090613,      0.3707105538,    0.002241194205
          0,           0,        1301,      -5.854567452,     0.01228047862,      0.3706263245,    0.002261458844
          0,           0,        1302,      -5.866744469,     0.01224165892,      0.3705404165,    0.002293845759
          0,           0,        1303,      -5.882251299,      0.0121944039,      0.3704571988,    0.002342041592
          0,           0,        1304,      -5.900780015,     0.01213893162,       0.370377353,    0.002406960462
          0,           0,        1305,      -5.921848483,     0.01207660823,      0.3703020179,    0.002489859703
          0,           0,        1306,      -5.944811402,     0.01200922174,       0.370226004,    0.002587308478
          0,           0,        1307,      -5.968851975,     0.01193956965,      0.3701512838,     0.00270123856
          0,           0,        1308,      -5.993000942,      0.0118704904,       0.370072883,    0.002828471379
          0,           0,        1309,      -6.016191725,     0.01180558858,      0.3699915146,    0.002969914183
          0,           0,        1310,      -6.037364027,     0.01174845259,      0.3699050167,    0.003124144686
          0,           0,        1311,      -6.055640058,     0.01170287863,      0.3698112076,    0.003289444376
          0,           0,        1312,      -6.070474202,      0.0116718784,      0.3697058985,    0.003462324183
          0,           0,        1313,      -6.081738831,     0.01165856718,      0.3695891016,     0.00364204096
          0,           0,        1314,      -6.089733988,     0.01166545685,      0.3694601533,    0.003827121687
          0,           0,        1315,      -6.095052295,     0.01169460418,      0.3693188968,    0.004015724702
          0,           0,        1316,      -6.098472484,     0.01174686473,      0.3691654884,    0.004205427334
          0,           0,        1317,      -6.100784665,     0.01182229801,      0.3690012505,    0.004394154802
          0,           0,        1318,      -6.102661321,     0.01191978729,      0.3688277614,     0.00457958647
          0,           0,        1319,      -6.104653612,     0.01203738455,      0.3686487873,    0.004760582691
          0,           0,        1320,      -6.107158651,     0.01217243878,      0.3684693673,    0.004936638585
          0,           0,        1321,      -6.110398598,     0.01232119585,      0.3682944246,    0.005107029665
          0,           0,        1322,      -6.114478493,     0.01247917967,      0.3681284311,    0.005270640492
          0,           0,        1323,       -6.11945075,     0.01264108785,      0.3679751568,    0.005426062049
          0,           0,        1324,      -6.125218712,     0.01280141253,      0.3678380483,    0.005572102428
          0,           0,        1325,      -6.131681045,     0.01295479735,      0.3677206906,    0.005708327018
          0,           0,        1326,      -6.138661094,     0.01309612627,      0.3676270944,    0.005835467909
          0,           0,        1327,      -6.145989838,     0.01322144022,      0.3675565968,    0.005951821373
          0,           0,        1328,      -6.153511737,     0.01332771552,      0.3675100543,    0.006057934864
          0,           0,        1329,       -6.16110957,     0.01341310797,      0.3674884698,    0.006155554631
          0,           0,        1330,      -6.168664823,     0.01347688609,       0.367490213,    0.006245112883
          0,           0,        1331,       -6.17616815,     0.01351938607,      0.3675163008,    0.006328902975
          0,           0,        1332,      -6.183671828,     0.01354212095,      0.3675654816,    0.006408341007
          0,           0,        1333,      -6.191214288,     0.01354740159,      0.3676330599,    0.006483458441
          0,           0,        1334,      -6.198975482,     0.01353838998,      0.3677144555,    0.006555134545
          0,           0,        1335,      -6.207098846,     0.01351949778,      0.3678071505,    0.006625486015
          0,           0,        1336,      -6.215717971,     0.01349551824,      0.3679080381,    0.006695956011
          0,           0,        1337,      -6.224993454,      0.0134719231,      0.3680152176,    0.006768599467
          0,           0,        1338,      -6.235067351,     0.01345392029,       0.368124769,    0.006843409012
          0,           0,        1339,      -6.246021101,     0.01344642765,      0.3682341951,    0.006920670565
          0,           0,        1340,      -6.257942732,     0.01345352097,       0.368341274,    0.007000028181
          0,           0,        1341,      -6.270859322,     0.01347842881,      0.3684440423,    0.007080536563
          0,           0,        1342,      -6.284757326,     0.01352353309,      0.3685419108,    0.007161482778
          0,           0,        1343,       -6.29964051,     0.01359034586,      0.3686355073,    0.007242483103
          0,           0,        1344,      -6.315446767,     0.01367905785,      0.3687241712,    0.007322101144
          0,           0,        1345,       -6.33212959,     0.01378928712,      0.3688094535,    0.007399816162
          0,           0,        1346,      -6.349505467,     0.01391950428,      0.3688948292,     0.00747612696
          0,           0,        1347,      -6.367436036,     0.01406751368,       0.368983679,    0.007551193951
          0,           0,        1348,      -6.385758371,     0.01423029635,       0.369077025,    0.007623236981
          0,           0,        1349,      -6.404180413,     0.01440434316,      0.3691771089,    0.007691568408
          0,           0,        1350,      -6.422445503,     0.01458572592,      0.3692870271,     0.00775641806
          0,           0,        1351,      -6.440305162,     0.01477010721,      0.3694082282,    0.007817215298
          0,           0,        1352,      -6.457315167,      0.0149534376,      0.3695422138,    0.007873870244
          0,           0,        1353,      -6.473083714,     0.01513205491,      0.3696905649,    0.007926793494
          0,           0,        1354,      -6.487297275,     0.01530261753,      0.3698542948,    0.007976411917
          0,           0,        1355,      -6.499561331,     0.01546237739,      0.3700335588,    0.008022924717
          0,           0,        1356,      -6.509649772,      0.0156091266,      0.3702276153,    0.008066262595
          0,           0,        1357,      -6.517551212,     0.01574118939,       0.370435251,     0.00810634515
          0,           0,        1358,      -6.523196647,      0.0158576575,      0.3706555593,    0.008143563846
          0,           0,        1359,      -6.526751531,      0.0159583422,      0.3708878392,    0.008178643904
          0,           0,        1360,      -6.528486186,     0.01604358198,      0.3711306225,    0.008211851041
          0,           0,        1361,      -6.528797138,     0.01611440119,      0.3713836551,    0.008244360473
          0,           0,        1362,      -6.527890681,      0.0161720447,        0.37164611,    0.008276898621
          0,           0,        1363,      -6.526118764,      0.0162178185,      0.3719162185,    0.008309442127
          0,           0,        1364,      -6.523871265,     0.01625317295,      0.3721921375,    0.008341911178
          0,           0,        1365,      -6.521219215,     0.01627962311,      0.3724721912,    0.008374224259
          0,           0,        1366,      -6.518397823,     0.01629866916,      0.3727543885,    0.008405861857
          0,           0,        1367,      -6.515531518,     0.01631172644,      0.3730372958,    0.008436502026
          0,           0,        1368,      -6.512591698,     0.01632007926,      0.3733206884,      0.0084666171
          0,           0,        1369,      -6.509590259,     0.01632480018,      0.3736040667,    0.008496234899
          0,           0,        1370,      -6.506623859,      0.0163267348,      0.3738866844,    0.008524995417
          0,           0,        1371,      -6.503558869,     0.01632652958,      0.3741678415,    0.008552417011
          0,           0,        1372,      -6.500459326,     0.01632465302,      0.3744476098,    0.008578435934
          0,           0,        1373,      -6.497283319,     0.01632123209,      0.3747252243,    0.008602402283
          0,           0,        1374,      -6.494079281,     0.01631618655,      0.3749993523,    0.008623350713
          0,           0,        1375,      -6.490826124,     0.01630932414,      0.3752689025,    0.008640606846
          0,           0,        1376,      -6.487638583,     0.01630034141,      0.3755329712,    0.008653748664
          0,           0,        1377,      -6.484591976,      0.0162889479,      0.3757905632,    0.008662375493
          0,           0,        1378,      -6.481783892,     0.01627480996,      0.3760408195,    0.008666287461
          0,           0,        1379,      -6.479246955,     0.01625759105,        0.37628326,    0.008665627792
          0,           0,        1380,       -6.47706406,     0.01623697718,      0.3765172853,    0.008660490264
          0,           0,        1381,       -6.47533479,     0.01621264441,      0.3767424599,    0.008651073851
          0,           0,        1382,      -6.474051486,      0.0161842833,      0.3769586383,    0.008637810036
          0,           0,        1383,       -6.47326068,     0.01615155515,      0.3771651348,    0.008620753214
          0,           0,        1384,      -6.473010625,     0.01611416823,      0.3773616144,    0.008600194009
          0,           0,        1385,      -6.473274027,      0.0160718582,      0.3775479605,    0.008576530895
          0,           0,        1386,      -6.474037996,      0.0160243813,       0.377723623,    0.008549784546
          0,           0,        1387,      -6.475326019,     0.01597153574,      0.3778876347,    0.008519636386
          0,           0,        1388,      -6.477073454,     0.01591319206,      0.3780390156,     0.00848574999
          0,           0,        1389,      -6.479279306,     0.01584938906,      0.3781768941,     0.00844785315
          0,           0,        1390,      -6.481895425,     0.01578026026,      0.3783008257,    0.008405978078
          0,           0,        1391,      -6.484918994,     0.01570591972,      0.3784101345,    0.008359989529
          0,           0,        1392,      -6.488309699,     0.01562669188,      0.3785048886,    0.008310274741
          0,           0,        1393,      -6.492069563,     0.01554287813,      0.3785847651,    0.008256937504
          0,           0,        1394,      -6.496161469,     0.01545494216,      0.3786500305,    0.008200510205
          0,           0,        1395,      -6.500602912,     0.01536337095,      0.3787008832,    0.008141486837
          0,           0,        1396,      -6.505369834,      0.0152686423,      0.3787372807,     0.00808020247
          0,           0,        1397,      -6.510391294,     0.01517126203,      0.3787592333,    0.008017041353
          0,           0,        1398,      -6.515709218,     0.01507178022,      0.3787665034,    0.007952219097
          0,           0,        1399,       -6.52136322,     0.01497074552,      0.3787588223,    0.007885931459
          0,           0,        1400,      -6.527227654,     0.01486868373,      0.3787360597,    0.007818474162
          0,           0,        1401,      -6.533306874,      0.0147661155,      0.3786984444,    0.007750402976
          0,           0,        1402,      -6.539676986,     0.01466348423,      0.3786461949,    0.007682261349
          0,           0,        1403,      -6.546179726,     0.01456119975,      0.3785794191,    0.007614490825
          0,           0,        1404,      -6.552947034,     0.01445969733,      0.3784982038,    0.007547488977
          0,           0,        1405,      -6.559844681,     0.01435941781,      0.3784027546,    0.007481693218
          0,           0,        1406,      -6.566910345,     0.01426077132,      0.3782927025,    0.007417075393
          0,           0,        1407,      -6.574079834,     0.01416412325,      0.3781676623,     0.00735353894
          0,           0,        1408,      -6.581305075,     0.01406977663,      0.3780272238,    0.007290919761
          0,           0,        1409,      -6.588632029,     0.01397806926,      0.3778712712,    0.007229227283
          0,           0,        1410,      -6.595999283,     0.01388932025,      0.3776997289,    0.007168454417
          0,           0,        1411,      -6.603430081,     0.01380382653,      0.3775125795,     0.00710858385
          0,           0,        1412,       -6.61088889,     0.01372186134,      0.3773102518,    0.007049851659
          0,           0,        1413,      -6.618304822,     0.01364365812,      0.3770933834,    0.006992569069
          0,           0,        1414,      -6.625675786,     0.01356941646,      0.3768625414,    0.006936919125
          0,           0,        1415,        -6.6331935,     0.01349932666,      0.3766186564,    0.006883265731
          0,           0,        1416,       -6.64054989,     0.01343355013,      0.3763623921,    0.006831716475
          0,           0,        1417,      -6.647869108,     0.01337226749,      0.3760946378,    0.006782487154
          0,           0,        1418,      -6.655069066,     0.01331558759,      0.3758162202,    0.006735701454
          0,           0,        1419,      -6.662133382,     0.01326356649,      0.3755279381,    0.006691415137
          0,           0,        1420,      -6.669126057,     0.01321623215,      0.3752304335,    0.006649519129
          0,           0,        1421,      -6.675895561,     0.01317357754,      0.3749240531,    0.006609671064
          0,           0,        1422,      -6.682454431,     0.01313563413,      0.3746092027,    0.006571473399
          0,           0,        1423,      -6.688690514,     0.01310241383,      0.3742862342,    0.006534458988
          0,           0,        1424,      -6.694648241,     0.01307390526,      0.3739556586,    0.006498273171
          0,           0,        1425,      -6.700331534,     0.01305014272,      0.3736184129,    0.006462815425
          0,           0,        1426,      -6.705973815,     0.01303121677,      0.3732758359,    0.006428253553
          0,           0,        1427,      -6.711124017,     0.01301723159,      0.3729294419,    0.006394831714
          0,           0,        1428,      -6.715927887,     0.01300831933,      0.3725809561,    0.006362816124
          0,           0,        1429,      -6.720589648,     0.01300452149,      0.3722321418,    0.006332503552
          0,           0,        1430,      -6.724882604,     0.01300580545,      0.3718847029,    0.006304115313
          0,           0,        1431,      -6.728758706,     0.01301210501,      0.3715402108,     0.00627775388
          0,           0,        1432,      -6.732644594,     0.01302329191,      0.3712001321,    0.006253425034
          0,           0,        1433,      -6.736138585,     0.01303916659,      0.3708659783,    0.006231133242
          0,           0,        1434,      -6.739384456,     0.01305951283,      0.3705392785,    0.006210939518
          0,           0,        1435,      -6.742527672,     0.01308411796,      0.3702215258,    0.006192945901
          0,           0,        1436,      -6.745422257,     0.01311276431,      0.3699140983,    0.006177195701
          0,           0,        1437,      -6.748338974,     0.01314524485,      0.3696183456,    0.006163704532
          0,           0,        1438,       -6.75111742,      0.0131813082,      0.3693353931,    0.006152328409
          0,           0,        1439,      -6.753627735,     0.01322069135,      0.3690663586,    0.006142932658
          0,           0,        1440,      -6.756363453,     0.01326318674,      0.3688125423,    0.006135536466
          0,           0,        1441,      -6.759012052,     0.01330858732,      0.3685753631,    0.006130282173
          0,           0,        1442,      -6.761770972,     0.01335670435,      0.3683562571,    0.006127366235
          0,           0,        1443,      -6.764436742,     0.01340734227,      0.3681566375,     0.00612702148
          0,           0,        1444,      -6.767015985,     0.01346034223,      0.3679777651,    0.006129435386
          0,           0,        1445,      -6.769763231,      0.0135154977,      0.3678207652,    0.006134772576
          0,           0,        1446,      -6.772428245,     0.01357253979,      0.3676866994,    0.006143232459
          0,           0,        1447,      -6.774846754,     0.01363120554,      0.3675765256,    0.006155024453
          0,           0,        1448,      -6.777600918,     0.01369122966,      0.3674909798,     0.00617028042
          0,           0,        1449,      -6.780064375,     0.01375234104,      0.3674305632,    0.006189038242
          0,           0,        1450,      -6.782463167,     0.01381424405,      0.3673955939,    0.006211276145
          0,           0,        1451,      -6.784755297,     0.01387666201,      0.3673861448,     0.00623686127
          0,           0,        1452,      -6.787013931,     0.01393931588,      0.3674020823,     0.00626557518
          0,           0,        1453,      -6.789112163,     0.01400193062,      0.3674430786,    0.006297119706
          0,           0,        1454,      -6.791047644,      0.0140642503,      0.3675086375,    0.006331137338
          0,           0,        1455,      -6.792858615,     0.01412602588,      0.3675979839,    0.006367128552
          0,           0,        1456,      -6.794527048,     0.01418700156,       0.367710244,    0.006404588442
          0,           0,        1457,      -6.796241122,     0.01424698706,      0.3678449104,    0.006443357162
          0,           0,        1458,      -6.798022356,     0.01430579601,        0.36800159,     0.00648343122
          0,           0,        1459,      -6.799775499,     0.01436325733,      0.3681798811,    0.006524867439
          0,           0,        1460,       -6.80148834,     0.01441922144,      0.3683793511,    0.006567760943
          0,           0,        1461,      -6.803494894,     0.01447352931,      0.3685993955,    0.006612140269
          0,           0,        1462,      -6.805444784,     0.01452595585,      0.3688393376,    0.006658042536
          0,           0,        1463,      -6.807400139,     0.01457629643,      0.3690983885,    0.006705484484
          0,           0,        1464,      -6.809773259,     0.01462433457,      0.3693755932,    0.006754421714
          0,           0,        1465,      -6.812079307,     0.01466984146,      0.3696697644,    0.006804693248
          0,           0,        1466,      -6.814598884,     0.01471260075,      0.3699795255,    0.006856058281
          0,           0,        1467,      -6.817179997,     0.01475239148,      0.3703033524,    0.006908204589
          0,           0,        1468,      -6.819967873,     0.01478897926,      0.3706396851,    0.006960827443
          0,           0,        1469,      -6.822774537,     0.01482210691,      0.3709868742,     0.00701365414
          0,           0,        1470,      -6.825748469,     0.01485158771,      0.3713432896,    0.007066404885
          0,           0,        1471,      -6.828820986,     0.01487727925,      0.3717072971,    0.007118789744
          0,           0,        1472,      -6.831904101,     0.01489906309,      0.3720771491,    0.007170454322
          0,           0,        1473,       -6.83517756,     0.01491689889,      0.3724513827,    0.007221286635
          0,           0,        1474,      -6.838698858,     0.01493079828,      0.3728285266,    0.007271211738
          0,           0,        1475,      -6.841976923,      0.0149407891,      0.3732070862,     0.00732018332
          0,           0,        1476,      -6.845264133,     0.01494690416,      0.3735855285,    0.007368182845
          0,           0,        1477,      -6.848774653,     0.01494917319,      0.3739620732,     0.00741510372
          0,           0,        1478,      -6.851981152,     0.01494762123,      0.3743349856,    0.007460854275
          0,           0,        1479,      -6.854887814,     0.01494228341,      0.3747027565,    0.007505490953
          0,           0,        1480,      -6.857784262,     0.01493317159,        0.37506396,    0.007549091568
          0,           0,        1481,       -6.86048266,     0.01492036609,      0.3754171949,    0.007591732048
          0,           0,        1482,      -6.863005913,     0.01490397398,       0.375760931,    0.007633370939
          0,           0,        1483,      -6.865161271,     0.01488414525,      0.3760935035,    0.007673836899
          0,           0,        1484,      -6.867075645,     0.01486100594,      0.3764131636,    0.007712867746
          0,           0,        1485,      -6.868515816,     0.01483468598,      0.3767180219,    0.007750056534
          0,           0,        1486,      -6.869816138,     0.01480533014,      0.3770062186,    0.007784972357
          0,           0,        1487,      -6.870795054,     0.01477314394,      0.3772760006,    0.007817213499
          0,           0,        1488,      -6.871831664,     0.01473838016,      0.3775256535,    0.007846346438
          0,           0,        1489,      -6.872509283,     0.01470134624,      0.3777538451,    0.007872155547
          0,           0,        1490,      -6.872835989,     0.01466233303,      0.3779596281,    0.007894635878
          0,           0,        1491,      -6.873270606,     0.01462160043,       0.378142316,    0.007913895346
          0,           0,        1492,      -6.873688703,     0.01457941177,      0.3783013522,     0.00793005387
          0,           0,        1493,       -6.87387768,     0.01453604566,      0.3784363357,      0.0079432613
          0,           0,        1494,      -6.873985591,     0.01449178798,      0.3785469226,    0.007953624054
          0,           0,        1495,      -6.874223416,     0.01444686609,      0.3786328388,    0.007961212678
          0,           0,        1496,      -6.874162028,     0.01440150917,      0.3786938777,    0.007966062988
          0,           0,        1497,      -6.874371353,     0.01435593362,       0.378729854,    0.007968148248
          0,           0,        1498,      -6.874416217,     0.01431034446,      0.3787404901,    0.007967290387
          0,           0,        1499,      -6.874631637,     0.01426491182,      0.3787254003,    0.007963153712
          0,           0,        1500,      -6.874611217,      0.0142197676,      0.3786842182,    0.007955345063
          0,           0,        1501,      -6.874720237,     0.01417500596,      0.3786168108,     0.00794357428
          0,           0,        1502,      -6.874763035,     0.01413075085,      0.3785234412,    0.007927776227
          0,           0,        1503,      -6.875485365,     0.01408723384,      0.3784047552,    0.007908097958
          0,           0,        1504,      -6.876049514,     0.01404472812,      0.3782615682,    0.007884737525
          0,           0,        1505,      -6.876772378,      0.0140035109,      0.3780948781,     0.00785795019
          0,           0,        1506,      -6.878033934,     0.01396378212,      0.3779058299,    0.007828029361
          0,           0,        1507,      -6.879309265,     0.01392572726,      0.3776954961,    0.007795137912
          0,           0,        1508,       -6.88074955,     0.01388951879,      0.3774651668,    0.007759496207
          0,           0,        1509,      -6.882687835,     0.01385528955,      0.3772161825,    0.007721296875
          0,           0,        1510,      -6.884923366,     0.01382314022,      0.3769498615,    0.007680678304
          0,           0,        1511,       -6.88715728,     0.01379315442,       0.376667578,    0.007637775287
          0,           0,        1512,       -6.88992774,     0.01376534877,      0.3763708717,    0.007592786572
          0,           0,        1513,      -6.892739905,     0.01373971948,      0.3760614155,    0.007545964006
          0,           0,        1514,      -6.895863551,     0.01371623529,      0.3757408438,    0.007497504154
          0,           0,        1515,      -6.899006476,     0.01369484877,      0.3754105702,    0.007447411709
          0,           0,        1516,      -6.902497888,     0.01367554427,      0.3750719272,    0.007395600975
          0,           0,        1517,      -6.906442728,     0.01365837951,      0.3747265918,    0.007342245331
          0,           0,        1518,      -6.911188721,     0.01364350017,      0.3743763884,    0.007287615417
          0,           0,        1519,      -6.915750123,     0.01363105042,      0.3740232147,     0.00723199748
          0,           0,        1520,      -6.920530161,     0.01362111045,      0.3736690107,    0.007175705962
          0,           0,        1521,      -6.926180431,     0.01361368669,      0.3733157324,     0.00711902366
          0,           0,        1522,      -6.931790751,     0.01360874412,      0.3729652374,    0.007062166535
          0,           0,        1523,       -6.93749709,      0.0136062415,       0.372619369,    0.007005361308
          0,           0,        1524,      -6.943741625,     0.01360608698,      0.3722800692,    0.006948931564
          0,           0,        1525,      -6.950043093,     0.01360816422,      0.3719493798,    0.006893320224
          0,           0,        1526,      -6.956159631,     0.01361232328,      0.3716293503,    0.006838998359
          0,           0,        1527,      -6.962929722,     0.01361840771,      0.3713218212,    0.006786317442
          0,           0,        1528,      -6.969598802,     0.01362631541,      0.3710284506,    0.006735547868
          0,           0,        1529,      -6.976297204,     0.01363592179,      0.3707505498,    0.006686756413
          0,           0,        1530,      -6.982895238,      0.0136470539,      0.3704890123,    0.006639755556
          0,           0,        1531,      -6.989551385,     0.01365952287,      0.3702446951,    0.006594401107
          0,           0,        1532,      -6.996552947,     0.01367322224,      0.3700186325,    0.006550759657
          0,           0,        1533,      -7.004057176,     0.01368810163,      0.3698119239,     0.00650902813
          0,           0,        1534,      -7.010884584,     0.01370409899,      0.3696255935,    0.006469425833
          0,           0,        1535,      -7.017524153,     0.01372114568,      0.3694604965,    0.006432128556
          0,           0,        1536,      -7.024825001,     0.01373908383,      0.3693174773,    0.006397387124
          0,           0,        1537,      -7.031388923,     0.01375772159,      0.3691973041,     0.00636548238
          0,           0,        1538,      -7.038145031,     0.01377690168,      0.3691007079,    0.006336758176
          0,           0,        1539,      -7.045033283,     0.01379648232,      0.3690282227,    0.006311502519
          0,           0,        1540,      -7.051455149,     0.01381630602,      0.3689802124,    0.006289968154
          0,           0,        1541,      -7.057784596,       0.013836211,      0.3689567891,    0.006272311256
          0,           0,        1542,      -7.063811132,     0.01385602871,      0.3689578863,    0.006258647225
          0,           0,        1543,      -7.069452531,     0.01387560302,      0.3689831044,    0.006248935411
          0,           0,        1544,      -7.074637872,     0.01389478611,      0.3690316219,    0.006242910655
          0,           0,        1545,       -7.07943553,     0.01391338035,      0.3691022772,    0.006240138278
          0,           0,        1546,      -7.083649636,     0.01393120766,      0.3691937787,    0.006240164285
          0,           0,        1547,      -7.088051472,     0.01394816318,      0.3693052167,    0.006242896176
          0,           0,        1548,      -7.092611215,     0.01396419647,      0.3694359976,    0.006248526361
          0,           0,        1549,      -7.095728002,     0.01397930739,       0.369585499,     0.00625730104
          0,           0,        1550,      -7.099266708,     0.01399349755,       0.369752898,    0.006269397004
          0,           0,        1551,      -7.103309893,     0.01400673306,      0.3699372639,    0.006284938535
          0,           0,        1552,      -7.106115107,     0.01401899692,      0.3701373515,     0.00630384598
          0,           0,        1553,      -7.108868062,     0.01403028377,      0.3703518437,    0.006326017022
          0,           0,        1554,      -7.111848529,     0.01404056479,      0.3705793148,    0.006351311496
          0,           0,        1555,       -7.11435338,     0.01404980462,      0.3708182389,    0.006379542935
          0,           0,        1556,      -7.117008294,     0.01405796666,      0.3710669937,    0.006410487482
          0,           0,        1557,      -7.119134453,     0.01406499372,      0.3713239312,    0.006443935657
          0,           0,        1558,       -7.12038827,     0.01407079987,      0.3715872615,    0.006479592785
          0,           0,        1559,      -7.121780352,     0.01407529486,      0.3718551375,    0.006517159106
          0,           0,        1560,      -7.122617647,      0.0140784213,      0.3721257492,    0.006556369073
          0,           0,        1561,      -7.123973538,     0.01408019066,      0.3723972503,    0.006596925822
          0,           0,        1562,       -7.12580783,     0.01408070626,       0.372667989,    0.006638650311
          0,           0,        1563,      -7.126757508,     0.01408010674,      0.3729366127,    0.006681554739
          0,           0,        1564,      -7.128897103,     0.01407859126,      0.3732016704,    0.006725550747
          0,           0,        1565,       -7.12993333,     0.01407631377,      0.3734616523,    0.006770470556
          0,           0,        1566,      -7.130857904,     0.01407337801,      0.3737150016,    0.006816070801
          0,           0,        1567,      -7.133070014,     0.01406984415,      0.3739600685,    0.006861989651
          0,           0,        1568,      -7.134579644,     0.01406574458,       0.374195142,    0.006907768646
          0,           0,        1569,      -7.136304431,     0.01406111215,      0.3744188058,    0.006953116266
          0,           0,        1570,      -7.138188056,     0.01405600604,      0.3746299381,    0.006997900319
          0,           0,        1571,      -7.139063062,     0.01405047912,      0.3748277833,    0.007042196409
          0,           0,        1572,      -7.140712556,     0.01404453659,      0.3750116429,    0.007086051484
          0,           0,        1573,      -7.140119668,     0.01403819292,      0.3751806401,    0.007129308208
          0,           0,        1574,      -7.141797752,     0.01403148069,      0.3753336334,    0.007171538824
          0,           0,        1575,      -7.142330578,     0.01402445178,      0.3754695754,    0.007212312425
          0,           0,        1576,      -7.144307354,     0.01401723342,       0.375587471,    0.007251162108
          0,           0,        1577,      -7.145164061,     0.01401000548,       0.375686727,    0.007287844136
          0,           0,        1578,      -7.145899127,     0.01400297995,      0.3757671407,    0.007322323875
          0,           0,        1579,      -7.147540791,      0.0139963532,      0.3758285731,    0.007354531854
          0,           0,        1580,      -7.148572528,     0.01399024348,      0.3758707217,    0.007384191234
          0,           0,        1581,       -7.14948115,     0.01398465445,      0.3758933661,     0.00741100186
          0,           0,        1582,       -7.15156832,     0.01397954314,      0.3758964128,    0.007434677532
          0,           0,        1583,        -7.1521348,     0.01397484942,      0.3758801707,    0.007455155926
          0,           0,        1584,      -7.153529529,     0.01397050697,      0.3758452861,    0.007472554218
          0,           0,        1585,      -7.153906807,     0.01396651601,      0.3757926264,    0.007487091847
          0,           0,        1586,      -7.154989876,     0.01396290945,      0.3757230706,    0.007498939191
          0,           0,        1587,      -7.156467051,     0.01395968361,       0.375637442,    0.007508169081
          0,           0,        1588,       -7.15596795,     0.01395685637,       0.375536239,    0.007514557295
          0,           0,        1589,      -7.157229356,     0.01395439429,      0.3754198004,    0.007517703565
          0,           0,        1590,      -7.157390873,     0.01395228584,      0.3752885672,    0.007517240833
          0,           0,        1591,      -7.159408917,     0.01395055742,      0.3751431463,    0.007512887274
          0,           0,        1592,      -7.160216282,     0.01394926533,       0.374984338,     0.00750447006
          0,           0,        1593,      -7.160784453,     0.01394845203,      0.3748133426,    0.007492077823
          0,           0,        1594,      -7.163484943,     0.01394815399,      0.3746315405,    0.007475918004
          0,           0,        1595,      -7.163917699,     0.01394833635,      0.3744404342,    0.007456270543
          0,           0,        1596,      -7.164762047,     0.01394891463,      0.3742415775,    0.007433446692
          0,           0,        1597,      -7.166459941,     0.01394976579,      0.3740363995,    0.007407657171
          0,           0,        1598,      -7.168352315,     0.01395079086,      0.3738262751,    0.007379064986
          0,           0,        1599,      -7.170856634,     0.01395190647,      0.3736126462,    0.007347865652
          0,           0,        1600,      -7.172826377,     0.01395310313,      0.3733969796,    0.007314280672
          0,           0,        1601,      -7.174627751,     0.01395436711,      0.3731808291,    0.007278624153
          0,           0,        1602,      -7.176993192,     0.01395562871,       0.372965569,    0.007241095379
          0,           0,        1603,      -7.178060672,      0.0139567799,      0.3727521946,    0.007201637252
          0,           0,        1604,      -7.180157391,     0.01395773633,      0.3725413875,    0.007159998856
          0,           0,        1605,      -7.182465603,     0.01395843953,      0.3723339405,    0.007116050401
          0,           0,        1606,      -7.186851651,     0.01395884316,      0.3721309102,    0.007069894918
          0,           0,        1607,      -7.188982629,     0.01395889837,       0.371933648,    0.007021898133
          0,           0,        1608,      -7.191337765,     0.01395856407,       0.371743791,    0.006972687513
          0,           0,        1609,      -7.195149546,     0.01395782269,      0.3715628922,    0.006922879847
          0,           0,        1610,      -7.198195906,     0.01395663394,      0.3713922802,    0.006872979935
          0,           0,        1611,      -7.202365658,     0.01395497026,       0.371232842,    0.006823227406
          0,           0,        1612,      -7.206268265,     0.01395278348,      0.3710852385,    0.006773747217
          0,           0,        1613,      -7.209859459,     0.01395002092,      0.3709501398,    0.006724736966
          0,           0,        1614,      -7.215079163,     0.01394663223,      0.3708282615,    0.006676497654
          0,           0,        1615,      -7.219176035,      0.0139425906,      0.3707202504,    0.006629349931
          0,           0,        1616,      -7.223786697,      0.0139378702,      0.3706265416,     0.00658352836
          0,           0,        1617,      -7.227684636,     0.01393239517,      0.3705473957,    0.006539207664
          0,           0,        1618,      -7.231680534,     0.01392602595,      0.3704828231,    0.006496444325
          0,           0,        1619,       -7.23438726,     0.01391865214,      0.3704327645,    0.006455312448
          0,           0,        1620,      -7.239481253,     0.01391023368,      0.3703973047,    0.006416061229
          0,           0,        1621,      -7.244885279,     0.01390081606,      0.3703765516,    0.006379018933
          0,           0,        1622,      -7.248623063,     0.01389047147,      0.3703706377,    0.006344587924
          0,           0,        1623,      -7.254677693,     0.01387930239,      0.3703794027,    0.006313005875
          0,           0,        1624,      -7.259683768,     0.01386739526,      0.3704024992,    0.006284418233
          0,           0,        1625,      -7.264597001,     0.01385481141,      0.3704395158,    0.006258971827
          0,           0,        1626,      -7.272135409,     0.01384157048,       0.370489943,    0.006236772192
          0,           0,        1627,      -7.277365464,      0.0138276956,       0.370553072,    0.006217814934
          0,           0,        1628,      -7.284211073,     0.01381321896,      0.3706280093,    0.006201997278
          0,           0,        1629,      -7.290862206,     0.01379815581,      0.3707139256,     0.00618929453
          0,           0,        1630,      -7.297547926,      0.0137825345,      0.3708101956,    0.006179868072
          0,           0,        1631,      -7.303527728,     0.01376634587,      0.3709162801,    0.006173977033
          0,           0,        1632,      -7.308873181,     0.01374952704,      0.3710315306,    0.006171823704
          0,           0,        1633,      -7.312812332,     0.01373205908,      0.3711550477,     0.00617346099
          0,           0,        1634,      -7.323135991,       0.013714003,      0.3712858847,    0.006178933033
          0,           0,        1635,      -7.328510786,     0.01369554941,      0.3714228447,    0.006188111662
          0,           0,        1636,      -7.336492451,     0.01367688077,      0.3715645537,    0.006200730235
          0,           0,        1637,      -7.343949482,     0.01365811972,      0.3717096322,    0.006216513032
          0,           0,        1638,       -7.35012871,     0.01363936551,      0.3718568958,    0.006235309044
          0,           0,        1639,      -7.360621335,     0.01362076057,      0.3720052512,    0.006257028571
          0,           0,        1640,      -7.367110316,     0.01360246137,      0.3721534798,    0.006281468006
          0,           0,        1641,      -7.374194489,     0.01358455077,      0.3723003514,    0.006308387408
          0,           0,        1642,      -7.384768046,     0.01356706107,      0.3724445872,    0.006337478199
          0,           0,        1643,       -7.39024039,      0.0135499789,      0.3725851002,    0.006368535308
          0,           0,        1644,      -7.399202193,     0.01353332201,      0.3727211284,    0.006401555255
          0,           0,        1645,       -7.40370845,     0.01351714475,      0.3728520508,    0.006436599155
          0,           0,        1646,      -7.408716108,      0.0135015143,      0.3729772293,    0.006473668546
          0,           0,        1647,      -7.414938429,     0.01348650624,      0.3730957827,    0.006512532751
          0,           0,        1648,      -7.418235952,     0.01347225193,      0.3732066323,    0.006552762359
          0,           0,        1649,        -7.4285043,     0.01345889517,      0.3733087739,    0.006593928212
          0,           0,        1650,      -7.431375053,      0.0134466258,      0.3734014406,    0.006635720205
          0,           0,        1651,      -7.433050355,     0.01343561799,      0.3734838389,    0.006677745678
          0,           0,        1652,      -7.441966433,      0.0134259753,      0.3735550929,    0.006719483862
          0,           0,        1653,      -7.444016828,       0.013417704,      0.3736145338,    0.006760501538
          0,           0,        1654,      -7.450291553,     0.01341080958,      0.3736617498,    0.006800492582
          0,           0,        1655,      -7.452028802,     0.01340531015,       0.373696709,    0.006839371974
          0,           0,        1656,      -7.451298112,     0.01340122911,      0.3737195865,     0.00687714832
          0,           0,        1657,      -7.453435269,     0.01339856906,      0.3737304695,    0.006913706264
          0,           0,        1658,      -7.456259048,     0.01339732388,      0.3737293764,    0.006948827116
          0,           0,        1659,      -7.459859346,     0.01339748488,      0.3737163813,    0.006982283617
          0,           0,        1660,      -7.457456426,     0.01339910611,      0.3736916117,    0.007013840603
          0,           0,        1661,      -7.457055716,     0.01340222178,      0.3736553941,    0.007043359614
          0,           0,        1662,      -7.458739638,     0.01340683125,      0.3736080893,    0.007070678742
          0,           0,        1663,       -7.46430785,     0.01341294433,      0.3735499669,    0.007095528616
          0,           0,        1664,      -7.466179949,     0.01342059473,      0.3734812107,     0.00711754008
          0,           0,        1665,      -7.462703741,     0.01342978422,      0.3734021571,    0.007136418879
          0,           0,        1666,      -7.470525322,     0.01344046554,      0.3733131992,    0.007151877688
          0,           0,        1667,      -7.468355506,     0.01345252196,      0.3732150135,    0.007163821569
          0,           0,        1668,      -7.471936185,     0.01346580421,      0.3731085384,    0.007172330479
          0,           0,        1669,      -7.471026628,     0.01348021837,      0.3729948259,    0.007177559201
          0,           0,        1670,      -7.471314131,     0.01349573444,      0.3728749578,     0.00717967597
          0,           0,        1671,      -7.477935239,     0.01351229811,       0.372749887,    0.007178729568
          0,           0,        1672,      -7.479410069,     0.01352986348,      0.3726203147,     0.00717456111
          0,           0,        1673,      -7.482934866,     0.01354834001,      0.3724870688,    0.007167111583
          0,           0,        1674,      -7.486290068,     0.01356761315,      0.3723511731,    0.007156480007
          0,           0,        1675,      -7.481342006,     0.01358758675,      0.3722136691,     0.00714279172
          0,           0,        1676,      -7.487134386,     0.01360814149,      0.3720753681,    0.007126024496
          0,           0,        1677,      -7.486302546,     0.01362911682,      0.3719369983,     0.00710612537
          0,           0,        1678,      -7.493832921,     0.01365037175,      0.3717992527,    0.007083035984
          0,           0,        1679,      -7.493151745,     0.01367178819,      0.3716630871,    0.007056925915
          0,           0,        1680,      -7.488484949,     0.01369327165,      0.3715296986,    0.007028180527
          0,           0,        1681,        -7.4914167,     0.01371470051,      0.3714002064,    0.006997164927
          0,           0,        1682,      -7.492331806,     0.01373593331,      0.3712755896,    0.006964184432
          0,           0,        1683,      -7.495575996,     0.01375682626,      0.3711567075,    0.006929504221
          0,           0,        1684,      -7.496109344,      0.0137772847,      0.3710442211,    0.006893284367
          0,           0,        1685,      -7.492559754,     0.01379722456,      0.3709387782,    0.006855726717
          0,           0,        1686,      -7.496487206,     0.01381655181,      0.3708409753,    0.006817047033
          0,           0,        1687,      -7.493605591,     0.01383516893,      0.3707512343,    0.006777383887
          0,           0,        1688,       -7.49455086,      0.0138529369,      0.3706698728,    0.006736854012
          0,           0,        1689,       -7.48617603,     0.01386968205,      0.3705973046,    0.006695702224
          0,           0,        1690,      -7.485484017,     0.01388524014,       0.370534025,    0.006654290449
          0,           0,        1691,      -7.481172141,     0.01389945959,      0.3704804923,    0.006613010158
          0,           0,        1692,      -7.483941371,     0.01391220572,       0.370437182,    0.006572321288
          0,           0,        1693,      -7.474767375,     0.01392340562,      0.3704043669,    0.006532587729
          0,           0,        1694,      -7.474776311,     0.01393297926,       0.370382129,    0.006494082261
          0,           0,        1695,      -7.474572786,     0.01394088129,      0.3703702102,    0.006456870399
          0,           0,        1696,      -7.468950124,     0.01394709034,      0.3703683129,    0.006421031749
          0,           0,        1697,      -7.471039155,      0.0139515958,      0.3703762364,    0.006386760907
          0,           0,        1698,      -7.467657559,     0.01395441164,      0.3703938303,    0.006354328628
          0,           0,        1699,      -7.467412241,     0.01395555551,      0.3704207383,    0.006323889253
          0,           0,        1700,      -7.468281661,     0.01395500334,      0.3704563576,    0.006295437706
          0,           0,        1701,      -7.464462505,     0.01395269099,      0.3705000462,    0.006268965314
          0,           0,        1702,      -7.467904911,     0.01394852457,        0.37055131,    0.006244599096
          0,           0,        1703,      -7.461100773,     0.01394245076,      0.3706098661,    0.006222643317
          0,           0,        1704,      -7.462562009,     0.01393441666,      0.3706755643,    0.006203522724
          0,           0,        1705,      -7.459731172,      0.0139244105,      0.3707480899,    0.006187559398
          0,           0,        1706,      -7.468186187,     0.01391246044,      0.3708269522,    0.006174964945
          0,           0,        1707,      -7.465824878,     0.01389869073,      0.3709113701,    0.006165751455
          0,           0,        1708,       -7.46997129,     0.01388324909,      0.3710003053,    0.006159761955
          0,           0,        1709,      -7.473531221,      0.0138662416,      0.3710926054,    0.006156748972
          0,           0,        1710,      -7.475181125,     0.01384778402,      0.3711872661,    0.006156576085
          0,           0,        1711,      -7.481182682,     0.01382800748,      0.3712833474,    0.006159137342
          0,           0,        1712,      -7.485692377,     0.01380701465,      0.3713798863,    0.006164280808
          0,           0,        1713,      -7.492315098,     0.01378486942,      0.3714759441,    0.006171852588
          0,           0,        1714,      -7.498092133,     0.01376160929,      0.3715706852,    0.006181754115
          0,           0,        1715,       -7.49766733,     0.01373730976,       0.371663373,    0.006193933128
          0,           0,        1716,        -7.5077952,     0.01371205874,      0.3717534389,    0.006208431868
          0,           0,        1717,      -7.507135144,     0.01368593401,       0.371840445,    0.006225352535
          0,           0,        1718,      -7.515294843,     0.01365903967,      0.3719238803,    0.006244705532
          0,           0,        1719,      -7.517525204,     0.01363153047,      0.3720031275,    0.006266384409
          0,           0,        1720,      -7.523954742,     0.01360359978,      0.3720774143,    0.006290124892
          0,           0,        1721,      -7.526307935,     0.01357545979,      0.3721459307,    0.006315590456
          0,           0,        1722,      -7.539723908,     0.01354732801,       0.372207924,     0.00634244159
          0,           0,        1723,      -7.538330822,     0.01351942409,       0.372262622,    0.006370274863
          0,           0,        1724,      -7.546186204,     0.01349190876,      0.3723092394,    0.006398624802
          0,           0,        1725,       -7.54988075,     0.01346488021,      0.3723471511,    0.006427091845
          0,           0,        1726,      -7.550053371,     0.01343841714,      0.3723761308,    0.006455522242
          0,           0,        1727,      -7.554690022,     0.01341264747,      0.3723961711,    0.006483873978
          0,           0,        1728,      -7.552203873,     0.01338769963,      0.3724073435,    0.006512112684
          0,           0,        1729,      -7.550476854,      0.0133636548,      0.3724096815,    0.006540123814
          0,           0,        1730,      -7.548472264,     0.01334060438,      0.3724030799,      0.0065676413
          0,           0,        1731,      -7.556002493,      0.0133186953,      0.3723876114,    0.006594488312
          0,           0,        1732,      -7.555818125,     0.01329809813,      0.3723634841,    0.006620548578
          0,           0,        1733,        -7.5518189,     0.01327896194,      0.3723309618,    0.006645709688
          0,           0,        1734,       -7.55969336,     0.01326141147,      0.3722903323,    0.006669842154
          0,           0,        1735,      -7.553650573,     0.01324558441,      0.3722417824,    0.006692708945
          0,           0,        1736,      -7.556751959,     0.01323156833,      0.3721853272,    0.006713910688
          0,           0,        1737,       -7.55594176,     0.01321937024,      0.3721209615,    0.006733000992
          0,           0,        1738,      -7.551663337,     0.01320896189,      0.3720489757,    0.006749731485
          0,           0,        1739,      -7.545772851,     0.01320031932,        0.37196984,    0.006763967479
          0,           0,        1740,      -7.540130977,     0.01319340404,      0.3718841492,    0.006775649915
          0,           0,        1741,      -7.530322349,     0.01318818676,       0.371792557,    0.006784745418
          0,           0,        1742,      -7.538192565,     0.01318471631,      0.3716958357,    0.006791307443
          0,           0,        1743,      -7.538248803,     0.01318312677,      0.3715948901,    0.006795491738
          0,           0,        1744,      -7.534690193,     0.01318353258,        0.37149065,    0.006797476528
          0,           0,        1745,      -7.541801777,      0.0131859432,      0.3713839419,      0.0067973643
          0,           0,        1746,      -7.541723305,      0.0131903037,      0.3712755271,    0.006795213683
          0,           0,        1747,      -7.543695555,     0.01319654274,       0.371165975,    0.006790936204
          0,           0,        1748,      -7.546882758,      0.0132045818,      0.3710556989,    0.006784328967
          0,           0,        1749,      -7.547320109,     0.01321429176,      0.3709450951,    0.006775197359
          0,           0,        1750,       -7.55405828,     0.01322551887,       0.370834745,    0.006763510963
          0,           0,        1751,      -7.547601387,     0.01323812843,      0.3707254393,     0.00674941538
          0,           0,        1752,      -7.551412459,     0.01325199029,       0.370618041,    0.006733142371
          0,           0,        1753,      -7.549927841,     0.01326700224,      0.3705134362,    0.006714979702
          0,           0,        1754,      -7.558568445,     0.01328310222,      0.3704124838,    0.006695222855
          0,           0,        1755,      -7.563018166,     0.01330022466,      0.3703159983,     0.00667416525
          0,           0,        1756,      -7.558067259,     0.01331827023,      0.3702246552,    0.006652031163
          0,           0,        1757,      -7.556102344,     0.01333706229,      0.3701387777,    0.006628817714
          0,           0,        1758,      -7.550048066,     0.01335640888,      0.3700584683,    0.006604408258
          0,           0,        1759,      -7.555705332,     0.01337618902,      0.3699838029,    0.006578701631
          0,           0,        1760,      -7.558816235,     0.01339635916,       0.369915027,     0.00655176907
          0,           0,        1761,      -7.571841417,     0.01341684633,      0.3698525686,    0.006523862015
          0,           0,        1762,      -7.572870061,     0.01343751593,      0.3697970009,    0.006495382221
          0,           0,        1763,      -7.564113308,     0.01345821302,      0.3697489688,    0.006466829066
          0,           0,        1764,      -7.564784683,     0.01347875029,      0.3697090227,    0.006438671869
          0,           0,        1765,      -7.563044836,     0.01349891908,      0.3696775105,     0.00641126972
          0,           0,        1766,      -7.567266003,     0.01351855925,      0.3696544353,    0.006384765881
          0,           0,        1767,      -7.572524921,     0.01353751674,      0.3696395876,    0.006359183393
          0,           0,        1768,      -7.566014714,     0.01355569033,      0.3696327187,    0.006334556137
          0,           0,        1769,      -7.567203231,     0.01357298282,       0.369633589,    0.006310958515
          0,           0,        1770,      -7.564882864,     0.01358928433,      0.3696420821,    0.006288586945
          0,           0,        1771,      -7.552722955,     0.01360448801,       0.369658063,    0.006267651988
          0,           0,        1772,      -7.558303971,     0.01361848264,      0.3696812563,    0.006248287082
          0,           0,        1773,      -7.552862531,     0.01363113524,       0.369711234,    0.006230531011
          0,           0,        1774,      -7.560540939,      0.0136423358,      0.3697476457,     0.00621450541
          0,           0,        1775,      -7.548687832,     0.01365202051,      0.3697901766,     0.00620036942
          0,           0,        1776,      -7.540776592,     0.01366012334,      0.3698385752,    0.006188342361
          0,           0,        1777,      -7.542037158,       0.013666602,      0.3698924067,    0.006178517275
          0,           0,        1778,      -7.538958579,     0.01367145833,      0.3699511357,    0.006170921135
          0,           0,        1779,      -7.541313438,     0.01367470127,      0.3700141703,    0.006165539787
          0,           0,        1780,      -7.537655138,     0.01367633609,      0.3700808082,    0.006162281349
          0,           0,        1781,      -7.538230964,     0.01367634624,      0.3701502873,    0.006161010357
          0,           0,        1782,       -7.54064577,     0.01367471862,      0.3702219404,    0.006161658961
          0,           0,        1783,      -7.538041608,     0.01367150232,      0.3702951917,    0.006164226653
          0,           0,        1784,      -7.541410858,     0.01366675721,      0.3703693801,    0.006168652915
          0,           0,        1785,      -7.542735819,     0.01366051789,       0.370443796,    0.006174826381
          0,           0,        1786,      -7.542580662,     0.01365277193,      0.3705178514,    0.006182709111
          0,           0,        1787,      -7.537648158,     0.01364350374,      0.3705910606,    0.006192319075
          0,           0,        1788,      -7.533971358,     0.01363270077,      0.3706631172,    0.006203789388
          0,           0,        1789,      -7.539387498,     0.01362043588,      0.3707337255,    0.006217219628
          0,           0,        1790,      -7.542574072,     0.01360687029,      0.3708024179,    0.006232564938
          0,           0,        1791,      -7.544126357,     0.01359219396,       0.370868596,    0.006249657479
          0,           0,        1792,      -7.555210792,     0.01357659067,      0.3709315304,    0.006268203624
          0,           0,        1793,      -7.550679633,     0.01356021334,      0.3709904133,    0.006287820392
          0,           0,        1794,       -7.56040568,      0.0135431546,      0.3710444661,    0.006308110112
          0,           0,        1795,       -7.56445901,     0.01352549239,      0.3710929704,    0.006328686818
          0,           0,        1796,      -7.568636439,     0.01350730235,      0.3711353749,    0.006349255031
          0,           0,        1797,      -7.571540084,     0.01348867559,      0.3711713366,    0.006369639384
          0,           0,        1798,      -7.568242317,      0.0134697195,       0.371200724,    0.006389787469
          0,           0,        1799,      -7.574195412,     0.01345057771,      0.3712234901,    0.006409675519
          0,           0,        1800,      -7.577051627,     0.01343139429,      0.3712397407,    0.006429358294
          0,           0,        1801,      -7.578295835,     0.01341235018,      0.3712495959,    0.006448866336
          0,           0,        1802,      -7.596072016,     0.01339362735,      0.3712532234,    0.006468230729
          0,           0,        1803,      -7.591606777,     0.01337539373,      0.3712508246,    0.006487475415
          0,           0,        1804,      -7.603594167,     0.01335776241,      0.3712423653,    0.006506416656
          0,           0,        1805,      -7.607631126,       0.013340829,      0.3712277042,    0.006524762628
          0,           0,        1806,      -7.611242849,     0.01332470418,      0.3712067191,    0.006542210752
          0,           0,        1807,      -7.622503686,     0.01330950181,      0.3711791797,    0.006558353345
          0,           0,        1808,      -7.621893161,     0.01329529049,      0.3711448666,    0.006572767118
          0,           0,        1809,      -7.634476961,     0.01328207256,      0.3711037748,      0.0065851654
          0,           0,        1810,      -7.633155815,     0.01326986357,      0.3710561756,    0.006595447999
          0,           0,        1811,      -7.626402919,      0.0132586475,       0.371002556,     0.00660366161
          0,           0,        1812,      -7.618060163,     0.01324847173,      0.3709434457,    0.006609873951
          0,           0,        1813,      -7.615734034,     0.01323939957,      0.3708795814,    0.006614297099
          0,           0,        1814,      -7.629143386,      0.0132315757,      0.3708117445,    0.006617169945
          0,           0,        1815,      -7.622873691,     0.01322511569,        0.37074058,    0.006618622598
          0,           0,        1816,      -7.635579917,     0.01322007312,      0.3706664991,    0.006618608474
          0,           0,        1817,      -7.623132757,     0.01321645818,      0.3705897672,    0.006616974757
          0,           0,        1818,      -7.624528905,     0.01321423805,      0.3705104795,    0.006613451717
          0,           0,        1819,      -7.625198811,     0.01321337236,      0.3704286481,    0.006607708888
          0,           0,        1820,      -7.618133546,     0.01321383052,      0.3703444978,    0.006599587608
          0,           0,        1821,      -7.624550033,     0.01321557708,      0.3702585962,    0.006589191172
          0,           0,        1822,      -7.622737164,     0.01321858288,       0.370171687,    0.006576762419
          0,           0,        1823,      -7.616124114,     0.01322276123,      0.3700846253,    0.006562639059
          0,           0,        1824,      -7.619449733,     0.01322802974,      0.3699982293,    0.006547145776
          0,           0,        1825,      -7.608889966,     0.01323433008,        0.36991331,     0.00653061846
          0,           0,        1826,      -7.622028981,     0.01324164549,      0.3698304364,    0.006513240274
          0,           0,        1827,      -7.622053054,      0.0132499468,      0.3697501592,    0.006495200288
          0,           0,        1828,      -7.615854434,     0.01325916363,      0.3696730091,    0.006476696701
          0,           0,        1829,      -7.627421026,     0.01326918885,      0.3695994018,     0.00645786283
          0,           0,        1830,      -7.624063204,     0.01327989089,      0.3695295504,    0.006438703913
          0,           0,        1831,       -7.63196336,     0.01329113418,      0.3694634983,    0.006419124148
          0,           0,        1832,      -7.630845282,     0.01330277792,      0.3694012067,    0.006398990637
          0,           0,        1833,      -7.635308178,     0.01331464359,      0.3693426397,    0.006378198733
          0,           0,        1834,      -7.633618819,      0.0133265706,      0.3692879313,    0.006356806084
          0,           0,        1835,      -7.625496135,     0.01333838234,      0.3692375297,    0.006335123126
          0,           0,        1836,      -7.619588522,     0.01334991763,      0.3691918487,    0.006313460939
          0,           0,        1837,       -7.62678796,     0.01336105377,      0.3691514138,    0.006292240775
          0,           0,        1838,      -7.627388905,     0.01337172965,      0.3691165631,    0.006271770377
          0,           0,        1839,      -7.623277967,     0.01338190185,      0.3690874377,    0.006252235993
          0,           0,        1840,      -7.628210776,     0.01339154618,      0.3690641076,    0.006233795463
          0,           0,        1841,       -7.63096384,     0.01340064991,      0.3690465515,    0.006216563157
          0,           0,        1842,      -7.626780697,     0.01340918577,      0.3690345591,    0.006200530461
          0,           0,        1843,      -7.641224209,     0.01341706535,      0.3690277034,    0.006185544274
          0,           0,        1844,      -7.640709611,     0.01342416932,      0.3690255494,    0.006171461631
          0,           0,        1845,      -7.639861728,     0.01343036967,      0.3690277493,     0.00615821931
          0,           0,        1846,      -7.636167999,     0.01343551935,       0.369034123,    0.006145888116
          0,           0,        1847,      -7.626994264,     0.01343948384,      0.3690446813,    0.006134696336
          0,           0,        1848,      -7.621941909,     0.01344216299,      0.3690594357,    0.006124882837
          0,           0,        1849,      -7.619153748,     0.01344355002,      0.3690783452,    0.006116653946
          0,           0,        1850,      -7.627030494,     0.01344372076,      0.3691013327,    0.006110196852
          0,           0,        1851,      -7.638818631,     0.01344280558,      0.3691282399,    0.006105648011
          0,           0,        1852,      -7.627676402,     0.01344091711,      0.3691589335,    0.006103166013
          0,           0,        1853,      -7.646955734,     0.01343807273,      0.3691931622,    0.006102820505
          0,           0,        1854,       -7.64522316,     0.01343425202,      0.3692305226,    0.006104566062
          0,           0,        1855,      -7.652149802,     0.01342942701,      0.3692704067,    0.006108200367
          0,           0,        1856,       -7.65613498,     0.01342358764,      0.3693121513,    0.006113480908
          0,           0,        1857,      -7.655507093,      0.0134167262,      0.3693550927,    0.006120160762
          0,           0,        1858,      -7.665382808,     0.01340883466,      0.3693987295,    0.006128103849
          0,           0,        1859,      -7.658971209,     0.01339991853,      0.3694427248,      0.0061372886
          0,           0,        1860,       -7.65941537,     0.01338998887,      0.3694867768,    0.006147701692
          0,           0,        1861,      -7.670945793,     0.01337910214,       0.369530552,    0.006159292767
          0,           0,        1862,       -7.66854576,     0.01336734635,      0.3695736428,    0.006171939158
          0,           0,        1863,      -7.655650853,     0.01335482768,      0.3696155044,    0.006185402977
          0,           0,        1864,      -7.650461542,      0.0133416629,      0.3696556787,     0.00619949691
          0,           0,        1865,      -7.668485067,     0.01332801655,      0.3696939246,     0.00621418189
          0,           0,        1866,      -7.663678226,     0.01331417085,      0.3697302997,    0.006229628224
          0,           0,        1867,      -7.687661751,     0.01330036451,       0.369764699,    0.006245865154
          0,           0,        1868,      -7.688646974,     0.01328669967,       0.369796738,    0.006262687607
          0,           0,        1869,      -7.697739205,     0.01327316872,      0.3698259005,    0.006279771513
          0,           0,        1870,      -7.704624659,     0.01325974066,      0.3698517464,    0.006296828915
          0,           0,        1871,      -7.688781302,     0.01324644614,      0.3698740778,    0.006313734826
          0,           0,        1872,      -7.699902063,     0.01323332323,       0.369892856,    0.006330463556
          0,           0,        1873,      -7.709396903,     0.01322046359,      0.3699079764,    0.006346921746
          0,           0,        1874,      -7.705862966,     0.01320797661,       0.369919325,    0.006362990773
          0,           0,        1875,      -7.709616484,       0.013196004,      0.3699268061,    0.006378548675
          0,           0,        1876,      -7.702273392,     0.01318470469,      0.3699304042,    0.006393517799
          0,           0,        1877,      -7.722844637,     0.01317422585,       0.369930108,    0.006407807402
          0,           0,        1878,      -7.720983157,     0.01316471711,      0.3699259501,    0.006421343545
          0,           0,        1879,      -7.742856067,     0.01315627685,        0.36991795,     0.00643402593
          0,           0,        1880,      -7.732499301,     0.01314894006,        0.36990614,    0.006445751597
          0,           0,        1881,      -7.756308936,     0.01314267518,      0.3698906283,    0.006456461639
          0,           0,        1882,      -7.733879801,     0.01313747352,      0.3698715515,    0.006466107479
          0,           0,        1883,      -7.736870089,     0.01313332131,      0.3698490492,     0.00647463339
          0,           0,        1884,      -7.737535915,     0.01313017353,      0.3698233152,    0.006482013672
          0,           0,        1885,      -7.738216662,     0.01312807793,       0.369794578,    0.006488245389
          0,           0,        1886,      -7.752828968,     0.01312711857,      0.3697630619,    0.006493322615
          0,           0,        1887,      -7.744395397,     0.01312735444,      0.3697288693,     0.00649714458
          0,           0,        1888,      -7.758271783,     0.01312876944,      0.3696920569,    0.006499572171
          0,           0,        1889,      -7.763710258,     0.01313132028,      0.3696527892,     0.00650054858
          0,           0,        1890,      -7.756208353,     0.01313498975,      0.3696112834,    0.006500057098
          0,           0,        1891,      -7.772768792,     0.01313974195,       0.369567677,    0.006498024347
          0,           0,        1892,      -7.763466405,     0.01314549896,      0.3695221283,    0.006494393926
          0,           0,        1893,      -7.748366781,     0.01315215909,      0.3694749105,    0.006489199103
          0,           0,        1894,      -7.743227275,     0.01315961618,      0.3694264845,      0.0064826189
          0,           0,        1895,      -7.734334525,     0.01316779599,      0.3693774773,    0.006474962417
          0,           0,        1896,      -7.748631331,     0.01317663017,      0.3693285906,    0.006466602794
          0,           0,        1897,      -7.742795182,     0.01318608342,      0.3692802232,    0.006457701339
          0,           0,        1898,      -7.754814276,     0.01319609594,      0.3692325403,    0.006448252091
          0,           0,        1899,      -7.747275364,     0.01320660666,      0.3691855785,    0.006438163059
          0,           0,        1900,       -7.74693164,     0.01321753049,      0.3691393615,    0.006427343959
          0,           0,        1901,      -7.738237321,     0.01322874256,       0.369093922,    0.006415722142
          0,           0,        1902,      -7.735900546,     0.01324013119,      0.3690493091,    0.006403248912
          0,           0,        1903,      -7.734860909,     0.01325160828,      0.3690056533,     0.00638995036
          0,           0,        1904,      -7.747913514,     0.01326308528,      0.3689632408,    0.006375982685
          0,           0,        1905,      -7.728061356,     0.01327444691,      0.3689224326,    0.006361570925
          0,           0,        1906,      -7.731870224,     0.01328555905,      0.3688836035,    0.006346966632
          0,           0,        1907,      -7.712574072,     0.01329631561,      0.3688471221,     0.00633242811
          0,           0,        1908,      -7.744030633,     0.01330660903,      0.3688133622,    0.006318228869
          0,           0,        1909,      -7.715282864,     0.01331635716,      0.3687824745,    0.006304487899
          0,           0,        1910,      -7.734711689,     0.01332547302,      0.3687544863,    0.006291246002
          0,           0,        1911,      -7.713703779,     0.01333389768,      0.3687294129,    0.006278548898
          0,           0,        1912,      -7.725387585,     0.01334157639,      0.3687072655,    0.006266450899
          0,           0,        1913,       -7.72280422,     0.01334844353,      0.3686880243,    0.006254994337
          0,           0,        1914,      -7.731942976,     0.01335443558,      0.3686715103,    0.006244111878
          0,           0,        1915,      -7.723210663,     0.01335949804,       0.368657396,    0.006233637054
          0,           0,        1916,      -7.719247685,      0.0133635438,      0.3686454839,    0.006223508756
          0,           0,        1917,      -7.697842814,     0.01336649308,      0.3686357376,    0.006213793354
          0,           0,        1918,       -7.70381165,     0.01336830348,      0.3686283133,    0.006204707439
          0,           0,        1919,      -7.712535786,     0.01336899019,      0.3686234012,    0.006196501324
          0,           0,        1920,      -7.718662521,      0.0133685891,      0.3686210298,    0.006189310623
          0,           0,        1921,      -7.714752191,     0.01336714539,      0.3686210614,    0.006183151474
          0,           0,        1922,       -7.70020242,     0.01336466409,      0.3686232479,    0.006177959276
          0,           0,        1923,      -7.684922539,     0.01336111607,      0.3686273614,    0.006173687341
          0,           0,        1924,       -7.68051791,     0.01335650162,      0.3686332635,    0.006170360805
          0,           0,        1925,      -7.705502704,     0.01335088102,      0.3686408502,     0.00616803079
          0,           0,        1926,       -7.70459043,     0.01334435848,      0.3686499872,    0.006166727898
          0,           0,        1927,      -7.685546727,     0.01333703117,      0.3686606914,    0.006166592223
          0,           0,        1928,      -7.687406033,     0.01332893754,      0.3686729645,    0.006167746593
          0,           0,        1929,       -7.68720137,     0.01332006253,      0.3686866545,    0.006170193892
          0,           0,        1930,      -7.708455881,     0.01331043181,      0.3687015906,    0.006173919597
          0,           0,        1931,      -7.703619216,      0.0133000952,      0.3687174769,    0.006178810628
          0,           0,        1932,      -7.699161791,      0.0132891408,      0.3687339521,    0.006184699202
          0,           0,        1933,      -7.716539288,     0.01327766145,      0.3687505724,    0.006191349978
          0,           0,        1934,      -7.712440039,      0.0132657392,      0.3687669193,    0.006198540637
          0,           0,        1935,      -7.728716215,     0.01325345939,      0.3687826958,    0.006206131453
          0,           0,        1936,      -7.728107148,     0.01324092548,       0.368797671,    0.006214024065
          0,           0,        1937,      -7.734755939,       0.013228228,      0.3688116165,    0.006222113009
          0,           0,        1938,      -7.732397597,     0.01321541414,      0.3688244298,    0.006230375292
          0,           0,        1939,      -7.717577476,     0.01320255186,      0.3688362087,    0.006238929664
          0,           0,        1940,      -7.731067344,     0.01318969818,      0.3688471219,    0.006247936654
          0,           0,        1941,      -7.723373219,     0.01317689745,      0.3688571612,    0.006257413723
          0,           0,        1942,      -7.709235951,     0.01316423189,      0.3688660985,    0.006267204936
          0,           0,        1943,      -7.709103977,      0.0131518625,      0.3688737073,     0.00627714901
          0,           0,        1944,      -7.736457102,     0.01313997143,      0.3688798279,    0.006287126421
          0,           0,        1945,      -7.737950239,     0.01312871496,      0.3688843668,    0.006297056743
          0,           0,        1946,      -7.726439038,     0.01311822358,       0.368887344,    0.006306934335
          0,           0,        1947,      -7.755581224,     0.01310857084,      0.3688886688,    0.006316661203
          0,           0,        1948,      -7.737049443,     0.01309974534,      0.3688880636,    0.006325988872
          0,           0,        1949,      -7.742964557,     0.01309165558,      0.3688852795,    0.006334680735
          0,           0,        1950,      -7.711232136,     0.01308426057,      0.3688802647,    0.006342640538
          0,           0,        1951,      -7.717661616,     0.01307759904,      0.3688732151,    0.006349952124
          0,           0,        1952,      -7.741737962,      0.0130717597,      0.3688644236,    0.006356765289
          0,           0,        1953,      -7.750809594,     0.01306684331,      0.3688541161,    0.006363176817
          0,           0,        1954,      -7.749946183,     0.01306290419,      0.3688424192,    0.006369203511
          0,           0,        1955,      -7.775101691,     0.01305998421,      0.3688293871,    0.006374803816
          0,           0,        1956,      -7.755167121,     0.01305813081,      0.3688150906,    0.006379946368
          0,           0,        1957,      -7.775870625,     0.01305734746,      0.3687996576,    0.006384639873
          0,           0,        1958,      -7.789985356,     0.01305760132,       0.368783269,    0.006388930801
          0,           0,        1959,      -7.773208182,     0.01305882573,      0.3687660777,    0.006392842337
          0,           0,        1960,      -7.786879774,     0.01306089909,      0.3687481192,    0.006396308758
          0,           0,        1961,      -7.777531543,     0.01306368433,      0.3687293935,    0.006399237995
          0,           0,        1962,      -7.764924019,     0.01306706152,      0.3687099063,    0.006401543393
          0,           0,        1963,       -7.77150774,      0.0130709306,      0.3686897568,    0.006403209131
          0,           0,        1964,      -7.773016031,     0.01307525426,      0.3686689386,    0.006404144196
          0,           0,        1965,      -7.757204281,     0.01308002078,      0.3686474532,    0.006404268398
          0,           0,        1966,      -7.770217814,     0.01308523522,      0.3686253728,    0.006403558866
          0,           0,        1967,      -7.771087618,      0.0130908815,      0.3686027976,    0.006402017595
          0,           0,        1968,      -7.772170159,     0.01309696181,      0.3685799438,    0.006399738581
          0,           0,        1969,       -7.78452523,     0.01310346854,      0.3685570667,    0.006396849436
          0,           0,        1970,      -7.791772538,     0.01311035877,       0.368534404,    0.006393468908
          0,           0,        1971,      -7.771964057,     0.01311751741,      0.3685121097,    0.006389657609
          0,           0,        1972,      -7.784959809,     0.01312476575,      0.3684903766,    0.006385509935
          0,           0,        1973,       -7.74248746,     0.01313196837,      0.3684693045,    0.006381058934
          0,           0,        1974,      -7.760692877,     0.01313895988,      0.3684490462,    0.006376383075
          0,           0,        1975,      -7.729064067,      0.0131457312,      0.3684296515,     0.00637149519
          0,           0,        1976,      -7.743608806,     0.01315230655,      0.3684111277,    0.006366384219
          0,           0,        1977,      -7.742439754,     0.01315866721,      0.3683934894,    0.006361050941
          0,           0,        1978,       -7.73384258,     0.01316478346,      0.3683767204,    0.006355480465
          0,           0,        1979,       -7.72365945,     0.01317056682,      0.3683608246,    0.006349676009
          0,           0,        1980,      -7.727089767,     0.01317598703,      0.3683458772,    0.006343706183
          0,           0,        1981,       -7.69773792,     0.01318097763,      0.3683318689,    0.006337582072
