"Time_Iter","Outer_Iter","Inner_Iter",    "rms[Rho]"    ,    "rms[RhoU]"   ,    "rms[RhoV]"   ,    "rms[RhoE]"   ,    "RefForce"    ,       "CD"       ,       "CL"       ,       "CSF"      ,       "CMx"      ,       "CMy"      ,       "CMz"      ,       "CFx"      ,       "CFy"      ,       "CFz"      ,      "CEff"      
          0,           0,           0,      -3.507347849,      -3.651582639,      -4.059729219,      -2.910970705,             0.448,       0.312109861,      0.1089481731,                 0,                 0,                 0,     0.01389175152,      0.3096588955,      0.1157308871,                 0,      0.3490699485
          0,           0,           1,      -3.783685662,      -3.653327453,      -3.685106136,      -3.172782804,             0.448,      0.1198753231,    0.006482400892,                 0,                 0,                 0,    -0.01413044577,      0.1197053832,    0.009095924648,                 0,     0.05407619121
          0,           0,           2,      -3.710405127,      -3.621680658,      -3.640252252,      -3.111800579,             0.448,     0.09185417035,     0.02182303833,                 0,                 0,                 0,     -0.0189334883,     0.09135624447,     0.02382163321,                 0,      0.2375835332
          0,           0,           3,      -3.657833189,      -3.673653214,      -3.642355862,      -3.065997011,             0.448,       0.105455882,     0.04681875741,                 0,                 0,                 0,    -0.01660334156,      0.1044094406,     0.04910812375,                 0,      0.4439653484
          0,           0,           4,      -3.599296316,      -3.624760006,      -3.609070982,      -3.010421577,             0.448,     0.08053198439,     0.03525071178,                 0,                 0,                 0,    -0.02366232746,     0.07974382974,     0.03699911904,                 0,      0.4377231238
          0,           0,           5,      -3.591643665,      -3.591887113,      -3.596015326,        -3.0066391,             0.448,     0.06758112704,     0.02590367716,                 0,                 0,                 0,     -0.0312585115,     0.06699995882,     0.02737178731,                 0,      0.3832975018
          0,           0,           6,      -3.591656006,      -3.720990518,      -3.631482944,       -3.01395928,             0.448,     0.06358126006,     0.01807944853,                 0,                 0,                 0,    -0.03657920122,     0.06317172835,     0.01946216399,                 0,      0.2843518438
          0,           0,           7,      -3.594470935,      -3.706568838,      -3.624961516,       -3.01869697,             0.448,     0.05863332982,     0.00905351722,                 0,                 0,                 0,    -0.04068127493,     0.05842187524,     0.01033044208,                 0,      0.1544090579
          0,           0,           8,      -3.574383469,      -3.619666256,      -3.642209511,       -2.99676295,             0.448,     0.05319092027,    0.001459572805,                 0,                 0,                 0,    -0.04331062528,     0.05314642186,    0.002619579277,                 0,     0.02744026232
          0,           0,           9,      -3.591679609,      -3.657002171,      -3.647351498,      -3.017384958,             0.448,     0.04896512358,   -0.005517489739,                 0,                 0,                 0,     -0.0448769855,     0.04907383461,   -0.004448008184,                 0,     -0.1126820344
          0,           0,          10,       -3.60165901,      -3.717174947,      -3.676325628,       -3.03158498,             0.448,     0.04590748802,     -0.0124131297,                 0,                 0,                 0,    -0.04600810068,     0.04616735428,    -0.01140870914,                 0,      -0.270394444
          0,           0,          11,      -3.610273994,      -3.743229946,      -3.701194081,      -3.042712849,             0.448,     0.04291477821,     -0.0189563493,                 0,                 0,                 0,    -0.04681552675,     0.04331809623,    -0.01801565725,                 0,     -0.4417207799
          0,           0,          12,      -3.615500237,      -3.750219172,      -3.712615316,      -3.048272655,             0.448,     0.03962706533,    -0.02572311183,                 0,                 0,                 0,    -0.04773003009,     0.04017878189,    -0.02485253055,                 0,     -0.6491298717
          0,           0,          13,      -3.618321452,      -3.755132443,      -3.724055682,      -3.049350705,             0.448,     0.03636894494,    -0.03290737182,                 0,                 0,                 0,     -0.0489699653,     0.03707816065,    -0.03210615641,                 0,     -0.9048206342
          0,           0,          14,      -3.628725296,      -3.770371578,      -3.737455528,      -3.057546539,             0.448,     0.03328249876,    -0.03999556066,                 0,                 0,                 0,    -0.05027525575,     0.03414707698,    -0.03925998892,                 0,      -1.201699456
          0,           0,          15,      -3.642389096,      -3.793071556,      -3.756522506,      -3.069627005,             0.448,     0.03024966334,    -0.04671154796,                 0,                 0,                 0,    -0.05144588771,     0.03126147178,    -0.04604053894,                 0,      -1.544200589
          0,           0,          16,      -3.655617935,      -3.813603051,      -3.780373779,      -3.082856511,             0.448,     0.02712124586,     -0.0531560825,                 0,                 0,                 0,    -0.05247625732,     0.02827438557,    -0.05255178593,                 0,      -1.959942503
          0,           0,          17,      -3.669288865,      -3.825934591,      -3.804389327,      -3.098062956,             0.448,     0.02378597357,    -0.05961497167,                 0,                 0,                 0,    -0.05347175276,     0.02508080691,    -0.05908189664,                 0,      -2.506307824
          0,           0,          18,      -3.684719515,      -3.830549641,      -3.828315867,      -3.115513829,             0.448,     0.02025994437,    -0.06612270334,                 0,                 0,                 0,     -0.0544013027,     0.02169758222,    -0.06566499957,                 0,      -3.263715938
          0,           0,          19,      -3.703601037,      -3.833694515,       -3.85539655,      -3.135957583,             0.448,      0.0166575973,    -0.07268485195,                 0,                 0,                 0,    -0.05524928876,     0.01823924493,    -0.07230417135,                 0,      -4.363465549
          0,           0,          20,      -3.725825623,      -3.841683904,       -3.88733461,      -3.159043985,             0.448,     0.01318022144,    -0.07899142423,                 0,                 0,                 0,    -0.05585434797,     0.01490027374,     -0.0786851014,                 0,      -5.993178839
          0,           0,          21,      -3.748086923,       -3.85671877,      -3.922717094,      -3.181704302,             0.448,     0.01004937559,     -0.0843541892,                 0,                 0,                 0,    -0.05599283389,     0.01188716105,    -0.08411488921,                 0,      -8.393973181
          0,           0,          22,      -3.768235811,       -3.87690334,      -3.958206612,      -3.202198019,             0.448,     0.00729378097,    -0.08900240004,                 0,                 0,                 0,    -0.05588123812,    0.009233622373,    -0.08882210689,                 0,      -12.20250518
          0,           0,          23,      -3.787613062,      -3.897993255,      -3.990067329,      -3.221953818,             0.448,    0.004954642099,    -0.09321789455,                 0,                 0,                 0,     -0.0556894218,    0.006987000681,    -0.09308762627,                 0,      -18.81425392
          0,           0,          24,       -3.80760197,      -3.916531867,      -4.016496042,      -3.241984328,             0.448,    0.003229895839,    -0.09620277451,                 0,                 0,                 0,    -0.05511986944,    0.005327779677,    -0.09610942105,                 0,      -29.78510123
          0,           0,          25,      -3.827256057,      -3.932561702,      -4.039195089,       -3.26118433,             0.448,    0.002046786852,    -0.09859080901,                 0,                 0,                 0,    -0.05452117179,    0.004197046937,    -0.09852269665,                 0,      -48.16857647
          0,           0,          26,       -3.84732795,      -3.948962639,      -4.061344632,      -3.280571041,             0.448,     0.00146731855,    -0.09997863798,                 0,                 0,                 0,    -0.05371439217,    0.003647991862,    -0.09992283639,                 0,      -68.13696859
          0,           0,          27,        -3.8700801,      -3.967821022,      -4.086219073,        -3.3030029,             0.448,    0.001410202013,     -0.1002170628,                 0,                 0,                 0,    -0.05263712737,    0.003596090127,     -0.1001624505,                 0,      -71.06574936
          0,           0,          28,      -3.896375439,      -3.990574192,      -4.116134954,      -3.329485218,             0.448,    0.001799880032,    -0.09948758497,                 0,                 0,                 0,    -0.05140622982,    0.003969761938,    -0.09942464544,                 0,      -55.27456453
          0,           0,          29,      -3.924122312,      -4.018443049,      -4.151119413,      -3.357909327,             0.448,    0.002633483072,    -0.09769433109,                 0,                 0,                 0,    -0.05001782568,    0.004764046975,    -0.09761363336,                 0,      -37.09700364
          0,           0,          30,      -3.951490285,      -4.052633279,         -4.190566,      -3.386556131,             0.448,    0.003720478299,    -0.09567237008,                 0,                 0,                 0,     -0.0488108279,     0.00580667468,    -0.09556844084,                 0,      -25.71507274
          0,           0,          31,      -3.980115333,      -4.093338481,      -4.233069617,       -3.41707876,             0.448,    0.004950496599,    -0.09375144353,                 0,                 0,                 0,    -0.04789166409,    0.006994495478,    -0.09362113872,                 0,      -18.93778566
          0,           0,          32,      -4.012269801,      -4.139368729,      -4.275699403,      -3.451461479,             0.448,    0.006242537029,    -0.09199783527,                 0,                 0,                 0,    -0.04726626147,    0.008247973674,    -0.09183976205,                 0,      -14.73725103
          0,           0,          33,      -4.049454456,      -4.188826337,      -4.314958734,      -3.490424685,             0.448,    0.007499782665,    -0.09070717224,                 0,                 0,                 0,    -0.04702439826,    0.009476764454,     -0.0905219795,                 0,      -12.09464011
          0,           0,          34,      -4.091053253,      -4.239462126,      -4.348972377,      -3.532645776,             0.448,    0.008743857416,    -0.08953527354,                 0,                 0,                 0,    -0.04697268967,     0.01069497831,    -0.08932322033,                 0,      -10.23979112
          0,           0,          35,      -4.133556316,      -4.289104156,      -4.378583071,      -3.574576703,             0.448,    0.009918892884,    -0.08849161965,                 0,                 0,                 0,    -0.04707895362,     0.01184696696,    -0.08825418154,                 0,      -8.921521857
          0,           0,          36,      -4.174165639,      -4.336168107,      -4.406665419,      -3.614001151,             0.448,     0.01093846173,    -0.08781372114,                 0,                 0,                 0,    -0.04739201626,     0.01285150491,    -0.08755420257,                 0,      -8.027977176
          0,           0,          37,      -4.211451403,      -4.380443009,      -4.436071644,       -3.65005067,             0.448,     0.01176158361,    -0.08751807111,                 0,                 0,                 0,    -0.04787000579,     0.01366798133,    -0.08724066659,                 0,      -7.441010838
          0,           0,          38,       -4.24521141,      -4.422643975,       -4.46877187,      -3.682966136,             0.448,     0.01236486171,    -0.08762422487,                 0,                 0,                 0,    -0.04847267126,      0.0142734316,    -0.08733363464,                 0,      -7.086551142
          0,           0,          39,      -4.276005381,      -4.463717745,      -4.505559567,      -3.713540547,             0.448,     0.01273866715,    -0.08813368677,                 0,                 0,                 0,    -0.04916272935,     0.01465826194,    -0.08783482078,                 0,      -6.918595622
          0,           0,          40,      -4.303967728,      -4.504387981,      -4.545822901,      -3.741957777,             0.448,     0.01289650932,    -0.08897808433,                 0,                 0,                 0,    -0.04988202816,     0.01483448698,    -0.08867557409,                 0,      -6.899392861
          0,           0,          41,      -4.328986774,      -4.544722327,      -4.587926476,      -3.768012139,             0.448,     0.01286407678,    -0.09010657572,                 0,                 0,                 0,    -0.05058743693,     0.01482668007,    -0.08980450444,                 0,      -7.004511655
          0,           0,          42,      -4.350833125,      -4.584426741,      -4.629172763,      -3.791282683,             0.448,     0.01267645928,    -0.09144183585,                 0,                 0,                 0,    -0.05124025386,     0.01466823576,    -0.09114353967,                 0,      -7.213515527
          0,           0,          43,      -4.369453835,      -4.622764609,      -4.666767028,      -3.811475303,             0.448,     0.01237221536,    -0.09288010772,                 0,                 0,                 0,     -0.0518022195,     0.01439543998,    -0.09258810632,                 0,       -7.50715252
          0,           0,          44,      -4.385423286,      -4.658541926,      -4.698922533,      -3.828879868,             0.448,     0.01198840115,    -0.09434400648,                 0,                 0,                 0,    -0.05224848846,     0.01404365189,    -0.09406002956,                 0,      -7.869607071
          0,           0,          45,      -4.399872108,       -4.69059726,      -4.725590101,       -3.84438909,             0.448,     0.01156426337,    -0.09573344126,                 0,                 0,                 0,    -0.05255436649,      0.0136499254,    -0.09545838622,                 0,      -8.278386459
          0,           0,          46,      -4.414249546,      -4.718783465,      -4.748868455,      -3.859310148,             0.448,     0.01111555411,     -0.0970845894,                 0,                 0,                 0,    -0.05274673706,     0.01323079807,    -0.09681900136,                 0,       -8.73412053
          0,           0,          47,      -4.429080563,      -4.744331117,      -4.771207477,       -3.87410702,             0.448,     0.01066861431,     -0.0983282178,                 0,                 0,                 0,    -0.05281467863,     0.01281109424,    -0.09807208375,                 0,      -9.216587545
          0,           0,          48,       -4.44473075,      -4.768927385,      -4.795247161,      -3.889288412,             0.448,     0.01024726065,    -0.09943886625,                 0,                 0,                 0,     -0.0527671553,     0.01241406951,    -0.09919165968,                 0,      -9.703946223
          0,           0,          49,      -4.460960948,      -4.793836119,      -4.821502051,      -3.904893046,             0.448,    0.009874864727,     -0.1003866655,                 0,                 0,                 0,    -0.05261437056,     0.01206243834,     -0.1001473572,                 0,      -10.16587754
          0,           0,          50,      -4.477760405,      -4.821211743,       -4.84843925,      -3.920964893,             0.448,    0.009564748627,     -0.1011982583,                 0,                 0,                 0,    -0.05238868061,     0.01177010085,      -0.100965522,                 0,      -10.58033643
          0,           0,          51,      -4.495239172,      -4.851546992,        -4.8746716,      -3.937746638,             0.448,    0.009322321688,     -0.1019363763,                 0,                 0,                 0,    -0.05213127825,     0.01154383356,     -0.1017087528,                 0,      -10.93465551
          0,           0,          52,      -4.515438934,      -4.883601624,      -4.899226973,      -3.957507414,             0.448,    0.009155576451,     -0.1025918576,                 0,                 0,                 0,    -0.05185754458,     0.01139142725,     -0.1023677157,                 0,      -11.20539577
          0,           0,          53,      -4.538316625,      -4.915001288,      -4.921665237,      -3.980201619,             0.448,    0.009074564025,     -0.1030686643,                 0,                 0,                 0,    -0.05155597936,     0.01132083559,     -0.1028461762,                 0,      -11.35797423
          0,           0,          54,      -4.564105743,      -4.944168135,      -4.942219826,      -4.005952785,             0.448,    0.009068547249,     -0.1034061026,                 0,                 0,                 0,    -0.05125601014,     0.01132218142,     -0.1031836654,                 0,      -11.40271972
          0,           0,          55,      -4.592075247,      -4.971801309,      -4.962053788,      -4.034261839,             0.448,    0.009120483454,       -0.10367133,                 0,                 0,                 0,    -0.05099245473,     0.01137989117,     -0.1034476967,                 0,      -11.36686783
          0,           0,          56,      -4.619918433,      -4.998722243,      -4.983131546,      -4.062694266,             0.448,    0.009215682612,     -0.1039044954,                 0,                 0,                 0,    -0.05078009997,     0.01148015415,     -0.1036787299,                 0,       -11.2747476
          0,           0,          57,      -4.647302715,      -5.026533807,       -5.00785584,      -4.090899245,             0.448,    0.009334835917,     -0.1041511414,                 0,                 0,                 0,    -0.05063605735,     0.01160465965,     -0.1039227178,                 0,      -11.15725464
          0,           0,          58,      -4.673694874,      -5.054704314,      -5.037306275,      -4.118217076,             0.448,    0.009465913985,      -0.104414598,                 0,                 0,                 0,    -0.05055400394,      0.0117414538,     -0.1041832523,                 0,      -11.03058808
          0,           0,          59,      -4.699249725,      -5.082292965,      -5.070231882,      -4.144644347,             0.448,    0.009603337914,     -0.1047001429,                 0,                 0,                 0,    -0.05052688835,     0.01188507416,     -0.1044657314,                 0,       -10.9024741
          0,           0,          60,      -4.724461477,      -5.108696761,      -5.103931227,      -4.170514399,             0.448,    0.009740654945,     -0.1050180014,                 0,                 0,                 0,    -0.05054649862,     0.01202929256,     -0.1047805187,                 0,      -10.78141069
          0,           0,          61,      -4.750032525,       -5.13382374,      -5.136027975,      -4.196423377,             0.448,    0.009870075371,     -0.1053674542,                 0,                 0,                 0,    -0.05060433032,     0.01216630546,     -0.1051270651,                 0,      -10.67544575
          0,           0,          62,      -4.776320864,      -5.158281862,      -5.165629352,      -4.222697768,             0.448,    0.009985667743,     -0.1057528249,                 0,                 0,                 0,    -0.05069519431,     0.01229027714,     -0.1055098224,                 0,      -10.59046101
          0,           0,          63,      -4.803229726,      -5.183174532,        -5.1928709,      -4.249275263,             0.448,     0.01008238892,     -0.1061605708,                 0,                 0,                 0,    -0.05080586941,     0.01239587023,     -0.1059153613,                 0,      -10.52930725
          0,           0,          64,      -4.830641067,      -5.209524102,       -5.21853687,      -4.276124977,             0.448,     0.01015494159,     -0.1065951721,                 0,                 0,                 0,    -0.05092968065,     0.01247788642,     -0.1063482765,                 0,      -10.49687693
          0,           0,          65,      -4.858493419,      -5.237741725,      -5.243255281,      -4.303340396,             0.448,     0.01020123204,     -0.1070653716,                 0,                 0,                 0,    -0.05106346486,     0.01253442319,     -0.1068173543,                 0,      -10.49533735
          0,           0,          66,       -4.88671757,      -5.267585146,      -5.267737072,      -4.330994606,             0.448,     0.01022214762,     -0.1075665594,                 0,                 0,                 0,    -0.05120080854,     0.01256626715,     -0.1073179665,                 0,      -10.52289239
          0,           0,          67,      -4.915520621,      -5.298420986,      -5.292847258,      -4.359370499,             0.448,     0.01022102119,     -0.1080801556,                 0,                 0,                 0,    -0.05133216337,     0.01257634503,     -0.1078314651,                 0,       -10.5743011
          0,           0,          68,      -4.944533566,      -5.329615887,      -5.319103759,      -4.388135349,             0.448,     0.01019874435,      -0.108618813,                 0,                 0,                 0,    -0.05146099566,     0.01256582424,     -0.1083704802,                 0,      -10.65021431
          0,           0,          69,      -4.973466884,      -5.360963241,      -5.346480923,      -4.417056499,             0.448,     0.01015943411,     -0.1091808852,                 0,                 0,                 0,    -0.05158613341,      0.0125387849,     -0.1089332762,                 0,      -10.74674868
          0,           0,          70,      -5.001971038,      -5.392415593,       -5.37473598,      -4.445775095,             0.448,     0.01010701729,     -0.1097691951,                 0,                 0,                 0,    -0.05170898461,     0.01249921446,     -0.1095225896,                 0,      -10.86069134
          0,           0,          71,      -5.029715615,      -5.423913811,      -5.403568264,       -4.47387285,             0.448,      0.0100461409,     -0.1103804908,                 0,                 0,                 0,    -0.05182996671,     0.01245168791,     -0.1101350679,                 0,      -10.98735245
          0,           0,          72,      -5.056239978,      -5.455175713,      -5.432657479,      -4.500768869,             0.448,    0.009981454522,      -0.111004863,                 0,                 0,                 0,    -0.05194729174,     0.01240063753,     -0.1107607026,                 0,      -11.12111093
          0,           0,          73,      -5.081165076,      -5.485676864,      -5.461497016,      -4.526001781,             0.448,     0.00991638466,     -0.1116407991,                 0,                 0,                 0,    -0.05206194824,     0.01234945603,     -0.1113979068,                 0,      -11.25821587
          0,           0,          74,      -5.104249433,      -5.514903698,       -5.48936138,      -4.549269617,             0.448,    0.009853842294,      -0.112286527,                 0,                 0,                 0,     -0.0521749713,     0.01230101502,     -0.1120448454,                 0,      -11.39520236
          0,           0,          75,      -5.125295739,      -5.542721559,      -5.515469317,      -4.570355073,             0.448,    0.009796118709,     -0.1129386799,                 0,                 0,                 0,    -0.05228590073,     0.01225753182,     -0.1126981024,                 0,      -11.52892113
          0,           0,          76,      -5.144322738,      -5.569213135,      -5.539528196,      -4.589332738,             0.448,    0.009744873904,     -0.1135937606,                 0,                 0,                 0,    -0.05239444705,     0.01222058972,     -0.1133541451,                 0,       -11.6567707
          0,           0,          77,      -5.161710944,       -5.59444365,      -5.561597583,      -4.606659451,             0.448,     0.00970152559,     -0.1142477049,                 0,                 0,                 0,    -0.05250061257,     0.01219151744,     -0.1140088794,                 0,      -11.77626177
          0,           0,          78,      -5.177722882,      -5.618506543,      -5.582207676,      -4.622625946,             0.448,    0.009665986737,     -0.1148966215,                 0,                 0,                 0,    -0.05260395697,     0.01217014308,     -0.1146584168,                 0,      -11.88669347
          0,           0,          79,      -5.192419116,      -5.641440572,      -5.601648581,      -4.637346329,             0.448,    0.009637593094,     -0.1155365234,                 0,                 0,                 0,    -0.05270378711,     0.01215571558,     -0.1152987859,                 0,      -11.98810972
          0,           0,          80,      -5.205771135,      -5.663413875,      -5.620034008,      -4.650814948,             0.448,    0.009615642534,     -0.1161632994,                 0,                 0,                 0,    -0.05279977401,     0.01214744329,     -0.1159258916,                 0,      -12.08065909
          0,           0,          81,      -5.217632141,      -5.684665955,       -5.63755599,      -4.662883107,             0.448,    0.009598858498,     -0.1167722506,                 0,                 0,                 0,    -0.05289078328,     0.01214394745,      -0.116535064,                 0,      -12.16522263
          0,           0,          82,       -5.22784714,      -5.705269306,       -5.65408431,      -4.673367044,             0.448,    0.009585758634,      -0.117361604,                 0,                 0,                 0,    -0.05297600075,     0.01214370738,     -0.1171245629,                 0,      -12.24332976
          0,           0,          83,      -5.236279314,      -5.725345969,      -5.669830024,      -4.682052403,             0.448,    0.009575169166,     -0.1179301632,                 0,                 0,                 0,     -0.0530555546,     0.01214552349,     -0.1176932178,                 0,      -12.31624853
          0,           0,          84,      -5.242890323,      -5.745005112,      -5.684833515,      -4.688882155,             0.448,    0.009565884699,     -0.1184780828,                 0,                 0,                 0,    -0.05312964222,     0.01214819403,     -0.1182412096,                 0,      -12.38548096
          0,           0,          85,      -5.247815218,      -5.764448359,      -5.699044222,      -4.693971744,             0.448,    0.009556945294,     -0.1190071644,                 0,                 0,                 0,    -0.05319835599,     0.01215079861,     -0.1187703602,                 0,      -12.45242708
          0,           0,          86,      -5.251209658,      -5.783723845,      -5.712881644,       -4.69745125,             0.448,    0.009547675851,     -0.1195120053,                 0,                 0,                 0,    -0.05326020182,     0.01215254442,     -0.1192752832,                 0,      -12.51739242
          0,           0,          87,      -5.253315311,       -5.80226861,      -5.725480226,      -4.699585455,             0.448,    0.009536925543,     -0.1199921864,                 0,                 0,                 0,    -0.05331500426,     0.01215227176,     -0.1197555846,                 0,      -12.58185207
          0,           0,          88,      -5.254585378,      -5.819792893,       -5.73658546,       -4.70081595,             0.448,    0.009523945544,     -0.1204503325,                 0,                 0,                 0,    -0.05336390536,     0.01214928926,     -0.1202139048,                 0,      -12.64710428
          0,           0,          89,      -5.255323258,      -5.835672685,      -5.746692442,      -4.701419365,             0.448,    0.009508602676,     -0.1208864292,                 0,                 0,                 0,    -0.05340716737,     0.01214346344,     -0.1206502324,                 0,      -12.71337475
          0,           0,          90,      -5.255896662,      -5.848858301,      -5.756504623,      -4.701779985,             0.448,    0.009490928516,     -0.1212985285,                 0,                 0,                 0,    -0.05344407486,     0.01213478338,     -0.1210626192,                 0,      -12.78047014
          0,           0,          91,      -5.256711981,      -5.858862687,      -5.765886607,      -4.702318074,             0.448,    0.009470886398,      -0.121688481,                 0,                 0,                 0,    -0.05347534074,     0.01212325281,     -0.1214529162,                 0,      -12.84868975
          0,           0,          92,      -5.258028228,      -5.865624035,      -5.774574039,      -4.703324993,             0.448,    0.009448669984,     -0.1220573136,                 0,                 0,                 0,    -0.05350175475,     0.01210908772,     -0.1218221456,                 0,      -12.91793594
          0,           0,          93,      -5.259923398,      -5.869419274,      -5.782580181,        -4.7049213,             0.448,    0.009424543814,     -0.1224070284,                 0,                 0,                 0,    -0.05352430737,     0.01209259628,     -0.1221723035,                 0,      -12.98811176
          0,           0,          94,      -5.262263709,      -5.870965308,      -5.789955858,      -4.706988101,             0.448,    0.009398953729,     -0.1227375536,                 0,                 0,                 0,    -0.05354327431,     0.01207422265,     -0.1225033083,                 0,      -13.05864005
          0,           0,          95,      -5.265090699,      -5.870362401,      -5.796410843,      -4.709566843,             0.448,    0.009372562643,     -0.1230474461,                 0,                 0,                 0,    -0.05355860485,     0.01205459812,     -0.1228137027,                 0,      -13.12847412
          0,           0,          96,      -5.268156508,      -5.868698666,      -5.802703849,       -4.71240915,             0.448,    0.009345705889,     -0.1233392134,                 0,                 0,                 0,    -0.05357187617,     0.01203411262,     -0.1231059865,                 0,      -13.19742081
          0,           0,          97,      -5.272050819,      -5.867178626,      -5.808664241,      -4.716208726,             0.448,    0.009318686427,     -0.1236122999,                 0,                 0,                 0,    -0.05358270719,     0.01201305694,     -0.1233795974,                 0,      -13.26499189
          0,           0,          98,      -5.276534411,      -5.866394194,      -5.814610081,      -4.720666718,             0.448,    0.009291795939,     -0.1238694202,                 0,                 0,                 0,    -0.05359171989,      0.0119917819,     -0.1236372432,                 0,      -13.33105258
          0,           0,          99,       -5.28147163,      -5.866357364,      -5.821141778,      -4.725596552,             0.448,    0.009265260542,      -0.124112617,                 0,                 0,                 0,    -0.05359978103,     0.01197055813,     -0.1238809609,                 0,       -13.3954805
          0,           0,         100,       -5.28684493,      -5.867029887,      -5.828182676,      -4.731015507,             0.448,    0.009239412394,     -0.1243436252,                 0,                 0,                 0,    -0.05360751456,     0.01194975555,     -0.1241124781,                 0,      -13.45795814
          0,           0,         101,      -5.293007355,      -5.868982341,      -5.835389671,      -4.737357205,             0.448,     0.00921440728,     -0.1245631791,                 0,                 0,                 0,    -0.05361515352,     0.01192954593,     -0.1243325252,                 0,      -13.51830621
          0,           0,         102,      -5.299525713,      -5.872586956,      -5.842354474,      -4.744117506,             0.448,    0.009190264333,      -0.124772919,                 0,                 0,                 0,    -0.05362314443,     0.01190998418,     -0.1245427419,                 0,      -13.57664094
          0,           0,         103,      -5.305916577,      -5.877605953,      -5.850177835,      -4.750763478,             0.448,    0.009167504075,     -0.1249729331,                 0,                 0,                 0,    -0.05363165583,     0.01189159263,     -0.1247432049,                 0,      -13.63216554
          0,           0,         104,      -5.312219673,      -5.883712329,       -5.85930517,       -4.75735351,             0.448,    0.009146219097,     -0.1251593056,                 0,                 0,                 0,    -0.05364031925,     0.01187437841,     -0.1249299973,                 0,      -13.68426715
          0,           0,         105,      -5.318523294,      -5.891137115,      -5.869490221,      -4.763946582,             0.448,    0.009126169456,      -0.125332255,                 0,                 0,                 0,    -0.05364843912,     0.01185810641,      -0.125103343,                 0,       -13.7332816
          0,           0,         106,      -5.325197863,      -5.900892402,      -5.881441677,      -4.770934331,             0.448,    0.009107405963,     -0.1254923861,                 0,                 0,                 0,    -0.05365664343,     0.01184284062,     -0.1252638453,                 0,      -13.77915804
          0,           0,         107,      -5.331986642,      -5.912261708,      -5.894200257,      -4.778064434,             0.448,    0.009089785041,     -0.1256454042,                 0,                 0,                 0,    -0.05366578549,     0.01182856197,     -0.1254172114,                 0,      -13.82270358
          0,           0,         108,      -5.338172478,      -5.924615561,      -5.907934293,      -4.784558047,             0.448,    0.009073171475,     -0.1257923359,                 0,                 0,                 0,    -0.05367572891,     0.01181515765,     -0.1255644706,                 0,      -13.86420793
          0,           0,         109,      -5.343567913,      -5.937265731,      -5.922194155,      -4.790206834,             0.448,    0.009057523471,      -0.125932631,                 0,                 0,                 0,    -0.05368601354,     0.01180257389,     -0.1257050736,                 0,      -13.90364942
          0,           0,         110,      -5.348398556,      -5.950463083,      -5.936846472,      -4.795231743,             0.448,    0.009042850535,     -0.1260662281,                 0,                 0,                 0,    -0.05369667303,     0.01179081885,      -0.125838959,                 0,      -13.94098328
          0,           0,         111,      -5.353000407,       -5.96437879,      -5.952061659,      -4.799955957,             0.448,    0.009028979246,     -0.1261943055,                 0,                 0,                 0,    -0.05370804275,     0.01177974486,     -0.1259673086,                 0,      -13.97658607
          0,           0,         112,       -5.35765771,       -5.97874416,      -5.967980139,      -4.804692379,             0.448,    0.009015686677,     -0.1263179479,                 0,                 0,                 0,     -0.0537204458,      0.0117691527,     -0.1260912114,                 0,      -14.01090703
          0,           0,         113,      -5.362601342,      -5.993385601,      -5.984398191,        -4.8096742,             0.448,    0.009002850419,     -0.1264371704,                 0,                 0,                 0,    -0.05373357625,     0.01175892032,     -0.1262106856,                 0,      -14.04412652
          0,           0,         114,      -5.367720482,      -6.008308615,      -6.001651093,      -4.814760615,             0.448,    0.008990495406,     -0.1265507829,                 0,                 0,                 0,    -0.05374703327,     0.01174904669,     -0.1263245406,                 0,      -14.07606335
          0,           0,         115,      -5.373236685,      -6.023170821,      -6.019610487,      -4.820208486,             0.448,    0.008978700591,     -0.1266601235,                 0,                 0,                 0,    -0.05376121702,     0.01173963994,     -0.1264341125,                 0,      -14.10673206
          0,           0,         116,      -5.378979627,       -6.03763325,      -6.037552334,      -4.825864636,             0.448,    0.008967242477,     -0.1267622328,                 0,                 0,                 0,    -0.05377477108,     0.01173041205,     -0.1265364474,                 0,       -14.1361442
          0,           0,         117,      -5.385641235,      -6.051754861,      -6.055370578,      -4.832455653,             0.448,    0.008956016629,      -0.126857563,                 0,                 0,                 0,    -0.05378736738,     0.01172126849,     -0.1266319999,                 0,      -14.16450731
          0,           0,         118,      -5.393427225,      -6.065525473,      -6.072890145,      -4.840081453,             0.448,    0.008945115461,     -0.1269463996,                 0,                 0,                 0,    -0.05379915749,     0.01171230788,     -0.1267210531,                 0,       -14.1917005
          0,           0,         119,      -5.402425618,      -6.078853575,      -6.089927901,       -4.84886544,             0.448,    0.008934569105,     -0.1270281814,                 0,                 0,                 0,    -0.05380993636,     0.01170354809,     -0.1268030455,                 0,      -14.21760579
          0,           0,         120,      -5.412473669,      -6.091487287,      -6.106502993,      -4.858688632,             0.448,    0.008924416618,     -0.1271022895,                 0,                 0,                 0,    -0.05381953771,     0.01169501468,     -0.1268773575,                 0,      -14.24208382
          0,           0,         121,      -5.423358039,      -6.103212656,      -6.122706938,      -4.869345172,             0.448,    0.008914728338,      -0.127169432,                 0,                 0,                 0,    -0.05382816768,     0.01168679341,     -0.1269446953,                 0,      -14.26509335
          0,           0,         122,      -5.435249506,      -6.114427901,       -6.13887865,      -4.880969027,             0.448,    0.008905498081,     -0.1272297136,                 0,                 0,                 0,    -0.05383566114,     0.01167888039,      -0.127005164,                 0,      -14.28664769
          0,           0,         123,      -5.448497189,      -6.125881594,      -6.155247027,      -4.893888663,             0.448,    0.008896666437,     -0.1272824805,                 0,                 0,                 0,    -0.05384156286,     0.01167120195,      -0.127058111,                 0,      -14.30676101
          0,           0,         124,      -5.463031858,      -6.137822968,      -6.171894636,      -4.908044718,             0.448,    0.008888229216,     -0.1273275367,                 0,                 0,                 0,    -0.05384557864,     0.01166374963,     -0.1271033405,                 0,      -14.32541101
          0,           0,         125,      -5.478818244,       -6.15017661,      -6.188853415,      -4.923437961,             0.448,    0.008880182777,     -0.1273645636,                 0,                 0,                 0,    -0.05384765701,     0.01165651285,     -0.1271405342,                 0,      -14.34256105
          0,           0,         126,      -5.495802538,      -6.163055798,      -6.206179475,      -4.940022949,             0.448,    0.008872586254,     -0.1273932755,                 0,                 0,                 0,    -0.05384802417,     0.01164954448,     -0.1271694049,                 0,      -14.35807687
          0,           0,         127,       -5.51396405,      -6.176802919,      -6.223980897,      -4.957805053,             0.448,    0.008865535356,     -0.1274126916,                 0,                 0,                 0,    -0.05384670566,     0.01164291882,     -0.1271889702,                 0,      -14.37168614
          0,           0,         128,      -5.533273282,      -6.191451677,      -6.241483708,       -4.97676909,             0.448,    0.008858980902,     -0.1274243529,                 0,                 0,                 0,    -0.05384381588,     0.01163662031,     -0.1272007717,                 0,      -14.38363558
          0,           0,         129,      -5.553952976,      -6.207221635,      -6.258055341,      -4.997050885,             0.448,    0.008852907551,     -0.1274291838,                 0,                 0,                 0,    -0.05383954637,     0.01163065379,     -0.1272057339,                 0,      -14.39404885
          0,           0,         130,      -5.576126699,      -6.224296955,      -6.274457714,      -5.018782297,             0.448,    0.008847319833,     -0.1274276161,                 0,                 0,                 0,    -0.05383408605,     0.01162503321,     -0.1272042885,                 0,      -14.40296253
          0,           0,         131,      -5.599558552,      -6.242339341,      -6.291529652,      -5.041781467,             0.448,    0.008842229487,     -0.1274204159,                 0,                 0,                 0,    -0.05382775225,       0.011619787,     -0.1271972011,                 0,      -14.41043982
          0,           0,         132,      -5.624052817,      -6.261459003,       -6.30982133,      -5.065858959,             0.448,    0.008837651949,     -0.1274084538,                 0,                 0,                 0,    -0.05382091176,      0.0116149496,     -0.1271853417,                 0,      -14.41655029
          0,           0,         133,      -5.649605129,      -6.282187535,      -6.329735352,      -5.091006188,             0.448,    0.008833626293,     -0.1273921371,                 0,                 0,                 0,    -0.05381390988,     0.01161056895,     -0.1271691166,                 0,      -14.42127308
          0,           0,         134,      -5.676599365,      -6.304904974,      -6.351260658,      -5.117662551,             0.448,    0.008830144303,     -0.1273732987,                 0,                 0,                 0,    -0.05380728126,     0.01160667684,     -0.1271503587,                 0,       -14.4248264
          0,           0,         135,      -5.704645219,      -6.329328883,      -6.374332751,      -5.145420429,             0.448,    0.008827174015,     -0.1273519997,                 0,                 0,                 0,    -0.05380109922,     0.01160324262,     -0.1271291296,                 0,      -14.42726738
          0,           0,         136,      -5.733875458,      -6.355290033,      -6.400074953,      -5.174312532,             0.448,    0.008824688084,     -0.1273283055,                 0,                 0,                 0,    -0.05379538175,     0.01160024039,     -0.1271054952,                 0,      -14.42864657
          0,           0,         137,      -5.764243613,      -6.382201297,      -6.427959819,       -5.20430781,             0.448,    0.008822631977,     -0.1273020794,                 0,                 0,                 0,      -0.053790039,     0.01159761266,     -0.1270793203,                 0,      -14.42903657
          0,           0,         138,      -5.795789931,      -6.409884599,       -6.45718058,      -5.235461495,             0.448,    0.008820964291,     -0.1272736968,                 0,                 0,                 0,    -0.05378513529,      0.0115953262,     -0.1270509808,                 0,      -14.42854688
          0,           0,         139,      -5.828526599,      -6.438013557,      -6.486965162,      -5.267814629,             0.448,    0.008819683321,     -0.1272439264,                 0,                 0,                 0,    -0.05378090092,      0.0115933961,     -0.1270212454,                 0,      -14.42726703
          0,           0,         140,      -5.862464225,      -6.466300504,      -6.516856156,      -5.301393537,             0.448,    0.008818765513,     -0.1272132596,                 0,                 0,                 0,    -0.05377741748,     0.01159180952,     -0.1269906059,                 0,      -14.42529109
          0,           0,         141,      -5.897600193,      -6.494554237,      -6.546723925,      -5.336203603,             0.448,    0.008818162887,     -0.1271820051,                 0,                 0,                 0,    -0.05377463948,     0.01159052522,      -0.126959372,                 0,      -14.42273257
          0,           0,         142,      -5.933915941,      -6.522649586,      -6.576604348,      -5.372236845,             0.448,    0.008817842637,      -0.127150575,                 0,                 0,                 0,     -0.0537725659,     0.01158951941,     -0.1269279564,                 0,      -14.41969201
          0,           0,         143,      -5.971360052,      -6.550377453,      -6.606501856,      -5.409454181,             0.448,    0.008817785676,     -0.1271194544,                 0,                 0,                 0,      -0.053771242,     0.01158878356,     -0.1268968444,                 0,      -14.41625585
          0,           0,         144,      -6.009831244,      -6.577422249,      -6.636298827,      -5.447768849,             0.448,    0.008817976933,     -0.1270891236,                 0,                 0,                 0,    -0.05377072136,     0.01158831311,     -0.1268665167,                 0,      -14.41250352
          0,           0,         145,      -6.049155374,      -6.603434036,      -6.665778078,      -5.487026386,             0.448,     0.00881840355,     -0.1270600344,                 0,                 0,                 0,    -0.05377105325,     0.01158810505,     -0.1268374251,                 0,      -14.40850758
          0,           0,         146,      -6.089063605,      -6.628035214,      -6.694622516,      -5.526984238,             0.448,    0.008819050531,     -0.1270325303,                 0,                 0,                 0,    -0.05377225449,     0.01158815188,     -0.1268099134,                 0,      -14.40433183
          0,           0,         147,      -6.129156132,      -6.650818643,      -6.722342996,      -5.567272329,             0.448,     0.00881990818,      -0.127006878,                 0,                 0,                 0,    -0.05377434352,     0.01158844972,     -0.1267842485,                 0,       -14.4000227
          0,           0,         148,      -6.168992072,      -6.671444688,      -6.748388668,      -5.607487681,             0.448,    0.008820957236,      -0.126983296,                 0,                 0,                 0,    -0.05377728942,     0.01158898409,     -0.1267606493,                 0,      -14.39563674
          0,           0,         149,       -6.20776243,      -6.689522678,      -6.772276998,      -5.646841736,             0.448,    0.008822171694,     -0.1269619999,                 0,                 0,                 0,      -0.053781042,     0.01158973369,     -0.1267393317,                 0,       -14.3912411
          0,           0,         150,      -6.244453961,       -6.70478899,      -6.793434171,      -5.684320537,             0.448,    0.008823527786,     -0.1269431138,                 0,                 0,                 0,    -0.05378553789,     0.01159067746,     -0.1267204205,                 0,      -14.38688888
          0,           0,         151,      -6.277878845,      -6.717123912,      -6.811405324,      -5.718731698,             0.448,    0.008825008807,     -0.1269266937,                 0,                 0,                 0,    -0.05379071442,     0.01159179993,      -0.126703972,                 0,      -14.38261383
          0,           0,         152,      -6.306839145,      -6.726695213,       -6.82598013,      -5.748835282,             0.448,    0.008826604077,     -0.1269127911,                 0,                 0,                 0,    -0.05379652016,     0.01159309153,      -0.126690038,                 0,      -14.37843932
          0,           0,         153,      -6.330306245,       -6.73391675,      -6.837321956,      -5.773519435,             0.448,    0.008828304096,     -0.1269014717,                 0,                 0,                 0,     -0.0538029096,     0.01159454421,     -0.1266786841,                 0,      -14.37438836
          0,           0,         154,      -6.347619537,      -6.739329191,       -6.84580908,      -5.792023076,             0.448,    0.008830093576,     -0.1268927393,                 0,                 0,                 0,    -0.05380981128,     0.01159614277,     -0.1266699148,                 0,      -14.37048636
          0,           0,         155,      -6.358616978,      -6.743457646,      -6.851810825,       -5.80408094,             0.448,    0.008831954014,     -0.1268865266,                 0,                 0,                 0,     -0.0538171356,     0.01159786724,      -0.126663663,                 0,       -14.3667558
          0,           0,         156,      -6.363759712,      -6.746790475,       -6.85573187,      -5.810072426,             0.448,    0.008833871671,     -0.1268827981,                 0,                 0,                 0,    -0.05382481782,      0.0115997031,     -0.1266598935,                 0,        -14.363215
          0,           0,         157,      -6.364004845,      -6.749735941,      -6.858029805,      -5.810918035,             0.448,    0.008835833718,     -0.1268815132,                 0,                 0,                 0,    -0.05383279834,     0.01160163665,     -0.1266585662,                 0,      -14.35988015
          0,           0,         158,      -6.360551809,      -6.752624174,      -6.859238887,      -5.807823106,             0.448,    0.008837824566,     -0.1268825839,                 0,                 0,                 0,    -0.05384100201,     0.01160365038,     -0.1266595932,                 0,      -14.35676653
          0,           0,         159,       -6.35463204,      -6.755756454,      -6.859862085,        -5.8020543,             0.448,    0.008839828224,     -0.1268858854,                 0,                 0,                 0,    -0.05384934604,     0.01160572559,     -0.1266628501,                 0,      -14.35388586
          0,           0,         160,      -6.347345131,      -6.759414007,      -6.860342541,      -5.794757954,             0.448,    0.008841831758,     -0.1268912948,                 0,                 0,                 0,    -0.05385775772,     0.01160784665,     -0.1266682146,                 0,      -14.35124511
          0,           0,         161,      -6.339564873,      -6.763838171,      -6.861037404,      -5.786854267,             0.448,    0.008843822386,     -0.1268986692,                 0,                 0,                 0,    -0.05386616269,     0.01160999767,     -0.1266755438,                 0,      -14.34884868
          0,           0,         162,      -6.331958517,       -6.76921688,       -6.86221019,      -5.779052299,             0.448,      0.0088457876,     -0.1269078476,                 0,                 0,                 0,    -0.05387448524,     0.01161216265,     -0.1266846771,                 0,      -14.34669849
          0,           0,         163,      -6.325006499,      -6.775694325,      -6.864048852,      -5.771863791,             0.448,    0.008847717983,     -0.1269186795,                 0,                 0,                 0,    -0.05388266108,     0.01161432887,     -0.1266954643,                 0,       -14.3447926
          0,           0,         164,      -6.319042624,        -6.7833707,      -6.866703066,      -5.765643545,             0.448,    0.008849605315,     -0.1269310147,                 0,                 0,                 0,    -0.05389063143,     0.01161648484,     -0.1267077555,                 0,       -14.3431272
          0,           0,         165,      -6.314291203,      -6.792311294,      -6.870293546,      -5.760629467,             0.448,    0.008851440826,     -0.1269446852,                 0,                 0,                 0,    -0.05389833466,     0.01161861814,     -0.1267213826,                 0,      -14.34169732
          0,           0,         166,      -6.310891249,       -6.80255981,      -6.874908158,      -5.756967221,             0.448,    0.008853217675,     -0.1269595258,                 0,                 0,                 0,    -0.05390571697,     0.01162071831,     -0.1267361809,                 0,      -14.34049522
          0,           0,         167,      -6.308930236,      -6.814143995,      -6.880589926,      -5.754749125,             0.448,    0.008854931686,     -0.1269753856,                 0,                 0,                 0,    -0.05391273704,     0.01162277789,     -0.1267519995,                 0,      -14.33951046
          0,           0,         168,      -6.308455186,      -6.827072677,      -6.887365237,      -5.754024235,             0.448,    0.008856579629,     -0.1269921177,                 0,                 0,                 0,    -0.05391935922,     0.01162479045,     -0.1267686918,                 0,      -14.33873155
          0,           0,         169,      -6.309541772,      -6.841327566,      -6.895203549,       -5.75487468,             0.448,    0.008858163082,     -0.1270095755,                 0,                 0,                 0,      -0.053925566,     0.01162675437,     -0.1267861109,                 0,      -14.33813922
          0,           0,         170,      -6.312208161,      -6.856894554,      -6.904157314,      -5.757314225,             0.448,    0.008859681609,     -0.1270276143,                 0,                 0,                 0,    -0.05393133344,     0.01162866605,     -0.1268041122,                 0,      -14.33771776
          0,           0,         171,      -6.316384877,      -6.873690932,       -6.91412382,      -5.761268764,             0.448,    0.008861130547,     -0.1270461181,                 0,                 0,                 0,    -0.05393663344,      0.0116305183,       -0.12682258,                 0,       -14.3374615
          0,           0,         172,      -6.322072091,      -6.891637632,      -6.925034453,       -5.76674585,             0.448,    0.008862506255,     -0.1270649672,                 0,                 0,                 0,    -0.05394144325,     0.01163230487,     -0.1268413946,                 0,      -14.33736277
          0,           0,         173,      -6.329290245,      -6.910779793,      -6.936888138,      -5.773756095,             0.448,    0.008863809126,      -0.127084042,                 0,                 0,                 0,    -0.05394575267,     0.01163402355,     -0.1268604365,                 0,      -14.33740734
          0,           0,         174,      -6.338044813,        -6.9311103,      -6.949615549,      -5.782300992,             0.448,    0.008865040617,     -0.1271032242,                 0,                 0,                 0,    -0.05394955574,      0.0116356732,     -0.1268795873,                 0,      -14.33757946
          0,           0,         175,      -6.348332366,      -6.952549719,      -6.963191999,      -5.792378123,             0.448,    0.008866206294,      -0.127122455,                 0,                 0,                 0,    -0.05395286991,     0.01163725812,     -0.1268987881,                 0,      -14.33786344
          0,           0,         176,       -6.36014631,      -6.974980293,      -6.977669853,      -5.803979475,             0.448,    0.008867308527,     -0.1271416685,                 0,                 0,                 0,    -0.05395570439,     0.01163877923,     -0.1269179729,                 0,      -14.33824797
          0,           0,         177,      -6.373482939,        -6.9983006,      -6.993039168,      -5.817100498,             0.448,    0.008868348943,     -0.1271607949,                 0,                 0,                 0,    -0.05395806788,     0.01164023664,      -0.126937072,                 0,      -14.33872254
          0,           0,         178,      -6.388351563,      -7.022401478,      -7.009185195,      -5.831750609,             0.448,    0.008869330728,     -0.1271797773,                 0,                 0,                 0,    -0.05395997804,     0.01164163229,     -0.1269560285,                 0,      -14.33927555
          0,           0,         179,      -6.404752946,       -7.04715303,      -7.026026585,      -5.847928791,             0.448,    0.008870256863,     -0.1271985672,                 0,                 0,                 0,    -0.05396145641,      0.0116429681,     -0.1269747937,                 0,       -14.3398967
          0,           0,         180,      -6.422696459,      -7.072403971,      -7.043436357,      -5.865644935,             0.448,     0.00887113062,      -0.127217131,                 0,                 0,                 0,    -0.05396253093,     0.01164424662,     -0.1269933341,                 0,      -14.34057691
          0,           0,         181,      -6.442184746,      -7.097985171,       -7.06129078,      -5.884901928,             0.448,    0.008871954697,     -0.1272354387,                 0,                 0,                 0,    -0.05396323036,     0.01164546988,     -0.1270116195,                 0,      -14.34130843
          0,           0,         182,      -6.463210947,      -7.123702516,       -7.07943756,      -5.905693759,             0.448,    0.008872730945,      -0.127253459,                 0,                 0,                 0,    -0.05396358201,     0.01164663905,     -0.1270296185,                 0,      -14.34208473
          0,           0,         183,      -6.485753531,      -7.149310131,      -7.097682378,      -5.928001213,             0.448,    0.008873460897,     -0.1272711628,                 0,                 0,                 0,    -0.05396361387,     0.01164775504,     -0.1270473021,                 0,      -14.34290005
          0,           0,         184,       -6.50976821,      -7.174496888,       -7.11579834,      -5.951783664,             0.448,    0.008874145563,     -0.1272885202,                 0,                 0,                 0,    -0.05396335389,     0.01164881819,     -0.1270646405,                 0,      -14.34374941
          0,           0,         185,      -6.535176288,      -7.198908257,      -7.133557706,      -5.976968118,             0.448,    0.008874786049,     -0.1273055059,                 0,                 0,                 0,    -0.05396282879,     0.01164982907,     -0.1270816082,                 0,      -14.34462816
          0,           0,         186,      -6.561848826,      -7.222173224,      -7.150710543,      -6.003434218,             0.448,    0.008875383389,     -0.1273220923,                 0,                 0,                 0,    -0.05396206502,     0.01165078809,     -0.1270981776,                 0,      -14.34553153
          0,           0,         187,       -6.58958791,      -7.243926967,      -7.166999259,      -6.030996201,             0.448,     0.00887593864,     -0.1273382536,                 0,                 0,                 0,    -0.05396108811,     0.01165169577,     -0.1271143229,                 0,      -14.34645492
          0,           0,         188,      -6.618099308,      -7.263818175,      -7.182171604,      -6.059376916,             0.448,    0.008876452887,     -0.1273539691,                 0,                 0,                 0,    -0.05395992213,     0.01165255273,     -0.1271300235,                 0,      -14.34739425
          0,           0,         189,      -6.646962773,      -7.281520514,      -7.195999137,      -6.088178441,             0.448,    0.008876927382,      -0.127369222,                 0,                 0,                 0,    -0.05395858951,     0.01165335985,     -0.1271452624,                 0,       -14.3483456
          0,           0,         190,      -6.675603478,      -7.296761504,      -7.208293947,      -6.116852987,             0.448,    0.008877363534,     -0.1273839986,                 0,                 0,                 0,    -0.05395711114,     0.01165411825,      -0.127160026,                 0,      -14.34930518
          0,           0,         191,      -6.703275463,      -7.309359239,      -7.218918692,      -6.144685142,             0.448,    0.008877761782,     -0.1273982687,                 0,                 0,                 0,     -0.0539554995,      0.0116548277,      -0.127174284,                 0,      -14.35026889
          0,           0,         192,      -6.729055247,      -7.319240226,       -7.22782214,      -6.170780188,             0.448,    0.008878124346,     -0.1274120364,                 0,                 0,                 0,    -0.05395377686,     0.01165549052,     -0.1271880405,                 0,       -14.3512336
          0,           0,         193,      -6.751875766,       -7.32647303,      -7.234979501,      -6.194091317,             0.448,    0.008878453332,     -0.1274253114,                 0,                 0,                 0,    -0.05395196451,     0.01165610902,     -0.1272013051,                 0,      -14.35219701
          0,           0,         194,      -6.770659229,      -7.331282876,      -7.240449222,      -6.213543569,             0.448,    0.008878750454,     -0.1274380969,                 0,                 0,                 0,    -0.05395007914,     0.01165668498,     -0.1272140812,                 0,      -14.35315674
          0,           0,         195,      -6.784487038,      -7.333996747,      -7.244375594,      -6.228192125,             0.448,    0.008879016971,     -0.1274503934,                 0,                 0,                 0,    -0.05394813779,     0.01165721968,     -0.1272263689,                 0,       -14.3541108
          0,           0,         196,      -6.792783536,      -7.334966887,      -7.246926574,      -6.237404291,             0.448,    0.008879253961,      -0.127462206,                 0,                 0,                 0,    -0.05394615638,     0.01165771431,     -0.1272381735,                 0,      -14.35505804
          0,           0,         197,      -6.795464833,      -7.334549177,      -7.248295924,       -6.24101621,             0.448,     0.00887946204,      -0.127473536,                 0,                 0,                 0,    -0.05394414688,      0.0116581695,     -0.1272494963,                 0,      -14.35599763
          0,           0,         198,      -6.792978022,      -7.333079798,      -7.248674793,      -6.239393054,             0.448,     0.00887964173,     -0.1274843832,                 0,                 0,                 0,    -0.05394211977,     0.01165858578,      -0.127260337,                 0,       -14.3569287
          0,           0,         199,       -6.78617238,      -7.330829914,      -7.248240253,      -6.233320168,             0.448,    0.008879793928,     -0.1274947508,                 0,                 0,                 0,    -0.05394008589,     0.01165896411,     -0.1272706988,                 0,      -14.35785017
          0,           0,         200,      -6.776111156,      -7.328028215,      -7.247177082,      -6.223825793,             0.448,    0.008879919607,     -0.1275046428,                 0,                 0,                 0,      -0.053938055,     0.01165930555,     -0.1272805857,                 0,      -14.35876094
          0,           0,         201,       -6.76387966,      -7.324886797,      -7.245685509,      -6.211989544,             0.448,    0.008880019883,     -0.1275140645,                 0,                 0,                 0,      -0.053936036,     0.01165961133,      -0.127290003,                 0,      -14.35965979
          0,           0,         202,      -6.750447605,      -7.321611207,      -7.243966365,      -6.198796544,             0.448,    0.008880095825,     -0.1275230198,                 0,                 0,                 0,     -0.0539340363,     0.01165988262,     -0.1272989546,                 0,      -14.36054547
          0,           0,         203,      -6.736603337,      -7.318393466,        -7.2422034,      -6.185060746,             0.448,    0.008880148278,     -0.1275315109,                 0,                 0,                 0,    -0.05393206143,     0.01166012029,     -0.1273074424,                 0,      -14.36141682
          0,           0,         204,      -6.722947162,      -7.315400754,      -7.240567864,      -6.171410265,             0.448,    0.008880178736,     -0.1275395499,                 0,                 0,                 0,    -0.05393012018,     0.01166032611,     -0.1273154788,                 0,      -14.36227284
          0,           0,         205,       -6.70991471,      -7.312779791,      -7.239203187,      -6.158305803,             0.448,    0.008880188575,     -0.1275471483,                 0,                 0,                 0,    -0.05392822022,     0.01166050171,     -0.1273230752,                 0,      -14.36311258
          0,           0,         206,      -6.697800798,      -7.310650138,      -7.238210915,      -6.146062927,             0.448,    0.008880178883,     -0.1275543152,                 0,                 0,                 0,    -0.05392636758,     0.01166064836,     -0.1273302407,                 0,      -14.36393533
          0,           0,         207,      -6.686798647,      -7.309094862,      -7.237666152,      -6.134891474,             0.448,    0.008880150837,     -0.1275610613,                 0,                 0,                 0,    -0.05392456835,     0.01166076749,     -0.1273369857,                 0,      -14.36474038
          0,           0,         208,      -6.677028372,      -7.308184134,      -7.237635801,      -6.124923894,             0.448,    0.008880105479,     -0.1275673971,                 0,                 0,                 0,    -0.05392282784,     0.01166086036,      -0.127343321,                 0,      -14.36552723
          0,           0,         209,      -6.668557186,      -7.307983307,       -7.23818242,      -6.116236441,             0.448,      0.0088800437,     -0.1275733328,                 0,                 0,                 0,    -0.05392115043,     0.01166092808,     -0.1273492567,                 0,      -14.36629561
          0,           0,         210,      -6.661414926,      -7.308546134,      -7.239357716,      -6.108865535,             0.448,    0.008879966347,      -0.127578879,                 0,                 0,                 0,    -0.05391954015,     0.01166097173,     -0.1273548032,                 0,      -14.36704533
          0,           0,         211,      -6.655606556,      -7.309912092,      -7.241199623,      -6.102820826,             0.448,     0.00887987423,     -0.1275840469,                 0,                 0,                 0,    -0.05391800064,     0.01166099238,     -0.1273599719,                 0,      -14.36777634
          0,           0,         212,      -6.651121216,      -7.312109358,      -7.243734355,      -6.098094788,             0.448,    0.008879767854,     -0.1275888451,                 0,                 0,                 0,     -0.0539165338,      0.0116609907,     -0.1273647713,                 0,      -14.36848882
          0,           0,         213,      -6.647939288,      -7.315157146,        -7.2469809,      -6.094670206,             0.448,    0.008879648067,     -0.1275932862,                 0,                 0,                 0,    -0.05391514274,     0.01166096782,     -0.1273692139,                 0,      -14.36918279
          0,           0,         214,      -6.646037335,       -7.31906514,      -7.250946646,      -6.092525264,             0.448,    0.008879515976,     -0.1275973843,                 0,                 0,                 0,    -0.05391383118,     0.01166092516,      -0.127373314,                 0,      -14.36985807
          0,           0,         215,      -6.645375256,      -7.323856678,      -7.255642622,      -6.091621425,             0.448,    0.008879372335,     -0.1276011546,                 0,                 0,                 0,    -0.05391260162,      0.0116608638,     -0.1273770865,                 0,      -14.37051515
          0,           0,         216,      -6.645924344,      -7.329537669,      -7.261078984,       -6.09193038,             0.448,    0.008879217914,     -0.1276046123,                 0,                 0,                 0,    -0.05391145633,     0.01166078485,     -0.1273805468,                 0,      -14.37115448
          0,           0,         217,      -6.647656206,      -7.336121679,      -7.267267609,      -6.093424068,             0.448,    0.008879053417,     -0.1276077707,                 0,                 0,                 0,     -0.0539103967,     0.01166068929,      -0.127383708,                 0,      -14.37177644
          0,           0,         218,      -6.650542112,      -7.343617178,        -7.2742141,       -6.09607435,             0.448,    0.008878879534,     -0.1276106438,                 0,                 0,                 0,    -0.05390942392,     0.01166057812,     -0.1273865842,                 0,      -14.37238148
          0,           0,         219,      -6.654553546,      -7.352020082,      -7.281918326,      -6.099853068,             0.448,    0.008878696966,     -0.1276132456,                 0,                 0,                 0,    -0.05390853887,     0.01166045236,     -0.1273891893,                 0,      -14.37297005
          0,           0,         220,      -6.659663442,       -7.36132122,      -7.290378696,      -6.104733312,             0.448,     0.00887850639,     -0.1276155906,                 0,                 0,                 0,    -0.05390774223,     0.01166031298,     -0.1273915379,                 0,      -14.37354269
          0,           0,         221,      -6.665846667,      -7.371512616,      -7.299593795,      -6.110689955,             0.448,    0.008878308481,      -0.127617694,                 0,                 0,                 0,    -0.05390703459,     0.01166016101,     -0.1273936452,                 0,      -14.37410001
          0,           0,         222,      -6.673080621,      -7.382588854,      -7.309562318,      -6.117700428,             0.448,    0.008878103865,     -0.1276195711,                 0,                 0,                 0,    -0.05390641622,     0.01165999739,     -0.1273955263,                 0,      -14.37464272
          0,           0,         223,       -6.68134441,      -7.394544005,      -7.320280063,      -6.125743914,             0.448,    0.008877893122,     -0.1276212365,                 0,                 0,                 0,    -0.05390588696,     0.01165982303,     -0.1273971959,                 0,      -14.37517153
          0,           0,         224,      -6.690618476,      -7.407369935,      -7.331743975,      -6.134801013,             0.448,    0.008877676851,     -0.1276227054,                 0,                 0,                 0,    -0.05390544656,     0.01165963885,     -0.1273986691,                 0,      -14.37568719
          0,           0,         225,      -6.700886697,      -7.421055497,      -7.343937336,      -6.144855641,             0.448,    0.008877455673,     -0.1276239933,                 0,                 0,                 0,     -0.0539050948,     0.01165944582,     -0.1273999616,                 0,      -14.37619043
          0,           0,         226,      -6.712133586,      -7.435581386,      -7.356856816,      -6.155892169,             0.448,     0.00887723013,     -0.1276251154,                 0,                 0,                 0,      -0.053904831,     0.01165924481,     -0.1274010883,                 0,      -14.37668209
          0,           0,         227,      -6.724344698,      -7.450924889,       -7.37049698,      -6.167896309,             0.448,    0.008877000697,     -0.1276260866,                 0,                 0,                 0,    -0.05390465412,     0.01165903662,     -0.1274020643,                 0,      -14.37716307
          0,           0,         228,      -6.737507219,      -7.467059181,      -7.384846883,      -6.180855459,             0.448,     0.00887676781,     -0.1276269214,                 0,                 0,                 0,    -0.05390456286,       0.011658822,      -0.127402904,                 0,      -14.37763431
          0,           0,         229,       -6.75160978,      -7.483949767,      -7.399892509,      -6.194758331,             0.448,    0.008876531908,     -0.1276276343,                 0,                 0,                 0,    -0.05390455584,      0.0116586017,     -0.1274036218,                 0,      -14.37809671
          0,           0,         230,       -6.76664152,      -7.501554891,      -7.415621208,      -6.209594147,             0.448,      0.0088762933,     -0.1276282383,                 0,                 0,                 0,      -0.053904631,     0.01165837633,     -0.1274042309,                 0,      -14.37855127
          0,           0,         231,      -6.782592419,      -7.519823613,        -7.4320183,      -6.225353115,             0.448,    0.008876053552,     -0.1276287472,                 0,                 0,                 0,    -0.05390479058,     0.01165814774,     -0.1274047449,                 0,      -14.37899697
          0,           0,         232,      -6.799409446,      -7.538803992,      -7.449034185,      -6.241976351,             0.448,    0.008875814394,      -0.127629177,                 0,                 0,                 0,    -0.05390503647,     0.01165791801,     -0.1274051799,                 0,      -14.37943285
          0,           0,         233,      -6.817144916,      -7.558493064,      -7.466810434,      -6.259527669,             0.448,    0.008875574895,     -0.1276295422,                 0,                 0,                 0,    -0.05390536257,     0.01165768654,     -0.1274055502,                 0,        -14.379862
          0,           0,         234,      -6.835814423,      -7.578928669,      -7.485303863,      -6.278007037,             0.448,    0.008875333065,     -0.1276298515,                 0,                 0,                 0,    -0.05390576007,     0.01165745151,     -0.1274058647,                 0,      -14.38028867
          0,           0,         235,       -6.85537455,      -7.599759563,      -7.504443264,       -6.29737682,             0.448,    0.008875088392,     -0.1276301107,                 0,                 0,                 0,    -0.05390622271,     0.01165721255,     -0.1274061291,                 0,      -14.38071431
          0,           0,         236,      -6.875781702,      -7.620602939,      -7.524148298,      -6.317601911,             0.448,    0.008874841326,     -0.1276303266,                 0,                 0,                 0,    -0.05390674671,     0.01165697026,     -0.1274063504,                 0,      -14.38113898
          0,           0,         237,      -6.897031132,      -7.641295961,      -7.544313643,      -6.338678762,             0.448,    0.008874592531,     -0.1276305099,                 0,                 0,                 0,    -0.05390732941,     0.01165672552,     -0.1274065391,                 0,      -14.38156281
          0,           0,         238,      -6.919127879,      -7.661789547,      -7.564831379,       -6.36061345,             0.448,    0.008874342577,     -0.1276306715,                 0,                 0,                 0,    -0.05390796785,     0.01165647915,     -0.1274067061,                 0,      -14.38198609
          0,           0,         239,      -6.942055935,      -7.681998305,      -7.585599545,      -6.383392079,             0.448,    0.008874091954,     -0.1276308204,                 0,                 0,                 0,    -0.05390865854,     0.01165623183,     -0.1274068604,                 0,      -14.38240904
          0,           0,         240,      -6.965775832,      -7.701783572,      -7.606516672,      -6.406976708,             0.448,    0.008873841152,     -0.1276309646,                 0,                 0,                 0,    -0.05390939816,     0.01165598424,     -0.1274070101,                 0,      -14.38283179
          0,           0,         241,      -6.990233722,      -7.720978609,      -7.627483372,      -6.431315156,             0.448,    0.008873590644,     -0.1276311121,                 0,                 0,                 0,    -0.05391018364,     0.01165573701,      -0.127407163,                 0,      -14.38325445
          0,           0,         242,      -7.015365373,      -7.739391186,      -7.648409197,      -6.456345587,             0.448,    0.008873340807,     -0.1276312698,                 0,                 0,                 0,    -0.05391101166,     0.01165549067,     -0.1274073261,                 0,       -14.3836772
          0,           0,         243,      -7.041096324,      -7.756817763,       -7.66921812,      -6.481996619,             0.448,    0.008873091795,     -0.1276314415,                 0,                 0,                 0,    -0.05391187767,     0.01165524546,     -0.1274075032,                 0,       -14.3841002
          0,           0,         244,      -7.067339276,      -7.773081367,      -7.689832971,      -6.508184173,             0.448,    0.008872844148,     -0.1276316364,                 0,                 0,                 0,    -0.05391277927,     0.01165500213,     -0.1274077034,                 0,      -14.38452364
          0,           0,         245,      -7.093979628,      -7.788041077,      -7.710145806,      -6.534797039,             0.448,    0.008872598323,     -0.1276318624,                 0,                 0,                 0,    -0.05391371354,     0.01165476129,     -0.1274079348,                 0,      -14.38494765
          0,           0,         246,      -7.120883789,      -7.801594543,       -7.73005901,      -6.561706252,             0.448,    0.008872354515,     -0.1276321246,                 0,                 0,                 0,    -0.05391467639,     0.01165452326,     -0.1274082022,                 0,      -14.38537249
          0,           0,         247,      -7.147895561,      -7.813711417,        -7.7495019,      -6.588759424,             0.448,    0.008872112988,     -0.1276324277,                 0,                 0,                 0,    -0.05391566388,      0.0116542884,     -0.1274085105,                 0,      -14.38579827
          0,           0,         248,      -7.174831818,      -7.824400555,      -7.768412162,      -6.615776634,             0.448,    0.008871873938,     -0.1276327749,                 0,                 0,                 0,    -0.05391667166,     0.01165405698,     -0.1274088628,                 0,      -14.38622502
          0,           0,         249,       -7.20148438,      -7.833686834,      -7.786709912,      -6.642552473,             0.448,    0.008871637512,     -0.1276331681,                 0,                 0,                 0,    -0.05391769508,     0.01165382919,     -0.1274092611,                 0,      -14.38665274
          0,           0,         250,       -7.22762355,      -7.841629782,      -7.804309702,      -6.668858219,             0.448,    0.008871403846,     -0.1276336081,                 0,                 0,                 0,    -0.05391872939,     0.01165360518,     -0.1274097062,                 0,      -14.38708127
          0,           0,         251,      -7.253006841,      -7.848349711,      -7.821146936,      -6.694450317,             0.448,    0.008871173104,      -0.127634095,                 0,                 0,                 0,    -0.05391976997,     0.01165338511,     -0.1274101979,                 0,      -14.38751037
          0,           0,         252,      -7.277389541,      -7.854026572,      -7.837192976,      -6.719080937,             0.448,    0.008870945464,     -0.1276346281,                 0,                 0,                 0,     -0.0539208123,     0.01165316916,     -0.1274107358,                 0,      -14.38793966
          0,           0,         253,      -7.300537321,      -7.858876766,      -7.852455324,      -6.742509918,             0.448,    0.008870721109,     -0.1276352061,                 0,                 0,                 0,    -0.05392185192,     0.01165295746,     -0.1274113186,                 0,      -14.38836871
          0,           0,         254,      -7.322241929,      -7.863128131,      -7.866970395,      -6.764520274,             0.448,    0.008870500228,     -0.1276358267,                 0,                 0,                 0,    -0.05392288436,     0.01165275018,     -0.1274119439,                 0,      -14.38879696
          0,           0,         255,      -7.342342235,       -7.86700313,      -7.880790471,      -6.784940116,             0.448,    0.008870283042,     -0.1276364873,                 0,                 0,                 0,    -0.05392390545,     0.01165254745,     -0.1274126091,                 0,      -14.38922374
          0,           0,         256,      -7.360736468,      -7.870705085,      -7.893981744,      -6.803654605,             0.448,    0.008870069745,     -0.1276371849,                 0,                 0,                 0,    -0.05392491116,     0.01165234942,     -0.1274133112,                 0,       -14.3896484
          0,           0,         257,      -7.377394482,      -7.874411519,      -7.906619973,       -6.82061998,             0.448,    0.008869860534,     -0.1276379162,                 0,                 0,                 0,     -0.0539258977,     0.01165215622,     -0.1274140469,                 0,      -14.39007025
          0,           0,         258,      -7.392361465,      -7.878270154,      -7.918788737,      -6.835868727,             0.448,    0.008869655616,     -0.1276386775,                 0,                 0,                 0,    -0.05392686158,     0.01165196795,     -0.1274148125,                 0,      -14.39048854
          0,           0,         259,      -7.405754827,      -7.882399993,      -7.930578135,      -6.849507379,             0.448,    0.008869455194,     -0.1276394651,                 0,                 0,                 0,    -0.05392779957,     0.01165178476,     -0.1274156042,                 0,      -14.39090252
          0,           0,         260,      -7.417753774,       -7.88689511,      -7.942083354,      -6.861706893,             0.448,    0.008869259472,      -0.127640275,                 0,                 0,                 0,    -0.05392870872,     0.01165160675,     -0.1274164182,                 0,       -14.3913114
          0,           0,         261,      -7.428583355,      -7.891828861,      -7.953402643,      -6.872687385,             0.448,    0.008869068647,     -0.1276411032,                 0,                 0,                 0,    -0.05392958643,     0.01165143404,     -0.1274172503,                 0,      -14.39171442
          0,           0,         262,      -7.438496153,      -7.897257677,      -7.964634979,      -6.882699926,             0.448,    0.008868882911,     -0.1276419457,                 0,                 0,                 0,    -0.05393043041,     0.01165126673,     -0.1274180967,                 0,      -14.39211081
          0,           0,         263,      -7.447754727,      -7.903224012,      -7.975877415,      -6.892008507,             0.448,    0.008868702443,     -0.1276427985,                 0,                 0,                 0,    -0.05393123866,     0.01165110491,     -0.1274189532,                 0,      -14.39249984
          0,           0,         264,       -7.45661701,      -7.909758612,      -7.987222198,      -6.900874709,             0.448,    0.008868527412,     -0.1276436577,                 0,                 0,                 0,    -0.05393200951,     0.01165094866,      -0.127419816,                 0,      -14.39288077
          0,           0,         265,      -7.465324971,      -7.916882106,      -7.998754064,      -6.909545575,             0.448,    0.008868357976,     -0.1276445194,                 0,                 0,                 0,    -0.05393274156,     0.01165079806,     -0.1274206813,                 0,      -14.39325293
          0,           0,         266,      -7.474098281,      -7.924606999,      -8.010548427,      -6.918246567,             0.448,    0.008868194282,       -0.12764538,                 0,                 0,                 0,    -0.05393343369,     0.01165065318,     -0.1274215452,                 0,      -14.39361565
          0,           0,         267,      -7.483130633,      -7.932939104,      -8.022670709,      -6.927177337,             0.448,    0.008868036465,     -0.1276462358,                 0,                 0,                 0,    -0.05393408506,     0.01165051407,     -0.1274224043,                 0,      -14.39396831
          0,           0,         268,      -7.492588825,      -7.941878204,      -8.035175865,      -6.936510402,             0.448,    0.008867884644,     -0.1276470835,                 0,                 0,                 0,    -0.05393469508,     0.01165038078,     -0.1274232551,                 0,      -14.39431033
          0,           0,         269,      -7.502613674,      -7.951418999,      -8.048108241,      -6.946391838,             0.448,    0.008867738927,     -0.1276479199,                 0,                 0,                 0,    -0.05393526336,     0.01165025334,     -0.1274240944,                 0,      -14.39464118
          0,           0,         270,      -7.513322076,      -7.961551985,      -8.061501603,       -6.95694327,             0.448,    0.008867599409,     -0.1276487418,                 0,                 0,                 0,    -0.05393578974,     0.01165013179,     -0.1274249192,                 0,      -14.39496034
          0,           0,         271,      -7.524809479,         -7.972264,      -8.075379227,      -6.968264341,             0.448,    0.008867466188,     -0.1276495466,                 0,                 0,                 0,     -0.0539362743,     0.01165001615,     -0.1274257267,                 0,      -14.39526736
          0,           0,         272,      -7.537153179,      -7.983540211,      -8.089753055,      -6.980436229,             0.448,    0.008867339337,     -0.1276503315,                 0,                 0,                 0,    -0.05393671723,     0.01164990646,     -0.1274265142,                 0,      -14.39556181
          0,           0,         273,      -7.550411547,      -7.995362718,      -8.104602369,      -6.993520998,             0.448,    0.008867218899,     -0.1276510939,                 0,                 0,                 0,    -0.05393711877,     0.01164980268,      -0.127427279,                 0,      -14.39584331
          0,           0,         274,      -7.564630036,      -8.007707734,      -8.119931905,      -7.007566787,             0.448,    0.008867104929,     -0.1276518313,                 0,                 0,                 0,    -0.05393747944,     0.01164970482,     -0.1274280187,                 0,       -14.3961115
          0,           0,         275,      -7.579841628,      -8.020549351,      -8.135747667,      -7.022609269,             0.448,    0.008866997496,     -0.1276525419,                 0,                 0,                 0,    -0.05393779993,     0.01164961292,     -0.1274287315,                 0,      -14.39636607
          0,           0,         276,      -7.596062726,      -8.033865532,      -8.152026677,      -7.038668002,             0.448,    0.008866896647,     -0.1276532237,                 0,                 0,                 0,    -0.05393808102,     0.01164952697,     -0.1274294154,                 0,       -14.3966067
          0,           0,         277,      -7.613296275,      -8.047631831,      -8.168718358,      -7.055749169,             0.448,    0.008866802411,     -0.1276538749,                 0,                 0,                 0,    -0.05393832353,     0.01164944696,     -0.1274300685,                 0,      -14.39683316
          0,           0,         278,      -7.631533002,      -8.061820474,      -8.185756808,       -7.07384681,             0.448,      0.0088667148,     -0.1276544938,                 0,                 0,                 0,    -0.05393852835,     0.01164937287,     -0.1274306891,                 0,       -14.3970452
          0,           0,         279,      -7.650748724,      -8.076404448,       -8.20306968,      -7.092940573,             0.448,    0.008866633817,     -0.1276550786,                 0,                 0,                 0,    -0.05393869646,     0.01164930466,     -0.1274312756,                 0,      -14.39724266
          0,           0,         280,      -7.670900881,      -8.091357516,      -8.220578014,       -7.11299241,             0.448,    0.008866559452,     -0.1276556279,                 0,                 0,                 0,    -0.05393882895,      0.0116492423,     -0.1274318263,                 0,      -14.39742536
          0,           0,         281,       -7.69192466,      -8.106653926,      -8.238192654,      -7.133942613,             0.448,    0.008866491684,     -0.1276561403,                 0,                 0,                 0,      -0.053938927,     0.01164918572,     -0.1274323401,                 0,      -14.39759319
          0,           0,         282,      -7.713728343,      -8.122269873,      -8.255811816,      -7.155705235,             0.448,    0.008866430481,     -0.1276566146,                 0,                 0,                 0,    -0.05393899191,     0.01164913488,     -0.1274328157,                 0,      -14.39774607
          0,           0,         283,      -7.736187894,      -8.138184403,      -8.273321063,      -7.178162795,             0.448,    0.008866375787,       -0.12765705,                 0,                 0,                 0,    -0.05393902506,      0.0116490897,     -0.1274332521,                 0,      -14.39788399
          0,           0,         284,       -7.75914105,      -8.154378852,       -8.29059586,      -7.201160265,             0.448,    0.008866327529,     -0.1276574456,                 0,                 0,                 0,    -0.05393902793,     0.01164905008,     -0.1274336486,                 0,      -14.39800697
          0,           0,         285,      -7.782381424,       -8.17083589,      -8.307506101,      -7.224498816,             0.448,    0.008866285614,     -0.1276578008,                 0,                 0,                 0,     -0.0539390021,     0.01164901593,     -0.1274340047,                 0,      -14.39811511
          0,           0,         286,      -7.805653648,      -8.187539099,      -8.323921372,      -7.247930379,             0.448,    0.008866249933,     -0.1276581156,                 0,                 0,                 0,    -0.05393894922,     0.01164898712,     -0.1274343202,                 0,      -14.39820855
          0,           0,         287,      -7.828651262,      -8.204472804,      -8.339716362,      -7.271154628,             0.448,     0.00886622036,       -0.12765839,                 0,                 0,                 0,      -0.053938871,     0.01164896354,     -0.1274345951,                 0,      -14.39828752
          0,           0,         288,      -7.851019679,      -8.221621537,      -8.354776693,      -7.293820681,             0.448,    0.008866196757,     -0.1276586241,                 0,                 0,                 0,    -0.05393876919,     0.01164894505,     -0.1274348298,                 0,      -14.39835226
          0,           0,         289,      -7.872365925,       -8.23896876,      -8.369004718,      -7.315535197,             0.448,    0.008866178974,     -0.1276588187,                 0,                 0,                 0,    -0.05393864558,     0.01164893152,     -0.1274350246,                 0,      -14.39840308
          0,           0,         290,       -7.89227853,      -8.256495679,      -8.382325377,      -7.335880649,             0.448,    0.008866166852,     -0.1276589743,                 0,                 0,                 0,    -0.05393850194,     0.01164892279,     -0.1274351806,                 0,      -14.39844033
          0,           0,         291,      -7.910357027,      -8.274179671,      -8.394690032,      -7.354443588,             0.448,    0.008866160223,     -0.1276590922,                 0,                 0,                 0,    -0.05393834006,     0.01164891874,     -0.1274352985,                 0,      -14.39846438
          0,           0,         292,      -7.926249643,       -8.29199321,      -8.406077953,      -7.370852037,             0.448,    0.008866158905,     -0.1276591732,                 0,                 0,                 0,     -0.0539381617,     0.01164891919,     -0.1274353796,                 0,      -14.39847567
          0,           0,         293,       -7.93969375,      -8.309902826,       -8.41649639,      -7.384817236,             0.448,    0.008866162708,     -0.1276592189,                 0,                 0,                 0,    -0.05393796859,     0.01164892399,     -0.1274354252,                 0,      -14.39847464
          0,           0,         294,      -7.950550411,      -8.327868179,      -8.425979608,      -7.396171102,             0.448,     0.00886617143,     -0.1276592306,                 0,                 0,                 0,    -0.05393776245,     0.01164893296,     -0.1274354367,                 0,       -14.3984618
          0,           0,         295,      -7.958824311,      -8.345841819,      -8.434586783,      -7.404890145,             0.448,    0.008866184858,     -0.1276592099,                 0,                 0,                 0,    -0.05393754494,     0.01164894593,     -0.1274354156,                 0,      -14.39843765
          0,           0,         296,      -7.964663423,      -8.363769866,      -8.442399154,      -7.411099099,             0.448,    0.008866202769,     -0.1276591583,                 0,                 0,                 0,    -0.05393731768,     0.01164896271,     -0.1274353637,                 0,      -14.39840274
          0,           0,         297,      -7.968338436,      -8.381593443,      -8.449516714,      -7.415053174,             0.448,     0.00886622493,     -0.1276590776,                 0,                 0,                 0,    -0.05393708227,     0.01164898311,     -0.1274352825,                 0,      -14.39835765
          0,           0,         298,      -7.970207689,       -8.39925092,      -8.456054395,      -7.417104007,             0.448,    0.008866251099,     -0.1276589695,                 0,                 0,                 0,    -0.05393684023,     0.01164900692,     -0.1274351739,                 0,      -14.39830297
          0,           0,         299,      -7.970676509,        -8.4166807,      -8.462137597,      -7.417658247,             0.448,    0.008866281031,      -0.127658836,                 0,                 0,                 0,    -0.05393659304,     0.01164903393,     -0.1274350397,                 0,       -14.3982393
          0,           0,         300,      -7.970159394,      -8.433823766,      -8.467897167,      -7.417137817,             0.448,    0.008866314475,     -0.1276586787,                 0,                 0,                 0,    -0.05393634214,     0.01164906393,     -0.1274348818,                 0,      -14.39816725
          0,           0,         301,      -7.969050594,      -8.450625503,      -8.473464278,      -7.415948147,             0.448,    0.008866351177,     -0.1276584997,                 0,                 0,                 0,    -0.05393608888,     0.01164909672,     -0.1274347021,                 0,      -14.39808746
          0,           0,         302,      -7.967705079,      -8.467036679,      -8.478965799,      -7.414456982,             0.448,    0.008866390886,     -0.1276583009,                 0,                 0,                 0,    -0.05393583455,     0.01164913208,     -0.1274345024,                 0,      -14.39800056
          0,           0,         303,      -7.966429117,      -8.483013705,       -8.48452063,      -7.412983312,             0.448,    0.008866433347,     -0.1276580842,                 0,                 0,                 0,    -0.05393558038,     0.01164916981,     -0.1274342848,                 0,      -14.39790716
          0,           0,         304,      -7.965478204,      -8.498518378,       -8.49023721,      -7.411794262,             0.448,    0.008866478309,     -0.1276578514,                 0,                 0,                 0,    -0.05393532752,     0.01164920968,     -0.1274340511,                 0,       -14.3978079
          0,           0,         305,      -7.965059816,      -8.513517353,      -8.496212147,      -7.411107298,             0.448,    0.008866525525,     -0.1276576045,                 0,                 0,                 0,    -0.05393507704,      0.0116492515,     -0.1274338032,                 0,      -14.39770338
          0,           0,         306,      -7.965338784,      -8.527981515,      -8.502529758,      -7.411095454,             0.448,     0.00886657475,     -0.1276573454,                 0,                 0,                 0,    -0.05393482994,     0.01164929506,     -0.1274335431,                 0,      -14.39759422
          0,           0,         307,        -7.9664437,      -8.541885374,      -8.509262262,      -7.411893812,             0.448,    0.008866625743,     -0.1276570759,                 0,                 0,                 0,    -0.05393458715,     0.01164934016,     -0.1274332725,                 0,      -14.39748102
          0,           0,         308,      -7.968473332,      -8.555206567,      -8.516470393,      -7.413606124,             0.448,    0.008866678269,     -0.1276567977,                 0,                 0,                 0,    -0.05393434951,     0.01164938661,     -0.1274329933,                 0,      -14.39736436
          0,           0,         309,      -7.971502502,       -8.56792552,      -8.524204247,      -7.416310939,             0.448,    0.008866732099,     -0.1276565127,                 0,                 0,                 0,     -0.0539341178,     0.01164943421,     -0.1274327072,                 0,      -14.39724481
          0,           0,         310,      -7.975587166,       -8.58002529,      -8.532504218,      -7.420066928,             0.448,    0.008866787009,     -0.1276562226,                 0,                 0,                 0,    -0.05393389271,     0.01164948277,     -0.1274324159,                 0,      -14.39712293
          0,           0,         311,      -7.980768636,      -8.591491615,      -8.541401925,      -7.424917342,             0.448,    0.008866842783,     -0.1276559289,                 0,                 0,                 0,    -0.05393367488,     0.01164953213,     -0.1274321211,                 0,      -14.39699925
          0,           0,         312,      -7.987077001,      -8.602313173,      -8.550921073,      -7.430893619,             0.448,    0.008866899211,     -0.1276556332,                 0,                 0,                 0,    -0.05393346487,     0.01164958209,     -0.1274318243,                 0,      -14.39687428
          0,           0,         313,      -7.994533809,      -8.612482031,      -8.561078191,      -7.438018236,             0.448,    0.008866956091,     -0.1276553372,                 0,                 0,                 0,    -0.05393326316,      0.0116496325,      -0.127431527,                 0,      -14.39674854
          0,           0,         314,      -8.003154138,      -8.621994269,      -8.571883244,      -7.446306906,             0.448,    0.008867013228,     -0.1276550421,                 0,                 0,                 0,    -0.05393307018,     0.01164968319,     -0.1274312308,                 0,       -14.3966225
          0,           0,         315,       -8.01294811,       -8.63085071,      -8.583340092,      -7.455770209,             0.448,    0.008867070434,     -0.1276547495,                 0,                 0,                 0,    -0.05393288629,       0.011649734,      -0.127430937,                 0,      -14.39649661
          0,           0,         316,      -8.023921955,      -8.639057673,      -8.595446797,       -7.46641475,             0.448,    0.008867127531,     -0.1276544606,                 0,                 0,                 0,    -0.05393271182,     0.01164978478,     -0.1274306469,                 0,      -14.39637133
          0,           0,         317,      -8.036078667,      -8.646627708,      -8.608195793,        -7.4782439,             0.448,    0.008867184345,     -0.1276541766,                 0,                 0,                 0,    -0.05393254699,     0.01164983538,     -0.1274303618,                 0,      -14.39624707
          0,           0,         318,      -8.049418286,      -8.653580224,      -8.621573915,      -7.491258158,             0.448,    0.008867240713,     -0.1276538988,                 0,                 0,                 0,    -0.05393239203,     0.01164988568,     -0.1274300828,                 0,      -14.39612422
          0,           0,         319,      -8.063937817,      -8.659941958,      -8.635562308,      -7.505455154,             0.448,    0.008867296477,     -0.1276536283,                 0,                 0,                 0,    -0.05393224707,     0.01164993553,     -0.1274298112,                 0,      -14.39600319
          0,           0,         320,      -8.079630788,      -8.665747252,      -8.650136218,      -7.520829295,             0.448,    0.008867351486,     -0.1276533662,                 0,                 0,                 0,    -0.05393211221,      0.0116499848,     -0.1274295479,                 0,      -14.39588431
          0,           0,         321,        -8.0964864,      -8.671038153,       -8.66526468,      -7.537371021,             0.448,    0.008867405596,     -0.1276531133,                 0,                 0,                 0,    -0.05393198753,     0.01165003339,     -0.1274292939,                 0,      -14.39576796
          0,           0,         322,      -8.114488223,      -8.675864337,      -8.680910128,      -7.555065615,             0.448,     0.00886745867,     -0.1276528708,                 0,                 0,                 0,    -0.05393187304,     0.01165008116,     -0.1274290503,                 0,      -14.39565444
          0,           0,         323,      -8.133612359,      -8.680282848,      -8.697027947,      -7.573891513,             0.448,    0.008867510576,     -0.1276526394,                 0,                 0,                 0,    -0.05393176872,       0.011650128,     -0.1274288178,                 0,      -14.39554408
          0,           0,         324,      -8.153824971,       -8.68435772,      -8.713566001,      -7.593818007,             0.448,    0.008867561188,       -0.12765242,                 0,                 0,                 0,    -0.05393167451,     0.01165017381,     -0.1274285973,                 0,      -14.39543717
          0,           0,         325,       -8.17507908,      -8.688159482,      -8.730464215,      -7.614802243,             0.448,    0.008867610387,     -0.1276522133,                 0,                 0,                 0,    -0.05393159033,     0.01165021849,     -0.1274283896,                 0,        -14.395334
          0,           0,         326,      -8.197310523,       -8.69176448,      -8.747654275,      -7.636785412,             0.448,     0.00886765806,       -0.12765202,                 0,                 0,                 0,    -0.05393151602,     0.01165026194,     -0.1274281954,                 0,      -14.39523481
          0,           0,         327,      -8.220432998,       -8.69525407,      -8.765059584,      -7.659688044,             0.448,    0.008867704101,     -0.1276518408,                 0,                 0,                 0,    -0.05393145144,     0.01165030406,     -0.1274280152,                 0,      -14.39513987
          0,           0,         328,      -8.244332204,      -8.698713577,      -8.782595601,      -7.683404406,             0.448,    0.008867748413,     -0.1276516762,                 0,                 0,                 0,    -0.05393139636,     0.01165034477,     -0.1274278497,                 0,      -14.39504937
          0,           0,         329,      -8.268859202,      -8.702231076,      -8.800170722,      -7.707796068,             0.448,    0.008867790908,     -0.1276515267,                 0,                 0,                 0,    -0.05393135055,     0.01165038399,     -0.1274276992,                 0,      -14.39496352
          0,           0,         330,      -8.293823386,      -8.705895975,      -8.817687755,      -7.732684968,             0.448,    0.008867831506,     -0.1276513925,                 0,                 0,                 0,    -0.05393131371,     0.01165042165,     -0.1274275642,                 0,      -14.39488249
          0,           0,         331,      -8.318985785,      -8.709797441,      -8.835046038,      -7.757846594,             0.448,     0.00886787014,     -0.1276512739,                 0,                 0,                 0,    -0.05393128553,     0.01165045769,     -0.1274274448,                 0,       -14.3948064
          0,           0,         332,      -8.344053986,      -8.714022729,      -8.852144004,      -7.783004375,             0.448,    0.008867906752,      -0.127651171,                 0,                 0,                 0,    -0.05393126565,     0.01165049205,     -0.1274273411,                 0,      -14.39473537
          0,           0,         333,      -8.368680626,      -8.718655388,      -8.868881951,      -7.807827044,             0.448,    0.008867941294,     -0.1276510839,                 0,                 0,                 0,     -0.0539312537,     0.01165052468,     -0.1274272533,                 0,      -14.39466948
          0,           0,         334,      -8.392468142,      -8.723773356,      -8.885164699,      -7.831931405,             0.448,    0.008867973728,     -0.1276510124,                 0,                 0,                 0,    -0.05393124927,     0.01165055555,     -0.1274271811,                 0,      -14.39460877
          0,           0,         335,      -8.414982785,      -8.729446954,      -8.900903978,      -7.854893444,             0.448,    0.008868004026,     -0.1276509564,                 0,                 0,                 0,    -0.05393125196,     0.01165058462,     -0.1274271245,                 0,      -14.39455328
          0,           0,         336,      -8.435780398,       -8.73573695,      -8.916020616,       -7.87627049,             0.448,     0.00886803217,     -0.1276509156,                 0,                 0,                 0,    -0.05393126134,     0.01165061187,     -0.1274270831,                 0,        -14.394503
          0,           0,         337,      -8.454444145,      -8.742693058,      -8.930446887,      -7.895635437,             0.448,     0.00886805815,     -0.1276508897,                 0,                 0,                 0,    -0.05393127698,     0.01165063728,     -0.1274270566,                 0,       -14.3944579
          0,           0,         338,       -8.47063043,      -8.750353304,      -8.944129342,      -7.912620532,             0.448,    0.008868081966,     -0.1276508783,                 0,                 0,                 0,    -0.05393129843,     0.01165066084,     -0.1274270446,                 0,      -14.39441795
          0,           0,         339,      -8.484114496,      -8.758744566,      -8.957032128,      -7.926963637,             0.448,     0.00886810363,     -0.1276508809,                 0,                 0,                 0,    -0.05393132527,     0.01165068255,     -0.1274270468,                 0,      -14.39438308
          0,           0,         340,      -8.494824296,      -8.767884378,       -8.96914037,      -7.938546201,             0.448,    0.008868123159,      -0.127650897,                 0,                 0,                 0,    -0.05393135707,     0.01165070243,     -0.1274270625,                 0,      -14.39435321
          0,           0,         341,      -8.502852631,      -8.777783664,      -8.980462855,      -7.947412216,             0.448,    0.008868140582,     -0.1276509262,                 0,                 0,                 0,    -0.05393139339,     0.01165072048,     -0.1274270912,                 0,      -14.39432821
          0,           0,         342,      -8.508443677,      -8.788449781,      -8.991033184,      -7.953762222,             0.448,    0.008868155935,     -0.1276509678,                 0,                 0,                 0,     -0.0539314338,     0.01165073674,     -0.1274271325,                 0,      -14.39430798
          0,           0,         343,      -8.511958051,      -8.799889294,      -9.000908928,      -7.957924177,             0.448,    0.008868169261,     -0.1276510212,                 0,                 0,                 0,    -0.05393147789,     0.01165075123,     -0.1274271856,                 0,      -14.39429238
          0,           0,         344,      -8.513826537,       -8.81210991,      -9.010168618,       -7.96030983,             0.448,    0.008868180608,     -0.1276510859,                 0,                 0,                 0,    -0.05393152523,     0.01165076398,     -0.1274272501,                 0,      -14.39428126
          0,           0,         345,      -8.514503774,      -8.825121486,      -9.018906919,      -7.961367878,             0.448,     0.00886819003,     -0.1276511612,                 0,                 0,                 0,    -0.05393157542,     0.01165077505,     -0.1274273251,                 0,      -14.39427445
          0,           0,         346,      -8.514430364,        -8.8389361,      -9.027228678,      -7.961543368,             0.448,    0.008868197587,     -0.1276512464,                 0,                 0,                 0,    -0.05393162808,     0.01165078446,     -0.1274274101,                 0,      -14.39427179
          0,           0,         347,      -8.514007176,      -8.853567581,      -9.035242697,      -7.961248489,             0.448,    0.008868203341,     -0.1276513409,                 0,                 0,                 0,     -0.0539316828,     0.01165079227,     -0.1274275045,                 0,      -14.39427311
          0,           0,         348,      -8.513581666,      -8.869030685,      -9.043056045,      -7.960845579,             0.448,    0.008868207357,      -0.127651444,                 0,                 0,                 0,    -0.05393173924,     0.01165079854,     -0.1274276075,                 0,      -14.39427822
          0,           0,         349,      -8.513443697,      -8.885340238,      -9.050769453,      -7.960640408,             0.448,    0.008868209702,      -0.127651555,                 0,                 0,                 0,    -0.05393179703,     0.01165080331,     -0.1274277184,                 0,      -14.39428693
          0,           0,         350,       -8.51382771,      -8.902510234,      -9.058473995,      -7.960882673,             0.448,    0.008868210447,     -0.1276516733,                 0,                 0,                 0,    -0.05393185583,     0.01165080663,     -0.1274278367,                 0,      -14.39429906
          0,           0,         351,      -8.514918389,      -8.920552876,      -9.066248975,      -7.961770736,             0.448,    0.008868209661,     -0.1276517983,                 0,                 0,                 0,    -0.05393191532,     0.01165080857,     -0.1274279616,                 0,      -14.39431443
          0,           0,         352,      -8.516857744,      -8.939477404,       -9.07416076,      -7.963458327,             0.448,    0.008868207417,     -0.1276519291,                 0,                 0,                 0,    -0.05393197519,     0.01165080918,     -0.1274280925,                 0,      -14.39433282
          0,           0,         353,      -8.519752266,      -8.959288534,        -9.0822623,      -7.966061659,             0.448,    0.008868203789,     -0.1276520653,                 0,                 0,                 0,    -0.05393203516,     0.01165080852,     -0.1274282287,                 0,      -14.39435407
          0,           0,         354,      -8.523679407,      -8.979984322,      -9.090593071,      -7.969666054,             0.448,    0.008868198848,     -0.1276522061,                 0,                 0,                 0,    -0.05393209495,     0.01165080666,     -0.1274283696,                 0,      -14.39437796
          0,           0,         355,      -8.528693033,      -9.001553246,      -9.099179274,      -7.974331651,             0.448,    0.008868192668,     -0.1276523509,                 0,                 0,                 0,    -0.05393215431,     0.01165080364,     -0.1274285145,                 0,      -14.39440432
          0,           0,         356,      -8.534827762,      -9.023970295,      -9.108034171,       -7.98009801,             0.448,    0.008868185323,      -0.127652499,                 0,                 0,                 0,    -0.05393221298,     0.01165079953,     -0.1274286628,                 0,      -14.39443295
          0,           0,         357,      -8.542102173,       -9.04719182,        -9.1171585,      -7.986987599,             0.448,    0.008868176886,     -0.1276526499,                 0,                 0,                 0,    -0.05393227075,     0.01165079438,     -0.1274288138,                 0,      -14.39446366
          0,           0,         358,       -8.55052097,       -9.07114891,      -9.126540919,       -7.99500822,             0.448,    0.008868167431,      -0.127652803,                 0,                 0,                 0,    -0.05393232741,     0.01165078827,      -0.127428967,                 0,      -14.39449627
          0,           0,         359,      -8.560076169,       -9.09573906,      -9.136158535,      -8.004154448,             0.448,     0.00886815703,     -0.1276529575,                 0,                 0,                 0,    -0.05393238275,     0.01165078124,     -0.1274291217,                 0,      -14.39453057
          0,           0,         360,      -8.570747359,      -9.120816127,      -9.145977489,      -8.014408132,             0.448,    0.008868145757,     -0.1276531129,                 0,                 0,                 0,     -0.0539324366,     0.01165077336,     -0.1274292774,                 0,       -14.3945664
          0,           0,         361,      -8.582501097,      -9.146178784,      -9.155953657,      -8.025738026,             0.448,    0.008868133686,     -0.1276532687,                 0,                 0,                 0,     -0.0539324888,     0.01165076469,     -0.1274294333,                 0,      -14.39460355
          0,           0,         362,      -8.595289445,       -9.17155845,      -9.166033563,      -8.038098574,             0.448,     0.00886812089,     -0.1276534241,                 0,                 0,                 0,    -0.05393253919,     0.01165075529,      -0.127429589,                 0,      -14.39464185
          0,           0,         363,      -8.609047697,      -9.196608785,      -9.176155486,      -8.051427898,             0.448,    0.008868107442,     -0.1276535787,                 0,                 0,                 0,    -0.05393258763,     0.01165074522,     -0.1274297438,                 0,      -14.39468111
          0,           0,         364,      -8.623691334,       -9.22090011,       -9.18625091,      -8.065645034,             0.448,    0.008868093417,     -0.1276537318,                 0,                 0,                 0,    -0.05393263401,     0.01165073453,     -0.1274298972,                 0,      -14.39472114
          0,           0,         365,      -8.639112342,      -9.243923931,      -9.196246301,       -8.08064655,             0.448,    0.008868078889,     -0.1276538828,                 0,                 0,                 0,     -0.0539326782,      0.0116507233,     -0.1274300485,                 0,      -14.39476175
          0,           0,         366,      -8.655175103,      -9.265113652,      -9.206065311,      -8.096302733,             0.448,     0.00886806393,     -0.1276540313,                 0,                 0,                 0,    -0.05393272012,     0.01165071159,     -0.1274301973,                 0,      -14.39480278
          0,           0,         367,      -8.671712287,      -9.283885985,      -9.215631414,      -8.112453752,             0.448,    0.008868048615,     -0.1276541766,                 0,                 0,                 0,    -0.05393275969,     0.01165069945,     -0.1274303429,                 0,      -14.39484403
          0,           0,         368,       -8.68852137,      -9.299703409,      -9.224870958,      -8.128906351,             0.448,    0.008868033016,     -0.1276543184,                 0,                 0,                 0,    -0.05393279685,     0.01165068694,      -0.127430485,                 0,      -14.39488533
          0,           0,         369,       -8.70536271,      -9.312148886,      -9.233716548,      -8.145431938,             0.448,    0.008868017204,      -0.127654456,                 0,                 0,                 0,    -0.05393283156,     0.01165067414,     -0.1274306229,                 0,      -14.39492651
          0,           0,         370,      -8.721960363,      -9.320995799,      -9.242110563,      -8.161767142,             0.448,    0.008868001248,      -0.127654589,                 0,                 0,                 0,    -0.05393286378,     0.01165066109,     -0.1274307563,                 0,      -14.39496742
          0,           0,         371,      -8.738006976,      -9.326251531,      -9.250008502,      -8.177618093,             0.448,    0.008867985216,     -0.1276547172,                 0,                 0,                 0,    -0.05393289351,     0.01165064785,     -0.1274308847,                 0,      -14.39500789
          0,           0,         372,      -8.753173962,      -9.328159375,      -9.257381636,      -8.192669543,             0.448,     0.00886796917,     -0.1276548401,                 0,                 0,                 0,    -0.05393292075,     0.01165063449,     -0.1274310079,                 0,       -14.3950478
          0,           0,         373,      -8.767127603,      -9.327157869,      -9.264218445,      -8.206599496,             0.448,    0.008867953174,     -0.1276549574,                 0,                 0,                 0,    -0.05393294553,     0.01165062106,     -0.1274311256,                 0,      -14.39508699
          0,           0,         374,      -8.779550729,      -9.323810734,      -9.270524473,      -8.219099098,             0.448,    0.008867937284,     -0.1276550689,                 0,                 0,                 0,    -0.05393296789,     0.01165060761,     -0.1274312375,                 0,      -14.39512536
          0,           0,         375,      -8.790168233,       -9.31872885,      -9.276320641,      -8.229896286,             0.448,    0.008867921558,     -0.1276551745,                 0,                 0,                 0,    -0.05393298785,     0.01165059419,     -0.1274313433,                 0,       -14.3951628
          0,           0,         376,      -8.798773206,      -9.312502854,      -9.281640676,      -8.238780396,             0.448,    0.008867906048,     -0.1276552739,                 0,                 0,                 0,     -0.0539330055,     0.01165058085,     -0.1274314431,                 0,      -14.39519919
          0,           0,         377,      -8.805249365,      -9.305657226,      -9.286528632,       -8.24562387,             0.448,    0.008867890804,     -0.1276553671,                 0,                 0,                 0,    -0.05393302088,     0.01165056764,     -0.1274315366,                 0,      -14.39523444
          0,           0,         378,      -8.809585116,      -9.298627965,      -9.291037178,      -8.250396854,             0.448,    0.008867875869,      -0.127655454,                 0,                 0,                 0,    -0.05393303407,     0.01165055461,     -0.1274316237,                 0,      -14.39526848
          0,           0,         379,      -8.811875685,      -9.291759665,      -9.295226566,       -8.25317121,             0.448,    0.008867861286,     -0.1276555345,                 0,                 0,                 0,    -0.05393304514,     0.01165054178,     -0.1274317045,                 0,      -14.39530123
          0,           0,         380,      -8.812312305,      -9.285314748,      -9.299163827,      -8.254112614,             0.448,    0.008867847092,     -0.1276556086,                 0,                 0,                 0,    -0.05393305419,     0.01165052921,     -0.1274317789,                 0,      -14.39533263
          0,           0,         381,      -8.811160709,      -9.279488222,       -9.30292161,      -8.253462229,             0.448,     0.00886783332,     -0.1276556763,                 0,                 0,                 0,    -0.05393306131,     0.01165051692,      -0.127431847,                 0,      -14.39536263
          0,           0,         382,      -8.808733686,      -9.274422679,      -9.306576578,      -8.251511912,             0.448,    0.008867819998,     -0.1276557378,                 0,                 0,                 0,    -0.05393306658,     0.01165050494,     -0.1274319087,                 0,      -14.39539118
          0,           0,         383,      -8.805363222,      -9.270221255,      -9.310207531,       -8.24857792,             0.448,     0.00886780715,      -0.127655793,                 0,                 0,                 0,    -0.05393307012,      0.0116504933,     -0.1274319642,                 0,      -14.39541826
          0,           0,         384,      -8.801376667,       -9.26695771,      -9.313893583,      -8.244977454,             0.448,    0.008867794798,     -0.1276558421,                 0,                 0,                 0,    -0.05393307202,     0.01165048202,     -0.1274320136,                 0,      -14.39544385
          0,           0,         385,      -8.797079298,      -9.264683918,      -9.317712539,      -8.241010697,             0.448,    0.008867782958,     -0.1276558852,                 0,                 0,                 0,    -0.05393307241,     0.01165047113,     -0.1274320569,                 0,      -14.39546794
          0,           0,         386,      -8.792743732,      -9.263435261,      -9.321739556,      -8.236949185,             0.448,    0.008867771645,     -0.1276559225,                 0,                 0,                 0,    -0.05393307138,     0.01165046063,     -0.1274320945,                 0,      -14.39549051
          0,           0,         387,       -8.78860523,      -9.263234683,      -9.326046046,      -8.233029932,             0.448,    0.008867760869,     -0.1276559542,                 0,                 0,                 0,    -0.05393306906,     0.01165045055,     -0.1274321263,                 0,      -14.39551157
          0,           0,         388,      -8.784861355,      -9.264095908,      -9.330698872,      -8.229454034,             0.448,    0.008867750638,     -0.1276559804,                 0,                 0,                 0,    -0.05393306554,     0.01165044089,     -0.1274321527,                 0,      -14.39553113
          0,           0,         389,      -8.781674447,      -9.266025872,      -9.335759743,      -8.226388298,             0.448,    0.008867740957,     -0.1276560012,                 0,                 0,                 0,    -0.05393306095,     0.01165043167,     -0.1274321738,                 0,       -14.3955492
          0,           0,         390,      -8.779175583,      -9.269026736,      -9.341284885,      -8.223968607,             0.448,    0.008867731828,     -0.1276560171,                 0,                 0,                 0,    -0.05393305538,     0.01165042288,     -0.1274321898,                 0,       -14.3955658
          0,           0,         391,      -8.777469128,      -9.273097577,      -9.347324915,      -8.222304083,             0.448,    0.008867723253,     -0.1276560281,                 0,                 0,                 0,    -0.05393304893,     0.01165041455,      -0.127432201,                 0,      -14.39558096
          0,           0,         392,      -8.776637274,      -9.278235673,      -9.353924916,      -8.221481389,             0.448,    0.008867715228,     -0.1276560344,                 0,                 0,                 0,    -0.05393304172,     0.01165040667,     -0.1274322075,                 0,      -14.39559471
          0,           0,         393,      -8.776744225,      -9.284437486,      -9.361124658,      -8.221568799,             0.448,    0.008867707751,     -0.1276560364,                 0,                 0,                 0,    -0.05393303384,     0.01165039923,     -0.1274322097,                 0,      -14.39560707
          0,           0,         394,      -8.777839904,      -9.291699425,       -9.36895892,      -8.222619847,             0.448,    0.008867700815,     -0.1276560342,                 0,                 0,                 0,    -0.05393302538,     0.01165039225,     -0.1274322076,                 0,      -14.39561808
          0,           0,         395,       -8.77996311,        -9.3000184,      -9.377457831,      -8.224676489,             0.448,    0.008867694415,      -0.127656028,                 0,                 0,                 0,    -0.05393301643,     0.01165038572,     -0.1274322016,                 0,      -14.39562778
          0,           0,         396,      -8.783144174,      -9.309392255,      -9.386647199,      -8.227771771,             0.448,    0.008867688542,     -0.1276560182,                 0,                 0,                 0,    -0.05393300709,     0.01165037963,     -0.1274321919,                 0,       -14.3956362
          0,           0,         397,      -8.787407142,      -9.319820049,      -9.396548803,      -8.231932048,             0.448,    0.008867683185,     -0.1276560049,                 0,                 0,                 0,    -0.05393299742,     0.01165037399,     -0.1274321788,                 0,       -14.3956434
          0,           0,         398,      -8.792771563,      -9.331302247,      -9.407180582,       -8.23717882,             0.448,    0.008867678335,     -0.1276559885,                 0,                 0,                 0,    -0.05393298751,     0.01165036878,     -0.1274321624,                 0,      -14.39564942
          0,           0,         399,      -8.799253936,      -9.343840847,      -9.418556756,      -8.243530207,             0.448,    0.008867673979,      -0.127655969,                 0,                 0,                 0,    -0.05393297743,       0.011650364,      -0.127432143,                 0,      -14.39565429
          0,           0,         400,      -8.806868873,      -9.357439358,      -9.430687792,      -8.251002166,             0.448,    0.008867670104,     -0.1276559468,                 0,                 0,                 0,    -0.05393296724,     0.01165035964,     -0.1274321209,                 0,      -14.39565808
          0,           0,         401,      -8.815630037,      -9.372102777,      -9.443580273,      -8.259609464,             0.448,    0.008867666697,      -0.127655922,                 0,                 0,                 0,    -0.05393295702,     0.01165035569,     -0.1274320962,                 0,      -14.39566082
          0,           0,         402,      -8.825550877,      -9.387837309,      -9.457236565,       -8.26936645,             0.448,    0.008867663743,     -0.1276558949,                 0,                 0,                 0,    -0.05393294681,     0.01165035215,     -0.1274320692,                 0,      -14.39566256
          0,           0,         403,       -8.83664522,      -9.404650079,      -9.471654279,      -8.280287686,             0.448,    0.008867661228,     -0.1276558657,                 0,                 0,                 0,    -0.05393293668,       0.011650349,     -0.1274320401,                 0,      -14.39566335
          0,           0,         404,      -8.848927716,      -9.422548595,      -9.486825525,      -8.292388419,             0.448,    0.008867659136,     -0.1276558346,                 0,                 0,                 0,    -0.05393292666,     0.01165034623,      -0.127432009,                 0,      -14.39566324
          0,           0,         405,      -8.862414155,      -9.441540042,      -9.502735862,      -8.305684946,             0.448,    0.008867657453,     -0.1276558018,                 0,                 0,                 0,    -0.05393291681,     0.01165034383,     -0.1274319762,                 0,      -14.39566227
          0,           0,         406,      -8.877121666,      -9.461630247,      -9.519362979,      -8.320194837,             0.448,    0.008867656162,     -0.1276557674,                 0,                 0,                 0,    -0.05393290717,     0.01165034179,     -0.1274319419,                 0,      -14.39566049
          0,           0,         407,      -8.893068748,      -9.482822244,      -9.536675036,      -8.335937017,             0.448,    0.008867655248,     -0.1276557317,                 0,                 0,                 0,    -0.05393289777,      0.0116503401,     -0.1274319062,                 0,      -14.39565794
          0,           0,         408,       -8.91027511,      -9.505114261,      -9.554628665,      -8.352931649,             0.448,    0.008867654696,     -0.1276556948,                 0,                 0,                 0,    -0.05393288864,     0.01165033874,     -0.1274318693,                 0,      -14.39565467
          0,           0,         409,      -8.928761204,      -9.528496693,      -9.573166626,      -8.371199732,             0.448,    0.008867654491,     -0.1276556568,                 0,                 0,                 0,    -0.05393287982,     0.01165033771,     -0.1274318314,                 0,      -14.39565073
          0,           0,         410,        -8.9485473,      -9.552948009,      -9.592215124,      -8.390762257,             0.448,    0.008867654617,      -0.127655618,                 0,                 0,                 0,    -0.05393287134,     0.01165033699,     -0.1274317925,                 0,      -14.39564614
          0,           0,         411,      -8.969651862,      -9.578428805,      -9.611680818,      -8.411638697,             0.448,    0.008867655059,     -0.1276555784,                 0,                 0,                 0,    -0.05393286322,     0.01165033656,      -0.127431753,                 0,      -14.39564096
          0,           0,         412,      -8.992088854,      -9.604873856,      -9.631447638,      -8.433844479,             0.448,    0.008867655802,     -0.1276555383,                 0,                 0,                 0,    -0.05393285549,     0.01165033643,     -0.1274317129,                 0,      -14.39563524
          0,           0,         413,      -9.015863492,      -9.632181206,      -9.651373458,      -8.457386978,             0.448,     0.00886765683,     -0.1276554979,                 0,                 0,                 0,    -0.05393284817,     0.01165033658,     -0.1274316724,                 0,      -14.39562901
          0,           0,         414,      -9.040965844,      -9.660198961,      -9.671287107,      -8.482259477,             0.448,    0.008867658125,     -0.1276554573,                 0,                 0,                 0,     -0.0539328413,     0.01165033699,     -0.1274316318,                 0,      -14.39562233
          0,           0,         415,      -9.067361611,      -9.688709351,       -9.69098627,       -8.50843243,             0.448,     0.00886765967,     -0.1276554167,                 0,                 0,                 0,     -0.0539328349,     0.01165033765,     -0.1274315912,                 0,      -14.39561525
          0,           0,         416,      -9.094979469,      -9.717412016,      -9.710237559,      -8.535841444,             0.448,    0.008867661445,     -0.1276553765,                 0,                 0,                 0,    -0.05393282899,     0.01165033854,     -0.1274315509,                 0,      -14.39560782
          0,           0,         417,      -9.123694443,      -9.745908616,      -9.728780411,      -8.564371394,             0.448,     0.00886766343,     -0.1276553367,                 0,                 0,                 0,    -0.05393282358,     0.01165033966,     -0.1274315111,                 0,      -14.39560012
          0,           0,         418,      -9.153307037,      -9.773693524,      -9.746336422,      -8.593836338,             0.448,    0.008867665603,     -0.1276552976,                 0,                 0,                 0,     -0.0539328187,     0.01165034098,      -0.127431472,                 0,      -14.39559218
          0,           0,         419,      -9.183518427,       -9.80015616,      -9.762625225,      -8.623955311,             0.448,    0.008867667945,     -0.1276552595,                 0,                 0,                 0,    -0.05393281435,     0.01165034249,     -0.1274314338,                 0,      -14.39558408
          0,           0,         420,      -9.213903173,      -9.824604149,      -9.777386283,       -8.65432515,             0.448,    0.008867670433,     -0.1276552224,                 0,                 0,                 0,    -0.05393281052,     0.01165034417,     -0.1274313967,                 0,      -14.39557586
          0,           0,         421,      -9.243883547,      -9.846315147,      -9.790404344,      -8.684393882,             0.448,    0.008867673049,     -0.1276551865,                 0,                 0,                 0,    -0.05393280722,       0.011650346,     -0.1274313608,                 0,      -14.39556757
          0,           0,         422,      -9.272713994,      -9.864621432,      -9.801534293,      -8.713442535,             0.448,    0.008867675773,      -0.127655152,                 0,                 0,                 0,    -0.05393280444,     0.01165034797,     -0.1274313262,                 0,      -14.39555925
          0,           0,         423,      -9.299490012,      -9.879018526,      -9.810719387,      -8.740589057,             0.448,    0.008867678587,      -0.127655119,                 0,                 0,                 0,    -0.05393280215,     0.01165035006,     -0.1274312931,                 0,      -14.39555096
          0,           0,         424,      -9.323200014,      -9.889269853,      -9.817996831,      -8.764832943,             0.448,    0.008867681473,     -0.1276550874,                 0,                 0,                 0,    -0.05393280034,     0.01165035226,     -0.1274312615,                 0,      -14.39554271
          0,           0,         425,      -9.342834912,      -9.895467352,      -9.823486831,      -8.785156666,             0.448,    0.008867684414,     -0.1276550574,                 0,                 0,                 0,    -0.05393279899,     0.01165035455,     -0.1274312314,                 0,      -14.39553455
          0,           0,         426,      -9.357551218,      -9.898013985,      -9.827367782,      -8.800682954,             0.448,    0.008867687395,      -0.127655029,                 0,                 0,                 0,    -0.05393279806,     0.01165035691,      -0.127431203,                 0,      -14.39552651
          0,           0,         427,      -9.366849668,      -9.897528876,      -9.829847475,      -8.810854296,             0.448,    0.008867690399,     -0.1276550023,                 0,                 0,                 0,    -0.05393279755,     0.01165035933,     -0.1274311762,                 0,      -14.39551862
          0,           0,         428,       -9.37070187,      -9.894717221,      -9.831142721,      -8.815569744,             0.448,    0.008867693412,     -0.1276549772,                 0,                 0,                 0,    -0.05393279742,     0.01165036179,      -0.127431151,                 0,       -14.3955109
          0,           0,         429,      -9.369563585,      -9.890260847,      -9.831472473,      -8.815214913,             0.448,     0.00886769642,     -0.1276549538,                 0,                 0,                 0,    -0.05393279765,     0.01165036429,     -0.1274311276,                 0,      -14.39550338
          0,           0,         430,      -9.364265122,      -9.884760783,      -9.831059214,       -8.81056818,             0.448,    0.008867699412,     -0.1276549321,                 0,                 0,                 0,    -0.05393279822,     0.01165036681,     -0.1274311058,                 0,      -14.39549608
          0,           0,         431,      -9.355830643,      -9.878723625,      -9.830129368,      -8.802627961,             0.448,    0.008867702374,     -0.1276549121,                 0,                 0,                 0,    -0.05393279911,     0.01165036933,     -0.1274310858,                 0,      -14.39548902
          0,           0,         432,        -9.3453007,      -9.872568956,       -9.82890782,      -8.792433719,             0.448,    0.008867705298,     -0.1276548938,                 0,                 0,                 0,    -0.05393280028,     0.01165037186,     -0.1274310675,                 0,      -14.39548221
          0,           0,         433,       -9.33360818,      -9.866639514,      -9.827608314,      -8.780934384,             0.448,    0.008867708173,     -0.1276548772,                 0,                 0,                 0,    -0.05393280172,     0.01165037437,     -0.1274310508,                 0,      -14.39547567
          0,           0,         434,      -9.321518613,      -9.861208661,      -9.826424192,      -8.768919895,             0.448,     0.00886771099,     -0.1276548623,                 0,                 0,                 0,    -0.05393280339,     0.01165037686,     -0.1274310358,                 0,      -14.39546941
          0,           0,         435,      -9.309620179,      -9.856487807,       -9.82552274,      -8.757004392,             0.448,    0.008867713741,      -0.127654849,                 0,                 0,                 0,    -0.05393280527,     0.01165037932,     -0.1274310224,                 0,      -14.39546344
          0,           0,         436,      -9.298342099,      -9.852634012,      -9.825043663,      -8.745640573,             0.448,    0.008867716421,     -0.1276548372,                 0,                 0,                 0,    -0.05393280732,     0.01165038174,     -0.1274310106,                 0,      -14.39545777
          0,           0,         437,      -9.287984216,      -9.849758983,      -9.825100792,      -8.735147597,             0.448,    0.008867719023,      -0.127654827,                 0,                 0,                 0,    -0.05393280953,     0.01165038412,     -0.1274310003,                 0,      -14.39545239
          0,           0,         438,      -9.278747393,      -9.847938492,      -9.825785392,      -8.725741277,             0.448,    0.008867721543,     -0.1276548182,                 0,                 0,                 0,    -0.05393281187,     0.01165038645,     -0.1274309915,                 0,      -14.39544731
          0,           0,         439,      -9.270759912,      -9.847220921,      -9.827169834,       -8.71756099,             0.448,    0.008867723975,     -0.1276548109,                 0,                 0,                 0,    -0.05393281431,     0.01165038872,     -0.1274309842,                 0,      -14.39544254
          0,           0,         440,      -9.264098472,      -9.847634808,      -9.829310872,      -8.710691431,             0.448,    0.008867726317,      -0.127654805,                 0,                 0,                 0,    -0.05393281682,     0.01165039093,     -0.1274309782,                 0,      -14.39543807
          0,           0,         441,       -9.25880404,      -9.849194694,      -9.832252467,      -8.705179217,             0.448,    0.008867728566,     -0.1276548004,                 0,                 0,                 0,     -0.0539328194,     0.01165039308,     -0.1274309735,                 0,      -14.39543389
          0,           0,         442,      -9.254893467,      -9.851905389,      -9.836028064,      -8.701045128,             0.448,     0.00886773072,      -0.127654797,                 0,                 0,                 0,      -0.053932822,     0.01165039516,     -0.1274309701,                 0,      -14.39543002
          0,           0,         443,      -9.252367819,       -9.85576521,      -9.840662674,      -8.698292921,             0.448,    0.008867732776,     -0.1276547948,                 0,                 0,                 0,    -0.05393282461,     0.01165039717,     -0.1274309678,                 0,      -14.39542643
          0,           0,         444,      -9.251218289,      -9.860768361,      -9.846174639,      -8.696915595,             0.448,    0.008867734733,     -0.1276547937,                 0,                 0,                 0,    -0.05393282722,      0.0116503991,     -0.1274309667,                 0,      -14.39542313
          0,           0,         445,       -9.25143036,      -9.866906142,      -9.852577149,      -8.696899813,             0.448,    0.008867736591,     -0.1276547937,                 0,                 0,                 0,    -0.05393282981,     0.01165040096,     -0.1274309667,                 0,      -14.39542012
          0,           0,         446,      -9.252986705,      -9.874168477,      -9.859879446,      -8.698228979,             0.448,     0.00886773835,     -0.1276547947,                 0,                 0,                 0,    -0.05393283236,     0.01165040274,     -0.1274309677,                 0,      -14.39541738
          0,           0,         447,      -9.255869216,      -9.882544727,      -9.868087674,      -8.700885399,             0.448,    0.008867740009,     -0.1276547967,                 0,                 0,                 0,    -0.05393283485,     0.01165040444,     -0.1274309696,                 0,       -14.3954149
          0,           0,         448,      -9.260060407,       -9.89202442,       -9.87720547,      -8.704851775,             0.448,    0.008867741569,     -0.1276547995,                 0,                 0,                 0,    -0.05393283728,     0.01165040606,     -0.1274309724,                 0,      -14.39541269
          0,           0,         449,      -9.265544364,      -9.902597621,      -9.887234412,      -8.710112226,             0.448,    0.008867743031,     -0.1276548031,                 0,                 0,                 0,    -0.05393283962,      0.0116504076,      -0.127430976,                 0,      -14.39541072
          0,           0,         450,      -9.272307402,      -9.914255096,      -9.898174243,      -8.716652995,             0.448,    0.008867744396,     -0.1276548075,                 0,                 0,                 0,    -0.05393284187,     0.01165040906,     -0.1274309803,                 0,        -14.395409
          0,           0,         451,      -9.280338501,      -9.926988411,      -9.910023025,      -8.724462928,             0.448,    0.008867745664,     -0.1276548126,                 0,                 0,                 0,    -0.05393284403,     0.01165041044,     -0.1274309853,                 0,      -14.39540752
          0,           0,         452,      -9.289629593,      -9.940789607,      -9.922777058,      -8.733533784,             0.448,    0.008867746838,     -0.1276548183,                 0,                 0,                 0,    -0.05393284607,     0.01165041174,      -0.127430991,                 0,      -14.39540625
          0,           0,         453,      -9.300175758,      -9.955650695,      -9.936430705,      -8.743860461,             0.448,     0.00886774792,     -0.1276548246,                 0,                 0,                 0,      -0.053932848,     0.01165041296,     -0.1274309973,                 0,      -14.39540521
          0,           0,         454,      -9.311975337,      -9.971562959,      -9.950975942,      -8.755441133,             0.448,    0.008867748912,     -0.1276548314,                 0,                 0,                 0,     -0.0539328498,      0.0116504141,     -0.1274310041,                 0,      -14.39540436
          0,           0,         455,      -9.325030007,      -9.988516276,      -9.966401804,      -8.768277348,             0.448,    0.008867749816,     -0.1276548386,                 0,                 0,                 0,    -0.05393285148,     0.01165041516,     -0.1274310113,                 0,      -14.39540371
          0,           0,         456,      -9.339344804,      -10.00649765,      -9.982693478,      -8.782374068,             0.448,    0.008867750634,     -0.1276548463,                 0,                 0,                 0,    -0.05393285302,     0.01165041615,      -0.127431019,                 0,      -14.39540325
          0,           0,         457,      -9.354928103,      -10.02549003,      -9.999831251,      -8.797739693,             0.448,    0.008867751369,     -0.1276548544,                 0,                 0,                 0,    -0.05393285443,     0.01165041706,      -0.127431027,                 0,      -14.39540297
          0,           0,         458,      -9.371791539,       -10.0454701,      -10.01778914,      -8.814385999,             0.448,    0.008867752023,     -0.1276548627,                 0,                 0,                 0,     -0.0539328557,     0.01165041789,     -0.1274310353,                 0,      -14.39540285
          0,           0,         459,      -9.389949825,      -10.06640612,      -10.03653317,      -8.832328023,             0.448,      0.0088677526,     -0.1276548714,                 0,                 0,                 0,    -0.05393285683,     0.01165041866,      -0.127431044,                 0,      -14.39540289
          0,           0,         460,      -9.409420404,       -10.0882546,      -10.05601932,      -8.851583756,             0.448,    0.008867753102,     -0.1276548803,                 0,                 0,                 0,    -0.05393285782,     0.01165041935,     -0.1274310529,                 0,      -14.39540308
          0,           0,         461,      -9.430222828,      -10.11095606,      -10.07619095,      -8.872173618,             0.448,    0.008867753531,     -0.1276548894,                 0,                 0,                 0,    -0.05393285867,     0.01165041998,     -0.1274310619,                 0,       -14.3954034
          0,           0,         462,      -9.452377649,      -10.13443003,      -10.09697576,      -8.894119467,             0.448,    0.008867753891,     -0.1276548986,                 0,                 0,                 0,    -0.05393285938,     0.01165042054,     -0.1274310712,                 0,      -14.39540386
          0,           0,         463,      -9.475904578,      -10.15856833,       -10.1182823,      -8.917442918,             0.448,    0.008867754183,      -0.127654908,                 0,                 0,                 0,    -0.05393285995,     0.01165042104,     -0.1274310806,                 0,      -14.39540445
          0,           0,         464,      -9.500819438,      -10.18322788,      -10.13999592,      -8.942162544,             0.448,    0.008867754411,     -0.1276549175,                 0,                 0,                 0,    -0.05393286038,     0.01165042147,       -0.12743109,                 0,      -14.39540515
          0,           0,         465,      -9.527129411,      -10.20822266,      -10.16197437,      -8.968289462,             0.448,    0.008867754576,      -0.127654927,                 0,                 0,                 0,    -0.05393286067,     0.01165042185,     -0.1274310995,                 0,      -14.39540595
          0,           0,         466,      -9.554825872,      -10.23331632,      -10.18404359,      -8.995820645,             0.448,    0.008867754682,     -0.1276549365,                 0,                 0,                 0,    -0.05393286082,     0.01165042216,      -0.127431109,                 0,      -14.39540685
          0,           0,         467,      -9.583874094,      -10.25821737,      -10.20599436,      -9.024729223,             0.448,    0.008867754731,     -0.1276549459,                 0,                 0,                 0,    -0.05393286084,     0.01165042241,     -0.1274311184,                 0,      -14.39540783
          0,           0,         468,      -9.614199128,      -10.28257776,      -10.22758131,      -9.054951097,             0.448,    0.008867754727,     -0.1276549552,                 0,                 0,                 0,    -0.05393286072,     0.01165042261,     -0.1274311277,                 0,      -14.39540888
          0,           0,         469,       -9.64566713,      -10.30599936,      -10.24852623,      -9.086367023,             0.448,    0.008867754674,     -0.1276549643,                 0,                 0,                 0,    -0.05393286046,     0.01165042276,     -0.1274311368,                 0,         -14.39541
          0,           0,         470,      -9.678061681,      -10.32804817,      -10.26852749,      -9.118779573,             0.448,    0.008867754575,     -0.1276549732,                 0,                 0,                 0,    -0.05393286009,     0.01165042285,     -0.1274311457,                 0,      -14.39541116
          0,           0,         471,      -9.711054926,      -10.34828002,       -10.2872768,       -9.15188452,             0.448,    0.008867754433,     -0.1276549818,                 0,                 0,                 0,    -0.05393285958,      0.0116504229,     -0.1274311544,                 0,      -14.39541237
          0,           0,         472,      -9.744174919,      -10.36627577,      -10.30448276,        -9.1852375,             0.448,    0.008867754254,     -0.1276549902,                 0,                 0,                 0,    -0.05393285897,      0.0116504229,     -0.1274311627,                 0,       -14.3954136
          0,           0,         473,        -9.7767736,      -10.38168751,      -10.31989824,      -9.218219559,             0.448,    0.008867754041,     -0.1276549982,                 0,                 0,                 0,    -0.05393285824,     0.01165042287,     -0.1274311707,                 0,      -14.39541485
          0,           0,         474,      -9.808006236,      -10.39428677,      -10.33334723,        -9.2500115,             0.448,    0.008867753798,     -0.1276550058,                 0,                 0,                 0,    -0.05393285742,     0.01165042279,     -0.1274311784,                 0,       -14.3954161
          0,           0,         475,      -9.836841621,      -10.40400722,      -10.34474369,      -9.279595736,             0.448,    0.008867753528,     -0.1276550131,                 0,                 0,                 0,     -0.0539328565,     0.01165042268,     -0.1274311857,                 0,      -14.39541736
          0,           0,         476,      -9.862129137,      -10.41096831,      -10.35409722,      -9.305812506,             0.448,    0.008867753236,       -0.12765502,                 0,                 0,                 0,     -0.0539328555,     0.01165042254,     -0.1274311926,                 0,      -14.39541862
          0,           0,         477,      -9.882743044,      -10.41546421,      -10.36150223,      -9.327494256,             0.448,    0.008867752923,     -0.1276550265,                 0,                 0,                 0,    -0.05393285443,     0.01165042237,     -0.1274311991,                 0,      -14.39541986
          0,           0,         478,      -9.897794052,      -10.41791356,       -10.3671148,      -9.343674914,             0.448,    0.008867752594,     -0.1276550326,                 0,                 0,                 0,     -0.0539328533,     0.01165042217,     -0.1274312052,                 0,      -14.39542108
          0,           0,         479,      -9.906846519,      -10.41878463,      -10.37112839,      -9.353818689,             0.448,    0.008867752251,     -0.1276550383,                 0,                 0,                 0,    -0.05393285212,     0.01165042195,     -0.1274312109,                 0,      -14.39542228
          0,           0,         480,      -9.910044081,      -10.41852388,      -10.37375825,      -9.357970213,             0.448,    0.008867751897,     -0.1276550437,                 0,                 0,                 0,     -0.0539328509,     0.01165042171,     -0.1274312162,                 0,      -14.39542346
          0,           0,         481,      -9.908074596,      -10.41751809,      -10.37523691,      -9.356745646,             0.448,    0.008867751535,     -0.1276550486,                 0,                 0,                 0,    -0.05393284964,     0.01165042146,     -0.1274312211,                 0,       -14.3954246
          0,           0,         482,      -9.901991832,      -10.41609111,      -10.37581361,      -9.351168467,             0.448,    0.008867751166,     -0.1276550531,                 0,                 0,                 0,    -0.05393284835,     0.01165042119,     -0.1274312257,                 0,      -14.39542571
          0,           0,         483,      -9.892983641,      -10.41451995,      -10.37574952,      -9.342435044,             0.448,    0.008867750793,     -0.1276550572,                 0,                 0,                 0,    -0.05393284705,     0.01165042091,     -0.1274312298,                 0,      -14.39542678
          0,           0,         484,      -9.882178555,      -10.41304693,      -10.37530608,      -9.331707678,             0.448,    0.008867750417,     -0.1276550609,                 0,                 0,                 0,    -0.05393284573,     0.01165042061,     -0.1274312335,                 0,      -14.39542781
          0,           0,         485,      -9.870533333,       -10.4118848,      -10.37473011,       -9.31998705,             0.448,    0.008867750042,     -0.1276550643,                 0,                 0,                 0,    -0.05393284441,     0.01165042031,     -0.1274312369,                 0,      -14.39542879
          0,           0,         486,      -9.858795611,      -10.41121378,      -10.37424146,      -9.308063777,             0.448,    0.008867749668,     -0.1276550673,                 0,                 0,                 0,     -0.0539328431,        0.01165042,     -0.1274312399,                 0,      -14.39542974
          0,           0,         487,      -9.847514736,      -10.41118066,      -10.37402635,      -9.296523528,             0.448,    0.008867749298,     -0.1276550699,                 0,                 0,                 0,     -0.0539328418,     0.01165041969,     -0.1274312425,                 0,      -14.39543063
          0,           0,         488,      -9.837074639,      -10.41189941,      -10.37423668,      -9.285778206,             0.448,    0.008867748931,     -0.1276550722,                 0,                 0,                 0,    -0.05393284051,     0.01165041937,     -0.1274312448,                 0,      -14.39543149
          0,           0,         489,      -9.827731522,      -10.41345527,      -10.37499318,      -9.276104207,             0.448,    0.008867748571,     -0.1276550741,                 0,                 0,                 0,    -0.05393283925,     0.01165041905,     -0.1274312468,                 0,      -14.39543229
          0,           0,         490,      -9.819647898,      -10.41590994,       -10.3763903,      -9.267677922,             0.448,    0.008867748217,     -0.1276550757,                 0,                 0,                 0,    -0.05393283802,     0.01165041874,     -0.1274312484,                 0,      -14.39543305
          0,           0,         491,      -9.812919966,      -10.41930742,      -10.37850093,      -9.260604681,             0.448,    0.008867747871,     -0.1276550771,                 0,                 0,                 0,    -0.05393283683,     0.01165041842,     -0.1274312497,                 0,      -14.39543376
          0,           0,         492,      -9.807598275,      -10.42367831,       -10.3813805,      -9.254940804,             0.448,    0.008867747534,     -0.1276550781,                 0,                 0,                 0,    -0.05393283568,      0.0116504181,     -0.1274312508,                 0,      -14.39543442
          0,           0,         493,      -9.803702782,      -10.42904319,      -10.38507031,      -9.250709712,             0.448,    0.008867747206,     -0.1276550789,                 0,                 0,                 0,    -0.05393283458,     0.01165041779,     -0.1274312515,                 0,      -14.39543504
          0,           0,         494,      -9.801233527,      -10.43541515,      -10.38960023,      -9.247913365,             0.448,    0.008867746887,     -0.1276550794,                 0,                 0,                 0,    -0.05393283352,     0.01165041748,     -0.1274312521,                 0,      -14.39543562
          0,           0,         495,      -9.800178097,       -10.4428015,      -10.39499112,      -9.246540265,             0.448,    0.008867746578,     -0.1276550797,                 0,                 0,                 0,    -0.05393283252,     0.01165041718,     -0.1274312523,                 0,      -14.39543615
          0,           0,         496,      -9.800516819,      -10.45120523,      -10.40125672,      -9.246571007,             0.448,     0.00886774628,     -0.1276550797,                 0,                 0,                 0,    -0.05393283157,     0.01165041688,     -0.1274312524,                 0,      -14.39543664
          0,           0,         497,      -9.802226302,      -10.46062528,      -10.40840537,      -9.247982055,             0.448,    0.008867745992,     -0.1276550796,                 0,                 0,                 0,    -0.05393283068,     0.01165041659,     -0.1274312522,                 0,      -14.39543709
          0,           0,         498,      -9.805281847,      -10.47105819,      -10.41644111,      -9.250748312,             0.448,    0.008867745716,     -0.1276550792,                 0,                 0,                 0,    -0.05393282985,     0.01165041631,     -0.1274312519,                 0,       -14.3954375
          0,           0,         499,      -9.809659071,      -10.48249838,      -10.42536464,      -9.254844863,             0.448,     0.00886774545,     -0.1276550787,                 0,                 0,                 0,    -0.05393282908,     0.01165041603,     -0.1274312514,                 0,      -14.39543787
          0,           0,         500,      -9.815334969,       -10.4949385,      -10.43517389,      -9.260248106,             0.448,    0.008867745196,      -0.127655078,                 0,                 0,                 0,    -0.05393282837,     0.01165041576,     -0.1274312507,                 0,       -14.3954382
          0,           0,         501,       -9.82228859,      -10.50837005,      -10.44586445,      -9.266936481,             0.448,    0.008867744953,     -0.1276550771,                 0,                 0,                 0,    -0.05393282773,      0.0116504155,     -0.1274312498,                 0,       -14.3954385
          0,           0,         502,      -9.830501453,       -10.5227827,      -10.45742974,      -9.274890916,             0.448,    0.008867744721,     -0.1276550761,                 0,                 0,                 0,    -0.05393282716,     0.01165041525,     -0.1274312489,                 0,      -14.39543877
          0,           0,         503,       -9.83995777,      -10.53816424,       -10.4698611,      -9.284095091,             0.448,      0.0088677445,      -0.127655075,                 0,                 0,                 0,    -0.05393282665,       0.011650415,     -0.1274312478,                 0,        -14.395439
          0,           0,         504,      -9.850644539,      -10.55449957,       -10.4831477,      -9.294535535,             0.448,     0.00886774429,     -0.1276550738,                 0,                 0,                 0,     -0.0539328262,     0.01165041477,     -0.1274312466,                 0,      -14.39543921
          0,           0,         505,      -9.862551552,      -10.57177008,      -10.49727622,      -9.306201664,             0.448,    0.008867744091,     -0.1276550725,                 0,                 0,                 0,    -0.05393282582,     0.01165041454,     -0.1274312452,                 0,      -14.39543938
          0,           0,         506,      -9.875671295,       -10.5899518,      -10.51223042,      -9.319085693,             0.448,    0.008867743902,     -0.1276550711,                 0,                 0,                 0,     -0.0539328255,     0.01165041432,     -0.1274312439,                 0,      -14.39543953
          0,           0,         507,      -9.889998814,      -10.60901392,      -10.52799054,      -9.333182529,             0.448,    0.008867743724,     -0.1276550697,                 0,                 0,                 0,    -0.05393282524,     0.01165041411,     -0.1274312424,                 0,      -14.39543966
          0,           0,         508,      -9.905531462,      -10.62891698,      -10.54453246,      -9.348489541,             0.448,    0.008867743555,     -0.1276550681,                 0,                 0,                 0,    -0.05393282505,     0.01165041391,     -0.1274312409,                 0,      -14.39543976
          0,           0,         509,      -9.922268578,      -10.64960991,      -10.56182676,      -9.365006268,             0.448,    0.008867743396,     -0.1276550666,                 0,                 0,                 0,    -0.05393282492,     0.01165041371,     -0.1274312393,                 0,      -14.39543984
          0,           0,         510,      -9.940210988,      -10.67102697,       -10.5798375,      -9.382733973,             0.448,    0.008867743247,      -0.127655065,                 0,                 0,                 0,    -0.05393282485,     0.01165041353,     -0.1274312377,                 0,       -14.3954399
          0,           0,         511,      -9.959360339,      -10.69308386,      -10.59852085,      -9.401675025,             0.448,    0.008867743106,     -0.1276550633,                 0,                 0,                 0,    -0.05393282483,     0.01165041335,     -0.1274312361,                 0,      -14.39543994
          0,           0,         512,      -9.979718101,      -10.71567414,      -10.61782329,      -9.421831983,             0.448,    0.008867742974,     -0.1276550617,                 0,                 0,                 0,    -0.05393282487,     0.01165041319,     -0.1274312344,                 0,      -14.39543997
          0,           0,         513,       -10.0012842,      -10.73866349,      -10.63767982,      -9.443206313,             0.448,    0.008867742851,       -0.12765506,                 0,                 0,                 0,    -0.05393282497,     0.01165041303,     -0.1274312327,                 0,      -14.39543998
          0,           0,         514,      -10.02405498,      -10.76188567,      -10.65801188,      -9.465796512,             0.448,    0.008867742736,     -0.1276550583,                 0,                 0,                 0,    -0.05393282512,     0.01165041287,     -0.1274312311,                 0,      -14.39543998
          0,           0,         515,       -10.0480204,      -10.78513857,      -10.67872492,      -9.489595457,             0.448,    0.008867742629,     -0.1276550566,                 0,                 0,                 0,    -0.05393282532,     0.01165041273,     -0.1274312294,                 0,      -14.39543997
          0,           0,         516,      -10.07316012,      -10.80818101,       -10.6997065,      -9.514586696,             0.448,    0.008867742529,      -0.127655055,                 0,                 0,                 0,    -0.05393282557,     0.01165041259,     -0.1274312278,                 0,      -14.39543994
          0,           0,         517,       -10.0994381,      -10.83073517,      -10.72082427,      -9.540739344,             0.448,    0.008867742436,     -0.1276550534,                 0,                 0,                 0,    -0.05393282586,     0.01165041247,     -0.1274312261,                 0,      -14.39543991
          0,           0,         518,      -10.12679554,      -10.85248981,      -10.74192509,      -9.568001299,             0.448,     0.00886774235,     -0.1276550518,                 0,                 0,                 0,     -0.0539328262,     0.01165041235,     -0.1274312245,                 0,      -14.39543987
          0,           0,         519,      -10.15514171,      -10.87311448,      -10.76283537,       -9.59629038,             0.448,    0.008867742272,     -0.1276550502,                 0,                 0,                 0,    -0.05393282658,     0.01165041223,      -0.127431223,                 0,      -14.39543982
          0,           0,         520,      -10.18434263,      -10.89227647,      -10.78336368,       -9.62548326,             0.448,    0.008867742199,     -0.1276550487,                 0,                 0,                 0,      -0.053932827,     0.01165041213,     -0.1274312215,                 0,      -14.39543977
          0,           0,         521,       -10.2142076,      -10.90966622,      -10.80330598,      -9.655402107,             0.448,    0.008867742132,     -0.1276550473,                 0,                 0,                 0,    -0.05393282745,     0.01165041203,       -0.12743122,                 0,      -14.39543971
          0,           0,         522,      -10.24447423,      -10.92502442,      -10.82245452,      -9.685799325,             0.448,    0.008867742071,     -0.1276550459,                 0,                 0,                 0,    -0.05393282793,     0.01165041194,     -0.1274312187,                 0,      -14.39543966
          0,           0,         523,      -10.27479303,      -10.93817124,      -10.84060938,      -9.716341461,             0.448,    0.008867742016,     -0.1276550446,                 0,                 0,                 0,    -0.05393282844,     0.01165041185,     -0.1274312173,                 0,       -14.3954396
          0,           0,         524,      -10.30471474,      -10.94902776,      -10.85759222,      -9.746594882,             0.448,    0.008867741964,     -0.1276550433,                 0,                 0,                 0,    -0.05393282898,     0.01165041178,     -0.1274312161,                 0,      -14.39543954
          0,           0,         525,      -10.33368502,      -10.95762838,      -10.87325938,      -9.776017702,             0.448,    0.008867741918,     -0.1276550422,                 0,                 0,                 0,    -0.05393282954,      0.0116504117,      -0.127431215,                 0,      -14.39543949
          0,           0,         526,      -10.36105393,      -10.96412189,      -10.88751292,      -9.803965488,             0.448,    0.008867741875,     -0.1276550411,                 0,                 0,                 0,    -0.05393283012,     0.01165041164,     -0.1274312139,                 0,      -14.39543944
          0,           0,         527,      -10.38610927,      -10.96875773,      -10.90030551,      -9.829719891,             0.448,    0.008867741835,     -0.1276550401,                 0,                 0,                 0,    -0.05393283071,     0.01165041158,     -0.1274312129,                 0,      -14.39543939
          0,           0,         528,         -10.40814,      -10.97186059,      -10.91164034,      -9.852547958,             0.448,    0.008867741798,     -0.1276550392,                 0,                 0,                 0,    -0.05393283132,     0.01165041152,      -0.127431212,                 0,      -14.39543935
          0,           0,         529,      -10.42652802,      -10.97379481,      -10.92156455,      -9.871792178,             0.448,    0.008867741764,     -0.1276550384,                 0,                 0,                 0,    -0.05393283193,     0.01165041147,     -0.1274312112,                 0,      -14.39543931
          0,           0,         530,      -10.44085123,      -10.97492623,       -10.9301613,      -9.886976554,             0.448,    0.008867741733,     -0.1276550376,                 0,                 0,                 0,    -0.05393283255,     0.01165041142,     -0.1274312104,                 0,      -14.39543928
          0,           0,         531,      -10.45096745,      -10.97558889,      -10.93754264,      -9.897898808,             0.448,    0.008867741703,      -0.127655037,                 0,                 0,                 0,    -0.05393283317,     0.01165041138,     -0.1274312098,                 0,      -14.39543925
          0,           0,         532,      -10.45704716,      -10.97606601,      -10.94384587,      -9.904674866,             0.448,    0.008867741676,     -0.1276550364,                 0,                 0,                 0,    -0.05393283378,     0.01165041134,     -0.1274312092,                 0,      -14.39543923
          0,           0,         533,      -10.45954062,      -10.97658724,      -10.94923106,      -9.907716421,             0.448,    0.008867741651,     -0.1276550359,                 0,                 0,                 0,     -0.0539328344,      0.0116504113,     -0.1274312087,                 0,      -14.39543921
          0,           0,         534,      -10.45909232,       -10.9773357,      -10.95387798,      -9.907650759,             0.448,    0.008867741627,     -0.1276550354,                 0,                 0,                 0,      -0.053932835,     0.01165041127,     -0.1274312082,                 0,       -14.3954392
          0,           0,         535,      -10.45643473,      -10.97846239,      -10.95797948,      -9.905213373,             0.448,    0.008867741604,     -0.1276550351,                 0,                 0,                 0,     -0.0539328356,     0.01165041124,     -0.1274312079,                 0,       -14.3954392
          0,           0,         536,      -10.45229391,      -10.98009292,       -10.9617322,      -9.901147915,             0.448,    0.008867741583,     -0.1276550348,                 0,                 0,                 0,    -0.05393283619,     0.01165041121,     -0.1274312076,                 0,       -14.3954392
          0,           0,         537,      -10.44732465,      -10.98233394,      -10.96532655,      -9.896134387,             0.448,    0.008867741563,     -0.1276550346,                 0,                 0,                 0,    -0.05393283676,     0.01165041118,     -0.1274312074,                 0,      -14.39543921
          0,           0,         538,      -10.44207803,      -10.98527371,      -10.96893808,       -9.89075073,             0.448,    0.008867741544,     -0.1276550344,                 0,                 0,                 0,    -0.05393283732,     0.01165041116,     -0.1274312072,                 0,      -14.39543922
          0,           0,         539,       -10.4369942,      -10.98898464,      -10.97272233,      -9.885461805,             0.448,    0.008867741525,     -0.1276550343,                 0,                 0,                 0,    -0.05393283786,     0.01165041114,     -0.1274312071,                 0,      -14.39543924
          0,           0,         540,      -10.43241055,      -10.99352107,      -10.97681261,      -9.880625689,             0.448,    0.008867741508,     -0.1276550343,                 0,                 0,                 0,    -0.05393283838,     0.01165041112,     -0.1274312071,                 0,      -14.39543927
          0,           0,         541,       -10.4285771,      -10.99892416,      -10.98132043,       -9.87650869,             0.448,    0.008867741492,     -0.1276550343,                 0,                 0,                 0,    -0.05393283888,     0.01165041111,     -0.1274312071,                 0,      -14.39543929
          0,           0,         542,      -10.42567356,      -11.00522324,      -10.98633717,       -9.87330275,             0.448,    0.008867741476,     -0.1276550344,                 0,                 0,                 0,    -0.05393283936,     0.01165041109,     -0.1274312072,                 0,      -14.39543933
          0,           0,         543,      -10.42382524,      -11.01243799,      -10.99193656,      -9.871142053,             0.448,    0.008867741461,     -0.1276550345,                 0,                 0,                 0,    -0.05393283981,     0.01165041108,     -0.1274312073,                 0,      -14.39543936
          0,           0,         544,       -10.4231165,      -11.02058103,      -10.99817694,      -9.870117232,             0.448,    0.008867741447,     -0.1276550346,                 0,                 0,                 0,    -0.05393284025,     0.01165041107,     -0.1274312074,                 0,       -14.3954394
          0,           0,         545,      -10.42360163,      -11.02965903,      -11.00510371,      -9.870286855,             0.448,    0.008867741433,     -0.1276550348,                 0,                 0,                 0,    -0.05393284065,     0.01165041106,     -0.1274312076,                 0,      -14.39543945
          0,           0,         546,      -10.42531316,      -11.03967413,      -11.01275095,      -9.871686372,             0.448,    0.008867741421,      -0.127655035,                 0,                 0,                 0,    -0.05393284103,     0.01165041105,     -0.1274312078,                 0,      -14.39543949
          0,           0,         547,      -10.42826835,      -11.05062422,      -11.02114355,      -9.874334883,             0.448,    0.008867741409,     -0.1276550353,                 0,                 0,                 0,    -0.05393284139,     0.01165041105,     -0.1274312081,                 0,      -14.39543954
          0,           0,         548,      -10.43247384,      -11.06250374,      -11.03029852,      -9.878240203,             0.448,    0.008867741397,     -0.1276550356,                 0,                 0,                 0,    -0.05393284172,     0.01165041104,     -0.1274312084,                 0,      -14.39543959
          0,           0,         549,      -10.43792921,       -11.0753041,       -11.0402261,      -9.883402573,             0.448,    0.008867741387,     -0.1276550359,                 0,                 0,                 0,    -0.05393284202,     0.01165041104,     -0.1274312087,                 0,      -14.39543964
          0,           0,         550,      -10.44462947,      -11.08901314,      -11.05093095,      -9.889817371,             0.448,    0.008867741377,     -0.1276550362,                 0,                 0,                 0,     -0.0539328423,     0.01165041103,      -0.127431209,                 0,      -14.39543969
          0,           0,         551,      -10.45256693,      -11.10361601,      -11.06241253,      -9.897477048,             0.448,    0.008867741368,     -0.1276550365,                 0,                 0,                 0,    -0.05393284255,     0.01165041103,     -0.1274312093,                 0,      -14.39543974
          0,           0,         552,      -10.46173238,      -11.11909362,      -11.07466547,      -9.906372474,             0.448,     0.00886774136,     -0.1276550369,                 0,                 0,                 0,    -0.05393284278,     0.01165041103,     -0.1274312097,                 0,       -14.3954398
          0,           0,         553,      -10.47211603,      -11.13542354,      -11.08768006,      -9.916493843,             0.448,    0.008867741352,     -0.1276550372,                 0,                 0,                 0,    -0.05393284297,     0.01165041103,       -0.12743121,                 0,      -14.39543985
          0,           0,         554,       -10.4837079,      -11.15257806,       -11.1014417,      -9.927831243,             0.448,    0.008867741346,     -0.1276550376,                 0,                 0,                 0,    -0.05393284315,     0.01165041103,     -0.1274312104,                 0,       -14.3954399
          0,           0,         555,      -10.49649819,      -11.17052332,       -11.1159314,      -9.940374974,             0.448,    0.008867741341,      -0.127655038,                 0,                 0,                 0,     -0.0539328433,     0.01165041104,     -0.1274312108,                 0,      -14.39543995
          0,           0,         556,      -10.51047716,      -11.18921873,      -11.13112471,      -9.954115529,             0.448,    0.008867741336,     -0.1276550383,                 0,                 0,                 0,    -0.05393284342,     0.01165041104,     -0.1274312111,                 0,         -14.39544
          0,           0,         557,      -10.52563502,      -11.20861418,      -11.14699145,        -9.9690435,             0.448,    0.008867741333,     -0.1276550387,                 0,                 0,                 0,    -0.05393284352,     0.01165041104,     -0.1274312115,                 0,      -14.39544005
          0,           0,         558,      -10.54196137,      -11.22864817,       -11.1634948,        -9.9851491,             0.448,     0.00886774133,     -0.1276550391,                 0,                 0,                 0,    -0.05393284359,     0.01165041105,     -0.1274312119,                 0,      -14.39544009
          0,           0,         559,      -10.55944454,      -11.24924604,      -11.18059063,      -10.00242153,             0.448,    0.008867741329,     -0.1276550395,                 0,                 0,                 0,    -0.05393284364,     0.01165041106,     -0.1274312123,                 0,      -14.39544014
          0,           0,         560,      -10.57807051,      -11.27031732,      -11.19822633,      -10.02084795,             0.448,    0.008867741329,     -0.1276550398,                 0,                 0,                 0,    -0.05393284367,     0.01165041106,     -0.1274312126,                 0,      -14.39544018
          0,           0,         561,      -10.59782136,      -11.29175325,      -11.21633933,      -10.04041208,             0.448,     0.00886774133,     -0.1276550402,                 0,                 0,                 0,    -0.05393284368,     0.01165041107,      -0.127431213,                 0,      -14.39544022
          0,           0,         562,      -10.61867334,      -11.31342464,      -11.23485649,       -10.0610923,             0.448,    0.008867741332,     -0.1276550405,                 0,                 0,                 0,    -0.05393284367,     0.01165041108,     -0.1274312133,                 0,      -14.39544025
          0,           0,         563,      -10.64059421,      -11.33518043,      -11.25369248,      -10.08285906,             0.448,    0.008867741336,     -0.1276550409,                 0,                 0,                 0,    -0.05393284364,     0.01165041109,     -0.1274312137,                 0,      -14.39544028
          0,           0,         564,      -10.66353977,      -11.35684648,      -11.27274978,      -10.10567166,             0.448,    0.008867741341,     -0.1276550412,                 0,                 0,                 0,    -0.05393284359,     0.01165041111,      -0.127431214,                 0,      -14.39544031
          0,           0,         565,       -10.6874494,      -11.37822905,      -11.29191705,      -10.12947382,             0.448,    0.008867741346,     -0.1276550415,                 0,                 0,                 0,    -0.05393284352,     0.01165041112,     -0.1274312143,                 0,      -14.39544034
          0,           0,         566,      -10.71224088,      -11.39911492,      -11.31107101,      -10.15418862,             0.448,    0.008867741354,     -0.1276550418,                 0,                 0,                 0,    -0.05393284343,     0.01165041113,     -0.1274312146,                 0,      -14.39544036
          0,           0,         567,      -10.73780394,      -11.41928099,      -11.33007673,      -10.17971213,             0.448,    0.008867741362,      -0.127655042,                 0,                 0,                 0,    -0.05393284333,     0.01165041115,     -0.1274312148,                 0,      -14.39544037
          0,           0,         568,      -10.76399293,      -11.43850001,       -11.3487909,      -10.20590605,             0.448,    0.008867741371,     -0.1276550423,                 0,                 0,                 0,    -0.05393284321,     0.01165041116,     -0.1274312151,                 0,      -14.39544039
          0,           0,         569,       -10.7906192,      -11.45655378,      -11.36706581,      -10.23258989,             0.448,    0.008867741382,     -0.1276550425,                 0,                 0,                 0,    -0.05393284308,     0.01165041118,     -0.1274312153,                 0,       -14.3954404
          0,           0,         570,      -10.81744359,      -11.47324817,      -11.38475582,      -10.25953308,             0.448,    0.008867741394,     -0.1276550427,                 0,                 0,                 0,    -0.05393284293,     0.01165041119,     -0.1274312155,                 0,       -14.3954404
          0,           0,         571,      -10.84417071,      -11.48842653,      -11.40172361,      -10.28644841,             0.448,    0.008867741407,     -0.1276550429,                 0,                 0,                 0,    -0.05393284277,     0.01165041121,     -0.1274312157,                 0,       -14.3954404
          0,           0,         572,      -10.87044673,      -11.50198261,       -11.4178488,      -10.31298872,             0.448,    0.008867741422,     -0.1276550431,                 0,                 0,                 0,    -0.05393284261,     0.01165041123,     -0.1274312159,                 0,      -14.39544039
          0,           0,         573,      -10.89586349,      -11.51387248,      -11.43303448,      -10.33874951,             0.448,    0.008867741437,     -0.1276550432,                 0,                 0,                 0,    -0.05393284243,     0.01165041125,      -0.127431216,                 0,      -14.39544038
          0,           0,         574,      -10.91997227,      -11.52411666,      -11.44721334,      -10.36328064,             0.448,    0.008867741454,     -0.1276550433,                 0,                 0,                 0,    -0.05393284225,     0.01165041127,     -0.1274312161,                 0,      -14.39544037
          0,           0,         575,      -10.94230915,      -11.53280847,      -11.46035017,      -10.38611009,             0.448,    0.008867741471,     -0.1276550434,                 0,                 0,                 0,    -0.05393284206,     0.01165041129,     -0.1274312162,                 0,      -14.39544035
          0,           0,         576,      -10.96243353,      -11.54009476,      -11.47244198,      -10.40678112,             0.448,     0.00886774149,     -0.1276550435,                 0,                 0,                 0,    -0.05393284186,     0.01165041131,     -0.1274312163,                 0,      -14.39544033
          0,           0,         577,      -10.97997526,      -11.54617334,      -11.48351572,      -10.42489952,             0.448,     0.00886774151,     -0.1276550435,                 0,                 0,                 0,    -0.05393284166,     0.01165041133,     -0.1274312163,                 0,       -14.3954403
          0,           0,         578,      -10.99468298,      -11.55126367,      -11.49362388,      -10.44018374,             0.448,    0.008867741531,     -0.1276550436,                 0,                 0,                 0,    -0.05393284146,     0.01165041135,     -0.1274312164,                 0,      -14.39544027
          0,           0,         579,      -11.00646195,      -11.55559711,      -11.50284154,      -10.45250652,             0.448,    0.008867741553,     -0.1276550436,                 0,                 0,                 0,    -0.05393284125,     0.01165041137,     -0.1274312164,                 0,      -14.39544024
          0,           0,         580,      -11.01538994,      -11.55939578,      -11.51126293,      -10.46191542,             0.448,    0.008867741576,     -0.1276550436,                 0,                 0,                 0,    -0.05393284104,     0.01165041139,     -0.1274312164,                 0,       -14.3954402
          0,           0,         581,      -11.02170659,      -11.56286375,      -11.51899952,      -10.46862647,             0.448,    0.008867741599,     -0.1276550435,                 0,                 0,                 0,    -0.05393284083,     0.01165041142,     -0.1274312163,                 0,      -14.39544016
          0,           0,         582,      -11.02577882,      -11.56618021,      -11.52617675,      -10.47299239,             0.448,    0.008867741624,     -0.1276550435,                 0,                 0,                 0,    -0.05393284063,     0.01165041144,     -0.1274312163,                 0,      -14.39544011
          0,           0,         583,      -11.02805236,      -11.56950499,      -11.53293116,      -10.47545478,             0.448,    0.008867741649,     -0.1276550434,                 0,                 0,                 0,    -0.05393284042,     0.01165041146,     -0.1274312162,                 0,      -14.39544007
          0,           0,         584,      -11.02900217,      -11.57297396,      -11.53940477,       -10.4764931,             0.448,    0.008867741674,     -0.1276550433,                 0,                 0,                 0,    -0.05393284022,     0.01165041149,     -0.1274312161,                 0,      -14.39544001
          0,           0,         585,      -11.02909084,      -11.57670876,      -11.54573992,      -10.47658038,             0.448,    0.008867741701,     -0.1276550432,                 0,                 0,                 0,    -0.05393284002,     0.01165041151,      -0.127431216,                 0,      -14.39543996
          0,           0,         586,       -11.0287403,      -11.58080863,      -11.55207308,      -10.47615226,             0.448,    0.008867741727,     -0.1276550431,                 0,                 0,                 0,    -0.05393283982,     0.01165041154,     -0.1274312159,                 0,      -14.39543991
          0,           0,         587,      -11.02831645,      -11.58535936,      -11.55853144,      -10.47558925,             0.448,    0.008867741754,      -0.127655043,                 0,                 0,                 0,    -0.05393283963,     0.01165041156,     -0.1274312158,                 0,      -14.39543985
          0,           0,         588,      -11.02812455,      -11.59042913,       -11.5652294,      -10.47521031,             0.448,    0.008867741782,     -0.1276550429,                 0,                 0,                 0,    -0.05393283945,     0.01165041158,     -0.1274312157,                 0,      -14.39543979
          0,           0,         589,       -11.0284115,      -11.59607157,       -11.5722672,       -10.4752745,             0.448,    0.008867741809,     -0.1276550428,                 0,                 0,                 0,    -0.05393283927,     0.01165041161,     -0.1274312155,                 0,      -14.39543973
          0,           0,         590,      -11.02937238,      -11.60232578,      -11.57973175,      -10.47598684,             0.448,    0.008867741837,     -0.1276550426,                 0,                 0,                 0,    -0.05393283909,     0.01165041163,     -0.1274312154,                 0,      -14.39543967
          0,           0,         591,      -11.03115817,      -11.60921842,      -11.58769532,      -10.47750633,             0.448,    0.008867741865,     -0.1276550424,                 0,                 0,                 0,    -0.05393283893,     0.01165041166,     -0.1274312152,                 0,      -14.39543961
          0,           0,         592,      -11.03388389,      -11.61676561,      -11.59621873,      -10.47995415,             0.448,    0.008867741892,     -0.1276550423,                 0,                 0,                 0,    -0.05393283877,     0.01165041168,     -0.1274312151,                 0,      -14.39543954
          0,           0,         593,      -11.03763589,      -11.62497184,      -11.60535033,      -10.48342139,             0.448,     0.00886774192,     -0.1276550421,                 0,                 0,                 0,    -0.05393283861,     0.01165041171,     -0.1274312149,                 0,      -14.39543948
          0,           0,         594,      -11.04247833,      -11.63383363,      -11.61512885,      -10.48797564,             0.448,    0.008867741947,      -0.127655042,                 0,                 0,                 0,    -0.05393283847,     0.01165041173,     -0.1274312147,                 0,      -14.39543941
          0,           0,         595,      -11.04845826,      -11.64334176,       -11.6255832,      -10.49366659,             0.448,    0.008867741975,     -0.1276550418,                 0,                 0,                 0,    -0.05393283833,     0.01165041175,     -0.1274312146,                 0,      -14.39543935
          0,           0,         596,      -11.05560994,      -11.65347805,      -11.63673439,      -10.50053035,             0.448,    0.008867742002,     -0.1276550416,                 0,                 0,                 0,     -0.0539328382,     0.01165041178,     -0.1274312144,                 0,      -14.39543929
          0,           0,         597,      -11.06395802,      -11.66421717,      -11.64859539,      -10.50859302,             0.448,    0.008867742028,     -0.1276550414,                 0,                 0,                 0,    -0.05393283808,      0.0116504118,     -0.1274312142,                 0,      -14.39543922
          0,           0,         598,      -11.07352031,      -11.67552668,      -11.66117298,      -10.51787346,             0.448,    0.008867742054,     -0.1276550413,                 0,                 0,                 0,    -0.05393283797,     0.01165041182,      -0.127431214,                 0,      -14.39543916
          0,           0,         599,      -11.08430942,      -11.68737149,      -11.67446549,      -10.52838515,             0.448,     0.00886774208,     -0.1276550411,                 0,                 0,                 0,    -0.05393283787,     0.01165041184,     -0.1274312139,                 0,       -14.3954391
          0,           0,         600,      -11.09633423,      -11.69970561,      -11.68846647,      -10.54013779,             0.448,    0.008867742105,     -0.1276550409,                 0,                 0,                 0,    -0.05393283777,     0.01165041186,     -0.1274312137,                 0,      -14.39543904
          0,           0,         601,      -11.10960076,      -11.71248254,      -11.70316246,      -10.55313819,             0.448,    0.008867742129,     -0.1276550407,                 0,                 0,                 0,    -0.05393283768,     0.01165041188,     -0.1274312135,                 0,      -14.39543898
          0,           0,         602,       -11.1241127,      -11.72564364,      -11.71853198,      -10.56739084,             0.448,    0.008867742153,     -0.1276550406,                 0,                 0,                 0,     -0.0539328376,      0.0116504119,     -0.1274312133,                 0,      -14.39543893
          0,           0,         603,      -11.13987143,      -11.73913085,      -11.73454781,      -10.58289819,             0.448,    0.008867742176,     -0.1276550404,                 0,                 0,                 0,    -0.05393283753,     0.01165041192,     -0.1274312132,                 0,      -14.39543887
          0,           0,         604,      -11.15687559,      -11.75287838,      -11.75117215,      -10.59966016,             0.448,    0.008867742198,     -0.1276550402,                 0,                 0,                 0,    -0.05393283747,     0.01165041194,      -0.127431213,                 0,      -14.39543882
          0,           0,         605,      -11.17512032,      -11.76681269,      -11.76836038,      -10.61767359,             0.448,    0.008867742219,     -0.1276550401,                 0,                 0,                 0,    -0.05393283742,     0.01165041196,     -0.1274312129,                 0,      -14.39543876
          0,           0,         606,        -11.194596,      -11.78085752,      -11.78605639,      -10.63693098,             0.448,     0.00886774224,     -0.1276550399,                 0,                 0,                 0,    -0.05393283737,     0.01165041198,     -0.1274312127,                 0,      -14.39543871
          0,           0,         607,      -11.21528587,      -11.79494152,      -11.80419249,      -10.65741832,             0.448,     0.00886774226,     -0.1276550398,                 0,                 0,                 0,    -0.05393283733,     0.01165041199,     -0.1274312126,                 0,      -14.39543867
          0,           0,         608,       -11.2371632,      -11.80898287,      -11.82268913,      -10.67911256,             0.448,    0.008867742279,     -0.1276550397,                 0,                 0,                 0,     -0.0539328373,     0.01165041201,     -0.1274312124,                 0,      -14.39543862
          0,           0,         609,      -11.26018705,      -11.82291141,       -11.8414525,      -10.70197734,             0.448,    0.008867742296,     -0.1276550395,                 0,                 0,                 0,    -0.05393283728,     0.01165041203,     -0.1274312123,                 0,      -14.39543858
          0,           0,         610,      -11.28429687,      -11.83665302,       -11.8603737,       -10.7259579,             0.448,    0.008867742313,     -0.1276550394,                 0,                 0,                 0,    -0.05393283726,     0.01165041204,     -0.1274312122,                 0,      -14.39543854
          0,           0,         611,      -11.30940564,      -11.85014953,       -11.8793294,      -10.75097464,             0.448,    0.008867742329,     -0.1276550393,                 0,                 0,                 0,    -0.05393283725,     0.01165041205,     -0.1274312121,                 0,       -14.3954385
          0,           0,         612,      -11.33539128,      -11.86335653,      -11.89818221,      -10.77691432,             0.448,    0.008867742344,     -0.1276550392,                 0,                 0,                 0,    -0.05393283724,     0.01165041207,      -0.127431212,                 0,      -14.39543846
          0,           0,         613,      -11.36208626,      -11.87624458,       -11.9167819,      -10.80362005,             0.448,    0.008867742357,     -0.1276550391,                 0,                 0,                 0,    -0.05393283725,     0.01165041208,     -0.1274312119,                 0,      -14.39543843
          0,           0,         614,      -11.38926727,      -11.88879278,      -11.93497473,      -10.83088064,             0.448,     0.00886774237,      -0.127655039,                 0,                 0,                 0,    -0.05393283726,     0.01165041209,     -0.1274312118,                 0,       -14.3954384
          0,           0,         615,      -11.41664305,      -11.90100567,      -11.95260207,      -10.85841815,             0.448,    0.008867742382,      -0.127655039,                 0,                 0,                 0,    -0.05393283727,      0.0116504121,     -0.1274312117,                 0,      -14.39543837
          0,           0,         616,      -11.44384642,      -11.91289535,      -11.96951521,      -10.88587831,             0.448,    0.008867742392,     -0.1276550389,                 0,                 0,                 0,    -0.05393283729,     0.01165041211,     -0.1274312117,                 0,      -14.39543835
          0,           0,         617,      -11.47042921,      -11.92448845,      -11.98557744,      -10.91282404,             0.448,    0.008867742401,     -0.1276550388,                 0,                 0,                 0,    -0.05393283731,     0.01165041212,     -0.1274312116,                 0,      -14.39543833
          0,           0,         618,      -11.49587052,      -11.93582772,      -12.00067656,      -10.93874058,             0.448,    0.008867742409,     -0.1276550388,                 0,                 0,                 0,    -0.05393283734,     0.01165041212,     -0.1274312116,                 0,      -14.39543831
          0,           0,         619,      -11.51959692,      -11.94696236,      -12.01472761,       -10.9630522,             0.448,    0.008867742417,     -0.1276550388,                 0,                 0,                 0,    -0.05393283738,     0.01165041213,     -0.1274312115,                 0,      -14.39543829
          0,           0,         620,      -11.54102568,      -11.95794669,      -12.02767918,      -10.98516223,             0.448,    0.008867742423,     -0.1276550387,                 0,                 0,                 0,    -0.05393283741,     0.01165041213,     -0.1274312115,                 0,      -14.39543828
          0,           0,         621,      -11.55962459,      -11.96883198,      -12.03951087,      -11.00450992,             0.448,    0.008867742428,     -0.1276550387,                 0,                 0,                 0,    -0.05393283745,     0.01165041214,     -0.1274312115,                 0,      -14.39543827
          0,           0,         622,      -11.57498605,      -11.97967671,      -12.05023482,       -11.0206465,             0.448,    0.008867742431,     -0.1276550387,                 0,                 0,                 0,     -0.0539328375,     0.01165041214,     -0.1274312115,                 0,      -14.39543826
          0,           0,         623,      -11.58689172,      -11.99052771,      -12.05989545,      -11.03330407,             0.448,    0.008867742434,     -0.1276550387,                 0,                 0,                 0,    -0.05393283754,     0.01165041215,     -0.1274312115,                 0,      -14.39543826
          0,           0,         624,      -11.59535353,      -12.00142655,      -12.06856173,      -11.04244482,             0.448,    0.008867742436,     -0.1276550387,                 0,                 0,                 0,    -0.05393283759,     0.01165041215,     -0.1274312115,                 0,      -14.39543826
          0,           0,         625,      -11.60061204,      -12.01240795,      -12.07632961,      -11.04826833,             0.448,    0.008867742437,     -0.1276550387,                 0,                 0,                 0,    -0.05393283764,     0.01165041215,     -0.1274312115,                 0,      -14.39543826
          0,           0,         626,      -11.60309543,       -12.0234986,      -12.08331948,       -11.0511769,             0.448,    0.008867742437,     -0.1276550388,                 0,                 0,                 0,     -0.0539328377,     0.01165041215,     -0.1274312115,                 0,      -14.39543826
          0,           0,         627,      -11.60335123,       -12.0347284,      -12.08966714,      -11.05170892,             0.448,    0.008867742436,     -0.1276550388,                 0,                 0,                 0,    -0.05393283775,     0.01165041215,     -0.1274312116,                 0,      -14.39543827
          0,           0,         628,      -11.60197412,      -12.04611742,      -12.09552693,      -11.05046496,             0.448,    0.008867742434,     -0.1276550388,                 0,                 0,                 0,     -0.0539328378,     0.01165041215,     -0.1274312116,                 0,      -14.39543827
          0,           0,         629,      -11.59954299,      -12.05769392,       -12.1010569,      -11.04803983,             0.448,    0.008867742431,     -0.1276550389,                 0,                 0,                 0,    -0.05393283786,     0.01165041215,     -0.1274312117,                 0,      -14.39543828
          0,           0,         630,      -11.59658078,      -12.06949087,      -12.10641417,      -11.04497736,             0.448,    0.008867742428,     -0.1276550389,                 0,                 0,                 0,    -0.05393283791,     0.01165041214,     -0.1274312117,                 0,      -14.39543829
          0,           0,         631,      -11.59353301,      -12.08153117,      -12.11174684,      -11.04174488,             0.448,    0.008867742424,      -0.127655039,                 0,                 0,                 0,    -0.05393283797,     0.01165041214,     -0.1274312118,                 0,      -14.39543831
          0,           0,         632,      -11.59076301,      -12.09385131,      -12.11719223,      -11.03872615,             0.448,    0.008867742419,      -0.127655039,                 0,                 0,                 0,    -0.05393283803,     0.01165041214,     -0.1274312118,                 0,      -14.39543832
          0,           0,         633,       -11.5885566,      -12.10646809,       -12.1228726,      -11.03622424,             0.448,    0.008867742413,     -0.1276550391,                 0,                 0,                 0,    -0.05393283808,     0.01165041213,     -0.1274312119,                 0,      -14.39543834
          0,           0,         634,      -11.58713299,      -12.11940056,      -12.12889145,      -11.03447234,             0.448,    0.008867742407,     -0.1276550392,                 0,                 0,                 0,    -0.05393283814,     0.01165041213,      -0.127431212,                 0,      -14.39543836
          0,           0,         635,      -11.58665614,      -12.13265966,      -12.13533649,      -11.03364529,             0.448,      0.0088677424,     -0.1276550392,                 0,                 0,                 0,    -0.05393283819,     0.01165041212,      -0.127431212,                 0,      -14.39543838
          0,           0,         636,      -11.58724584,      -12.14625013,      -12.14227913,      -11.03387071,             0.448,    0.008867742392,     -0.1276550393,                 0,                 0,                 0,    -0.05393283824,     0.01165041212,     -0.1274312121,                 0,       -14.3954384
          0,           0,         637,      -11.58898879,       -12.1601644,      -12.14977952,      -11.03524126,             0.448,    0.008867742385,     -0.1276550394,                 0,                 0,                 0,     -0.0539328383,     0.01165041211,     -0.1274312122,                 0,      -14.39543842
          0,           0,         638,       -11.5919455,      -12.17437581,      -12.15788271,      -11.03782134,             0.448,    0.008867742376,     -0.1276550395,                 0,                 0,                 0,    -0.05393283835,      0.0116504121,     -0.1274312123,                 0,      -14.39543844
          0,           0,         639,      -11.59615743,      -12.18886283,      -12.16662191,      -11.04165524,             0.448,    0.008867742368,     -0.1276550396,                 0,                 0,                 0,    -0.05393283839,      0.0116504121,     -0.1274312123,                 0,      -14.39543846
          0,           0,         640,      -11.60165281,      -12.20357923,      -12.17601774,      -11.04677302,             0.448,    0.008867742359,     -0.1276550396,                 0,                 0,                 0,    -0.05393283844,     0.01165041209,     -0.1274312124,                 0,      -14.39543849
          0,           0,         641,      -11.60844934,      -12.21846773,      -12.18608723,      -11.05319338,             0.448,    0.008867742349,     -0.1276550397,                 0,                 0,                 0,    -0.05393283849,     0.01165041208,     -0.1274312125,                 0,      -14.39543851
          0,           0,         642,      -11.61655759,      -12.23345572,      -12.19683437,      -11.06092765,             0.448,     0.00886774234,     -0.1276550398,                 0,                 0,                 0,    -0.05393283853,     0.01165041207,     -0.1274312126,                 0,      -14.39543854
          0,           0,         643,      -11.62598315,      -12.24846059,      -12.20825298,      -11.06998178,             0.448,     0.00886774233,     -0.1276550399,                 0,                 0,                 0,    -0.05393283857,     0.01165041207,     -0.1274312127,                 0,      -14.39543856
          0,           0,         644,       -11.6367275,      -12.26336925,      -12.22033354,       -11.0803574,             0.448,     0.00886774232,       -0.12765504,                 0,                 0,                 0,    -0.05393283861,     0.01165041206,     -0.1274312128,                 0,      -14.39543859
          0,           0,         645,      -11.64878916,      -12.27807732,      -12.23305575,      -11.09205335,             0.448,     0.00886774231,     -0.1276550401,                 0,                 0,                 0,    -0.05393283865,     0.01165041205,     -0.1274312128,                 0,      -14.39543861
          0,           0,         646,      -11.66216346,      -12.29245078,      -12.24639132,      -11.10506513,             0.448,      0.0088677423,     -0.1276550402,                 0,                 0,                 0,    -0.05393283869,     0.01165041204,     -0.1274312129,                 0,      -14.39543864
          0,           0,         647,      -11.67684256,      -12.30635206,      -12.26030314,      -11.11938528,             0.448,    0.008867742289,     -0.1276550402,                 0,                 0,                 0,    -0.05393283872,     0.01165041203,      -0.127431213,                 0,      -14.39543867
          0,           0,         648,      -11.69281444,      -12.31963676,      -12.27475093,      -11.13500262,             0.448,    0.008867742279,     -0.1276550403,                 0,                 0,                 0,    -0.05393283875,     0.01165041203,     -0.1274312131,                 0,      -14.39543869
          0,           0,         649,      -11.71006106,      -12.33215874,      -12.28967261,      -11.15190025,             0.448,    0.008867742269,     -0.1276550404,                 0,                 0,                 0,    -0.05393283878,     0.01165041202,     -0.1274312132,                 0,      -14.39543872
          0,           0,         650,      -11.72855594,      -12.34379392,      -12.30500823,      -11.17005367,             0.448,    0.008867742258,     -0.1276550405,                 0,                 0,                 0,    -0.05393283881,     0.01165041201,     -0.1274312133,                 0,      -14.39543874
          0,           0,         651,      -11.74826146,      -12.35442009,      -12.32067978,       -11.1894276,             0.448,    0.008867742248,     -0.1276550405,                 0,                 0,                 0,    -0.05393283883,       0.011650412,     -0.1274312133,                 0,      -14.39543877
          0,           0,         652,      -11.76912402,      -12.36395284,      -12.33660281,      -11.20997265,             0.448,    0.008867742238,     -0.1276550406,                 0,                 0,                 0,    -0.05393283885,     0.01165041199,     -0.1274312134,                 0,      -14.39543879
          0,           0,         653,      -11.79106737,      -12.37233589,      -12.35268021,       -11.2316177,             0.448,    0.008867742228,     -0.1276550407,                 0,                 0,                 0,    -0.05393283887,     0.01165041198,     -0.1274312135,                 0,      -14.39543882
          0,           0,         654,       -11.8139879,      -12.37954563,      -12.36880412,      -11.25426562,             0.448,    0.008867742218,     -0.1276550408,                 0,                 0,                 0,    -0.05393283889,     0.01165041197,     -0.1274312135,                 0,      -14.39543884
          0,           0,         655,      -11.83774247,      -12.38564457,      -12.38485102,      -11.27778292,             0.448,    0.008867742208,     -0.1276550408,                 0,                 0,                 0,     -0.0539328389,     0.01165041197,     -0.1274312136,                 0,      -14.39543886
          0,           0,         656,      -11.86214307,      -12.39068494,       -12.4007074,      -11.30199321,             0.448,    0.008867742199,     -0.1276550409,                 0,                 0,                 0,    -0.05393283892,     0.01165041196,     -0.1274312137,                 0,      -14.39543889
          0,           0,         657,      -11.88694147,      -12.39480732,      -12.41623911,      -11.32666244,             0.448,     0.00886774219,     -0.1276550409,                 0,                 0,                 0,    -0.05393283893,     0.01165041195,     -0.1274312137,                 0,      -14.39543891
          0,           0,         658,      -11.91182218,      -12.39812053,       -12.4313229,      -11.35149245,             0.448,    0.008867742181,      -0.127655041,                 0,                 0,                 0,    -0.05393283894,     0.01165041194,     -0.1274312138,                 0,      -14.39543893
          0,           0,         659,      -11.93639662,      -12.40083722,      -12.44583622,      -11.37611311,             0.448,    0.008867742172,      -0.127655041,                 0,                 0,                 0,    -0.05393283894,     0.01165041193,     -0.1274312138,                 0,      -14.39543895
          0,           0,         660,      -11.96020208,      -12.40314346,      -12.45968044,      -11.40008071,             0.448,    0.008867742164,     -0.1276550411,                 0,                 0,                 0,    -0.05393283895,     0.01165041193,     -0.1274312139,                 0,      -14.39543897
          0,           0,         661,      -11.98271186,      -12.40522013,      -12.47276727,      -11.42288572,             0.448,    0.008867742156,     -0.1276550411,                 0,                 0,                 0,    -0.05393283895,     0.01165041192,     -0.1274312139,                 0,      -14.39543898
          0,           0,         662,      -12.00336376,      -12.40723929,      -12.48503696,      -11.44397706,             0.448,    0.008867742148,     -0.1276550412,                 0,                 0,                 0,    -0.05393283895,     0.01165041191,      -0.127431214,                 0,        -14.395439
          0,           0,         663,      -12.02160626,      -12.40937256,      -12.49644322,      -11.46280154,             0.448,    0.008867742141,     -0.1276550412,                 0,                 0,                 0,    -0.05393283895,     0.01165041191,      -0.127431214,                 0,      -14.39543902
          0,           0,         664,      -12.03695923,      -12.41177437,      -12.50696727,      -11.47886394,             0.448,    0.008867742134,     -0.1276550412,                 0,                 0,                 0,    -0.05393283895,      0.0116504119,      -0.127431214,                 0,      -14.39543903
          0,           0,         665,      -12.04908527,      -12.41453907,      -12.51661562,      -11.49179325,             0.448,    0.008867742127,     -0.1276550413,                 0,                 0,                 0,    -0.05393283895,     0.01165041189,      -0.127431214,                 0,      -14.39543904
          0,           0,         666,      -12.05784321,      -12.41778134,      -12.52540573,      -11.50140006,             0.448,    0.008867742121,     -0.1276550413,                 0,                 0,                 0,    -0.05393283895,     0.01165041189,     -0.1274312141,                 0,      -14.39543906
          0,           0,         667,      -12.06331513,      -12.42155338,      -12.53339259,      -11.50771373,             0.448,    0.008867742116,     -0.1276550413,                 0,                 0,                 0,    -0.05393283894,     0.01165041188,     -0.1274312141,                 0,      -14.39543907
          0,           0,         668,       -12.0657953,      -12.42591363,      -12.54064419,      -11.51097607,             0.448,     0.00886774211,     -0.1276550413,                 0,                 0,                 0,    -0.05393283893,     0.01165041188,     -0.1274312141,                 0,      -14.39543908
          0,           0,         669,      -12.06573945,      -12.43089792,      -12.54725915,      -11.51160312,             0.448,    0.008867742105,     -0.1276550413,                 0,                 0,                 0,    -0.05393283893,     0.01165041187,     -0.1274312141,                 0,      -14.39543909
          0,           0,         670,      -12.06369583,      -12.43655242,      -12.55335252,      -11.51011904,             0.448,    0.008867742101,     -0.1276550413,                 0,                 0,                 0,    -0.05393283892,     0.01165041187,     -0.1274312141,                 0,       -14.3954391
          0,           0,         671,      -12.06023882,      -12.44287936,      -12.55905104,      -11.50708844,             0.448,    0.008867742097,     -0.1276550413,                 0,                 0,                 0,    -0.05393283891,     0.01165041187,     -0.1274312141,                 0,       -14.3954391
          0,           0,         672,      -12.05591586,      -12.44994351,      -12.56448388,      -11.50306425,             0.448,    0.008867742093,     -0.1276550413,                 0,                 0,                 0,     -0.0539328389,     0.01165041186,     -0.1274312141,                 0,      -14.39543911
          0,           0,         673,      -12.05121278,      -12.45774812,       -12.5697973,      -11.49854202,             0.448,     0.00886774209,     -0.1276550413,                 0,                 0,                 0,    -0.05393283889,     0.01165041186,     -0.1274312141,                 0,      -14.39543911
          0,           0,         674,      -12.04653786,      -12.46632596,      -12.57511631,      -11.49394728,             0.448,    0.008867742087,     -0.1276550413,                 0,                 0,                 0,    -0.05393283888,     0.01165041186,     -0.1274312141,                 0,      -14.39543912
          0,           0,         675,      -12.04222352,       -12.4757347,      -12.58055802,      -11.48962863,             0.448,    0.008867742085,     -0.1276550413,                 0,                 0,                 0,    -0.05393283886,     0.01165041185,     -0.1274312141,                 0,      -14.39543912
          0,           0,         676,      -12.03852825,       -12.4859627,      -12.58623127,      -11.48585984,             0.448,    0.008867742082,     -0.1276550413,                 0,                 0,                 0,    -0.05393283885,     0.01165041185,     -0.1274312141,                 0,      -14.39543912
          0,           0,         677,      -12.03565032,      -12.49703596,       -12.5922305,      -11.48285476,             0.448,    0.008867742081,     -0.1276550413,                 0,                 0,                 0,    -0.05393283884,     0.01165041185,     -0.1274312141,                 0,      -14.39543913
          0,           0,         678,      -12.03373816,      -12.50898976,      -12.59864316,      -11.48077206,             0.448,    0.008867742079,     -0.1276550413,                 0,                 0,                 0,    -0.05393283883,     0.01165041185,     -0.1274312141,                 0,      -14.39543913
          0,           0,         679,      -12.03290032,      -12.52185222,      -12.60553367,      -11.47972999,             0.448,    0.008867742078,     -0.1276550413,                 0,                 0,                 0,    -0.05393283881,     0.01165041184,     -0.1274312141,                 0,      -14.39543913
          0,           0,         680,      -12.03321428,      -12.53561046,       -12.6129601,      -11.47981404,             0.448,    0.008867742077,     -0.1276550413,                 0,                 0,                 0,     -0.0539328388,     0.01165041184,      -0.127431214,                 0,      -14.39543913
          0,           0,         681,      -12.03473573,      -12.55030226,      -12.62096234,      -11.48108592,             0.448,    0.008867742077,     -0.1276550412,                 0,                 0,                 0,    -0.05393283879,     0.01165041184,      -0.127431214,                 0,      -14.39543912
          0,           0,         682,       -12.0375021,      -12.56591909,      -12.62958887,      -11.48358686,             0.448,    0.008867742076,     -0.1276550412,                 0,                 0,                 0,    -0.05393283878,     0.01165041184,      -0.127431214,                 0,      -14.39543912
          0,           0,         683,      -12.04153966,      -12.58251762,      -12.63886168,      -11.48734731,             0.448,    0.008867742076,     -0.1276550412,                 0,                 0,                 0,    -0.05393283876,     0.01165041184,      -0.127431214,                 0,      -14.39543912
          0,           0,         684,      -12.04686623,      -12.60007294,      -12.64879316,      -11.49238694,             0.448,    0.008867742077,     -0.1276550412,                 0,                 0,                 0,    -0.05393283875,     0.01165041184,     -0.1274312139,                 0,      -14.39543912
          0,           0,         685,      -12.05349243,      -12.61860875,      -12.65939097,      -11.49871887,             0.448,    0.008867742077,     -0.1276550411,                 0,                 0,                 0,    -0.05393283874,     0.01165041184,     -0.1274312139,                 0,      -14.39543911
          0,           0,         686,      -12.06142634,      -12.63810183,      -12.67066919,        -11.506352,             0.448,    0.008867742078,     -0.1276550411,                 0,                 0,                 0,    -0.05393283873,     0.01165041184,     -0.1274312139,                 0,      -14.39543911
          0,           0,         687,      -12.07067201,      -12.65857486,       -12.6826117,      -11.51529204,             0.448,    0.008867742079,     -0.1276550411,                 0,                 0,                 0,    -0.05393283871,     0.01165041184,     -0.1274312139,                 0,       -14.3954391
          0,           0,         688,      -12.08123278,      -12.67997178,      -12.69519707,      -11.52554185,             0.448,     0.00886774208,     -0.1276550411,                 0,                 0,                 0,     -0.0539328387,     0.01165041184,     -0.1274312138,                 0,       -14.3954391
          0,           0,         689,      -12.09311196,      -12.70228634,      -12.70841041,      -11.53710644,             0.448,    0.008867742082,      -0.127655041,                 0,                 0,                 0,    -0.05393283869,     0.01165041184,     -0.1274312138,                 0,      -14.39543909
          0,           0,         690,      -12.10630911,      -12.72549571,      -12.72220679,      -11.54998559,             0.448,    0.008867742083,      -0.127655041,                 0,                 0,                 0,    -0.05393283868,     0.01165041184,     -0.1274312138,                 0,      -14.39543909
          0,           0,         691,      -12.12082415,      -12.74945141,      -12.73654987,      -11.56417876,             0.448,    0.008867742085,      -0.127655041,                 0,                 0,                 0,    -0.05393283867,     0.01165041185,     -0.1274312137,                 0,      -14.39543908
          0,           0,         692,       -12.1366533,      -12.77407588,      -12.75136709,      -11.57968329,             0.448,    0.008867742087,     -0.1276550409,                 0,                 0,                 0,    -0.05393283866,     0.01165041185,     -0.1274312137,                 0,      -14.39543907
          0,           0,         693,      -12.15379022,      -12.79922286,      -12.76660659,      -11.59649325,             0.448,    0.008867742089,     -0.1276550409,                 0,                 0,                 0,    -0.05393283865,     0.01165041185,     -0.1274312137,                 0,      -14.39543907
          0,           0,         694,      -12.17222168,      -12.82465277,       -12.7821696,      -11.61459727,             0.448,    0.008867742091,     -0.1276550409,                 0,                 0,                 0,    -0.05393283864,     0.01165041185,     -0.1274312137,                 0,      -14.39543906
          0,           0,         695,      -12.19192219,       -12.8500729,      -12.79795987,      -11.63397044,             0.448,    0.008867742093,     -0.1276550408,                 0,                 0,                 0,    -0.05393283864,     0.01165041185,     -0.1274312136,                 0,      -14.39543905
          0,           0,         696,      -12.21285688,      -12.87510899,       -12.8138708,      -11.65458074,             0.448,    0.008867742096,     -0.1276550408,                 0,                 0,                 0,    -0.05393283863,     0.01165041185,     -0.1274312136,                 0,      -14.39543905
          0,           0,         697,      -12.23496416,      -12.89928412,      -12.82976053,      -11.67637056,             0.448,    0.008867742098,     -0.1276550408,                 0,                 0,                 0,    -0.05393283862,     0.01165041185,     -0.1274312136,                 0,      -14.39543904
          0,           0,         698,      -12.25815598,      -12.92207321,      -12.84548211,      -11.69925675,             0.448,    0.008867742101,     -0.1276550408,                 0,                 0,                 0,    -0.05393283861,     0.01165041186,     -0.1274312135,                 0,      -14.39543903
          0,           0,         699,       -12.2823035,      -12.94291925,      -12.86088625,      -11.72311909,             0.448,    0.008867742103,     -0.1276550407,                 0,                 0,                 0,    -0.05393283861,     0.01165041186,     -0.1274312135,                 0,      -14.39543902
          0,           0,         700,      -12.30722372,      -12.96119505,      -12.87580517,      -11.74778378,             0.448,    0.008867742106,     -0.1276550407,                 0,                 0,                 0,     -0.0539328386,     0.01165041186,     -0.1274312135,                 0,      -14.39543902
          0,           0,         701,      -12.33266642,      -12.97644009,      -12.89006683,      -11.77301384,             0.448,    0.008867742109,     -0.1276550407,                 0,                 0,                 0,     -0.0539328386,     0.01165041186,     -0.1274312135,                 0,      -14.39543901
          0,           0,         702,      -12.35830287,      -12.98831967,      -12.90348954,      -11.79849782,             0.448,    0.008867742112,     -0.1276550406,                 0,                 0,                 0,    -0.05393283859,     0.01165041186,     -0.1274312134,                 0,        -14.395439
          0,           0,         703,      -12.38370899,      -12.99666808,      -12.91596198,      -11.82382857,             0.448,    0.008867742114,     -0.1276550406,                 0,                 0,                 0,    -0.05393283859,     0.01165041187,     -0.1274312134,                 0,      -14.39543899
          0,           0,         704,      -12.40836164,      -13.00150377,      -12.92739264,       -11.8485067,             0.448,    0.008867742117,     -0.1276550406,                 0,                 0,                 0,    -0.05393283859,     0.01165041187,     -0.1274312134,                 0,      -14.39543899
          0,           0,         705,      -12.43164931,      -13.00317839,       -12.9376583,      -11.87194192,             0.448,     0.00886774212,     -0.1276550406,                 0,                 0,                 0,    -0.05393283858,     0.01165041187,     -0.1274312134,                 0,      -14.39543898
          0,           0,         706,      -12.45289564,      -13.00225684,      -12.94675446,      -11.89347225,             0.448,    0.008867742123,     -0.1276550406,                 0,                 0,                 0,    -0.05393283858,     0.01165041187,     -0.1274312133,                 0,      -14.39543897
          0,           0,         707,      -12.47141933,      -12.99930994,      -12.95469424,      -11.91242752,             0.448,    0.008867742125,     -0.1276550405,                 0,                 0,                 0,    -0.05393283858,     0.01165041188,     -0.1274312133,                 0,      -14.39543897
          0,           0,         708,      -12.48660891,      -12.99484126,      -12.96153598,      -11.92818691,             0.448,    0.008867742128,     -0.1276550405,                 0,                 0,                 0,    -0.05393283858,     0.01165041188,     -0.1274312133,                 0,      -14.39543896
          0,           0,         709,      -12.49801603,      -12.98959557,      -12.96732998,      -11.94027459,             0.448,    0.008867742131,     -0.1276550405,                 0,                 0,                 0,    -0.05393283858,     0.01165041188,     -0.1274312133,                 0,      -14.39543895
          0,           0,         710,      -12.50543946,      -12.98393266,      -12.97220794,      -11.94845056,             0.448,    0.008867742133,     -0.1276550405,                 0,                 0,                 0,    -0.05393283858,     0.01165041188,     -0.1274312133,                 0,      -14.39543895
          0,           0,         711,      -12.50896304,      -12.97835638,      -12.97625028,      -11.95274418,             0.448,    0.008867742135,     -0.1276550405,                 0,                 0,                 0,    -0.05393283858,     0.01165041188,     -0.1274312133,                 0,      -14.39543894
          0,           0,         712,      -12.50894998,      -12.97305476,      -12.97959533,      -11.95346566,             0.448,    0.008867742138,     -0.1276550405,                 0,                 0,                 0,    -0.05393283858,     0.01165041189,     -0.1274312132,                 0,      -14.39543894
          0,           0,         713,      -12.50596306,      -12.96833155,       -12.9823749,      -11.95113559,             0.448,     0.00886774214,     -0.1276550404,                 0,                 0,                 0,    -0.05393283858,     0.01165041189,     -0.1274312132,                 0,      -14.39543893
          0,           0,         714,      -12.50068579,      -12.96421961,      -12.98475406,      -11.94640472,             0.448,    0.008867742142,     -0.1276550404,                 0,                 0,                 0,    -0.05393283858,     0.01165041189,     -0.1274312132,                 0,      -14.39543893
          0,           0,         715,      -12.49381034,      -12.96098591,      -12.98686828,      -11.93995838,             0.448,    0.008867742144,     -0.1276550404,                 0,                 0,                 0,    -0.05393283858,     0.01165041189,     -0.1274312132,                 0,      -14.39543892
          0,           0,         716,      -12.48599309,      -12.95854349,       -12.9888821,      -11.93245249,             0.448,    0.008867742146,     -0.1276550404,                 0,                 0,                 0,    -0.05393283858,     0.01165041189,     -0.1274312132,                 0,      -14.39543892
          0,           0,         717,      -12.47778966,      -12.95717162,      -12.99094001,      -11.92445275,             0.448,    0.008867742148,     -0.1276550404,                 0,                 0,                 0,    -0.05393283858,      0.0116504119,     -0.1274312132,                 0,      -14.39543892
          0,           0,         718,      -12.46966403,       -12.9567362,      -12.99318233,      -11.91643854,             0.448,     0.00886774215,     -0.1276550404,                 0,                 0,                 0,    -0.05393283859,      0.0116504119,     -0.1274312132,                 0,      -14.39543891
          0,           0,         719,      -12.46196838,      -12.95735552,      -12.99572103,      -11.90877897,             0.448,    0.008867742152,     -0.1276550404,                 0,                 0,                 0,    -0.05393283859,      0.0116504119,     -0.1274312132,                 0,      -14.39543891
          0,           0,         720,      -12.45497628,      -12.95906701,      -12.99865444,      -11.90176139,             0.448,    0.008867742154,     -0.1276550404,                 0,                 0,                 0,    -0.05393283859,      0.0116504119,     -0.1274312132,                 0,      -14.39543891
          0,           0,         721,      -12.44888571,      -12.96193342,      -13.00207753,      -11.89559813,             0.448,    0.008867742155,     -0.1276550404,                 0,                 0,                 0,    -0.05393283859,      0.0116504119,     -0.1274312132,                 0,       -14.3954389
          0,           0,         722,      -12.44383696,      -12.96581859,      -13.00608204,      -11.89043758,             0.448,    0.008867742156,     -0.1276550404,                 0,                 0,                 0,     -0.0539328386,      0.0116504119,     -0.1274312132,                 0,       -14.3954389
          0,           0,         723,      -12.43992681,      -12.97080584,      -13.01070357,      -11.88638636,             0.448,    0.008867742158,     -0.1276550404,                 0,                 0,                 0,     -0.0539328386,     0.01165041191,     -0.1274312132,                 0,       -14.3954389
          0,           0,         724,      -12.43722266,      -12.97693054,      -13.01601187,      -11.88352001,             0.448,    0.008867742159,     -0.1276550404,                 0,                 0,                 0,     -0.0539328386,     0.01165041191,     -0.1274312132,                 0,       -14.3954389
          0,           0,         725,      -12.43576697,      -12.98416285,      -13.02204563,      -11.88188353,             0.448,     0.00886774216,     -0.1276550404,                 0,                 0,                 0,     -0.0539328386,     0.01165041191,     -0.1274312132,                 0,      -14.39543889
          0,           0,         726,      -12.43558507,      -12.99250466,      -13.02882844,      -11.88150798,             0.448,    0.008867742161,     -0.1276550404,                 0,                 0,                 0,    -0.05393283861,     0.01165041191,     -0.1274312132,                 0,      -14.39543889
          0,           0,         727,       -12.4366913,      -13.00195595,      -13.03641134,      -11.88241115,             0.448,    0.008867742162,     -0.1276550404,                 0,                 0,                 0,    -0.05393283861,     0.01165041191,     -0.1274312132,                 0,      -14.39543889
          0,           0,         728,      -12.43909256,      -13.01249398,      -13.04479827,       -11.8846006,             0.448,    0.008867742163,     -0.1276550404,                 0,                 0,                 0,    -0.05393283861,     0.01165041191,     -0.1274312132,                 0,      -14.39543889
          0,           0,         729,      -12.44278939,      -13.02414782,       -13.0540098,      -11.88808022,             0.448,    0.008867742164,     -0.1276550404,                 0,                 0,                 0,    -0.05393283862,     0.01165041191,     -0.1274312132,                 0,      -14.39543889
          0,           0,         730,      -12.44778273,       -13.0369169,      -13.06404856,      -11.89285105,             0.448,    0.008867742164,     -0.1276550404,                 0,                 0,                 0,    -0.05393283862,     0.01165041191,     -0.1274312132,                 0,      -14.39543889
          0,           0,         731,      -12.45407078,      -13.05081922,      -13.07493583,      -11.89891229,             0.448,    0.008867742165,     -0.1276550404,                 0,                 0,                 0,    -0.05393283862,     0.01165041191,     -0.1274312132,                 0,      -14.39543889
          0,           0,         732,      -12.46165227,      -13.06577518,      -13.08667057,      -11.90626421,             0.448,    0.008867742165,     -0.1276550404,                 0,                 0,                 0,    -0.05393283862,     0.01165041191,     -0.1274312132,                 0,      -14.39543889
          0,           0,         733,      -12.47052691,      -13.08191196,      -13.09925669,      -11.91490601,             0.448,    0.008867742166,     -0.1276550404,                 0,                 0,                 0,    -0.05393283863,     0.01165041191,     -0.1274312132,                 0,      -14.39543889
          0,           0,         734,      -12.48069504,      -13.09915244,      -13.11266498,      -11.92483903,             0.448,    0.008867742166,     -0.1276550404,                 0,                 0,                 0,    -0.05393283863,     0.01165041191,     -0.1274312132,                 0,      -14.39543889
          0,           0,         735,      -12.49216183,      -13.11753026,      -13.12691114,      -11.93606714,             0.448,    0.008867742166,     -0.1276550404,                 0,                 0,                 0,    -0.05393283863,     0.01165041192,     -0.1274312132,                 0,      -14.39543889
          0,           0,         736,      -12.50493141,      -13.13703524,      -13.14197608,      -11.94859752,             0.448,    0.008867742167,     -0.1276550405,                 0,                 0,                 0,    -0.05393283863,     0.01165041192,     -0.1274312132,                 0,      -14.39543889
          0,           0,         737,      -12.51901192,      -13.15769371,      -13.15783389,      -11.96243626,             0.448,    0.008867742167,     -0.1276550405,                 0,                 0,                 0,    -0.05393283864,     0.01165041192,     -0.1274312132,                 0,      -14.39543889
          0,           0,         738,      -12.53441332,      -13.17942471,      -13.17445191,      -11.97759308,             0.448,    0.008867742167,     -0.1276550405,                 0,                 0,                 0,    -0.05393283864,     0.01165041192,     -0.1274312133,                 0,      -14.39543889
          0,           0,         739,      -12.55115006,      -13.20222684,      -13.19178709,      -11.99408503,             0.448,    0.008867742167,     -0.1276550405,                 0,                 0,                 0,    -0.05393283864,     0.01165041192,     -0.1274312133,                 0,      -14.39543889
          0,           0,         740,      -12.56923416,      -13.22618425,      -13.20978723,      -12.01192179,             0.448,    0.008867742167,     -0.1276550405,                 0,                 0,                 0,    -0.05393283864,     0.01165041192,     -0.1274312133,                 0,      -14.39543889
          0,           0,         741,      -12.58868614,      -13.25110338,      -13.22841648,      -12.03112696,             0.448,    0.008867742167,     -0.1276550405,                 0,                 0,                 0,    -0.05393283865,     0.01165041192,     -0.1274312133,                 0,       -14.3954389
          0,           0,         742,      -12.60951674,      -13.27697483,      -13.24755168,      -12.05171036,             0.448,    0.008867742166,     -0.1276550405,                 0,                 0,                 0,    -0.05393283865,     0.01165041192,     -0.1274312133,                 0,       -14.3954389
          0,           0,         743,      -12.63174094,      -13.30368589,      -13.26711203,      -12.07369057,             0.448,    0.008867742166,     -0.1276550405,                 0,                 0,                 0,    -0.05393283865,     0.01165041192,     -0.1274312133,                 0,       -14.3954389
          0,           0,         744,      -12.65536617,      -13.33104908,       -13.2869596,      -12.09707568,             0.448,    0.008867742166,     -0.1276550405,                 0,                 0,                 0,    -0.05393283865,     0.01165041192,     -0.1274312133,                 0,       -14.3954389
          0,           0,         745,      -12.68038493,      -13.35882616,       -13.3069357,      -12.12186254,             0.448,    0.008867742166,     -0.1276550405,                 0,                 0,                 0,    -0.05393283865,     0.01165041192,     -0.1274312133,                 0,       -14.3954389
          0,           0,         746,      -12.70677882,      -13.38665206,       -13.3269085,      -12.14803891,             0.448,    0.008867742165,     -0.1276550405,                 0,                 0,                 0,    -0.05393283865,     0.01165041192,     -0.1274312133,                 0,       -14.3954389
          0,           0,         747,      -12.73448123,      -13.41428705,      -13.34660579,       -12.1755428,             0.448,    0.008867742165,     -0.1276550405,                 0,                 0,                 0,    -0.05393283865,     0.01165041192,     -0.1274312133,                 0,       -14.3954389
          0,           0,         748,      -12.76339733,      -13.44102488,      -13.36584442,      -12.20429255,             0.448,    0.008867742164,     -0.1276550406,                 0,                 0,                 0,    -0.05393283865,     0.01165041192,     -0.1274312133,                 0,      -14.39543891
          0,           0,         749,      -12.79335185,      -13.46625024,      -13.38433066,      -12.23412455,             0.448,    0.008867742164,     -0.1276550406,                 0,                 0,                 0,    -0.05393283866,     0.01165041192,     -0.1274312133,                 0,      -14.39543891
          0,           0,         750,        -12.824078,      -13.48942549,      -13.40173502,      -12.26479272,             0.448,    0.008867742164,     -0.1276550406,                 0,                 0,                 0,    -0.05393283866,     0.01165041192,     -0.1274312134,                 0,      -14.39543891
          0,           0,         751,      -12.85521143,      -13.50961978,      -13.41792888,      -12.29595061,             0.448,    0.008867742163,     -0.1276550406,                 0,                 0,                 0,    -0.05393283866,     0.01165041191,     -0.1274312134,                 0,      -14.39543891
          0,           0,         752,      -12.88620516,      -13.52651826,      -13.43251041,      -12.32708313,             0.448,    0.008867742163,     -0.1276550406,                 0,                 0,                 0,    -0.05393283866,     0.01165041191,     -0.1274312134,                 0,      -14.39543891
          0,           0,         753,       -12.9163742,      -13.53936374,      -13.44542158,      -12.35752929,             0.448,    0.008867742162,     -0.1276550406,                 0,                 0,                 0,    -0.05393283866,     0.01165041191,     -0.1274312134,                 0,      -14.39543891
          0,           0,         754,       -12.9448198,      -13.54849796,      -13.45648583,      -12.38641974,             0.448,    0.008867742162,     -0.1276550406,                 0,                 0,                 0,    -0.05393283866,     0.01165041191,     -0.1274312134,                 0,      -14.39543892
          0,           0,         755,      -12.97054868,      -13.55344423,      -13.46567355,      -12.41276703,             0.448,    0.008867742161,     -0.1276550406,                 0,                 0,                 0,    -0.05393283866,     0.01165041191,     -0.1274312134,                 0,      -14.39543892
          0,           0,         756,      -12.99246806,      -13.55519807,      -13.47316014,      -12.43547275,             0.448,     0.00886774216,     -0.1276550406,                 0,                 0,                 0,    -0.05393283866,     0.01165041191,     -0.1274312134,                 0,      -14.39543892
          0,           0,         757,      -13.00961409,      -13.55414705,      -13.47895294,      -12.45354294,             0.448,     0.00886774216,     -0.1276550406,                 0,                 0,                 0,    -0.05393283866,     0.01165041191,     -0.1274312134,                 0,      -14.39543892
