"Time_Iter","Outer_Iter","Inner_Iter",    "rms[Rho]"    ,       "CD"       ,       "CL"       ,       "CMz"      
          0,           0,           0,      -4.167302327,       4.563923448,        2.36204045,      0.8749859044
          0,           0,           1,      -4.314610715,       3.106119212,       2.239149388,      0.7860175862
          0,           0,           2,      -4.692205469,       2.470715942,       2.314994493,      0.7832667605
          0,           0,           3,      -4.881177607,       2.150238476,       2.386402921,      0.7903288586
          0,           0,           4,      -5.005045868,       1.961396614,       2.433228477,      0.7953433013
          0,           0,           5,      -5.076504059,       1.835816507,       2.463350775,      0.7981152552
          0,           0,           6,      -5.111058294,       1.745134807,       2.484552786,       0.800073916
          0,           0,           7,      -5.124553588,       1.675639648,       2.500438284,      0.8017282225
          0,           0,           8,      -5.122941098,       1.619834446,       2.512604477,       0.803114284
          0,           0,           9,      -5.109348764,       1.573255039,          2.521997,       0.804220077
          0,           0,          10,      -5.087113975,       1.533022431,       2.529215986,      0.8050386687
          0,           0,          11,      -5.060034447,       1.497124028,       2.534617286,       0.805542392
          0,           0,          12,       -5.03157346,       1.464081379,       2.538374876,      0.8056567039
          0,           0,          13,      -5.004188176,       1.432797327,       2.540493565,       0.805249619
          0,           0,          14,      -4.979186767,       1.402436103,       2.540822002,      0.8041274238
          0,           0,          15,      -4.957157841,       1.372351862,       2.539069878,      0.8020445091
          0,           0,          16,      -4.938134398,       1.342035868,       2.534873794,      0.7987115059
          0,           0,          17,      -4.921902028,       1.311074147,       2.527834449,      0.7938117952
          0,           0,          18,      -4.908107786,       1.279153336,       2.517557812,      0.7870133922
          0,           0,          19,      -4.896457741,       1.246039076,       2.503697827,      0.7779871567
          0,           0,          20,      -4.886483301,       1.211566929,       2.485963212,      0.7664474506
          0,           0,          21,      -4.877754571,       1.175619755,       2.464136944,      0.7521488621
          0,           0,          22,      -4.869921814,       1.138122845,       2.438068127,      0.7349019393
          0,           0,          23,      -4.862644246,       1.099043168,       2.407717309,      0.7145975626
          0,           0,          24,      -4.855677152,       1.058382577,       2.373131148,      0.6911942618
          0,           0,          25,      -4.848817057,       1.016181621,       2.334436515,      0.6647270269
          0,           0,          26,      -4.841964994,      0.9725339023,       2.291821773,      0.6353009822
          0,           0,          27,      -4.835088011,       0.927556486,        2.24553254,      0.6030847747
          0,           0,          28,      -4.828228985,      0.8814014978,        2.19585114,      0.5682956432
          0,           0,          29,      -4.821478745,      0.8342507384,       2.143070806,      0.5311861844
          0,           0,          30,      -4.814928893,      0.7863097923,       2.087473529,      0.4920338261
          0,           0,          31,        -4.8087298,      0.7378074956,       2.029330331,      0.4511321965
          0,           0,          32,      -4.803021113,      0.6889900421,       1.968913805,      0.4087801299
          0,           0,          33,      -4.797989319,      0.6401134942,       1.906474333,      0.3652728691
          0,           0,          34,      -4.793815337,       0.591437769,       1.842235928,      0.3208912245
          0,           0,          35,      -4.790638624,      0.5432370876,       1.776434262,      0.2759083826
          0,           0,          36,      -4.788585769,      0.4957875129,       1.709281043,      0.2305778815
          0,           0,          37,       -4.78767776,      0.4493737236,       1.640991655,      0.1851468851
          0,           0,          38,      -4.787835718,      0.4042756351,       1.571771408,      0.1398502802
          0,           0,          39,      -4.788879387,      0.3607702712,       1.501814964,     0.09491032105
          0,           0,          40,      -4.790566354,      0.3191212483,       1.431302627,     0.05054118076
          0,           0,          41,      -4.792611389,      0.2795743027,       1.360400862,     0.00695027172
          0,           0,          42,      -4.794838396,      0.2423501049,       1.289266961,    -0.03566095811
          0,           0,          43,      -4.797130767,      0.2076355122,       1.218061754,    -0.07708611348
          0,           0,          44,      -4.799448019,      0.1755674524,       1.146922616,     -0.1171259899
          0,           0,          45,      -4.801913315,      0.1462313022,       1.075958657,     -0.1555940198
          0,           0,          46,       -4.80459615,      0.1196914333,       1.005280095,     -0.1923179917
          0,           0,          47,      -4.807560499,     0.09596383541,      0.9350098717,     -0.2271399571
          0,           0,          48,       -4.81088141,     0.07498469525,       0.865277706,     -0.2599166919
          0,           0,          49,      -4.814530868,     0.05665766828,      0.7961753303,     -0.2905546391
          0,           0,          50,      -4.818435818,     0.04086769246,      0.7278512891,     -0.3189710108
          0,           0,          51,      -4.822553406,     0.02746380767,      0.6604505836,     -0.3450970355
          0,           0,          52,      -4.826798511,     0.01628447105,      0.5941538905,     -0.3688812177
          0,           0,          53,      -4.831095286,    0.007137060594,      0.5291205669,     -0.3903141665
          0,           0,          54,      -4.835383236,  -0.0001840929286,      0.4655014965,     -0.4094085527
          0,           0,          55,      -4.839525823,   -0.005883645931,      0.4034664657,     -0.4261699027
          0,           0,          56,      -4.843434706,    -0.01019264763,      0.3430773724,     -0.4406664932
          0,           0,          57,      -4.846960647,    -0.01334294007,      0.2843515591,     -0.4529703543
          0,           0,          58,      -4.849999032,    -0.01553315952,      0.2274199784,     -0.4631516675
          0,           0,          59,      -4.852429827,    -0.01696893237,      0.1723027244,     -0.4712789008
          0,           0,          60,       -4.85416484,    -0.01785392718,      0.1189975412,     -0.4774371452
          0,           0,          61,      -4.855215114,    -0.01831618738,     0.06783845245,     -0.4816628266
          0,           0,          62,      -4.855649594,    -0.01850499094,      0.0189515899,     -0.4840312192
          0,           0,          63,       -4.85559346,    -0.01856313863,    -0.02754436488,     -0.4845959468
          0,           0,          64,      -4.855213037,    -0.01861739067,    -0.07150559856,     -0.4834199639
          0,           0,          65,       -4.85470785,    -0.01878396254,     -0.1128036361,     -0.4805922092
          0,           0,          66,      -4.854277714,    -0.01914267692,     -0.1512601842,     -0.4761798976
          0,           0,          67,      -4.854112077,    -0.01974118904,     -0.1866725468,     -0.4702358967
          0,           0,          68,      -4.854377866,    -0.02061979965,     -0.2188751385,     -0.4628378367
          0,           0,          69,      -4.855218282,    -0.02179609293,     -0.2476989678,     -0.4540555966
          0,           0,          70,      -4.856734661,    -0.02326956748,     -0.2729658166,     -0.4439531981
          0,           0,          71,      -4.859003679,    -0.02501436023,     -0.2945083023,      -0.432597225
          0,           0,          72,      -4.862082697,     -0.0269899932,     -0.3122024179,     -0.4200708475
          0,           0,          73,      -4.866016676,    -0.02914436739,     -0.3259642084,     -0.4064611147
          0,           0,          74,      -4.870838704,    -0.03140015129,     -0.3357302139,     -0.3918548037
          0,           0,          75,      -4.876549354,    -0.03368272728,      -0.341437797,     -0.3763439146
          0,           0,          76,      -4.883138513,    -0.03591176495,     -0.3430944876,     -0.3600379743
          0,           0,          77,      -4.890576404,    -0.03800710578,     -0.3407461157,     -0.3430524165
          0,           0,          78,      -4.898806742,    -0.03988471428,     -0.3344472771,     -0.3254984938
          0,           0,          79,      -4.907742039,    -0.04146036864,     -0.3242544166,     -0.3074772462
          0,           0,          80,      -4.917234936,    -0.04264053757,     -0.3101817536,       -0.28907094
          0,           0,          81,      -4.927115238,    -0.04334439366,     -0.2922767129,     -0.2703683102
          0,           0,          82,      -4.937175687,    -0.04351468797,     -0.2706570956,     -0.2514744377
          0,           0,          83,      -4.947175296,    -0.04311403745,     -0.2454931012,     -0.2325059685
          0,           0,          84,      -4.956810455,    -0.04211484078,     -0.2169658927,     -0.2135643882
          0,           0,          85,      -4.965797769,    -0.04049381475,     -0.1852468132,     -0.1947365711
          0,           0,          86,      -4.973899779,    -0.03824123392,     -0.1505199602,     -0.1760941778
          0,           0,          87,      -4.980872736,    -0.03536367808,     -0.1129936562,     -0.1577064189
          0,           0,          88,      -4.986469419,    -0.03187493141,    -0.07287735591,     -0.1396295617
          0,           0,          89,      -4.990566734,    -0.02777668569,    -0.03034479845,     -0.1218812055
          0,           0,          90,      -4.993149819,    -0.02307536707,     0.01442047617,     -0.1044694875
          0,           0,          91,       -4.99425356,    -0.01778453412,     0.06121877678,    -0.08739960427
          0,           0,          92,      -4.993948996,    -0.01193150288,      0.1098232232,    -0.07068327333
          0,           0,          93,      -4.992398917,   -0.005520758951,      0.1600842623,     -0.0542951297
          0,           0,          94,      -4.989806456,    0.001451873677,      0.2118932869,    -0.03819201611
          0,           0,          95,      -4.986428537,    0.008925859521,      0.2648924644,    -0.02237532624
          0,           0,          96,      -4.982491044,     0.01683041029,      0.3186430991,   -0.006843808968
          0,           0,          97,      -4.978222921,     0.02515524692,      0.3729408819,     0.00844070873
          0,           0,          98,      -4.973874295,     0.03389264466,      0.4276026261,     0.02350982207
          0,           0,          99,      -4.969654212,     0.04303677164,      0.4824441769,     0.03839323395
          0,           0,         100,      -4.965782002,     0.05259068677,      0.5373167107,     0.05311999664
          0,           0,         101,      -4.962401157,     0.06256401704,      0.5921114547,      0.0677247272
          0,           0,         102,      -4.959654021,     0.07297256094,      0.6467396308,     0.08224455493
          0,           0,         103,      -4.957659432,     0.08383175768,      0.7011474515,     0.09670434155
          0,           0,         104,      -4.956526458,     0.09515043531,      0.7552854999,       0.111108975
          0,           0,         105,      -4.956336579,      0.1069346656,      0.8091115003,      0.1254649961
          0,           0,         106,      -4.957121893,       0.119180459,      0.8625792288,      0.1397696918
          0,           0,         107,      -4.958921225,      0.1318754671,      0.9156299503,      0.1540092177
          0,           0,         108,      -4.961739896,      0.1450002492,        0.96820615,      0.1681611435
          0,           0,         109,      -4.965600644,      0.1585269724,       1.020252638,       0.182192715
          0,           0,         110,      -4.970498328,      0.1724195092,       1.071719239,      0.1960648765
          0,           0,         111,      -4.976410391,      0.1866434363,       1.122570477,      0.2097392987
          0,           0,         112,      -4.983327733,      0.2011548605,       1.172754046,      0.2231667761
          0,           0,         113,      -4.991235389,      0.2158960919,       1.222180604,      0.2362729243
          0,           0,         114,       -5.00007275,      0.2308019701,       1.270744887,      0.2489804661
          0,           0,         115,      -5.009781031,      0.2458005591,       1.318323998,      0.2612097429
          0,           0,         116,      -5.020307036,      0.2608139038,       1.364787226,      0.2728797395
          0,           0,         117,      -5.031596249,      0.2757661134,       1.410023113,      0.2839233939
          0,           0,         118,      -5.043526461,      0.2905653426,       1.453881826,      0.2942563993
          0,           0,         119,      -5.056000379,      0.3051301639,        1.49623203,      0.3038110868
          0,           0,         120,      -5.068933438,      0.3193900126,       1.536972725,      0.3125344397
          0,           0,         121,      -5.082205776,       0.333260809,       1.575946016,      0.3203587026
          0,           0,         122,      -5.095758525,      0.3466465181,       1.612961915,      0.3271874991
          0,           0,         123,       -5.10940554,      0.3594594038,       1.647816827,      0.3329410437
          0,           0,         124,      -5.122901378,      0.3716242349,       1.680366078,      0.3375541146
          0,           0,         125,      -5.136030753,       0.383074348,       1.710466679,      0.3409721732
          0,           0,         126,      -5.148548136,      0.3937603833,       1.738013724,      0.3431663198
          0,           0,         127,      -5.160288693,      0.4036267237,       1.762885367,      0.3441001539
          0,           0,         128,      -5.171035061,      0.4126246252,        1.78498015,       0.343742011
          0,           0,         129,      -5.180709838,      0.4207162364,       1.804230385,      0.3420750739
          0,           0,         130,      -5.189216892,      0.4278681612,       1.820579296,      0.3390907502
          0,           0,         131,      -5.196509298,      0.4340513966,       1.833976748,      0.3347875521
          0,           0,         132,      -5.202802529,      0.4392387112,       1.844381601,       0.329168059
          0,           0,         133,      -5.208327559,      0.4434107194,       1.851772875,      0.3222470427
          0,           0,         134,      -5.213398611,      0.4465476451,       1.856133169,      0.3140408204
          0,           0,         135,      -5.218312186,      0.4486294654,       1.857456831,      0.3045713515
          0,           0,         136,      -5.223345959,      0.4496387985,       1.855752367,      0.2938707066
          0,           0,         137,      -5.228739347,      0.4495622846,       1.851037703,       0.281976289
          0,           0,         138,      -5.234856042,      0.4483880454,       1.843329891,       0.268924123
          0,           0,         139,      -5.241891194,      0.4461083653,       1.832662249,      0.2547579882
          0,           0,         140,      -5.250025288,      0.4427250822,       1.819095276,       0.239536479
          0,           0,         141,      -5.259229435,      0.4382428847,       1.802693062,       0.223321496
          0,           0,         142,      -5.269474466,      0.4326680808,       1.783519308,      0.2061789283
          0,           0,         143,      -5.280471354,      0.4260330825,       1.761702877,      0.1882282186
          0,           0,         144,      -5.291979763,       0.418371108,       1.737361552,      0.1695775808
          0,           0,         145,      -5.303629708,        0.40971552,       1.710623344,      0.1503357637
          0,           0,         146,      -5.315066985,      0.4000902416,       1.681592429,      0.1305916572
          0,           0,         147,      -5.325700688,       0.389524321,         1.6503796,      0.1104331305
          0,           0,         148,      -5.334931412,      0.3780737613,       1.617160355,     0.08999042411
          0,           0,         149,       -5.34213367,      0.3657951957,       1.582101709,     0.06938702732
          0,           0,         150,      -5.346833017,      0.3527496997,       1.545383257,      0.0487492131
          0,           0,         151,      -5.348672672,      0.3390045034,       1.507193191,     0.02820419574
          0,           0,         152,      -5.347565062,      0.3246304843,        1.46773036,    0.007877909699
          0,           0,         153,      -5.343651698,      0.3097038078,       1.427202226,    -0.01210844856
          0,           0,         154,      -5.337338748,      0.2942967435,       1.385792593,    -0.03163470764
          0,           0,         155,      -5.329215286,      0.2784867411,       1.343701876,     -0.0505757707
          0,           0,         156,      -5.319873381,      0.2623683749,       1.301174171,    -0.06880368372
          0,           0,         157,      -5.309891733,      0.2460347921,       1.258447048,    -0.08620151172
          0,           0,         158,      -5.299842307,      0.2295656699,       1.215734254,     -0.1026756343
          0,           0,         159,      -5.290230916,      0.2130312107,       1.173227371,      -0.118145202
          0,           0,         160,      -5.281465978,      0.1965023944,       1.131098125,      -0.132542398
          0,           0,         161,      -5.273796889,      0.1800556033,       1.089536131,     -0.1458010558
          0,           0,         162,      -5.267423148,      0.1637700824,       1.048736622,     -0.1578606461
          0,           0,         163,      -5.262521223,      0.1477225645,       1.008888451,       -0.16866882
          0,           0,         164,      -5.259153229,      0.1319838685,      0.9701748983,      -0.178184733
          0,           0,         165,      -5.257350093,       0.116619301,      0.9327697916,     -0.1863785727
          0,           0,         166,      -5.257111745,      0.1016896078,      0.8968353585,     -0.1932320011
          0,           0,         167,      -5.258411119,     0.08725156014,      0.8625256639,     -0.1987369385
          0,           0,         168,      -5.261200768,     0.07335606353,      0.8299801126,     -0.2028968849
          0,           0,         169,      -5.265381618,     0.06004695731,      0.7993207445,     -0.2057284832
          0,           0,         170,      -5.270868733,     0.04736025334,      0.7706482853,     -0.2072623534
          0,           0,         171,       -5.27750862,     0.03532697423,      0.7440488161,     -0.2075378714
          0,           0,         172,      -5.285163967,     0.02398043629,      0.7196095715,     -0.2065920406
          0,           0,         173,      -5.293643042,     0.01334246184,      0.6973881669,     -0.2044792146
          0,           0,         174,       -5.30274991,    0.003425821026,      0.6774161316,     -0.2012684682
          0,           0,         175,      -5.312260296,   -0.005749303082,      0.6597455744,     -0.1970119979
          0,           0,         176,      -5.321934352,    -0.01417196248,       0.644400506,      -0.191775298
          0,           0,         177,      -5.331511422,    -0.02184393792,       0.631368424,     -0.1856427096
          0,           0,         178,      -5.340760385,    -0.02877119262,      0.6206226893,     -0.1787022575
          0,           0,         179,       -5.34945587,    -0.03496389441,      0.6121236642,     -0.1710476787
          0,           0,         180,      -5.357391019,    -0.04042988354,      0.6058370172,     -0.1627682161
          0,           0,         181,      -5.364398276,    -0.04517509865,      0.6017331519,     -0.1539452327
          0,           0,         182,      -5.370390747,    -0.04920443382,      0.5997863816,     -0.1446545448
          0,           0,         183,      -5.375346734,    -0.05252397601,      0.5999664435,     -0.1349705753
          0,           0,         184,      -5.379270636,    -0.05514298097,      0.6022263789,     -0.1249673183
          0,           0,         185,      -5.382271489,    -0.05707246719,      0.6065064047,     -0.1147168667
          0,           0,         186,      -5.384510872,    -0.05832354478,      0.6127440465,     -0.1042877904
          0,           0,         187,      -5.386127896,     -0.0589085702,       0.620872865,    -0.09374671352
          0,           0,         188,      -5.387344084,    -0.05883991247,      0.6308284224,    -0.08315546728
          0,           0,         189,      -5.388327174,     -0.0581306731,      0.6425413055,    -0.07257190643
          0,           0,         190,      -5.389263706,     -0.0567958268,      0.6559370997,    -0.06205045506
          0,           0,         191,      -5.390317498,    -0.05485239534,      0.6709314722,    -0.05164221155
          0,           0,         192,      -5.391598671,    -0.05231728884,      0.6874371214,     -0.0413929753
          0,           0,         193,      -5.393225773,    -0.04920153019,      0.7053907141,    -0.03133199228
          0,           0,         194,      -5.395252966,     -0.0455093342,       0.724742035,    -0.02147671807
          0,           0,         195,      -5.397782711,    -0.04124847854,      0.7454307185,    -0.01184814199
          0,           0,         196,      -5.400710061,    -0.03642640275,      0.7673982828,   -0.002470624859
          0,           0,         197,      -5.404011151,    -0.03105791075,      0.7905636387,    0.006638739445
          0,           0,         198,      -5.407642191,      -0.025163535,      0.8148310635,     0.01546913614
          0,           0,         199,      -5.411563953,    -0.01876873131,        0.84008869,     0.02400622393
          0,           0,         200,      -5.415686556,    -0.01189807853,      0.8662331244,     0.03223939415
          0,           0,         201,      -5.419922633,   -0.004572183213,      0.8931732461,      0.0401660911
          0,           0,         202,       -5.42425398,     0.00318894831,      0.9208197897,     0.04778669836
          0,           0,         203,      -5.428352521,     0.01136438099,      0.9490881722,     0.05510412974
          0,           0,         204,      -5.432284021,     0.01993143714,      0.9778953532,     0.06212400189
          0,           0,         205,      -5.435883356,     0.02886409951,       1.007148622,     0.06885013959
          0,           0,         206,      -5.439217947,     0.03813443644,       1.036755053,     0.07528453722
          0,           0,         207,      -5.442187693,     0.04771268379,       1.066619755,     0.08142947848
          0,           0,         208,      -5.444981713,     0.05756531846,       1.096643389,     0.08728844488
          0,           0,         209,       -5.44735499,     0.06765774219,       1.126728272,     0.09286637266
          0,           0,         210,      -5.449250864,     0.07795301674,       1.156775881,     0.09816838708
          0,           0,         211,      -5.450859247,     0.08841109567,       1.186690408,      0.1031979475
          0,           0,         212,      -5.452229835,     0.09899240489,       1.216369818,      0.1079564091
          0,           0,         213,       -5.45339319,       0.109655993,       1.245712535,       0.112444007
          0,           0,         214,      -5.454484247,      0.1203592823,       1.274614365,      0.1166588486
          0,           0,         215,      -5.455441409,      0.1310583024,       1.302970569,      0.1205961687
          0,           0,         216,      -5.456325301,      0.1417068534,       1.330680584,       0.124252584
          0,           0,         217,      -5.457263113,      0.1522584423,       1.357647142,      0.1276236774
          0,           0,         218,      -5.458266722,      0.1626662068,       1.383779612,      0.1307047732
          0,           0,         219,       -5.45937243,      0.1728835234,       1.408990773,      0.1334883024
          0,           0,         220,      -5.460485455,      0.1828630823,       1.433194485,      0.1359645279
          0,           0,         221,      -5.461861959,      0.1925596631,       1.456310713,      0.1381274755
          0,           0,         222,      -5.463488208,      0.2019276269,       1.478259051,      0.1399694068
          0,           0,         223,      -5.465329918,      0.2109225519,        1.49896271,      0.1414817646
          0,           0,         224,      -5.467460536,      0.2195006016,       1.518347322,      0.1426559456
          0,           0,         225,      -5.469851831,      0.2276192106,       1.536345289,      0.1434797409
          0,           0,         226,       -5.47253812,       0.235235973,       1.552888598,       0.143937155
          0,           0,         227,      -5.475779891,      0.2423131813,       1.567923369,      0.1440183506
          0,           0,         228,      -5.479243901,      0.2488173318,       1.581403583,      0.1437179719
          0,           0,         229,      -5.482967517,      0.2547171616,       1.593290309,      0.1430313256
          0,           0,         230,       -5.48711923,      0.2599860742,       1.603557643,      0.1419568467
          0,           0,         231,      -5.491528595,      0.2646014517,       1.612187124,      0.1404954856
          0,           0,         232,      -5.496235725,      0.2685451535,       1.619174336,      0.1386500658
          0,           0,         233,      -5.500985119,      0.2718038466,       1.624518351,      0.1364263231
          0,           0,         234,      -5.505853194,      0.2743678541,       1.628226792,      0.1338310824
          0,           0,         235,      -5.510826607,      0.2762313246,       1.630308829,      0.1308731165
          0,           0,         236,      -5.515814807,       0.277392042,       1.630781802,      0.1275629609
          0,           0,         237,      -5.520779013,      0.2778539616,        1.62967727,      0.1239132289
          0,           0,         238,      -5.525608997,       0.277626611,       1.627040547,      0.1199380216
          0,           0,         239,      -5.530153322,      0.2767242997,       1.622931382,      0.1156536287
          0,           0,         240,      -5.534297503,      0.2751659081,       1.617414809,      0.1110817429
          0,           0,         241,      -5.538057693,      0.2729758527,       1.610562745,      0.1062491625
          0,           0,         242,      -5.541355126,      0.2701785446,       1.602447875,      0.1011823218
          0,           0,         243,      -5.544017578,      0.2667983461,       1.593138108,     0.09590832666
          0,           0,         244,      -5.546051969,      0.2628594029,       1.582695394,     0.09045721907
          0,           0,         245,      -5.547352714,      0.2583940578,       1.571199172,     0.08485717427
          0,           0,         246,      -5.548145408,      0.2534384695,       1.558738819,     0.07913685696
          0,           0,         247,      -5.548376929,      0.2480271509,       1.545396738,     0.07331945751
          0,           0,         248,       -5.54802258,      0.2421958583,       1.531256881,      0.0674289592
          0,           0,         249,      -5.547164575,      0.2359830768,       1.516410169,     0.06149370867
          0,           0,         250,      -5.545868011,      0.2294283577,       1.500949403,      0.0555434078
          0,           0,         251,      -5.544192864,      0.2225709447,       1.484965605,     0.04960626272
          0,           0,         252,       -5.54226027,      0.2154498033,       1.468548318,     0.04370869591
          0,           0,         253,       -5.54018996,      0.2081036702,        1.45178529,     0.03787525189
          0,           0,         254,      -5.538046209,      0.2005710002,       1.434765014,      0.0321296855
          0,           0,         255,      -5.535940728,      0.1928905364,       1.417576848,     0.02649531208
          0,           0,         256,      -5.533974028,         0.1851004,       1.400306128,     0.02099464183
          0,           0,         257,      -5.532221993,      0.1772358862,       1.383036759,     0.01564851651
          0,           0,         258,      -5.530705468,      0.1693320671,       1.365846187,     0.01047436571
          0,           0,         259,      -5.529443998,       0.161422794,       1.348804857,    0.005486611546
          0,           0,         260,      -5.528571635,      0.1535407255,       1.331981295,    0.000698514424
          0,           0,         261,      -5.528108383,      0.1457166776,       1.315442296,   -0.003877692404
          0,           0,         262,       -5.52798807,      0.1379799831,       1.299253683,   -0.008230766068
          0,           0,         263,      -5.528251557,      0.1303582732,       1.283473853,    -0.01235227703
          0,           0,         264,      -5.528786832,      0.1228770594,       1.268155142,    -0.01623690138
          0,           0,         265,      -5.529606846,      0.1155610752,       1.253345558,    -0.01988028253
          0,           0,         266,      -5.530642595,      0.1084325151,       1.239090235,     -0.0232788883
          0,           0,         267,      -5.531769684,      0.1015109029,       1.225428431,    -0.02643215443
          0,           0,         268,      -5.532927494,      0.0948175699,       1.212405041,    -0.02933326613
          0,           0,         269,      -5.534009223,      0.0883715471,       1.200060149,    -0.03197729203
          0,           0,         270,      -5.534904598,     0.08218944972,       1.188426871,    -0.03436207626
          0,           0,         271,      -5.535536132,      0.0762855947,       1.177532217,    -0.03648843141
          0,           0,         272,      -5.535773972,       0.070672144,        1.16740094,    -0.03835706624
          0,           0,         273,      -5.535551854,     0.06535927282,       1.158052762,    -0.03997036281
          0,           0,         274,      -5.534781242,     0.06035547126,        1.14950254,    -0.04133255823
          0,           0,         275,      -5.533366339,     0.05566761458,       1.141761484,    -0.04244845165
          0,           0,         276,      -5.531397087,     0.05130116881,       1.134838064,    -0.04332324924
          0,           0,         277,      -5.528886871,     0.04725998939,       1.128739118,    -0.04396139251
          0,           0,         278,      -5.525831483,     0.04354675267,       1.123466649,    -0.04436773706
          0,           0,         279,      -5.522269263,     0.04016277813,       1.119021167,    -0.04454614489
          0,           0,         280,      -5.518302592,     0.03710830942,       1.115400351,    -0.04450022627
          0,           0,         281,      -5.514026776,     0.03438289569,       1.112601067,    -0.04423170912
          0,           0,         282,      -5.509555364,      0.0319851019,       1.110621728,    -0.04374131721
          0,           0,         283,      -5.504977814,     0.02991258418,       1.109459184,    -0.04302949858
          0,           0,         284,      -5.500422129,     0.02816246774,       1.109108357,    -0.04209628761
          0,           0,         285,      -5.495999769,     0.02673222312,         1.1095669,    -0.04094135902
          0,           0,         286,       -5.49186516,     0.02561986134,       1.110836542,    -0.03956505204
          0,           0,         287,       -5.48809181,     0.02482420541,       1.112923565,    -0.03797120198
          0,           0,         288,      -5.484751149,     0.02434492342,       1.115831539,    -0.03616753195
          0,           0,         289,      -5.481948522,     0.02417595636,       1.119543496,     -0.0341596238
          0,           0,         290,      -5.479746294,     0.02430946247,        1.12403526,    -0.03195040224
          0,           0,         291,      -5.478186744,     0.02473407102,       1.129273532,    -0.02954790945
          0,           0,         292,      -5.477360272,     0.02543700109,       1.135222569,    -0.02696184349
          0,           0,         293,       -5.47725823,     0.02640708601,       1.141854624,    -0.02419761847
          0,           0,         294,      -5.477950706,      0.0276341027,       1.149140188,    -0.02126244657
          0,           0,         295,        -5.4794191,     0.02910821701,        1.15704905,     -0.0181633681
          0,           0,         296,      -5.481707028,     0.03081903629,       1.165549636,    -0.01490869401
          0,           0,         297,      -5.484786745,     0.03275473363,       1.174610217,     -0.0115089091
          0,           0,         298,      -5.488648842,     0.03490336052,       1.184195908,      -0.007975481
          0,           0,         299,      -5.493300895,     0.03725287017,       1.194268307,   -0.004320964137
          0,           0,         300,      -5.498779997,     0.03978987183,       1.204788752,  -0.0005594650234
          0,           0,         301,      -5.504957199,     0.04250116882,       1.215714875,    0.003294520638
          0,           0,         302,      -5.511763371,     0.04537250081,       1.227003426,    0.007225121141
          0,           0,         303,      -5.519255061,     0.04838967191,       1.238609251,     0.01121639056
          0,           0,         304,      -5.527310841,     0.05153774024,       1.250485352,     0.01525146248
          0,           0,         305,      -5.535810239,      0.0548015409,        1.26258338,     0.01931289684
          0,           0,         306,      -5.544749115,     0.05816544026,       1.274853441,     0.02338264009
          0,           0,         307,      -5.553980521,     0.06161339632,       1.287245482,     0.02744201079
          0,           0,         308,       -5.56332498,      0.0651294967,       1.299708788,     0.03147230072
          0,           0,         309,      -5.572731449,     0.06869749802,       1.312193991,      0.0354548941
          0,           0,         310,      -5.582046309,     0.07230095357,       1.324651824,     0.03937116032
          0,           0,         311,      -5.591079801,     0.07592400945,       1.337033397,     0.04320292145
          0,           0,         312,      -5.599717489,     0.07955022016,       1.349291084,     0.04693232965
          0,           0,         313,      -5.607740308,     0.08316297268,       1.361378622,     0.05054137504
          0,           0,         314,      -5.615057912,     0.08674527476,       1.373251728,     0.05401227512
          0,           0,         315,      -5.621539334,     0.09028073978,       1.384866418,     0.05732775423
          0,           0,         316,      -5.627084233,      0.0937536108,       1.396178231,     0.06047126156
          0,           0,         317,      -5.631602999,     0.09714889776,       1.407144878,      0.0634271784
          0,           0,         318,      -5.635035172,      0.1004518066,       1.417726763,     0.06618164113
          0,           0,         319,      -5.637331775,      0.1036490026,       1.427883828,     0.06872235049
          0,           0,         320,      -5.638630276,      0.1067279419,        1.43757735,        0.07103831
          0,           0,         321,      -5.638957789,      0.1096769592,        1.44676932,     0.07311953468
          0,           0,         322,      -5.638405853,      0.1124851025,       1.455422121,     0.07495649882
          0,           0,         323,      -5.637058059,      0.1151429859,        1.46350294,     0.07654120697
          0,           0,         324,      -5.635078616,       0.117642561,        1.47098389,     0.07786770227
          0,           0,         325,      -5.632603357,      0.1199768965,       1.477843765,     0.07893245136
          0,           0,         326,      -5.629789891,      0.1221405601,       1.484066836,     0.07973471292
          0,           0,         327,      -5.626784611,      0.1241292405,       1.489640872,      0.0802758191
          0,           0,         328,      -5.623734943,      0.1259392747,       1.494555924,     0.08055671162
          0,           0,         329,      -5.620689509,      0.1275673693,       1.498804587,     0.08057861335
          0,           0,         330,      -5.617764712,      0.1290112855,       1.502381906,     0.08034431089
          0,           0,         331,       -5.61456258,      0.1302697361,       1.505288075,     0.07985855469
          0,           0,         332,      -5.612516454,      0.1313427007,       1.507529179,     0.07912872942
          0,           0,         333,      -5.610445194,      0.1322313027,        1.50911438,     0.07816398702
          0,           0,         334,      -5.607740316,      0.1329375058,       1.510052696,     0.07697354829
          0,           0,         335,      -5.607249441,      0.1334628774,        1.51035619,     0.07556558891
          0,           0,         336,      -5.606590815,      0.1338096008,       1.510031792,     0.07395006528
          0,           0,         337,      -5.606303608,      0.1339800646,       1.509090776,      0.0721353133
          0,           0,         338,      -5.605286993,      0.1339776718,       1.507545449,     0.07013205255
          0,           0,         339,      -5.604659126,      0.1338061988,       1.505409104,     0.06795226819
          0,           0,         340,      -5.606502436,      0.1334699346,       1.502700524,     0.06560847486
          0,           0,         341,      -5.609175247,      0.1329750451,       1.499439938,     0.06311452456
          0,           0,         342,      -5.611480648,      0.1323277043,       1.495655371,      0.0604847514
          0,           0,         343,      -5.614125516,      0.1315357767,       1.491376121,     0.05773480572
          0,           0,         344,      -5.617170508,      0.1306066151,       1.486637062,     0.05488016765
          0,           0,         345,      -5.620639449,      0.1295483298,       1.481471475,      0.0519363986
          0,           0,         346,      -5.624508543,      0.1283682188,       1.475913243,     0.04891772408
          0,           0,         347,      -5.628723757,      0.1270732895,       1.469993803,     0.04583693396
          0,           0,         348,      -5.633126864,      0.1256701336,       1.463742103,     0.04270542768
          0,           0,         349,      -5.638070817,      0.1241644847,       1.457187412,     0.03953331613
          0,           0,         350,      -5.643308665,      0.1225623333,       1.450357053,     0.03633052618
          0,           0,         351,      -5.648763436,       0.120869126,       1.443279853,     0.03310668672
          0,           0,         352,      -5.654572058,      0.1190908278,       1.435983733,     0.02987191225
          0,           0,         353,      -5.660601563,      0.1172329041,       1.428497654,     0.02663607137
          0,           0,         354,      -5.666891604,      0.1153010555,       1.420849683,     0.02340906928
          0,           0,         355,      -5.673297913,      0.1133009306,       1.413067068,     0.02020040707
          0,           0,         356,      -5.679878288,      0.1112375452,        1.40517899,     0.01701920962
          0,           0,         357,      -5.686456725,      0.1091167278,       1.397213608,     0.01387509055
          0,           0,         358,      -5.693226966,      0.1069446794,       1.389199232,     0.01077799525
          0,           0,         359,       -5.69962174,      0.1047273919,       1.381166778,    0.007738532888
          0,           0,         360,      -5.706118779,      0.1024717135,       1.373147246,     0.00476827397
          0,           0,         361,      -5.712700371,      0.1001850183,       1.365172318,    0.001879280054
          0,           0,         362,       -5.71928886,     0.09787434932,       1.357274208,  -0.0009166123005
          0,           0,         363,      -5.726627366,     0.09554610598,       1.349483444,   -0.003608342284
          0,           0,         364,      -5.733280084,     0.09320648829,       1.341828713,   -0.006185963045
          0,           0,         365,      -5.739589919,     0.09086095411,       1.334335997,   -0.008640712404
          0,           0,         366,      -5.744681139,     0.08851524698,       1.327030748,    -0.01096439425
          0,           0,         367,      -5.749952282,     0.08617558689,       1.319938296,    -0.01314832789
          0,           0,         368,      -5.755264509,     0.08384886653,       1.313085102,    -0.01518261593
          0,           0,         369,      -5.759162481,     0.08154349986,       1.306500854,     -0.0170556298
          0,           0,         370,       -5.76206795,     0.07926860491,       1.300215664,    -0.01875523279
          0,           0,         371,      -5.763966511,     0.07703424902,       1.294261447,    -0.02026704376
          0,           0,         372,      -5.766697985,     0.07485036965,       1.288670817,     -0.0215775633
          0,           0,         373,      -5.766566693,     0.07272682346,       1.283471067,    -0.02267639225
          0,           0,         374,      -5.766347992,     0.07067134095,       1.278686868,    -0.02355591053
          0,           0,         375,      -5.765429583,     0.06869155576,       1.274340627,    -0.02421083801
          0,           0,         376,      -5.763282707,     0.06679423216,       1.270448732,     -0.0246371939
          0,           0,         377,      -5.760258535,     0.06498509083,        1.26702579,    -0.02483400696
          0,           0,         378,      -5.756726115,     0.06326930127,       1.264085062,    -0.02480085492
          0,           0,         379,      -5.752118362,     0.06165171797,       1.261635003,    -0.02453897596
          0,           0,         380,      -5.747260681,     0.06013677336,       1.259684279,    -0.02405148401
          0,           0,         381,      -5.741850301,     0.05872878215,       1.258234707,    -0.02334254343
          0,           0,         382,      -5.736138459,     0.05743082798,       1.257291428,    -0.02241854921
          0,           0,         383,      -5.730288214,     0.05624611436,       1.256855121,    -0.02128550316
          0,           0,         384,      -5.724480181,     0.05517761258,       1.256929036,    -0.01995019549
          0,           0,         385,      -5.718992769,     0.05422848308,       1.257511861,    -0.01841975541
          0,           0,         386,      -5.713784537,     0.05340081875,       1.258604135,     -0.0167027239
          0,           0,         387,      -5.709016523,     0.05269780502,       1.260200616,    -0.01480772619
          0,           0,         388,      -5.704636294,      0.0521212156,       1.262298412,    -0.01274473098
          0,           0,         389,      -5.701201716,     0.05167346116,       1.264889402,    -0.01052361792
          0,           0,         390,      -5.698216447,     0.05135580272,       1.267968979,   -0.008155267111
          0,           0,         391,      -5.695984524,      0.0511700394,       1.271527377,   -0.005650179286
          0,           0,         392,      -5.694599654,     0.05111741897,       1.275553613,   -0.003019323971
          0,           0,         393,      -5.694145223,     0.05119823269,       1.280036907,   -0.000274625054
          0,           0,         394,      -5.694405958,     0.05141289971,       1.284959947,     0.00257202901
          0,           0,         395,      -5.695590304,     0.05175988828,       1.290306639,    0.005507426047
          0,           0,         396,      -5.697205649,      0.0522376975,       1.296054633,    0.008518311267
          0,           0,         397,      -5.700453185,     0.05284255225,       1.302181267,     0.01158987095
          0,           0,         398,      -5.704567763,     0.05356977511,       1.308658583,     0.01470656236
          0,           0,         399,      -5.708938541,     0.05441377729,       1.315454304,      0.0178518043
          0,           0,         400,      -5.714495572,      0.0553666474,       1.322536312,     0.02100725939
          0,           0,         401,      -5.720775607,     0.05642047153,        1.32986613,     0.02415441403
          0,           0,         402,       -5.72954868,     0.05756652289,       1.337407981,     0.02727366932
          0,           0,         403,      -5.738568136,      0.0587963005,       1.345126183,     0.03034588712
          0,           0,         404,      -5.748236793,     0.06010173348,       1.352984571,      0.0333531175
          0,           0,         405,      -5.758156284,     0.06147457768,       1.360950307,     0.03627865711
          0,           0,         406,      -5.769370922,     0.06290748382,       1.368987619,     0.03910821574
          0,           0,         407,      -5.782293036,     0.06439306235,       1.377064277,     0.04182917973
          0,           0,         408,      -5.795018851,     0.06592409962,       1.385148074,     0.04443078584
          0,           0,         409,      -5.807590239,     0.06749369933,       1.393208077,     0.04690329898
          0,           0,         410,      -5.820571154,     0.06909451907,       1.401212086,      0.0492376684
          0,           0,         411,      -5.834445076,     0.07071838847,       1.409130862,      0.0514244658
          0,           0,         412,      -5.848179165,     0.07235769193,       1.416931779,     0.05345486915
          0,           0,         413,      -5.861663645,     0.07400425625,        1.42458378,     0.05532013169
          0,           0,         414,      -5.873434772,     0.07564989414,       1.432058131,     0.05701214931
          0,           0,         415,      -5.885898776,     0.07728666757,       1.439326323,     0.05852428799
          0,           0,         416,      -5.896521552,     0.07890741271,       1.446362444,     0.05985139635
          0,           0,         417,      -5.905577125,     0.08050536068,       1.453140487,     0.06099026147
          0,           0,         418,      -5.913145173,     0.08207346487,       1.459638783,     0.06193887775
          0,           0,         419,      -5.918869827,     0.08360529894,       1.465835131,     0.06269632474
          0,           0,         420,      -5.922790718,     0.08509479613,       1.471707533,     0.06326155643
          0,           0,         421,      -5.924611857,     0.08653605218,       1.477235509,     0.06363455334
          0,           0,         422,      -5.925272946,     0.08792345245,       1.482401356,     0.06381713187
          0,           0,         423,      -5.924086483,     0.08925178454,       1.487190333,     0.06381237599
          0,           0,         424,      -5.921239197,     0.09051615076,       1.491589057,     0.06362444879
          0,           0,         425,        -5.9182907,     0.09171167373,       1.495585918,     0.06325831447
          0,           0,         426,       -5.91413092,     0.09283455793,        1.49917085,     0.06271970382
          0,           0,         427,      -5.909608837,     0.09388078653,       1.502334375,       0.062014748
          0,           0,         428,      -5.903502229,     0.09484668093,       1.505067784,     0.06114949447
          0,           0,         429,       -5.89901912,     0.09572830792,       1.507364187,     0.06012988621
          0,           0,         430,      -5.894063519,     0.09652260772,       1.509217288,      0.0589628475
          0,           0,         431,      -5.889106433,     0.09722670688,       1.510623324,     0.05765607113
          0,           0,         432,      -5.883325724,     0.09783771906,        1.51158183,     0.05621757352
          0,           0,         433,      -5.879184878,     0.09835340701,       1.512093094,     0.05465559974
          0,           0,         434,      -5.875406892,      0.0987713769,       1.512157993,     0.05297824942
          0,           0,         435,      -5.871755033,     0.09908947935,       1.511778744,     0.05119339186
          0,           0,         436,      -5.868572241,     0.09930561361,       1.510958725,     0.04930872662
          0,           0,         437,      -5.865865982,       0.099418035,        1.50970174,     0.04733187922
          0,           0,         438,      -5.863854228,     0.09942528559,       1.508014974,      0.0452702706
          0,           0,         439,      -5.862071198,     0.09932722731,       1.505904302,     0.04313238521
          0,           0,         440,      -5.861029313,     0.09912400767,       1.503380111,     0.04092699092
          0,           0,         441,       -5.86054713,     0.09881612157,       1.500457287,     0.03866318853
          0,           0,         442,        -5.8600722,     0.09840557791,       1.497149653,     0.03635142827
          0,           0,         443,      -5.860884396,     0.09789463764,       1.493475172,     0.03400256166
          0,           0,         444,      -5.862191624,     0.09728612099,       1.489453558,     0.03162773471
          0,           0,         445,       -5.86361899,      0.0965832538,        1.48510507,     0.02923804465
          0,           0,         446,       -5.86609116,     0.09579004857,       1.480447998,     0.02684433767
          0,           0,         447,      -5.869027006,     0.09490913371,       1.475504122,     0.02445578267
          0,           0,         448,      -5.872191627,     0.09394350536,       1.470292501,     0.02208093036
          0,           0,         449,      -5.875996363,     0.09289624174,       1.464832741,     0.01972740609
          0,           0,         450,      -5.879481043,     0.09176974447,        1.45914645,     0.01740177197
          0,           0,         451,      -5.884531905,      0.0905674302,       1.453253349,     0.01511045673
          0,           0,         452,      -5.889592031,      0.0892927797,       1.447174398,     0.01285944781
          0,           0,         453,      -5.740688668,     0.08794908849,       1.440932156,     0.01065449695
          0,           0,         454,      -5.708394479,       0.086540795,        1.43454949,    0.008501547686
          0,           0,         455,       -5.87007436,      0.0850724409,       1.428048721,    0.006406729671
          0,           0,         456,      -5.900333336,     0.08354903971,       1.421455575,    0.004375833786
          0,           0,         457,      -5.914047457,     0.08197615915,       1.414792964,    0.002415253434
          0,           0,         458,      -5.923325575,     0.08035943563,       1.408086543,   0.0005310938772
          0,           0,         459,      -5.932213398,     0.07870445407,       1.401362314,    -0.00127065054
          0,           0,         460,       -5.94077853,     0.07701753383,       1.394645593,   -0.002984151787
          0,           0,         461,      -5.949335347,     0.07530553543,       1.387962215,   -0.004604290975
          0,           0,         462,      -5.957837029,     0.07357472868,       1.381337478,   -0.006126138301
          0,           0,         463,      -5.966708182,     0.07183200918,        1.37479807,   -0.007545415004
          0,           0,         464,       -5.97527682,     0.07008415329,       1.368368399,   -0.008857991986
          0,           0,         465,      -5.984136062,     0.06833826003,       1.362073258,    -0.01006005366
          0,           0,         466,      -5.992812348,     0.06660074706,       1.355938023,    -0.01114833363
          0,           0,         467,      -6.001379044,     0.06487852948,       1.349984914,    -0.01211975114
          0,           0,         468,      -6.009997349,     0.06317816786,       1.344237594,    -0.01297235874
          0,           0,         469,      -6.018082681,     0.06150624281,       1.338715689,    -0.01370450365
          0,           0,         470,      -6.026048213,      0.0598687084,       1.333437851,    -0.01431532671
          0,           0,         471,      -6.033462586,     0.05827123186,       1.328424049,    -0.01480489966
          0,           0,         472,      -6.040309964,     0.05671963527,       1.323689647,    -0.01517321272
          0,           0,         473,      -6.046478155,     0.05521950099,       1.319250882,    -0.01542077741
          0,           0,         474,      -6.051667911,     0.05377647792,       1.315123623,    -0.01554821301
          0,           0,         475,      -6.055916941,     0.05239631192,       1.311321769,    -0.01555584278
          0,           0,         476,      -6.058938061,     0.05108435505,       1.307860961,    -0.01544451974
          0,           0,         477,      -6.061310313,     0.04984605744,        1.30475416,    -0.01521517624
          0,           0,         478,       -6.06199819,      0.0486865295,       1.302013525,    -0.01486915461
          0,           0,         479,      -6.061918103,      0.0476104306,       1.299649047,    -0.01440795954
          0,           0,         480,      -6.060882916,     0.04662246055,       1.297670291,    -0.01383324117
          0,           0,         481,      -6.058549932,     0.04572634108,       1.296085479,    -0.01314711429
          0,           0,         482,      -6.054843133,     0.04492549035,       1.294900566,    -0.01235226701
          0,           0,         483,      -6.050410404,     0.04422291517,       1.294119954,    -0.01145224599
          0,           0,         484,      -6.045488965,     0.04362095616,       1.293745866,    -0.01045128757
          0,           0,         485,      -6.039573239,     0.04312175561,        1.29377869,   -0.009354220669
          0,           0,         486,      -6.033549896,     0.04272668746,       1.294217596,   -0.008166292342
          0,           0,         487,      -6.027077234,     0.04243692411,       1.295060471,   -0.006892996411
          0,           0,         488,      -6.020449033,     0.04225327158,       1.296302754,   -0.005539923542
          0,           0,         489,      -6.013680259,     0.04217588632,       1.297938958,   -0.004113113663
          0,           0,         490,      -6.006962019,     0.04220391068,       1.299963436,   -0.002619179028
          0,           0,         491,       -6.00051993,     0.04233641632,       1.302365683,   -0.001064420649
          0,           0,         492,      -5.994225784,     0.04257239427,       1.305136151,   0.0005446698225
          0,           0,         493,      -5.988381811,     0.04291046525,       1.308263356,    0.002201821908
          0,           0,         494,      -5.982875581,     0.04334893384,       1.311733464,    0.003901123678
          0,           0,         495,      -5.977869778,     0.04388580973,       1.315535353,    0.005636252159
          0,           0,         496,      -5.973358465,     0.04451884512,       1.319653667,    0.007401252907
          0,           0,         497,      -5.969445108,     0.04524525376,       1.324072242,    0.009189938633
          0,           0,         498,      -5.966070447,     0.04606171897,       1.328776425,      0.0109953753
          0,           0,         499,      -5.963294194,     0.04696443533,       1.333747748,     0.01281062739
          0,           0,         500,      -5.961136484,     0.04794930137,        1.33896551,     0.01462858238
          0,           0,         501,      -5.958531772,       0.049011742,       1.344410053,     0.01644189842
          0,           0,         502,      -5.958064111,     0.05014676953,       1.350059955,     0.01824374542
          0,           0,         503,      -5.958267033,     0.05134957937,       1.355891668,     0.02002784674
          0,           0,         504,      -5.958879528,     0.05261501425,       1.361884685,     0.02178732841
          0,           0,         505,      -5.960081108,     0.05393809617,       1.368014555,     0.02351594516
          0,           0,         506,      -5.961903995,     0.05531296761,        1.37425889,     0.02520719999
          0,           0,         507,      -5.964240993,     0.05673342588,       1.380595141,      0.0268546978
          0,           0,         508,      -5.967310038,     0.05819281493,        1.38699718,     0.02845254623
          0,           0,         509,      -5.971195045,     0.05968448555,       1.393438666,     0.02999500389
          0,           0,         510,      -5.975630137,     0.06120146924,       1.399894894,     0.03147643767
          0,           0,         511,      -5.980800352,     0.06273676945,       1.406340203,     0.03289193326
          0,           0,         512,       -5.98650828,      0.0642839676,       1.412748706,     0.03423724892
          0,           0,         513,      -5.991194865,     0.06583635859,       1.419096346,     0.03550828632
          0,           0,         514,       -5.99881552,     0.06738743294,       1.425358799,     0.03670140915
          0,           0,         515,      -6.006851781,     0.06893032317,       1.431512489,     0.03781312486
          0,           0,         516,      -6.015331471,     0.07045830236,       1.437534218,     0.03884014075
          0,           0,         517,      -6.023993396,     0.07196455918,       1.443400817,     0.03977943474
          0,           0,         518,       -6.03306327,     0.07344258958,       1.449088417,     0.04062829808
          0,           0,         519,      -6.042561991,     0.07488539343,       1.454577052,     0.04138375226
          0,           0,         520,      -6.052459701,     0.07628661779,       1.459846046,     0.04204370877
          0,           0,         521,      -6.062631325,     0.07764055976,       1.464873989,     0.04260703098
          0,           0,         522,      -6.073024212,     0.07894134556,       1.469644041,     0.04307244668
          0,           0,         523,      -6.083568915,     0.08018345559,       1.474139611,     0.04343916105
          0,           0,         524,       -6.09391837,      0.0813616334,        1.47834386,     0.04370696989
          0,           0,         525,      -6.104370839,     0.08247060614,       1.482243605,     0.04387550998
          0,           0,         526,      -6.114469652,     0.08350570995,       1.485825403,     0.04394491775
          0,           0,         527,      -6.124301809,     0.08446276093,       1.489076293,     0.04391576319
          0,           0,         528,      -6.133364794,      0.0853375119,       1.491986921,     0.04378846095
          0,           0,         529,      -6.142031058,     0.08612630087,       1.494548506,     0.04356388391
          0,           0,         530,      -6.149616301,     0.08682566865,       1.496755261,     0.04324328216
          0,           0,         531,      -6.155952296,     0.08743328962,       1.498599819,      0.0428290444
          0,           0,         532,      -6.161552727,     0.08794692214,       1.500079831,      0.0423234154
          0,           0,         533,      -6.165319326,     0.08836463995,       1.501193468,     0.04172899449
          0,           0,         534,      -6.168005128,     0.08868531536,       1.501938009,     0.04104889611
          0,           0,         535,      -6.169130172,      0.0889075262,        1.50231463,     0.04028562085
          0,           0,         536,      -6.168722569,     0.08903019307,       1.502325052,     0.03944158923
          0,           0,         537,      -6.166121705,     0.08905254233,       1.501971987,     0.03851920725
          0,           0,         538,      -6.163882478,     0.08897458455,       1.501257655,     0.03752122087
          0,           0,         539,      -6.159651342,     0.08879659569,       1.500188428,     0.03645033998
          0,           0,         540,      -6.154296602,     0.08851975467,       1.498771936,     0.03531024882
          0,           0,         541,      -6.147980987,     0.08814549073,       1.497018605,     0.03410531314
          0,           0,         542,      -6.141105766,     0.08767629174,       1.494938465,      0.0328408558
          0,           0,         543,      -6.123384369,     0.08711434738,       1.492546123,     0.03152179073
          0,           0,         544,       -6.11652879,     0.08646204511,       1.489856486,      0.0301540849
          0,           0,         545,      -6.096699528,     0.08572624949,       1.486861703,      0.0287280877
          0,           0,         546,       -5.62243497,      0.0849200614,       1.483528368,     0.02721420471
          0,           0,         547,      -5.716285971,     0.08405582198,       1.479846361,     0.02559800419
          0,           0,         548,      -5.857108543,     0.08313855603,       1.475876457,     0.02391843726
          0,           0,         549,      -4.408871564,     0.08216553798,       1.471737446,     0.02225295189
          0,           0,         550,      -5.498699241,     0.08112816599,       1.467535548,     0.02066898705
          0,           0,         551,      -5.601428666,     0.08001531603,       1.463312744,     0.01918643767
          0,           0,         552,      -5.795166313,      0.0788187271,       1.459041932,     0.01777501159
          0,           0,         553,      -5.798436767,     0.07753920217,       1.454660062,     0.01638018264
          0,           0,         554,      -5.068497557,     0.07618575152,       1.450109787,     0.01495091466
          0,           0,         555,       -5.67041343,     0.07477132985,        1.44536177,     0.01345720658
          0,           0,         556,      -5.889237456,     0.07330842606,       1.440420061,     0.01189328064
          0,           0,         557,      -6.009061207,     0.07180811073,       1.435333617,     0.01028592924
          0,           0,         558,      -5.994481017,     0.07028037593,       1.430132743,     0.00864842231
          0,           0,         559,      -6.013775922,     0.06873519221,       1.424872203,     0.00701001274
          0,           0,         560,      -6.014958012,     0.06718241542,       1.419601562,      0.0053975856
          0,           0,         561,      -5.766658634,     0.06563225992,       1.414363299,    0.003832771105
          0,           0,         562,      -5.907952339,     0.06409394568,       1.409191571,    0.002329868473
          0,           0,         563,      -5.791451323,     0.06257469902,       1.404114623,   0.0008979555578
          0,           0,         564,      -5.929808212,     0.06107734379,       1.399159082,  -0.0004531581029
          0,           0,         565,      -5.457958706,     0.05960107469,       1.394356406,   -0.001710770228
          0,           0,         566,      -5.791024394,     0.05814744533,       1.389736949,    -0.00286480926
          0,           0,         567,       -5.90013845,      0.0567293139,       1.385295702,   -0.003926930527
          0,           0,         568,       -5.50778441,     0.05537890121,       1.380987322,   -0.004933787384
          0,           0,         569,      -4.225301607,     0.05413043546,       1.376821023,   -0.005880844597
          0,           0,         570,      -5.167708669,     0.05297799072,       1.372959779,   -0.006660111669
          0,           0,         571,      -5.338753483,     0.05186910656,       1.369622356,   -0.007126374558
          0,           0,         572,      -5.476456107,     0.05074913832,       1.366903093,   -0.007225513571
          0,           0,         573,      -5.642986067,     0.04960847273,       1.364666325,   -0.007065142975
          0,           0,         574,      -5.151551112,     0.04848943068,       1.362629103,   -0.006852366322
          0,           0,         575,      -5.772180271,     0.04744879845,       1.360541733,    -0.00676561538
          0,           0,         576,      -5.860294361,     0.04652079319,       1.358307199,   -0.006874610344
          0,           0,         577,      -5.940281635,     0.04570795513,       1.355972478,   -0.007148751611
          0,           0,         578,      -5.995424336,     0.04499213371,       1.353659768,   -0.007505124817
          0,           0,         579,      -6.010308858,     0.04435588872,       1.351500976,   -0.007851982579
          0,           0,         580,       -6.02546966,     0.04378897778,       1.349588334,   -0.008126165735
          0,           0,         581,      -5.996252986,     0.04328938022,       1.347975172,   -0.008290925679
          0,           0,         582,      -6.014056208,     0.04285996301,       1.346689707,   -0.008326310211
          0,           0,         583,      -5.884437421,     0.04250367521,       1.345748222,   -0.008220537507
          0,           0,         584,      -5.980544455,      0.0422171704,        1.34519111,   -0.007945074132
          0,           0,         585,      -5.421020972,     0.04199063647,       1.345086954,   -0.007452837605
          0,           0,         586,      -5.752342473,      0.0418082663,       1.345479072,   -0.006713478331
          0,           0,         587,      -3.854311393,     0.04165896696,       1.346341528,   -0.005746261368
          0,           0,         588,      -4.931881306,     0.04155365832,       1.347562271,   -0.004629603849
          0,           0,         589,      -5.267917827,     0.04153373103,       1.349018192,    -0.00344717541
          0,           0,         590,      -5.464119431,     0.04165228074,        1.35062021,   -0.002253850832
          0,           0,         591,      -5.607968774,     0.04194208857,        1.35235558,   -0.001052466275
          0,           0,         592,      -5.759485027,     0.04239893519,       1.354271568,   0.0001924338336
          0,           0,         593,      -5.808598591,     0.04298736945,       1.356432338,     0.00152354995
          0,           0,         594,      -5.567564446,     0.04366335307,       1.358872582,    0.002960804179
          0,           0,         595,      -5.652934478,     0.04438888182,       1.361582158,    0.004491936563
          0,           0,         596,      -5.770967161,     0.04513911036,       1.364512183,    0.006079355462
          0,           0,         597,      -5.834971894,     0.04590113221,       1.367600103,    0.007678079618
          0,           0,         598,      -5.904449263,     0.04667011346,       1.370770601,    0.009238912807
          0,           0,         599,      -5.959546358,     0.04744458571,        1.37396415,     0.01072460776
          0,           0,         600,      -5.994772846,     0.04822412096,         1.3771384,     0.01211147711
          0,           0,         601,      -6.007237438,     0.04900806264,       1.380274721,     0.01339194331
          0,           0,         602,      -6.003831684,     0.04979684508,        1.38337749,     0.01457851313
          0,           0,         603,      -5.999174396,     0.05059092394,       1.386453575,     0.01568369619
          0,           0,         604,      -6.060345733,     0.05139159727,       1.389518041,     0.01672532648
          0,           0,         605,      -6.075090933,     0.05220096097,       1.392590161,     0.01772282643
          0,           0,         606,      -5.050022566,     0.05302365844,       1.395691314,     0.01869860978
          0,           0,         607,      -4.906153316,     0.05386458225,       1.398839257,     0.01967077942
          0,           0,         608,       -5.70296425,     0.05472566931,       1.402043613,       0.020650661
          0,           0,         609,      -6.003697574,     0.05560443871,       1.405311489,     0.02164514117
          0,           0,         610,      -6.022204738,      0.0564986967,       1.408643093,     0.02265851143
          0,           0,         611,      -6.025875221,      0.0574067383,       1.412029112,     0.02368679919
          0,           0,         612,       -5.99619652,     0.05832870241,        1.41545183,     0.02472002101
          0,           0,         613,      -6.025178168,     0.05926462238,       1.418889846,     0.02574542353
          0,           0,         614,      -6.029473434,     0.06021253201,       1.422323866,     0.02675243643
          0,           0,         615,      -6.016944536,     0.06116734729,       1.425732739,     0.02772888181
          0,           0,         616,      -6.026083225,     0.06212117762,       1.429096761,     0.02866255307
          0,           0,         617,      -6.038984164,     0.06306501251,       1.432396579,     0.02954153276
          0,           0,         618,      -6.034302458,     0.06399028913,        1.43561505,     0.03035696401
          0,           0,         619,      -6.032394915,     0.06488954152,       1.438738065,     0.03110085684
          0,           0,         620,      -6.037707893,     0.06575708038,       1.441753469,     0.03176783461
          0,           0,         621,      -6.026958854,     0.06658886287,       1.444653409,       0.032355444
          0,           0,         622,      -6.017487493,      0.0673825175,       1.447431685,     0.03286459577
          0,           0,         623,      -6.015534417,     0.06813610916,       1.450085453,     0.03329678088
          0,           0,         624,      -5.878935275,     0.06884834869,        1.45261326,     0.03365492126
          0,           0,         625,       -5.91973558,     0.06951806018,       1.455014474,     0.03394181539
          0,           0,         626,      -5.953871653,     0.07014465989,       1.457284925,     0.03416004527
          0,           0,         627,      -5.956736156,      0.0707276203,       1.459423545,     0.03431307636
          0,           0,         628,      -5.967963307,      0.0712667199,       1.461430448,     0.03440504327
          0,           0,         629,      -5.967042167,     0.07176180063,       1.463302808,     0.03443793424
          0,           0,         630,      -5.959204756,     0.07221293612,        1.46503654,      0.0344126316
          0,           0,         631,      -5.956705723,     0.07262079859,       1.466624866,     0.03433004943
          0,           0,         632,      -5.957081544,     0.07298491353,       1.468064909,     0.03419059093
          0,           0,         633,      -5.957822727,     0.07330503507,       1.469353784,     0.03399582404
          0,           0,         634,      -5.942156542,     0.07358086679,       1.470490594,     0.03374818712
          0,           0,         635,      -5.950369497,      0.0738124099,       1.471474545,     0.03345079773
          0,           0,         636,      -5.963817681,     0.07399943863,       1.472308014,     0.03310591348
          0,           0,         637,      -5.975034783,     0.07414290384,       1.472989699,     0.03271518665
          0,           0,         638,      -5.869955942,      0.0742434228,       1.473519058,      0.0322794843
          0,           0,         639,       -5.84976021,     0.07430193029,       1.473894617,     0.03180078828
          0,           0,         640,       -5.83032337,     0.07431861844,       1.474119298,     0.03128087689
          0,           0,         641,      -4.923232565,     0.07429401368,       1.474197302,      0.0307232664
          0,           0,         642,      -5.691408104,     0.07422866084,       1.474138041,     0.03013507369
          0,           0,         643,      -5.932742471,     0.07412242034,       1.473955212,     0.02952548393
          0,           0,         644,      -5.668619159,     0.07397503784,       1.473656541,     0.02890126257
          0,           0,         645,      -5.883155654,     0.07378574424,       1.473242469,     0.02826188002
          0,           0,         646,      -5.432865296,     0.07355369191,       1.472704272,     0.02760081195
          0,           0,         647,      -5.797450623,     0.07327839871,       1.472032807,     0.02691068212
          0,           0,         648,      -5.808425612,     0.07296126228,       1.471218501,     0.02618535409
          0,           0,         649,       -5.93504626,     0.07260708978,         1.4702514,     0.02541794538
          0,           0,         650,      -5.380485596,     0.07222662086,       1.469118928,     0.02459949679
          0,           0,         651,      -4.956107455,     0.07183248605,        1.46780467,     0.02371985518
          0,           0,         652,      -5.551011583,     0.07142929799,       1.466298583,     0.02277305448
          0,           0,         653,      -5.971279477,     0.07100901574,       1.464607171,     0.02176200191
          0,           0,         654,      -6.044356813,     0.07055763124,       1.462754143,     0.02070080542
          0,           0,         655,      -6.110947364,     0.07006441763,       1.460768624,     0.01960738971
          0,           0,         656,       -6.10919164,     0.06952717129,       1.458682834,      0.0185045648
          0,           0,         657,       -6.11711103,     0.06894958211,       1.456523106,     0.01741046582
          0,           0,         658,      -6.120864939,     0.06833865438,       1.454308267,       0.016338972
          0,           0,         659,       -6.10889155,     0.06770068099,       1.452051317,     0.01529734375
          0,           0,         660,      -6.091004836,      0.0670393863,       1.449768072,      0.0142947857
          0,           0,         661,       -6.01171778,     0.06635130996,        1.44750487,     0.01336194669
          0,           0,         662,      -6.015321465,     0.06563216056,       1.445298844,     0.01252220653
          0,           0,         663,      -5.234896228,     0.06488907383,       1.443111366,     0.01174493828
          0,           0,         664,       -5.57452891,     0.06413476603,        1.44087057,     0.01097514875
          0,           0,         665,      -5.784623281,     0.06337305075,       1.438569872,     0.01020434286
          0,           0,         666,      -6.063356015,     0.06258311014,       1.436371996,    0.009544716495
          0,           0,         667,      -5.333039175,     0.06172659405,        1.43457194,    0.009202929188
          0,           0,         668,      -5.731098674,     0.06078342892,       1.433353663,    0.009306471724
          0,           0,         669,      -5.598143317,     0.05978668362,       1.432575585,    0.009751708496
          0,           0,         670,      -5.877566597,     0.05881413788,       1.431792189,     0.01022027963
          0,           0,         671,      -5.260792412,     0.05793899161,       1.430567069,     0.01040038117
          0,           0,         672,      -5.312125597,     0.05718803769,       1.428713521,      0.0101541623
          0,           0,         673,      -5.725258932,     0.05654106238,       1.426315099,    0.009534635451
          0,           0,         674,      -5.998911572,     0.05594863129,       1.423597805,    0.008694262539
          0,           0,         675,      -6.075479907,     0.05536809038,       1.420803961,    0.007798929994
          0,           0,         676,      -6.103474589,     0.05477128968,       1.418100729,    0.006962003431
          0,           0,         677,      -6.116507705,     0.05414791334,       1.415589759,     0.00625043713
          0,           0,         678,      -6.124884032,     0.05350045013,       1.413311623,    0.005688494658
          0,           0,         679,      -6.133191454,     0.05283810112,         1.4112624,    0.005268603307
          0,           0,         680,      -6.136084402,     0.05217182245,       1.409420068,    0.004970312053
          0,           0,         681,       -6.12921135,     0.05151189245,       1.407757897,    0.004770343454
          0,           0,         682,      -6.063619895,     0.05086688529,       1.406257372,    0.004650871867
          0,           0,         683,      -6.078999525,      0.0502435603,         1.4049065,    0.004599241724
          0,           0,         684,      -6.040475976,     0.04964720154,       1.403700717,    0.004607282624
          0,           0,         685,      -6.039448047,     0.04908239117,       1.402634498,    0.004667021974
          0,           0,         686,      -6.016437458,     0.04855289454,       1.401699835,    0.004767977853
          0,           0,         687,       -6.01279591,     0.04806200524,       1.400887512,    0.004899887064
          0,           0,         688,      -5.982074377,     0.04761248664,       1.400190047,    0.005054616136
          0,           0,         689,      -5.971667573,     0.04720621419,       1.399601435,    0.005225800392
          0,           0,         690,       -5.93577467,     0.04684386527,       1.399116664,     0.00540700654
          0,           0,         691,      -5.910471154,     0.04652497027,       1.398741014,    0.005599302591
          0,           0,         692,      -5.877289602,     0.04624769188,       1.398484176,    0.005808392616
          0,           0,         693,      -5.848648281,     0.04601067374,       1.398356718,     0.00604147668
          0,           0,         694,       -5.32676228,     0.04581765937,       1.398359897,    0.006299910534
          0,           0,         695,      -5.033699512,     0.04567327189,       1.398477869,    0.006573237216
          0,           0,         696,      -5.047442271,     0.04558352662,       1.398638696,    0.006810911531
          0,           0,         697,      -5.184222638,      0.0455614476,       1.398679343,    0.006896867725
          0,           0,         698,      -5.204257831,     0.04562265518,       1.398458889,    0.006731835947
          0,           0,         699,      -5.475388437,     0.04576803945,       1.397981824,    0.006320311122
          0,           0,         700,      -5.057038831,     0.04597543405,        1.39745058,    0.005808333082
          0,           0,         701,      -5.901154762,     0.04620806512,       1.397173808,    0.005416951464
          0,           0,         702,      -6.038578729,     0.04643271963,       1.397417452,    0.005338373229
          0,           0,         703,      -5.873291117,     0.04663281622,       1.398307665,    0.005664868919
          0,           0,         704,      -5.935708339,     0.04681226819,       1.399799469,    0.006366447569
          0,           0,         705,      -5.915720405,     0.04700111374,       1.401652022,    0.007274185192
          0,           0,         706,      -5.342534432,     0.04710178706,       1.404376743,     0.00874995244
          0,           0,         707,      -4.921231543,     0.04703449321,       1.408436796,     0.01112393242
          0,           0,         708,      -5.229383594,     0.04690780509,       1.413128003,     0.01390190901
          0,           0,         709,      -5.464089212,      0.0469123746,       1.417077721,     0.01611373424
          0,           0,         710,       -5.24985156,      0.0471347556,       1.419467001,     0.01717906454
          0,           0,         711,       -5.58494325,     0.04753837773,       1.420306667,     0.01710589449
          0,           0,         712,      -5.757983305,     0.04804330792,       1.420149384,     0.01629147248
          0,           0,         713,      -4.511319154,     0.04858828918,       1.419683611,     0.01523520042
          0,           0,         714,      -5.421097528,      0.0491449993,       1.419416813,     0.01430841912
          0,           0,         715,      -4.715450694,     0.04971148447,       1.419615819,     0.01370955025
          0,           0,         716,      -5.770037245,     0.05029665385,        1.42033278,     0.01348323508
          0,           0,         717,      -5.878964311,     0.05090859639,       1.421499097,      0.0135834138
          0,           0,         718,      -5.888166216,     0.05155035251,       1.422982655,     0.01391723068
          0,           0,         719,      -5.926023638,     0.05222018788,       1.424691697,     0.01442094795
          0,           0,         720,      -5.943366076,     0.05291401834,       1.426562712,     0.01504926368
          0,           0,         721,      -4.336359183,     0.05362790505,       1.428570813,     0.01578422777
          0,           0,         722,      -5.184759382,     0.05435421754,       1.430704902,     0.01661765228
          0,           0,         723,      -5.621606485,     0.05508010372,       1.432962004,      0.0175459119
          0,           0,         724,       -5.74301972,     0.05579249669,       1.435355096,     0.01857738584
          0,           0,         725,       -5.80149128,     0.05648245522,       1.437872118,     0.01970368429
          0,           0,         726,      -5.866365212,     0.05714723828,       1.440481731,     0.02090187753
          0,           0,         727,      -5.914863747,      0.0577894009,       1.443139292,     0.02214028631
          0,           0,         728,      -5.949263914,     0.05841314206,       1.445790898,     0.02338094042
          0,           0,         729,      -5.967457553,     0.05902072063,       1.448376369,     0.02458139209
          0,           0,         730,       -5.97671188,     0.05961231182,        1.45083454,     0.02570076053
          0,           0,         731,      -5.980068905,     0.06018553931,       1.453123571,     0.02670987148
          0,           0,         732,      -5.983552508,      0.0607373785,       1.455200972,     0.02757973736
          0,           0,         733,      -5.988492691,     0.06126504769,       1.457042592,     0.02829519768
          0,           0,         734,      -5.992166582,     0.06176643984,       1.458641685,     0.02885414077
          0,           0,         735,      -5.994778801,     0.06224075227,       1.460001333,     0.02926271677
          0,           0,         736,      -5.996805162,     0.06268729968,       1.461133847,     0.02953223769
          0,           0,         737,      -5.999027869,     0.06310559475,       1.462054613,      0.0296758435
          0,           0,         738,      -6.002165592,     0.06349623052,       1.462789923,     0.02971564736
          0,           0,         739,      -6.007235313,     0.06385932573,       1.463363094,     0.02967052859
          0,           0,         740,      -6.014588461,     0.06419451857,       1.463790482,     0.02955450352
          0,           0,         741,      -6.021850919,     0.06450075463,        1.46409023,     0.02938038629
          0,           0,         742,      -6.031112645,     0.06477665297,       1.464278301,     0.02915940102
          0,           0,         743,      -6.041380763,     0.06502006326,       1.464363336,     0.02889699327
          0,           0,         744,       -6.05237598,     0.06522821367,       1.464351388,     0.02859522265
          0,           0,         745,      -6.063502006,     0.06539890304,       1.464246677,     0.02825578273
          0,           0,         746,      -6.074597355,      0.0655298931,       1.464052447,     0.02787938064
          0,           0,         747,      -6.085793137,      0.0656189578,       1.463777067,     0.02746788359
          0,           0,         748,      -6.097636811,     0.06566502057,       1.463428805,     0.02702512949
          0,           0,         749,      -6.110467607,     0.06566732437,         1.4630085,     0.02654876422
          0,           0,         750,      -6.124075274,       0.065626285,       1.462526732,     0.02604486054
          0,           0,         751,      -6.138333988,     0.06554279313,       1.461984976,     0.02551330235
          0,           0,         752,      -6.153244537,     0.06541748564,       1.461389615,     0.02495525024
          0,           0,         753,      -6.168777255,     0.06525172089,       1.460746543,     0.02437290693
          0,           0,         754,      -6.184499421,     0.06504764648,       1.460058482,     0.02376812072
          0,           0,         755,      -6.199685993,     0.06480752498,        1.45932833,     0.02314280743
          0,           0,         756,      -6.214173884,     0.06453381888,       1.458557289,     0.02249852908
          0,           0,         757,      -6.217651987,     0.06422928825,       1.457753063,     0.02184145801
          0,           0,         758,      -6.230185698,     0.06389672766,       1.456921832,     0.02117632784
          0,           0,         759,      -6.244054804,      0.0635394213,       1.456064393,     0.02050580205
          0,           0,         760,       -6.24997998,     0.06316099491,       1.455184157,     0.01983497085
          0,           0,         761,      -6.253191041,     0.06276517671,       1.454286606,     0.01917081752
          0,           0,         762,      -6.254600238,     0.06235544644,       1.453374579,     0.01851833871
          0,           0,         763,       -6.25497202,      0.0619346631,       1.452450653,     0.01788084318
          0,           0,         764,      -6.255444842,       0.061505643,       1.451516291,     0.01726108989
          0,           0,         765,      -6.256320991,     0.06107112686,       1.450574963,     0.01666314405
          0,           0,         766,      -6.258641973,     0.06063363997,       1.449630639,     0.01609053484
          0,           0,         767,      -6.262671649,     0.06019537061,       1.448686327,     0.01554568627
          0,           0,         768,      -6.268776411,     0.05975820473,       1.447744415,     0.01502995021
          0,           0,         769,       -6.27715328,     0.05932350549,       1.446809861,     0.01454453798
          0,           0,         770,      -6.287759242,     0.05889263729,        1.44588745,     0.01409058768
          0,           0,         771,      -6.300479643,     0.05846690495,       1.444981299,      0.0136686941
          0,           0,         772,      -6.315140459,     0.05804725628,       1.444095183,     0.01327872378
          0,           0,         773,      -6.331173951,     0.05763448676,       1.443233303,     0.01292066945
          0,           0,         774,      -6.348080028,     0.05722881111,       1.442402443,     0.01259458522
          0,           0,         775,      -6.365284265,     0.05683070313,       1.441607037,     0.01229937955
          0,           0,         776,      -6.382123714,     0.05644076417,       1.440846675,     0.01203081045
          0,           0,         777,      -6.397813534,     0.05605955746,        1.44012305,     0.01178640063
          0,           0,         778,      -6.411592608,     0.05568769623,       1.439440931,     0.01156644697
          0,           0,         779,      -6.420627159,     0.05532583366,       1.438802366,      0.0113697119
          0,           0,         780,      -6.428845726,     0.05497440229,       1.438208944,     0.01119452954
          0,           0,         781,      -6.437741574,     0.05463425071,       1.437659994,     0.01103953404
          0,           0,         782,      -6.441444984,     0.05430624698,        1.43715605,     0.01090534564
          0,           0,         783,      -6.443171138,     0.05399095522,       1.436695247,     0.01079060979
          0,           0,         784,      -6.442129524,     0.05368903746,       1.436274554,     0.01069373037
          0,           0,         785,      -6.440955035,      0.0534012144,       1.435894821,     0.01061604032
          0,           0,         786,      -6.440422361,     0.05312820417,        1.43555685,     0.01055918042
          0,           0,         787,      -6.439058194,     0.05287074898,       1.435260513,     0.01052438635
          0,           0,         788,      -6.438198718,     0.05262937292,       1.435005285,      0.0105129198
          0,           0,         789,      -6.437915447,     0.05240481628,        1.43478983,     0.01052597475
          0,           0,         790,       -6.43851146,     0.05219713396,       1.434611418,     0.01056241078
          0,           0,         791,      -6.439967421,     0.05200603347,       1.434468529,     0.01062143557
          0,           0,         792,       -6.44238912,     0.05183177881,       1.434362665,     0.01070620952
          0,           0,         793,      -6.445938218,     0.05167411243,       1.434293205,     0.01081676065
          0,           0,         794,      -6.450353325,     0.05153238713,       1.434260617,     0.01095270963
          0,           0,         795,      -6.455696647,     0.05140594381,        1.43426367,     0.01111298923
          0,           0,         796,      -6.461605094,     0.05129410225,       1.434302622,     0.01129708736
          0,           0,         797,      -6.468426416,     0.05119629865,       1.434377176,     0.01150436097
          0,           0,         798,      -6.475960788,      0.0511118279,       1.434486419,      0.0117333985
          0,           0,         799,      -6.482172895,     0.05103987557,       1.434630373,     0.01198261582
          0,           0,         800,      -6.490589891,     0.05097966253,       1.434810067,     0.01225082069
          0,           0,         801,      -6.501194612,     0.05093050123,       1.435024735,     0.01253593185
          0,           0,         802,      -6.510358463,     0.05089177547,       1.435274738,     0.01283636854
          0,           0,         803,      -6.519767096,     0.05086315362,       1.435558033,     0.01314951291
          0,           0,         804,      -6.529191191,     0.05084458441,       1.435871681,     0.01347295791
          0,           0,         805,      -6.538696929,     0.05083546788,       1.436215353,     0.01380428352
          0,           0,         806,      -6.548215869,     0.05083557738,       1.436588657,      0.0141420311
          0,           0,         807,      -6.557630168,     0.05084475295,       1.436990521,      0.0144842986
          0,           0,         808,      -6.536999842,     0.05086272851,        1.43741973,     0.01482897083
          0,           0,         809,       -6.54520156,     0.05088975629,       1.437873118,     0.01517451391
          0,           0,         810,      -6.581381137,     0.05092579835,       1.438348947,     0.01551915883
          0,           0,         811,      -6.593036941,     0.05097064633,       1.438845748,     0.01586073831
          0,           0,         812,      -6.601833981,     0.05102436757,       1.439361767,      0.0161976206
          0,           0,         813,      -6.608905136,      0.0510871229,       1.439896967,     0.01652929725
          0,           0,         814,      -6.617002498,     0.05115908251,       1.440451124,     0.01685518315
          0,           0,         815,      -6.625923623,     0.05124079662,       1.441023023,     0.01717512008
          0,           0,         816,      -6.633437876,     0.05133243094,       1.441612851,     0.01748909952
          0,           0,         817,      -6.640358055,     0.05143374151,        1.44221963,     0.01779622101
          0,           0,         818,      -6.646582197,      0.0515444931,       1.442840645,     0.01809552319
          0,           0,         819,       -6.60184484,      0.0516637223,        1.44347445,     0.01838578425
          0,           0,         820,      -6.648256621,     0.05179036663,       1.444119375,     0.01866568568
          0,           0,         821,      -6.657788884,     0.05192401751,       1.444772023,     0.01893442918
          0,           0,         822,       -6.66207838,     0.05206400657,        1.44543014,     0.01919105067
          0,           0,         823,      -6.664107529,     0.05220979347,       1.446091735,      0.0194349427
          0,           0,         824,       -6.66521352,     0.05236104941,       1.446755222,     0.01966596743
          0,           0,         825,       -6.66566533,     0.05251755013,       1.447419478,     0.01988405021
          0,           0,         826,      -6.664547748,     0.05267920618,       1.448083634,     0.02008919245
          0,           0,         827,      -6.663554541,     0.05284597628,       1.448747152,     0.02028176481
          0,           0,         828,      -6.660482737,     0.05301774777,       1.449408917,     0.02046190845
          0,           0,         829,      -6.659143653,     0.05319403062,       1.450067942,     0.02062913559
          0,           0,         830,      -6.655481462,     0.05337423379,       1.450722382,     0.02078255373
          0,           0,         831,      -6.652878886,      0.0535576673,       1.451370045,     0.02092141531
          0,           0,         832,      -6.648311539,     0.05374340945,       1.452009342,     0.02104494145
          0,           0,         833,      -6.646313697,     0.05393078624,       1.452638278,     0.02115252171
          0,           0,         834,      -6.641775825,     0.05411907176,       1.453255105,     0.02124369173
          0,           0,         835,      -6.626107757,     0.05430747425,       1.453858552,     0.02131808035
          0,           0,         836,      -6.563460331,     0.05449515401,       1.454447861,     0.02137520296
          0,           0,         837,      -6.612722137,     0.05468167913,       1.455019828,     0.02141456833
          0,           0,         838,      -6.623605756,     0.05486617407,       1.455574198,     0.02143612728
          0,           0,         839,      -6.625419952,     0.05504812637,       1.456110151,       0.021440197
          0,           0,         840,      -6.622784558,     0.05522703642,       1.456626518,     0.02142702358
          0,           0,         841,      -6.622006266,     0.05540231577,       1.457123443,     0.02139729167
          0,           0,         842,      -6.619063245,     0.05557339938,       1.457600397,      0.0213514916
          0,           0,         843,      -6.618036384,     0.05573971614,       1.458056904,      0.0212902023
          0,           0,         844,      -6.618010389,     0.05590102579,       1.458491647,      0.0212145142
          0,           0,         845,      -6.617828086,     0.05605679067,       1.458904565,      0.0211253166
          0,           0,         846,      -6.616504223,      0.0562065006,       1.459294641,     0.02102391365
          0,           0,         847,      -6.616934242,     0.05634939884,       1.459662238,     0.02091087255
          0,           0,         848,      -6.619718263,     0.05648485323,       1.460006994,     0.02078695411
          0,           0,         849,      -6.620185114,     0.05661259375,       1.460326968,     0.02065317334
          0,           0,         850,      -6.623214025,     0.05673209644,       1.460621272,      0.0205103886
          0,           0,         851,      -6.625488803,     0.05684273414,       1.460888881,     0.02035915513
          0,           0,         852,      -6.628125818,     0.05694399903,       1.461128621,     0.02020013858
          0,           0,         853,      -6.632683208,     0.05703555215,       1.461339559,     0.02003437818
          0,           0,         854,      -6.636364455,     0.05711694629,       1.461521943,     0.01986273141
          0,           0,         855,      -6.641118336,     0.05718781961,       1.461675114,     0.01968611723
          0,           0,         856,      -6.642487874,     0.05724775243,       1.461798373,     0.01950525757
          0,           0,         857,        -6.6486306,     0.05729635319,       1.461891014,     0.01932081298
          0,           0,         858,      -6.654249481,     0.05733328363,       1.461952364,     0.01913346258
          0,           0,         859,      -6.661878589,     0.05735823709,       1.461982066,     0.01894393025
          0,           0,         860,      -6.668196436,     0.05737075306,       1.461981273,     0.01875292711
          0,           0,         861,      -6.672485013,     0.05737075231,       1.461950313,     0.01856152151
          0,           0,         862,      -6.680195341,     0.05735828839,       1.461889078,     0.01837066562
          0,           0,         863,      -6.688323662,     0.05733326133,       1.461797938,     0.01818111419
          0,           0,         864,      -6.696335143,     0.05729559425,       1.461677284,     0.01799359966
          0,           0,         865,      -6.703873658,      0.0572452382,       1.461527294,     0.01780863191
          0,           0,         866,      -6.711948958,      0.0571819329,       1.461349287,     0.01762649656
          0,           0,         867,       -6.71985992,      0.0571056984,       1.461143874,     0.01744768639
          0,           0,         868,      -6.728071073,     0.05701661843,       1.460911664,      0.0172726564
          0,           0,         869,      -6.736138712,     0.05691485816,       1.460653668,     0.01710207276
          0,           0,         870,      -6.743977157,     0.05680059119,       1.460371359,     0.01693662019
          0,           0,         871,      -6.751701327,     0.05667410409,       1.460066075,     0.01677694801
          0,           0,         872,      -6.759095542,      0.0565355151,       1.459739792,      0.0166235797
          0,           0,         873,      -6.762388831,     0.05638513383,       1.459394261,     0.01647688097
          0,           0,         874,      -6.764261128,     0.05622330779,       1.459031169,     0.01633725415
          0,           0,         875,      -6.773519753,     0.05605041225,       1.458651979,     0.01620487718
          0,           0,         876,      -6.755794524,     0.05586693458,       1.458258162,     0.01607998887
          0,           0,         877,      -6.766863209,      0.0556735061,       1.457851149,     0.01596286463
          0,           0,         878,      -6.778261555,     0.05547060894,       1.457433267,     0.01585371881
          0,           0,         879,      -6.787798588,     0.05525883155,       1.457007002,     0.01575282148
          0,           0,         880,      -6.787697103,     0.05503906192,       1.456575019,     0.01566056671
          0,           0,         881,      -4.014176395,     0.05481203925,       1.456139496,      0.0155772448
          0,           0,         882,      -4.572817712,     0.05457877629,       1.455703204,     0.01550313332
          0,           0,         883,         -4.615795,     0.05434030105,       1.455268728,     0.01543838072
          0,           0,         884,      -5.525192029,     0.05409762318,       1.454838698,     0.01538303441
          0,           0,         885,      -5.976789584,     0.05385158222,       1.454416714,     0.01533713697
          0,           0,         886,      -6.110191669,     0.05360337345,       1.454005673,     0.01530095072
          0,           0,         887,      -6.370144313,     0.05335429062,       1.453608176,     0.01527474319
          0,           0,         888,       -6.43164763,     0.05310573531,       1.453227052,     0.01525903987
          0,           0,         889,      -6.497225945,     0.05285908656,       1.452865759,     0.01525432435
          0,           0,         890,      -6.536109392,     0.05261580366,       1.452527155,     0.01526099784
          0,           0,         891,      -6.552647678,     0.05237691707,       1.452214751,     0.01527902859
          0,           0,         892,      -6.552997813,     0.05214357221,       1.451930844,     0.01530825237
          0,           0,         893,      -6.553674732,     0.05191674483,       1.451677343,     0.01534811114
          0,           0,         894,      -6.562756808,     0.05169719376,       1.451455847,     0.01539772524
          0,           0,         895,      -6.581737778,     0.05148555258,       1.451267473,      0.0154559949
          0,           0,         896,      -6.605748678,      0.0512823719,       1.451112894,     0.01552165607
          0,           0,         897,      -6.260439578,     0.05108789208,       1.450993074,     0.01559334201
          0,           0,         898,      -6.214137909,      0.0509025634,       1.450908001,      0.0156698608
          0,           0,         899,      -6.525671864,      0.0507269215,       1.450857603,     0.01575016596
          0,           0,         900,       -6.60785773,     0.05056144785,       1.450841906,     0.01583323198
          0,           0,         901,      -6.640593761,     0.05040662784,       1.450860908,     0.01591814301
          0,           0,         902,      -6.663137157,      0.0502629656,       1.450914553,     0.01600410689
          0,           0,         903,      -6.682139606,     0.05013096193,       1.451003146,     0.01609059495
          0,           0,         904,      -6.699004799,     0.05001112168,        1.45112714,     0.01617733156
          0,           0,         905,      -6.704010566,     0.04990410782,       1.451286546,     0.01626430007
          0,           0,         906,      -6.715623568,     0.04981053555,       1.451481269,     0.01635155536
          0,           0,         907,      -6.721276098,     0.04973091262,       1.451710998,     0.01643904459
          0,           0,         908,      -6.722817389,     0.04966560362,       1.451975143,      0.0165265857
          0,           0,         909,      -6.716318123,     0.04961485039,       1.452273072,     0.01661405933
          0,           0,         910,      -6.727033371,     0.04957862655,       1.452604134,     0.01670129343
          0,           0,         911,      -6.730955123,     0.04955694709,       1.452966594,     0.01678810331
          0,           0,         912,      -6.750998315,     0.04954973596,       1.453358601,     0.01687425921
          0,           0,         913,       -6.75708556,     0.04955688507,       1.453778915,     0.01695966069
          0,           0,         914,      -6.766374691,     0.04957838542,       1.454226707,     0.01704458677
          0,           0,         915,      -6.775868463,     0.04961434354,       1.454701034,     0.01712963789
          0,           0,         916,      -6.779615359,     0.04966464355,       1.455201226,      0.0172154451
          0,           0,         917,      -6.776702401,     0.04972894789,       1.455726415,     0.01730244377
          0,           0,         918,      -6.781472896,     0.04980691451,        1.45627485,     0.01739096017
          0,           0,         919,      -6.792316617,      0.0498980179,       1.456844474,     0.01748098223
          0,           0,         920,      -6.791559964,     0.05000123354,       1.457432249,     0.01757166166
          0,           0,         921,      -5.745265091,     0.05011460102,       1.458033372,     0.01766075445
          0,           0,         922,      -6.449701664,     0.05023624591,       1.458643093,     0.01774621004
          0,           0,         923,      -5.608318062,      0.0503654251,       1.459258728,     0.01782782498
          0,           0,         924,      -5.307027272,      0.0505022915,        1.45987776,     0.01790641502
          0,           0,         925,      -6.015518472,     0.05064630493,       1.460497839,      0.0179820401
          0,           0,         926,      -5.492463981,     0.05079644455,       1.461115571,     0.01805408482
          0,           0,         927,      -6.175892096,     0.05095123212,        1.46172704,     0.01812169944
          0,           0,         928,      -5.795880536,     0.05110881537,       1.462328316,     0.01818419813
          0,           0,         929,      -5.906767914,     0.05126665235,       1.462915128,     0.01824026476
          0,           0,         930,      -5.895003091,     0.05142564158,       1.463490308,     0.01829353088
          0,           0,         931,      -5.872540349,     0.05178893767,       1.464421322,     0.01864721225
          0,           0,         932,       -4.59384375,     0.05255267913,       1.466049984,     0.01958436046
          0,           0,         933,      -4.806457508,     0.05369063064,       1.468298428,      0.0210462028
          0,           0,         934,       -4.87580389,     0.05501376257,        1.47078229,     0.02272448401
          0,           0,         935,      -5.121099278,     0.05631479792,       1.473106061,     0.02429942782
          0,           0,         936,       -5.52626299,      0.0574369209,       1.475003103,     0.02555353773
          0,           0,         937,      -5.569166447,     0.05826951118,       1.476324524,     0.02636296486
          0,           0,         938,      -5.604129619,     0.05871675773,       1.476952686,      0.0266293329
          0,           0,         939,       -5.51161467,      0.0587045737,       1.476801464,     0.02627994763
          0,           0,         940,      -5.323341629,      0.0582313753,       1.475902721,     0.02533909106
          0,           0,         941,      -5.590913109,     0.05740247164,       1.474456016,     0.02396916907
          0,           0,         942,      -5.709816851,     0.05639134588,       1.472768831,     0.02242149982
          0,           0,         943,      -5.731087282,     0.05536928677,       1.471135391,     0.02093671223
          0,           0,         944,       -5.76902457,     0.05443888563,       1.469723604,     0.01965162857
          0,           0,         945,      -5.693264923,     0.05362285514,       1.468558238,     0.01858526344
          0,           0,         946,      -5.620526525,     0.05290147399,       1.467591247,      0.0176968246
          0,           0,         947,      -5.724196332,     0.05224250018,       1.466755878,     0.01692925402
          0,           0,         948,      -5.537922492,     0.05164778021,       1.466043627,     0.01627504962
          0,           0,         949,      -5.309861045,     0.05102999063,       1.465265921,     0.01558168864
          0,           0,         950,      -5.088185377,     0.05020835469,       1.464050202,      0.0145479301
          0,           0,         951,      -5.492400199,     0.04914134296,       1.462290051,     0.01308982069
          0,           0,         952,      -5.532461459,     0.04807601344,       1.460429206,     0.01157202107
          0,           0,         953,      -5.733232109,     0.04739322124,       1.459186349,     0.01058150217
          0,           0,         954,      -5.823937108,     0.04733088777,       1.459036291,     0.01050276878
          0,           0,         955,       -5.84696762,      0.0478705482,       1.459968435,      0.0113257169
          0,           0,         956,      -5.828821164,     0.04881716919,       1.461631454,     0.01276268633
          0,           0,         957,      -5.799296918,     0.04992934398,       1.463578018,      0.0144482893
          0,           0,         958,      -5.817352616,     0.05100897429,        1.46543229,     0.01607599056
          0,           0,         959,      -5.705438042,     0.05191719901,       1.466922202,     0.01742416411
          0,           0,         960,      -5.680604491,      0.0525711319,       1.467898541,     0.01836902876
          0,           0,         961,      -5.715368301,      0.0529319539,       1.468306453,     0.01886238005
          0,           0,         962,      -5.860555307,     0.05301523921,       1.468196431,     0.01894187609
          0,           0,         963,      -5.829700937,     0.05290346725,        1.46774254,     0.01874598373
          0,           0,         964,        -5.9010435,     0.05271881292,       1.467178783,      0.0184633052
          0,           0,         965,      -5.701812349,     0.05255865849,       1.466678351,      0.0182341409
          0,           0,         966,      -5.662433886,     0.05243440368,       1.466249771,     0.01806481556
          0,           0,         967,      -5.528989632,     0.05227187951,       1.465755318,     0.01784061287
          0,           0,         968,      -5.750688363,     0.05197888292,       1.465038029,     0.01743031883
          0,           0,         969,      -5.664495535,     0.05158285597,       1.464165858,     0.01688644935
          0,           0,         970,      -5.425140918,       0.051272589,       1.463490888,     0.01649515109
          0,           0,         971,      -5.277915337,     0.05116957861,       1.463196788,     0.01640926775
          0,           0,         972,        -5.2646026,     0.05118736605,       1.463041348,     0.01643812151
          0,           0,         973,      -5.457124826,     0.05114808904,       1.462621865,     0.01625959371
          0,           0,         974,       -5.67517121,      0.0509653347,        1.46176135,     0.01573097981
          0,           0,         975,      -5.546562052,     0.05068870316,        1.46060258,     0.01496545293
          0,           0,         976,      -5.122628938,     0.05041947334,       1.459424475,     0.01418434314
          0,           0,         977,      -5.212313854,     0.05022374094,       1.458443414,     0.01355783905
          0,           0,         978,      -5.474641126,     0.05013577592,       1.457807666,     0.01320103156
          0,           0,         979,      -4.921325672,     0.05018542193,       1.457635009,     0.01320539965
          0,           0,         980,      -5.384455975,     0.05038765734,       1.457980603,     0.01361289699
          0,           0,         981,       -5.40778951,     0.05070632704,       1.458766486,     0.01435827664
          0,           0,         982,      -5.458071501,     0.05105095359,       1.459813109,     0.01529198455
          0,           0,         983,      -5.456944287,     0.05127617191,       1.460820611,     0.01616661147
          0,           0,         984,      -5.597457006,      0.0512322488,       1.461458926,      0.0167119362
          0,           0,         985,      -5.409434665,     0.05085369153,       1.461543486,     0.01677786029
          0,           0,         986,      -5.617046618,     0.05020547422,       1.461142722,     0.01642164912
          0,           0,         987,      -5.281848308,     0.04943945075,       1.460495124,     0.01584028888
          0,           0,         988,      -4.831538431,     0.04870290454,       1.459839975,     0.01523178316
          0,           0,         989,      -5.571546026,     0.04808663112,       1.459321776,     0.01471789296
          0,           0,         990,      -5.783471099,     0.04764661228,       1.459047574,     0.01438828324
          0,           0,         991,      -5.655664769,     0.04743268593,         1.4591237,     0.01433137863
          0,           0,         992,      -4.873165221,     0.04716664818,       1.459023251,     0.01412058511
          0,           0,         993,      -4.920335353,     0.04658048587,       1.458165382,     0.01329152318
          0,           0,         994,      -5.076256247,     0.04938887977,       1.463375657,     0.01742751476
          0,           0,         995,      -4.811016937,     0.05152901139,       1.467638057,     0.02075025066
          0,           0,         996,      -4.527008652,     0.05333116537,       1.471781886,     0.02391723828
          0,           0,         997,      -5.224440329,     0.05493658464,        1.47585809,     0.02698860546
          0,           0,         998,      -5.123509552,      0.0562704358,        1.47952292,     0.02970132409
          0,           0,         999,      -5.474640223,     0.05706857401,       1.482038669,      0.0314736407
          0,           0,        1000,      -5.340951169,     0.05714982119,       1.482925552,     0.03192429576
          0,           0,        1001,      -5.582952257,     0.05660362403,       1.482367831,     0.03119928606
          0,           0,        1002,      -5.636800576,     0.05568797324,       1.480870063,     0.02970598297
          0,           0,        1003,      -5.529793697,     0.05473740806,       1.479160973,     0.02802883762
          0,           0,        1004,      -5.490874623,     0.05397141974,        1.47771915,     0.02655400852
          0,           0,        1005,      -5.581856025,      0.0534657861,        1.47672505,     0.02543044471
          0,           0,        1006,      -5.465729928,     0.05319383847,       1.476156388,     0.02464543821
          0,           0,        1007,      -5.678879209,      0.0530810226,        1.47589297,     0.02410851882
          0,           0,        1008,      -5.658610998,     0.05304470615,       1.475788577,     0.02370911192
          0,           0,        1009,      -5.756494671,     0.05302018014,       1.475726546,     0.02336005007
          0,           0,        1010,      -5.572976637,     0.05294408121,       1.475552119,     0.02294536092
          0,           0,        1011,      -4.020442487,     0.05281000642,       1.475272086,      0.0224725766
          0,           0,        1012,      -4.604031998,     0.05262022505,       1.474892172,     0.02194629961
          0,           0,        1013,      -5.097669931,     0.05237914696,         1.4744119,     0.02136480183
          0,           0,        1014,      -5.383633251,     0.05209144796,       1.473824433,     0.02072076112
          0,           0,        1015,      -5.404262535,       0.051762331,       1.473122022,     0.02000613511
          0,           0,        1016,      -5.393390012,     0.05139733305,       1.472303428,     0.01921813494
          0,           0,        1017,      -5.362259841,     0.05099610281,       1.471366206,     0.01835315383
          0,           0,        1018,      -5.412192088,     0.05055138444,       1.470310321,     0.01740965156
          0,           0,        1019,      -5.188401157,     0.05005149904,       1.469142583,     0.01639072716
          0,           0,        1020,      -5.440091856,     0.04948027772,       1.467873221,     0.01530063426
          0,           0,        1021,      -5.338509685,     0.04877500445,       1.466432481,     0.01407665883
          0,           0,        1022,      -5.250652447,     0.04761999556,       1.464293042,     0.01227985374
          0,           0,        1023,      -4.685901613,     0.04562669494,       1.460729188,    0.009313485437
          0,           0,        1024,       -4.59423018,     0.04283630202,       1.455730759,    0.005171663771
          0,           0,        1025,      -4.845844854,     0.03987348658,       1.450377714,   0.0007382277869
          0,           0,        1026,      -4.819968348,     0.03748669494,       1.446099405,   -0.002827709107
          0,           0,        1027,      -5.032182193,     0.03606900797,       1.443743982,   -0.004848251822
          0,           0,        1028,      -5.104940153,     0.03561646912,       1.443418656,   -0.005248990566
          0,           0,        1029,      -5.183289767,     0.03585111765,       1.444565064,   -0.004483349049
          0,           0,        1030,      -4.995961296,     0.03636451006,       1.446200107,   -0.003333301833
          0,           0,        1031,      -3.896182311,     0.03677217634,       1.447343884,   -0.002574128811
          0,           0,        1032,      -4.857997131,     0.03682153892,       1.447375037,   -0.002697272684
          0,           0,        1033,       -5.24981257,     0.03644216433,       1.446227343,   -0.003759133892
          0,           0,        1034,      -5.324130858,     0.03571143107,       1.444252613,   -0.005486605036
          0,           0,        1035,      -5.326630314,     0.03476394306,       1.441893503,   -0.007530606293
          0,           0,        1036,      -5.277186055,     0.03374304937,       1.439559536,   -0.009563791029
          0,           0,        1037,      -4.460994671,     0.03275383197,       1.437465933,    -0.01140641602
          0,           0,        1038,       -3.51839345,     0.03189994679,       1.435818896,    -0.01288690832
          0,           0,        1039,       -3.50175226,     0.03125594546,       1.434756596,     -0.0138897759
          0,           0,        1040,      -3.503287336,     0.03087094383,       1.434377861,    -0.01433557893
          0,           0,        1041,      -3.748658806,     0.03078178085,       1.434783227,    -0.01414858843
          0,           0,        1042,      -4.764202418,     0.03102364696,       1.436096014,    -0.01323899438
          0,           0,        1043,      -4.814347965,      0.0315844579,       1.438281493,    -0.01164057283
          0,           0,        1044,      -5.004725436,     0.03243506702,       1.441221268,    -0.00945266513
          0,           0,        1045,      -5.006136051,      0.0335190428,       1.444685823,    -0.00685966513
          0,           0,        1046,      -5.104238698,     0.03475121189,       1.448338924,    -0.00412711921
          0,           0,        1047,      -5.165001295,     0.03603365554,       1.451813226,   -0.001541440139
          0,           0,        1048,      -5.146984293,     0.03729566102,       1.454867063,   0.0007101901598
          0,           0,        1049,      -5.076086981,     0.03850222108,       1.457425153,    0.002572206617
          0,           0,        1050,      -5.065830577,     0.03963155017,       1.459492157,    0.004054283291
          0,           0,        1051,      -5.048024705,     0.04069255755,       1.461185572,    0.005256661527
          0,           0,        1052,      -5.031745327,     0.04170397774,       1.462642953,    0.006297269525
          0,           0,        1053,      -4.928720994,     0.04266797225,       1.463929653,    0.007238466081
          0,           0,        1054,      -4.962756462,     0.04352949316,       1.464935033,    0.008004346628
          0,           0,        1055,      -5.075463631,     0.04419745438,       1.465456306,    0.008442827956
          0,           0,        1056,      -5.063085284,     0.04460952266,       1.465380934,    0.008467433676
          0,           0,        1057,      -5.052930627,     0.04478203863,       1.464802364,    0.008149751892
          0,           0,        1058,       -5.01564342,     0.04479834962,       1.463962123,    0.007677329776
          0,           0,        1059,       -4.99363458,      0.0447716158,       1.463155365,    0.007279382614
          0,           0,        1060,      -4.960161586,     0.04479334987,       1.462603574,    0.007124692824
          0,           0,        1061,      -4.943245657,     0.04489998037,       1.462387715,    0.007270095852
          0,           0,        1062,      -4.933348803,     0.04506948214,       1.462443145,    0.007657460949
          0,           0,        1063,        -4.9394791,     0.04526032829,       1.462680011,    0.008206961573
          0,           0,        1064,      -4.938823355,     0.04541110179,       1.462954823,    0.008795557022
          0,           0,        1065,      -4.954735081,      0.0454506085,       1.463091115,    0.009274699459
          0,           0,        1066,      -4.954611898,     0.04531671838,       1.462924916,    0.009506832968
          0,           0,        1067,      -4.977811051,     0.04498510106,       1.462386835,    0.009430167698
          0,           0,        1068,      -4.982307804,     0.04447452853,       1.461499291,     0.00905785555
          0,           0,        1069,      -5.016733914,     0.04383118743,       1.460332603,    0.008443879818
          0,           0,        1070,      -5.006576883,     0.04312640683,        1.45901537,    0.007690060921
          0,           0,        1071,        -5.0379324,     0.04243056161,       1.457684294,    0.006905390829
          0,           0,        1072,      -5.037434474,     0.04180009728,       1.456460463,    0.006186562007
          0,           0,        1073,      -5.053341302,     0.04127762677,       1.455450219,    0.005618167288
          0,           0,        1074,      -5.056799283,     0.04088368458,       1.454710799,    0.005246656855
          0,           0,        1075,       -5.06377028,     0.04061482796,       1.454235197,    0.005068852256
          0,           0,        1076,      -5.072079515,     0.04027945703,       1.453670673,    0.004798907279
          0,           0,        1077,      -4.950183213,     0.03959177691,       1.452505018,    0.004019439453
          0,           0,        1078,      -5.042289741,     0.03843690701,       1.450537913,    0.002568380924
          0,           0,        1079,      -5.039782382,     0.03699498011,         1.4481271,   0.0007382293051
          0,           0,        1080,      -5.029264957,      0.0355714602,       1.445844637,   -0.001001857009
          0,           0,        1081,      -5.068570387,     0.03438782291,       1.444064598,    -0.00234111514
          0,           0,        1082,      -5.103564455,     0.03353649826,       1.442923495,   -0.003163262395
          0,           0,        1083,      -5.121005895,     0.03301267631,       1.442371349,     -0.0035040593
          0,           0,        1084,      -5.185410467,     0.03278885561,       1.442341141,   -0.003415268968
          0,           0,        1085,      -5.201727171,     0.03283060543,       1.442756269,   -0.002956446627
          0,           0,        1086,       -5.22495328,      0.0331000978,       1.443524691,   -0.002199069789
          0,           0,        1087,      -5.232670441,     0.03356245005,       1.444568724,   -0.001203508253
          0,           0,        1088,      -4.830843908,     0.03416947156,       1.445790473,  -4.711389715e-05
          0,           0,        1089,      -4.924841964,     0.03483856434,        1.44703521,    0.001145429841
          0,           0,        1090,      -4.989015011,     0.03545428221,       1.448107475,    0.002213429578
          0,           0,        1091,      -5.092581809,     0.03587228553,         1.4487806,    0.002968230166
          0,           0,        1092,      -5.148431637,     0.03596169435,       1.448864571,    0.003249179512
          0,           0,        1093,      -5.016204101,     0.03565667006,       1.448277569,    0.002984118112
          0,           0,        1094,      -5.242907132,     0.03499557202,       1.447106371,    0.002239603571
          0,           0,        1095,      -5.287303974,     0.03411081421,       1.445574773,    0.001196207746
          0,           0,        1096,      -5.294125889,     0.03318989363,       1.443984812,   9.984612253e-05
          0,           0,        1097,      -5.289026754,     0.03241845608,       1.442628447,  -0.0008116694449
          0,           0,        1098,        -5.2823019,     0.03193847485,       1.441731668,    -0.00135524883
          0,           0,        1099,      -5.279085179,     0.03182717482,       1.441419356,   -0.001431095303
          0,           0,        1100,      -5.281764993,     0.03209955779,       1.441716436,   -0.001021218948
          0,           0,        1101,      -5.285275797,       0.032716813,       1.442558109,  -0.0001802974993
          0,           0,        1102,       -5.28519589,      0.0336123305,       1.443836097,    0.001002040841
          0,           0,        1103,      -4.896303935,     0.03469141121,       1.445391843,    0.002396211539
          0,           0,        1104,      -5.014611155,     0.03583523678,       1.446996315,    0.003818237534
          0,           0,        1105,      -5.118096687,     0.03690085375,       1.448349331,    0.005028868812
          0,           0,        1106,      -5.262894046,     0.03775236748,       1.449188253,    0.005817326456
          0,           0,        1107,      -5.257444893,     0.03829544481,       1.449387786,    0.006078996328
          0,           0,        1108,       -5.22983236,     0.03850252356,       1.448987803,    0.005839758146
          0,           0,        1109,      -5.172871422,     0.03843300757,       1.448183405,    0.005252025581
          0,           0,        1110,      -5.090246969,     0.03822755675,       1.447275584,    0.004558035161
          0,           0,        1111,      -5.053323632,     0.03806994242,       1.446600866,    0.004032174147
          0,           0,        1112,      -5.028125113,     0.03812493002,       1.446449489,    0.003910713558
          0,           0,        1113,      -5.014595194,     0.03847190681,       1.446950663,     0.00429720742
          0,           0,        1114,      -5.008999668,     0.03909709575,       1.448072437,    0.005161213712
          0,           0,        1115,      -5.011702722,     0.03992402326,       1.449676485,    0.006383838851
          0,           0,        1116,      -5.017555557,     0.04084969077,       1.451574952,    0.007805355332
          0,           0,        1117,      -5.027673354,     0.04176265995,        1.45354358,    0.009238595728
          0,           0,        1118,      -5.037694995,      0.0425809214,       1.455427571,     0.01055258404
          0,           0,        1119,      -5.049298978,     0.04325532475,       1.457153044,     0.01168218701
          0,           0,        1120,      -5.072143778,     0.04376692525,       1.458683926,     0.01259720397
          0,           0,        1121,       -5.06947224,      0.0441700825,       1.460108549,      0.0133727692
          0,           0,        1122,      -5.136845872,     0.04454245156,       1.461552019,     0.01411735411
          0,           0,        1123,      -5.005928505,     0.04489614042,       1.463008698,     0.01483665183
          0,           0,        1124,      -5.143907331,     0.04517959789,       1.464359063,     0.01544460086
          0,           0,        1125,      -5.139831644,     0.04533176166,       1.465475162,     0.01584825245
          0,           0,        1126,      -5.158824146,     0.04532818078,       1.466308027,     0.01601816392
          0,           0,        1127,      -5.127153371,      0.0451865437,       1.466885906,     0.01598745177
          0,           0,        1128,      -5.126365506,     0.04495634451,        1.46729374,     0.01583497748
          0,           0,        1129,      -5.119523896,     0.04469512163,       1.467633362,     0.01565148782
          0,           0,        1130,      -5.121866488,     0.04445422814,       1.467989252,     0.01551195996
          0,           0,        1131,      -5.099828871,      0.0442649775,       1.468400466,     0.01545296967
          0,           0,        1132,      -5.073967598,     0.04442391501,       1.469372507,     0.01589279011
          0,           0,        1133,      -5.054709394,      0.0451141341,       1.471177047,     0.01705919959
          0,           0,        1134,      -5.167842798,     0.04614218182,       1.473325489,     0.01856303319
          0,           0,        1135,      -5.077791279,     0.04712647716,        1.47495874,      0.0197148787
          0,           0,        1136,       -5.18122407,     0.04775943059,       1.475449609,     0.02000589081
          0,           0,        1137,      -5.164216643,     0.04794269642,       1.474742921,     0.01937784635
          0,           0,        1138,      -5.103897234,     0.04775970564,       1.473245281,     0.01813872328
          0,           0,        1139,      -4.987464299,     0.04736687748,       1.471486004,     0.01669827036
          0,           0,        1140,      -5.033695383,     0.04690884137,       1.469875848,     0.01537793721
          0,           0,        1141,      -4.976086516,     0.04648520184,       1.468641671,     0.01435728148
          0,           0,        1142,      -4.984713027,     0.04615615841,       1.467882465,     0.01371501098
          0,           0,        1143,      -4.981898062,     0.04593262965,       1.467555529,     0.01341701339
          0,           0,        1144,      -5.012747547,     0.04581019867,        1.46760196,     0.01341309164
          0,           0,        1145,      -5.030772919,     0.04580124737,       1.468058866,     0.01372470103
          0,           0,        1146,      -5.098378564,     0.04587015985,       1.468814138,     0.01425688943
          0,           0,        1147,      -5.117588602,     0.04597699119,       1.469742311,     0.01490482868
          0,           0,        1148,      -5.160917498,     0.04608450824,       1.470715802,     0.01556472837
          0,           0,        1149,      -5.183332169,     0.04617202399,       1.471647805,     0.01616744531
          0,           0,        1150,      -5.205911162,     0.04624293658,       1.472507761,     0.01669203815
          0,           0,        1151,      -5.173157905,     0.04630231445,       1.473271711,     0.01712548047
          0,           0,        1152,      -5.093361275,     0.04615782115,       1.473547708,     0.01715636151
          0,           0,        1153,      -4.344739247,     0.04554073025,       1.472842275,     0.01638805414
          0,           0,        1154,      -4.467472029,      0.0444315758,       1.471163624,     0.01483025803
          0,           0,        1155,      -4.750527619,     0.04319653972,       1.469292229,     0.01311791991
          0,           0,        1156,        -4.8601815,     0.04226310984,       1.468019469,     0.01190296205
          0,           0,        1157,      -5.070866949,     0.04190378207,       1.467889011,      0.0116295628
          0,           0,        1158,      -5.091775798,     0.04206875842,       1.468744169,     0.01217721906
          0,           0,        1159,      -5.261761579,     0.04253818723,       1.470109718,     0.01316406734
          0,           0,        1160,      -5.308358383,     0.04306665423,       1.471480722,     0.01418070283
          0,           0,        1161,      -5.340455242,     0.04347991585,       1.472503587,     0.01493889135
          0,           0,        1162,       -5.34454005,     0.04371257368,         1.4730466,     0.01532996656
          0,           0,        1163,      -5.361492458,     0.04378922891,       1.473149065,      0.0153848788
          0,           0,        1164,      -5.351215227,     0.04379191764,       1.472965154,     0.01522829826
          0,           0,        1165,      -5.256119113,     0.04380385994,       1.472661123,     0.01499440884
          0,           0,        1166,      -4.857882012,     0.04384814935,       1.472305166,     0.01473646717
          0,           0,        1167,      -4.584843714,     0.04385830344,       1.471830908,       0.014394929
          0,           0,        1168,      -4.577119731,     0.04369209155,        1.47105341,     0.01381117932
          0,           0,        1169,      -5.157694653,     0.04320526709,       1.469778472,     0.01281853694
          0,           0,        1170,      -4.882586947,     0.04233318912,       1.467918032,     0.01134003749
          0,           0,        1171,      -4.936410038,     0.04114596912,       1.465590074,    0.009470304981
          0,           0,        1172,      -5.324272143,     0.03980781034,       1.463035143,    0.007408472645
          0,           0,        1173,      -4.857980341,     0.03851520415,       1.460546027,    0.005397173871
          0,           0,        1174,       -4.92397657,     0.03742463001,       1.458356586,    0.003630157366
          0,           0,        1175,      -5.554844114,     0.03661765132,       1.456587547,    0.002207474988
          0,           0,        1176,      -5.542512569,      0.0361138341,       1.455272213,    0.001156417982
          0,           0,        1177,       -5.77104922,     0.03588679187,       1.454359953,   0.0004373373838
          0,           0,        1178,      -5.799540152,     0.03590188308,       1.453802192,   1.258248035e-05
          0,           0,        1179,      -5.856332454,     0.03612183954,       1.453548217,   -0.000156001241
          0,           0,        1180,      -5.869999251,     0.03651942533,       1.453572489,  -8.553824791e-05
          0,           0,        1181,      -5.869878101,     0.03706493727,       1.453847285,   0.0002050472198
          0,           0,        1182,      -5.855129615,     0.03772848316,        1.45434293,   0.0006950206771
          0,           0,        1183,      -5.835924513,     0.03848122251,       1.455033254,    0.001365616936
          0,           0,        1184,      -5.819642276,     0.03928720138,       1.455865308,    0.002175927461
          0,           0,        1185,      -5.809959455,     0.04011080602,       1.456783875,    0.003081993454
          0,           0,        1186,      -5.808095265,     0.04091669261,       1.457726888,    0.004033399713
          0,           0,        1187,       -5.81389007,      0.0416714762,       1.458634212,    0.004979490804
          0,           0,        1188,       -5.79877794,     0.04235596843,       1.459459573,    0.005881764158
          0,           0,        1189,       -5.83107766,     0.04295080738,       1.460165326,    0.006705814934
          0,           0,        1190,      -5.864435976,     0.04344760443,       1.460732934,     0.00743265232
          0,           0,        1191,      -5.895166134,     0.04384465138,       1.461158087,    0.008054523745
          0,           0,        1192,      -5.928444916,     0.04413297301,       1.461407544,    0.008541661903
          0,           0,        1193,       -5.96687455,     0.04432311752,       1.461520261,    0.008920161715
          0,           0,        1194,      -6.011261751,     0.04441695279,        1.46150623,    0.009193706275
          0,           0,        1195,      -6.059089298,     0.04441538334,        1.46137352,    0.009364396267
          0,           0,        1196,      -6.109662739,     0.04432370909,       1.461141865,    0.009443405099
          0,           0,        1197,      -6.152255134,     0.04414930738,       1.460833214,     0.00944381274
          0,           0,        1198,      -6.182737197,     0.04390146685,        1.46046897,    0.009378572163
          0,           0,        1199,      -6.194284022,     0.04359463368,       1.460075976,    0.009265471177
          0,           0,        1200,       -6.18225125,      0.0432480088,       1.459686895,    0.009127826535
          0,           0,        1201,      -6.162445346,     0.04288428344,       1.459336671,    0.008992031851
          0,           0,        1202,      -6.137930749,     0.04252784315,       1.459060284,    0.008885957404
          0,           0,        1203,      -6.116747342,      0.0422009952,       1.458886335,    0.008833523414
          0,           0,        1204,       -6.10105142,     0.04192490259,       1.458844528,    0.008860202286
          0,           0,        1205,      -6.090887603,     0.04171247985,       1.458944417,    0.008976574783
          0,           0,        1206,      -6.086690824,     0.04157125648,       1.459186286,    0.009186620101
          0,           0,        1207,      -6.086983988,     0.04150389604,       1.459561982,    0.009487929835
          0,           0,        1208,      -6.091910707,     0.04150816585,       1.460054414,    0.009871344531
          0,           0,        1209,      -6.097782193,      0.0415816477,       1.460652428,     0.01033238242
          0,           0,        1210,      -6.108243553,     0.04171274095,       1.461315728,     0.01084386614
          0,           0,        1211,      -6.117820365,     0.04189306124,       1.462020002,     0.01139071296
          0,           0,        1212,      -6.128811724,     0.04211201696,       1.462737293,     0.01195448399
          0,           0,        1213,      -6.137345202,     0.04235987682,       1.463444757,     0.01252004699
          0,           0,        1214,      -6.145234535,     0.04262835477,       1.464125137,     0.01307569936
          0,           0,        1215,      -6.150431189,     0.04290944738,        1.46476303,     0.01361018844
          0,           0,        1216,      -6.153582629,     0.04319560015,       1.465346278,     0.01411401827
          0,           0,        1217,       -6.15483368,     0.04348078943,       1.465868738,     0.01458141795
          0,           0,        1218,      -6.154093825,      0.0437578849,       1.466322453,     0.01500447777
          0,           0,        1219,      -6.151534654,      0.0440208497,       1.466704161,     0.01537807304
          0,           0,        1220,      -6.146918635,     0.04426419116,       1.467012633,     0.01569811363
          0,           0,        1221,      -6.141498925,      0.0444830216,       1.467247695,     0.01596115093
          0,           0,        1222,       -6.13536032,     0.04467378305,       1.467412151,     0.01616579497
          0,           0,        1223,      -6.128947874,     0.04483473015,       1.467512604,     0.01631344229
          0,           0,        1224,      -6.122685227,     0.04496797311,       1.467566933,     0.01641422277
          0,           0,        1225,       -6.11686057,     0.04507174594,       1.467576786,     0.01646593464
          0,           0,        1226,      -6.111509283,     0.04514767425,       1.467553074,     0.01647374694
          0,           0,        1227,       -6.10678437,     0.04519955919,       1.467510417,     0.01644631838
          0,           0,        1228,      -6.102504264,     0.04523204672,       1.467464347,     0.01639334739
          0,           0,        1229,      -6.098973577,     0.04524924859,       1.467427631,     0.01632308145
          0,           0,        1230,      -6.096204877,     0.04525478509,       1.467410254,     0.01624230667
          0,           0,        1231,      -6.093711857,     0.04525265315,       1.467421644,     0.01615808174
          0,           0,        1232,      -6.091623779,     0.04524730102,       1.467471246,     0.01607818204
          0,           0,        1233,      -6.089556164,      0.0452426542,       1.467564989,     0.01600848152
          0,           0,        1234,      -6.087689054,     0.04524143575,       1.467704734,     0.01595234654
          0,           0,        1235,      -6.086117241,     0.04524636635,       1.467891459,     0.01591294021
          0,           0,        1236,      -6.083334659,      0.0452601919,       1.468125764,     0.01589329129
          0,           0,        1237,      -6.078472235,     0.04528527376,       1.468406793,     0.01589547234
          0,           0,        1238,      -6.078223577,     0.04532359346,       1.468732783,     0.01592091035
          0,           0,        1239,       -6.07943357,      0.0453753767,       1.469097381,     0.01596761765
          0,           0,        1240,      -6.079471018,     0.04544156733,       1.469496527,     0.01603519805
          0,           0,        1241,      -6.079659663,     0.04552219482,       1.469924809,      0.0161219055
          0,           0,        1242,      -6.080251419,     0.04561645586,       1.470375508,     0.01622455936
          0,           0,        1243,      -6.081117566,     0.04572367169,       1.470843198,      0.0163404336
          0,           0,        1244,      -6.082525095,     0.04584387566,       1.471325423,      0.0164686876
          0,           0,        1245,      -6.083779617,     0.04597594815,       1.471817329,     0.01660618922
          0,           0,        1246,      -6.085813983,     0.04611881245,       1.472316101,     0.01675093575
          0,           0,        1247,      -6.087452688,      0.0462705774,       1.472817593,     0.01689953142
          0,           0,        1248,      -6.090274639,     0.04642883677,       1.473317064,     0.01704795349
          0,           0,        1249,      -6.092160442,     0.04659145894,       1.473811886,      0.0171937204
          0,           0,        1250,      -6.094989618,     0.04675615919,       1.474299444,     0.01733449194
          0,           0,        1251,      -6.095199587,     0.04691944335,       1.474773746,     0.01746559873
          0,           0,        1252,       -6.09697145,     0.04707929428,       1.475234463,     0.01758662999
          0,           0,        1253,      -5.873539478,      0.0472339665,       1.475681101,     0.01769740597
          0,           0,        1254,      -5.995303494,     0.04738182358,       1.476112503,     0.01779774754
          0,           0,        1255,      -5.816962118,      0.0475206025,       1.476525133,     0.01788578945
          0,           0,        1256,      -5.861990206,     0.04764923931,       1.476918651,     0.01796242623
          0,           0,        1257,      -6.041475211,      0.0477662723,       1.477291138,     0.01802746718
          0,           0,        1258,      -6.079906908,     0.04787210364,       1.477644974,     0.01808405353
          0,           0,        1259,      -6.111060137,     0.04796640601,       1.477979488,     0.01813329913
          0,           0,        1260,      -6.119890074,     0.04804826518,         1.4782915,     0.01817458647
          0,           0,        1261,      -6.128932906,     0.04811764565,       1.478579487,     0.01820858347
          0,           0,        1262,      -6.136768639,     0.04817409904,       1.478840352,     0.01823474141
          0,           0,        1263,      -6.140521948,     0.04821792665,       1.479073004,     0.01825379124
          0,           0,        1264,      -6.149017076,      0.0482491239,       1.479275142,     0.01826534891
          0,           0,        1265,      -6.154369402,     0.04826788139,       1.479444912,     0.01826900321
          0,           0,        1266,      -6.158866697,     0.04827527356,        1.47958283,     0.01826579338
          0,           0,        1267,      -6.166093069,      0.0482725007,       1.479689781,     0.01825659326
          0,           0,        1268,      -6.172040818,     0.04826092662,       1.479767424,     0.01824247741
          0,           0,        1269,       -6.17626307,     0.04824107605,       1.479815288,     0.01822260424
          0,           0,        1270,      -6.180232326,     0.04821349566,       1.479833779,     0.01819637195
          0,           0,        1271,      -6.187530251,     0.04817907159,       1.479824915,     0.01816411051
          0,           0,        1272,      -6.191943813,       0.048138482,       1.479790175,      0.0181255381
          0,           0,        1273,      -6.195100426,     0.04809241505,       1.479731142,     0.01808028901
          0,           0,        1274,      -6.204261778,     0.04804197929,       1.479651506,     0.01802937973
          0,           0,        1275,      -6.210312132,     0.04798793848,       1.479554415,     0.01797333866
          0,           0,        1276,      -6.216279782,     0.04793105474,       1.479443161,      0.0179128298
          0,           0,        1277,      -6.222161364,     0.04787151629,       1.479319869,      0.0178476512
          0,           0,        1278,      -6.226548084,     0.04780878314,         1.4791852,     0.01777648189
          0,           0,        1279,      -6.233338773,     0.04774210627,       1.479039534,      0.0176980275
          0,           0,        1280,      -6.220031619,      0.0476700813,       1.478881234,     0.01760983205
          0,           0,        1281,      -6.226640981,     0.04759235772,       1.478711277,     0.01751179091
          0,           0,        1282,      -6.234777367,     0.04750745685,       1.478527807,     0.01740186914
          0,           0,        1283,       -5.76561176,     0.04741208431,       1.478324151,     0.01727448972
          0,           0,        1284,      -5.386855207,     0.04730225851,       1.478090074,     0.01712151237
          0,           0,        1285,       -5.31189151,     0.04717637271,       1.477816228,     0.01693619339
          0,           0,        1286,      -4.853989009,     0.04703059185,        1.47748295,     0.01670425053
          0,           0,        1287,      -4.922783586,      0.0468551003,       1.477054073,     0.01639877678
          0,           0,        1288,      -5.030870179,     0.04661746163,       1.476446106,     0.01595503814
          0,           0,        1289,      -5.029187642,     0.04626494394,       1.475541931,     0.01528074944
          0,           0,        1290,      -5.421712988,     0.04576842273,       1.474287642,     0.01433356191
          0,           0,        1291,      -5.598305894,     0.04515743553,       1.472771077,     0.01318356711
          0,           0,        1292,      -5.539469249,     0.04453587278,       1.471252304,     0.01203805006
          0,           0,        1293,      -5.280596643,     0.04404364207,       1.470080322,     0.01117419435
          0,           0,        1294,      -5.214805594,     0.04376763481,       1.469493258,     0.01077896538
          0,           0,        1295,       -5.26177058,     0.04369935794,       1.469510651,     0.01086379725
          0,           0,        1296,      -5.632119034,     0.04377015529,       1.469989036,     0.01131110815
          0,           0,        1297,       -5.74531207,     0.04390731453,       1.470726234,     0.01195967691
          0,           0,        1298,      -5.765400639,     0.04407729096,       1.471577401,     0.01269647711
          0,           0,        1299,      -5.419886472,     0.04427497748,       1.472452893,     0.01345380431
          0,           0,        1300,       -5.60652041,     0.04450245083,       1.473297471,     0.01419077908
          0,           0,        1301,      -5.630624259,     0.04474991824,       1.474056838,     0.01486617775
          0,           0,        1302,      -5.574483777,     0.04499983101,       1.474689769,     0.01544746246
          0,           0,        1303,      -5.569031257,     0.04522869182,       1.475155591,     0.01590183282
          0,           0,        1304,      -5.509643292,      0.0454221415,        1.47545353,     0.01622726393
          0,           0,        1305,      -5.535094823,     0.04556607777,       1.475580618,     0.01642059309
          0,           0,        1306,      -5.371086861,     0.04565558249,       1.475556442,     0.01649655514
          0,           0,        1307,      -5.660897929,     0.04568515772,       1.475382572,     0.01645629201
          0,           0,        1308,      -4.954481887,     0.04566067201,       1.475083933,     0.01631930415
          0,           0,        1309,      -5.984457416,     0.04559135846,       1.474686563,     0.01610578823
          0,           0,        1310,      -6.058432346,     0.04549055696,       1.474232559,     0.01584766737
          0,           0,        1311,      -6.079884776,     0.04536811594,        1.47375803,     0.01557128515
          0,           0,        1312,      -6.094057004,     0.04523198654,       1.473294337,      0.0152988375
          0,           0,        1313,      -6.113962317,      0.0450902535,        1.47286904,     0.01504962573
          0,           0,        1314,      -6.135124944,     0.04495186033,       1.472504996,     0.01483959572
          0,           0,        1315,      -6.152006179,     0.04482514859,       1.472217262,     0.01467913638
          0,           0,        1316,      -6.163427351,     0.04471677354,       1.472013248,     0.01457316564
          0,           0,        1317,      -6.171804249,     0.04463107384,         1.4718946,     0.01452252634
          0,           0,        1318,      -6.179466448,     0.04457030419,       1.471859018,     0.01452539143
          0,           0,        1319,      -6.185063601,     0.04453406909,       1.471900111,      0.0145770951
          0,           0,        1320,      -5.812389957,     0.04451978337,       1.472008887,     0.01467120083
          0,           0,        1321,      -6.055868486,     0.04452380551,       1.472174388,      0.0148000138
          0,           0,        1322,      -6.164105397,     0.04454361077,       1.472386628,     0.01495689436
          0,           0,        1323,       -6.19192227,     0.04457840961,       1.472637174,     0.01513662471
          0,           0,        1324,      -6.208374198,      0.0446281855,       1.472918243,     0.01533449654
          0,           0,        1325,      -6.230570781,     0.04469415296,       1.473228778,     0.01555073949
          0,           0,        1326,      -6.249050618,     0.04477535237,       1.473564721,     0.01578291362
          0,           0,        1327,       -6.26413102,     0.04486930389,       1.473920648,     0.01602720054
          0,           0,        1328,      -6.276491877,     0.04497240182,       1.474289226,     0.01627810979
          0,           0,        1329,       -6.28675416,     0.04508010112,       1.474659867,     0.01652750532
          0,           0,        1330,      -6.299049731,     0.04518896563,       1.475025413,     0.01676973876
          0,           0,        1331,      -6.303952777,     0.04529598426,       1.475379565,     0.01699993239
          0,           0,        1332,      -6.183211739,     0.04539833246,       1.475717255,     0.01721391463
          0,           0,        1333,      -6.175011188,     0.04549314464,       1.476033058,     0.01740714266
          0,           0,        1334,      -6.032480545,     0.04557715517,        1.47631976,     0.01757369207
          0,           0,        1335,      -6.090815748,      0.0456467795,       1.476569294,     0.01770691311
          0,           0,        1336,      -6.139307651,     0.04569821191,         1.4767749,     0.01780106436
          0,           0,        1337,      -6.076438571,     0.04572722068,       1.476932226,     0.01785209808
          0,           0,        1338,      -6.026936333,     0.04572588619,        1.47703287,     0.01785253137
          0,           0,        1339,      -5.825035451,     0.04567915323,       1.477055793,     0.01778444837
          0,           0,        1340,      -5.748580474,     0.04557189841,       1.476978284,     0.01762870819
          0,           0,        1341,      -5.742875072,     0.04540632562,        1.47680651,     0.01739005734
          0,           0,        1342,      -4.871753332,     0.04521087388,       1.476590441,     0.01710944585
          0,           0,        1343,       -5.08027673,     0.04503649984,       1.476415995,     0.01685773744
          0,           0,        1344,      -4.943554606,      0.0449793051,       1.476448432,     0.01677107488
          0,           0,        1345,      -5.247110586,     0.04564462239,       1.477777261,       0.017743032
          0,           0,        1346,      -4.626160619,     0.04698275005,       1.480246969,     0.01965499406
          0,           0,        1347,      -4.931735445,     0.04847702966,       1.482711835,     0.02159404436
          0,           0,        1348,      -5.151838058,     0.04961895253,       1.484019562,     0.02264658822
          0,           0,        1349,      -5.305208312,     0.05012895869,       1.483594039,     0.02235645313
          0,           0,        1350,      -5.441098208,     0.05000069542,       1.481623126,     0.02086646303
          0,           0,        1351,      -5.546895554,     0.04941265706,       1.478823187,     0.01873112798
          0,           0,        1352,      -5.640564656,      0.0485800371,       1.475972196,      0.0165526116
          0,           0,        1353,      -5.696781397,     0.04766753355,       1.473614397,     0.01475119594
          0,           0,        1354,      -5.721637355,     0.04674936864,       1.471916217,     0.01345500428
          0,           0,        1355,       -5.52505488,     0.04586990583,       1.470871806,     0.01265913434
          0,           0,        1356,      -5.723662001,     0.04504324165,       1.470334625,     0.01224903047
          0,           0,        1357,      -5.738639988,     0.04428316186,       1.470152043,     0.01210459348
          0,           0,        1358,      -5.740294803,     0.04360958065,       1.470216184,     0.01213958552
          0,           0,        1359,      -5.738333059,     0.04303612193,       1.470437628,      0.0122825562
          0,           0,        1360,      -5.735648387,     0.04258219894,       1.470783999,     0.01250620539
          0,           0,        1361,      -5.735489261,     0.04227681845,       1.471296643,     0.01284157722
          0,           0,        1362,      -5.742283874,     0.04213010221,       1.471994489,     0.01330501381
          0,           0,        1363,      -5.756406862,     0.04214169864,       1.472887107,      0.0139073994
          0,           0,        1364,      -5.774906095,     0.04230138136,       1.473962539,     0.01464379768
          0,           0,        1365,      -5.780749208,     0.04258612122,       1.475170963,     0.01548004608
          0,           0,        1366,      -5.814798153,     0.04297006478,       1.476460461,     0.01638007768
          0,           0,        1367,      -5.802239814,     0.04342022998,       1.477762046,     0.01729349774
          0,           0,        1368,      -5.662207114,     0.04389490487,       1.478993298,     0.01815727744
          0,           0,        1369,      -5.436865237,     0.04434871714,       1.480068276,     0.01890426091
          0,           0,        1370,      -5.395497255,     0.04474517081,       1.480919156,     0.01948110408
          0,           0,        1371,      -5.441852546,     0.04507438072,       1.481539956,      0.0198826617
          0,           0,        1372,      -5.476970449,     0.04535415009,       1.481987007,     0.02015271701
          0,           0,        1373,       -5.45698554,     0.04561865598,       1.482348941,     0.02036093949
          0,           0,        1374,      -5.444655902,     0.04590627642,       1.482721244,     0.02058240009
          0,           0,        1375,       -5.43677385,     0.04623887093,       1.483156758,     0.02085853349
          0,           0,        1376,      -5.438323725,     0.04662293954,       1.483680904,     0.02120838148
          0,           0,        1377,      -5.446051565,     0.04704462873,       1.484271006,     0.02161382695
          0,           0,        1378,      -5.461583067,     0.04748315365,       1.484892126,     0.02204716371
          0,           0,        1379,      -5.470138892,     0.04791855145,       1.485509316,     0.02248074983
          0,           0,        1380,      -5.480492761,     0.04833572512,       1.486095758,     0.02289356454
          0,           0,        1381,      -5.486438815,     0.04872286206,       1.486631566,     0.02327003496
          0,           0,        1382,       -5.48875423,     0.04906253714,       1.487087691,     0.02358709536
          0,           0,        1383,      -5.484747041,     0.04932534487,       1.487418149,     0.02380732127
          0,           0,        1384,      -5.452067085,     0.04947418732,        1.48756883,     0.02388568164
          0,           0,        1385,      -5.437835265,     0.04948698565,         1.4875187,     0.02380320391
          0,           0,        1386,      -5.448601086,      0.0493837554,       1.487324889,     0.02360405794
          0,           0,        1387,      -5.471276596,     0.04923269649,       1.487118013,     0.02339319221
          0,           0,        1388,      -5.487335543,      0.0491387767,       1.487084266,     0.02332162261
          0,           0,        1389,       -5.47245948,      0.0491969304,       1.487374925,     0.02351305023
          0,           0,        1390,      -5.166799865,     0.04945502747,        1.48804452,     0.02401283293
          0,           0,        1391,      -5.089952656,     0.04986637745,       1.488960637,     0.02471480175
          0,           0,        1392,      -4.934832205,     0.05032546048,       1.489873537,     0.02541797122
          0,           0,        1393,      -5.092789612,     0.05073723689,       1.490568496,     0.02594876806
          0,           0,        1394,      -5.165861823,     0.05106067014,       1.491005343,     0.02626980312
          0,           0,        1395,      -5.371819749,     0.05126118424,       1.491193104,     0.02638110454
          0,           0,        1396,      -5.401284318,     0.05123229293,       1.490996036,     0.02616575934
          0,           0,        1397,      -4.933618616,     0.05075512123,       1.490039445,      0.0253145772
          0,           0,        1398,      -5.078416419,     0.04960898258,       1.487937519,     0.02350995507
          0,           0,        1399,      -5.256338202,     0.04778246608,       1.484704731,     0.02075967821
          0,           0,        1400,      -5.325407094,     0.04558297606,       1.480941444,     0.01754998314
          0,           0,        1401,      -5.385347625,     0.04350133974,       1.477578857,     0.01463775176
          0,           0,        1402,      -5.448259083,      0.0419331361,       1.475314945,     0.01259403998
          0,           0,        1403,      -5.315732712,      0.0410720147,       1.474474031,     0.01168464228
          0,           0,        1404,      -5.195624432,     0.04091835169,       1.475007789,     0.01187223578
          0,           0,        1405,      -5.227245526,     0.04136125744,       1.476647061,     0.01294053983
          0,           0,        1406,      -5.222902295,      0.0422494522,       1.479046174,     0.01461151011
          0,           0,        1407,      -5.453480369,     0.04342276136,       1.481852215,     0.01660134094
          0,           0,        1408,      -5.388552534,     0.04472759658,       1.484741413,     0.01864952438
          0,           0,        1409,      -5.473700121,     0.04603163619,       1.487466864,     0.02055582856
          0,           0,        1410,      -5.447316936,     0.04722399558,       1.489841071,     0.02216748699
          0,           0,        1411,      -5.472247422,     0.04822103476,       1.491735741,     0.02338012057
          0,           0,        1412,      -5.456452911,     0.04897775416,       1.493102689,     0.02415449164
          0,           0,        1413,      -5.439173495,     0.04949550716,       1.493988493,     0.02452825201
          0,           0,        1414,        -5.4141722,     0.04980601534,       1.494480391,     0.02457395201
          0,           0,        1415,      -5.389632441,     0.04996188187,       1.494693092,     0.02438776345
          0,           0,        1416,      -5.363524057,     0.05002306965,       1.494751777,     0.02407501145
          0,           0,        1417,      -5.314980437,     0.05003447714,       1.494734886,     0.02370445798
          0,           0,        1418,      -5.226822723,     0.05003009109,        1.49469968,     0.02332779805
          0,           0,        1419,      -5.008277244,     0.05005167555,       1.494679241,     0.02298011786
          0,           0,        1420,      -4.343909473,     0.05013594501,       1.494683226,     0.02267857125
          0,           0,        1421,      -4.480174653,      0.0502752891,        1.49470614,     0.02242212956
          0,           0,        1422,      -5.359452219,     0.05040973364,       1.494721184,     0.02218591775
          0,           0,        1423,      -5.358488334,     0.05047649512,       1.494673814,     0.02192412223
          0,           0,        1424,      -4.574329584,     0.05044447499,       1.494491126,     0.02158202258
          0,           0,        1425,      -5.177307178,     0.05029780361,       1.494094948,     0.02110319728
          0,           0,        1426,      -5.498566025,      0.0500152392,       1.493421388,     0.02044024193
          0,           0,        1427,      -5.669268087,     0.04957648831,       1.492437057,     0.01956719096
          0,           0,        1428,      -5.794706756,      0.0489821818,       1.491149768,     0.01849024517
          0,           0,        1429,      -5.837397034,     0.04826142907,       1.489609922,     0.01724973912
          0,           0,        1430,      -5.817343722,     0.04746616056,       1.487906362,     0.01591581417
          0,           0,        1431,      -5.769317037,     0.04665751208,       1.486154474,     0.01457718941
          0,           0,        1432,      -5.691710723,     0.04586927996,        1.48443081,     0.01328810664
          0,           0,        1433,      -5.637257164,     0.04513554545,       1.482824274,     0.01211068872
          0,           0,        1434,      -5.385392664,     0.04454787472,       1.481520197,     0.01118584284
          0,           0,        1435,      -5.326669773,      0.0440599719,       1.480445144,       0.010443184
          0,           0,        1436,      -5.095094707,     0.05292052615,       1.501908103,     0.02761367015
          0,           0,        1437,      -3.997437946,     0.05616831267,       1.510654814,     0.03456196538
          0,           0,        1438,      -4.139147796,     0.05994873614,       1.520857246,     0.04258612486
          0,           0,        1439,      -4.452800335,     0.06389123368,       1.532083092,     0.05128223146
          0,           0,        1440,      -4.687910677,     0.06753707719,       1.543490405,     0.05993385408
          0,           0,        1441,      -4.772211282,     0.07051699284,        1.55414909,     0.06777885762
          0,           0,        1442,      -4.874786955,      0.0726963589,       1.563342893,      0.0742573352
          0,           0,        1443,      -4.859946935,     0.07422741447,       1.570757517,     0.07916099783
          0,           0,        1444,      -4.829502758,     0.07548855001,       1.576642171,     0.08274170141
          0,           0,        1445,      -4.835336034,     0.07678508482,       1.581305052,     0.08529918208
          0,           0,        1446,      -4.877276606,     0.07821308899,       1.584910753,     0.08700819442
          0,           0,        1447,      -4.941578962,     0.07965592693,       1.587362465,     0.08782935609
          0,           0,        1448,      -5.006868379,      0.0808827308,       1.588408502,     0.08759695993
          0,           0,        1449,      -5.051947063,     0.08166114061,       1.587805941,     0.08614813616
          0,           0,        1450,      -5.070013265,     0.08185391765,       1.585525877,     0.08348068523
          0,           0,        1451,      -5.074145782,     0.08143454112,       1.581755479,     0.07975180373
          0,           0,        1452,      -5.078344089,     0.08045631994,       1.576797273,      0.0752004711
          0,           0,        1453,       -5.08935977,     0.07901992464,       1.571004512,     0.07009783158
          0,           0,        1454,      -5.071656932,     0.07727582136,       1.564792051,     0.06475130048
          0,           0,        1455,      -5.122739784,     0.07535090002,       1.558481972,     0.05939600424
          0,           0,        1456,      -5.141020988,     0.07335030158,       1.552329042,     0.05421241072
          0,           0,        1457,      -5.155964821,     0.07134377525,       1.546484004,     0.04930245288
          0,           0,        1458,      -5.168998962,     0.06936878331,        1.54101988,     0.04470948077
          0,           0,        1459,      -5.181093349,     0.06742810485,        1.53592435,     0.04041903517
          0,           0,        1460,       -5.16943442,     0.06551621238,       1.531169934,     0.03640738897
          0,           0,        1461,      -5.182448864,     0.06363207377,       1.526757046,     0.03266987051
          0,           0,        1462,      -5.211088053,     0.06176707159,       1.522666109,     0.02918887443
          0,           0,        1463,      -5.224676397,     0.05990541923,       1.518858727,     0.02593775748
          0,           0,        1464,      -5.241725458,     0.05803668995,       1.515300675,     0.02289342124
          0,           0,        1465,      -5.259982896,     0.05616205383,       1.511973725,     0.02004488241
          0,           0,        1466,      -5.277266643,     0.05429582456,       1.508881115,      0.0173979999
          0,           0,        1467,       -5.29288189,     0.05245739765,       1.506023552,     0.01495522576
          0,           0,        1468,      -5.306802157,     0.05066888046,       1.503403041,     0.01272036801
          0,           0,        1469,      -5.320588988,     0.04895499526,       1.501030807,     0.01070370341
          0,           0,        1470,      -5.334136645,     0.04733673355,        1.49890856,    0.008906248244
          0,           0,        1471,      -5.346415766,     0.04583781432,        1.49705048,    0.007336189885
          0,           0,        1472,      -5.357624631,     0.04447419684,       1.495457823,    0.005989865751
          0,           0,        1473,      -5.368054855,     0.04326246756,       1.494145839,    0.004874132431
          0,           0,        1474,       -5.37810418,     0.04221049143,       1.493114538,    0.003984326521
          0,           0,        1475,      -5.388154315,     0.04131655746,       1.492347153,    0.003305540853
          0,           0,        1476,      -5.398498452,     0.04057042393,       1.491811008,    0.002811913347
          0,           0,        1477,      -5.409245406,     0.03996608904,       1.491496386,    0.002493854255
          0,           0,        1478,      -5.420657934,     0.03949601291,       1.491392378,    0.002342452774
          0,           0,        1479,      -5.432723717,     0.03914472789,       1.491461969,    0.002329372883
          0,           0,        1480,      -5.445632445,     0.03889751735,       1.491674498,    0.002431694942
          0,           0,        1481,      -5.459368117,     0.03873817653,       1.491995638,    0.002625013969
          0,           0,        1482,      -5.473632806,     0.03865258488,       1.492398041,     0.00288997616
          0,           0,        1483,      -5.488601725,     0.03862625718,       1.492852506,    0.003204000272
          0,           0,        1484,      -5.504058988,     0.03864462481,       1.493329073,    0.003543265218
          0,           0,        1485,      -5.519927198,     0.03869667138,        1.49380957,    0.003892377758
          0,           0,        1486,      -5.536047294,      0.0387721926,       1.494279239,    0.004237915582
          0,           0,        1487,       -5.55222824,     0.03885809809,       1.494715746,    0.004561851686
          0,           0,        1488,      -5.568422469,     0.03894965034,       1.495125014,    0.004867161516
          0,           0,        1489,      -5.584414391,     0.03903610455,       1.495488678,    0.005138482163
          0,           0,        1490,      -5.600107592,     0.03910969551,       1.495806337,    0.005375930483
          0,           0,        1491,      -5.615425397,     0.03916579072,        1.49607985,    0.005583349504
          0,           0,        1492,      -5.630344981,     0.03920019418,       1.496306931,    0.005763897044
          0,           0,        1493,      -5.643490674,     0.03920907887,       1.496481145,       0.005920202
          0,           0,        1494,      -5.657375982,     0.03919401074,       1.496608909,    0.006067094121
          0,           0,        1495,      -5.671825017,     0.03914729412,       1.496661784,    0.006195432895
          0,           0,        1496,      -5.684938648,     0.03907367648,       1.496646878,    0.006324352848
          0,           0,        1497,      -5.697510176,     0.03897403468,       1.496551176,    0.006458365627
          0,           0,        1498,      -5.709730161,     0.03885301897,        1.49636759,    0.006606182905
          0,           0,        1499,      -5.721561201,     0.03871562737,       1.496088661,    0.006775918519
          0,           0,        1500,       -5.73305595,     0.03856310552,       1.495694982,    0.006965189823
          0,           0,        1501,      -5.744128283,     0.03839986152,       1.495172619,    0.007174168341
          0,           0,        1502,      -5.754726493,       0.038234659,       1.494522759,    0.007411093592
          0,           0,        1503,      -5.764190384,     0.03807079651,        1.49373603,    0.007670653289
          0,           0,        1504,      -5.773112486,     0.03791072832,       1.492806543,    0.007942720288
          0,           0,        1505,      -5.783098204,     0.03776133174,       1.491747141,    0.008224550705
          0,           0,        1506,      -5.792010201,     0.03763016744,       1.490578242,    0.008513418357
          0,           0,        1507,      -5.799592676,     0.03752185983,       1.489317714,     0.00879943165
          0,           0,        1508,      -5.806367402,     0.03744386024,       1.488000706,    0.009079849697
          0,           0,        1509,      -5.809311532,     0.03740358435,       1.486669799,    0.009353782248
          0,           0,        1510,      -5.471929533,     0.03740411445,       1.485361772,    0.009614474971
          0,           0,        1511,      -5.818937449,     0.03740826823,       1.484048502,    0.009802308323
          0,           0,        1512,      -5.549287818,     0.03722230211,       1.482419351,     0.00963160185
          0,           0,        1513,      -5.430649113,      0.0366620003,       1.480220708,    0.008862525674
          0,           0,        1514,       -5.33500417,     0.03579951041,        1.47768435,    0.007653639212
          0,           0,        1515,      -5.242519515,     0.03491099506,       1.475390827,    0.006457764205
          0,           0,        1516,      -5.434904492,     0.03417150433,       1.473671246,    0.005537494037
          0,           0,        1517,      -5.624340163,     0.03361226005,       1.472556266,    0.004921530864
          0,           0,        1518,      -5.630583853,     0.03324980855,       1.472030693,    0.004610310309
          0,           0,        1519,      -5.425784129,     0.03315320678,        1.47216199,    0.004680934906
          0,           0,        1520,      -5.436185473,     0.03340276662,       1.473033109,    0.005228779837
          0,           0,        1521,      -5.575342005,     0.03402316281,       1.474630499,    0.006271942747
          0,           0,        1522,      -5.486085825,     0.03494676711,        1.47677358,    0.007694871318
          0,           0,        1523,      -5.632233133,     0.03604560228,       1.479202449,    0.009318325179
          0,           0,        1524,      -5.021926352,     0.03718126123,       1.481658493,     0.01096248966
          0,           0,        1525,      -5.508129834,     0.03824260312,       1.483934245,     0.01248697408
          0,           0,        1526,      -5.786907436,     0.03916948315,       1.485906408,     0.01381796147
          0,           0,        1527,      -5.806585043,     0.03994341027,       1.487518017,     0.01493441797
          0,           0,        1528,      -5.821035316,     0.04057469558,       1.488776785,     0.01585981752
          0,           0,        1529,      -5.845631289,     0.04107028348,       1.489681323,      0.0166053879
          0,           0,        1530,      -5.866280584,     0.04144773606,       1.490278013,     0.01721186456
          0,           0,        1531,      -5.875503602,        0.04171997,       1.490605975,     0.01770797461
          0,           0,        1532,      -5.887341273,     0.04190571888,       1.490721815,     0.01813225391
          0,           0,        1533,      -5.896004843,     0.04202086122,        1.49066927,     0.01850934293
          0,           0,        1534,      -5.905745715,     0.04207638621,       1.490473543,     0.01884467883
          0,           0,        1535,      -5.915558251,     0.04208308235,       1.490164174,     0.01914423283
          0,           0,        1536,      -5.929601702,     0.04205266931,       1.489778046,     0.01941741443
          0,           0,        1537,      -5.941840946,     0.04199114772,       1.489339005,     0.01966296416
          0,           0,        1538,      -5.953174251,     0.04190583244,       1.488878336,     0.01988535965
          0,           0,        1539,      -5.963160428,     0.04180527705,       1.488427669,     0.02009028041
          0,           0,        1540,      -5.972818593,     0.04169734003,       1.488012946,     0.02028098663
          0,           0,        1541,      -5.980102957,     0.04159351804,       1.487668262,     0.02046895995
          0,           0,        1542,      -5.982520299,     0.04150587788,       1.487426668,     0.02066757276
          0,           0,        1543,      -5.989796412,     0.04144330082,       1.487309779,      0.0208839022
          0,           0,        1544,      -5.998713648,     0.04141434961,       1.487337545,     0.02112611694
          0,           0,        1545,      -6.004737285,     0.04142472708,       1.487521721,     0.02139842293
          0,           0,        1546,      -6.010661163,     0.04147507821,       1.487858707,     0.02169667933
          0,           0,        1547,      -6.016133312,     0.04156657276,       1.488347944,     0.02202158731
          0,           0,        1548,      -6.020876757,     0.04169973397,       1.488984583,     0.02237341984
          0,           0,        1549,       -6.02548018,     0.04186983551,       1.489745548,     0.02273943913
          0,           0,        1550,      -6.029651457,     0.04207674459,       1.490625794,     0.02312191522
          0,           0,        1551,       -6.03346013,     0.04231827969,       1.491614333,     0.02351951437
          0,           0,        1552,      -6.038226796,     0.04259151689,       1.492696319,     0.02392904826
          0,           0,        1553,      -6.042349517,      0.0428909177,       1.493851028,     0.02434270018
          0,           0,        1554,      -6.043668946,     0.04321078206,       1.495056486,     0.02475237879
          0,           0,        1555,      -6.048707258,      0.0435456587,       1.496294093,     0.02515199671
          0,           0,        1556,      -6.054089956,     0.04388768765,       1.497538876,     0.02553046442
          0,           0,        1557,      -6.058174633,     0.04423004984,       1.498769749,     0.02587935206
          0,           0,        1558,      -6.061970018,     0.04456711106,       1.499969326,     0.02619224051
          0,           0,        1559,      -6.065881617,     0.04489483562,       1.501124623,     0.02646524333
          0,           0,        1560,      -6.069358957,     0.04521041381,       1.502226418,     0.02669557824
          0,           0,        1561,      -6.072834269,     0.04551390741,       1.503274587,      0.0268861429
          0,           0,        1562,       -6.07604193,     0.04580213485,       1.504259445,     0.02703429008
          0,           0,        1563,      -6.070911207,     0.04607467462,       1.505181653,     0.02713798341
          0,           0,        1564,      -6.080015718,     0.04633018838,       1.506038787,     0.02719907545
          0,           0,        1565,      -6.084231933,     0.04656790887,       1.506829398,     0.02721717769
          0,           0,        1566,      -6.087943951,     0.04678839638,       1.507557331,     0.02719500649
          0,           0,        1567,      -6.090762357,     0.04699262142,       1.508225637,     0.02713374654
          0,           0,        1568,      -6.093531396,     0.04717958022,       1.508833354,     0.02703071278
          0,           0,        1569,      -6.095462627,     0.04735179965,       1.509390234,     0.02689094135
          0,           0,        1570,      -6.099229113,     0.04750949087,       1.509900057,     0.02671472973
          0,           0,        1571,      -6.102516121,     0.04765576597,       1.510373798,     0.02650839396
          0,           0,        1572,      -6.104961934,      0.0477921623,       1.510818459,     0.02627537279
          0,           0,        1573,      -6.107530099,     0.04791944527,       1.511238482,     0.02601782008
          0,           0,        1574,      -6.110504106,     0.04803957923,       1.511642223,      0.0257414536
          0,           0,        1575,      -6.114332465,     0.04815234387,       1.512030744,     0.02544705044
          0,           0,        1576,      -6.115273961,     0.04825975237,       1.512410466,      0.0251397098
          0,           0,        1577,      -6.120070448,     0.04836272625,       1.512784741,     0.02482247487
          0,           0,        1578,      -6.123370388,     0.04846294132,       1.513158519,     0.02450013263
          0,           0,        1579,      -6.124535077,     0.04856155062,       1.513535194,     0.02417686552
          0,           0,        1580,      -6.129708085,     0.04865839661,       1.513913361,     0.02385399412
          0,           0,        1581,      -6.132752591,      0.0487535899,       1.514292796,     0.02353441547
          0,           0,        1582,      -6.136431006,     0.04884476587,       1.514666147,     0.02321611084
          0,           0,        1583,      -6.141120985,     0.04893069689,       1.515028854,     0.02289909813
          0,           0,        1584,      -6.145057624,      0.0490101686,         1.5153764,     0.02258338549
          0,           0,        1585,      -6.148059291,     0.04908301854,       1.515707116,     0.02227071298
          0,           0,        1586,      -6.153484836,     0.04914848196,       1.516017551,     0.02196117951
          0,           0,        1587,      -6.158743478,     0.04920645205,       1.516306409,     0.02165638337
          0,           0,        1588,      -6.162169837,     0.04925549632,       1.516568818,     0.02135516585
          0,           0,        1589,      -6.168537691,     0.04929438842,       1.516800634,     0.02105668435
          0,           0,        1590,       -6.17350959,     0.04932209488,       1.516999134,     0.02076071922
          0,           0,        1591,      -6.178215636,     0.04933887382,       1.517165141,     0.02046888708
          0,           0,        1592,      -6.184685959,     0.04934544922,       1.517301237,     0.02018367009
          0,           0,        1593,       -6.18560221,     0.04934141126,       1.517407081,     0.01990546707
          0,           0,        1594,      -6.195744758,     0.04932675564,       1.517484406,     0.01963676271
          0,           0,        1595,      -6.199141532,     0.04929992211,        1.51753013,     0.01937671885
          0,           0,        1596,      -6.204734203,     0.04925951309,       1.517541629,     0.01912489108
          0,           0,        1597,      -6.209525299,     0.04920441074,       1.517517329,     0.01888180845
          0,           0,        1598,      -6.213991517,     0.04913404859,        1.51745655,     0.01864865791
          0,           0,        1599,      -6.215205588,     0.04904744712,       1.517357057,     0.01842537344
          0,           0,        1600,      -6.225945043,     0.04894425392,       1.517217893,     0.01821265515
          0,           0,        1601,      -6.229008202,     0.04882476913,       1.517039696,     0.01801213253
          0,           0,        1602,       -6.06213358,     0.04868792594,       1.516819209,     0.01782247636
          0,           0,        1603,      -6.195698695,     0.04853371011,       1.516555822,     0.01764452547
          0,           0,        1604,      -6.246055169,      0.0483616067,       1.516247431,      0.0174779541
          0,           0,        1605,      -6.247702616,     0.04817035028,       1.515889726,     0.01732049644
          0,           0,        1606,      -6.254770394,     0.04796026077,       1.515482629,     0.01717255837
          0,           0,        1607,      -6.263059439,     0.04773187051,       1.515026429,     0.01703442121
          0,           0,        1608,      -6.269491636,     0.04748635418,       1.514522894,     0.01690706951
          0,           0,        1609,      -6.270628997,     0.04722487069,       1.513973572,     0.01679084977
          0,           0,        1610,      -6.275316944,      0.0469489383,       1.513380895,     0.01668631854
          0,           0,        1611,      -6.281425351,     0.04665998185,       1.512747727,     0.01659385691
          0,           0,        1612,      -6.289625989,     0.04635965851,       1.512077437,     0.01651404223
          0,           0,        1613,      -6.296680437,     0.04604786408,        1.51136902,     0.01644380481
          0,           0,        1614,      -6.291773024,     0.04572485908,       1.510624736,     0.01638178445
          0,           0,        1615,      -6.293665257,     0.04539019894,       1.509843309,      0.0163242601
          0,           0,        1616,      -6.314493226,     0.04504396485,       1.509025586,     0.01626880103
          0,           0,        1617,      -6.322521201,     0.04468645833,       1.508173085,     0.01621306367
          0,           0,        1618,       -6.33022654,     0.04431782041,       1.507286849,     0.01615409275
          0,           0,        1619,      -6.337412693,     0.04393920487,       1.506370937,     0.01609107046
          0,           0,        1620,      -6.344966024,     0.04355194571,       1.505430048,     0.01602360247
          0,           0,        1621,      -6.349638545,     0.04315761965,       1.504469351,     0.01595164737
          0,           0,        1622,      -6.356948683,     0.04275789746,       1.503493988,     0.01587528426
          0,           0,        1623,        -6.3575847,      0.0423548104,       1.502510032,     0.01579544891
          0,           0,        1624,      -6.370610962,     0.04195037027,       1.501523232,     0.01571292373
          0,           0,        1625,      -6.372503934,     0.04154646442,       1.500538804,     0.01562820412
          0,           0,        1626,      -6.382057784,     0.04114517277,       1.499562543,     0.01554248516
          0,           0,        1627,      -6.384724346,     0.04074804796,       1.498598675,     0.01545614612
          0,           0,        1628,      -6.393763566,     0.04035693833,       1.497652346,     0.01537066467
          0,           0,        1629,       -6.39665239,     0.03997374474,       1.496728715,     0.01528780754
          0,           0,        1630,       -6.40039183,     0.03960001236,       1.495831547,     0.01520851234
          0,           0,        1631,      -6.407213408,      0.0392372775,       1.494964304,     0.01513374911
          0,           0,        1632,       -6.40434849,     0.03888728618,       1.494130957,     0.01506508747
          0,           0,        1633,      -6.344275304,     0.03855138751,       1.493334224,     0.01500330962
          0,           0,        1634,      -6.274490505,     0.03823117951,       1.492577433,     0.01494974539
          0,           0,        1635,      -6.385528924,     0.03792789678,       1.491862811,     0.01490493213
          0,           0,        1636,      -6.299774052,     0.03764280478,       1.491192644,     0.01486948857
          0,           0,        1637,      -6.327272932,     0.03737772438,       1.490570754,     0.01484503219
          0,           0,        1638,      -6.397018878,     0.03713381715,       1.489999124,     0.01483173795
          0,           0,        1639,      -6.408511631,     0.03691286676,       1.489481384,     0.01483105091
          0,           0,        1640,      -6.421935779,     0.03671648919,       1.489020658,      0.0148441517
          0,           0,        1641,      -6.424366521,     0.03654562974,       1.488618261,     0.01487111704
          0,           0,        1642,       -6.09243027,     0.03640153951,       1.488276456,     0.01491289212
          0,           0,        1643,      -5.991892853,     0.03628472668,       1.487995964,     0.01496928778
          0,           0,        1644,      -6.088405214,     0.03619428349,       1.487774766,      0.0150380396
          0,           0,        1645,       -6.22025069,     0.03612064948,       1.487595423,     0.01510419057
          0,           0,        1646,      -6.135806688,     0.03603630375,       1.487408509,     0.01512663848
          0,           0,        1647,       -5.48799961,     0.03592668179,       1.487187418,     0.01508309229
          0,           0,        1648,      -5.405793275,     0.03787428472,       1.490722332,     0.01807597422
          0,           0,        1649,      -4.739204307,     0.03995352884,        1.49462172,     0.02131981999
          0,           0,        1650,      -4.813408246,     0.04155455633,       1.497596922,     0.02378014053
          0,           0,        1651,       -5.13159965,     0.04232905438,       1.498655802,     0.02468437583
          0,           0,        1652,      -5.051964038,     0.04191850233,       1.496770073,       0.023233978
          0,           0,        1653,      -5.293027474,     0.04017897506,       1.491578816,     0.01915102817
          0,           0,        1654,      -5.381830148,     0.03752582595,       1.484185312,     0.01331342146
          0,           0,        1655,      -5.509446308,     0.03480263177,       1.476732121,     0.00742321953
          0,           0,        1656,       -5.63756661,     0.03275026864,       1.471097466,    0.002971284481
          0,           0,        1657,       -5.73817768,     0.03168066645,       1.468117945,   0.0006173364393
          0,           0,        1658,       -5.68053327,     0.03149404434,       1.467598646,   0.0001999906119
          0,           0,        1659,      -5.748919556,     0.03186722345,       1.468758574,    0.001092250542
          0,           0,        1660,      -5.734044707,     0.03248726236,       1.470852444,    0.002692600777
          0,           0,        1661,      -5.751114591,     0.03311555583,       1.473284407,    0.004519064703
          0,           0,        1662,      -5.788216323,     0.03362392794,       1.475681436,     0.00626993797
          0,           0,        1663,      -5.822251353,     0.03399058125,       1.477890197,     0.00782301003
          0,           0,        1664,       -5.83071523,     0.03427441023,       1.479939359,    0.009204046007
          0,           0,        1665,      -5.818894993,     0.03456653711,       1.481940205,     0.01050591759
          0,           0,        1666,      -5.806542766,     0.03493531879,       1.483973576,      0.0118004586
          0,           0,        1667,      -5.805821192,     0.03540869184,       1.486049829,      0.0131053354
          0,           0,        1668,      -5.818782918,      0.0359935242,       1.488163767,     0.01442468516
          0,           0,        1669,      -5.843209264,     0.03667443603,       1.490281316,     0.01573982251
          0,           0,        1670,      -5.874722257,     0.03742517652,       1.492355854,     0.01702125476
          0,           0,        1671,      -5.905883152,     0.03821906061,       1.494357533,     0.01825043556
          0,           0,        1672,      -5.868248848,     0.03900084665,       1.496255366,     0.01940199692
          0,           0,        1673,      -5.519303748,     0.03972891863,       1.498035401,     0.02046438171
          0,           0,        1674,      -5.202415908,     0.04040583587,       1.499690062,     0.02143665655
          0,           0,        1675,      -5.016134081,     0.04107160083,       1.501207252,     0.02231847269
          0,           0,        1676,      -4.941601267,     0.04176017547,       1.502587966,     0.02311617485
          0,           0,        1677,      -4.921666699,     0.04247373689,       1.503834241,     0.02383094033
          0,           0,        1678,      -4.884015267,     0.04322118833,       1.504955508,     0.02446995055
          0,           0,        1679,      -4.814999157,     0.04391054839,       1.505974392,       0.025034423
          0,           0,        1680,      -4.861500901,     0.04452063658,       1.506898357,     0.02552575215
          0,           0,        1681,      -4.766290258,     0.04502142447,       1.507740986,     0.02594902694
          0,           0,        1682,        -4.7507064,     0.04538676515,       1.508500639,     0.02629859337
          0,           0,        1683,      -4.627238476,     0.04560214642,       1.509258895,     0.02663212091
          0,           0,        1684,      -4.526940512,      0.0457724809,       1.510321289,     0.02718978056
          0,           0,        1685,      -4.372881909,     0.04324647373,       1.507091538,      0.0241886424
          0,           0,        1686,      -4.226392868,     0.04285020605,       1.508567197,     0.02497711071
          0,           0,        1687,      -4.073972703,     0.03810379896,       1.503489141,     0.02029049155
          0,           0,        1688,      -3.949730344,     0.04059258648,       1.511826734,     0.02657437998
          0,           0,        1689,      -3.865623964,     0.03905183792,       1.514256555,     0.02790428892
          0,           0,        1690,        -3.8031365,     0.03985372546,       1.521647048,     0.03324081682
          0,           0,        1691,      -3.743793469,     0.03774097502,       1.525607285,     0.03561273025
          0,           0,        1692,      -3.757447844,      0.0337482421,        1.52483603,     0.03422744104
          0,           0,        1693,      -3.712784063,     0.03057719779,       1.526037719,     0.03442097051
          0,           0,        1694,      -3.718535818,     0.02426763824,       1.519198141,     0.02823412473
          0,           0,        1695,      -3.687973701,      0.0216094397,       1.523119489,      0.0305086384
          0,           0,        1696,      -3.706174705,     0.01477134159,       1.515575159,     0.02372790445
          0,           0,        1697,      -3.684674078,     0.01140737379,       1.521563251,     0.02741048339
          0,           0,        1698,      -3.666314647,    0.006902381428,       1.518753488,      0.0244638219
          0,           0,        1699,      -3.680969509,   -0.001266747621,       1.523893207,     0.02676921129
          0,           0,        1700,      -3.630715817,   -0.003707237073,       1.524744178,      0.0268118232
          0,           0,        1701,      -3.683099509,   -0.008378374352,       1.528667346,     0.02873845782
          0,           0,        1702,      -3.620575869,   -0.006590254953,       1.530076537,     0.02979421575
          0,           0,        1703,      -3.651599976,    -0.02144919911,        1.53929107,     0.03392538276
          0,           0,        1704,      -3.656962055,    -0.01620453294,       1.546576506,     0.03969943037
          0,           0,        1705,      -3.699796524,    -0.03204924003,       1.560867521,     0.04721946379
          0,           0,        1706,      -3.624496596,     -0.0373090435,       1.578045273,     0.05836888692
          0,           0,        1707,      -3.495459444,    -0.01585986886,       1.594296916,     0.07282891506
          0,           0,        1708,      -3.679376158,    0.002598603227,       1.614625823,     0.08959844591
          0,           0,        1709,       -3.52438579,   -0.006599088831,       1.642880645,      0.1076123673
          0,           0,        1710,      -3.585989215,    0.008581940375,       1.667770494,      0.1266577782
          0,           0,        1711,       -3.50819999,     0.02414849222,       1.694196846,      0.1465445654
          0,           0,        1712,      -3.557171868,     0.03731866502,       1.722561465,      0.1670903994
          0,           0,        1713,        -3.4472457,      0.0485028844,       1.752379712,      0.1879636011
          0,           0,        1714,      -3.356023948,     0.05771764929,        1.78295978,      0.2086236901
          0,           0,        1715,       -3.32310684,     0.06374463985,       1.813817443,      0.2284958682
          0,           0,        1716,      -3.332753768,     0.06962253241,       1.844519627,      0.2477179002
          0,           0,        1717,      -3.525361399,     0.07499816376,       1.875372752,      0.2664488619
          0,           0,        1718,      -3.564529439,     0.08009943499,       1.905583177,      0.2841444268
          0,           0,        1719,      -3.634647284,     0.08474820352,       1.934135696,      0.3000481446
          0,           0,        1720,       -3.80259466,     0.08911774578,       1.960038529,      0.3134889575
          0,           0,        1721,      -3.910263073,     0.09330688162,       1.982621509,      0.3240332667
          0,           0,        1722,      -3.761581796,     0.09694287584,       2.001395819,       0.331318129
          0,           0,        1723,      -3.567595936,      0.0992426738,       2.016178573,      0.3351502001
          0,           0,        1724,      -3.410568394,     0.09918091934,       2.026762357,      0.3352907092
          0,           0,        1725,      -3.288352726,     0.09779951995,       2.032799766,      0.3317279193
          0,           0,        1726,      -3.162801423,     0.09482442623,       2.034241183,      0.3244682991
          0,           0,        1727,       -3.06847166,     0.09018269775,       2.031860262,      0.3142673996
          0,           0,        1728,      -3.026367026,     0.08389100644,       2.026253539,      0.3013922871
          0,           0,        1729,      -3.150191927,     0.07933918481,       2.016599548,       0.286008025
          0,           0,        1730,      -3.303725015,     0.06918263774,       2.003866929,      0.2677480279
          0,           0,        1731,      -3.204219325,     0.08357978045,       1.981877746,      0.2469477947
          0,           0,        1732,      -3.139077556,     0.09712142511,       1.956489497,      0.2237867812
          0,           0,        1733,      -3.155499534,      0.1062671049,       1.929439396,      0.1991303782
          0,           0,        1734,      -3.184663962,      0.1110493715,        1.90283127,      0.1745536321
          0,           0,        1735,      -3.257920981,      0.1135436884,       1.878392735,      0.1516650453
          0,           0,        1736,       -3.47127264,      0.1145784645,       1.858161467,       0.132080344
          0,           0,        1737,      -3.747976536,      0.1148161487,       1.843974758,      0.1172214046
          0,           0,        1738,      -4.003300791,       0.114971126,       1.837099326,       0.108092848
          0,           0,        1739,      -3.989928975,      0.1156684024,       1.838171854,      0.1052081627
          0,           0,        1740,      -4.082640098,      0.1173696954,       1.847163506,      0.1085589198
          0,           0,        1741,      -4.164369911,      0.1203312107,       1.863467827,      0.1176771919
          0,           0,        1742,      -4.226602202,      0.1246299426,       1.885845411,      0.1316226755
          0,           0,        1743,      -4.265580834,      0.1301933409,       1.912704879,      0.1491938632
          0,           0,        1744,      -4.303982817,      0.1368365655,       1.942272704,      0.1690574745
          0,           0,        1745,      -4.340596288,      0.1442710945,       1.972542988,      0.1897399706
          0,           0,        1746,      -4.375340682,      0.1521668191,       2.001674323,      0.2099071259
          0,           0,        1747,      -4.410907616,      0.1601569342,       2.028067694,      0.2284172948
          0,           0,        1748,      -4.446198464,      0.1678662911,       2.050287625,      0.2442496573
          0,           0,        1749,      -4.477022251,      0.1748953553,       2.067080919,      0.2565302603
          0,           0,        1750,      -4.498891532,      0.1808526591,       2.077425053,      0.2645580418
          0,           0,        1751,      -4.513365983,      0.1853874629,        2.08057369,       0.267837418
          0,           0,        1752,      -4.529452016,       0.188211021,        2.07605281,      0.2660682247
          0,           0,        1753,      -4.543054856,      0.1891167335,       2.063675339,      0.2591552742
          0,           0,        1754,       -4.55531767,      0.1880036607,       2.043607938,      0.2472689442
          0,           0,        1755,      -4.566039177,      0.1848697815,       2.016440615,      0.2308870225
          0,           0,        1756,      -4.575311066,      0.1798324162,       1.983164484,      0.2107607379
          0,           0,        1757,      -4.581736572,      0.1731521707,       1.945174671,      0.1878928471
          0,           0,        1758,      -4.586057691,      0.1651463535,       1.903932903,      0.1632730298
          0,           0,        1759,      -4.590560864,      0.1561437792,       1.860771574,      0.1377933623
          0,           0,        1760,      -4.595139571,      0.1464692402,       1.816855247,      0.1121994009
          0,           0,        1761,      -4.599758742,      0.1364291876,       1.773240799,     0.08714630543
          0,           0,        1762,      -4.604564378,      0.1262774429,       1.730676329,     0.06306024948
          0,           0,        1763,      -4.609430487,      0.1162155952,       1.689725385,     0.04023681093
          0,           0,        1764,      -4.613844712,      0.1063923052,       1.650759492,     0.01884012945
          0,           0,        1765,      -4.617947192,      0.0969051176,       1.614043592,   -0.001041916292
          0,           0,        1766,      -4.621563616,     0.08783138267,       1.579793904,    -0.01934804339
          0,           0,        1767,      -4.624917227,     0.07920104183,        1.54808349,    -0.03608798237
          0,           0,        1768,      -4.628481909,     0.07100238245,       1.518814147,    -0.05136138857
          0,           0,        1769,      -4.631888369,     0.06323871015,       1.491999886,      -0.065161733
          0,           0,        1770,      -4.635366483,     0.05590129943,       1.467590152,    -0.07749532417
          0,           0,        1771,      -4.638904837,     0.04896809346,        1.44546116,    -0.08838702033
          0,           0,        1772,      -4.642517129,     0.04241650086,       1.425462163,    -0.09786032697
          0,           0,        1773,      -4.646147977,     0.03623275413,       1.407456921,     -0.1059209737
          0,           0,        1774,      -4.649812049,     0.03041722747,       1.391361243,     -0.1125379825
          0,           0,        1775,      -4.653277248,     0.02496031428,       1.377043983,     -0.1177142937
          0,           0,        1776,      -4.656431732,     0.01985227049,       1.364353526,     -0.1214501522
          0,           0,        1777,      -4.659346721,     0.01507664323,       1.353133405,     -0.1237680445
          0,           0,        1778,      -4.662372301,      0.0106206221,       1.343246416,     -0.1247178974
          0,           0,        1779,      -4.665644476,    0.006473864561,       1.334595346,     -0.1243564516
          0,           0,        1780,      -4.669136322,    0.002626951092,        1.32712329,     -0.1227435794
          0,           0,        1781,      -4.672907727,  -0.0009313072201,       1.320829722,     -0.1199299625
          0,           0,        1782,      -4.676898646,   -0.004227244425,       1.315595825,     -0.1160717701
          0,           0,        1783,      -4.681137871,   -0.007283707308,       1.311413967,     -0.1112737129
          0,           0,        1784,      -4.685584649,    -0.01012687376,       1.308266963,     -0.1056711441
          0,           0,        1785,      -4.690225019,    -0.01278294865,         1.3061411,    -0.09940865266
          0,           0,        1786,      -4.695125521,    -0.01527488914,       1.305035355,    -0.09262588505
          0,           0,        1787,      -4.700188277,    -0.01762204668,       1.304962359,    -0.08545375995
          0,           0,        1788,      -4.705387101,    -0.01983586686,       1.305949789,    -0.07801338473
          0,           0,        1789,      -4.710725037,    -0.02192379802,       1.308014726,    -0.07042452177
          0,           0,        1790,      -4.662619683,    -0.02388283858,       1.311193005,    -0.06277590437
          0,           0,        1791,      -4.658686415,    -0.02570581217,       1.315503121,    -0.05514550836
          0,           0,        1792,       -4.72655743,    -0.02738159326,       1.320946414,    -0.04760288117
          0,           0,        1793,      -4.732162208,    -0.02889458492,       1.327511773,    -0.04019752984
          0,           0,        1794,        -4.7379935,     -0.0302208389,       1.335164855,    -0.03296627601
          0,           0,        1795,      -4.743579828,    -0.03133718159,       1.343847969,    -0.02593804562
          0,           0,        1796,      -4.749262236,    -0.03220904735,       1.353519888,    -0.01910673507
          0,           0,        1797,      -4.755023457,      -0.032802017,       1.364116332,    -0.01246535251
          0,           0,        1798,      -4.759639339,    -0.03308314303,       1.375558671,   -0.005997744746
          0,           0,        1799,      -4.765877459,    -0.03302652548,       1.387739131,    0.000303922849
          0,           0,        1800,      -4.772962026,    -0.03260329334,       1.400563571,     0.00646192236
          0,           0,        1801,      -4.779263633,    -0.03178705763,       1.413952814,     0.01250967944
          0,           0,        1802,      -4.785650757,    -0.03055559881,       1.427832512,     0.01848191979
          0,           0,        1803,      -4.792007804,    -0.02889527769,       1.442120085,     0.02440238019
          0,           0,        1804,      -4.798404046,    -0.02679973323,       1.456775593,      0.0303132536
          0,           0,        1805,      -4.804706131,    -0.02427232464,       1.471723725,     0.03621658833
          0,           0,        1806,      -4.811015366,    -0.02131977306,       1.486919342,     0.04211716534
          0,           0,        1807,      -4.817137133,    -0.01795591488,       1.502345191,     0.04801424575
          0,           0,        1808,      -4.822443254,     -0.0141982953,        1.51796885,     0.05389944726
          0,           0,        1809,      -4.829428732,    -0.01007154302,       1.533776575,     0.05976056624
          0,           0,        1810,      -4.835573831,   -0.005608264861,       1.549739889,     0.06557621464
          0,           0,        1811,      -4.842031836,  -0.0008430785805,       1.565859111,      0.0713179206
          0,           0,        1812,      -4.846118005,    0.004187397816,       1.582145596,     0.07695410924
          0,           0,        1813,      -4.853905552,     0.00944272091,       1.598605491,     0.08244100914
          0,           0,        1814,      -4.858465392,     0.01488365653,       1.615260703,     0.08774688084
          0,           0,        1815,      -4.825844943,     0.02046644388,       1.632104202,     0.09282996278
          0,           0,        1816,      -4.867717852,     0.02614994213,       1.649125211,     0.09765579958
          0,           0,        1817,      -4.881261287,     0.03189412802,       1.666295216,       0.102197742
          0,           0,        1818,      -4.887570895,     0.03765886719,       1.683562133,      0.1064262545
          0,           0,        1819,      -4.784115493,     0.04340286314,       1.700859195,      0.1103109657
          0,           0,        1820,      -4.774086273,     0.04908643807,       1.718116813,      0.1138358397
          0,           0,        1821,      -3.827993164,     0.05467109946,       1.735243058,      0.1169874421
          0,           0,        1822,      -4.854941129,     0.06012624295,       1.752142195,      0.1197604073
          0,           0,        1823,      -4.782828045,     0.06543636667,       1.768744043,      0.1221805228
          0,           0,        1824,      -4.917104855,     0.07059098943,       1.784971759,      0.1242808375
          0,           0,        1825,      -4.302229864,     0.07557464026,       1.800730421,      0.1260886789
          0,           0,        1826,      -4.811032714,     0.08035957909,        1.81588306,      0.1276020271
          0,           0,        1827,      -4.756382162,     0.08491553998,       1.830290893,       0.128818129
          0,           0,        1828,      -4.000199004,     0.08921638603,       1.843806901,      0.1297268705
          0,           0,        1829,       -4.85316105,     0.09325248892,        1.85632089,      0.1303410364
          0,           0,        1830,       -4.94940786,     0.09703000887,       1.867759455,       0.130692789
          0,           0,        1831,      -4.980551674,      0.1005673075,       1.878091598,      0.1308339468
          0,           0,        1832,      -4.821708362,      0.1038926922,       1.887317236,      0.1308255352
          0,           0,        1833,      -4.985288876,      0.1070373043,       1.895460414,      0.1307312281
          0,           0,        1834,      -5.001626264,      0.1100302606,       1.902543606,       0.130599655
          0,           0,        1835,      -5.008055068,      0.1128928948,       1.908600808,      0.1304694893
          0,           0,        1836,      -4.293629794,      0.1156289579,       1.913633482,        0.13034196
          0,           0,        1837,      -5.004092362,       0.118226891,       1.917624598,      0.1301913232
          0,           0,        1838,      -5.020792332,      0.1206671353,       1.920559161,      0.1299791336
          0,           0,        1839,       -4.35656232,      0.1229304122,       1.922429534,      0.1296638817
          0,           0,        1840,       -4.94559869,      0.1250104624,       1.923265179,       0.129227519
          0,           0,        1841,      -5.028655712,      0.1269052122,       1.923116843,       0.128665116
          0,           0,        1842,      -5.013078442,      0.1286061647,       1.922019074,       0.127956573
          0,           0,        1843,      -5.032764174,      0.1300949364,       1.919995431,      0.1270721225
          0,           0,        1844,      -5.037295552,      0.1313510606,       1.917076561,      0.1259879698
          0,           0,        1845,      -4.112343278,      0.1323565105,       1.913295461,      0.1246852512
          0,           0,        1846,       -4.15392757,      0.1331019631,       1.908704198,      0.1231656503
          0,           0,        1847,      -5.020429729,      0.1335826363,       1.903352847,       0.121436177
          0,           0,        1848,      -5.043340926,      0.1337929324,       1.897284911,      0.1195054704
          0,           0,        1849,      -5.047585528,       0.133723501,       1.890534247,      0.1173805313
          0,           0,        1850,      -5.040092999,      0.1333630466,       1.883123318,      0.1150653725
          0,           0,        1851,      -4.371926743,      0.1327038629,       1.875078234,      0.1125723602
          0,           0,        1852,      -4.952867398,      0.1317476721,       1.866454455,      0.1099338604
          0,           0,        1853,      -5.049125545,      0.1305029981,       1.857308176,      0.1071863091
          0,           0,        1854,      -4.888145695,       0.128981912,       1.847688219,      0.1043678659
          0,           0,        1855,      -5.020411631,      0.1271939023,       1.837628765,      0.1015071175
          0,           0,        1856,      -5.047812644,      0.1251435824,       1.827151701,     0.09862154235
          0,           0,        1857,      -5.049188768,      0.1228325852,       1.816274641,     0.09572326207
          0,           0,        1858,      -5.053784892,       0.120260969,       1.805004195,     0.09281370271
          0,           0,        1859,      -4.951325093,      0.1174321983,        1.79335048,     0.08989807796
          0,           0,        1860,      -5.050104386,      0.1143560212,       1.781334142,     0.08697590875
          0,           0,        1861,      -5.054216464,      0.1110470453,       1.768986006,     0.08405272287
          0,           0,        1862,      -5.054833874,      0.1075250812,       1.756346181,     0.08113413797
          0,           0,        1863,      -5.054455906,      0.1038121004,       1.743462967,      0.0782277598
          0,           0,        1864,      -5.053830955,     0.09993364443,       1.730400281,     0.07534609749
          0,           0,        1865,      -5.055690587,     0.09591648736,        1.71722262,     0.07250178117
          0,           0,        1866,      -5.055349585,     0.09178899829,       1.704003908,      0.0697116026
          0,           0,        1867,      -5.056099281,      0.0875812002,        1.69081684,     0.06698813044
          0,           0,        1868,      -5.054693884,     0.08332617709,        1.67774249,     0.06434762069
          0,           0,        1869,      -5.056458617,     0.07905532456,       1.664866362,     0.06180626422
          0,           0,        1870,      -5.053759405,     0.07479865542,       1.652274041,     0.05937863162
          0,           0,        1871,      -5.056858553,     0.07058342632,       1.640049755,     0.05707459499
          0,           0,        1872,      -5.054271603,     0.06643490283,       1.628268857,     0.05489840583
          0,           0,        1873,      -5.057454428,      0.0623759675,       1.617003023,     0.05285181051
          0,           0,        1874,      -5.047284837,     0.05842808916,        1.60631886,     0.05093431919
          0,           0,        1875,      -5.057164034,     0.05460880994,       1.596276904,      0.0491429264
          0,           0,        1876,       -4.38890167,     0.05093201975,       1.586930882,     0.04747188622
          0,           0,        1877,      -4.144639073,     0.04740911254,       1.578323437,     0.04591149007
          0,           0,        1878,      -4.547642781,      0.0440522827,       1.570501158,     0.04445901742
          0,           0,        1879,      -5.033573329,       0.040875806,        1.56350558,     0.04311395785
          0,           0,        1880,      -5.052244983,      0.0378943495,       1.557372146,     0.04187730311
          0,           0,        1881,      -5.058054949,     0.03512171983,       1.552135941,     0.04075564905
          0,           0,        1882,      -5.066269543,     0.03257139464,       1.547827768,     0.03975821819
          0,           0,        1883,       -4.89517314,     0.03025735124,         1.5444772,     0.03889934775
          0,           0,        1884,      -5.069162622,     0.02819236536,       1.542107619,     0.03819487786
          0,           0,        1885,      -5.072041579,     0.02638705777,       1.540726187,     0.03765433876
          0,           0,        1886,      -5.071468205,     0.02484729619,        1.54032887,     0.03728327334
          0,           0,        1887,      -5.076884872,     0.02357330658,       1.540888798,     0.03707489073
          0,           0,        1888,      -5.071841442,     0.02256236266,       1.542377463,     0.03702424748
          0,           0,        1889,      -5.077247027,     0.02180845271,         1.5447506,     0.03711860788
          0,           0,        1890,      -5.082558286,     0.02130373872,       1.547962145,     0.03734700609
          0,           0,        1891,      -5.075078395,     0.02104008378,       1.551964001,     0.03769914576
          0,           0,        1892,      -5.079347052,     0.02100956709,       1.556706839,     0.03816549389
          0,           0,        1893,      -5.087214653,     0.02120503493,       1.562145889,     0.03874084681
          0,           0,        1894,       -5.08273799,     0.02161928862,       1.568232684,     0.03941928139
          0,           0,        1895,      -5.083509102,     0.02224575625,       1.574920419,     0.04019811345
          0,           0,        1896,      -5.086448264,     0.02307903477,       1.582167602,     0.04107908679
          0,           0,        1897,      -5.092013781,     0.02411199754,       1.589924751,     0.04205899082
          0,           0,        1898,        -5.0975534,     0.02533813814,       1.598150707,     0.04314093769
          0,           0,        1899,       -5.10336857,      0.0267544418,       1.606819389,     0.04433047993
          0,           0,        1900,       -5.10484199,     0.02835470007,       1.615894871,     0.04562844498
          0,           0,        1901,      -5.106244269,     0.03012894503,       1.625330814,     0.04703335454
          0,           0,        1902,      -5.105589909,     0.03206482014,       1.635078154,      0.0485419402
          0,           0,        1903,      -5.109032812,     0.03414766626,       1.645086498,     0.05014750628
          0,           0,        1904,      -5.114522064,     0.03636095967,       1.655304552,     0.05184015137
          0,           0,        1905,      -5.108600962,     0.03868718397,       1.665686091,     0.05361173274
          0,           0,        1906,       -5.09889688,      0.0411093625,       1.676188483,     0.05545525097
          0,           0,        1907,      -5.125333803,     0.04361185312,       1.686766589,     0.05736257011
          0,           0,        1908,      -4.614492383,     0.04618077864,       1.697384014,     0.05933140593
          0,           0,        1909,      -5.081293473,     0.04880308396,       1.708002362,     0.06135835735
          0,           0,        1910,      -5.121220248,     0.05146444838,       1.718573192,     0.06343389833
          0,           0,        1911,      -5.148936744,     0.05414753802,       1.729048024,     0.06554699871
          0,           0,        1912,      -5.132864609,      0.0568294791,       1.739366718,     0.06767679964
          0,           0,        1913,      -5.097279184,     0.05948433647,       1.749462687,     0.06979751712
          0,           0,        1914,      -5.122574636,     0.06208632297,       1.759272097,     0.07188437954
          0,           0,        1915,       -4.82334853,     0.06461128462,       1.768728519,     0.07391058631
          0,           0,        1916,      -5.074737256,      0.0670401228,       1.777782591,     0.07586141205
          0,           0,        1917,      -5.110783894,     0.06935782717,       1.786389115,     0.07772484274
          0,           0,        1918,      -5.172735747,     0.07155385807,       1.794510692,      0.0794940787
          0,           0,        1919,      -5.128767854,     0.07362100515,       1.802120503,     0.08116839305
          0,           0,        1920,      -4.664675432,     0.07555344926,       1.809195143,     0.08274800322
          0,           0,        1921,      -4.901707801,     0.07734393841,       1.815708985,     0.08422939095
          0,           0,        1922,      -5.187996578,     0.07898326745,       1.821632676,     0.08560418372
          0,           0,        1923,      -5.198928829,     0.08046103207,       1.826937384,     0.08686210251
          0,           0,        1924,      -5.222514771,     0.08176816869,       1.831598507,     0.08799322132
          0,           0,        1925,      -4.805189972,     0.08289797943,       1.835595114,     0.08898850567
          0,           0,        1926,      -5.075223801,     0.08384672089,       1.838916127,     0.08984375043
          0,           0,        1927,      -5.234649267,     0.08461209839,       1.841553921,     0.09055497741
          0,           0,        1928,      -3.983182449,     0.08519492622,       1.843506383,     0.09111949215
          0,           0,        1929,      -4.221287829,     0.08560263923,       1.844789302,     0.09154674651
          0,           0,        1930,      -4.992102216,     0.08584472421,       1.845428493,     0.09185148074
          0,           0,        1931,      -3.656898484,     0.08593300107,       1.845461468,     0.09205504223
          0,           0,        1932,      -3.596477044,     0.08588934157,       1.844964157,     0.09220616025
          0,           0,        1933,      -3.542745542,     0.08573944192,       1.844022162,     0.09235950813
          0,           0,        1934,      -3.556657336,     0.08549477041,       1.842681267,     0.09253642842
          0,           0,        1935,      -3.789137286,     0.08512996445,       1.840889965,     0.09267948358
          0,           0,        1936,       -4.63965508,      0.0845849738,       1.838507252,     0.09265960894
          0,           0,        1937,      -5.075189663,     0.08379123488,       1.835378872,     0.09233538583
          0,           0,        1938,      -5.020970534,     0.08270517539,       1.831419567,     0.09161827855
          0,           0,        1939,      -5.223171004,     0.08133251511,       1.826662912,     0.09051185128
          0,           0,        1940,      -5.281210696,     0.07972332556,       1.821241329,     0.08909757427
          0,           0,        1941,      -5.058958902,     0.07794835252,       1.815323665,     0.08748906588
          0,           0,        1942,      -5.248752758,     0.07607627374,       1.809066045,     0.08578962106
          0,           0,        1943,      -5.063750854,     0.07415072319,       1.802562961,     0.08405362885
          0,           0,        1944,      -4.101010761,     0.07218473118,       1.795845822,     0.08228335039
          0,           0,        1945,      -4.320423029,     0.07016132289,       1.788879599,     0.08042842906
          0,           0,        1946,      -4.932940561,     0.06805170419,       1.781602484,     0.07841780535
          0,           0,        1947,      -5.126277932,     0.06582964216,       1.773949143,     0.07617929227
          0,           0,        1948,      -5.145975543,     0.06347843729,       1.765876585,     0.07365941491
          0,           0,        1949,       -5.06675511,     0.06099107591,       1.757367163,     0.07082761163
          0,           0,        1950,        -4.9433054,     0.05836302402,       1.748442661,     0.06768342588
          0,           0,        1951,      -4.072352413,      0.0555905582,       1.739162627,     0.06425576925
          0,           0,        1952,      -4.644053657,     0.05268444494,       1.729619303,     0.06059988104
          0,           0,        1953,      -4.455882835,     0.04969137663,       1.719949288,     0.05680745166
          0,           0,        1954,      -4.740248781,     0.04669868636,       1.710334119,     0.05300923312
          0,           0,        1955,      -4.836858917,     0.04381360714,       1.700992301,     0.04936461208
          0,           0,        1956,      -5.000214118,     0.04112855808,       1.692123697,     0.04601637348
          0,           0,        1957,      -5.087021781,     0.03869966926,       1.683875313,     0.04306206263
          0,           0,        1958,       -5.14102364,     0.03654236779,       1.676312216,     0.04053419393
          0,           0,        1959,      -5.175848084,     0.03464204447,       1.669428147,     0.03840967141
          0,           0,        1960,      -5.202474496,     0.03296646503,        1.66316093,     0.03662412768
          0,           0,        1961,      -5.163312049,     0.03147558384,       1.657417626,      0.0350929625
          0,           0,        1962,       -5.23583791,     0.03013223651,       1.652102422,      0.0337334185
          0,           0,        1963,      -5.248629964,     0.02890732422,       1.647132154,     0.03247622372
          0,           0,        1964,      -4.598449818,     0.02778297925,       1.642450731,     0.03127546523
          0,           0,        1965,      -4.354436395,       0.026752759,       1.638032741,     0.03011089843
          0,           0,        1966,       -4.85745586,     0.02581707793,       1.633874339,      0.0289800915
          0,           0,        1967,      -4.874946452,     0.02498077006,       1.629987047,      0.0278931395
          0,           0,        1968,      -3.479837513,     0.02424882526,       1.626386787,     0.02686436626
          0,           0,        1969,      -3.541127165,     0.02361725074,       1.623068866,     0.02589263141
          0,           0,        1970,      -3.694576541,     0.02307091097,       1.620004059,     0.02495758811
          0,           0,        1971,      -3.796243892,     0.02258927868,       1.617153975,     0.02403177169
          0,           0,        1972,      -4.057623979,     0.02215585105,       1.614491839,      0.0230969765
          0,           0,        1973,      -5.126334266,     0.02176714244,       1.612023366,     0.02216118231
          0,           0,        1974,      -5.167213679,     0.02143685878,        1.60979625,     0.02126631134
          0,           0,        1975,      -5.244415643,     0.02118999838,       1.607886835,     0.02047729766
          0,           0,        1976,      -5.318058684,     0.02105371575,       1.606370392,     0.01985939595
          0,           0,        1977,      -5.349805794,     0.02104782139,       1.605296411,     0.01945686716
          0,           0,        1978,      -5.370651404,     0.02117937281,       1.604676831,     0.01928358057
          0,           0,        1979,       -5.37298683,     0.02144124626,       1.604482956,     0.01932341929
          0,           0,        1980,      -5.383138067,     0.02181515612,        1.60466132,     0.01954106158
          0,           0,        1981,      -5.244579707,     0.02227684661,       1.605144914,      0.0198909514
          0,           0,        1982,      -5.408692482,     0.02280320278,       1.605873832,     0.02033423678
          0,           0,        1983,      -5.418892476,     0.02337688258,       1.606807691,     0.02084796121
          0,           0,        1984,      -4.695954282,      0.0239870826,       1.607927624,     0.02142500943
          0,           0,        1985,      -5.287106138,     0.02462580752,       1.609223074,     0.02206535519
          0,           0,        1986,       -5.43299052,     0.02528702258,       1.610691036,     0.02277414759
          0,           0,        1987,      -5.408668695,     0.02596573211,       1.612328616,     0.02355700958
          0,           0,        1988,      -3.829398685,     0.02665506538,        1.61412818,     0.02441407188
          0,           0,        1989,      -5.081981337,     0.02734674089,       1.616076769,     0.02533977184
          0,           0,        1990,      -5.353005566,     0.02803131095,       1.618153928,     0.02632295281
          0,           0,        1991,      -4.079131621,     0.02870088334,       1.620339528,     0.02735271446
          0,           0,        1992,      -4.960242526,     0.02935201348,       1.622622353,     0.02842477815
          0,           0,        1993,      -5.301635657,      0.0299874322,       1.625005255,      0.0295450299
          0,           0,        1994,      -5.378638637,     0.03061684979,       1.627506705,     0.03073197701
          0,           0,        1995,      -5.420996284,     0.03125565612,       1.630158591,     0.03201452038
          0,           0,        1996,       -5.42876021,     0.03192039942,       1.632997772,     0.03342444088
          0,           0,        1997,      -5.427239149,     0.03262225225,       1.636049752,      0.0349838102
          0,           0,        1998,      -5.443907683,     0.03336155025,       1.639313296,      0.0366933923
          0,           0,        1999,      -5.435886178,     0.03412727843,       1.642759027,      0.0385312911
          0,           0,        2000,      -5.356067697,     0.03490272224,       1.646345354,     0.04046523051
          0,           0,        2001,       -3.89851848,     0.03566344319,       1.650004369,     0.04244245614
          0,           0,        2002,      -5.106081122,     0.03638484316,       1.653668111,      0.0444099431
          0,           0,        2003,      -4.173153672,     0.03704453215,       1.657277251,     0.04632085653
          0,           0,        2004,      -4.948081619,     0.03762717271,       1.660796145,     0.04814547638
          0,           0,        2005,      -4.733693762,     0.03813366545,         1.6642311,      0.0498862179
          0,           0,        2006,      -5.341907649,     0.03858615827,       1.667632559,     0.05158062856
          0,           0,        2007,      -4.401772585,     0.03902514233,       1.671084556,     0.05329247129
          0,           0,        2008,      -5.030682539,     0.03949436504,       1.674667944,     0.05508182836
          0,           0,        2009,      -5.244775845,     0.04002507977,        1.67842882,     0.05698078696
          0,           0,        2010,      -5.392156039,     0.04062687519,       1.682363626,     0.05898232592
          0,           0,        2011,      -5.429549842,     0.04128588977,       1.686419745,     0.06104133163
          0,           0,        2012,      -5.438911446,     0.04197397657,       1.690518449,     0.06309247735
          0,           0,        2013,      -4.534772134,     0.04265994464,       1.694578694,     0.06506972322
          0,           0,        2014,      -5.124142321,     0.04331447728,       1.698523455,     0.06691269485
          0,           0,        2015,       -4.33163366,     0.04391036816,       1.702280336,     0.06856651621
          0,           0,        2016,      -5.056356293,     0.04442172646,       1.705780813,      0.0699799574
          0,           0,        2017,      -4.557289002,     0.04482879508,       1.708970786,     0.07111467339
          0,           0,        2018,      -5.075651507,     0.04512011283,       1.711815804,     0.07194825297
          0,           0,        2019,      -5.231454909,     0.04529588753,       1.714306831,     0.07247900456
          0,           0,        2020,      -5.343894707,     0.04537871935,       1.716496201,     0.07275345711
          0,           0,        2021,      -5.349712413,     0.04532670942,       1.718259444,      0.0726789615
          0,           0,        2022,      -3.739126971,     0.04498373629,        1.71916693,      0.0719237721
          0,           0,        2023,      -3.671729778,     0.04416683293,       1.718689301,      0.0700786587
          0,           0,        2024,      -3.860980547,     0.04286018571,       1.716705001,     0.06705977065
          0,           0,        2025,      -4.054126213,     0.04129748935,       1.713751756,     0.06330353324
          0,           0,        2026,      -4.228276916,     0.03985654277,       1.710819103,     0.05959742061
          0,           0,        2027,      -4.555564334,     0.03884573105,       1.708791824,     0.05664019415
          0,           0,        2028,      -4.811271136,     0.03839129692,       1.708115899,     0.05477996249
          0,           0,        2029,      -4.830610487,     0.03845341706,       1.708796285,     0.05401466053
          0,           0,        2030,      -5.138662338,     0.03889844862,       1.710531738,     0.05410271287
          0,           0,        2031,      -4.903652513,     0.03951797921,       1.712967983,     0.05475100559
          0,           0,        2032,      -4.304803148,     0.03990064285,       1.715895926,     0.05574087395
          0,           0,        2033,      -4.180369036,     0.03897226477,       1.719327562,     0.05691412873
          0,           0,        2034,      -3.717263884,       0.037089585,       1.722899058,     0.05806197218
          0,           0,        2035,      -3.627087568,     0.03453600178,       1.726296399,     0.05900455834
          0,           0,        2036,      -3.490982806,     0.03081598492,       1.729464538,     0.05963323623
          0,           0,        2037,      -3.311084875,     0.02497097456,       1.732459585,     0.05985213707
          0,           0,        2038,      -3.305041636,     0.03457952835,       1.731155119,     0.05938995157
          0,           0,        2039,      -3.355931871,     0.02807515993,       1.732690561,     0.05857771191
          0,           0,        2040,       -3.21625913,     0.02988401825,       1.731564502,     0.05720511451
          0,           0,        2041,      -3.202959931,     0.02196864816,       1.731713818,     0.05536523094
          0,           0,        2042,       -3.16815387,     0.02118642787,       1.729322324,     0.05290339199
          0,           0,        2043,      -3.243340629,     0.01579537499,       1.726930766,     0.04986839393
          0,           0,        2044,      -3.158133576,     0.01931392028,       1.721979618,     0.04650395783
          0,           0,        2045,      -3.149618944,     0.02153673745,       1.717411766,     0.04338714991
          0,           0,        2046,      -3.283124668,     0.01880137073,       1.714715822,     0.04104212023
          0,           0,        2047,      -3.296782158,     0.01514391589,       1.713447732,       0.039770096
          0,           0,        2048,      -3.364306597,     0.01368131831,       1.713262578,     0.03979415346
          0,           0,        2049,      -3.600787632,     0.01397090088,        1.71459844,     0.04134967153
          0,           0,        2050,      -3.725684885,     0.01454627312,       1.717767034,     0.04441572824
          0,           0,        2051,      -3.708597958,     0.01451951855,       1.722542298,     0.04866676048
          0,           0,        2052,      -4.014941018,     0.01350720812,       1.728234289,      0.0535197043
          0,           0,        2053,      -4.096711894,     0.01132970515,       1.733850671,     0.05820842159
          0,           0,        2054,      -4.167114283,    0.007947473199,        1.73848585,     0.06205983122
          0,           0,        2055,       -4.20434088,    0.003412652016,       1.741421305,     0.06456301358
          0,           0,        2056,      -4.228449176,   -0.002142588743,       1.742263893,     0.06545837712
          0,           0,        2057,      -4.251457321,   -0.008523104014,       1.740939175,     0.06472863308
          0,           0,        2058,      -4.276280029,    -0.01549066011,       1.737587692,     0.06252471211
          0,           0,        2059,      -4.302781741,    -0.02278003938,       1.732537229,     0.05912709319
          0,           0,        2060,      -4.327731199,    -0.03009454662,       1.726238837,     0.05489539874
          0,           0,        2061,      -4.353158818,    -0.03712972463,       1.719207556,     0.05022555112
          0,           0,        2062,      -4.373492752,    -0.04359799195,        1.71190625,     0.04546191522
          0,           0,        2063,      -4.388576398,    -0.04923222482,       1.704765391,     0.04090959113
          0,           0,        2064,      -4.397897803,      -0.053830324,       1.698062931,     0.03674541297
          0,           0,        2065,      -4.405473461,    -0.05727039841,       1.691917561,     0.03302590898
          0,           0,        2066,      -4.409069915,    -0.05947950029,       1.686404842,     0.02977651775
          0,           0,        2067,      -4.409835738,    -0.06047632061,       1.681469566,     0.02692136355
          0,           0,        2068,      -4.410386009,     -0.0603218172,       1.677028966,     0.02437532653
          0,           0,        2069,      -4.411486138,    -0.05909171534,       1.673045408,     0.02209572771
          0,           0,        2070,      -4.413569165,    -0.05693254691,       1.669334216,     0.01994265208
          0,           0,        2071,      -4.414855124,    -0.05396056235,       1.665803331,      0.0178542395
          0,           0,        2072,      -4.415178899,    -0.05029655482,       1.662376304,       0.015786131
          0,           0,        2073,      -4.415045922,    -0.04607773092,       1.658949973,     0.01367924978
          0,           0,        2074,      -4.412965284,     -0.0414162861,       1.655459839,      0.0114974241
          0,           0,        2075,      -4.409000684,    -0.03640143104,       1.651880362,    0.009230422931
          0,           0,        2076,       -4.40431195,    -0.03109769381,       1.648216769,    0.006885738104
          0,           0,        2077,      -4.399747642,    -0.02556248899,       1.644449007,    0.004463184263
          0,           0,        2078,      -4.396708447,    -0.01987074342,       1.640473764,    0.001908572031
          0,           0,        2079,      -4.395933281,    -0.01407054309,       1.636260517,  -0.0007820541422
          0,           0,        2080,        -4.3979051,    -0.00821432091,       1.631736498,   -0.003633939361
          0,           0,        2081,      -4.401928421,   -0.002347622022,       1.626859274,   -0.006648759211
          0,           0,        2082,      -4.407817092,    0.003480987268,       1.621595519,   -0.009820658541
          0,           0,        2083,      -4.414671822,    0.009212673457,       1.615899559,    -0.01314608421
          0,           0,        2084,      -4.421933402,     0.01477393885,       1.609709042,    -0.01661784281
          0,           0,        2085,      -4.429168054,      0.0200921116,       1.602968433,    -0.02021545657
          0,           0,        2086,      -4.435664682,     0.02509717108,       1.595630788,    -0.02390864844
          0,           0,        2087,      -4.443001401,     0.02972297496,        1.58765977,    -0.02765769732
          0,           0,        2088,      -4.451365085,     0.03390760509,       1.579023292,    -0.03142237608
          0,           0,        2089,      -4.460946229,     0.03760785222,       1.569736815,    -0.03513564269
          0,           0,        2090,      -4.471042113,      0.0407869075,       1.559834812,    -0.03872864904
          0,           0,        2091,        -4.4813319,      0.0434189461,       1.549382498,    -0.04211668347
          0,           0,        2092,      -4.443533313,     0.04547998322,       1.538428214,    -0.04523510225
          0,           0,        2093,      -4.472049358,     0.04692885654,       1.526987905,    -0.04805742747
          0,           0,        2094,      -3.984382039,     0.04764009833,       1.514828372,    -0.05076511509
          0,           0,        2095,      -4.208907089,     0.04738453873,       1.501403255,    -0.05380028078
          0,           0,        2096,      -3.904979698,     0.04638344595,       1.485856121,    -0.05778244109
          0,           0,        2097,      -3.818237903,     0.04423303714,       1.467596336,    -0.06324347288
          0,           0,        2098,      -3.776555038,     0.04093310431,       1.446686166,     -0.0701814248
          0,           0,        2099,      -3.621810291,     0.03655551209,       1.424021634,    -0.07799243332
          0,           0,        2100,      -3.769520201,     0.03134624285,       1.400942029,    -0.08574330756
          0,           0,        2101,      -3.835178514,     0.02564366245,       1.378807001,     -0.0924885849
          0,           0,        2102,      -4.046945277,     0.01976947102,       1.358681232,    -0.09751933046
          0,           0,        2103,      -3.854041434,     0.01403260999,        1.34132776,     -0.1003659775
          0,           0,        2104,      -3.849482314,    0.008673389625,       1.327052944,     -0.1009129326
          0,           0,        2105,      -4.082102246,    0.003904760155,       1.316062265,    -0.09913305464
          0,           0,        2106,      -3.613596403,  -0.0001706074931,       1.308318998,    -0.09519184775
          0,           0,        2107,      -3.720692502,   -0.003588721345,       1.303504931,     -0.0894648646
          0,           0,        2108,       -4.17355736,   -0.006498537391,       1.301078268,    -0.08248640603
          0,           0,        2109,      -4.427345023,    -0.00910753102,       1.300364926,    -0.07487361132
          0,           0,        2110,       -3.65507209,    -0.01159309614,       1.300754852,     -0.0671735379
          0,           0,        2111,      -3.704023955,    -0.01402999392,       1.301847966,    -0.05972810961
          0,           0,        2112,      -3.854625568,    -0.01635777547,       1.303513826,    -0.05263240815
          0,           0,        2113,      -4.072902648,    -0.01843663521,         1.3057992,    -0.04582742188
          0,           0,        2114,      -4.205031274,    -0.02010228629,       1.308861352,     -0.0391642589
          0,           0,        2115,      -4.406780567,    -0.02124325366,       1.312827278,    -0.03252185839
          0,           0,        2116,      -4.514313906,    -0.02179924573,       1.317833067,    -0.02577816702
          0,           0,        2117,      -4.575928501,    -0.02176295796,       1.323961678,    -0.01885739123
          0,           0,        2118,      -4.611544905,    -0.02114620611,       1.331296483,    -0.01168048867
          0,           0,        2119,      -4.625068484,    -0.01996484446,        1.33993761,   -0.004155012082
          0,           0,        2120,      -4.648120935,    -0.01824112053,       1.349914625,    0.003762833842
          0,           0,        2121,      -4.682672328,    -0.01600932609,       1.361210475,     0.01208372632
          0,           0,        2122,      -4.698474376,    -0.01331819076,       1.373752508,      0.0207794606
          0,           0,        2123,      -4.730546194,    -0.01023934833,       1.387392874,     0.02976773786
          0,           0,        2124,      -4.744029873,   -0.006873789721,       1.401883476,     0.03889586536
          0,           0,        2125,      -4.780196598,   -0.003338328814,       1.416918914,     0.04797050151
          0,           0,        2126,      -4.797723831,     0.00023889115,       1.432158958,     0.05677392616
          0,           0,        2127,       -4.81193839,    0.003715558283,       1.447226542,     0.06506483806
          0,           0,        2128,      -4.823714536,     0.00697888418,       1.461818516,     0.07265878122
          0,           0,        2129,      -4.833782928,    0.009942394228,       1.475697467,     0.07941806969
          0,           0,        2130,      -4.842082453,     0.01256185217,       1.488747458,     0.08529354982
          0,           0,        2131,      -4.848680569,     0.01483172192,       1.500960579,     0.09031180573
          0,           0,        2132,      -4.854583411,     0.01677763628,       1.512420713,     0.09456163838
          0,           0,        2133,      -4.859735637,     0.01843869959,       1.523226725,     0.09813235721
          0,           0,        2134,       -4.86433264,     0.01986352174,       1.533481123,      0.1011076253
          0,           0,        2135,      -4.869110906,     0.02111717966,       1.543314567,      0.1035834344
          0,           0,        2136,      -4.874136425,     0.02226396095,       1.552855487,      0.1056434467
          0,           0,        2137,      -4.876133137,     0.02337030605,       1.562247942,      0.1073716483
          0,           0,        2138,      -4.884276769,     0.02450014461,       1.571629503,      0.1088360152
          0,           0,        2139,      -4.889470742,     0.02570320273,       1.581098844,      0.1100744814
          0,           0,        2140,       -4.89715295,     0.02701861918,       1.590733563,      0.1111097308
          0,           0,        2141,       -4.90081862,     0.02846653902,       1.600569398,      0.1119355605
          0,           0,        2142,      -4.912113694,     0.03005954737,       1.610653102,      0.1125575761
          0,           0,        2143,       -4.92237377,     0.03180540313,       1.621028881,      0.1129830081
          0,           0,        2144,      -4.930757904,     0.03371147157,        1.63174146,      0.1132272667
          0,           0,        2145,      -4.939209423,     0.03577965648,       1.642814106,      0.1133009829
          0,           0,        2146,      -4.946340546,     0.03800486347,       1.654258035,      0.1132160625
          0,           0,        2147,      -4.954873534,     0.04038003707,       1.666080453,      0.1129924129
          0,           0,        2148,      -4.959642744,     0.04290120319,       1.678286282,      0.1126592761
          0,           0,        2149,      -4.966651193,     0.04555788529,       1.690850388,      0.1122447147
          0,           0,        2150,      -4.156991775,     0.04834559752,       1.703779322,      0.1117549224
          0,           0,        2151,      -4.175908693,     0.05124522237,       1.717008593,      0.1112044014
          0,           0,        2152,      -4.283603702,     0.05424717171,        1.73048185,      0.1106031688
          0,           0,        2153,      -4.485884943,     0.05734418249,       1.744149893,      0.1099732762
          0,           0,        2154,      -4.510592131,     0.06053788923,       1.757978329,      0.1093563045
          0,           0,        2155,      -4.927851452,     0.06382690612,       1.771914795,      0.1087799711
          0,           0,        2156,      -4.873582306,     0.06718680872,       1.785843102,      0.1082223124
          0,           0,        2157,      -4.929680237,     0.07057047167,       1.799581289,      0.1076083057
          0,           0,        2158,      -5.017335312,      0.0739056009,       1.812871881,      0.1068031331
          0,           0,        2159,       -5.01346922,     0.07711355868,       1.825442032,      0.1056589197
          0,           0,        2160,      -5.028436068,     0.08013014958,       1.837054466,        0.10405646
          0,           0,        2161,      -5.041277192,     0.08292333348,       1.847567324,       0.101949727
          0,           0,        2162,      -5.019767358,     0.08549504576,       1.856945445,     0.09937043418
          0,           0,        2163,      -5.061366388,     0.08787547001,       1.865247583,     0.09641979989
          0,           0,        2164,      -5.063149847,     0.09009896378,       1.872555175,     0.09321720782
          0,           0,        2165,      -5.006436375,     0.09219468429,       1.878930184,     0.08986192075
          0,           0,        2166,      -5.045221579,      0.0941799891,       1.884413359,     0.08642740684
          0,           0,        2167,      -4.998306092,     0.09606452124,       1.889020219,      0.0829627673
          0,           0,        2168,      -5.029954932,     0.09784677645,        1.89274028,     0.07949592772
          0,           0,        2169,      -4.889638883,     0.09951428349,        1.89553308,     0.07603176917
          0,           0,        2170,      -4.936513267,      0.1010458365,       1.897346681,     0.07256453028
          0,           0,        2171,      -4.907997524,      0.1024190805,       1.898131742,     0.06908545423
          0,           0,        2172,      -5.091262916,      0.1036182603,       1.897862308,     0.06559678439
          0,           0,        2173,       -5.07123539,      0.1046274895,       1.896512174,     0.06209349708
          0,           0,        2174,        -5.0495585,      0.1054275229,       1.894055529,     0.05856556859
          0,           0,        2175,      -5.019249504,      0.1059941439,        1.89045495,     0.05499075348
          0,           0,        2176,      -5.045289801,      0.1063033619,       1.885681601,     0.05134824802
          0,           0,        2177,      -5.035285578,      0.1063540572,       1.879755818,     0.04765404329
          0,           0,        2178,      -5.022278513,      0.1061073816,       1.872652395,      0.0438818205
          0,           0,        2179,      -4.922872763,       0.104855891,       1.863182996,     0.03904281874
          0,           0,        2180,      -4.811852583,      0.1023231707,        1.85098167,     0.03281132977
          0,           0,        2181,      -4.814988075,     0.09893707713,       1.836942133,     0.02588983768
          0,           0,        2182,      -4.964843949,     0.09540411295,       1.822400797,      0.0193454258
          0,           0,        2183,      -4.895795288,     0.09215808796,       1.808166997,     0.01381377945
          0,           0,        2184,      -4.842688287,     0.08922896329,       1.794331296,    0.009339677924
          0,           0,        2185,      -4.864346033,     0.08653197264,       1.780777765,    0.005796621729
          0,           0,        2186,      -4.959158619,     0.08409139952,       1.767527474,    0.003172027571
          0,           0,        2187,      -4.977789927,     0.08199480341,       1.754656199,    0.001499764815
          0,           0,        2188,      -5.017161352,     0.08021731203,       1.741998001,   0.0006191754493
          0,           0,        2189,      -5.037862518,     0.07855085264,       1.729113418,    0.000138858809
          0,           0,        2190,      -5.042728208,     0.07663301716,       1.715350067,  -0.0005150834012
          0,           0,        2191,      -4.913556329,     0.07358740047,       1.699197064,   -0.002624687742
          0,           0,        2192,       -4.65980354,     0.06826340601,       1.678685231,   -0.007849394541
          0,           0,        2193,      -4.704402977,     0.06008518944,       1.652875878,     -0.0170021642
          0,           0,        2194,      -4.786064197,     0.05002232249,        1.62362195,    -0.02861252389
          0,           0,        2195,      -4.956864676,     0.04021114047,       1.594927411,    -0.03945428224
          0,           0,        2196,      -4.948958421,     0.03259475539,       1.570496759,    -0.04655624589
          0,           0,        2197,      -5.028628329,     0.02801287027,        1.55197865,    -0.04862646889
          0,           0,        2198,      -5.032106204,     0.02591268532,       1.538343457,    -0.04655040961
          0,           0,        2199,      -4.768327675,     0.02500959889,       1.527155776,    -0.04236548977
          0,           0,        2200,      -4.924315072,     0.02422323541,       1.516358341,    -0.03779658234
          0,           0,        2201,      -5.017774312,     0.02296037192,       1.504814595,    -0.03381413839
          0,           0,        2202,      -4.385062796,     0.02104136467,       1.492283726,    -0.03067562711
          0,           0,        2203,      -4.941876349,     0.01851828517,       1.479025908,    -0.02822776347
          0,           0,        2204,      -5.020075093,     0.01551212802,       1.465410141,    -0.02623023669
          0,           0,        2205,      -4.887193595,     0.01212789423,       1.451714094,    -0.02451009543
          0,           0,        2206,      -5.007612096,    0.008433598773,       1.438081637,    -0.02299463403
          0,           0,        2207,      -5.004569282,    0.004493398882,       1.424639429,    -0.02162301652
          0,           0,        2208,      -5.041633067,   0.0003633594552,       1.411458394,    -0.02037852608
          0,           0,        2209,      -4.998379941,   -0.003826345785,       1.398829247,     -0.0190762474
          0,           0,        2210,      -5.056487832,   -0.007944790621,       1.387005768,    -0.01756173202
          0,           0,        2211,      -4.454699067,    -0.01187229116,       1.376212679,    -0.01570884157
          0,           0,        2212,      -4.895072525,    -0.01552639891,        1.36659662,    -0.01345780225
          0,           0,        2213,      -4.994349501,    -0.01887096534,       1.358203406,    -0.01083190699
          0,           0,        2214,      -4.989982986,    -0.02190807531,       1.351006745,   -0.007911263054
          0,           0,        2215,      -5.046422282,    -0.02469670347,        1.34486006,    -0.00487082709
          0,           0,        2216,       -5.04574091,    -0.02733955198,       1.339568423,   -0.001927272601
          0,           0,        2217,      -5.071353631,    -0.02999605583,       1.334838938,   0.0006263998558
          0,           0,        2218,      -5.051821111,    -0.03280004816,       1.330419158,    0.002536262577
          0,           0,        2219,      -5.070122993,    -0.03574213106,       1.326301178,    0.003756890021
          0,           0,        2220,       -5.05126404,    -0.03865492195,       1.322773316,    0.004493763969
          0,           0,        2221,      -5.056225697,    -0.04132419548,       1.320212207,    0.005030815336
          0,           0,        2222,      -5.053452164,    -0.04371768097,        1.31870021,    0.005416524664
          0,           0,        2223,      -5.009058013,    -0.04596963715,       1.318011923,    0.005456821121
          0,           0,        2224,      -4.989624237,    -0.04822930554,       1.317917689,    0.004956328048
          0,           0,        2225,      -4.932455618,    -0.05036214263,       1.318647988,    0.004106492916
          0,           0,        2226,      -4.961597285,    -0.05195651273,       1.320925528,    0.003510884708
          0,           0,        2227,      -5.018872134,    -0.05272107435,       1.325170069,    0.003539157684
          0,           0,        2228,      -5.083412052,    -0.05252402371,       1.331602522,    0.004394567456
          0,           0,        2229,      -5.120555993,    -0.05134856619,       1.340255433,    0.006128049962
          0,           0,        2230,      -5.166617194,    -0.04922043842,       1.351077873,    0.008732727147
          0,           0,        2231,      -5.081560999,     -0.0462049522,       1.363911448,      0.0121197954
          0,           0,        2232,      -5.115137089,    -0.04240496938,        1.37847923,     0.01611827933
          0,           0,        2233,      -5.246803975,    -0.03795335148,       1.394436575,     0.02050506642
          0,           0,        2234,      -5.284021044,    -0.03298491264,       1.411456391,      0.0250757991
          0,           0,        2235,      -5.309010955,    -0.02762370924,       1.429243844,     0.02965278618
          0,           0,        2236,      -5.322263947,    -0.02196790245,       1.447574841,     0.03411066916
          0,           0,        2237,      -5.329435204,      -0.016088034,       1.466292924,     0.03839076745
          0,           0,        2238,      -5.333558571,     -0.0100326403,       1.485281016,     0.04247241208
          0,           0,        2239,      -5.336006424,    -0.00383449883,       1.504450756,     0.04635876697
          0,           0,        2240,      -5.335307175,    0.002484589174,       1.523738673,     0.05007068946
          0,           0,        2241,      -5.334796213,    0.008909265385,       1.543088696,     0.05363523123
          0,           0,        2242,      -5.334799523,     0.01542102529,       1.562444846,      0.0570757635
          0,           0,        2243,      -5.333835392,     0.02200206567,       1.581743781,     0.06040858653
          0,           0,        2244,      -5.332102873,     0.02863859536,       1.600945406,     0.06366291734
          0,           0,        2245,      -5.330112995,     0.03531245597,       1.619991281,     0.06685542967
          0,           0,        2246,      -5.326007136,      0.0419997377,       1.638820625,     0.06999726806
          0,           0,        2247,      -5.319827664,     0.04866748193,        1.65735369,     0.07308370671
          0,           0,        2248,      -5.311142457,     0.05527227473,       1.675497602,     0.07609672667
          0,           0,        2249,      -5.302826639,     0.06175302179,       1.693124268,     0.07898748169
          0,           0,        2250,      -5.279247058,     0.06798994385,       1.709997264,     0.08161701413
          0,           0,        2251,      -5.000366896,     0.07335965098,       1.724947428,     0.08308126552
          0,           0,        2252,      -4.846133025,     0.07739650692,        1.73709502,     0.08270865128
          0,           0,        2253,      -4.940156244,     0.08027524542,       1.746757396,     0.08080083644
          0,           0,        2254,      -5.162436815,     0.08271457766,       1.755301053,     0.07850754252
          0,           0,        2255,      -5.219637784,     0.08548251024,       1.764177106,     0.07704409359
          0,           0,        2256,      -5.265647475,      0.0890037996,       1.774160022,     0.07707431489
          0,           0,        2257,      -5.303692281,     0.09329908506,       1.785253862,     0.07862998734
          0,           0,        2258,      -5.327630001,     0.09812120665,       1.796937413,     0.08131374041
          0,           0,        2259,       -5.33895672,      0.1031406518,       1.808540751,     0.08460245729
          0,           0,        2260,      -5.343253821,      0.1080575435,        1.81947497,      0.0880325145
          0,           0,        2261,      -5.342850197,      0.1126567319,       1.829324811,     0.09127665081
          0,           0,        2262,      -4.933554632,      0.1168651038,       1.837928174,     0.09421773872
          0,           0,        2263,      -5.194234998,      0.1207319425,       1.845333126,     0.09690040735
          0,           0,        2264,      -5.102907728,       0.124271485,       1.851485284,     0.09928559113
          0,           0,        2265,      -4.994961853,      0.1273932758,       1.856142851,       0.101178896
          0,           0,        2266,      -5.060582188,      0.1299506233,       1.859009335,      0.1023357483
          0,           0,        2267,       -5.19460336,      0.1318785862,       1.860123831,      0.1027642922
          0,           0,        2268,      -5.223486522,      0.1331689462,       1.859699985,      0.1026044747
          0,           0,        2269,      -5.163289014,      0.1338305041,       1.857950044,      0.1019983699
          0,           0,        2270,      -5.084604833,      0.1338742426,       1.855019102,      0.1010379843
          0,           0,        2271,      -5.040437363,      0.1333179687,       1.850998751,     0.09977547591
          0,           0,        2272,       -5.03970455,      0.1319672568,         1.8455163,     0.09788728441
          0,           0,        2273,      -4.836553896,      0.1297192485,       1.838385228,     0.09519268267
          0,           0,        2274,      -4.940268617,      0.1273740112,       1.831087497,     0.09286831945
          0,           0,        2275,      -4.561987568,      0.1251704014,       1.824099461,     0.09125682405
          0,           0,        2276,      -4.651706317,      0.1229926303,       1.817183268,     0.09012713504
          0,           0,        2277,      -4.763313804,      0.1207051124,       1.810058003,      0.0892097707
          0,           0,        2278,      -4.930471663,      0.1182193846,       1.802532221,     0.08830215678
          0,           0,        2279,      -4.942211287,      0.1154923858,       1.794510913,      0.0872827713
          0,           0,        2280,      -5.056477445,      0.1125191262,       1.785992374,     0.08611019169
          0,           0,        2281,      -5.149821675,      0.1093174506,       1.777041531,     0.08479595246
          0,           0,        2282,      -5.203388243,      0.1058789302,       1.767648591,      0.0832974574
          0,           0,        2283,      -5.118421389,      0.1021562101,       1.757715146,     0.08150338893
          0,           0,        2284,      -5.228114641,     0.09809001255,       1.747123572,     0.07928359266
          0,           0,        2285,      -5.215104283,     0.09366038132,        1.73583705,      0.0765732839
          0,           0,        2286,      -4.341504381,     0.08891136899,       1.723945147,     0.07340764965
          0,           0,        2287,      -4.836110084,     0.08395074323,       1.711655016,     0.06991656416
          0,           0,        2288,      -5.214189175,     0.07891967146,       1.699236623,     0.06628290426
          0,           0,        2289,      -5.225711188,     0.07394114003,        1.68692616,     0.06265946493
          0,           0,        2290,       -5.28125084,     0.06909442758,       1.674880019,     0.05913493092
          0,           0,        2291,      -5.291002753,     0.06441718546,        1.66319949,     0.05574965704
          0,           0,        2292,      -5.292900916,     0.05989882763,        1.65186666,     0.05245334836
          0,           0,        2293,      -5.308879308,     0.05551887739,        1.64085258,     0.04919003146
          0,           0,        2294,      -5.316600274,     0.05126063756,       1.630140847,     0.04591596627
          0,           0,        2295,      -5.322228465,     0.04711661018,       1.619729558,     0.04260380543
          0,           0,        2296,      -5.331357134,     0.04308931634,       1.609638268,     0.03924449841
          0,           0,        2297,      -5.337495797,     0.03919067213,       1.599899564,     0.03584401319
          0,           0,        2298,      -5.344587253,     0.03543951626,       1.590556358,     0.03242130461
          0,           0,        2299,      -5.342893097,     0.03185569512,        1.58165224,     0.02899844893
          0,           0,        2300,      -5.350032552,     0.02845689753,       1.573222228,     0.02559454696
          0,           0,        2301,      -5.350246581,     0.02526130656,       1.565304571,     0.02223506418
          0,           0,        2302,      -5.362972336,      0.0222852938,       1.557933058,     0.01894569367
          0,           0,        2303,      -5.369665709,     0.01954058367,        1.55113364,     0.01574910573
          0,           0,        2304,      -5.373108985,     0.01703604428,       1.544925187,     0.01266557162
          0,           0,        2305,      -5.376231652,     0.01477793358,        1.53931908,    0.009713886775
          0,           0,        2306,      -5.375885357,     0.01276935075,       1.534319477,    0.006909326816
          0,           0,        2307,      -5.379640175,     0.01101136781,       1.529927063,    0.004265492666
          0,           0,        2308,      -5.388102941,    0.009506308379,       1.526148268,    0.001801132263
          0,           0,        2309,      -5.393799665,    0.008254071853,       1.522984518,  -0.0004658029358
          0,           0,        2310,      -5.393944466,    0.007253134814,       1.520427945,   -0.002520703035
          0,           0,        2311,      -5.392793739,    0.006498195854,       1.518462667,   -0.004352612493
          0,           0,        2312,      -5.390435639,    0.005986670695,       1.517080683,   -0.005942610326
          0,           0,        2313,      -5.380596893,    0.005712376763,       1.516268578,   -0.007279536239
          0,           0,        2314,      -5.376859641,    0.005723723004,       1.516110785,   -0.008264927202
          0,           0,        2315,      -5.104522579,    0.005773055505,       1.516159807,   -0.009235920586
          0,           0,        2316,      -4.907921736,   0.0008742784786,       1.507439469,    -0.01752295911
          0,           0,        2317,      -4.967369529,   -0.001475482834,       1.503271365,    -0.02216607661
          0,           0,        2318,      -4.592476088,   -0.004542612975,       1.497801044,    -0.02794337989
          0,           0,        2319,      -4.796016999,   -0.008185527951,       1.491481418,    -0.03447782097
          0,           0,        2320,      -4.413069462,    -0.01157220251,       1.485882029,    -0.04046687506
          0,           0,        2321,      -4.104503187,    -0.01100977989,       1.487741939,    -0.04037431731
          0,           0,        2322,      -4.437643383,    -0.01007789137,       1.490424246,    -0.03960554038
          0,           0,        2323,      -4.688692907,   -0.008927351766,       1.493589545,      -0.038415464
          0,           0,        2324,      -4.913027973,   -0.007046066743,       1.498144254,    -0.03604506697
          0,           0,        2325,      -4.991547057,   -0.003837489865,       1.505171986,    -0.03159412492
          0,           0,        2326,      -5.055678945,   0.0006597891386,       1.514622412,    -0.02509489702
          0,           0,        2327,      -5.011019014,     0.00582022633,       1.525393492,    -0.01744581767
          0,           0,        2328,      -4.940887589,     0.01105541645,       1.536401441,   -0.009525251399
          0,           0,        2329,      -4.910085498,     0.01602213959,       1.546991139,   -0.001862341771
          0,           0,        2330,      -4.862841388,     0.02056803328,       1.556857571,    0.005297977138
          0,           0,        2331,      -4.824294055,     0.02463115352,       1.565865713,     0.01185177095
          0,           0,        2332,      -4.805071615,     0.02812007296,       1.573905515,     0.01770658551
          0,           0,        2333,      -4.370554868,     0.02934389267,       1.577811847,     0.02028286138
          0,           0,        2334,      -4.449444226,     0.02941799809,       1.579399443,     0.02109018022
          0,           0,        2335,      -4.472686421,      0.0291768866,       1.580525007,     0.02161906916
          0,           0,        2336,      -4.346120277,     0.02900705569,       1.582198029,     0.02266819015
          0,           0,        2337,      -4.263365462,     0.02919556588,       1.584987429,     0.02469789199
          0,           0,        2338,      -4.374084576,     0.03002643213,        1.58842018,     0.02740676189
          0,           0,        2339,       -4.46356418,     0.03089317869,       1.593637323,     0.03153494593
          0,           0,        2340,      -4.303902833,     0.02990416753,       1.609433831,     0.04322956126
          0,           0,        2341,      -4.334518067,     0.02864093943,        1.62688222,     0.05618838807
          0,           0,        2342,      -4.262032172,     0.02737068839,       1.643843294,     0.06887756374
          0,           0,        2343,      -4.355380994,     0.02529496689,       1.664992999,     0.08458675078
          0,           0,        2344,      -4.372120959,     0.02499746868,       1.675444978,     0.09278836124
          0,           0,        2345,      -4.262061673,     0.02244704002,       1.697295643,      0.1090298066
          0,           0,        2346,      -4.241760468,     0.02687876822,         1.6829489,     0.09984106482
          0,           0,        2347,      -4.233163109,     0.03223180367,       1.649458567,     0.07682304555
          0,           0,        2348,      -3.983669352,     0.03577932641,       1.641208641,     0.07195462599
          0,           0,        2349,      -3.887205902,     0.03950312216,       1.633422272,     0.06741366553
          0,           0,        2350,      -3.796894253,     0.04327172631,        1.62714643,     0.06393319634
          0,           0,        2351,      -3.730323118,     0.04301666449,       1.651672939,     0.08229913788
          0,           0,        2352,      -3.683080906,     0.04644087561,       1.646114017,     0.07913810628
          0,           0,        2353,      -3.655810861,      0.0492404413,       1.641441245,      0.0764362321
          0,           0,        2354,       -3.64001428,      0.0512742056,       1.639456805,     0.07546916823
          0,           0,        2355,      -3.626232046,     0.05245748515,       1.642550205,     0.07795326605
          0,           0,        2356,      -3.614349415,     0.05215054688,        1.65499381,     0.08689893991
          0,           0,        2357,      -3.600717867,     0.05548565066,       1.641601602,     0.07733219819
          0,           0,        2358,      -3.584972858,     0.05613646304,       1.646308835,     0.08040902923
          0,           0,        2359,      -3.579549355,     0.05691494507,       1.654454269,     0.08579791353
          0,           0,        2360,      -3.569560019,     0.05629919449,       1.677349509,      0.1015219383
          0,           0,        2361,      -3.565682613,     0.05685093559,       1.695358082,       0.113591066
          0,           0,        2362,      -3.562256538,     0.05650925219,       1.714648333,      0.1262073114
          0,           0,        2363,      -3.559468503,     0.05507985638,       1.734297989,      0.1386608921
          0,           0,        2364,      -3.557094718,     0.05315932804,       1.751618153,      0.1490672432
          0,           0,        2365,      -3.555382964,     0.05008526091,       1.770973381,      0.1605247331
          0,           0,        2366,      -3.552020353,       0.045860319,       1.793447506,      0.1738314094
          0,           0,        2367,      -3.550987748,     0.04094731961,       1.817238839,      0.1877534356
          0,           0,        2368,      -3.549850918,     0.03635639002,       1.836799354,      0.1984053055
          0,           0,        2369,      -3.549281739,     0.03533960706,         1.8361269,      0.1945867432
          0,           0,        2370,      -3.548408732,     0.02766551781,       1.872953507,      0.2170361553
          0,           0,        2371,      -3.547461776,     0.02642454221,       1.876421262,      0.2158755785
          0,           0,        2372,      -3.546122447,     0.02604446187,       1.877097989,      0.2126697393
          0,           0,        2373,      -3.546190315,     0.02638303651,       1.874986472,      0.2074250012
          0,           0,        2374,      -3.545486242,     0.01778055822,       1.923024023,      0.2374601339
          0,           0,        2375,      -3.545021389,     0.01928611317,       1.920169133,      0.2316979315
          0,           0,        2376,      -3.544823587,     0.02781021022,       1.884938837,      0.2032574828
          0,           0,        2377,      -3.544377853,     0.03701391584,       1.850421167,      0.1754306669
          0,           0,        2378,      -3.544416553,     0.04516186253,       1.824708967,      0.1539018665
          0,           0,        2379,      -3.544255118,     0.05143950098,       1.811327748,      0.1411538237
          0,           0,        2380,      -3.544028734,     0.05181866266,       1.830646486,      0.1515125619
          0,           0,        2381,      -3.543899102,     0.05193724574,       1.851453476,      0.1630044019
          0,           0,        2382,       -3.54375474,     0.04767699107,       1.895616312,      0.1910348208
          0,           0,        2383,      -3.543503868,     0.04479865569,       1.929712166,      0.2120230425
          0,           0,        2384,      -3.543144879,     0.04705575384,       1.936715316,      0.2140951553
          0,           0,        2385,      -3.542843799,     0.05410212892,        1.91801955,      0.1982349412
          0,           0,        2386,       -3.54252797,     0.06090125899,       1.899705896,      0.1827891029
          0,           0,        2387,      -3.542572654,     0.06586329039,       1.890018165,      0.1735659475
          0,           0,        2388,       -3.54261574,     0.06963004306,       1.885886437,      0.1684276636
          0,           0,        2389,       -3.54220369,     0.07858969475,       1.837468153,      0.1319151799
          0,           0,        2390,      -3.541466109,     0.08198952739,       1.832177187,      0.1263176577
          0,           0,        2391,      -3.541799665,     0.08495341038,       1.828328976,      0.1219434178
          0,           0,        2392,      -3.541782465,     0.08764427642,       1.826321933,      0.1191259897
          0,           0,        2393,      -3.541599958,     0.09002529742,       1.825637545,       0.117496823
          0,           0,        2394,      -3.541486284,     0.09207501418,       1.824889137,      0.1160598157
          0,           0,        2395,      -3.541428004,     0.09378970482,       1.823463468,      0.1143872643
          0,           0,        2396,        -3.5411626,     0.09507772934,       1.821601055,      0.1126635852
          0,           0,        2397,      -3.541144003,     0.09593591428,       1.819396405,      0.1109767661
          0,           0,        2398,      -3.541046834,     0.09883480724,       1.782845319,     0.08488975191
          0,           0,        2399,      -3.523493992,     0.09871485051,       1.773614506,     0.07870161706
          0,           0,        2400,      -3.536764671,     0.09815633427,       1.761812093,     0.07097556158
          0,           0,        2401,      -3.538407296,     0.09724074709,       1.749161339,     0.06300385398
          0,           0,        2402,      -3.538172871,     0.09592971935,       1.736463438,     0.05537552749
          0,           0,        2403,      -3.539426169,     0.09405922852,       1.725987242,     0.04972665712
          0,           0,        2404,      -3.540450616,     0.09183780933,       1.717678553,     0.04603439388
          0,           0,        2405,      -3.540953085,     0.09179525517,       1.678544631,     0.02057023545
          0,           0,        2406,      -3.531436478,     0.08901299114,       1.668408107,     0.01625319371
          0,           0,        2407,      -3.538819458,     0.08613133292,       1.659698427,     0.01328970914
          0,           0,        2408,      -3.540504125,     0.08311058155,        1.65315381,       0.012175496
          0,           0,        2409,      -3.541225431,     0.07988845315,       1.648172786,     0.01242735754
          0,           0,        2410,      -3.541459081,     0.07651125868,        1.64362248,     0.01318252677
          0,           0,        2411,       -3.54132984,     0.07303427335,       1.638697611,     0.01381443103
          0,           0,        2412,       -3.54115877,     0.06951556252,       1.633267269,     0.01419247719
          0,           0,        2413,      -3.541293263,     0.06599959834,       1.627481748,     0.01438532285
          0,           0,        2414,      -3.541326576,     0.06251206361,       1.621561463,     0.01451363754
          0,           0,        2415,      -3.541269045,     0.05905205623,       1.615907776,     0.01482626131
          0,           0,        2416,       -3.54124181,     0.05563062899,       1.610607454,     0.01534802443
          0,           0,        2417,      -3.541098358,     0.05229573173,         1.6054613,     0.01590560835
          0,           0,        2418,      -3.540965057,     0.04909395813,       1.600362148,     0.01639302023
          0,           0,        2419,      -3.540838277,     0.04605793785,       1.595250313,     0.01674497339
          0,           0,        2420,      -3.540744323,     0.04320388986,       1.590355592,     0.01711252376
          0,           0,        2421,      -3.540720028,     0.04055230156,       1.585740525,     0.01753188766
          0,           0,        2422,      -3.540698038,     0.03813657253,       1.581369697,      0.0179689345
          0,           0,        2423,      -3.540680096,     0.03598100801,       1.577465474,      0.0185771566
          0,           0,        2424,       -3.54080183,     0.03409694349,       1.574392046,     0.01961354685
          0,           0,        2425,      -3.540914378,     0.03247688415,        1.57235464,     0.02121649835
          0,           0,        2426,      -3.540725726,     0.03112717261,       1.571465906,     0.02345857975
          0,           0,        2427,      -3.540770978,     0.03004989552,       1.572170342,     0.02664763953
          0,           0,        2428,      -3.540651648,     0.02924138418,       1.574609868,     0.03087087253
          0,           0,        2429,       -3.54095475,     0.02869839304,       1.578857674,     0.03615888119
          0,           0,        2430,      -3.539850996,     0.02841731005,       1.584828815,      0.0424262362
          0,           0,        2431,        -3.5396357,     0.02838306402,       1.592225263,     0.04942980787
          0,           0,        2432,      -3.539160844,     0.02857042816,       1.600583391,     0.05680544992
          0,           0,        2433,      -3.536033524,     0.02895484775,       1.609401477,     0.06416253253
          0,           0,        2434,      -3.592515795,     0.02951926301,        1.61827583,     0.07118288461
          0,           0,        2435,       -3.53932923,     0.03027817752,       1.626979396,     0.07768725126
          0,           0,        2436,      -3.485519617,     0.03123211472,       1.635549759,     0.08368792894
          0,           0,        2437,      -3.470307801,     0.03235589323,       1.644147596,     0.08928683844
          0,           0,        2438,      -3.458028868,     0.03361711806,       1.652803269,     0.09449185028
          0,           0,        2439,      -3.449515483,     0.03500439105,       1.661682123,     0.09941211681
          0,           0,        2440,      -3.442273364,     0.03654425768,       1.671021986,      0.1042185447
          0,           0,        2441,      -3.429689961,      0.0382974184,       1.681028771,      0.1090673801
          0,           0,        2442,      -3.421268807,     0.04032834081,       1.691825753,      0.1140585381
          0,           0,        2443,      -3.417079854,      0.0426714604,       1.703386675,      0.1191841973
          0,           0,        2444,      -3.407086865,     0.04532244446,       1.715462642,      0.1242782224
          0,           0,        2445,      -3.399027026,     0.04824334022,       1.727654173,      0.1290676527
          0,           0,        2446,      -3.394417608,     0.05137744821,       1.739405481,      0.1331747487
          0,           0,        2447,       -3.38714248,     0.05471437627,       1.750292045,      0.1363350425
          0,           0,        2448,        -3.3807897,     0.05817882874,       1.759812179,      0.1382312105
          0,           0,        2449,      -3.369827635,      0.0616232542,       1.767411733,      0.1385053079
          0,           0,        2450,      -3.429412402,     0.06496545349,       1.772836681,       0.137034305
          0,           0,        2451,      -3.348157549,     0.06824792903,       1.776180851,      0.1339653134
          0,           0,        2452,      -3.249801113,      0.0715014227,       1.777023957,      0.1290646075
          0,           0,        2453,      -3.183873449,     0.07462458795,       1.775550391,      0.1225213597
          0,           0,        2454,      -3.131358294,     0.07724293671,       1.772320095,       0.114748119
          0,           0,        2455,      -3.105620672,     0.07965238191,       1.767685601,      0.1061028729
          0,           0,        2456,      -3.065072502,     0.08178297989,       1.761682675,     0.09664897305
          0,           0,        2457,      -3.038371005,     0.08355006745,       1.754447825,     0.08650937544
          0,           0,        2458,      -3.018456007,     0.08482096801,       1.746078371,     0.07576674852
          0,           0,        2459,      -3.010747181,     0.08567551735,        1.73701841,     0.06478182172
          0,           0,        2460,      -2.998530019,     0.08644577403,       1.728140784,      0.0542615451
          0,           0,        2461,      -2.986709155,     0.08737030896,       1.720015863,      0.0446703058
          0,           0,        2462,      -2.966463997,     0.08846625949,       1.713059001,     0.03631757825
          0,           0,        2463,      -2.948609995,     0.08963960216,       1.707198452,      0.0291393472
          0,           0,        2464,      -2.929224698,       0.090804728,       1.702304693,     0.02303060325
          0,           0,        2465,      -2.871572659,     0.09188510518,       1.698285443,     0.01791419826
          0,           0,        2466,      -2.815651461,     0.09273628033,       1.695104213,     0.01374315934
          0,           0,        2467,       -2.86505378,      0.0933830976,       1.692670204,     0.01045623378
          0,           0,        2468,       -2.79628549,     0.09402631327,       1.690853665,    0.007998332845
          0,           0,        2469,      -2.760557269,     0.09464739075,       1.689545417,    0.006291475266
          0,           0,        2470,      -2.729254312,     0.09518598757,       1.688604636,    0.005233651359
          0,           0,        2471,      -2.695102438,     0.09559626261,       1.687886973,     0.00472037299
          0,           0,        2472,      -2.655643997,     0.09584644796,       1.687240477,    0.004644367147
          0,           0,        2473,      -2.622936392,     0.09591404991,       1.686503454,    0.004893533151
          0,           0,        2474,      -2.595431251,     0.09578140812,       1.685534222,    0.005366003871
          0,           0,        2475,       -2.57398556,     0.09543879078,       1.684226426,    0.005988683093
          0,           0,        2476,       -2.55169755,     0.09487814806,       1.682490874,     0.00669542998
          0,           0,        2477,      -2.523233265,     0.09409804949,       1.680195974,    0.007389248601
          0,           0,        2478,      -2.497269681,     0.09309249038,       1.677279094,    0.008017913276
          0,           0,        2479,      -2.496663903,     0.09186301899,       1.673723844,    0.008559275733
          0,           0,        2480,      -2.477451677,     0.09040560508,       1.669542161,      0.0090089017
          0,           0,        2481,       -2.41451957,     0.08868698819,        1.66476106,    0.009361549894
          0,           0,        2482,       -2.33835775,     0.08668985183,       1.659406265,    0.009611670543
          0,           0,        2483,      -2.259617189,     0.08447448243,       1.653184294,    0.009530773901
          0,           0,        2484,      -2.180920093,     0.08203739375,       1.646308387,    0.009236260698
          0,           0,        2485,      -2.150341308,     0.07936597232,       1.639062188,     0.00889046265
          0,           0,        2486,      -2.128004373,     0.07647765573,       1.631648663,    0.008595246098
          0,           0,        2487,        -2.0881128,     0.07341858658,       1.624114109,    0.008341334891
          0,           0,        2488,      -2.026164198,     0.07021780514,       1.616584767,     0.00817275107
          0,           0,        2489,       -1.97012272,     0.06689830952,       1.609106969,    0.008077284131
          0,           0,        2490,       -1.89857227,     0.06352323404,       1.601315645,    0.007748767707
          0,           0,        2491,      -1.824751325,     0.06015031707,       1.592814546,    0.006863298453
          0,           0,        2492,      -1.746616848,     0.05673979708,       1.583833074,    0.005545994804
          0,           0,        2493,      -1.671163919,     0.05335294159,        1.57442865,    0.003816446029
          0,           0,        2494,      -1.642158394,       0.050138422,       1.564599484,    0.001674071054
          0,           0,        2495,      -1.702899313,     0.04660090172,       1.554154318,   -0.001114298046
          0,           0,        2496,       -1.62452583,     0.04292531386,         1.5430216,   -0.004583981224
          0,           0,        2497,      -1.720351138,     0.03919676359,       1.531529644,    -0.00849070841
          0,           0,        2498,      -1.814539557,      0.0354612669,       1.520182221,    -0.01246360575
          0,           0,        2499,      -1.911335723,     0.03176033289,         1.5096133,    -0.01604144791
          0,           0,        2500,      -2.004942287,     0.02815066876,       1.500542706,    -0.01869889555
          0,           0,        2501,      -2.095427462,     0.02471020508,       1.493679287,    -0.01992312014
          0,           0,        2502,      -2.183166137,     0.02152357781,         1.4896935,    -0.01923838932
          0,           0,        2503,       -2.26643896,     0.01865589075,       1.489065539,    -0.01631154924
          0,           0,        2504,      -2.199306376,     0.01616729305,       1.491939924,     -0.0110619969
          0,           0,        2505,      -2.280194717,     0.01409994511,       1.497791522,   -0.003897089203
          0,           0,        2506,      -2.372501324,     0.01247566736,       1.505472273,    0.004326832412
          0,           0,        2507,      -2.441795164,     0.01127534754,       1.513509633,     0.01251722399
          0,           0,        2508,      -2.527809098,     0.01043616396,       1.520484525,     0.01962767219
          0,           0,        2509,      -2.603472931,     0.00986387224,       1.525195104,     0.02477904022
          0,           0,        2510,      -2.689314605,    0.009443820308,       1.526870066,     0.02741096695
          0,           0,        2511,      -2.765085632,    0.009077022018,       1.525203236,      0.0273161047
          0,           0,        2512,      -2.847599602,    0.008690563371,       1.520165337,     0.02449529551
          0,           0,        2513,      -2.933880339,    0.008232845296,       1.512102101,       0.019228042
          0,           0,        2514,      -3.016189566,    0.007712922944,       1.501559021,     0.01194861996
          0,           0,        2515,      -3.091479451,      0.0071531042,        1.48921659,    0.003179983544
          0,           0,        2516,      -3.165681819,    0.006585578489,       1.475782726,   -0.006535401364
          0,           0,        2517,      -3.244812396,    0.006043005631,       1.461951324,    -0.01666994681
          0,           0,        2518,      -3.314351125,    0.005549378938,       1.448299905,     -0.0267849929
          0,           0,        2519,      -3.377135846,    0.005130204616,       1.435347866,    -0.03649817205
          0,           0,        2520,      -3.415122099,    0.004801364742,       1.423444034,    -0.04555034892
          0,           0,        2521,      -3.420729869,    0.004571289791,       1.412780499,    -0.05380049546
          0,           0,        2522,      -3.396944599,    0.004451172738,       1.403454805,    -0.06118622422
          0,           0,        2523,      -3.350489892,    0.004446576889,       1.395431689,    -0.06773739998
          0,           0,        2524,      -3.295706122,    0.004557096296,       1.388593916,    -0.07354072903
          0,           0,        2525,      -3.236475617,    0.004777700429,       1.382780443,    -0.07871333669
          0,           0,        2526,       -3.17374385,    0.005102163097,       1.377845881,    -0.08335517161
          0,           0,        2527,      -3.108059853,    0.005524203959,        1.37364801,    -0.08756707489
          0,           0,        2528,      -3.039938045,    0.006039238671,       1.370100092,    -0.09141228658
          0,           0,        2529,      -2.969749117,    0.006642166386,       1.367129096,    -0.09493755291
          0,           0,        2530,      -2.897832783,    0.007330492653,       1.364683636,    -0.09817226617
          0,           0,        2531,      -2.824443616,    0.008110478938,       1.362768028,     -0.1011031158
          0,           0,        2532,      -2.748822142,    0.009035549781,       1.361478977,     -0.1036379055
          0,           0,        2533,      -2.672969703,      0.0101666251,       1.360932159,     -0.1056677241
          0,           0,        2534,      -2.596259997,     0.01549435557,       1.368312098,     -0.1012858979
          0,           0,        2535,      -2.518411062,      0.0174980589,       1.370163002,     -0.1015069287
          0,           0,        2536,      -2.453728535,     0.01938158052,       1.372237149,     -0.1015853237
          0,           0,        2537,      -2.386018052,     0.02102490961,        1.37417164,     -0.1017728378
          0,           0,        2538,      -2.424432553,     0.02238165481,       1.375808965,     -0.1021587911
          0,           0,        2539,      -2.428474886,     0.02344270838,       1.377107954,     -0.1027425564
          0,           0,        2540,      -2.455536801,     0.02424191576,       1.378126269,     -0.1034488906
          0,           0,        2541,      -2.467071482,     0.02484766374,       1.378958631,     -0.1041691051
          0,           0,        2542,      -2.489070745,     0.02533854481,       1.379738087,      -0.104770427
          0,           0,        2543,      -2.455182493,     0.02576938795,       1.380564414,     -0.1051528182
          0,           0,        2544,      -2.525480956,     0.02617630196,       1.381474862,       -0.10527019
          0,           0,        2545,      -2.504090897,     0.02658909328,       1.382495536,     -0.1050916734
          0,           0,        2546,      -2.529442945,     0.02702672026,        1.38363983,     -0.1046056111
          0,           0,        2547,       -2.53673153,     0.02747551568,       1.384900831,      -0.103830088
          0,           0,        2548,      -2.540156753,      0.0278987249,       1.386238733,      -0.102812421
          0,           0,        2549,      -2.559143883,     0.02828237313,       1.387615823,     -0.1016031909
          0,           0,        2550,      -2.588030773,     0.02863078107,       1.389014589,     -0.1002414016
          0,           0,        2551,      -2.608697108,     0.02895293518,       1.390430294,    -0.09875454675
          0,           0,        2552,      -2.630462805,     0.02925909474,       1.391868971,    -0.09716420507
          0,           0,        2553,      -2.645782289,     0.02955676418,       1.393339551,    -0.09549123495
          0,           0,        2554,      -2.658944595,     0.02984673931,       1.394839825,    -0.09376289018
          0,           0,        2555,      -2.654752859,     0.03012520609,       1.396349498,    -0.09200774487
          0,           0,        2556,      -2.638740556,     0.03038774224,       1.397849182,    -0.09025162061
          0,           0,        2557,      -2.651687118,     0.03063151009,       1.399322038,    -0.08851537532
          0,           0,        2558,       -2.66287024,     0.03085527068,       1.400743753,    -0.08681560701
          0,           0,        2559,      -2.668733201,     0.03106061162,        1.40209431,     -0.0851627228
          0,           0,        2560,      -2.679456201,     0.03125006825,       1.403355496,     -0.0835608043
          0,           0,        2561,      -2.693242627,     0.03142837379,       1.404508246,    -0.08200825203
          0,           0,        2562,      -2.710535491,     0.03159982021,       1.405529584,    -0.08050123606
          0,           0,        2563,      -2.732162687,     0.03176894827,       1.406401495,    -0.07903072217
          0,           0,        2564,      -2.759173313,     0.03193900304,         1.4071027,    -0.07759193931
          0,           0,        2565,      -2.792388309,     0.03211163997,       1.407608901,    -0.07618150299
          0,           0,        2566,      -2.832599194,      0.0322857839,       1.407900746,    -0.07479615971
          0,           0,        2567,      -2.880666384,     0.03245744376,       1.407958402,    -0.07343688595
          0,           0,        2568,      -2.937130469,     0.03261997623,        1.40776439,    -0.07210734962
          0,           0,        2569,      -3.002062926,     0.03276447992,       1.407307992,    -0.07081114888
          0,           0,        2570,      -3.074439527,     0.03288008565,       1.406580945,    -0.06955384017
          0,           0,        2571,       -3.15078444,     0.03295400339,       1.405581722,     -0.0683425279
          0,           0,        2572,      -3.221614955,     0.03297247819,       1.404312383,    -0.06718544834
          0,           0,        2573,      -3.271765353,     0.03292304162,       1.402785388,    -0.06608984752
          0,           0,        2574,      -3.285605823,     0.03279519937,       1.401014881,    -0.06506360431
          0,           0,        2575,      -3.258780862,     0.03258259542,       1.399019476,    -0.06411331127
          0,           0,        2576,      -3.201757047,     0.03228234444,       1.396818314,     -0.0632465071
          0,           0,        2577,      -3.133532385,     0.03189490255,       1.394434503,    -0.06247188481
          0,           0,        2578,      -3.061509366,     0.03142591655,       1.391884719,    -0.06179864282
          0,           0,        2579,      -3.015546358,     0.03088514768,       1.389184229,    -0.06123507544
          0,           0,        2580,      -2.983313446,     0.03028239799,       1.386345784,    -0.06078676207
          0,           0,        2581,      -2.952659469,     0.02962550246,       1.383390065,    -0.06045631404
          0,           0,        2582,      -2.927386257,     0.02892230925,       1.380340828,    -0.06024025898
          0,           0,        2583,      -2.909783458,     0.02817531008,       1.377209199,      -0.060144065
          0,           0,        2584,      -2.896510508,     0.02738634431,       1.374008831,    -0.06017057217
          0,           0,        2585,      -2.885400235,     0.02655851213,       1.370757779,     -0.0603173859
          0,           0,        2586,      -2.876767506,     0.02569412473,        1.36747039,    -0.06058354602
          0,           0,        2587,       -2.87054897,     0.02479600711,       1.364162813,    -0.06096527066
          0,           0,        2588,      -2.866213205,     0.02386656068,       1.360850984,    -0.06146109101
          0,           0,        2589,      -2.863858922,     0.02290865619,       1.357550676,     -0.0620696755
          0,           0,        2590,      -2.863321671,      0.0219239588,       1.354272332,    -0.06279232395
          0,           0,        2591,      -2.864081137,     0.02091413624,       1.351027188,    -0.06362905484
          0,           0,        2592,      -2.865436892,     0.01987921195,       1.347829705,    -0.06458340511
          0,           0,        2593,      -2.866864655,     0.01882117081,       1.344691804,    -0.06565517533
          0,           0,        2594,      -2.868382267,     0.01774410481,       1.341628131,    -0.06684237581
          0,           0,        2595,      -2.870015104,      0.0166573561,       1.338663787,    -0.06813639385
          0,           0,        2596,      -2.871651642,     0.01557639224,       1.335836227,    -0.06951825899
          0,           0,        2597,      -2.873228117,     0.01452495404,       1.333196302,    -0.07095463635
          0,           0,        2598,      -2.874680202,     0.01353155563,       1.330805565,    -0.07240372957
          0,           0,        2599,      -2.875982784,     0.01262675413,        1.32873133,     -0.0738210157
          0,           0,        2600,      -2.877102149,       0.011839503,       1.327026631,    -0.07516603117
          0,           0,        2601,      -2.878019455,     0.01119415997,       1.325734885,    -0.07640566563
          0,           0,        2602,      -2.878707992,     0.01070768496,       1.324887459,    -0.07751968412
          0,           0,        2603,      -2.879167276,     0.01039059694,       1.324494726,    -0.07849840833
          0,           0,        2604,       -2.87938879,     0.01024559889,       1.324545358,    -0.07934545099
          0,           0,        2605,       -2.87939087,     0.01026852285,       1.325013816,    -0.08007454773
          0,           0,        2606,      -2.879167685,     0.01045022842,       1.325862614,    -0.08070767789
          0,           0,        2607,      -2.878750807,      0.0107776722,       1.327047743,    -0.08126905475
          0,           0,        2608,      -2.878131272,     0.01123390335,       1.328521607,    -0.08178678707
          0,           0,        2609,      -2.877369341,     0.01180738608,       1.330253411,    -0.08227243761
          0,           0,        2610,      -2.876476639,     0.01248279717,       1.332217395,    -0.08273503893
          0,           0,        2611,      -2.875520981,      0.0132517571,       1.334415196,    -0.08315940878
          0,           0,        2612,       -2.87454453,     0.01414217831,       1.336943054,    -0.08345422913
          0,           0,        2613,      -2.873559946,      0.0152328452,       1.340001303,    -0.08344288236
          0,           0,        2614,      -2.872782506,     0.01664391474,       1.343852975,    -0.08289723258
          0,           0,        2615,       -2.87224363,     0.01850464226,       1.348769346,    -0.08158369122
          0,           0,        2616,      -2.871957747,     0.02090439891,       1.354952766,    -0.07932456954
          0,           0,        2617,      -2.872009726,     0.02385484601,       1.362466061,    -0.07605503226
          0,           0,        2618,      -2.872386255,     0.02725575846,       1.371159785,    -0.07188205179
          0,           0,        2619,      -2.873362356,     0.03088658648,       1.380641989,    -0.06710919839
          0,           0,        2620,      -2.879480354,     0.03446909847,       1.390374454,    -0.06215474195
          0,           0,        2621,      -2.895857588,     0.03782586682,       1.399994059,    -0.05729417798
          0,           0,        2622,      -2.913952252,     0.04088034086,        1.40927458,    -0.05268636994
          0,           0,        2623,      -2.929861185,     0.04362813799,       1.418104595,    -0.04839653106
          0,           0,        2624,      -2.943634644,     0.04603757948,       1.426295302,    -0.04454978153
          0,           0,        2625,      -2.954732831,     0.04797293921,       1.433464312,    -0.04142768642
          0,           0,        2626,      -2.963389954,     0.04929242215,       1.439260837,    -0.03928967887
          0,           0,        2627,      -2.970570409,     0.05001293053,       1.443658669,    -0.03813358334
          0,           0,        2628,      -2.976983117,     0.05033975176,        1.44698831,    -0.03766857379
          0,           0,        2629,      -2.982895871,     0.05053332889,       1.449695127,    -0.03750772709
          0,           0,        2630,      -2.988438219,     0.05071059972,       1.451979441,     -0.0374694121
          0,           0,        2631,      -2.994413077,     0.05081855905,       1.453745008,    -0.03761877743
          0,           0,        2632,      -3.000445627,     0.05075295766,       1.454812392,    -0.03808696288
          0,           0,        2633,      -3.008079127,     0.05043061746,        1.45506309,     -0.0389614444
          0,           0,        2634,      -3.019082012,     0.04980188977,       1.454453908,     -0.0402730517
          0,           0,        2635,       -3.03445916,     0.04885545999,        1.45301818,    -0.04199086036
          0,           0,        2636,      -3.055214077,     0.04762678763,       1.450887871,    -0.04400604071
          0,           0,        2637,      -3.082700904,     0.04618630842,       1.448260483,     -0.0461583048
          0,           0,        2638,      -3.118225863,     0.04457585983,       1.445231472,    -0.04837131005
          0,           0,        2639,      -3.163491797,     0.04281166117,       1.441879256,    -0.05058597781
          0,           0,        2640,      -3.220509238,     0.04085711198,        1.43814357,    -0.05285526458
          0,           0,        2641,       -3.29173155,     0.03867892266,       1.433968436,    -0.05523122404
          0,           0,        2642,      -3.380609583,     0.03562425142,        1.42722618,    -0.05937482737
          0,           0,        2643,      -3.492979006,     0.03152930599,       1.417620171,    -0.06554115387
          0,           0,        2644,      -3.640753044,     0.02699231664,       1.407413202,     -0.0719966514
          0,           0,        2645,      -3.843853105,     0.02254577868,       1.398349716,    -0.07739818502
          0,           0,        2646,      -4.157236205,     0.01846603819,       1.391014813,    -0.08128892862
          0,           0,        2647,      -4.683127867,     0.01478791119,       1.385036592,      -0.083946728
          0,           0,        2648,      -4.755567039,     0.01160257476,       1.380277071,    -0.08546838611
          0,           0,        2649,      -4.802060491,    0.008994801779,       1.376682668,    -0.08589515671
          0,           0,        2650,      -4.844398108,    0.007059678534,       1.374379694,    -0.08513803876
          0,           0,        2651,      -4.871660208,     0.00590430841,        1.37366267,    -0.08298488222
          0,           0,        2652,      -4.892351003,    0.005628742707,       1.374917632,     -0.0791592707
          0,           0,        2653,      -4.891311847,    0.006288698474,       1.378453362,    -0.07344905254
          0,           0,        2654,      -4.879461911,    0.007893317338,        1.38452958,    -0.06568852159
          0,           0,        2655,      -4.852175378,     0.01034816727,       1.393158941,    -0.05591321145
          0,           0,        2656,      -4.816324737,     0.01348590273,       1.404175147,    -0.04430380135
          0,           0,        2657,       -4.80564881,     0.01707421305,        1.41724194,    -0.03117895793
          0,           0,        2658,      -4.793291974,      0.0208432276,       1.431890519,    -0.01696288821
          0,           0,        2659,      -4.788245045,     0.02453942792,       1.447537069,   -0.002160818029
          0,           0,        2660,       -4.77744918,     0.02800880287,       1.463671494,     0.01279439851
          0,           0,        2661,       -4.77510192,     0.03122847913,       1.480031739,     0.02767278414
          0,           0,        2662,      -4.783433243,     0.03426417981,       1.496618195,     0.04245272413
          0,           0,        2663,      -4.795440414,     0.03701363949,       1.512897823,     0.05669845098
          0,           0,        2664,      -4.796598314,     0.03947139831,       1.528666818,     0.07023588081
          0,           0,        2665,      -4.809364925,     0.04161464788,       1.543612766,     0.08281275265
          0,           0,        2666,      -4.803029695,     0.04340231061,       1.557353837,     0.09412892122
          0,           0,        2667,      -4.809982866,     0.04479147377,       1.569537426,      0.1039106282
          0,           0,        2668,       -4.81069237,     0.04578775087,       1.580023475,      0.1120512765
          0,           0,        2669,      -4.820145358,     0.04645171968,         1.5888976,      0.1186211104
          0,           0,        2670,      -4.818509957,     0.04683744374,       1.596279761,      0.1237177317
          0,           0,        2671,      -4.803620616,     0.04703869917,       1.602397811,       0.127525717
          0,           0,        2672,      -4.803949862,     0.04717272312,       1.607550262,      0.1302879196
          0,           0,        2673,      -4.765629105,     0.04720830136,        1.61162278,      0.1319180514
          0,           0,        2674,      -4.722344526,     0.04705481085,       1.614373615,      0.1322282306
          0,           0,        2675,      -4.763386761,     0.04670843459,       1.615821384,      0.1312348825
          0,           0,        2676,      -4.793602892,     0.04634431765,       1.616503741,      0.1293625189
          0,           0,        2677,      -4.759873376,     0.04618188516,        1.61710806,      0.1271506711
          0,           0,        2678,      -4.719380764,     0.04637775637,       1.618154991,      0.1250065702
          0,           0,        2679,      -4.757398296,     0.04698039221,       1.619828617,      0.1230747467
          0,           0,        2680,      -4.764003198,     0.04798855527,       1.622152755,      0.1213827903
          0,           0,        2681,      -4.810147562,     0.04937060097,       1.625050491,      0.1198775075
          0,           0,        2682,      -4.818003753,     0.05109211351,       1.628427019,      0.1184960131
          0,           0,        2683,       -4.78610082,       0.053119956,       1.632188653,      0.1171794487
          0,           0,        2684,      -4.835921135,     0.05541035356,       1.636212669,      0.1158496066
          0,           0,        2685,      -4.715033952,     0.05791953277,       1.640388439,      0.1144421894
          0,           0,        2686,      -4.739505533,     0.06060557565,        1.64462001,      0.1129090476
          0,           0,        2687,      -4.826587122,     0.06343807209,       1.648869975,      0.1112474306
          0,           0,        2688,      -4.857270322,     0.06642258715,       1.653209295,      0.1095397471
          0,           0,        2689,      -4.861476047,       0.069547988,       1.657656584,      0.1078366328
          0,           0,        2690,      -4.918150578,     0.07277439678,       1.662162602,      0.1061354428
          0,           0,        2691,      -4.927326951,     0.07605289395,       1.666641674,      0.1044129015
          0,           0,        2692,      -4.929113125,     0.07933936824,       1.671000915,      0.1026420897
          0,           0,        2693,      -4.907121277,     0.08260416534,       1.675169185,      0.1008108666
          0,           0,        2694,      -4.905763293,     0.08582242029,       1.679074591,     0.09891029345
          0,           0,        2695,      -4.896623995,     0.08896800125,       1.682644586,     0.09693140539
          0,           0,        2696,      -4.138558886,     0.09201443752,       1.685822011,     0.09487277614
          0,           0,        2697,      -4.551093572,     0.09493113304,       1.688545466,     0.09272591759
          0,           0,        2698,      -4.466748324,     0.09767080568,       1.690678822,     0.09042689307
          0,           0,        2699,      -4.582877736,      0.1001871824,       1.692097919,     0.08791877471
          0,           0,        2700,      -4.661288113,      0.1024562855,        1.69275787,     0.08520119424
          0,           0,        2701,      -4.749376991,      0.1044750032,        1.69269383,     0.08233005384
          0,           0,        2702,      -4.722943074,      0.1062562525,       1.691985636,     0.07939295045
          0,           0,        2703,      -4.767096039,      0.1078180613,       1.690732902,     0.07648760098
          0,           0,        2704,      -4.773389138,      0.1091739147,       1.689010113,     0.07368838924
          0,           0,        2705,      -4.575895532,      0.1103339966,       1.686878957,     0.07105263435
          0,           0,        2706,      -4.716089363,      0.1113097959,       1.684403628,     0.06863203801
          0,           0,        2707,      -4.716207766,      0.1121166948,       1.681656276,     0.06648072252
          0,           0,        2708,      -4.783269581,      0.1127672249,       1.678696498,     0.06463781598
          0,           0,        2709,      -4.871263168,      0.1132627612,       1.675541014,     0.06310650667
          0,           0,        2710,      -4.895860835,      0.1135972769,       1.672188745,     0.06187047388
          0,           0,        2711,      -4.890888278,      0.1137468502,       1.668575797,     0.06086495867
          0,           0,        2712,       -4.89608786,      0.1136816667,       1.664626629,     0.06001279765
          0,           0,        2713,       -4.89461471,      0.1133710262,       1.660261933,     0.05923468356
          0,           0,        2714,       -4.89331727,      0.1127909674,       1.655417491,      0.0584629092
          0,           0,        2715,      -4.883121836,      0.1119245638,       1.650043395,     0.05764107472
          0,           0,        2716,      -4.916572001,      0.1107600119,       1.644107827,     0.05672313221
          0,           0,        2717,      -4.914198982,      0.1092937086,       1.637592381,     0.05567680626
          0,           0,        2718,      -4.941932175,      0.1075294143,       1.630507743,     0.05449058973
          0,           0,        2719,      -4.947882727,      0.1054721909,       1.622868716,     0.05315392749
          0,           0,        2720,       -4.93525907,      0.1031342006,       1.614706821,     0.05167286258
          0,           0,        2721,        -4.9431424,      0.1005255556,       1.606046451,     0.05004675011
          0,           0,        2722,      -4.895512641,     0.09766168003,       1.596940734,     0.04829154406
          0,           0,        2723,      -4.890069452,      0.0945739979,       1.587469724,     0.04644951445
          0,           0,        2724,      -4.914261955,     0.09130189157,       1.577729503,     0.04457060259
          0,           0,        2725,      -4.913324757,     0.08788361613,       1.567803501,     0.04268944702
          0,           0,        2726,      -4.880219294,     0.08436218888,       1.557795366,     0.04085292478
          0,           0,        2727,      -4.911641566,     0.08077513305,       1.547801257,      0.0391001852
          0,           0,        2728,      -4.970758843,     0.07714939666,       1.537891913,       0.037449099
          0,           0,        2729,      -4.989339218,      0.0735101657,       1.528142633,     0.03591772787
          0,           0,        2730,      -4.945232052,      0.0698914941,       1.518659972,     0.03454967844
          0,           0,        2731,      -5.013075591,     0.06632740054,       1.509550108,     0.03338993169
          0,           0,        2732,      -5.051545186,     0.06284736137,       1.500911623,      0.0324752669
          0,           0,        2733,      -4.991305346,     0.05946726938,       1.492795876,     0.03180621161
          0,           0,        2734,      -5.067614537,     0.05620353948,       1.485253452,     0.03138458171
          0,           0,        2735,        -4.9496441,     0.05312244023,       1.478500909,     0.03134377751
          0,           0,        2736,      -4.867869463,     0.05027491441,       1.472703441,     0.03177775287
          0,           0,        2737,      -5.027400984,     0.04765627802,       1.467824777,     0.03262774597
          0,           0,        2738,      -5.090333878,      0.0452268881,        1.46370092,      0.0337386852
          0,           0,        2739,      -5.103758026,      0.0429518957,       1.460180691,      0.0349722358
          0,           0,        2740,      -5.109839105,     0.04082197973,       1.457207767,     0.03626412201
          0,           0,        2741,      -5.098024319,      0.0388476433,       1.454796344,     0.03760985004
          0,           0,        2742,      -5.089012366,     0.03704744941,       1.452988087,     0.03902826757
          0,           0,        2743,      -4.884993216,     0.03543412274,       1.451800876,     0.04052690812
          0,           0,        2744,      -4.925352564,     0.03400241767,       1.451189145,     0.04206543124
          0,           0,        2745,      -4.919286633,     0.03273764564,        1.45107866,     0.04358391868
          0,           0,        2746,      -4.984953561,     0.03163349649,       1.451426639,     0.04504893461
          0,           0,        2747,      -4.934435313,     0.03068828736,       1.452217528,     0.04644967408
          0,           0,        2748,      -5.040255398,     0.02989113705,       1.453412715,     0.04775764442
          0,           0,        2749,       -5.06824221,     0.02921914761,        1.45493858,     0.04892017427
          0,           0,        2750,      -5.049831799,     0.02863487141,       1.456692789,      0.0498613414
          0,           0,        2751,      -5.092280086,     0.02809886857,       1.458583397,      0.0505092757
          0,           0,        2752,      -5.087136458,     0.02758705146,       1.460557035,     0.05082345382
          0,           0,        2753,      -5.093573505,     0.02710361654,       1.462631084,       0.050820115
          0,           0,        2754,      -5.070269953,     0.02670897534,         1.4649315,     0.05060672714
          0,           0,        2755,      -4.150382972,     0.02642429893,       1.467506911,     0.05022639151
          0,           0,        2756,      -4.316585045,     0.02625636675,       1.470350605,     0.04968456969
          0,           0,        2757,      -4.526644108,     0.02618573783,        1.47338604,     0.04893213242
          0,           0,        2758,      -4.558473082,     0.02617677696,        1.47652423,     0.04791237871
          0,           0,        2759,      -4.823633216,     0.02618718394,       1.479712181,     0.04659522178
          0,           0,        2760,      -4.885737026,      0.0261859607,       1.482922287,     0.04497435921
          0,           0,        2761,      -4.924873112,     0.02611460456,       1.486047743,     0.04298610963
          0,           0,        2762,      -4.922365023,     0.02591711492,        1.48898779,     0.04057499184
          0,           0,        2763,      -4.942995805,      0.0255045987,       1.491574997,     0.03763010092
          0,           0,        2764,      -4.904347339,     0.02478002593,        1.49363638,     0.03404119104
          0,           0,        2765,      -4.976461326,     0.02365136921,       1.494971548,     0.02968723577
          0,           0,        2766,      -4.940650451,     0.02189902307,       1.495148994,     0.02425995951
          0,           0,        2767,      -4.943416214,     0.01961413948,        1.49431087,     0.01791511229
          0,           0,        2768,      -4.984111024,     0.01791857821,        1.49437757,     0.01227367557
          0,           0,        2769,       -5.03119375,     0.01809327707,       1.497548185,    0.009182794251
          0,           0,        2770,      -5.064785795,     0.02058260179,       1.504624779,    0.009337378134
          0,           0,        2771,       -5.04357488,      0.0247907412,       1.514741992,     0.01204699373
          0,           0,        2772,      -5.001073885,     0.02993134887,       1.526382778,     0.01611007453
          0,           0,        2773,      -5.030772913,     0.03526306609,       1.538395025,     0.02059667819
          0,           0,        2774,      -4.999512868,     0.04042557805,       1.550137287,     0.02501139714
          0,           0,        2775,      -4.996120057,     0.04527365598,       1.561327193,     0.02915038761
          0,           0,        2776,      -4.939999455,     0.04982722383,       1.572048745,     0.03310149283
          0,           0,        2777,      -4.927896328,     0.05415039425,       1.582452571,     0.03700649044
          0,           0,        2778,       -4.94745333,     0.05827126514,       1.592529702,     0.04088377211
          0,           0,        2779,      -4.757494293,     0.06218619075,       1.602167507,      0.0446659687
          0,           0,        2780,      -4.780581265,     0.06588880251,       1.611261964,      0.0482915072
          0,           0,        2781,      -4.819538187,     0.06939086962,       1.619793685,      0.0517625633
          0,           0,        2782,      -4.855516528,     0.07272115661,       1.627824618,     0.05514175171
          0,           0,        2783,       -3.51776883,     0.07585970138,       1.635263004,     0.05836918645
          0,           0,        2784,      -3.865111437,      0.0787918783,       1.642054647,     0.06141198049
          0,           0,        2785,      -4.322186625,      0.0814991869,        1.64816197,     0.06424519486
          0,           0,        2786,      -4.559621283,     0.08393670771,       1.653486993,     0.06679842347
          0,           0,        2787,      -4.815888681,     0.08602422343,       1.657879132,     0.06895408994
          0,           0,        2788,       -4.77665453,     0.08764724767,       1.661131993,     0.07054696133
          0,           0,        2789,       -4.85047245,     0.08869194156,       1.663043683,     0.07141148735
          0,           0,        2790,      -4.898988467,      0.0891091655,       1.663541681,     0.07148756216
          0,           0,        2791,      -4.921771196,     0.08893532917,       1.662724537,     0.07084987738
          0,           0,        2792,      -4.920438015,     0.08824361477,       1.660734117,     0.06960930445
          0,           0,        2793,      -4.952153733,     0.08710410586,       1.657722664,     0.06788224574
          0,           0,        2794,      -4.934014079,     0.08556843319,       1.653797772,     0.06574668466
          0,           0,        2795,      -4.881231254,     0.08369711738,       1.649077268,     0.06328761464
          0,           0,        2796,      -4.852402191,     0.08153891739,       1.643600061,     0.06053020961
          0,           0,        2797,      -4.764246315,     0.07916246829,       1.637452156,     0.05753566469
          0,           0,        2798,      -4.844300239,      0.0766628163,       1.630808181,     0.05443328325
          0,           0,        2799,      -4.893112775,     0.07416679731,       1.623930683,     0.05141848006
          0,           0,        2800,      -4.853288057,     0.07185847696,       1.617179836,     0.04876701052
          0,           0,        2801,      -4.871204123,     0.06993683456,       1.610921342,     0.04676231325
          0,           0,        2802,      -4.952327611,     0.06852117802,       1.605379163,     0.04556966726
          0,           0,        2803,      -4.972081885,     0.06758975482,       1.600534301,     0.04515589286
          0,           0,        2804,      -4.992668532,     0.06699429233,       1.596172573,     0.04532401354
          0,           0,        2805,      -4.981316002,     0.06658096475,       1.592026415,     0.04583133999
          0,           0,        2806,       -4.99721244,     0.06618923554,       1.587875359,     0.04646676941
          0,           0,        2807,      -4.953331835,     0.06572322284,       1.583598593,     0.04710260886
          0,           0,        2808,      -4.954617169,     0.06511652713,       1.579098997,     0.04762999279
          0,           0,        2809,      -4.916990062,     0.06434797664,       1.574374296,     0.04801669556
          0,           0,        2810,      -4.956351131,     0.06341620272,       1.569447233,     0.04825380624
          0,           0,        2811,      -4.875019839,      0.0623251357,       1.564343803,     0.04833342129
          0,           0,        2812,      -4.979745197,     0.06107755761,       1.559074908,       0.048237139
          0,           0,        2813,      -4.940985848,     0.05967168413,       1.553635611,     0.04793684034
          0,           0,        2814,      -4.960124094,     0.05809867936,       1.548004021,     0.04739223476
          0,           0,        2815,      -4.956460478,     0.05634430186,       1.542145711,     0.04655555764
          0,           0,        2816,      -4.936501823,     0.05439481067,       1.536031554,     0.04538332369
          0,           0,        2817,      -4.969281081,     0.05223244338,       1.529622046,      0.0438254606
          0,           0,        2818,      -4.914052728,     0.04983863393,       1.522874257,     0.04183133042
          0,           0,        2819,      -4.978151164,     0.04720685138,       1.515758306,      0.0393639708
          0,           0,        2820,      -4.955571448,     0.04432990692,       1.508254874,     0.03639446186
          0,           0,        2821,      -4.975337646,     0.04120899076,       1.500359327,      0.0329086062
          0,           0,        2822,      -4.965184078,     0.03785277569,       1.492076608,     0.02890356935
          0,           0,        2823,      -4.967502796,     0.03428679629,       1.483448812,     0.02440796922
          0,           0,        2824,      -4.966707992,     0.03055422441,       1.474556729,     0.01948092573
          0,           0,        2825,      -4.945376201,     0.02672006937,       1.465521079,     0.01421792217
          0,           0,        2826,      -4.895561451,     0.02287574624,       1.456518999,    0.008760597704
          0,           0,        2827,      -4.945410709,      0.0191281504,        1.44774186,    0.003264748568
          0,           0,        2828,      -4.960600486,     0.01560766923,       1.439429403,   -0.002073762765
          0,           0,        2829,      -4.995412475,     0.01247807236,       1.431916442,   -0.006984051459
          0,           0,        2830,      -5.019983246,    0.009906541774,       1.425534139,    -0.01119450479
          0,           0,        2831,      -4.963106551,    0.008055845199,       1.420603345,    -0.01444024083
          0,           0,        2832,      -4.957730541,    0.007062653367,       1.417384714,    -0.01650569067
          0,           0,        2833,      -5.192350356,    0.007026320763,       1.416079447,    -0.01722341234
          0,           0,        2834,      -5.207608875,    0.007920722316,       1.416663475,    -0.01660934154
          0,           0,        2835,      -5.173339884,    0.009554680982,       1.418823471,    -0.01491664419
          0,           0,        2836,      -5.158530964,     0.01163843668,       1.422045982,    -0.01255882265
          0,           0,        2837,      -5.173467857,     0.01390124221,       1.425815695,   -0.009947330182
          0,           0,        2838,      -5.080823823,     0.01615741711,       1.429763295,   -0.007373921378
          0,           0,        2839,       -5.14057866,     0.01831534747,       1.433704919,   -0.004977235515
          0,           0,        2840,      -5.186091185,     0.02034839666,       1.437590158,     -0.0027861336
          0,           0,        2841,      -5.215517393,     0.02227157018,       1.441468353,  -0.0007500679497
          0,           0,        2842,       -5.10170829,     0.02408730835,        1.44532042,    0.001132243808
          0,           0,        2843,      -5.158889213,     0.02578794161,       1.449101376,    0.002839486831
          0,           0,        2844,      -5.155264497,     0.02735145893,       1.452753673,    0.004338330747
          0,           0,        2845,      -5.185238636,     0.02872294024,       1.456177772,    0.005560111225
          0,           0,        2846,      -5.267427166,     0.02980429522,       1.459208934,    0.006380994563
          0,           0,        2847,      -5.330586636,     0.03043082027,       1.461524122,    0.006550848455
          0,           0,        2848,      -5.227939031,     0.03043955524,       1.462807904,    0.005824123636
          0,           0,        2849,       -5.27196703,     0.02983116369,       1.463090539,    0.004231201651
          0,           0,        2850,      -5.288775411,     0.02885606804,       1.462871966,    0.002184024448
          0,           0,        2851,       -5.26826937,     0.02771391449,       1.462519858,  -1.063307896e-05
          0,           0,        2852,      -5.148092089,     0.02643296193,       1.462046518,   -0.002331531324
          0,           0,        2853,      -5.087531196,     0.02508780051,       1.461497077,   -0.004725658079
          0,           0,        2854,       -5.13888678,     0.02387436086,       1.461120056,   -0.006970940361
          0,           0,        2855,      -5.168775312,     0.02300374881,        1.46125127,   -0.008777167677
          0,           0,        2856,      -5.264224261,     0.02261078688,       1.462163718,   -0.009911620179
          0,           0,        2857,      -5.349168943,      0.0226332121,       1.463789723,    -0.01042592522
          0,           0,        2858,      -5.376850673,     0.02290514563,       1.465875231,    -0.01052197517
          0,           0,        2859,      -5.384696905,     0.02329947904,       1.468254216,    -0.01033209347
          0,           0,        2860,      -5.324416349,     0.02382697698,       1.471017716,   -0.009781300112
          0,           0,        2861,      -5.125398067,     0.02460315144,       1.474409178,   -0.008666638356
          0,           0,        2862,      -5.177114277,     0.02574437342,       1.478620228,   -0.006825668391
          0,           0,        2863,      -5.314188274,     0.02728045768,       1.483649335,   -0.004253211219
          0,           0,        2864,      -5.365300116,     0.02913703976,       1.489318307,   -0.001089464882
          0,           0,        2865,      -5.341027248,     0.03121101863,       1.495448398,    0.002519014796
          0,           0,        2866,      -5.361395379,     0.03339204531,       1.501869798,     0.00643151932
          0,           0,        2867,      -5.346717873,     0.03557163138,       1.508384301,     0.01048762901
          0,           0,        2868,      -5.299550706,     0.03764738827,       1.514753067,      0.0144999169
          0,           0,        2869,      -5.273042117,     0.03953497759,       1.520742716,     0.01828682016
          0,           0,        2870,      -5.261401097,       0.041197279,       1.526227606,     0.02175343954
          0,           0,        2871,      -5.242232716,     0.04263948479,       1.531181387,     0.02488306542
          0,           0,        2872,       -5.22073661,     0.04389635767,       1.535637191,     0.02770795809
          0,           0,        2873,      -5.215001236,     0.04503358982,       1.539711963,     0.03032402035
          0,           0,        2874,      -5.202857523,     0.04612150702,       1.543536412,     0.03283679032
          0,           0,        2875,      -5.156922805,     0.04722223636,       1.547226584,     0.03533813556
          0,           0,        2876,      -5.017960808,     0.04837884099,       1.550862142,     0.03788819225
          0,           0,        2877,      -4.547398004,      0.0496147945,       1.554492607,     0.04052074196
          0,           0,        2878,      -4.590015186,     0.05092916569,       1.558119924,     0.04323094871
          0,           0,        2879,      -4.869900587,      0.0522943433,       1.561692086,     0.04596790084
          0,           0,        2880,      -5.069552136,     0.05366339212,       1.565114387,     0.04864561411
          0,           0,        2881,      -5.174318123,     0.05498414809,       1.568284613,     0.05117311209
          0,           0,        2882,      -5.196413261,     0.05621646346,         1.5711462,     0.05349413061
          0,           0,        2883,      -4.911581309,     0.05732352262,        1.57364435,     0.05555529739
          0,           0,        2884,      -4.922438419,     0.05828047339,        1.57575347,     0.05732704154
          0,           0,        2885,      -5.217191681,     0.05906827161,       1.577454107,     0.05878612072
          0,           0,        2886,      -5.207500011,     0.05966138878,        1.57869115,     0.05988314004
          0,           0,        2887,      -5.213268061,     0.06004003477,       1.579424824,     0.06058185088
          0,           0,        2888,      -5.189293255,     0.06019260479,        1.57964848,     0.06087047198
          0,           0,        2889,      -5.084859921,     0.06011097038,       1.579366957,     0.06074875836
          0,           0,        2890,      -5.136180681,     0.05978773555,       1.578598167,     0.06022609554
          0,           0,        2891,      -4.521540037,     0.05921152312,       1.577343848,     0.05929920511
          0,           0,        2892,      -4.581879259,     0.05837258275,       1.575596803,     0.05795956457
          0,           0,        2893,      -5.193371545,     0.05726568874,       1.573341566,     0.05619346763
          0,           0,        2894,       -5.13736664,     0.05589757481,       1.570577976,     0.05399935072
          0,           0,        2895,      -5.194015233,     0.05429437411,        1.56734382,     0.05140804716
          0,           0,        2896,      -4.611421472,     0.05246161352,       1.563587086,     0.04838231999
          0,           0,        2897,      -4.695924128,      0.0504075647,       1.559282766,     0.04490475839
          0,           0,        2898,      -5.099281979,     0.04818047868,       1.554585461,     0.04109514922
          0,           0,        2899,      -5.066734226,     0.04583908859,       1.549708466,     0.03711801241
          0,           0,        2900,      -5.137183089,     0.04342874896,       1.544797018,     0.03308443422
          0,           0,        2901,      -5.038599223,     0.04099218372,        1.53992064,     0.02905117235
          0,           0,        2902,      -5.039107837,     0.03859487725,       1.535164472,     0.02509002662
          0,           0,        2903,      -5.098865562,     0.03630126173,       1.530590533,      0.0212560645
          0,           0,        2904,      -4.993967331,     0.03417131496,       1.526278309,     0.01761652293
          0,           0,        2905,      -5.071506811,     0.03224432603,       1.522299382,     0.01422947208
          0,           0,        2906,      -5.097933687,     0.03054162414,       1.518710352,     0.01113901739
          0,           0,        2907,      -4.835710283,     0.02907558337,       1.515549349,    0.008373093392
          0,           0,        2908,      -4.648988791,     0.02785522434,       1.512839834,    0.005948804061
          0,           0,        2909,      -4.952120067,     0.02687716421,       1.510579478,    0.003863065031
          0,           0,        2910,      -5.039600858,     0.02609507207,       1.508675702,    0.002040901083
          0,           0,        2911,      -4.962512246,     0.02540356008,       1.506937722,   0.0003266472965
          0,           0,        2912,      -5.023764835,     0.02465945948,       1.505115146,    -0.00148510725
          0,           0,        2913,      -5.106155656,     0.02391553812,       1.503472261,   -0.003192925428
          0,           0,        2914,      -4.938480748,     0.02340630227,       1.502520273,    -0.00438563895
          0,           0,        2915,      -5.097857053,     0.02337075751,       1.502567695,   -0.004797875468
          0,           0,        2916,      -5.114144527,     0.02392090142,       1.503600276,   -0.004418742143
          0,           0,        2917,      -4.945012697,     0.02499952168,       1.505365226,   -0.003436736785
          0,           0,        2918,      -5.050283733,     0.02645942373,       1.507599816,   -0.002063833012
          0,           0,        2919,      -5.025776616,     0.02807458411,       1.509967404,    -0.00057849138
          0,           0,        2920,      -5.031664254,     0.02958675759,       1.512091193,   0.0007071468149
          0,           0,        2921,      -5.023469921,     0.03075957536,       1.513655765,    0.001529214799
          0,           0,        2922,       -5.13859826,     0.03141477332,       1.514426401,    0.001691663427
          0,           0,        2923,      -5.007063657,     0.03146843474,       1.514288222,     0.00110191286
          0,           0,        2924,      -4.511941526,      0.0309094619,       1.513150138,  -0.0003018233121
          0,           0,        2925,      -4.629862602,     0.02989400906,       1.511326242,   -0.002259816996
          0,           0,        2926,      -4.838195742,     0.02860634196,       1.509211494,   -0.004449154196
          0,           0,        2927,      -4.843759023,     0.02715054706,       1.506982953,   -0.006720085127
          0,           0,        2928,      -4.885018426,      0.0255572522,       1.504645759,   -0.009059688918
          0,           0,        2929,      -4.723371342,     0.02383056047,       1.502204901,    -0.01146068004
          0,           0,        2930,      -4.689965622,      0.0219783043,       1.499735428,     -0.0138641426
          0,           0,        2931,       -4.77234032,      0.0200152991,       1.497373551,    -0.01616719772
          0,           0,        2932,      -4.738494611,     0.01799646972,       1.495332408,    -0.01820513779
          0,           0,        2933,      -4.546592249,     0.01660170565,       1.495761034,    -0.01831224574
          0,           0,        2934,      -4.430035466,     0.01454317288,       1.493697895,    -0.02028387533
          0,           0,        2935,      -4.113743186,     0.01300096089,       1.492561652,    -0.02145510125
          0,           0,        2936,      -3.867750347,     0.01251783278,       1.493763831,    -0.02071570868
          0,           0,        2937,      -3.588453618,     0.01406827916,       1.496729984,    -0.01833231227
          0,           0,        2938,      -3.455662507,     0.01669577429,       1.501078692,    -0.01473190733
          0,           0,        2939,      -3.505207185,     0.01997411957,       1.506535606,    -0.01018327054
          0,           0,        2940,       -3.49613037,     0.02369720438,       1.512888944,   -0.004877108987
          0,           0,        2941,      -3.501402339,     0.02762595352,       1.519781873,   0.0008829343736
          0,           0,        2942,      -3.698863685,     0.03144931167,       1.526716421,    0.006680365801
          0,           0,        2943,      -3.630242246,     0.03483806134,       1.533305272,     0.01217851162
          0,           0,        2944,      -3.558116839,     0.03724646886,       1.539212652,     0.01704430446
          0,           0,        2945,       -3.46012924,     0.03844395564,       1.544274343,     0.02111902092
          0,           0,        2946,      -3.545961565,     0.03735173534,       1.548693464,     0.02438058533
          0,           0,        2947,      -3.498685621,     0.03516446521,       1.552191546,     0.02680948882
          0,           0,        2948,      -3.494186849,     0.03135867213,       1.554621909,     0.02821577417
          0,           0,        2949,      -3.475969013,     0.02713014065,       1.555284648,     0.02827451344
          0,           0,        2950,      -3.508441837,     0.02459596899,       1.553692017,     0.02696054677
          0,           0,        2951,      -3.655730784,     0.02373322747,       1.550464889,     0.02472531977
          0,           0,        2952,        -3.6331686,     0.02487335113,       1.546182313,     0.02204514089
          0,           0,        2953,      -3.597708455,     0.02677176703,       1.540930583,     0.01879265868
          0,           0,        2954,      -3.652612259,     0.02856476943,       1.534746241,     0.01486257351
          0,           0,        2955,      -3.786571233,      0.0299817331,       1.528161764,     0.01060351199
          0,           0,        2956,      -3.984768163,     0.03109683853,       1.522157486,    0.006743519671
          0,           0,        2957,      -4.281306557,     0.03178255827,       1.516736412,    0.003265229521
          0,           0,        2958,      -4.304717436,     0.03197142277,       1.511913364,   0.0001677987416
          0,           0,        2959,      -4.298575593,     0.03164874814,       1.507739557,   -0.002517062827
          0,           0,        2960,      -4.318837022,     0.03087692848,       1.504400544,   -0.004651553674
          0,           0,        2961,       -4.37693694,     0.02978125801,       1.502171328,   -0.006025680434
          0,           0,        2962,      -4.468570813,     0.02860214949,       1.501490076,   -0.006296571089
          0,           0,        2963,      -4.580081307,     0.02759856293,       1.502763768,   -0.005144424431
          0,           0,        2964,      -4.742195423,      0.0269226155,       1.506107984,    -0.00248036208
          0,           0,        2965,      -4.859945633,     0.02646863216,       1.511097334,    0.001346394815
          0,           0,        2966,      -4.899305759,     0.02608646126,       1.517190422,    0.005894751284
          0,           0,        2967,      -4.947308886,     0.02577055641,       1.524057774,     0.01090716256
          0,           0,        2968,      -4.951971136,     0.02561229558,       1.531393085,     0.01616387568
          0,           0,        2969,      -4.935384089,     0.02574010944,       1.538954778,      0.0215013734
          0,           0,        2970,      -4.912403323,     0.02623902714,       1.546529568,     0.02677413315
          0,           0,        2971,       -4.89959098,     0.02707799024,        1.55378519,     0.03173829542
          0,           0,        2972,      -4.891054682,      0.0281591649,       1.560383882,     0.03614047745
          0,           0,        2973,      -4.866437133,     0.02928015505,       1.565844683,      0.0396095597
          0,           0,        2974,      -4.866904445,     0.03027228914,       1.569913648,      0.0419474326
          0,           0,        2975,      -4.850854719,     0.03106148849,       1.572560481,     0.04313521115
          0,           0,        2976,      -4.842928873,       0.031646908,       1.573912971,      0.0432823563
          0,           0,        2977,      -4.834430449,     0.03206869415,       1.574196405,     0.04257562991
          0,           0,        2978,      -4.819412889,     0.03240619338,       1.573716151,     0.04126451433
          0,           0,        2979,      -4.797987431,     0.03278151412,       1.572804042,     0.03962236741
          0,           0,        2980,      -4.766167418,     0.03329095663,       1.571735483,     0.03787814383
          0,           0,        2981,      -4.783362469,     0.03396237748,       1.570684322,     0.03616872626
          0,           0,        2982,      -4.782313111,     0.03477457739,       1.569715498,     0.03454182296
          0,           0,        2983,      -4.793496846,     0.03570112427,       1.568883639,     0.03303530929
          0,           0,        2984,       -4.80067155,     0.03672064558,       1.568241789,     0.03168647013
          0,           0,        2985,      -4.788488423,     0.03781074174,       1.567843144,      0.0305288385
          0,           0,        2986,      -4.797022663,     0.03891387344,       1.567654141,     0.02952538751
          0,           0,        2987,      -4.792526771,     0.03992319014,       1.567520977,     0.02854285755
          0,           0,        2988,       -4.73331094,     0.04065727514,       1.567019257,     0.02723952102
          0,           0,        2989,      -4.782194531,     0.04112086729,       1.566287694,     0.02571547562
          0,           0,        2990,      -4.811578518,     0.04130890969,       1.565264065,     0.02392610318
          0,           0,        2991,      -4.818000835,     0.04128559358,       1.563986823,     0.02191568388
          0,           0,        2992,      -4.831244559,     0.04112164639,       1.562526568,     0.01975716763
          0,           0,        2993,      -4.833261636,      0.0408750525,       1.560932632,     0.01750946131
          0,           0,        2994,      -4.845985976,     0.04055933335,       1.559188448,      0.0151784053
          0,           0,        2995,        -4.8463148,     0.04021155141,       1.557355193,     0.01283317338
          0,           0,        2996,       -4.85257662,     0.03992663546,       1.555615517,      0.0106437732
          0,           0,        2997,      -4.862132591,     0.03981362832,       1.554185927,    0.008807374513
          0,           0,        2998,      -4.867985014,     0.03991294624,       1.553065873,      0.0073535053
          0,           0,        2999,      -4.875650485,       0.040249877,       1.552330697,    0.006363842863
          0,           0,        3000,      -4.880042197,     0.04078396333,       1.551914152,    0.005804837667
          0,           0,        3001,      -4.875769378,     0.04141948199,       1.551641636,    0.005553383833
          0,           0,        3002,      -4.879201656,     0.04203816018,       1.551294323,    0.005448389863
          0,           0,        3003,      -4.888757134,     0.04254027297,         1.5506882,    0.005354787957
          0,           0,        3004,      -4.887459871,     0.04287883774,       1.549757368,    0.005228437397
          0,           0,        3005,       -4.88366943,     0.04301753691,       1.548434659,    0.005020446177
          0,           0,        3006,      -4.888947277,     0.04292172321,       1.546643666,     0.00466946495
          0,           0,        3007,      -4.885533275,     0.04256534212,       1.544318379,    0.004117459369
          0,           0,        3008,      -4.887010816,     0.04195869001,       1.541477613,    0.003368775321
          0,           0,        3009,      -4.887444365,     0.04116850065,       1.538239037,     0.00250548565
          0,           0,        3010,      -4.893045227,     0.04030470177,       1.534796037,    0.001669538005
          0,           0,        3011,       -4.89239802,     0.03948408702,       1.531366173,    0.001018003416
          0,           0,        3012,      -4.898881149,     0.03874488809,       1.528037569,   0.0005980934208
          0,           0,        3013,      -4.894671785,     0.03805906043,       1.524794798,   0.0003685082268
          0,           0,        3014,      -4.899936143,     0.03734728568,       1.521539332,   0.0002164239778
          0,           0,        3015,      -4.896394084,     0.03655525697,       1.518220536,   6.977901951e-05
          0,           0,        3016,      -4.901185415,     0.03557411425,       1.514660538,  -0.0002387924877
          0,           0,        3017,      -4.897730251,      0.0343661343,       1.510804039,  -0.0007768477792
          0,           0,        3018,      -4.897712454,     0.03287025472,       1.506531806,   -0.001660335981
          0,           0,        3019,      -4.895335086,     0.03116690394,       1.501985238,   -0.002789879972
          0,           0,        3020,        -4.8930966,     0.02912189274,       1.496900717,   -0.004392893486
          0,           0,        3021,      -4.889839039,     0.02686419635,       1.491497009,   -0.006299199213
          0,           0,        3022,       -4.89321657,     0.02481558183,       1.486516493,   -0.007906174213
          0,           0,        3023,      -4.903150071,      0.0233256442,       1.482586137,   -0.008703883071
          0,           0,        3024,      -4.898384291,     0.02256134386,       1.480034441,   -0.008427808794
          0,           0,        3025,       -4.89416171,     0.02249637832,       1.478848243,   -0.007091869134
          0,           0,        3026,      -4.897936804,     0.02297545794,       1.478769335,   -0.004909023542
          0,           0,        3027,      -4.907606497,     0.02381831243,       1.479514158,   -0.002115626015
          0,           0,        3028,      -4.907010608,     0.02486659787,       1.480834335,    0.001079456705
          0,           0,        3029,      -4.907175706,     0.02600470989,       1.482540456,    0.004514703376
          0,           0,        3030,      -4.911827589,     0.02716631723,       1.484536866,    0.008102057362
          0,           0,        3031,      -4.837720322,     0.02794266657,       1.485823513,     0.01103616293
          0,           0,        3032,      -4.847535861,     0.02807323916,       1.485729867,     0.01277410023
          0,           0,        3033,      -4.926400265,     0.02761216305,       1.484487192,     0.01347899247
          0,           0,        3034,      -4.913408878,     0.02685706853,       1.483132608,     0.01393927378
          0,           0,        3035,      -4.939128344,     0.02604617963,       1.482361277,     0.01468509591
          0,           0,        3036,      -4.869152633,     0.02533413709,       1.482422191,     0.01590945897
          0,           0,        3037,      -4.909196996,     0.02479582767,       1.483223063,     0.01754605141
          0,           0,        3038,      -4.882118418,     0.02443770468,       1.484523211,     0.01941186181
          0,           0,        3039,      -4.905255815,     0.02426238342,       1.486175818,     0.02139437788
          0,           0,        3040,      -4.905856096,     0.02424091826,       1.488029814,      0.0233735666
          0,           0,        3041,      -4.904343935,     0.02434282388,       1.489997212,     0.02527633283
          0,           0,        3042,      -4.920562128,      0.0245458169,       1.492042989,     0.02707050079
          0,           0,        3043,      -4.911405292,     0.02483232934,       1.494161946,     0.02874737882
          0,           0,        3044,       -4.92553152,     0.02518396644,       1.496340846,     0.03029306694
          0,           0,        3045,      -4.929196288,     0.02558620515,       1.498570437,     0.03169715103
          0,           0,        3046,      -4.929477367,     0.02602786948,       1.500847608,      0.0329543968
          0,           0,        3047,      -4.925926389,     0.02649396971,        1.50314604,     0.03404310049
          0,           0,        3048,      -4.901642335,     0.02697918535,       1.505466454,     0.03496301161
          0,           0,        3049,      -4.922791187,     0.02746628217,       1.507767004,     0.03568183412
          0,           0,        3050,      -4.900931558,      0.0279280313,       1.509985129,     0.03615112459
          0,           0,        3051,      -4.910899034,      0.0283318343,       1.512067181,     0.03632872197
          0,           0,        3052,      -4.914855887,     0.02864837202,       1.513975342,     0.03618591405
          0,           0,        3053,      -4.912005685,     0.02885803205,        1.51568773,     0.03570875712
          0,           0,        3054,      -4.907361947,     0.02897088466,       1.517224893,     0.03492094387
          0,           0,        3055,      -4.905000452,     0.02901906311,       1.518624171,     0.03386367318
          0,           0,        3056,      -4.892395097,       0.029046214,       1.519932362,     0.03258794334
          0,           0,        3057,      -4.897997139,      0.0290946789,       1.521217774,     0.03116099045
          0,           0,        3058,       -4.89993706,     0.02918631627,       1.522531634,     0.02963560123
          0,           0,        3059,       -4.90334547,     0.02932018709,       1.523896145,     0.02804109463
          0,           0,        3060,      -4.898823619,     0.02948607797,       1.525314693,     0.02639315851
          0,           0,        3061,      -4.909455417,     0.02968249794,       1.526802071,      0.0247182149
          0,           0,        3062,      -4.892120416,     0.02991498883,       1.528371891,     0.02304360547
          0,           0,        3063,      -4.896511812,     0.03018956112,        1.53003617,     0.02139471307
          0,           0,        3064,      -4.883403826,     0.03050317634,        1.53178422,     0.01977950883
          0,           0,        3065,       -4.90046878,     0.03085654608,        1.53360613,     0.01820842564
          0,           0,        3066,      -4.912334063,     0.03124015888,       1.535451775,     0.01666224093
          0,           0,        3067,      -4.908581104,     0.03166889299,       1.537318982,      0.0151611615
          0,           0,        3068,      -4.914944182,      0.0322112758,       1.539312296,     0.01381139533
          0,           0,        3069,      -4.897222799,      0.0329277861,       1.541518516,     0.01270488301
          0,           0,        3070,      -4.911834526,     0.03384370041,       1.543973623,     0.01189001535
          0,           0,        3071,      -4.894325625,     0.03496445557,       1.546696655,     0.01139866919
          0,           0,        3072,      -4.868511418,     0.03607542987,        1.54927681,     0.01091236742
          0,           0,        3073,        -4.8673309,     0.03690902157,       1.551200696,     0.01002767552
          0,           0,        3074,      -4.880890303,      0.0373797482,       1.552333406,     0.00864494944
          0,           0,        3075,      -4.861810513,     0.03764853742,       1.553040444,    0.007066627345
          0,           0,        3076,      -4.831492931,     0.03798776603,        1.55390105,     0.00576726936
          0,           0,        3077,      -4.808457789,     0.03859581312,       1.555321105,    0.005081929159
          0,           0,        3078,      -4.809774397,     0.03952018096,       1.557377451,    0.005079911673
          0,           0,        3079,      -4.820642435,      0.0407074021,        1.55994953,    0.005668980562
          0,           0,        3080,      -4.775538794,     0.04207541185,       1.562881816,    0.006725618324
          0,           0,        3081,      -4.867390702,     0.04356773208,       1.566107668,    0.008193252932
          0,           0,        3082,      -4.834932024,     0.04513902628,       1.569561379,     0.01001517717
          0,           0,        3083,      -4.824231661,     0.04674917506,       1.573159328,     0.01212188412
          0,           0,        3084,      -4.802274979,     0.04837799528,       1.576852551,     0.01447105524
          0,           0,        3085,      -4.793247468,     0.05001009199,       1.580585843,     0.01701598599
          0,           0,        3086,      -4.876063256,     0.05162842728,       1.584288683,     0.01969914142
          0,           0,        3087,      -4.829900114,     0.05320884915,       1.587866747,     0.02244563263
          0,           0,        3088,      -4.822396071,     0.05471214094,       1.591183556,     0.02514829838
          0,           0,        3089,      -4.842161407,       0.056088878,       1.594077347,     0.02768248512
          0,           0,        3090,      -4.888553541,     0.05731569635,       1.596485169,     0.03000065342
          0,           0,        3091,      -4.718539481,     0.05837525407,       1.598367413,     0.03207359399
          0,           0,        3092,      -4.760838121,       0.059252174,       1.599686804,      0.0338734943
          0,           0,        3093,       -4.74604898,     0.05993312012,        1.60040935,     0.03537452431
          0,           0,        3094,      -4.783928602,     0.06040537167,        1.60050208,     0.03655002554
          0,           0,        3095,      -4.766571965,     0.06066268888,       1.599949083,     0.03738609388
          0,           0,        3096,      -4.789805165,     0.06070463007,       1.598751435,     0.03788027252
          0,           0,        3097,      -4.785359592,     0.06053773792,       1.596933041,     0.03804632813
          0,           0,        3098,      -4.814694309,     0.06017181692,        1.59453092,      0.0379073862
          0,           0,        3099,      -4.839043761,     0.05962235015,       1.591604619,     0.03750236919
          0,           0,        3100,      -4.895948126,      0.0589144207,        1.58824642,     0.03689554062
          0,           0,        3101,         -4.894022,     0.05808033505,       1.584569021,     0.03616672651
          0,           0,        3102,      -4.913538231,     0.05715768209,       1.580699341,     0.03540462683
          0,           0,        3103,      -4.927151313,     0.05618656312,       1.576766839,     0.03469778271
          0,           0,        3104,      -4.929341314,     0.05520591006,       1.572892461,     0.03412629725
          0,           0,        3105,      -4.926311488,     0.05424542002,        1.56915993,     0.03373980537
          0,           0,        3106,      -4.924286485,     0.05333065781,       1.565633976,     0.03357236838
          0,           0,        3107,      -4.928192593,     0.05248510072,       1.562370745,     0.03365051268
          0,           0,        3108,      -4.932339129,     0.05172351673,       1.559395284,     0.03397629483
          0,           0,        3109,      -4.956597545,     0.05105594371,       1.556710709,     0.03453461641
          0,           0,        3110,      -5.044367746,     0.05049023563,        1.55429811,     0.03529615187
          0,           0,        3111,      -4.953811449,     0.05002955769,       1.552121065,     0.03621988715
          0,           0,        3112,      -4.729261167,      0.0496656744,       1.550133666,     0.03725777663
          0,           0,        3113,      -4.633211762,     0.04929636095,       1.548000664,     0.03813764756
          0,           0,        3114,      -4.531219701,     0.04881453568,       1.545403521,     0.03860000013
          0,           0,        3115,      -4.334530987,     0.04822912425,       1.542445813,     0.03871282326
          0,           0,        3116,       -4.37155009,     0.04764903595,       1.539577103,     0.03881343149
          0,           0,        3117,      -4.361209408,     0.04715203361,        1.53712383,     0.03914549196
          0,           0,        3118,       -4.30474969,     0.04672473579,         1.5350782,     0.03969549268
          0,           0,        3119,      -4.150033351,     0.04630610616,       1.533225722,     0.04029158802
          0,           0,        3120,      -4.014370364,     0.04586060851,       1.531365484,     0.04077668645
          0,           0,        3121,        -3.8908092,     0.04541180695,       1.529443101,     0.04111039423
          0,           0,        3122,      -3.805506534,     0.04496602522,       1.527365498,     0.04122081966
          0,           0,        3123,      -3.742334576,     0.04453012939,       1.525120283,      0.0410949838
          0,           0,        3124,      -3.708638442,     0.04411163732,       1.522771008,     0.04077526755
          0,           0,        3125,      -3.675392862,     0.04371902284,       1.520441666,     0.04034713641
          0,           0,        3126,      -3.659318849,     0.04335855491,       1.518258789,     0.03989743724
          0,           0,        3127,      -3.673081419,     0.04307557137,        1.51637439,     0.03953860409
          0,           0,        3128,      -3.706558016,     0.04292727332,       1.514899234,     0.03935615154
          0,           0,        3129,      -3.747227996,     0.04292603588,       1.513809463,     0.03933065825
          0,           0,        3130,      -3.732137844,     0.04305019638,       1.513009182,     0.03938573951
          0,           0,        3131,      -3.747468507,     0.04326958508,        1.51239608,     0.03944031636
          0,           0,        3132,      -3.781752479,     0.04370684425,       1.512127874,     0.03962972282
          0,           0,        3133,      -3.816203287,      0.0442484924,       1.511905746,     0.03971932654
          0,           0,        3134,      -3.864458379,     0.04472150379,       1.511349894,     0.03940713707
          0,           0,        3135,      -3.895346154,     0.04522537774,       1.510680991,     0.03887416562
          0,           0,        3136,        -3.9431233,      0.0447474561,       1.508416494,      0.0368806073
          0,           0,        3137,       -4.01029841,     0.04470901024,       1.507044234,     0.03547834648
          0,           0,        3138,       -4.26428737,     0.04443219403,       1.505604275,     0.03386588195
          0,           0,        3139,      -3.796529467,     0.04424553577,       1.504550153,     0.03243690843
          0,           0,        3140,      -4.194132927,      0.0442897108,       1.503890045,     0.03123068882
          0,           0,        3141,      -4.152922088,     0.04407317771,       1.502577652,     0.02941633806
          0,           0,        3142,      -4.312501562,        0.04364342,        1.50048413,     0.02692030993
          0,           0,        3143,        -4.2870785,     0.03950416112,       1.491759415,     0.01892461904
          0,           0,        3144,      -4.375972892,     0.03888934422,       1.488277746,     0.01527514063
          0,           0,        3145,       -4.33696339,     0.03827840552,       1.484209353,     0.01116240661
          0,           0,        3146,      -4.399292895,     0.03796854477,       1.480389517,     0.00725867364
          0,           0,        3147,      -4.578630494,     0.03769331273,       1.476496415,     0.00330026205
          0,           0,        3148,      -4.462879962,      0.0322754877,       1.464094403,   -0.007689499305
          0,           0,        3149,      -4.260449082,     0.03128403185,       1.458702677,    -0.01283076763
          0,           0,        3150,      -4.256597511,     0.02327713716,       1.439790165,    -0.02893447344
          0,           0,        3151,      -4.097547942,     0.02102673253,       1.429560054,    -0.03773588376
          0,           0,        3152,      -4.148409536,     0.01142299739,       1.407324284,    -0.05643986797
          0,           0,        3153,      -4.111810774,     0.01063494021,       1.400369806,    -0.06252285061
          0,           0,        3154,      -4.122099222,     0.01315291133,       1.399979813,    -0.06322741482
          0,           0,        3155,      -4.141296093,     0.01757691049,       1.404138811,    -0.06024200976
          0,           0,        3156,      -4.107403421,     0.02262750036,       1.409925971,    -0.05589987875
          0,           0,        3157,      -4.212704329,     0.02740378255,        1.41578029,    -0.05147973187
          0,           0,        3158,      -4.180689443,      0.0315520915,       1.420918875,    -0.04760573858
          0,           0,        3159,      -4.186665637,     0.03492261554,       1.424988181,    -0.04455591423
          0,           0,        3160,      -4.209162412,     0.03746491852,       1.427778694,    -0.04248690562
          0,           0,        3161,      -4.188374398,     0.03924124161,       1.429259611,    -0.04140799723
          0,           0,        3162,      -4.221854261,     0.04020579936,       1.429575968,    -0.04121512967
          0,           0,        3163,      -4.194733827,     0.03978393711,       1.430555505,     -0.0406538236
          0,           0,        3164,      -4.170171347,     0.03796841292,       1.434453455,    -0.03807238388
          0,           0,        3165,      -3.863419999,     0.03479801511,       1.444761345,    -0.03090908368
          0,           0,        3166,      -3.899847457,     0.03322045501,       1.447924571,     -0.0286395548
          0,           0,        3167,      -4.170915326,      0.0311299084,       1.455268478,    -0.02328863428
          0,           0,        3168,      -4.244236966,     0.02726281654,       1.472755681,    -0.01068335662
          0,           0,        3169,      -4.195520328,     0.02527821086,       1.480787021,   -0.004620700979
          0,           0,        3170,      -4.246844078,     0.02504214354,       1.481088242,   -0.003858891157
          0,           0,        3171,      -4.224527177,     0.02577050209,       1.477131883,   -0.005979471607
          0,           0,        3172,      -4.231416254,     0.02670033538,       1.472715179,   -0.008323339941
          0,           0,        3173,      -4.245633793,     0.02770665362,       1.468488408,    -0.01044057275
          0,           0,        3174,      -4.147428401,     0.02340798403,       1.496607975,     0.01037259395
          0,           0,        3175,      -4.092772463,     0.02448485875,       1.500074958,     0.01400236349
          0,           0,        3176,      -4.072490377,     0.02569712096,       1.504639763,     0.01849959177
          0,           0,        3177,      -3.917005067,     0.02704051923,        1.50951139,     0.02326837253
          0,           0,        3178,      -4.096884608,     0.02425008144,       1.536703505,     0.04375641078
          0,           0,        3179,      -3.990705905,     0.02534991005,       1.544979021,        0.05096251
          0,           0,        3180,      -3.931673587,     0.02732092205,       1.550923366,     0.05654410904
          0,           0,        3181,      -4.019760324,     0.02991054065,       1.554732156,     0.06057510042
          0,           0,        3182,      -3.996846876,     0.03245794062,       1.559809368,     0.06541588224
          0,           0,        3183,      -3.989940692,     0.03631654966,       1.559774207,     0.06656918608
          0,           0,        3184,      -4.093969222,     0.03497689797,       1.588303345,     0.08767695345
          0,           0,        3185,      -4.164330634,     0.03829337031,       1.594617306,     0.09303798512
          0,           0,        3186,      -4.195377423,     0.04065981947,       1.607878177,      0.1031485113
          0,           0,        3187,      -4.214418025,      0.0437569053,       1.618032874,      0.1109036111
          0,           0,        3188,       -4.19847873,     0.04759926565,       1.624690081,      0.1160285152
          0,           0,        3189,      -4.199902041,     0.05416780464,        1.61711667,       0.110980496
          0,           0,        3190,      -4.206981083,     0.05844970651,        1.62003129,      0.1131145081
          0,           0,        3191,      -4.229281361,     0.06256287185,       1.620901028,      0.1135926545
          0,           0,        3192,      -4.194794705,     0.06675485506,       1.618534469,      0.1115967907
          0,           0,        3193,      -4.202674592,     0.07020281569,       1.617319667,      0.1102258676
          0,           0,        3194,      -4.199951099,     0.07307256279,       1.615792169,      0.1084432545
          0,           0,        3195,      -4.219254336,     0.07537276342,       1.613687851,      0.1060627397
          0,           0,        3196,      -4.188099082,     0.07732623212,       1.611311724,      0.1033488011
          0,           0,        3197,      -4.190628087,     0.07916494515,       1.612446093,      0.1031067816
          0,           0,        3198,      -4.261751651,     0.08096485884,       1.614315591,      0.1033330622
          0,           0,        3199,      -4.262755617,     0.08269859236,       1.614679733,      0.1023981567
          0,           0,        3200,      -4.252023695,     0.08426405158,       1.613019693,     0.09991447241
          0,           0,        3201,      -4.259279162,     0.08568409787,       1.609111794,     0.09572673414
          0,           0,        3202,      -4.238128038,     0.08688150186,       1.603789394,     0.09043823082
          0,           0,        3203,      -4.241960624,     0.08782545671,       1.597746086,     0.08455464963
          0,           0,        3204,      -4.217943873,     0.08854535892,       1.591498167,     0.07846069852
          0,           0,        3205,      -4.196701183,     0.08907900671,       1.585179301,     0.07226326247
          0,           0,        3206,      -4.129307722,      0.0894637482,       1.578996169,     0.06612220876
          0,           0,        3207,      -4.071013747,     0.08970024932,       1.573100173,     0.06015033368
          0,           0,        3208,      -4.210579865,     0.08979272735,       1.567458206,     0.05432769733
          0,           0,        3209,      -4.193757592,     0.08975970871,       1.561783631,     0.04845547906
          0,           0,        3210,      -4.221043725,     0.08959788664,       1.556156875,     0.04260397934
          0,           0,        3211,      -4.256837517,     0.08938030986,       1.550464117,     0.03671542353
          0,           0,        3212,      -4.211539157,     0.08869708396,        1.54705156,     0.03246256592
          0,           0,        3213,      -4.235296757,     0.08844757179,       1.541064416,     0.02644665629
          0,           0,        3214,      -4.206802652,     0.08818399862,       1.535088753,      0.0205158943
          0,           0,        3215,        -4.2402021,      0.0879251898,       1.528723633,     0.01440365562
          0,           0,        3216,      -4.225016579,     0.08663227443,       1.527410886,     0.01196007916
          0,           0,        3217,      -4.253131101,     0.08656716201,       1.519374992,    0.004927732941
          0,           0,        3218,      -4.234523208,     0.08654881965,       1.511687909,   -0.001674779384
          0,           0,        3219,      -4.192641266,     0.08651991979,       1.504265979,   -0.007903652513
          0,           0,        3220,      -4.021898908,     0.08640946597,        1.49749085,    -0.01348036397
          0,           0,        3221,      -3.990511681,     0.08588594253,        1.49106836,    -0.01866394591
          0,           0,        3222,      -3.968682675,     0.08462954221,        1.48309093,    -0.02489263526
          0,           0,        3223,      -4.183476152,     0.08230682532,       1.471142183,    -0.03398211875
          0,           0,        3224,      -4.243899189,     0.07913677546,       1.456954802,    -0.04462982826
          0,           0,        3225,      -4.201198565,      0.0755624779,       1.442710108,    -0.05517537342
          0,           0,        3226,      -4.247859784,     0.07090155639,       1.436065119,    -0.06012032039
          0,           0,        3227,      -4.237525556,     0.06765913368,       1.424427141,    -0.06830033103
          0,           0,        3228,      -4.228691333,     0.06429998449,       1.413690283,    -0.07562239091
          0,           0,        3229,      -4.159118822,     0.06040785299,       1.401594183,    -0.08379394091
          0,           0,        3230,      -4.122157563,      0.0561432599,       1.388212613,    -0.09272837621
          0,           0,        3231,      -4.101729602,      0.0514159034,       1.373661719,     -0.1023467544
          0,           0,        3232,       -4.09781132,     0.04641836839,       1.358534066,     -0.1121832979
          0,           0,        3233,      -4.095615357,     0.04159787965,       1.344136771,     -0.1212155894
          0,           0,        3234,      -4.083636748,     0.03700184709,        1.33043123,     -0.1294669481
          0,           0,        3235,       -4.06118636,      0.0322592514,       1.316570157,      -0.137617685
          0,           0,        3236,      -4.055682246,      0.0301267897,       1.312432117,     -0.1380373366
          0,           0,        3237,      -4.040451253,     0.02573534027,       1.301130144,      -0.143799771
          0,           0,        3238,      -4.032568508,     0.02055029753,       1.287601537,     -0.1510704416
          0,           0,        3239,      -4.032532421,     0.01498394169,       1.273202539,     -0.1587849275
          0,           0,        3240,      -4.031357351,    0.009221877939,       1.258693939,     -0.1663447594
          0,           0,        3241,      -4.030498984,    0.003437211126,       1.244675705,     -0.1732706352
          0,           0,        3242,      -4.025872098,   -0.002317877971,       1.231210517,     -0.1794982169
          0,           0,        3243,      -4.013932723,   -0.008080128645,       1.218219852,     -0.1850868352
          0,           0,        3244,      -4.010699548,    -0.01231133357,       1.208207567,     -0.1879678832
          0,           0,        3245,      -4.010460229,     -0.0163773643,       1.199015787,     -0.1899511116
          0,           0,        3246,      -4.004819483,    -0.02079118395,       1.190045005,     -0.1915853952
          0,           0,        3247,      -4.001399915,    -0.03071415711,       1.173067426,     -0.1997645025
          0,           0,        3248,      -3.995556367,    -0.03333558756,       1.171586226,     -0.1952669143
          0,           0,        3249,      -3.994574915,    -0.04653491625,        1.15442462,     -0.2037906541
          0,           0,        3250,      -3.992500775,    -0.04713660008,       1.156077965,     -0.1965465122
          0,           0,        3251,      -3.994148661,    -0.05450764067,       1.154038931,     -0.1931734069
          0,           0,        3252,      -3.993606415,    -0.05662949959,       1.151538077,     -0.1893077785
          0,           0,        3253,      -3.996245838,     -0.0667961474,       1.121996019,      -0.206597923
          0,           0,        3254,       -3.97655118,     -0.0731578125,       1.113857402,     -0.2078490888
          0,           0,        3255,       -3.99123074,    -0.08668527898,       1.099095326,     -0.2152855272
          0,           0,        3256,      -3.994930843,     -0.1001331001,       1.085573866,     -0.2220656987
          0,           0,        3257,      -3.995467802,     -0.1072497369,        1.07936119,     -0.2229625967
          0,           0,        3258,      -3.993611567,     -0.1043048691,        1.07203445,     -0.2233782816
          0,           0,        3259,      -3.992967252,    -0.09932615425,       1.064260866,     -0.2240778831
          0,           0,        3260,      -4.001552855,    -0.09422072164,       1.059755861,     -0.2226524751
          0,           0,        3261,       -4.00171059,    -0.08935190297,       1.057363016,     -0.2199913137
          0,           0,        3262,      -4.002136411,    -0.08361953354,       1.061458146,     -0.2127738799
          0,           0,        3263,      -3.997737314,    -0.07919698238,       1.064721625,     -0.2066784329
          0,           0,        3264,      -3.996747764,    -0.07693655851,       1.063376453,     -0.2045750265
          0,           0,        3265,       -3.99623935,    -0.07494208632,       1.060257535,     -0.2040921394
          0,           0,        3266,      -3.983548196,    -0.08243089023,       1.026462282,     -0.2277065219
          0,           0,        3267,      -3.981857938,    -0.08533279682,       1.015419086,     -0.2344653177
          0,           0,        3268,      -3.993385413,    -0.08314531909,       1.023176196,      -0.227057075
          0,           0,        3269,      -3.994297328,    -0.07732956138,       1.041548345,     -0.2116527567
          0,           0,        3270,      -3.994110406,    -0.08050596356,       1.030226532,      -0.219506186
          0,           0,        3271,      -3.991572802,     -0.0768468606,       1.050874669,     -0.2034345915
          0,           0,        3272,      -3.994665003,    -0.07186405378,       1.073676705,     -0.1859153271
          0,           0,        3273,      -3.994468787,    -0.06527056226,       1.096943366,      -0.168121563
          0,           0,        3274,      -3.997184022,    -0.05829240245,        1.11807815,     -0.1521483425
          0,           0,        3275,      -3.993479832,    -0.05045538752,       1.141991479,     -0.1343239671
          0,           0,        3276,      -3.995721585,    -0.04400130336,        1.15798731,     -0.1227971894
          0,           0,        3277,      -3.995203388,    -0.03663155305,       1.170146036,     -0.1142220545
          0,           0,        3278,      -3.980514079,    -0.03152158187,       1.174255388,     -0.1122770833
          0,           0,        3279,      -3.986610298,    -0.02956580045,       1.183178906,      -0.107653686
          0,           0,        3280,      -3.994729612,    -0.02459624751,        1.20037662,    -0.09690073128
          0,           0,        3281,      -3.992182336,    -0.01968123631,       1.212080998,    -0.09044807979
          0,           0,        3282,      -3.992327633,    -0.02556342825,       1.195150426,     -0.1068005819
          0,           0,        3283,      -3.984609266,    -0.02412039365,       1.205531686,     -0.1025164414
          0,           0,        3284,      -3.985718979,    -0.01969781006,       1.222777124,    -0.09306295051
          0,           0,        3285,      -3.984565528,    -0.01985860817,       1.238809489,    -0.08554547696
          0,           0,        3286,      -3.984362024,    -0.01431143304,       1.260972466,    -0.07287114864
          0,           0,        3287,      -3.980536979,   -0.000154914029,       1.277183249,    -0.06329928534
          0,           0,        3288,      -3.969043974,    0.006718190181,       1.291734031,    -0.05634398479
          0,           0,        3289,      -3.981127304,     0.01126186022,       1.302664532,    -0.05262215161
          0,           0,        3290,      -3.982515093,     0.01026258075,       1.304271774,    -0.05677368719
          0,           0,        3291,      -3.982146376,     0.03274681308,       1.357578117,     -0.0197295292
          0,           0,        3292,      -3.978585894,     0.03418292405,       1.368038806,    -0.01739451283
          0,           0,        3293,      -3.985140987,      0.0352300269,       1.376045805,     -0.0170867166
          0,           0,        3294,      -3.989506885,      0.0376500451,       1.386978533,    -0.01455439494
          0,           0,        3295,      -3.987695929,     0.03673962188,       1.392592602,    -0.01653645798
          0,           0,        3296,      -3.985796646,    0.008220464618,       1.348687045,     -0.0591573762
          0,           0,        3297,      -3.976246963,    0.006401566184,       1.354068421,    -0.06154652255
          0,           0,        3298,      -3.986187499,    0.002455456502,       1.353560496,    -0.06862386781
          0,           0,        3299,      -3.989527591,    0.003343857033,       1.361566523,    -0.06875589174
          0,           0,        3300,      -3.986805459,    0.008899084568,       1.372464552,    -0.06599944301
          0,           0,        3301,       -3.98946219,     0.02671635984,       1.402824894,    -0.04719829201
          0,           0,        3302,      -3.994823115,     0.02927615433,       1.407526635,    -0.04929055165
          0,           0,        3303,      -3.996074411,     0.02642014772,       1.402092049,    -0.05950345765
          0,           0,        3304,      -3.994543759,     0.01805044976,       1.388543818,    -0.07632201849
          0,           0,        3305,      -3.993367029,      0.0255356403,       1.406338895,    -0.06777293527
          0,           0,        3306,      -3.988886184,     0.01918343561,        1.39836108,    -0.07979012398
          0,           0,        3307,      -3.994683347,     0.01483179718,       1.394950029,    -0.08788130793
          0,           0,        3308,      -3.995562986,    0.009962274585,       1.390703861,    -0.09631679317
          0,           0,        3309,      -3.994756192,    0.005298091002,       1.387066316,     -0.1038811368
          0,           0,        3310,      -3.996698885,    0.007485177473,       1.393475761,     -0.1026068233
          0,           0,        3311,      -3.994971469,    0.008944117754,         1.3996625,     -0.1011549833
          0,           0,        3312,      -3.997732054,     0.01218213588,       1.407668369,     -0.0975190662
          0,           0,        3313,      -3.987476151,     0.01818235416,       1.420211501,    -0.08962432793
          0,           0,        3314,      -3.989483195,     0.02305498172,       1.430093587,    -0.08331098827
          0,           0,        3315,      -3.983994258,     0.02647284849,       1.435814666,    -0.07969174386
          0,           0,        3316,      -3.996203626,     0.02858525251,        1.43744425,    -0.07866678737
          0,           0,        3317,      -3.996479945,     0.03008982658,       1.435226936,    -0.07994110117
          0,           0,        3318,      -3.993149707,     0.03122023701,       1.430809219,    -0.08230613674
          0,           0,        3319,      -3.994361946,     0.03173726008,       1.423940044,    -0.08602138141
          0,           0,        3320,      -3.991688404,     0.03804943244,       1.429742711,     -0.0790556628
          0,           0,        3321,      -3.974772741,      0.0431785707,       1.431457714,    -0.07480768906
          0,           0,        3322,      -3.981368667,     0.04406770749,       1.431790647,    -0.07181346214
          0,           0,        3323,      -3.973943218,     0.04194437631,       1.425109129,    -0.07407761481
          0,           0,        3324,      -3.981730548,     0.04006902122,       1.409693058,    -0.08242201266
          0,           0,        3325,      -3.982470477,     0.03800292986,       1.402191387,    -0.08477879164
          0,           0,        3326,      -3.979702134,     0.03878173861,       1.399633603,    -0.08292825769
          0,           0,        3327,      -3.980761435,     0.04056252678,       1.399392053,    -0.07911902777
          0,           0,        3328,      -3.987064364,     0.04199735698,       1.400382975,    -0.07438028017
          0,           0,        3329,      -3.990594981,     0.04704944756,        1.41034905,    -0.06250954909
          0,           0,        3330,      -3.992315281,     0.05271505537,       1.416870246,    -0.05306166404
          0,           0,        3331,      -3.989459873,     0.05471802334,       1.415101165,    -0.05024021386
          0,           0,        3332,      -3.988761008,     0.05466916348,       1.404952056,    -0.05382123932
          0,           0,        3333,      -3.977985871,     0.05174894124,       1.385321575,    -0.06475556371
          0,           0,        3334,      -3.982520015,     0.05058307306,       1.378202295,    -0.06635980674
          0,           0,        3335,      -3.990119721,      0.0500687313,       1.376587349,    -0.06388406751
          0,           0,        3336,      -3.988535402,     0.04706059054,       1.362059637,    -0.07125172567
          0,           0,        3337,      -3.980276149,     0.04437844634,       1.356839185,    -0.07181096128
          0,           0,        3338,      -3.977260888,     0.04755377484,       1.374805175,     -0.0545875408
          0,           0,        3339,      -3.973682362,     0.05063178963,       1.384794725,    -0.04316837548
          0,           0,        3340,       -3.98304658,     0.05094518896,       1.385881647,    -0.03865399356
          0,           0,        3341,      -3.983626243,     0.04850036362,       1.376685722,    -0.04205858098
          0,           0,        3342,      -3.985624546,     0.04164678788,       1.354319463,    -0.05571849332
          0,           0,        3343,      -3.979668242,     0.04630642478,       1.336504911,    -0.06434937246
          0,           0,        3344,      -3.978692521,       0.042337086,       1.290732497,    -0.09447333731
          0,           0,        3345,      -3.975791673,     0.04783124107,       1.296467855,    -0.08574670705
          0,           0,        3346,      -3.978953884,     0.04918496551,       1.291837506,    -0.08517761076
          0,           0,        3347,      -3.979221481,     0.04640678603,       1.280754397,    -0.08992164585
          0,           0,        3348,      -3.977088299,     0.03934506459,       1.268497838,    -0.09616279755
          0,           0,        3349,      -3.975733346,     0.02648079612,       1.250474578,     -0.1074799452
          0,           0,        3350,      -3.972123582,     0.05752264654,       1.240708615,     -0.1055054839
          0,           0,        3351,      -3.970522008,     0.05272823746,       1.223806944,     -0.1146852229
          0,           0,        3352,      -3.971205109,     0.03431050701,       1.193779956,     -0.1355075046
          0,           0,        3353,      -3.970825092,     0.01480310542,       1.168239481,     -0.1531534722
          0,           0,        3354,      -3.969251901,   -0.001978396135,       1.145592207,     -0.1682516018
          0,           0,        3355,      -3.968596675,    -0.01801989801,        1.13018489,     -0.1779833409
          0,           0,        3356,      -3.968870279,    -0.04081482744,       1.104150887,     -0.1966159517
          0,           0,        3357,      -3.959243657,    -0.04741690079,       1.101173719,     -0.1960763844
          0,           0,        3358,      -3.962972715,    -0.05710825576,        1.09968664,     -0.1951988414
          0,           0,        3359,      -3.966545238,    -0.06765391868,       1.099881467,     -0.1935473352
          0,           0,        3360,      -3.970726833,    -0.07723040542,       1.107738292,     -0.1865032434
          0,           0,        3361,      -3.973619539,    -0.08427597515,       1.116718395,     -0.1786483175
          0,           0,        3362,      -3.979504663,    -0.09169331837,       1.121519162,     -0.1743111123
          0,           0,        3363,      -3.980295938,    -0.08295372771,       1.145133651,     -0.1541243262
          0,           0,        3364,      -3.982590708,    -0.07753629485,       1.162616996,     -0.1393275392
          0,           0,        3365,      -3.983262656,    -0.07933899337,       1.169496591,     -0.1337408599
          0,           0,        3366,      -3.982881766,    -0.08130742795,       1.175701969,     -0.1289488394
          0,           0,        3367,      -3.982938248,    -0.08171514257,       1.182381938,     -0.1237879167
          0,           0,        3368,      -3.983769829,    -0.08181426614,       1.186752845,     -0.1204195881
          0,           0,        3369,      -3.982669597,    -0.08435837536,       1.198977327,     -0.1117183241
          0,           0,        3370,       -3.98083881,    -0.08608993482,       1.201110513,     -0.1103134036
          0,           0,        3371,      -3.983600301,    -0.09010311008,       1.199437049,     -0.1120741818
          0,           0,        3372,      -3.983045621,    -0.08287487831,       1.177278554,     -0.1267017328
          0,           0,        3373,      -3.968262386,    -0.07252971241,       1.198702223,     -0.1092928133
          0,           0,        3374,       -3.97307968,    -0.07489522099,       1.212665228,    -0.09922084182
          0,           0,        3375,      -3.970530272,    -0.07685463062,       1.217680006,    -0.09555778581
          0,           0,        3376,      -3.966413828,    -0.07788357171,       1.217043702,    -0.09577728042
          0,           0,        3377,      -3.965695328,     -0.0784148206,       1.212025641,    -0.09899184998
          0,           0,        3378,      -3.964907026,    -0.07701083975,       1.206075169,     -0.1024370962
          0,           0,        3379,      -3.963120551,    -0.07495167928,       1.198458422,     -0.1068307483
          0,           0,        3380,      -3.966416691,    -0.07407493884,       1.188401883,     -0.1130100787
          0,           0,        3381,      -3.964796259,    -0.07498689226,       1.175908014,     -0.1210561175
          0,           0,        3382,       -3.96360717,    -0.07768131108,       1.161160268,      -0.130822523
          0,           0,        3383,      -3.963281498,    -0.08431138288,       1.139668347,     -0.1459333476
          0,           0,        3384,      -3.958578331,    -0.05870711143,       1.197892143,    -0.09741032914
          0,           0,        3385,       -3.95451114,    -0.06152772165,       1.198553532,    -0.09536374786
          0,           0,        3386,      -3.954621872,    -0.06547257169,       1.179522924,     -0.1077844037
          0,           0,        3387,      -3.951948209,    -0.06913501828,       1.162509524,     -0.1185547397
          0,           0,        3388,      -3.948749416,    -0.07222522708,       1.150056892,     -0.1258072157
          0,           0,        3389,      -3.952204435,    -0.07550497573,       1.140883174,     -0.1306378285
          0,           0,        3390,      -3.959475504,    -0.07589089396,        1.14447127,     -0.1256429263
          0,           0,        3391,      -3.965348198,    -0.07603919928,       1.147841998,     -0.1207708815
          0,           0,        3392,      -3.967837676,    -0.07383956387,       1.151422651,     -0.1153928515
          0,           0,        3393,      -3.967699278,    -0.07179174765,       1.146765109,     -0.1160924622
          0,           0,        3394,      -3.966144396,     -0.0715910431,       1.159565961,     -0.1042892085
          0,           0,        3395,      -3.966990916,    -0.06980535819,       1.160738719,     -0.1007735082
          0,           0,        3396,      -3.968643448,    -0.06707972827,       1.166573699,    -0.09371886176
          0,           0,        3397,      -3.969411725,    -0.06070387904,       1.178616222,    -0.08159617922
          0,           0,        3398,      -3.972521464,    -0.06140967515,       1.225176935,    -0.04535563279
          0,           0,        3399,      -3.974141516,    -0.06048031029,       1.227991544,    -0.04103218508
          0,           0,        3400,      -3.975837539,    -0.06245370191,       1.227694478,     -0.0395570767
          0,           0,        3401,      -3.976130458,    -0.04093042876,       1.258770942,    -0.01151606451
          0,           0,        3402,      -3.977635129,    -0.03310913301,       1.273013778,    0.001904309754
          0,           0,        3403,      -3.979312482,    -0.03151327235,       1.274808212,    0.005056768737
          0,           0,        3404,      -3.980526051,     -0.0335512366,       1.281707444,        0.01119601
          0,           0,        3405,      -3.982264666,    -0.03270732412,       1.289215172,     0.01804324793
          0,           0,        3406,      -3.983350004,    -0.02784621318,       1.305217749,     0.03155978296
          0,           0,        3407,      -3.983533301,    -0.02271954459,       1.321539259,     0.04515027686
          0,           0,        3408,      -3.985394563,    -0.01933036406,       1.331243376,     0.05340113421
          0,           0,        3409,       -3.98505959,    -0.01064967344,       1.347336386,      0.0669246046
          0,           0,        3410,      -3.982750011,   -0.008997294821,       1.391384355,     0.09959426135
          0,           0,        3411,      -3.983834459,   -0.004833057004,       1.383978059,     0.09467954817
          0,           0,        3412,      -3.983640996,   -0.005858697616,       1.372644265,     0.08584600735
          0,           0,        3413,      -3.982319145,    -0.01383148011,       1.301402523,     0.03174503205
          0,           0,        3414,      -3.975069645,    -0.02604310007,       1.275019732,    0.009561773926
          0,           0,        3415,      -3.980807377,    -0.05586979718,       1.189013222,    -0.05939468251
          0,           0,        3416,       -3.98250374,    -0.05256076386,       1.187985787,    -0.06112822716
          0,           0,        3417,      -3.980640069,     -0.0483962356,       1.181865855,    -0.06670452395
          0,           0,        3418,      -3.987301392,    -0.03875774696,       1.149867832,    -0.09060586728
          0,           0,        3419,      -3.984698027,     -0.0341495482,       1.158929574,     -0.0853744015
          0,           0,        3420,      -3.985698932,    -0.02899157949,       1.173387061,    -0.07625795573
          0,           0,        3421,      -3.986365754,    -0.02285686615,       1.195074801,    -0.06181126132
          0,           0,        3422,      -3.990438006,    -0.01547456828,       1.224784697,    -0.04137432985
          0,           0,        3423,      -3.974016814,   -0.002321003776,       1.266200089,    -0.01150234689
          0,           0,        3424,      -3.980941379,    0.009252610381,       1.322839396,       0.029253881
          0,           0,        3425,      -4.008135532,    0.006366554851,       1.325797682,     0.02834557048
          0,           0,        3426,      -3.979998261,     0.01454976428,        1.35023615,     0.04491537261
          0,           0,        3427,      -3.985006587,     0.01868879132,        1.38600568,     0.06918246548
          0,           0,        3428,      -3.982329909,     0.01845179036,       1.409260699,     0.08359537265
          0,           0,        3429,      -3.987232467,     0.01744653212,       1.417289016,     0.08669087041
          0,           0,        3430,       -3.98780447,      0.0184366064,       1.416693401,     0.08369214896
          0,           0,        3431,         -3.987682,     0.02231476194,       1.414956465,     0.08016309056
          0,           0,        3432,      -3.987574799,     0.02337879618,       1.424403259,     0.08415672852
          0,           0,        3433,      -3.984308707,     0.01365766055,       1.480555506,      0.1204383317
          0,           0,        3434,      -3.988099958,    0.009097422524,       1.487355636,      0.1210376172
          0,           0,        3435,      -3.987881635,    0.005691159907,       1.487942843,      0.1169058397
          0,           0,        3436,      -3.988566174,    0.004221460469,       1.490412668,      0.1140824645
          0,           0,        3437,      -3.990073649,  -0.0002356740228,       1.529186716,      0.1370217465
          0,           0,        3438,      -3.987200671,    0.002057511866,       1.534991062,      0.1364603571
          0,           0,        3439,      -3.986747141,    0.006267466788,       1.527903227,      0.1264048912
          0,           0,        3440,      -3.988134426,    0.007690902025,       1.514284513,       0.110766939
          0,           0,        3441,      -3.989431555,    0.001584165897,       1.512944693,      0.1026666829
          0,           0,        3442,      -3.988986339,    -0.01924140066,       1.524557797,      0.1015589397
          0,           0,        3443,      -3.988352134,    -0.03632400616,       1.520202493,     0.08920424796
          0,           0,        3444,      -3.990638007,    -0.04860448915,       1.521113834,     0.08142296696
          0,           0,        3445,      -3.992157583,    -0.06031013625,       1.563217199,      0.1039891085
          0,           0,        3446,      -3.988546812,    -0.07352184895,       1.649963593,      0.1592080267
          0,           0,        3447,      -3.985972345,    -0.07585567759,       1.682661033,      0.1767580045
          0,           0,        3448,      -3.990345975,    -0.06852526495,       1.667690768,      0.1612189516
          0,           0,        3449,      -3.990389468,    -0.05590253647,       1.635597406,       0.134376566
          0,           0,        3450,       -3.98765333,     -0.0406205644,        1.59482373,       0.102061463
          0,           0,        3451,      -3.987113851,    -0.02572770847,       1.562063333,     0.07607180973
          0,           0,        3452,      -3.989909963,     -0.0267033991,       1.600366411,      0.1002091304
          0,           0,        3453,      -3.988950183,    -0.07596220294,       1.521566064,     0.03145201222
          0,           0,        3454,      -3.986260421,    -0.06505458813,       1.527807857,     0.03497202474
          0,           0,        3455,      -3.991058956,    -0.05977697903,        1.52053044,     0.02825150245
          0,           0,        3456,      -3.993586797,    -0.05707890228,       1.516735918,     0.02419148498
          0,           0,        3457,      -3.995643675,    -0.05365713364,       1.514172772,     0.02160487163
          0,           0,        3458,      -3.994729709,     -0.0481391658,       1.510355889,     0.01882880355
          0,           0,        3459,      -3.995202888,    -0.04074949345,       1.505964968,     0.01627526828
          0,           0,        3460,      -3.994870817,    -0.03228460034,       1.502611502,      0.0149499309
          0,           0,        3461,      -3.993686631,    -0.02380362337,       1.502952834,      0.0165833261
          0,           0,        3462,       -3.97762465,    -0.01737557369,       1.515044827,      0.0267119332
          0,           0,        3463,      -3.816651322,    -0.01264354949,       1.537508232,     0.04433141554
          0,           0,        3464,       -3.90306676,   -0.007753814798,       1.560623249,     0.06255942461
          0,           0,        3465,      -3.940985607,   -0.004450702186,        1.59764413,     0.09080066676
          0,           0,        3466,      -3.961176882,   -0.002746867769,       1.638729577,       0.121800216
          0,           0,        3467,      -3.980148263,   -0.003742624065,       1.671402215,      0.1462377253
          0,           0,        3468,      -3.988162344,   -0.004818795963,       1.686352356,       0.157704324
          0,           0,        3469,      -3.983204996,   -0.003772517434,       1.685494004,      0.1579563493
          0,           0,        3470,      -3.966267642,   5.901614953e-05,       1.693183347,      0.1649446197
          0,           0,        3471,      -3.919264339,    0.001329146259,       1.719769551,      0.1854611374
          0,           0,        3472,      -3.954204583,  -0.0009547497064,       1.743843157,      0.2036817817
          0,           0,        3473,      -3.983725241,   -0.005760052338,       1.756204205,      0.2130373351
          0,           0,        3474,      -3.957170934,    -0.01329001169,       1.768762347,      0.2222410529
          0,           0,        3475,      -3.863605592,    -0.02720415982,       1.813914838,      0.2544869732
          0,           0,        3476,       -3.92727073,    -0.04182398436,       1.857217981,      0.2854412371
          0,           0,        3477,        -3.9687604,    -0.05211229991,        1.87161912,      0.2960956684
          0,           0,        3478,      -3.976346168,    -0.05798692221,       1.861850567,      0.2899529158
          0,           0,        3479,      -3.974330236,    -0.05945954819,       1.833220171,      0.2709098503
          0,           0,        3480,       -3.97074735,    -0.05650182575,       1.788774003,      0.2412051909
          0,           0,        3481,      -3.965830496,    -0.05143590638,       1.744135658,      0.2119210126
          0,           0,        3482,      -3.959130645,    -0.04678098762,       1.694574105,       0.179205486
          0,           0,        3483,      -3.940590668,    -0.04138712898,       1.638672506,      0.1421919022
          0,           0,        3484,      -3.958946685,    -0.05886497841,        1.64149615,      0.1449672453
          0,           0,        3485,       -3.95331572,    -0.06908666244,       1.619062298,      0.1305381102
          0,           0,        3486,       -3.96615154,    -0.06722033266,       1.567687956,     0.09693829635
          0,           0,        3487,      -3.977131229,    -0.04472181554,       1.535174015,     0.08045264112
          0,           0,        3488,      -3.973290981,    -0.02058653272,       1.512275294,     0.07136374203
          0,           0,        3489,       -3.98617279,    -0.02062442594,       1.581275865,      0.1259403916
          0,           0,        3490,      -3.985217775,    -0.01004690358,       1.559528107,      0.1156965497
          0,           0,        3491,      -3.986873147,   -0.002335704893,       1.529042877,     0.09860013707
          0,           0,        3492,       -3.98927364,    0.003642337488,       1.493023736,     0.07712342344
          0,           0,        3493,      -3.986434767,    0.008504693048,       1.456424208,     0.05493952579
          0,           0,        3494,      -3.989662381,  -0.0006783491798,       1.490037759,     0.08187185181
          0,           0,        3495,      -3.991528246,  -0.0007889336503,       1.441846997,     0.05002709473
          0,           0,        3496,      -3.990483212,     0.00345565562,       1.425378224,     0.04195503705
          0,           0,        3497,      -3.991935649,    0.008516608823,       1.413090863,     0.03676913273
          0,           0,        3498,      -3.990724564,    0.004848511632,        1.42034336,      0.0442279677
          0,           0,        3499,      -3.993517343,   3.170400665e-05,       1.420895554,     0.04628509025
          0,           0,        3500,      -3.995863549,   -0.008130256798,       1.418207964,     0.04508120145
          0,           0,        3501,      -3.987611666,   -0.009043586115,       1.436745527,     0.06024957781
          0,           0,        3502,      -3.996089681,   -0.009790605581,       1.472951799,     0.08807851153
          0,           0,        3503,      -3.985701384,    -0.01091832219,       1.495419483,       0.105457556
          0,           0,        3504,      -3.989125446,   -0.004357279207,        1.54033035,      0.1401459397
          0,           0,        3505,      -3.979995658,     0.01081188179,       1.573421578,      0.1671545865
          0,           0,        3506,      -3.984479873,     0.01838267423,       1.628658408,      0.2088680226
          0,           0,        3507,      -3.981972875,     0.02912030489,       1.638957246,      0.2178045566
          0,           0,        3508,      -3.985690426,     0.03203883357,       1.670043776,      0.2404413999
          0,           0,        3509,       -3.98180223,     0.04783169016,       1.725417061,      0.2828086422
          0,           0,        3510,      -3.975176403,     0.06995571772,       1.785727878,      0.3292171987
          0,           0,        3511,      -3.970070663,     0.07410452249,       1.802447041,      0.3405901693
          0,           0,        3512,      -3.963773331,     0.07931627341,       1.769892099,      0.3157309482
          0,           0,        3513,      -3.957364831,     0.08101765552,       1.740593178,      0.2924505567
          0,           0,        3514,        -3.9501482,      0.0812045422,       1.718223927,       0.273771448
          0,           0,        3515,      -3.944888867,     0.08530827401,       1.706927311,      0.2635857178
          0,           0,        3516,      -3.940422675,     0.09135254075,       1.706216395,      0.2612620166
          0,           0,        3517,      -3.939103395,     0.09618984797,       1.704746285,       0.258035489
          0,           0,        3518,      -3.938030109,     0.09923164904,       1.699607149,      0.2517179402
          0,           0,        3519,      -3.944904951,      0.1013209545,       1.690210074,      0.2420347106
          0,           0,        3520,      -3.947593164,      0.1021463629,       1.678148353,       0.230125686
          0,           0,        3521,      -3.949017789,      0.1004060556,        1.66470852,      0.2167530061
          0,           0,        3522,      -3.951062409,     0.09449183741,       1.649267461,      0.2012369649
          0,           0,        3523,       -3.94212927,     0.08992827871,       1.630862167,        0.18381326
          0,           0,        3524,      -3.946464346,     0.08861095037,       1.610403562,       0.165453832
          0,           0,        3525,      -3.955659177,     0.08843502552,       1.590208154,      0.1474964995
          0,           0,        3526,      -3.960929299,     0.08710388041,       1.572893901,      0.1314893591
          0,           0,        3527,       -3.96856776,     0.08796740265,       1.556995235,      0.1168578956
          0,           0,        3528,      -3.971193828,     0.09020177309,       1.540961759,      0.1023322173
          0,           0,        3529,      -3.970312141,     0.09238781052,       1.524136857,     0.08721938475
          0,           0,        3530,      -3.972088846,     0.09340493403,         1.5077576,     0.07225495783
          0,           0,        3531,      -3.969734495,     0.09273186501,       1.493582542,     0.05864054545
          0,           0,        3532,      -3.966789228,      0.0910912798,       1.482560405,     0.04717966868
          0,           0,        3533,      -3.960618978,     0.09148318013,       1.471366478,     0.03589234134
          0,           0,        3534,       -3.95874857,     0.09447379738,       1.461453087,     0.02589792488
          0,           0,        3535,       -3.95741452,     0.09872897458,       1.454503562,     0.01820899253
          0,           0,        3536,       -3.76881519,      0.1013421422,       1.448230854,     0.01069785345
          0,           0,        3537,      -3.827586957,     0.09998419524,       1.442853079,    0.003177926685
          0,           0,        3538,      -3.846035348,      0.0955434825,       1.437823804,   -0.004575797686
          0,           0,        3539,      -3.955284168,     0.09069471641,       1.431974051,    -0.01295283522
          0,           0,        3540,      -3.962582862,     0.08764562306,       1.422453321,    -0.02363393494
          0,           0,        3541,      -3.966029008,     0.08868601026,       1.416844937,    -0.03069441817
          0,           0,        3542,      -3.969175496,     0.09152131541,       1.408691929,    -0.03912631424
          0,           0,        3543,      -3.974305711,     0.09445085784,       1.396135692,    -0.05049715871
          0,           0,        3544,      -3.981692294,       0.097251977,       1.383684174,    -0.06151668008
          0,           0,        3545,      -3.986425067,     0.09876788115,       1.372561615,    -0.07142079135
          0,           0,        3546,      -3.988311104,     0.09453942837,       1.444333544,    -0.02140126891
          0,           0,        3547,      -3.988844312,     0.08724814837,       1.462090282,    -0.01080876299
          0,           0,        3548,      -3.990283687,     0.08495483258,       1.461393525,    -0.01244683835
          0,           0,        3549,      -3.990105187,     0.08457660771,       1.455576692,    -0.01707803319
          0,           0,        3550,      -3.988482102,     0.08296116139,       1.446106115,    -0.02413150919
          0,           0,        3551,      -3.986292563,     0.07774439425,       1.430014495,    -0.03614003021
          0,           0,        3552,      -3.982866266,     0.07065677008,       1.413436336,    -0.04834514142
          0,           0,        3553,      -3.981291638,     0.06477432376,       1.399894087,    -0.05769149553
          0,           0,        3554,       -3.98041863,     0.06178325268,       1.384818766,    -0.06729039176
          0,           0,        3555,      -3.980750934,     0.06162167324,       1.382561593,    -0.06669042938
          0,           0,        3556,      -3.977411937,     0.04352618394,       1.317289599,     -0.1146800018
          0,           0,        3557,      -3.974589303,     0.03751078618,       1.263523183,     -0.1520761873
          0,           0,        3558,       -3.97850172,     0.04002648545,       1.242017636,     -0.1642818509
          0,           0,        3559,      -3.984060033,     0.04339412476,       1.241144727,     -0.1610471293
          0,           0,        3560,      -3.985983998,      0.0478305922,       1.237996135,     -0.1591644101
          0,           0,        3561,      -3.987101279,     0.04968918822,       1.244983872,     -0.1501445467
          0,           0,        3562,      -3.986962673,     0.05177893202,       1.244171038,     -0.1467273431
          0,           0,        3563,       -3.98961659,     0.05096991402,       1.249604287,     -0.1391317095
          0,           0,        3564,      -3.989706317,     0.05097432936,       1.249983653,     -0.1350892229
          0,           0,        3565,      -3.987224667,     0.04764697511,       1.256365149,      -0.127158481
          0,           0,        3566,       -3.98732635,    -0.02016689371,       1.187672092,     -0.1840167481
          0,           0,        3567,      -3.987805986,    -0.04192392104,       1.175470872,     -0.1925927214
          0,           0,        3568,      -3.988189893,    -0.05123318501,       1.179199307,     -0.1875621363
          0,           0,        3569,      -3.990492784,    -0.05562688391,       1.184176968,     -0.1808345636
          0,           0,        3570,      -3.992251335,    -0.05712132988,       1.188139432,     -0.1744082085
          0,           0,        3571,      -3.991703446,    -0.05898664674,       1.198069934,     -0.1636697879
          0,           0,        3572,      -3.992007511,    -0.05868798503,        1.20444805,     -0.1551963813
          0,           0,        3573,      -3.991952756,    -0.05541750206,       1.210263537,     -0.1466796099
          0,           0,        3574,      -4.004345716,    -0.05112364364,       1.214043122,     -0.1394752128
          0,           0,        3575,      -4.004468075,    -0.04723029522,       1.213218131,     -0.1356707955
          0,           0,        3576,      -3.996601466,    -0.04514874759,       1.207347355,     -0.1358051568
          0,           0,        3577,      -4.001161143,    -0.04549546707,       1.196813596,     -0.1397032682
          0,           0,        3578,      -4.002615348,    -0.06206940261,       1.140159305,     -0.1795086014
          0,           0,        3579,      -4.001240143,    -0.06485273917,       1.155397904,     -0.1650186989
          0,           0,        3580,      -4.003236726,    -0.07051177593,       1.172222757,     -0.1498745033
          0,           0,        3581,      -4.000944012,    -0.07365880147,       1.178025771,      -0.142526201
          0,           0,        3582,      -4.001292593,    -0.07753458704,       1.192988491,     -0.1287211699
          0,           0,        3583,      -4.002334745,    -0.07699704014,       1.193246286,     -0.1251735973
          0,           0,        3584,      -4.003000346,    -0.07491270065,       1.191169856,     -0.1232840481
          0,           0,        3585,      -4.000762983,    -0.07216496841,       1.190332808,     -0.1205929315
          0,           0,        3586,      -3.948938189,    -0.07288259249,       1.211087771,     -0.1028453714
          0,           0,        3587,      -3.981204138,    -0.06916662633,       1.210171773,     -0.1005247118
          0,           0,        3588,      -3.996778166,    -0.06663595243,       1.204441819,     -0.1021335872
          0,           0,        3589,      -4.002893292,    -0.07457218001,       1.174622981,     -0.1231133509
          0,           0,        3590,      -4.006417677,    -0.08665935539,       1.155092059,     -0.1374374276
          0,           0,        3591,       -4.01049319,      -0.101538709,       1.143634113,      -0.146499692
          0,           0,        3592,      -4.011577551,     -0.1141494396,       1.135104333,     -0.1532473005
          0,           0,        3593,       -4.01229769,     -0.1209571249,       1.129892766,     -0.1568111928
          0,           0,        3594,      -4.012819487,     -0.1207684858,        1.15855252,     -0.1345474498
          0,           0,        3595,      -4.011677195,     -0.1187305607,       1.202599808,     -0.1009503468
          0,           0,        3596,      -4.009033685,     -0.1340844819,       1.214030561,    -0.09406074519
          0,           0,        3597,      -4.008871558,     -0.1407025714,       1.200818927,     -0.1039131751
          0,           0,        3598,      -4.012179225,     -0.1369272312,        1.19725336,     -0.1051336264
          0,           0,        3599,      -4.011362399,     -0.1286829959,       1.201810703,    -0.09979064084
          0,           0,        3600,      -4.010490506,     -0.1206048506,       1.205933337,    -0.09486618243
          0,           0,        3601,      -4.011459183,     -0.1072651464,       1.217833893,    -0.08356474597
          0,           0,        3602,      -4.015816099,    -0.09063271822,       1.232643694,     -0.0697541458
          0,           0,        3603,      -4.011964601,     -0.0756700256,       1.244908591,    -0.05818490094
          0,           0,        3604,      -4.011041635,    -0.06491912734,       1.252436566,    -0.05085665439
          0,           0,        3605,       -4.01147961,    -0.05823646755,       1.255609781,    -0.04747147826
          0,           0,        3606,       -4.00725187,    -0.05466666372,       1.256286969,    -0.04652310595
          0,           0,        3607,      -4.006936075,    -0.05329374168,       1.256024153,    -0.04673378961
          0,           0,        3608,      -4.010534688,    -0.05316617935,       1.256589478,    -0.04666754508
          0,           0,        3609,      -4.010097274,    -0.05322926191,       1.258628404,    -0.04569002689
          0,           0,        3610,      -4.011964043,      -0.049522503,       1.261750706,    -0.04345901134
          0,           0,        3611,      -4.012662034,    -0.03882212189,       1.268147071,    -0.03793240449
          0,           0,        3612,      -4.010351892,    -0.02608530097,       1.279037598,    -0.02897770076
          0,           0,        3613,      -4.001697982,    -0.01557834441,       1.291385464,    -0.01947465391
          0,           0,        3614,      -4.010009762,   -0.009252475927,       1.303149633,       -0.01124008
          0,           0,        3615,       -4.01256352,   -0.006900718984,       1.320885978,   0.0005354398588
          0,           0,        3616,      -4.012424262,    -0.00574837354,        1.33903219,     0.01218692258
          0,           0,        3617,      -4.016834365,    -0.00465565997,       1.355058793,     0.02203827228
          0,           0,        3618,      -4.015334118,   -0.001611888049,       1.371328347,     0.03216149028
          0,           0,        3619,      -4.012910363,    0.002580846826,       1.389407673,     0.04358378257
          0,           0,        3620,      -4.011627391,    0.005827198643,       1.403227163,     0.05154764864
          0,           0,        3621,      -4.012904523,    0.007514170895,       1.411439478,     0.05498012436
          0,           0,        3622,      -4.013479237,    0.007818665196,       1.414192745,     0.05403618538
          0,           0,        3623,      -4.015692033,    0.006529227107,       1.410029498,     0.04764689766
          0,           0,        3624,       -4.01501074,    0.008468250037,       1.413593613,     0.04720105472
          0,           0,        3625,      -4.015406598,     0.01129518535,       1.421060802,     0.04959289841
          0,           0,        3626,      -4.015732646,     0.01422356196,       1.432009907,     0.05442150398
          0,           0,        3627,      -4.015441938,      0.0183190961,        1.45256697,      0.0663227693
          0,           0,        3628,      -4.009793132,     0.02404857627,        1.47842087,     0.08222891197
          0,           0,        3629,      -4.010245258,     0.03144716163,       1.504644039,     0.09858922805
          0,           0,        3630,      -4.011094531,     0.03646675425,       1.545883505,      0.1255416125
          0,           0,        3631,      -4.011314859,     0.04328858335,       1.571055585,      0.1409600955
          0,           0,        3632,      -4.012565494,     0.04955537184,        1.59117484,      0.1525590809
          0,           0,        3633,      -4.012169571,      0.0551769953,         1.6058241,      0.1600262864
          0,           0,        3634,      -4.011391314,     0.06006829681,       1.616944494,      0.1647726823
          0,           0,        3635,      -4.011512082,     0.06427876124,       1.626319125,      0.1681242744
          0,           0,        3636,      -4.011306183,      0.0691447914,       1.642076176,      0.1761715393
          0,           0,        3637,      -4.007254557,     0.06683906307,        1.69308867,      0.2089276174
          0,           0,        3638,      -4.009010547,      0.0676151187,       1.715350158,       0.221121992
          0,           0,        3639,      -4.002464815,     0.06238886396,       1.718517306,      0.2183489355
          0,           0,        3640,      -3.997928128,     0.06560286058,        1.73482624,      0.2266094959
          0,           0,        3641,      -4.001312051,     0.06423492129,        1.72274878,      0.2133879322
          0,           0,        3642,      -4.001453139,      0.0719615881,        1.72732684,      0.2139543936
          0,           0,        3643,      -4.003857169,     0.08084425941,       1.735189678,      0.2172939278
          0,           0,        3644,      -3.895140377,     0.08708337885,       1.734153926,      0.2138676493
          0,           0,        3645,      -4.009271593,     0.09101181564,       1.724213857,      0.2037191981
          0,           0,        3646,      -4.010493979,     0.09427338534,       1.707130275,       0.188402755
          0,           0,        3647,      -4.011330621,     0.09601152163,        1.68543576,      0.1696376333
          0,           0,        3648,       -4.01111295,     0.09573079119,       1.660138013,      0.1481143348
          0,           0,        3649,      -4.010684253,     0.09477795551,       1.632845684,      0.1252491081
          0,           0,        3650,      -4.009174308,     0.09315111344,       1.599574139,      0.0981670426
          0,           0,        3651,      -3.992485087,     0.09417169732,       1.577836864,     0.08015047847
          0,           0,        3652,      -4.003523866,     0.09607556694,       1.564225391,      0.0684616747
          0,           0,        3653,      -4.003328982,      0.1007094165,       1.564422866,     0.06753533451
          0,           0,        3654,      -4.001606828,      0.1065167347,       1.573171826,     0.07331694695
          0,           0,        3655,      -3.998611486,      0.1100937724,       1.580108483,     0.07772755587
          0,           0,        3656,      -3.996008559,      0.1107352737,       1.580263063,     0.07703648679
          0,           0,        3657,      -4.003981016,      0.1056903051,       1.566293103,     0.06545715569
          0,           0,        3658,      -3.998094903,      0.1448474583,       1.632783775,      0.1190956309
          0,           0,        3659,      -3.997489154,       0.132979253,       1.598868813,     0.09266986385
          0,           0,        3660,      -3.997473538,       0.119267056,       1.558156434,     0.06133454054
          0,           0,        3661,      -3.996203799,      0.1077091104,       1.522560814,      0.0344190349
          0,           0,        3662,      -3.991913551,     0.09722017284,       1.501083242,      0.0183578296
          0,           0,        3663,      -3.985378684,     0.08923097408,       1.483447286,     0.00584545998
          0,           0,        3664,       -3.96561512,     0.08284662258,       1.467786087,   -0.004626382745
          0,           0,        3665,       -3.98556097,      0.0774505339,       1.454169635,    -0.01311102818
          0,           0,        3666,      -3.987579776,     0.07275700087,       1.442494423,    -0.01974283303
          0,           0,        3667,      -4.000844728,     0.06847773989,       1.432322862,    -0.02490747833
          0,           0,        3668,      -4.001756181,     0.06443071194,       1.423554442,    -0.02873357078
          0,           0,        3669,      -4.007500897,     0.06048301217,       1.416178992,    -0.03128017275
          0,           0,        3670,      -4.009671022,     0.05654792747,       1.410124389,    -0.03264676683
          0,           0,        3671,      -4.010426944,     0.05255156363,       1.405588496,     -0.0327315957
          0,           0,        3672,      -4.009263684,      0.0417411931,       1.438330631,   -0.006411771779
          0,           0,        3673,      -4.006476098,     0.03855582481,       1.430311258,   -0.008671094714
          0,           0,        3674,      -4.004528718,     0.03521602158,       1.428484749,   -0.006329901663
          0,           0,        3675,      -3.999914302,     0.03174317298,        1.42789647,   -0.003044408214
          0,           0,        3676,      -3.997335199,     0.02828672458,       1.426819545,  -7.935651545e-05
          0,           0,        3677,      -3.993470835,     0.02494682908,       1.424791969,    0.002219541556
          0,           0,        3678,      -3.990216062,     0.02188635281,       1.421233434,    0.003428873862
          0,           0,        3679,      -3.972766607,     0.01853569879,         1.4195048,    0.005903766715
          0,           0,        3680,      -3.978419944,     0.01464149201,       1.420709195,     0.01039594986
          0,           0,        3681,      -3.978385306,     0.01092961918,       1.421028787,     0.01420702356
          0,           0,        3682,      -3.977306205,    0.007892995606,       1.417718183,     0.01539238402
          0,           0,        3683,      -3.985883886,    0.005591266864,       1.410571717,     0.01380337544
          0,           0,        3684,      -3.986192097,    0.003950721044,        1.40056299,     0.01013520995
          0,           0,        3685,      -3.982204501,    0.002615120384,       1.391465385,    0.007089236971
          0,           0,        3686,      -3.971498556,     0.00451708994,       1.393881589,     0.01284929662
          0,           0,        3687,      -3.927899514,   0.0003707141011,       1.374197224,    0.001440436374
          0,           0,        3688,      -3.909486291,  -0.0008737327842,       1.363951272,   -0.002755740782
          0,           0,        3689,      -3.959709999,   -0.003217772777,        1.35699333,   -0.004850076145
          0,           0,        3690,      -4.005581411,    0.007595841373,       1.383532021,     0.01944134766
          0,           0,        3691,      -3.893809397,     0.01112487865,       1.389805177,     0.02759776581
          0,           0,        3692,      -3.954871542,     0.01233359454,       1.391794324,     0.03201282669
          0,           0,        3693,      -3.970574691,     0.01335268171,       1.393625414,     0.03599954358
          0,           0,        3694,      -3.979466224,     0.01523878629,       1.398467996,     0.04199422339
          0,           0,        3695,      -3.981935885,     0.01828172848,       1.407157833,     0.05060521221
          0,           0,        3696,      -4.008747421,     0.02256666234,        1.41999543,     0.06202391988
          0,           0,        3697,      -4.013569123,     0.02791341076,        1.43621899,     0.07563785012
          0,           0,        3698,      -4.020873447,     0.03403172311,       1.454478399,     0.09040550881
          0,           0,        3699,      -4.024911045,     0.04055041334,       1.473058976,      0.1050243817
          0,           0,        3700,       -4.02550971,     0.04702166079,       1.489961191,      0.1179916949
          0,           0,        3701,      -4.017522601,     0.05298196691,       1.503385448,      0.1279634207
          0,           0,        3702,      -4.016532763,     0.05804111194,       1.512041203,      0.1339904528
          0,           0,        3703,      -4.017105431,     0.06125443548,       1.519561828,      0.1386440926
          0,           0,        3704,      -4.018661637,     0.06313574173,       1.522943711,       0.139856829
          0,           0,        3705,      -4.018177575,     0.06410621981,       1.520785864,      0.1367109813
          0,           0,        3706,      -4.013518947,     0.06424013793,       1.513532996,      0.1295823134
          0,           0,        3707,      -4.016441313,     0.06366840291,       1.502057485,      0.1191663369
          0,           0,        3708,      -4.022571506,     0.06254658779,       1.487522634,      0.1063633143
          0,           0,        3709,      -4.013465887,     0.06110293305,       1.471455425,     0.09233230109
          0,           0,        3710,      -4.020916516,     0.05955363568,       1.455040296,     0.07797938796
          0,           0,        3711,      -4.024159902,     0.05807608801,       1.439150282,     0.06397677982
          0,           0,        3712,      -4.023294357,     0.05677944331,       1.424276328,     0.05070379741
          0,           0,        3713,      -4.022789257,     0.05569256368,       1.410535752,     0.03825258221
          0,           0,        3714,      -4.020488475,     0.05479614188,       1.397839426,     0.02655883216
          0,           0,        3715,      -4.022113697,     0.05403189867,       1.385947154,     0.01544480621
          0,           0,        3716,       -3.95814809,     0.05335327906,       1.374644191,    0.004755585204
          0,           0,        3717,      -3.984622629,     0.05276739595,       1.363891128,   -0.005528642708
          0,           0,        3718,      -4.006386033,       0.052337043,       1.353843473,    -0.01528514188
          0,           0,        3719,      -4.017108228,     0.05211280433,       1.344685542,    -0.02437037279
          0,           0,        3720,      -4.021729231,      0.0521029383,       1.336534823,    -0.03269166215
          0,           0,        3721,      -4.017310891,     0.05227944569,       1.329427332,    -0.04022003264
          0,           0,        3722,      -4.011709059,      0.0525900028,        1.32331781,    -0.04698628924
          0,           0,        3723,      -4.000242499,      0.0531088114,       1.318426872,    -0.05280402101
          0,           0,        3724,      -3.979528639,     0.05389641079,       1.315114644,    -0.05738537588
          0,           0,        3725,      -3.888532763,     0.05490698856,       1.313411592,    -0.06069659293
          0,           0,        3726,      -3.692795665,     0.05606796666,       1.313084239,    -0.06290134393
          0,           0,        3727,      -3.761360319,     0.05725007731,       1.313653993,    -0.06434960639
          0,           0,        3728,      -3.728973987,     0.05832384071,       1.314630687,    -0.06539604663
          0,           0,        3729,      -3.748997216,     0.05919885102,       1.315728396,    -0.06623940136
          0,           0,        3730,      -3.784402817,     0.05983324531,       1.316905499,    -0.06689377464
          0,           0,        3731,      -3.796567664,     0.06023160135,       1.318351914,    -0.06719689233
          0,           0,        3732,      -3.874507085,     0.06042990116,       1.320410563,     -0.0668714772
          0,           0,        3733,      -3.988340258,     0.06051618093,       1.323499225,    -0.06558428817
          0,           0,        3734,      -3.938082783,     0.06058953656,       1.327984186,    -0.06303704355
          0,           0,        3735,      -3.883384918,     0.06071055524,        1.33408186,    -0.05904523106
          0,           0,        3736,      -3.963573991,     0.06088082063,        1.34184292,    -0.05356347759
          0,           0,        3737,       -3.89937877,     0.06106027328,       1.351157674,    -0.04668067432
          0,           0,        3738,      -3.918362318,     0.06117904337,       1.361715205,    -0.03864180505
          0,           0,        3739,      -4.076129708,     0.06114436423,       1.373077391,    -0.02979762126
          0,           0,        3740,      -4.043249711,      0.0608733403,       1.384704634,    -0.02057946079
          0,           0,        3741,      -4.046687562,     0.06035159239,        1.39595954,    -0.01148415087
          0,           0,        3742,      -4.026987244,     0.05965057166,       1.406178416,   -0.003016203783
          0,           0,        3743,      -4.037056171,     0.05887819869,       1.414766983,    0.004376114737
          0,           0,        3744,      -4.036506665,     0.05811788296,       1.421306272,      0.0103700226
          0,           0,        3745,      -4.033693838,     0.05739554787,        1.42544207,     0.01468025882
          0,           0,        3746,      -4.031803353,      0.0566588431,       1.427111557,     0.01722623309
          0,           0,        3747,      -4.033796022,     0.05583877333,       1.426539703,     0.01813975724
          0,           0,        3748,      -4.034631864,     0.05487317219,       1.423861739,     0.01748890323
          0,           0,        3749,      -4.034533114,     0.05364706112,       1.419742368,     0.01572599213
          0,           0,        3750,      -4.034729819,     0.05213925168,       1.414471861,     0.01304346388
          0,           0,        3751,      -4.039052122,     0.05040113979,       1.408142769,    0.009507109163
          0,           0,        3752,      -4.041979706,     0.04456068018,       1.418758828,     0.01769770113
          0,           0,        3753,      -4.045217748,     0.04290491314,       1.407225054,     0.01024551569
          0,           0,        3754,      -4.048898784,     0.04113071024,       1.398598633,    0.004843332184
          0,           0,        3755,      -4.052142077,     0.03901356633,       1.391280669,   0.0002775760854
          0,           0,        3756,      -4.054925923,     0.03667683065,       1.384588551,   -0.003939904001
          0,           0,        3757,      -4.060090709,     0.03419807465,       1.378566819,   -0.007770297666
          0,           0,        3758,      -4.064253096,     0.03165053714,       1.373288315,    -0.01115747872
          0,           0,        3759,      -4.067405868,      0.0291398746,       1.368650869,    -0.01416975164
          0,           0,        3760,       -4.07098133,     0.02676581648,       1.364520861,    -0.01690244709
          0,           0,        3761,       -4.07428748,     0.02460637578,       1.360824622,    -0.01941386905
          0,           0,        3762,      -4.076549853,     0.02270434343,       1.357544177,    -0.02172998756
          0,           0,        3763,      -4.076930065,     0.02102710536,        1.35499067,    -0.02364901038
          0,           0,        3764,      -4.078891889,     0.01950039146,       1.353523637,    -0.02494178498
          0,           0,        3765,      -4.081062082,     0.01803271678,       1.353537588,    -0.02535495777
          0,           0,        3766,      -4.078301179,     0.01643464311,       1.355829017,    -0.02435399542
          0,           0,        3767,      -4.077447221,     0.01456572993,       1.360860768,    -0.02163578197
          0,           0,        3768,      -4.078530342,     0.01238063291,       1.368798015,    -0.01709406198
          0,           0,        3769,      -4.077985432,     0.00986029117,       1.379523193,    -0.01081884266
          0,           0,        3770,      -4.078240861,    0.007083205738,       1.392490973,   -0.003188774899
          0,           0,        3771,      -4.060358499,    0.004283597918,       1.406533453,    0.004999228146
          0,           0,        3772,      -4.075187248,    0.001794336941,       1.420252997,     0.01279820707
          0,           0,        3773,      -4.071279464,  -7.819717099e-05,       1.432395159,     0.01936970147
          0,           0,        3774,      -4.074185935,   -0.001150110131,       1.442112681,     0.02416414383
          0,           0,        3775,      -4.075847882,   -0.001391383597,       1.449042578,     0.02697225131
          0,           0,        3776,      -4.075879226,  -0.0008897178223,       1.453175774,     0.02782819076
          0,           0,        3777,      -4.077789478,   0.0002084425286,       1.454644903,     0.02685813584
          0,           0,        3778,      -4.078585786,    0.001743211186,       1.453672527,     0.02424798033
          0,           0,        3779,      -4.078777783,    0.003551018104,       1.450528828,     0.02021268237
          0,           0,        3780,      -4.079307331,       0.005477371,       1.445537327,      0.0150055625
          0,           0,        3781,      -4.079038282,    0.007376121182,       1.439013918,    0.008872287965
          0,           0,        3782,      -4.074232714,    0.009095127716,       1.431278892,    0.002053840828
          0,           0,        3783,      -4.080463572,     0.01066895599,       1.422822382,   -0.005062754375
          0,           0,        3784,      -4.082532333,     0.01209527255,        1.41420883,    -0.01204906476
          0,           0,        3785,      -4.083760895,     0.01333608556,       1.405902347,    -0.01856506342
          0,           0,        3786,      -4.084853252,     0.01444370003,       1.398116448,    -0.02444996009
          0,           0,        3787,      -4.086471589,     0.01547475877,       1.390885307,    -0.02968149862
          0,           0,        3788,      -4.087025449,      0.0164582754,       1.384205302,    -0.03427693683
          0,           0,        3789,      -4.087788936,     0.01741521643,       1.378148224,    -0.03820665991
          0,           0,        3790,      -4.088392239,      0.0183395042,       1.372771799,     -0.0414582964
          0,           0,        3791,      -4.091015948,     0.01922744918,       1.367723956,    -0.04431883329
          0,           0,        3792,      -4.089079722,     0.02009286914,       1.363072951,    -0.04676763304
          0,           0,        3793,      -4.091833649,     0.02094175386,       1.359138164,    -0.04859899557
          0,           0,        3794,      -4.093228287,      0.0217695256,       1.356336103,    -0.04953475187
          0,           0,        3795,      -4.092404227,     0.02256676707,       1.355003041,     -0.0493517917
          0,           0,        3796,      -4.088207244,     0.02332023755,       1.355176093,    -0.04803798814
          0,           0,        3797,      -4.086609876,     0.02401305945,       1.356633068,    -0.04576339211
          0,           0,        3798,      -4.081838837,     0.02464160504,       1.358957897,    -0.04283063199
          0,           0,        3799,      -4.081814346,     0.02519919222,       1.361603622,    -0.03963586331
          0,           0,        3800,      -4.077270618,     0.02568437538,       1.363894076,    -0.03666216068
          0,           0,        3801,      -4.081620818,     0.02608173172,       1.365471157,    -0.03415986909
          0,           0,        3802,      -4.081612904,     0.02637605214,       1.365986103,     -0.0323699303
          0,           0,        3803,      -4.080469655,      0.0265520288,         1.3651393,    -0.03149402511
          0,           0,        3804,      -4.083224212,     0.02660173646,       1.362765512,    -0.03163856746
          0,           0,        3805,      -4.082212898,     0.02653208381,        1.35882235,    -0.03281694998
          0,           0,        3806,      -4.068033767,     0.02634664174,        1.35342748,    -0.03492888522
          0,           0,        3807,      -4.079875398,     0.02604224505,       1.346854112,    -0.03776773845
          0,           0,        3808,      -4.082942546,     0.02553285271,       1.339984995,    -0.04069639034
          0,           0,        3809,       -4.08442097,     0.02482265477,       1.333245671,    -0.04340544881
          0,           0,        3810,      -4.090161348,     0.02399104027,        1.32662052,    -0.04590219437
          0,           0,        3811,      -4.086461666,     0.02307427316,       1.320073992,    -0.04821759711
          0,           0,        3812,      -4.086381754,     0.02208469167,        1.31363529,    -0.05034375314
          0,           0,        3813,      -4.090624018,     0.02103613642,       1.307335521,    -0.05227674021
          0,           0,        3814,      -4.093437673,     0.01995266923,       1.301220413,    -0.05400135787
          0,           0,        3815,       -4.09620933,       0.018852825,       1.295336797,    -0.05550714071
          0,           0,        3816,      -4.095526248,     0.01774130519,       1.289798286,    -0.05673896998
          0,           0,        3817,      -4.096695042,     0.01661081487,       1.284715852,    -0.05764455451
          0,           0,        3818,      -4.097297158,     0.01545862452,       1.280253294,    -0.05813679689
          0,           0,        3819,       -4.09428051,     0.01428942593,       1.276544689,    -0.05814520752
          0,           0,        3820,      -4.093439152,     0.01311629803,       1.273656462,    -0.05764509656
          0,           0,        3821,      -4.077494765,     0.01196428366,       1.271639733,    -0.05662074179
          0,           0,        3822,        -4.0928712,     0.01086623954,       1.270482587,    -0.05509974446
          0,           0,        3823,      -4.092100723,    0.009866068692,       1.270142927,    -0.05312818019
          0,           0,        3824,      -4.075308412,     0.00900724254,       1.270587523,    -0.05074396808
          0,           0,        3825,      -4.094312838,    0.008326706135,       1.271768653,    -0.04799369492
          0,           0,        3826,       -4.09170006,    0.007854233204,       1.273522025,    -0.04500766111
          0,           0,        3827,      -4.065789741,    0.007608599534,       1.275815899,    -0.04181693354
          0,           0,        3828,      -4.088325613,     0.00759152602,       1.278502795,    -0.03853541476
          0,           0,        3829,      -4.089127105,    0.007792498037,       1.281415337,    -0.03529051415
          0,           0,        3830,      -4.081998813,    0.008186399213,       1.284383556,    -0.03220938781
          0,           0,        3831,      -4.083310756,    0.008752752459,       1.287326313,    -0.02935114551
          0,           0,        3832,       -4.08993324,    0.007448212304,       1.301359567,    -0.01888437249
          0,           0,        3833,      -4.080783352,    0.008224091462,       1.308438505,    -0.01341239055
          0,           0,        3834,      -4.032969113,     0.00891793261,       1.313728881,   -0.009475619263
          0,           0,        3835,      -4.083536132,    0.009850024862,       1.318284548,   -0.006238831918
          0,           0,        3836,      -4.088063409,     0.01095226277,       1.322409464,   -0.003482109448
          0,           0,        3837,      -4.081171669,     0.01215229683,       1.326328174,   -0.001046708475
          0,           0,        3838,       -4.08373187,     0.01341600479,       1.330224609,    0.001203311368
          0,           0,        3839,      -4.089266082,     0.01472103511,       1.334399108,    0.003489281424
          0,           0,        3840,      -4.087147357,     0.01602200517,       1.339011718,    0.005924773662
          0,           0,        3841,      -4.089799026,      0.0172956302,       1.343825093,    0.008334650082
          0,           0,        3842,      -4.089522155,     0.01914430395,        1.34537208,    0.008275597377
          0,           0,        3843,       -4.08568597,     0.02103568053,       1.345837467,    0.007270859846
          0,           0,        3844,      -4.084809894,     0.02260811494,        1.34620805,    0.005993352401
          0,           0,        3845,      -4.085713642,     0.02402819289,       1.346220084,    0.004279239479
          0,           0,        3846,      -4.076487143,     0.02532817259,       1.345702006,    0.002009656666
          0,           0,        3847,      -4.081673045,     0.02653162509,       1.344696194,  -0.0007813112187
          0,           0,        3848,      -4.084096764,     0.02735443176,       1.345001368,   -0.002819603378
          0,           0,        3849,      -4.082720324,     0.02810431053,       1.345523341,   -0.004853467506
          0,           0,        3850,      -4.085130701,     0.02898873749,       1.345758041,   -0.007212180165
          0,           0,        3851,      -4.087723749,     0.02994408437,       1.345789167,   -0.009832631795
          0,           0,        3852,      -4.088218773,     0.03095872363,       1.345665172,    -0.01266548534
          0,           0,        3853,      -4.088636047,     0.03202140809,       1.345408172,    -0.01568062643
          0,           0,        3854,      -4.090149893,     0.03311504814,       1.345074503,    -0.01882190399
          0,           0,        3855,      -4.089374375,     0.03421368074,       1.344753659,    -0.02200960563
          0,           0,        3856,      -4.091549541,     0.03528918186,       1.344495697,    -0.02518968303
          0,           0,        3857,      -4.091601443,     0.03632198542,       1.344335354,    -0.02831841223
          0,           0,        3858,      -4.090902129,     0.03730451017,       1.344311289,    -0.03134572551
          0,           0,        3859,       -4.08877243,     0.03822517545,       1.344502269,    -0.03419514989
          0,           0,        3860,      -4.087612303,     0.03906647233,       1.344925724,    -0.03683377316
          0,           0,        3861,      -4.085332903,      0.0397224242,       1.346073687,    -0.03889472875
          0,           0,        3862,       -4.08481332,     0.04017043194,       1.347894637,    -0.04040006478
          0,           0,        3863,        -4.0849133,     0.04049587212,       1.349885977,    -0.04168460186
          0,           0,        3864,      -4.086861818,     0.04074222628,       1.351512872,    -0.04311520745
          0,           0,        3865,      -4.086654597,     0.04094005129,       1.352374461,    -0.04496540572
          0,           0,        3866,      -4.086794406,      0.0411094067,       1.352316488,    -0.04733146843
          0,           0,        3867,      -4.087440604,     0.04125592634,       1.351400803,    -0.05015668695
          0,           0,        3868,      -4.088158722,     0.04137987638,       1.349819856,    -0.05329338264
          0,           0,        3869,      -4.088745772,     0.04147832306,       1.347778736,    -0.05658615433
          0,           0,        3870,      -4.088960536,     0.04154869314,       1.345416916,    -0.05992910817
          0,           0,        3871,      -4.086287879,     0.04158719238,       1.342766545,    -0.06329636413
          0,           0,        3872,      -4.083403039,     0.04158416061,       1.339891717,    -0.06664249208
          0,           0,        3873,      -4.074988941,     0.04151987639,       1.336842839,    -0.06993224324
          0,           0,        3874,      -4.078506213,     0.04137482629,       1.333655805,    -0.07314103658
          0,           0,        3875,      -4.088830304,     0.04113163378,       1.330326122,    -0.07627494496
          0,           0,        3876,      -4.084725103,     0.04077730681,       1.326847011,    -0.07934096419
          0,           0,        3877,      -4.088420974,     0.04030673574,       1.323223407,    -0.08233586124
          0,           0,        3878,      -4.089188901,     0.03972366146,       1.319496127,    -0.08523002895
          0,           0,        3879,      -4.083981124,     0.03904502921,       1.315774581,    -0.08794388292
          0,           0,        3880,      -4.083539639,     0.03829706941,       1.312274833,    -0.09031906764
          0,           0,        3881,      -4.087116847,     0.03750942538,       1.309311932,    -0.09212603913
          0,           0,        3882,      -4.089994909,     0.03671103051,       1.307257888,    -0.09309744103
          0,           0,        3883,      -4.085207881,     0.03592655938,       1.306546197,    -0.09292272601
          0,           0,        3884,      -4.082220229,     0.03517043715,       1.307593078,    -0.09130725294
          0,           0,        3885,      -4.086914085,     0.03444805799,       1.310781467,    -0.08798485441
          0,           0,        3886,      -4.084875073,     0.03378234367,       1.316481681,      -0.082697737
          0,           0,        3887,      -4.075396222,     0.03321387807,       1.325007067,    -0.07522940374
          0,           0,        3888,      -4.080437907,     0.03278602556,       1.336514633,    -0.06548054207
          0,           0,        3889,      -4.079061311,     0.03251952013,        1.35073231,    -0.05366848565
          0,           0,        3890,      -4.077576175,     0.03240050838,       1.366946769,    -0.04033759406
          0,           0,        3891,        -4.0758348,     0.03238279094,       1.384078325,     -0.0263010164
          0,           0,        3892,      -4.073491006,     0.03240784422,       1.400898385,    -0.01248014874
          0,           0,        3893,      -4.068975919,     0.03241812573,       1.416198448,   0.0002241362315
          0,           0,        3894,      -4.065914738,     0.03236435589,        1.42897434,     0.01106687993
          0,           0,        3895,      -4.060411869,     0.03220318325,       1.438513134,     0.01952120832
          0,           0,        3896,      -4.064026322,     0.03190444484,       1.444340676,     0.02524068261
          0,           0,        3897,      -4.046660664,     0.03143793627,       1.446328316,     0.02813462259
          0,           0,        3898,      -4.052685036,     0.03077717066,       1.444664127,     0.02834637162
          0,           0,        3899,      -4.063029961,     0.02989647536,       1.439629335,     0.02608864514
          0,           0,        3900,      -4.065565934,     0.02878374349,       1.431532593,     0.02159703174
          0,           0,        3901,      -4.067529352,      0.0274574234,       1.420951364,     0.01530435796
          0,           0,        3902,      -4.068128468,     0.02588181333,        1.40882166,    0.007894386096
          0,           0,        3903,      -4.069537943,     0.02408509338,       1.395662554,  -0.0002491598937
          0,           0,        3904,      -4.062605954,     0.02218804557,       1.381776603,   -0.008891049668
          0,           0,        3905,      -4.069688011,     0.02026482602,        1.36750323,    -0.01777935223
          0,           0,        3906,      -4.077060646,     0.01834829637,       1.353179088,    -0.02667277291
          0,           0,        3907,      -4.079354576,     0.01644860545,       1.339059331,    -0.03539351162
          0,           0,        3908,      -4.081455287,     0.01457161491,       1.325370332,    -0.04379346032
          0,           0,        3909,       -4.08369516,     0.01272547953,       1.312281912,    -0.05176635769
          0,           0,        3910,      -4.085133262,     0.01093052067,       1.299930294,    -0.05922662225
          0,           0,        3911,      -4.080805664,    0.009160903223,       1.288335147,    -0.06618131734
          0,           0,        3912,      -4.068806387,    0.007385375654,        1.27749301,    -0.07265392444
          0,           0,        3913,      -4.083910103,    0.005612394938,       1.267421998,    -0.07864141142
          0,           0,        3914,      -4.086022991,    0.003889317275,        1.25815363,    -0.08412513946
          0,           0,        3915,      -4.084561053,    0.002196890028,       1.250044157,    -0.08885448879
          0,           0,        3916,       -4.08635481,   0.0005577405053,       1.243090275,    -0.09283339698
          0,           0,        3917,      -4.083237925,   -0.000923143198,       1.236936684,    -0.09630861921
          0,           0,        3918,      -4.085900613,   -0.002183992475,       1.231320938,    -0.09946258681
          0,           0,        3919,      -4.086263649,   -0.003203481278,       1.226007288,     -0.1024628591
          0,           0,        3920,      -4.086536518,     -0.0040435995,       1.221080501,     -0.1052498021
          0,           0,        3921,      -4.087843233,   -0.004768067302,       1.216481797,     -0.1078694377
          0,           0,        3922,      -4.087869362,   -0.005372926785,       1.211974054,     -0.1104834058
          0,           0,        3923,      -4.088425742,   -0.005859034591,         1.2073272,     -0.1132468919
          0,           0,        3924,      -4.083153155,   -0.006247646023,       1.202439212,     -0.1162242037
          0,           0,        3925,      -4.062989355,   -0.006573090359,       1.197280032,      -0.119428184
          0,           0,        3926,      -4.079670789,   -0.006876853068,       1.191835381,     -0.1228574812
          0,           0,        3927,      -4.089352748,   -0.007205051465,       1.186101622,       -0.12650493
          0,           0,        3928,      -4.073869744,   -0.007601047211,       1.180121683,     -0.1303322523
          0,           0,        3929,       -4.08176806,   -0.008098403758,       1.173969666,     -0.1342766644
          0,           0,        3930,      -4.083570921,   -0.008705517329,       1.167790922,     -0.1382252027
          0,           0,        3931,      -4.084460742,   -0.009391823092,       1.161804946,     -0.1420086764
          0,           0,        3932,      -4.087029933,    -0.01009364939,       1.156311405,     -0.1453963872
          0,           0,        3933,      -4.089723323,    -0.01074019626,       1.151614128,     -0.1481583328
          0,           0,        3934,      -4.079276785,    -0.01127440915,       1.147877676,     -0.1501753223
          0,           0,        3935,      -4.088266039,    -0.01167031083,       1.145160419,     -0.1514143326
          0,           0,        3936,      -4.090631181,   -0.007879250377,       1.152836831,     -0.1443977066
          0,           0,        3937,      -3.958961276,   -0.004754549405,       1.159661343,     -0.1381387344
          0,           0,        3938,      -4.008816259,   -0.002169277684,       1.165694292,     -0.1325927173
          0,           0,        3939,      -4.091577139,   -0.002618688857,       1.183674047,     -0.1188399758
          0,           0,        3940,      -4.016628758,  -0.0007175696259,       1.191417366,     -0.1123240697
          0,           0,        3941,      -4.030022327,   0.0006271654453,       1.198379805,     -0.1065912997
          0,           0,        3942,      -4.039821065,    0.001806806667,       1.205634802,     -0.1008150846
          0,           0,        3943,      -4.048231558,    0.002898558566,       1.213410275,     -0.0948407506
          0,           0,        3944,      -4.051964233,    0.004037552917,       1.221882711,    -0.08853894302
          0,           0,        3945,      -4.048810383,    0.005393427564,       1.231219792,    -0.08177751117
          0,           0,        3946,      -4.043338029,    0.007113879552,       1.241441222,    -0.07453016156
          0,           0,        3947,      -4.042049718,    0.009257555904,       1.252411459,    -0.06688919197
          0,           0,        3948,      -4.034252867,     0.01180681514,       1.263953407,    -0.05898169873
          0,           0,        3949,      -4.026355286,     0.01468815905,       1.275886889,    -0.05093657004
          0,           0,        3950,      -4.020724784,      0.0177880784,       1.288076725,    -0.04284786759
          0,           0,        3951,      -4.017263933,     0.02097159644,       1.300328288,    -0.03485279993
          0,           0,        3952,      -4.016406761,     0.02411685006,       1.312360407,    -0.02714298431
          0,           0,        3953,      -4.017520649,     0.02709413644,       1.323655272,    -0.02008242148
          0,           0,        3954,      -4.019591442,     0.02984457514,       1.333846417,    -0.01391450918
          0,           0,        3955,      -4.022106674,     0.03235000693,       1.342703064,   -0.008780229012
          0,           0,        3956,      -4.024966343,     0.03459177133,       1.350173945,   -0.004691297119
          0,           0,        3957,      -4.027942799,     0.03656653833,       1.356378706,   -0.001538931005
          0,           0,        3958,       -4.03028039,     0.03828397696,       1.361549994,   0.0008648904029
          0,           0,        3959,      -4.032182942,     0.03977668545,       1.365988748,    0.002754019625
          0,           0,        3960,      -4.033675406,     0.04110088452,       1.370016624,    0.004374449226
          0,           0,        3961,      -4.032856859,     0.04232527321,       1.373963475,    0.005973826308
          0,           0,        3962,      -4.032557698,     0.04351902741,       1.378173505,    0.007805832244
          0,           0,        3963,      -4.035823519,     0.04473017407,       1.382992192,     0.01011655298
          0,           0,        3964,      -4.035688667,     0.04598238213,       1.388732681,     0.01312280455
          0,           0,        3965,      -4.034578299,     0.04727867882,       1.395674343,     0.01701284736
          0,           0,        3966,      -4.030535543,     0.04860568578,       1.404026748,     0.02192159325
          0,           0,        3967,      -4.030828632,     0.04994400596,       1.413887597,     0.02790184523
          0,           0,        3968,      -4.029549485,     0.05127583148,        1.42511961,     0.03483969294
          0,           0,        3969,      -4.026192199,     0.05257718926,       1.437553884,     0.04260019991
          0,           0,        3970,      -4.022845374,     0.05381814422,       1.450829893,     0.05091243474
          0,           0,        3971,      -4.020873555,     0.05499149405,       1.464445714,     0.05941016778
          0,           0,        3972,      -4.014295533,     0.05609603511,        1.47786984,     0.06771021619
          0,           0,        3973,      -4.011777138,     0.05712923961,       1.490574418,     0.07543447237
          0,           0,        3974,      -4.010253709,     0.05810834128,       1.502107248,     0.08226719542
          0,           0,        3975,      -4.011154061,     0.05904644292,       1.512105483,     0.08795872249
          0,           0,        3976,      -4.009491143,     0.05988873307,       1.520668161,     0.09258608883
          0,           0,        3977,      -4.007285761,     0.06061099092,       1.527805878,     0.09616619533
          0,           0,        3978,       -4.00638524,     0.06126457761,       1.533406654,      0.0986375454
          0,           0,        3979,      -4.004662858,     0.06191341507,       1.537497392,      0.1000390665
          0,           0,        3980,      -4.003255236,      0.0626015518,       1.540246979,      0.1005070664
          0,           0,        3981,      -4.000855366,     0.06335207735,       1.541948647,      0.1002624037
          0,           0,        3982,      -3.997143938,     0.06417433769,       1.542883676,      0.0995143857
          0,           0,        3983,      -3.990321531,     0.06506131681,       1.543301105,     0.09844475617
          0,           0,        3984,      -3.988748724,     0.06599487313,       1.543345908,      0.0971555521
          0,           0,        3985,       -3.98741979,     0.06691457006,       1.543078471,     0.09567633267
          0,           0,        3986,      -3.988688029,      0.0677680087,       1.542519611,     0.09400803038
          0,           0,        3987,      -3.988235865,     0.06848484303,       1.541565667,     0.09205591202
          0,           0,        3988,      -3.988283823,     0.06897074003,       1.540091479,     0.08970491468
          0,           0,        3989,      -3.983020048,     0.06909789858,       1.537826291,     0.08672947406
          0,           0,        3990,      -3.982925287,     0.06876702461,       1.534521678,     0.08292608472
          0,           0,        3991,       -3.98426431,      0.0679752456,       1.530116726,     0.07824480247
          0,           0,        3992,      -3.984827365,      0.0668558114,       1.524879502,     0.07289924906
          0,           0,        3993,      -3.986150119,     0.06563133649,       1.519262689,     0.06725126482
          0,           0,        3994,      -3.989808888,     0.06452956794,       1.513726159,     0.06167125759
          0,           0,        3995,       -3.99149227,     0.06371390285,       1.508582648,     0.05641362482
          0,           0,        3996,      -3.992617662,     0.06325566897,       1.503943769,     0.05157396106
          0,           0,        3997,      -3.992624703,     0.06316835095,       1.499845679,     0.04718428635
          0,           0,        3998,      -3.993193754,     0.06340469005,        1.49625592,     0.04321919858
          0,           0,        3999,      -3.994719541,     0.06389793993,       1.493136073,     0.03964832306
          0,           0,        4000,       -3.98237956,     0.06457839267,       1.490417681,     0.03642024829
          0,           0,        4001,      -3.977742779,     0.06538081458,       1.488015652,     0.03347389698
          0,           0,        4002,      -3.985340534,     0.06625022981,       1.485833217,     0.03074127334
          0,           0,        4003,      -3.989764044,     0.06713811107,       1.483802837,     0.02817949513
          0,           0,        4004,      -3.990678769,      0.0679937327,       1.481942165,     0.02580727856
          0,           0,        4005,      -3.991463692,     0.06877377072,       1.480334877,     0.02369198398
          0,           0,        4006,      -3.990557854,     0.06943882815,       1.479163021,     0.02197230641
          0,           0,        4007,      -3.991505681,     0.06994913654,       1.478655652,     0.02081719745
          0,           0,        4008,      -3.989789219,     0.07026442342,       1.479137305,      0.0204604402
          0,           0,        4009,      -3.990396459,     0.07035706576,       1.480845626,      0.0210705464
          0,           0,        4010,      -3.992616798,     0.07024464842,       1.483820246,     0.02267377467
          0,           0,        4011,      -3.994774777,      0.0699703074,       1.487853823,     0.02511693723
          0,           0,        4012,       -3.99394591,     0.06957991193,       1.492582146,     0.02813037634
          0,           0,        4013,       -3.98929986,     0.06912968945,       1.497564336,     0.03138966394
          0,           0,        4014,      -3.987650097,     0.06866956776,       1.502301887,     0.03452411039
          0,           0,        4015,      -3.986351781,     0.06824439228,       1.506386333,     0.03722739058
          0,           0,        4016,      -3.987019595,     0.06789313333,       1.509509146,      0.0392656337
          0,           0,        4017,      -3.983897146,     0.06764732932,       1.511458406,     0.04047710597
          0,           0,        4018,      -3.979914725,     0.06751589707,       1.512146593,     0.04079033806
          0,           0,        4019,      -3.986136759,     0.06751049411,        1.51158123,      0.0402045225
          0,           0,        4020,      -3.988535387,     0.06765453658,       1.509842056,     0.03877631008
          0,           0,        4021,      -3.986971711,     0.06794779452,       1.507103478,     0.03663232786
          0,           0,        4022,      -3.986877116,     0.06836542749,       1.503637527,       0.033970973
          0,           0,        4023,      -3.981199256,     0.06887324973,       1.499606102,     0.03091600483
          0,           0,        4024,      -3.978377421,      0.0694412361,       1.495193896,     0.02761147768
          0,           0,        4025,      -3.979485377,     0.07003275822,       1.490530387,     0.02416422419
          0,           0,        4026,      -3.983026501,     0.07061413667,        1.48573925,     0.02068024006
          0,           0,        4027,      -3.983731518,     0.07115537001,       1.480969132,     0.01728602827
          0,           0,        4028,      -3.986611482,     0.07162893897,       1.476361833,     0.01410339037
          0,           0,        4029,      -3.984145693,     0.07199968231,       1.471973612,     0.01119230238
          0,           0,        4030,      -3.985823125,     0.07223747087,       1.467829932,    0.008590176744
          0,           0,        4031,      -3.985207987,      0.0723309922,       1.463893332,     0.00628932929
          0,           0,        4032,      -3.986322318,     0.07228678553,       1.460084601,    0.004249860727
          0,           0,        4033,      -3.988328825,     0.07211066813,       1.456320178,    0.002427164095
          0,           0,        4034,      -3.972703492,     0.07180598213,       1.452528893,   0.0007806784037
          0,           0,        4035,      -3.974632971,     0.07138260071,        1.44864418,   -0.000730771432
          0,           0,        4036,      -3.977017753,     0.07085465164,       1.444581209,   -0.002165628568
          0,           0,        4037,      -3.974706649,     0.07024034855,       1.440275115,   -0.003569270359
          0,           0,        4038,      -3.976179986,      0.0695277294,       1.435820291,   -0.004881972406
          0,           0,        4039,      -3.983419389,     0.06869908476,       1.431321842,   -0.006040143833
          0,           0,        4040,      -3.984759357,      0.0677696751,       1.426786722,   -0.007050003716
          0,           0,        4041,      -3.985350095,     0.06677335466,       1.422160301,   -0.007960594081
          0,           0,        4042,       -3.99248722,     0.06575290383,       1.417396979,   -0.008816779627
          0,           0,        4043,       -3.99218485,     0.06474757148,       1.412450383,   -0.009665145944
          0,           0,        4044,      -3.992451912,     0.06378996323,       1.407315842,    -0.01052330624
          0,           0,        4045,       -3.99240754,     0.06284741755,       1.402282082,    -0.01120222433
          0,           0,        4046,      -3.992820249,     0.06189402546,       1.397546556,    -0.01157644095
          0,           0,        4047,      -3.993331968,     0.06096362817,        1.39309966,    -0.01166386156
          0,           0,        4048,      -3.993360737,     0.06009028421,       1.388841242,    -0.01154678362
          0,           0,        4049,      -3.993229711,     0.05928850042,       1.384697612,    -0.01129052066
          0,           0,        4050,      -3.993050939,     0.05855904925,       1.380649355,    -0.01092251112
          0,           0,        4051,      -3.992258205,     0.05789802592,       1.376716655,    -0.01044140582
          0,           0,        4052,      -3.993224455,     0.05729737668,       1.372916006,   -0.009850851335
          0,           0,        4053,      -3.992309523,     0.05674802487,       1.369273228,   -0.009149312871
          0,           0,        4054,      -3.991089857,     0.05623929669,       1.365822589,   -0.008328821892
          0,           0,        4055,      -3.991176742,     0.05576505742,       1.362627795,   -0.007362046929
          0,           0,        4056,      -3.990446596,     0.05531632046,       1.359755852,   -0.006222390031
          0,           0,        4057,      -3.988946366,     0.05486668962,       1.357270184,   -0.004889720197
          0,           0,        4058,      -3.988744749,     0.05439919661,       1.355151854,   -0.003404229331
          0,           0,        4059,       -3.98948923,     0.05387459552,       1.353555652,   -0.001683852373
          0,           0,        4060,      -3.988757942,     0.05326539741,        1.35259877,    0.000330202345
          0,           0,        4061,      -3.991306228,     0.05260308582,       1.352186967,    0.002550809827
          0,           0,        4062,      -3.986919148,     0.05193934341,       1.352132975,    0.004826059296
          0,           0,        4063,      -3.989450034,     0.05131154739,       1.352267097,    0.007016909265
          0,           0,        4064,      -3.992006199,     0.05072998174,       1.352539496,    0.009069834105
          0,           0,        4065,      -3.991880217,     0.04937831732,       1.356695893,     0.01358610612
          0,           0,        4066,      -3.992253324,     0.04783206937,       1.361927727,     0.01858210973
          0,           0,        4067,      -3.993064532,     0.04667157646,       1.366308334,     0.02272496143
          0,           0,        4068,      -3.993778922,     0.04578882569,       1.369701858,     0.02588977823
          0,           0,        4069,      -3.993884709,     0.04513489807,       1.372464226,     0.02832437823
          0,           0,        4070,      -3.990378599,     0.04468569382,       1.374898583,     0.03024381348
          0,           0,        4071,      -3.991969022,     0.04443063393,       1.377159505,     0.03175993099
          0,           0,        4072,      -3.991844429,      0.0443623275,       1.379307393,      0.0329192257
          0,           0,        4073,      -3.991571623,     0.04436143706,       1.382034199,     0.03421590191
          0,           0,        4074,      -3.987223478,     0.04437142305,       1.385403259,     0.03569562497
          0,           0,        4075,      -3.987208519,     0.04444312797,       1.388899103,     0.03699800262
          0,           0,        4076,      -3.992851048,     0.04457455666,       1.391991917,     0.03774569032
          0,           0,        4077,      -3.994689787,     0.04473919818,       1.394413415,     0.03775129917
          0,           0,        4078,      -3.996755727,     0.04485278567,       1.396482809,     0.03725156857
          0,           0,        4079,      -3.997812058,     0.04477350214,       1.399114561,     0.03691140915
          0,           0,        4080,      -3.996990365,     0.04461486524,        1.40215862,     0.03665607591
          0,           0,        4081,      -4.002293927,     0.04455308516,       1.405120217,     0.03616685245
          0,           0,        4082,      -4.011276914,     0.04466880826,         1.4076874,      0.0352434482
          0,           0,        4083,      -4.015311994,     0.04501514928,       1.409678669,     0.03377551913
          0,           0,        4084,      -4.015580508,     0.04543402464,       1.412248583,     0.03259665139
          0,           0,        4085,      -4.014413375,     0.04593209437,        1.41584453,     0.03204697053
          0,           0,        4086,      -4.012537453,     0.04664487293,       1.420331249,     0.03205719772
          0,           0,        4087,      -4.007328544,     0.04754255553,       1.425680937,      0.0326098427
          0,           0,        4088,      -4.002092244,     0.04860416632,       1.431619977,     0.03350928136
          0,           0,        4089,      -4.001427496,     0.06692432591,       1.348689781,    -0.02813826083
          0,           0,        4090,      -4.008813163,     0.06489287044,        1.38539739,   -0.005342039873
          0,           0,        4091,      -3.999039466,     0.06302519991,       1.404361985,    0.004402474789
          0,           0,        4092,       -3.98959136,     0.06244548403,        1.41633563,    0.009175251044
          0,           0,        4093,      -3.988823092,     0.06268172184,       1.425373504,     0.01189769949
          0,           0,        4094,      -3.988307888,     0.06325727315,       1.432980425,     0.01362270595
          0,           0,        4095,      -3.989225815,     0.06393661131,       1.439764672,     0.01478552638
          0,           0,        4096,       -3.99129224,     0.06468954135,       1.446048261,     0.01564305528
          0,           0,        4097,      -3.990216323,     0.06558476115,       1.451993264,     0.01635134292
          0,           0,        4098,      -3.991192726,     0.06666434336,       1.457694722,     0.01701183851
          0,           0,        4099,      -3.994300567,     0.06791503828,       1.463086943,     0.01759869952
          0,           0,        4100,      -3.994708976,     0.06934456099,       1.467785161,      0.0178547415
          0,           0,        4101,      -3.993054729,     0.07089082719,       1.471546584,     0.01761349119
          0,           0,        4102,      -3.991634572,      0.0724381352,       1.474358527,     0.01686622563
          0,           0,        4103,      -3.993028623,     0.07374873237,        1.47707768,     0.01622075702
          0,           0,        4104,      -3.993157414,     0.07475398398,       1.479905052,     0.01582809795
          0,           0,        4105,      -3.993125742,     0.07560041713,       1.482540479,     0.01550211138
          0,           0,        4106,      -3.994032189,     0.07637355129,       1.484997396,     0.01527649624
          0,           0,        4107,      -3.994543713,     0.07703848167,       1.488046666,     0.01571990026
          0,           0,        4108,      -3.994494068,     0.08531519048,       1.444289371,    -0.01670267295
          0,           0,        4109,      -3.995011288,     0.09075002561,       1.403367793,    -0.04722757333
          0,           0,        4110,       -3.99517619,     0.09038201891,       1.402734237,    -0.04885219264
          0,           0,        4111,      -3.994412743,     0.09114136712,       1.415198074,    -0.04042078213
          0,           0,        4112,      -3.995441735,     0.09183184365,       1.428420377,    -0.03116816677
          0,           0,        4113,      -3.995637428,      0.0924633036,       1.439679216,      -0.023088094
          0,           0,        4114,      -3.995428422,     0.09300937764,       1.448850757,    -0.01627654633
          0,           0,        4115,       -3.99593012,     0.09334597914,       1.456693416,    -0.01020002338
          0,           0,        4116,      -3.997799712,     0.09352763044,       1.463277729,   -0.004802923745
          0,           0,        4117,      -3.999961691,     0.09347811569,        1.46907567,   0.0002424849322
          0,           0,        4118,      -4.000717004,     0.09312979575,       1.474319691,    0.005088654402
          0,           0,        4119,      -4.001825044,     0.09255745273,       1.478627045,    0.009457526077
          0,           0,        4120,      -4.003458229,     0.09186983979,       1.481504866,      0.0129956797
          0,           0,        4121,      -4.004598038,     0.07906564302,       1.567331312,     0.07567623633
          0,           0,        4122,      -4.003543332,      0.0827197748,       1.539259479,     0.05763196479
          0,           0,        4123,      -4.005338065,     0.08375095202,       1.523241347,     0.04820037217
          0,           0,        4124,      -4.005625045,     0.08424662214,       1.512302837,     0.04257407239
          0,           0,        4125,      -4.004677428,     0.08621962827,       1.490645338,     0.02946445648
          0,           0,        4126,      -4.003134754,     0.08626956758,       1.479919113,     0.02419120621
          0,           0,        4127,      -4.001816344,     0.08595064195,       1.473766236,      0.0223132253
          0,           0,        4128,      -4.000975603,     0.09632994185,       1.368804513,    -0.05026087338
          0,           0,        4129,      -3.998618274,     0.08908084664,       1.390449827,    -0.03271477929
          0,           0,        4130,      -3.995256492,     0.08797307549,       1.406244576,    -0.01845886142
          0,           0,        4131,      -3.994741552,     0.08662493213,       1.415736754,   -0.008850730892
          0,           0,        4132,      -4.000978744,      0.0847185407,       1.420554811,   -0.002767034962
          0,           0,        4133,      -4.002207621,     0.08262341003,       1.422436583,     0.00110528406
          0,           0,        4134,      -4.000680712,     0.08048493039,       1.422718258,     0.00374994758
          0,           0,        4135,      -3.999636918,     0.07832961302,       1.422186334,    0.005729050693
          0,           0,        4136,      -4.001605728,     0.07531424304,       1.426508206,     0.01104812453
          0,           0,        4137,       -3.99953255,      0.0727625273,       1.428571274,     0.01468258146
          0,           0,        4138,      -4.002835593,     0.07048597708,        1.42846185,     0.01664999566
          0,           0,        4139,       -4.00155233,      0.0683418704,       1.426985441,     0.01750435603
          0,           0,        4140,      -4.001514467,     0.06605115791,       1.426181111,     0.01868392129
          0,           0,        4141,      -3.998684557,     0.06379360307,        1.42524871,      0.0196189964
          0,           0,        4142,      -3.994120343,     0.06164927393,       1.423570316,     0.01985976728
          0,           0,        4143,      -3.995028034,     0.05958817124,       1.420910341,     0.01922234464
          0,           0,        4144,      -3.998760735,     0.05754524085,       1.417523838,     0.01787911626
          0,           0,        4145,      -3.997908323,      0.0554469368,       1.413996803,     0.01624759932
          0,           0,        4146,      -3.999655813,     0.05336044306,       1.410285836,     0.01430846414
          0,           0,        4147,      -4.000616062,     0.05082793592,       1.410875095,     0.01528229991
          0,           0,        4148,      -4.002467245,     0.04867654099,       1.410332797,     0.01532375951
          0,           0,        4149,      -4.004710568,     0.04693997302,       1.408058268,     0.01400782148
          0,           0,        4150,      -4.006168492,      0.0454247434,       1.405275025,     0.01221293064
          0,           0,        4151,      -4.009065701,     0.04358278721,       1.405554013,     0.01248289867
          0,           0,        4152,      -4.010880385,     0.04202636941,       1.404799158,     0.01192104949
          0,           0,        4153,       -4.01358713,     0.04814462105,         1.3392149,    -0.03508153069
          0,           0,        4154,      -4.014469055,     0.04607578471,       1.360293858,    -0.01992476466
          0,           0,        4155,      -4.015225898,     0.04326944194,        1.36683121,    -0.01564530955
          0,           0,        4156,      -4.013968407,     0.04118566075,       1.368047327,    -0.01525003487
          0,           0,        4157,      -4.013576511,     0.03960286559,       1.367449295,    -0.01620118138
          0,           0,        4158,       -4.01347147,       0.041649539,       1.376893925,   -0.009324313589
          0,           0,        4159,      -4.020480664,     0.04162286592,        1.38240998,   -0.005756125783
          0,           0,        4160,       -4.04032913,     0.04226255447,       1.388042906,   -0.002115160416
          0,           0,        4161,      -4.030778801,     0.04366879054,       1.394875232,    0.002391258081
          0,           0,        4162,       -4.01966963,     0.04546139429,       1.405894976,     0.00988229239
          0,           0,        4163,      -4.002206499,     0.04792099609,       1.418414449,     0.01842561352
          0,           0,        4164,      -3.987938913,     0.05104096699,       1.430819998,      0.0268388752
          0,           0,        4165,      -3.975807118,     0.05456392122,       1.442415321,     0.03458028985
          0,           0,        4166,      -3.966779952,     0.05820684649,       1.452886147,     0.04139052243
          0,           0,        4167,      -3.963293435,     0.06513014036,       1.432932603,     0.02630260389
          0,           0,        4168,       -3.96027467,     0.06753236444,       1.445217977,     0.03406433418
          0,           0,        4169,      -3.960856509,     0.06994995366,       1.454916279,     0.03987908519
          0,           0,        4170,       -3.96358243,     0.07852533184,       1.412030236,     0.00807926683
          0,           0,        4171,      -3.969493747,      0.0789583173,       1.431775666,     0.02092736254
          0,           0,        4172,      -3.967736193,     0.07842272495,       1.440609386,     0.02564772056
          0,           0,        4173,      -3.971166574,       0.077828914,       1.444518441,     0.02679835772
          0,           0,        4174,       -3.97264228,     0.07720734782,       1.446185682,     0.02637199698
          0,           0,        4175,      -3.974467751,       0.076509702,       1.446843511,     0.02528225214
          0,           0,        4176,      -3.975611083,     0.07574504859,       1.447068538,      0.0239666193
          0,           0,        4177,        -3.9799136,     0.07495356288,       1.447123675,      0.0226314709
          0,           0,        4178,       -3.98086801,     0.07416822446,       1.447167132,     0.02140094972
          0,           0,        4179,      -3.982943111,     0.07309977221,       1.449400965,     0.02184553085
          0,           0,        4180,      -3.982884353,      0.0721027503,       1.451598823,     0.02238587171
          0,           0,        4181,      -3.982390498,     0.07115525854,       1.453431991,     0.02277403683
          0,           0,        4182,      -3.982587482,     0.07028962189,       1.453955224,     0.02231590969
          0,           0,        4183,      -3.980142206,     0.06961118507,       1.452114177,     0.02024693151
          0,           0,        4184,      -3.979589377,     0.06864377868,       1.452785506,     0.02005943631
          0,           0,        4185,      -3.978955991,     0.06795909055,       1.453026745,     0.01967623075
          0,           0,        4186,      -3.979348452,     0.06784218499,         1.4512505,     0.01796989861
          0,           0,        4187,      -3.978143292,     0.06804704325,       1.449613028,      0.0164795872
          0,           0,        4188,      -3.971714208,     0.06366765578,         1.4869321,     0.04289463063
          0,           0,        4189,      -3.970122865,     0.06511459236,       1.474961411,     0.03413979419
          0,           0,        4190,      -3.977769542,     0.06664184885,       1.470754933,     0.03114346331
          0,           0,        4191,      -3.971421334,     0.06787253255,       1.469531944,      0.0303359199
          0,           0,        4192,      -3.974996353,     0.06524777062,       1.504137398,     0.05523688184
          0,           0,        4193,      -3.973803572,     0.06675874874,       1.494647365,     0.04849122712
          0,           0,        4194,      -3.975576654,        0.06813541,       1.491553652,     0.04644552354
          0,           0,        4195,      -3.972160181,     0.06908541879,        1.49065448,     0.04596700921
          0,           0,        4196,      -3.974681622,      0.0696374612,       1.490269645,     0.04582161862
          0,           0,        4197,      -3.973107477,       0.069772742,       1.490410746,     0.04600522411
          0,           0,        4198,      -3.947737883,     0.06951429383,       1.490330808,     0.04596509068
          0,           0,        4199,      -3.969055575,     0.06877017494,        1.49097336,     0.04637167167
          0,           0,        4200,      -3.967416537,     0.06754565018,       1.491908483,     0.04690314944
          0,           0,        4201,      -3.970248726,      0.0659080667,       1.492823241,     0.04733136869
          0,           0,        4202,      -3.974338792,     0.06399177723,        1.49245237,      0.0467380284
          0,           0,        4203,      -3.976250353,     0.06187876076,       1.491302252,     0.04549653834
          0,           0,        4204,      -3.975830553,     0.05973449359,        1.48918281,     0.04348406229
          0,           0,        4205,      -3.975461299,      0.0576562193,       1.486429204,     0.04095321592
          0,           0,        4206,      -3.977934831,     0.05560811802,       1.484151769,     0.03870862715
          0,           0,        4207,      -3.977202418,     0.05360284062,        1.48209743,     0.03656265671
          0,           0,        4208,      -3.977249055,     0.05162082423,       1.480345883,     0.03456593638
          0,           0,        4209,        -3.9759291,     0.04979433739,       1.477462225,     0.03168122324
          0,           0,        4210,      -3.990584689,     0.04822070711,        1.47345637,     0.02792731925
          0,           0,        4211,      -3.979743652,     0.04694835639,       1.469408429,     0.02410295916
          0,           0,        4212,      -3.976521872,     0.04631031455,       1.463578013,     0.01898520746
          0,           0,        4213,      -3.974575178,     0.04619586303,       1.458222805,     0.01421459477
          0,           0,        4214,      -3.972408955,      0.0458997581,       1.458906869,      0.0137645849
          0,           0,        4215,      -3.906509202,     0.04630043566,       1.460168451,     0.01377487704
          0,           0,        4216,      -3.963055363,     0.04745100396,       1.461399481,     0.01381577393
          0,           0,        4217,      -3.966894255,     0.04591830658,       1.484395258,     0.02933886875
          0,           0,        4218,      -3.964068017,     0.04824900735,       1.484484802,     0.02862991835
          0,           0,        4219,      -3.971420524,     0.05096550949,       1.486295369,     0.02921438563
          0,           0,        4220,      -3.970504904,     0.05344928387,       1.490085526,     0.03119986579
          0,           0,        4221,      -3.971514514,     0.05569271118,        1.49478335,     0.03381563385
          0,           0,        4222,      -3.967262121,     0.05765570566,       1.500635738,     0.03725305505
          0,           0,        4223,       -3.96705035,     0.05938468001,       1.507220211,     0.04122598092
          0,           0,        4224,      -3.958757859,     0.06073744643,       1.515324566,     0.04630522945
          0,           0,        4225,      -3.960580545,     0.06171234961,       1.523890359,      0.0517289784
          0,           0,        4226,      -3.960854055,     0.06203731804,       1.532837538,     0.05740738159
          0,           0,        4227,      -3.967447743,     0.06052155051,       1.542226138,     0.06320669394
          0,           0,        4228,      -3.954046441,     0.05643313881,       1.549384543,     0.06705722655
          0,           0,        4229,      -3.961553658,     0.05014310191,       1.557765324,     0.07154805784
          0,           0,        4230,      -3.946745101,     0.04339576223,       1.573601107,     0.08151499757
          0,           0,        4231,      -3.963299826,     0.03731917406,       1.598676499,      0.0984341691
          0,           0,        4232,      -3.947670285,     0.04406693789,       1.651165762,      0.1375116163
          0,           0,        4233,      -3.960085135,     0.03714000983,       1.688887282,      0.1636883255
          0,           0,        4234,       -3.96505929,     0.02917793899,       1.728453007,      0.1911109177
          0,           0,        4235,      -3.962716272,     0.02306618939,       1.752925864,      0.2078102318
          0,           0,        4236,      -3.961751317,     0.02039559891,       1.750235182,      0.2051776091
          0,           0,        4237,      -3.961284045,     0.02138921086,       1.724542579,      0.1862951972
          0,           0,        4238,       -3.96739575,     0.02500088374,       1.687777473,      0.1597484926
          0,           0,        4239,      -3.971308117,     0.02690975564,       1.652974132,      0.1344262095
          0,           0,        4240,      -3.977901237,      0.0246197982,       1.636945645,      0.1222755414
          0,           0,        4241,      -3.982229852,     0.02034196151,       1.631717157,      0.1178072825
          0,           0,        4242,      -3.984385885,    0.009495937967,       1.676881794,      0.1493436574
          0,           0,        4243,      -3.975669888,    0.007113061797,       1.668159603,        0.14279111
          0,           0,        4244,      -3.975844757,    -0.01749793456,       1.564168444,     0.06357369231
          0,           0,        4245,      -3.986488912,    -0.01003053291,       1.530147777,     0.04015993104
          0,           0,        4246,      -3.987965573,   -0.003700950255,       1.500480329,      0.0199268623
          0,           0,        4247,      -3.981666931,    0.003622224064,       1.473801513,    0.002181269373
          0,           0,        4248,      -3.988095186,     0.01220549114,       1.448796859,    -0.01399472698
          0,           0,        4249,       -3.98739357,     0.01821410079,       1.443945194,    -0.01564568839
          0,           0,        4250,      -3.988658688,     0.02358729392,       1.443590325,    -0.01394293265
          0,           0,        4251,      -3.990338736,     0.02853319843,       1.445267704,    -0.01066453197
          0,           0,        4252,      -3.990137686,     0.03313231557,       1.448224906,   -0.006363516634
          0,           0,        4253,      -3.989679895,     0.03715957528,       1.453871365,  -6.090393155e-05
          0,           0,        4254,      -3.963378141,     0.03739447177,       1.480828361,     0.02136533267
          0,           0,        4255,      -3.966315313,     0.04001784738,       1.493206838,     0.03254075319
          0,           0,        4256,      -3.971310665,     0.04333682469,        1.50344608,     0.04228709751
          0,           0,        4257,      -3.968645136,     0.04846198878,       1.502940791,      0.0444362213
          0,           0,        4258,      -3.962290891,     0.05134156222,       1.514525662,     0.05506461318
          0,           0,        4259,      -3.963809493,     0.05313095124,       1.529003584,      0.0675815576
          0,           0,        4260,      -3.970696497,     0.05444329148,       1.542845581,     0.07947282393
          0,           0,        4261,      -3.969719429,     0.05618707024,       1.550768123,      0.0869890658
          0,           0,        4262,      -3.950818537,     0.05748712287,       1.558150322,      0.0939240258
          0,           0,        4263,      -3.951533186,     0.05835968834,       1.564902101,      0.1002052042
          0,           0,        4264,      -3.948701896,      0.0592758091,       1.567634152,      0.1034157908
          0,           0,        4265,      -3.969248901,     0.05977327331,       1.567800635,      0.1045447876
          0,           0,        4266,       -3.97742351,     0.05967081692,        1.56543787,      0.1035850889
          0,           0,        4267,      -3.978412756,     0.05877526758,       1.561507625,      0.1012081812
          0,           0,        4268,      -3.951587052,     0.05909146189,       1.546193473,     0.09052668506
          0,           0,        4269,       -3.96077101,     0.05726579234,       1.541243219,      0.0869562302
          0,           0,        4270,      -4.012921195,     0.05480635573,       1.540188454,     0.08598450255
          0,           0,        4271,      -3.998602496,     0.05309943851,       1.539843106,     0.08548638819
          0,           0,        4272,      -3.988019532,     0.05090285379,       1.548625214,     0.09143136513
          0,           0,        4273,      -3.980570708,     0.04952833237,       1.558058749,     0.09780539749
          0,           0,        4274,      -3.971090019,     0.05006108766,       1.560367904,     0.09907717183
          0,           0,        4275,      -3.958741343,      0.0503320816,        1.56580798,       0.102425355
          0,           0,        4276,        -3.9539997,     0.04944415306,       1.579722055,      0.1116260145
          0,           0,        4277,      -3.950567454,     0.04755374417,       1.577696188,      0.1088084271
          0,           0,        4278,      -3.955318325,     0.04441201882,       1.565090104,        0.09786815
          0,           0,        4279,       -3.95974308,     0.04063575331,       1.551624215,     0.08603706426
          0,           0,        4280,      -3.963755603,     0.03666303092,       1.529010488,     0.06731510353
          0,           0,        4281,      -3.968468418,      0.0340032288,       1.507442625,     0.04941862471
          0,           0,        4282,       -3.96911391,     0.03265691208,       1.490362925,     0.03487963185
          0,           0,        4283,      -3.970334818,     0.03399859273,       1.470845567,     0.01884470428
          0,           0,        4284,       -3.97329317,      0.0357349845,       1.458221433,    0.007807580975
          0,           0,        4285,      -3.975095426,     0.03916097048,       1.450721561,   0.0006854964187
          0,           0,        4286,      -3.973947504,     0.04322056377,       1.446279292,   -0.004186973274
          0,           0,        4287,      -3.973492355,     0.04318245683,       1.436400484,    -0.01375832852
          0,           0,        4288,      -3.969426726,     0.04371008576,        1.42929369,     -0.0212650721
          0,           0,        4289,      -3.975386922,     0.04544912704,       1.426122205,     -0.0257362579
          0,           0,        4290,      -3.976101988,     0.04852334297,       1.426770086,    -0.02721653937
          0,           0,        4291,      -3.970019573,      0.0521286361,       1.429675293,    -0.02695388503
          0,           0,        4292,      -3.973979527,     0.05587329137,       1.434466921,    -0.02525756143
          0,           0,        4293,      -3.979057913,     0.05942833877,       1.441392918,    -0.02197338369
          0,           0,        4294,      -3.976181654,     0.06276904048,       1.451198468,    -0.01653408703
          0,           0,        4295,      -3.975368321,     0.06632335889,       1.462072556,    -0.01017782743
          0,           0,        4296,      -3.971192572,     0.06993672894,       1.474655204,   -0.002438683024
          0,           0,        4297,      -3.969510491,     0.07307154973,       1.478888242,  -0.0007018235462
          0,           0,        4298,      -3.965275122,     0.07699228586,       1.492385151,    0.008053351965
          0,           0,        4299,      -3.967394719,     0.08092468588,       1.505774616,     0.01689789218
          0,           0,        4300,      -3.965820188,     0.08409861986,       1.525508448,     0.03044967974
          0,           0,        4301,      -3.965615423,     0.08725380692,        1.53867688,     0.03936318062
          0,           0,        4302,      -3.959507053,      0.0897203786,       1.542089756,     0.04119637425
          0,           0,        4303,      -3.963027438,     0.09184779752,       1.548606137,     0.04543432145
          0,           0,        4304,      -3.958885407,     0.09365581503,       1.553689508,     0.04875195859
          0,           0,        4305,      -3.963508404,     0.09507506899,       1.559483778,     0.05270694518
          0,           0,        4306,      -3.963482089,      0.0961682443,       1.563813483,     0.05571013584
          0,           0,        4307,      -3.966957895,     0.09747680165,       1.562200793,     0.05455806529
          0,           0,        4308,      -3.968530341,     0.09824994149,       1.559651924,     0.05279774763
          0,           0,        4309,      -3.968369774,     0.09867089041,       1.557760991,     0.05162042125
          0,           0,        4310,      -3.970978448,     0.09872856956,       1.556976816,     0.05134642823
          0,           0,        4311,       -3.97157568,     0.09849800041,       1.557421827,     0.05206773903
          0,           0,        4312,      -3.968670595,     0.09815095405,       1.558158766,     0.05311657241
          0,           0,        4313,       -3.96780056,     0.09706509216,       1.565495229,     0.05901151312
          0,           0,        4314,      -3.961478861,     0.09631731925,       1.570775471,     0.06356362179
          0,           0,        4315,      -3.964477148,     0.09556004471,       1.573473043,     0.06631815676
          0,           0,        4316,      -3.969446641,     0.09496765872,       1.575025951,     0.06834196678
          0,           0,        4317,      -3.967524985,     0.09451769339,       1.576543305,     0.07042955255
          0,           0,        4318,      -3.967872369,     0.09402901171,       1.578660021,     0.07300337601
          0,           0,        4319,      -3.966859016,     0.09344822492,       1.581519298,     0.07614600647
          0,           0,        4320,      -3.963440672,     0.09271193327,       1.584887986,     0.07966435738
          0,           0,        4321,      -3.960940518,     0.09176229478,        1.58841625,     0.08328199604
          0,           0,        4322,      -3.961817119,      0.0905305029,       1.592154668,     0.08701429407
          0,           0,        4323,      -3.961634358,     0.08883393158,       1.596571224,     0.09116686322
          0,           0,        4324,      -3.967692981,     0.08669889366,       1.600523356,     0.09489854126
          0,           0,        4325,      -3.967171771,     0.08421347797,       1.602674287,     0.09723714878
          0,           0,        4326,      -3.967517263,     0.08137327065,       1.602389701,     0.09771366246
          0,           0,        4327,      -3.966492535,     0.07823186335,       1.599197837,     0.09598920347
          0,           0,        4328,       -3.96551217,     0.07498597593,       1.593192644,     0.09216507599
          0,           0,        4329,      -3.958842088,     0.07179239344,       1.585254016,     0.08691441817
          0,           0,        4330,       -3.96467443,     0.06878278833,       1.575820966,     0.08058291165
          0,           0,        4331,      -3.966223083,     0.06600496217,       1.565068588,      0.0733118735
          0,           0,        4332,      -3.967552768,     0.06322645645,       1.554523671,     0.06618993295
          0,           0,        4333,      -3.969182542,     0.06055160738,       1.543478909,      0.0587197331
          0,           0,        4334,      -3.972096309,     0.05804391446,       1.531497692,     0.05059475478
          0,           0,        4335,      -3.976347085,     0.05568007123,       1.518739105,     0.04192709408
          0,           0,        4336,      -3.982520676,     0.05344054406,       1.505580419,     0.03298363527
          0,           0,        4337,      -3.985463971,      0.0512862058,       1.492430059,     0.02404931436
          0,           0,        4338,      -3.987851891,     0.04916728759,       1.479642692,      0.0153675372
          0,           0,        4339,      -3.990021562,     0.04704719317,       1.467562299,    0.007172626814
          0,           0,        4340,      -3.991182891,     0.04471202119,       1.457806092,    0.000603162378
          0,           0,        4341,      -3.991622313,     0.04235255041,        1.44964531,   -0.004861033552
          0,           0,        4342,      -3.991740229,      0.0381431246,       1.456263899,    0.000145733166
          0,           0,        4343,      -3.985893476,     0.03599392314,        1.44805175,    -0.00548856774
          0,           0,        4344,      -3.991644467,      0.0337409937,       1.443405402,   -0.008629674988
          0,           0,        4345,      -3.993169104,     0.03139421731,       1.440264261,    -0.01080092469
          0,           0,        4346,      -3.992549876,     0.02922728775,       1.436110572,    -0.01381826192
          0,           0,        4347,       -3.99258785,     0.02615370383,       1.428159985,    -0.01987413953
          0,           0,        4348,      -3.995683235,     0.02273019875,       1.420927069,    -0.02560175604
          0,           0,        4349,      -3.997463168,     0.01959196652,       1.415635301,    -0.03002506347
          0,           0,        4350,      -3.998102939,     0.01722102409,       1.411364765,    -0.03374910696
          0,           0,        4351,       -3.99482639,     0.01583244983,        1.40776012,    -0.03699584692
          0,           0,        4352,      -4.000292231,     0.01156310593,        1.45078078,   -0.006732446387
          0,           0,        4353,      -4.009530495,     0.01186226785,       1.447141314,    -0.01002064709
          0,           0,        4354,      -4.008699073,     0.01285794376,       1.448920763,   -0.009338412288
          0,           0,        4355,      -3.988771069,     0.01419240291,        1.45276267,   -0.007169089289
          0,           0,        4356,      -3.988739122,     0.01594453882,       1.456673071,    -0.00492993525
          0,           0,        4357,       -3.99247951,     0.01828874063,       1.459451848,   -0.003442890781
          0,           0,        4358,      -3.994998994,     0.02116358652,       1.460871633,   -0.002856904739
          0,           0,        4359,      -3.997055435,     0.02411157886,       1.463647375,   -0.001224960099
          0,           0,        4360,      -3.994251858,      0.0271906534,       1.467101664,    0.000991501519
          0,           0,        4361,      -3.997010711,      0.0304849665,       1.470666112,    0.003411171411
          0,           0,        4362,      -3.996215591,     0.03397946782,       1.474068905,    0.005849966767
          0,           0,        4363,      -3.995121956,     0.03768307775,       1.476904045,    0.008024725426
          0,           0,        4364,      -3.993546468,     0.04143930533,       1.479666111,     0.01028096412
          0,           0,        4365,      -3.992376886,     0.04515170409,       1.482436666,     0.01266585335
          0,           0,        4366,      -3.991456938,     0.04880590863,       1.485029399,     0.01503689421
          0,           0,        4367,      -3.991046126,      0.0523712445,       1.487166951,     0.01718024031
          0,           0,        4368,      -3.990120202,     0.05580153964,       1.488774575,     0.01902385023
          0,           0,        4369,      -3.989900333,     0.05905002817,       1.489838986,     0.02053986343
          0,           0,        4370,      -3.987007356,     0.06207136117,       1.490417596,     0.02175076614
          0,           0,        4371,      -3.988480859,     0.06478102886,       1.490431295,     0.02257295115
          0,           0,        4372,        -3.9853474,     0.06713175224,       1.489848081,      0.0229632301
          0,           0,        4373,       -3.98525304,     0.06905461155,       1.488725313,     0.02294328462
          0,           0,        4374,       -3.98317764,     0.07048483899,       1.486927083,     0.02239868398
          0,           0,        4375,      -3.983030112,     0.07138349258,        1.48434659,      0.0212434179
          0,           0,        4376,      -3.983644153,     0.07175319702,       1.480920828,      0.0194328161
          0,           0,        4377,      -3.982603841,     0.07164000642,       1.476594081,     0.01693743519
          0,           0,        4378,      -3.980720791,     0.07111457126,       1.471332921,     0.01375014156
          0,           0,        4379,       -3.98687102,     0.07024503694,       1.465141292,    0.009891981488
          0,           0,        4380,      -3.988102977,     0.06907574924,       1.458053222,    0.005403124533
          0,           0,        4381,      -3.986763539,     0.06762245655,       1.450096713,   0.0003156043977
          0,           0,        4382,      -3.990478043,     0.06588737546,       1.441336984,   -0.005311615442
          0,           0,        4383,      -3.986248384,     0.06386386024,       1.431839555,    -0.01142062437
          0,           0,        4384,      -3.990846681,     0.06154717333,       1.421690917,    -0.01794023031
          0,           0,        4385,      -3.992353603,     0.05895984935,       1.411111835,    -0.02469905019
          0,           0,        4386,      -3.993534714,     0.05617847028,       1.400470341,    -0.03141333023
          0,           0,        4387,      -3.991027617,     0.05335716315,       1.390344545,    -0.03763950367
          0,           0,        4388,      -4.001510337,     0.05070659746,       1.381439638,     -0.0428393412
          0,           0,        4389,      -4.005352611,      0.0483926702,       1.374366846,    -0.04655456022
          0,           0,        4390,      -4.006401567,     0.04652371442,       1.369522037,    -0.04849903483
          0,           0,        4391,      -4.003680031,     0.04512557616,       1.366962323,    -0.04864822102
          0,           0,        4392,      -4.007351885,     0.04331888764,       1.364290451,    -0.04890157285
          0,           0,        4393,      -4.004542182,     0.04133694518,       1.362136252,    -0.04878815874
          0,           0,        4394,      -4.002566379,     0.03951103314,       1.361385794,    -0.04763298577
          0,           0,        4395,      -3.995114562,     0.03787768868,       1.362190313,    -0.04533636927
          0,           0,        4396,       -3.99498099,     0.03595958082,       1.365641568,    -0.04117889175
          0,           0,        4397,       -3.99166337,     0.03395135444,        1.36901077,    -0.03713183851
          0,           0,        4398,      -3.991276429,     0.03168585899,       1.371349923,    -0.03391378902
          0,           0,        4399,      -3.989001845,     0.02896527936,       1.372338751,    -0.03178211931
          0,           0,        4400,      -3.977412132,     0.02570846284,       1.371757895,    -0.03089897437
          0,           0,        4401,      -3.982671853,     0.02067601133,       1.366646217,    -0.03360271476
          0,           0,        4402,      -3.989455257,     0.01469572034,       1.358731482,    -0.03849010689
          0,           0,        4403,      -3.995831269,    0.008378020885,       1.349620772,     -0.0442892417
          0,           0,        4404,      -3.999640243,    0.001932802007,       1.340581696,    -0.05003863983
          0,           0,        4405,      -4.004932374,   -0.004465058523,        1.33191314,    -0.05549134029
          0,           0,        4406,      -4.009201915,    -0.01300250995,       1.336041088,    -0.05188439609
          0,           0,        4407,      -4.010476194,    -0.01864971962,       1.326389981,    -0.05792036727
          0,           0,        4408,      -4.016834023,    -0.02398108859,       1.319505022,    -0.06188219778
          0,           0,        4409,      -4.018028283,    -0.02892822763,       1.313526834,    -0.06513955464
          0,           0,        4410,      -4.021240267,    -0.03326267175,       1.307882072,    -0.06809955251
          0,           0,        4411,      -4.003897761,    -0.03678485676,        1.30273444,    -0.07063884864
          0,           0,        4412,      -4.020480983,    -0.03935159984,       1.298546801,    -0.07242810448
          0,           0,        4413,      -4.031573526,    -0.04089735717,       1.295800305,    -0.07313739476
          0,           0,        4414,      -4.036213035,    -0.04142438254,       1.294880379,    -0.07251525754
          0,           0,        4415,      -4.037416831,    -0.04100566447,       1.295605725,    -0.07072573704
          0,           0,        4416,      -4.037215951,    -0.04000079627,       1.298608064,    -0.06737511987
          0,           0,        4417,      -4.035778425,    -0.04367254811,       1.291777523,    -0.07212720989
          0,           0,        4418,      -3.981436968,    -0.04470864157,       1.288405343,    -0.07412890758
          0,           0,        4419,      -4.005169697,    -0.04464463074,       1.286638659,    -0.07498383107
          0,           0,        4420,      -4.017500748,    -0.04413350575,       1.284766911,    -0.07602891138
          0,           0,        4421,        -4.0257207,    -0.04378263751,       1.281328148,    -0.07839225451
          0,           0,        4422,      -4.029974935,     -0.0440477563,       1.275292967,    -0.08285097985
          0,           0,        4423,       -4.03163936,    -0.04514529505,       1.266364037,    -0.08961203192
          0,           0,        4424,       -4.03100533,    -0.04702867078,       1.255081521,    -0.09823799447
          0,           0,        4425,      -4.032906954,    -0.04942254697,       1.242673141,     -0.1077661825
          0,           0,        4426,      -4.035044946,    -0.05193143481,       1.230604536,     -0.1170517861
          0,           0,        4427,      -4.038723693,    -0.05414613205,       1.220200114,     -0.1250639173
          0,           0,        4428,      -4.038503247,    -0.05572069521,       1.212466718,     -0.1310251731
          0,           0,        4429,      -4.038111706,    -0.05637830013,       1.208081191,     -0.1344174109
          0,           0,        4430,      -4.038266799,    -0.05593976295,        1.20737634,      -0.134996881
          0,           0,        4431,      -4.037474879,    -0.05433810741,       1.210376314,      -0.132763945
          0,           0,        4432,      -4.038236294,    -0.05160369686,        1.21689197,     -0.1278896334
          0,           0,        4433,      -4.035708782,    -0.04785315354,       1.226574611,     -0.1206677839
          0,           0,        4434,      -4.033989671,    -0.04322769422,       1.239089717,     -0.1113822038
          0,           0,        4435,      -4.030157481,    -0.03788446396,       1.254109555,     -0.1003085328
          0,           0,        4436,      -4.023284646,    -0.03197978146,       1.271356221,    -0.08767878563
          0,           0,        4437,      -4.022790362,    -0.02564310418,       1.290545071,    -0.07372169315
          0,           0,        4438,      -4.020529265,    -0.01895088738,       1.311452771,    -0.05860922827
          0,           0,        4439,      -4.017054643,     -0.0119262229,       1.333845857,    -0.04250967351
          0,           0,        4440,      -4.017649751,   -0.004566490961,       1.357303182,    -0.02572557057
          0,           0,        4441,       -4.01004336,    0.003093476931,       1.381105205,   -0.008777746107
          0,           0,        4442,      -4.010590074,     0.01098959976,       1.404572584,     0.00784424048
          0,           0,        4443,      -4.004032875,     0.01903509203,       1.427083015,     0.02369013008
          0,           0,        4444,      -4.006360576,     0.02936695666,       1.437834836,      0.0311976747
          0,           0,        4445,       -4.00145775,     0.03724043664,       1.456114456,     0.04379908075
          0,           0,        4446,      -4.000976058,      0.0453758826,       1.472917182,     0.05534716697
          0,           0,        4447,      -4.001598319,     0.05322299577,        1.48726553,     0.06506942142
          0,           0,        4448,      -4.000347813,     0.06074300147,       1.499060461,     0.07291276989
          0,           0,        4449,      -4.001259211,     0.06791718089,       1.508473429,      0.0790177484
          0,           0,        4450,      -4.003533435,     0.07469187311,       1.515880845,     0.08367025262
          0,           0,        4451,      -4.005183189,     0.08095545158,       1.521321845,     0.08690201152
          0,           0,        4452,       -4.00540732,     0.08662933357,       1.524878527,     0.08877371134
          0,           0,        4453,      -4.008517095,     0.09166375719,       1.526703724,     0.08939885946
          0,           0,        4454,      -4.009501648,      0.1003376189,       1.506875273,     0.07485180403
          0,           0,        4455,      -4.007878184,      0.1032735178,       1.510504613,     0.07674015953
          0,           0,        4456,      -4.013636322,      0.1056448917,       1.508871586,     0.07482025381
          0,           0,        4457,      -4.013146595,      0.1076902722,       1.504873126,     0.07125208897
          0,           0,        4458,      -4.014422169,      0.1093798747,       1.499817975,     0.06698450863
          0,           0,        4459,      -4.014441833,       0.110619801,       1.494192441,     0.06234934411
          0,           0,        4460,      -4.015837551,      0.1113460293,       1.488165893,     0.05744782205
          0,           0,        4461,      -4.016033996,        0.11157381,        1.48183953,     0.05234260979
          0,           0,        4462,      -4.018824255,      0.1113787702,       1.475324298,     0.04711397458
          0,           0,        4463,      -4.019280616,      0.1108545175,       1.468750625,     0.04186218494
          0,           0,        4464,      -4.020770524,      0.1100804661,       1.462251839,     0.03668831119
          0,           0,        4465,      -4.019671589,      0.1091436306,       1.455968046,     0.03169978199
          0,           0,        4466,      -4.020633258,      0.1079533375,       1.449723738,     0.02674584808
          0,           0,        4467,      -4.020840737,      0.1064528721,       1.443432113,     0.02174978903
          0,           0,        4468,      -4.020902166,      0.1043868651,       1.436267642,     0.01607888419
          0,           0,        4469,      -4.020772825,      0.1016805422,       1.428017089,    0.009579120849
          0,           0,        4470,      -4.022649366,      0.0985694088,       1.419394398,    0.002819311039
          0,           0,        4471,       -4.02182323,     0.09535397318,       1.410980565,   -0.003714910293
          0,           0,        4472,      -4.019991887,     0.09194500544,        1.40389541,   -0.009195529676
          0,           0,        4473,      -4.011347206,     0.08837247158,       1.397342584,    -0.01417170235
          0,           0,        4474,      -3.985666945,     0.08447671981,       1.390465346,    -0.01926078138
          0,           0,        4475,      -3.933990077,     0.08027396456,       1.382447665,     -0.0250235059
          0,           0,        4476,      -3.784226021,     0.07596768749,       1.372665422,    -0.03185291007
          0,           0,        4477,      -3.921029846,     0.07164370233,       1.360869589,    -0.03989245893
          0,           0,        4478,       -4.01429247,     0.06722271411,       1.347146116,    -0.04907453496
          0,           0,        4479,      -4.022708243,     0.06256108409,       1.331757483,    -0.05922664027
          0,           0,        4480,      -4.022726531,      0.0575661507,       1.315147172,     -0.0700518451
          0,           0,        4481,      -4.028285952,     0.05225367901,       1.297903432,    -0.08114433593
          0,           0,        4482,      -4.032011718,     0.04661727881,       1.281126178,    -0.09173918398
          0,           0,        4483,      -4.031474404,     0.04085693077,       1.264964198,     -0.1017467603
          0,           0,        4484,      -4.040587947,      0.0351463933,       1.249480639,     -0.1111516045
          0,           0,        4485,      -4.044630771,     0.02953659015,       1.234709876,     -0.1199774614
          0,           0,        4486,      -4.047234087,     0.02303211862,        1.22496599,     -0.1252656722
          0,           0,        4487,      -4.046903082,     0.01707990615,       1.212802718,     -0.1322830788
          0,           0,        4488,      -4.046092664,      0.0109587325,       1.199125162,     -0.1404975074
          0,           0,        4489,      -4.044778934,    0.004408300021,       1.184161114,      -0.149784123
          0,           0,        4490,      -4.045010647,   -0.002779480257,       1.167701181,     -0.1603164236
          0,           0,        4491,      -4.046889261,    -0.01064980002,       1.149787292,     -0.1720503334
          0,           0,        4492,      -4.048845641,    -0.01909390448,       1.130876687,     -0.1846100186
          0,           0,        4493,       -4.05231907,     -0.0278508437,       1.111754047,     -0.1973598528
          0,           0,        4494,      -4.054796416,    -0.03656972532,          1.093365,      -0.209539198
          0,           0,        4495,      -4.058604577,    -0.04486580899,       1.076675422,     -0.2203773418
          0,           0,        4496,      -4.062152582,    -0.05239837184,       1.062460158,     -0.2292604705
          0,           0,        4497,      -4.066734956,    -0.05887152275,       1.051320013,     -0.2357165014
          0,           0,        4498,      -4.066478527,    -0.06406629379,        1.04360128,     -0.2394804683
          0,           0,        4499,      -4.073901848,    -0.06788563717,       1.039303677,     -0.2405627692
          0,           0,        4500,      -4.076858475,    -0.07030671384,       1.038259772,     -0.2391114195
          0,           0,        4501,      -4.079616887,    -0.07136651902,       1.040331415,      -0.235266379
          0,           0,        4502,      -4.083330345,    -0.07169885101,       1.048516072,      -0.226955006
          0,           0,        4503,      -4.084862208,    -0.07078805514,       1.059040301,     -0.2168924142
          0,           0,        4504,      -4.088177875,     -0.0685593346,       1.070427103,     -0.2061806011
          0,           0,        4505,      -4.091682499,    -0.06537003995,       1.082881515,      -0.194757223
          0,           0,        4506,        -4.0964439,    -0.05819284863,       1.076084726,     -0.1970774794
          0,           0,        4507,      -4.101723632,    -0.05411818851,       1.097656391,     -0.1793665564
          0,           0,        4508,       -4.09637113,    -0.04956736088,       1.116106336,     -0.1641789019
          0,           0,        4509,      -4.108488542,    -0.04434636026,       1.133821822,      -0.149766812
          0,           0,        4510,      -4.112181024,    -0.03864343184,       1.151678266,     -0.1355411614
          0,           0,        4511,      -4.112720944,    -0.03264004959,       1.169726271,     -0.1214979223
          0,           0,        4512,      -4.116488346,    -0.02643799092,       1.188085722,     -0.1075630743
          0,           0,        4513,      -4.112955103,    -0.02011437469,       1.206872679,    -0.09366307636
          0,           0,        4514,        -4.1165062,     -0.0136756232,       1.226029351,    -0.07983422704
          0,           0,        4515,      -4.108957491,   -0.007213277275,       1.246234133,    -0.06557903038
          0,           0,        4516,      -4.110722538,  -0.0007001689397,       1.267192063,    -0.05109277911
          0,           0,        4517,      -4.111995208,    0.005838550321,       1.288673646,    -0.03652102065
          0,           0,        4518,      -4.108387611,     0.01236227179,       1.309700942,    -0.02254989606
          0,           0,        4519,      -4.106963304,     0.01818471684,       1.331747321,   -0.008158099577
          0,           0,        4520,      -4.103726785,     0.02393054242,       1.350476394,    0.003621333277
          0,           0,        4521,      -4.104370904,     0.02870185079,       1.368230145,     0.01441273615
          0,           0,        4522,      -4.101432722,     0.03048949623,       1.394308568,     0.03077125267
          0,           0,        4523,      -4.097493617,     0.03418669959,       1.401751801,     0.03375112276
          0,           0,        4524,      -4.099301825,       0.037079794,        1.40660863,     0.03474403758
          0,           0,        4525,      -4.096234665,      0.0387266713,       1.409345107,     0.03406548655
          0,           0,        4526,      -4.092315657,     0.03927028024,       1.408878562,     0.03099121207
          0,           0,        4527,      -4.091312861,     0.04166326702,       1.393920355,     0.01775033403
          0,           0,        4528,      -4.088090686,      0.0415380757,        1.38410091,    0.008082104071
          0,           0,        4529,      -4.082971412,     0.04079980245,        1.37369893,   -0.001886896713
          0,           0,        4530,      -4.080037034,     0.03973969284,       1.362595388,    -0.01219051141
          0,           0,        4531,      -4.076496171,     0.03866111837,       1.351317502,     -0.0223984854
          0,           0,        4532,      -4.073970079,     0.03790853138,       1.340724269,    -0.03184093921
          0,           0,        4533,      -4.073063027,     0.03779677298,       1.331808537,    -0.03976387568
          0,           0,        4534,      -4.064477602,     0.03853744192,       1.325608207,     -0.0454038345
          0,           0,        4535,      -4.061134211,     0.04021235789,       1.322693157,    -0.04836170352
          0,           0,        4536,       -4.05828926,     0.04280133587,       1.322947596,    -0.04875703635
          0,           0,        4537,      -4.059487144,     0.04622293084,       1.326287408,    -0.04670015523
          0,           0,        4538,      -4.062922413,      0.0503811368,       1.332630458,    -0.04230134613
          0,           0,        4539,      -4.064991402,     0.05512408398,       1.342067718,    -0.03555004043
          0,           0,        4540,      -4.072196652,     0.06014916337,       1.354361087,    -0.02669236937
          0,           0,        4541,      -4.078177756,     0.06535784371,        1.36839855,     -0.0165771656
          0,           0,        4542,      -4.086405927,     0.07069959955,       1.385331711,     -0.0044006613
          0,           0,        4543,      -4.087196877,     0.07594744817,       1.402821648,    0.008091781641
          0,           0,        4544,       -4.08987793,     0.08100793477,       1.433973722,     0.03038790789
          0,           0,        4545,       -4.09252799,     0.08524313205,       1.449983858,     0.04150093959
          0,           0,        4546,      -4.092270148,     0.08876743731,       1.462745638,     0.05008329538
          0,           0,        4547,       -4.09145303,     0.09152487475,       1.472627285,     0.05640089356
          0,           0,        4548,      -4.090488605,      0.0935919886,       1.482472134,     0.06253579413
          0,           0,        4549,      -4.084701295,       0.094913236,       1.509289977,     0.08083691203
          0,           0,        4550,      -3.968971603,     0.09529819977,        1.52165759,     0.08849498126
          0,           0,        4551,      -4.070268857,       0.095264712,       1.527568819,     0.09140075877
          0,           0,        4552,      -4.063697038,     0.09131154223,       1.491163339,     0.06311236793
          0,           0,        4553,      -4.053904142,     0.08991904241,       1.488382564,     0.05958618457
          0,           0,        4554,      -4.054518632,     0.08865475944,       1.484946578,     0.05563689275
          0,           0,        4555,      -4.057481765,     0.08750766692,       1.482507477,     0.05249029696
          0,           0,        4556,      -4.058089781,     0.08642199722,       1.480600731,     0.04983158399
          0,           0,        4557,      -4.057528446,     0.08536997353,       1.478365276,     0.04705409735
          0,           0,        4558,      -4.058229368,     0.08433994674,       1.475878037,     0.04423398073
          0,           0,        4559,      -4.058677131,     0.08338246542,       1.471150855,     0.03997103984
          0,           0,        4560,      -4.055866239,     0.08248928907,       1.465621112,     0.03534342759
          0,           0,        4561,      -4.054158326,     0.08162480705,       1.460359597,     0.03115096909
          0,           0,        4562,      -4.056078221,      0.0807444711,        1.45631792,     0.02809916609
          0,           0,        4563,      -4.057329171,      0.0797510614,       1.453058682,     0.02587588005
          0,           0,        4564,      -4.050473062,     0.07848503439,       1.449834539,     0.02393135758
          0,           0,        4565,      -4.058274482,     0.07682345174,       1.445856035,     0.02168057555
          0,           0,        4566,       -4.06676001,     0.07475289738,       1.440149879,     0.01841362399
          0,           0,        4567,      -4.070559077,     0.07226607498,       1.432139477,     0.01370248969
          0,           0,        4568,      -4.071715245,     0.06937359146,       1.424190717,    0.009251090399
          0,           0,        4569,      -4.060997306,     0.06606545858,       1.414414559,    0.003657426681
          0,           0,        4570,      -4.063343612,     0.06236232929,       1.401082697,   -0.004371576588
          0,           0,        4571,      -4.069176331,     0.05832838311,          1.384437,    -0.01470327209
          0,           0,        4572,      -4.068133005,     0.05401664844,       1.365053538,    -0.02697815446
          0,           0,        4573,      -4.069936136,     0.04945286612,       1.344202996,     -0.0403328369
          0,           0,        4574,      -4.012539855,     0.04467278027,        1.32305012,    -0.05397994075
          0,           0,        4575,       -3.71442641,     0.03974409727,       1.302234193,    -0.06750509242
          0,           0,        4576,      -3.800603401,     0.07475481473,        1.35832646,    -0.01886825058
          0,           0,        4577,      -3.945449232,     0.06545741859,       1.326633868,    -0.04149300387
          0,           0,        4578,      -3.839332287,     0.05911622727,       1.306541567,    -0.05540561614
          0,           0,        4579,      -3.925327952,     0.05445933224,       1.291753341,    -0.06548055383
          0,           0,        4580,      -3.943377482,     0.05066313685,       1.279820663,    -0.07368426438
          0,           0,        4581,      -4.008574406,      0.0469165973,       1.268341736,    -0.08191566871
          0,           0,        4582,      -4.069772998,     0.04298664162,       1.256697128,    -0.09067758602
          0,           0,        4583,      -4.114437161,     0.03929788585,       1.246269752,     -0.0989092296
          0,           0,        4584,      -4.127287448,      0.0363819762,       1.238620211,     -0.1053944941
          0,           0,        4585,      -4.125242816,     0.03451624004,       1.234464515,     -0.1095526388
          0,           0,        4586,      -4.131955445,     0.03374955803,       1.233867517,     -0.1112981597
          0,           0,        4587,      -4.131812332,     0.03385565177,       1.236328717,     -0.1109916241
          0,           0,        4588,      -4.132080121,     0.03458752035,       1.241190526,     -0.1091063988
          0,           0,        4589,      -4.132910778,     0.03575159522,       1.247560918,     -0.1062735474
          0,           0,        4590,      -4.130217638,     0.03652562098,       1.257967513,      -0.100708411
          0,           0,        4591,      -4.089289817,     0.03748075272,       1.267722386,    -0.09569545614
          0,           0,        4592,      -4.095969067,     0.03859707388,       1.275093257,    -0.09244344033
          0,           0,        4593,      -4.105306327,     0.03955068149,       1.280158491,    -0.09088342387
          0,           0,        4594,      -4.100902303,     0.04021963029,       1.283045111,    -0.09088255547
          0,           0,        4595,      -4.105659495,     0.04065271348,       1.284194921,     -0.0920563338
          0,           0,        4596,      -4.099980505,      0.0408863675,       1.283853887,    -0.09417116326
          0,           0,        4597,       -4.09756148,     0.04098765788,       1.282614992,    -0.09674539775
          0,           0,        4598,      -4.092765779,     0.04105620383,       1.280988827,    -0.09936481007
          0,           0,        4599,      -4.091277259,     0.04233222273,       1.273134821,     -0.1061071544
          0,           0,        4600,      -4.083319709,     0.04311037087,       1.268269463,     -0.1104817301
          0,           0,        4601,       -4.08721075,     0.04371728297,       1.266052661,     -0.1126901012
          0,           0,        4602,      -4.085188315,     0.04418108874,       1.264957608,     -0.1138523738
          0,           0,        4603,      -4.083863346,      0.0443999939,       1.264209218,     -0.1145663279
          0,           0,        4604,      -4.084776973,     0.04430166609,       1.264099097,     -0.1146494703
          0,           0,        4605,      -4.084338435,     0.04401579725,       1.264138117,     -0.1144565566
          0,           0,        4606,      -4.081346308,     0.04369257167,       1.263751002,     -0.1144033491
          0,           0,        4607,      -4.082074612,     0.04335874079,       1.262524154,     -0.1148059324
          0,           0,        4608,      -4.008235807,      0.0429835616,       1.260338613,     -0.1157748704
          0,           0,        4609,      -4.081945114,     0.04248209141,       1.257324828,      -0.117247803
          0,           0,        4610,      -4.068204454,     0.04913228591,       1.210139559,     -0.1498687319
          0,           0,        4611,      -4.050958854,     0.04694578075,       1.218122943,     -0.1433576123
          0,           0,        4612,      -4.080984854,      0.0446266095,         1.2195305,     -0.1416355617
          0,           0,        4613,      -4.082412662,     0.04266154154,       1.218705777,     -0.1414562389
          0,           0,        4614,      -4.076132727,     0.04075968775,       1.216896399,     -0.1419610131
          0,           0,        4615,       -4.08146741,     0.03865095582,       1.214462399,     -0.1429320406
          0,           0,        4616,      -4.082508879,     0.03619062702,        1.21159674,     -0.1442438233
          0,           0,        4617,        -4.0864109,     0.03330766985,       1.208432862,     -0.1457940214
          0,           0,        4618,      -4.088639492,     0.02996432003,       1.205003795,     -0.1475427788
          0,           0,        4619,      -4.089964928,     0.02614996465,       1.201249941,     -0.1495098077
          0,           0,        4620,      -4.092509736,     0.02187874068,       1.197067969,     -0.1517393453
          0,           0,        4621,      -4.086999458,      0.0171904963,        1.19234309,     -0.1542807372
          0,           0,        4622,      -4.091573129,     0.01218827803,       1.186943339,     -0.1571908834
          0,           0,        4623,      -4.091536449,     0.00699858799,       1.181080924,     -0.1602780842
          0,           0,        4624,      -4.094906992,    0.001755062896,       1.175070565,     -0.1632817661
          0,           0,        4625,      -4.099366131,   -0.003436453126,       1.169363187,     -0.1658522179
          0,           0,        4626,      -4.102200196,   -0.008421121515,       1.164012466,     -0.1679309306
          0,           0,        4627,       -4.10248781,    -0.01355507083,       1.162418275,     -0.1670960547
          0,           0,        4628,      -4.106416376,    -0.01791464562,       1.160132848,     -0.1664812314
          0,           0,        4629,      -4.107409465,    -0.02158474909,       1.157705093,      -0.165719104
          0,           0,        4630,      -4.107592349,    -0.02455960353,       1.155760935,     -0.1643757392
          0,           0,        4631,      -4.109455382,    -0.02677910057,       1.154506728,     -0.1623225331
          0,           0,        4632,      -4.108629549,    -0.02813569015,       1.153896139,     -0.1596121204
          0,           0,        4633,      -4.102442109,    -0.02885853373,       1.155664283,     -0.1550437756
          0,           0,        4634,      -4.102119367,    -0.02882471829,       1.158946445,      -0.149266812
          0,           0,        4635,      -4.108812288,    -0.02801344518,       1.163245808,     -0.1426750492
          0,           0,        4636,      -4.106791156,    -0.02652441531,       1.168398511,     -0.1354314926
          0,           0,        4637,      -4.104674619,    -0.02447900508,       1.174454226,     -0.1275416671
          0,           0,        4638,      -4.111869666,    -0.02200510535,       1.181303808,     -0.1191228231
          0,           0,        4639,      -4.109613795,    -0.01920851696,       1.188771511,     -0.1103313383
          0,           0,        4640,      -4.103908051,    -0.01620085504,       1.196691394,     -0.1013108145
          0,           0,        4641,      -4.106252329,    -0.01304250825,       1.204968198,    -0.09214392655
          0,           0,        4642,      -4.065962332,   -0.009770178055,       1.213524996,    -0.08289162179
          0,           0,        4643,      -4.109122409,   -0.006473761516,       1.222483704,    -0.07347202159
          0,           0,        4644,      -4.111298422,   -0.003236505166,       1.231853946,    -0.06388265623
          0,           0,        4645,      -4.111286626,  -0.0001105650905,       1.241748386,    -0.05404350841
          0,           0,        4646,      -4.107417076,    0.002898065358,       1.252207903,    -0.04392252633
          0,           0,        4647,      -4.108724082,    0.005817940079,       1.263309695,    -0.03346073704
          0,           0,        4648,      -4.105338057,    0.008689125298,       1.274937479,    -0.02274347292
          0,           0,        4649,      -4.098668928,      0.0115010349,       1.287277447,    -0.01164776434
          0,           0,        4650,      -4.104624578,     0.01428711988,       1.299946475,  -0.0004605776623
          0,           0,        4651,      -4.107733006,     0.01708821641,       1.312436017,     0.01043732906
          0,           0,        4652,      -4.104689094,     0.01990834532,       1.324277705,     0.02068594864
          0,           0,        4653,      -4.103334195,     0.02271318884,       1.335429553,     0.03023291176
          0,           0,        4654,      -4.105231791,     0.02550740374,       1.345693426,     0.03891823399
          0,           0,        4655,      -4.102885663,     0.02827243031,       1.354939566,     0.04663078979
          0,           0,        4656,      -4.096798096,       0.030975561,       1.363036548,     0.05326142202
          0,           0,        4657,      -4.101045774,     0.03356022723,       1.369762241,     0.05863504845
          0,           0,        4658,      -4.099221367,     0.03600161082,       1.374941348,     0.06261868011
          0,           0,        4659,      -4.095575401,     0.03828257965,       1.378498436,     0.06515682098
          0,           0,        4660,      -4.094070301,     0.03847915485,       1.392706975,     0.07495161733
          0,           0,        4661,      -4.082586681,     0.04057846152,       1.394036231,     0.07538853963
          0,           0,        4662,      -4.094755404,     0.04236277987,       1.393253254,     0.07403058901
          0,           0,        4663,      -4.094451708,     0.04398608542,       1.390485286,     0.07100832551
          0,           0,        4664,      -4.090881655,     0.04542467944,       1.386076576,     0.06658513335
          0,           0,        4665,      -4.091163578,     0.04663621603,       1.380384182,     0.06103475857
          0,           0,        4666,      -4.089648389,      0.0476255386,       1.373723113,     0.05461026433
          0,           0,        4667,      -4.088133743,     0.05167150708,       1.345938805,     0.03307047773
          0,           0,        4668,      -4.091489627,     0.05192226735,       1.343484309,      0.0294160348
          0,           0,        4669,      -4.083143897,     0.05199120041,       1.337811041,      0.0232895562
          0,           0,        4670,      -4.076357931,      0.0523213062,       1.331905478,     0.01695346511
          0,           0,        4671,      -4.080750491,     0.05293113817,       1.326874469,     0.01122565934
          0,           0,        4672,      -4.077739562,     0.05380267826,       1.322996562,    0.006305306423
          0,           0,        4673,       -4.06931364,     0.05495539896,       1.320260503,    0.002183984475
          0,           0,        4674,      -3.517052586,     0.05631430444,       1.319041332,  -0.0008824497203
          0,           0,        4675,      -3.481540271,     0.05787674419,       1.319032712,   -0.003126868793
          0,           0,        4676,      -3.467116943,     0.05966699234,       1.319646477,   -0.004981331513
          0,           0,        4677,      -3.461707405,     0.06159772144,       1.320548753,   -0.006706337962
          0,           0,        4678,      -3.599080009,     0.06347715497,       1.321560621,   -0.008459151563
          0,           0,        4679,      -3.507377738,     0.06509720737,        1.32221194,    -0.01060308647
          0,           0,        4680,      -3.680010259,     0.06627540552,       1.322084681,    -0.01345418351
          0,           0,        4681,      -3.919178586,     0.06624711717,       1.323865835,    -0.01513433202
          0,           0,        4682,       -4.06328286,     0.06582179771,       1.322400484,     -0.0192684233
          0,           0,        4683,      -4.051691624,     0.06485859942,       1.317852212,    -0.02573212586
          0,           0,        4684,      -4.062229758,     0.06303311227,       1.313499294,    -0.03214724698
          0,           0,        4685,      -4.049644749,     0.06087079983,       1.307215942,    -0.03996596202
          0,           0,        4686,      -3.854913539,     0.05848643332,       1.298578915,     -0.0494557644
          0,           0,        4687,      -4.036014987,     0.05584878782,       1.288426003,    -0.05998559611
          0,           0,        4688,      -4.012949027,     0.05299250094,       1.277740959,    -0.07080927198
          0,           0,        4689,      -3.863688227,     0.04987729352,       1.268087611,    -0.08076905327
          0,           0,        4690,      -3.879646974,     0.04669266113,       1.259480713,    -0.08981051463
          0,           0,        4691,      -3.925804936,     0.04364471094,       1.251847892,    -0.09794401776
          0,           0,        4692,      -4.015748447,     0.04087340559,       1.245347322,     -0.1050263657
          0,           0,        4693,      -4.059246423,     0.03839792585,       1.240991202,     -0.1103118702
          0,           0,        4694,      -4.052360888,     0.03641423055,       1.238588559,     -0.1139176615
          0,           0,        4695,      -4.043130316,     0.03506571697,       1.238080656,     -0.1158785207
          0,           0,        4696,      -4.036234058,     0.03440070399,       1.239474021,     -0.1162011368
          0,           0,        4697,      -4.067558371,     0.03156244622,       1.263772682,    -0.09995959091
          0,           0,        4698,      -4.088079025,     0.03261949561,       1.265563383,     -0.0995184259
          0,           0,        4699,      -4.089657102,     0.03434885116,        1.27120383,     -0.0960738161
          0,           0,        4700,      -4.089762968,     0.03636837683,       1.278275101,    -0.09147470948
          0,           0,        4701,      -4.091897368,     0.03857880969,       1.286259877,     -0.0861274632
          0,           0,        4702,      -4.097935789,     0.04086884106,       1.295254844,    -0.07998924306
          0,           0,        4703,       -4.09936619,     0.04229694199,       1.311522446,    -0.06862386038
          0,           0,        4704,      -4.100612922,      0.0445525702,       1.322202526,    -0.06119808385
          0,           0,        4705,       -4.10344367,     0.04640470031,       1.332261531,    -0.05426055203
          0,           0,        4706,      -4.103585334,     0.04796068701,       1.341115301,    -0.04821488831
          0,           0,        4707,      -4.106120212,      0.0489576782,       1.349921619,     -0.0422419309
          0,           0,        4708,      -4.096407589,     0.04950996022,        1.35656286,    -0.03786683115
          0,           0,        4709,      -4.105795144,     0.04957310513,       1.360438598,    -0.03552532955
          0,           0,        4710,      -4.107900079,     0.04911677603,       1.361668871,    -0.03512146317
          0,           0,        4711,      -4.107946694,     0.04813092309,       1.361007712,    -0.03609078744
          0,           0,        4712,      -4.109846125,     0.04677214508,       1.358647086,    -0.03825669401
          0,           0,        4713,      -4.034702989,     0.04508259448,        1.35588952,    -0.04064752733
          0,           0,        4714,      -3.902385909,     0.04319484188,       1.353297748,    -0.04282678577
          0,           0,        4715,      -4.059211962,     0.04137662371,       1.350266075,     -0.0451974462
          0,           0,        4716,      -4.099260864,     0.03968477034,       1.347530985,    -0.04721264026
          0,           0,        4717,      -4.104975487,     0.03822549825,       1.345299525,    -0.04870816753
          0,           0,        4718,      -4.105808552,     0.03692349226,       1.345195438,    -0.04851150647
          0,           0,        4719,      -4.107131714,     0.03595191184,       1.346514781,    -0.04711991643
          0,           0,        4720,      -4.108390608,     0.03546525442,       1.348306129,    -0.04521830045
          0,           0,        4721,       -4.10611686,      0.0354310116,       1.350634953,     -0.0427750508
          0,           0,        4722,      -4.108623632,        0.03587895,       1.352897501,    -0.04023656413
          0,           0,        4723,      -4.103223946,     0.03361804535,       1.379137638,    -0.02048138017
          0,           0,        4724,      -4.097678943,     0.03495805917,       1.378420146,     -0.0198647217
          0,           0,        4725,       -4.09835659,     0.03628215112,       1.380138712,    -0.01739311482
          0,           0,        4726,      -4.088340132,      0.0373393143,       1.381915376,    -0.01484106029
          0,           0,        4727,      -4.093794655,      0.0381300554,       1.382793187,    -0.01290074479
          0,           0,        4728,      -4.091362894,     0.03861482634,       1.383010763,    -0.01139392528
          0,           0,        4729,      -4.088802268,     0.03879709145,       1.382460837,    -0.01039124553
          0,           0,        4730,      -4.088231207,     0.03870747088,       1.380963117,    -0.01001691253
          0,           0,        4731,      -4.087182912,     0.03834306924,       1.378470757,    -0.01030232735
          0,           0,        4732,      -4.079200664,     0.03720773322,        1.37822133,   -0.008946479281
          0,           0,        4733,       -4.06995656,     0.03578553639,       1.377170241,   -0.008097591827
          0,           0,        4734,      -4.054289418,     0.03410086328,       1.374060859,   -0.008664491209
          0,           0,        4735,      -4.042458859,      0.0320511461,       1.368667827,    -0.01081725859
          0,           0,        4736,      -4.028049519,     0.02957175724,       1.361074144,    -0.01449056441
          0,           0,        4737,      -4.012306557,     0.02663458437,       1.351291798,    -0.01966573853
          0,           0,        4738,      -3.994665108,     0.02316652495,       1.339471554,    -0.02623020591
          0,           0,        4739,      -3.976914232,     0.01919671515,       1.325786123,    -0.03404449528
          0,           0,        4740,      -3.954053982,     0.01479540185,       1.310697937,    -0.04276159256
          0,           0,        4741,      -3.933990006,     0.01007413937,       1.295714634,    -0.05127625329
          0,           0,        4742,      -3.908271621,    0.005195136747,       1.281836578,    -0.05885779167
          0,           0,        4743,      -3.882994532,   0.0003853672536,       1.269369226,     -0.0652838782
          0,           0,        4744,      -3.852460051,    -0.00408785746,       1.258614698,    -0.07034023077
          0,           0,        4745,      -3.820639777,   -0.007949856998,       1.250202204,    -0.07358585782
          0,           0,        4746,      -3.788392456,    -0.01096745278,       1.244831016,    -0.07453999858
          0,           0,        4747,      -3.757709784,    -0.01301188581,        1.24313506,    -0.07278332839
          0,           0,        4748,      -3.729988162,      -0.014022858,        1.24534784,    -0.06819831868
          0,           0,        4749,      -3.705169932,    -0.01422568165,       1.252824398,    -0.05987594695
          0,           0,        4750,      -3.685034103,    -0.01347648214,       1.263674102,    -0.04921943592
          0,           0,        4751,      -3.667611221,    -0.01180369246,       1.276185247,     -0.0375077568
          0,           0,        4752,      -3.650769872,     -0.0094079892,       1.289435053,    -0.02545788178
          0,           0,        4753,      -3.633402052,   -0.006456856363,       1.302586562,     -0.0137050027
          0,           0,        4754,      -3.617580314,   -0.003105041198,       1.315206616,   -0.002580150188
          0,           0,        4755,      -3.604888094,   0.0005398295587,        1.32687079,    0.007605633345
          0,           0,        4756,      -3.594630822,    0.004413070655,         1.3373328,     0.01668660236
          0,           0,        4757,      -3.586047698,    0.008460215463,       1.346553022,     0.02465119371
          0,           0,        4758,      -3.580957916,     0.01264016535,       1.354616496,     0.03157964822
          0,           0,        4759,      -3.579125348,     0.01691150537,       1.361822264,     0.03770600117
          0,           0,        4760,      -3.579884154,     0.02123678105,       1.368128923,     0.04301387528
          0,           0,        4761,      -3.582600901,     0.02555356857,       1.373544859,      0.0475193599
          0,           0,        4762,      -3.586172303,     0.02976747947,       1.378051138,     0.05121110442
          0,           0,        4763,      -3.590667651,     0.03374181396,       1.381671234,      0.0541031485
          0,           0,        4764,      -3.595365954,     0.03733553872,       1.384320392,     0.05612034738
          0,           0,        4765,      -3.600263816,     0.04043062807,       1.385618079,     0.05697707788
          0,           0,        4766,      -3.605436706,     0.04293455401,       1.385317237,     0.05648349348
          0,           0,        4767,      -3.610506873,     0.04475276797,       1.383402978,      0.0546172318
          0,           0,        4768,       -3.61501676,     0.04587199499,       1.379926634,     0.05140741221
          0,           0,        4769,      -3.617344592,     0.04639975975,       1.374884753,     0.04685792604
          0,           0,        4770,      -3.620103791,     0.04652611339,       1.364257347,     0.03804859755
          0,           0,        4771,      -3.606184318,     0.04648643607,        1.35339407,     0.02889928586
          0,           0,        4772,      -3.605290107,     0.04648328156,       1.344103765,      0.0207392226
          0,           0,        4773,       -3.62054669,     0.04669210563,       1.337215142,     0.01417129177
          0,           0,        4774,      -3.640964455,      0.0472381228,        1.33277414,    0.009219496155
          0,           0,        4775,       -3.63189832,      0.0482166491,        1.33051383,    0.005678337084
          0,           0,        4776,      -3.629562216,     0.05176978242,       1.329538886,    0.003209558627
          0,           0,        4777,        -3.6826898,     0.05564617611,       1.330281981,    0.001773877334
          0,           0,        4778,      -3.561510658,      0.0597930807,       1.332850855,    0.001449137703
          0,           0,        4779,      -3.759228128,     0.06420869057,       1.337128415,    0.002169784758
          0,           0,        4780,      -3.880185411,     0.06884680533,       1.342805092,    0.003735595332
          0,           0,        4781,      -3.899602499,     0.07370049934,        1.34954403,    0.005937963053
          0,           0,        4782,      -3.857049835,     0.07874004066,       1.356944625,    0.008525176554
          0,           0,        4783,      -3.812033547,     0.08389886151,       1.364670753,      0.0112906036
          0,           0,        4784,      -3.763127789,     0.08904687778,       1.372456323,     0.01406908825
          0,           0,        4785,      -3.712855493,     0.09403265254,       1.380064293,     0.01671212753
          0,           0,        4786,      -3.661272085,     0.09778709184,        1.39882471,     0.02737947758
          0,           0,        4787,       -3.60415227,      0.1019959002,       1.411276145,     0.03359780502
          0,           0,        4788,      -3.557535964,       0.105540002,       1.418985405,     0.03637694175
          0,           0,        4789,      -3.528953839,      0.1084737827,       1.423016275,     0.03652198753
          0,           0,        4790,      -3.516669765,      0.1106736822,       1.424415351,     0.03478522495
          0,           0,        4791,      -3.517018085,      0.1120640077,       1.424162407,     0.03186880882
          0,           0,        4792,      -3.527420381,      0.1126445334,       1.423157259,     0.02842553162
          0,           0,        4793,      -3.547808199,      0.1124876163,        1.42169028,     0.02466693817
          0,           0,        4794,      -3.577760137,      0.1117134355,       1.420075318,     0.02081745521
          0,           0,        4795,      -3.617628973,      0.1104745862,       1.418572052,     0.01706285532
          0,           0,        4796,      -3.668137025,      0.1087846231,       1.418668848,     0.01447013393
          0,           0,        4797,      -3.730917713,      0.1069098246,       1.420148352,     0.01289102576
          0,           0,        4798,      -3.809506095,      0.1051087292,       1.422436827,     0.01191676824
          0,           0,        4799,      -3.900338579,      0.1034491124,       1.426015665,     0.01188409568
          0,           0,        4800,      -4.000074985,      0.1020059399,       1.431199343,      0.0130142553
          0,           0,        4801,      -4.087874545,       0.100864528,        1.43805283,     0.01535752604
          0,           0,        4802,      -4.122080434,      0.1000970287,       1.446321869,     0.01873958722
          0,           0,        4803,      -4.117222593,     0.09682454257,       1.474212154,     0.03606680253
          0,           0,        4804,       -4.10819357,     0.09697509242,       1.484216266,     0.04078925738
          0,           0,        4805,      -4.094454965,       0.097619147,        1.49642826,     0.04721195598
          0,           0,        4806,      -4.089978927,     0.09863433525,       1.508737483,     0.05380479157
          0,           0,        4807,      -4.081875355,      0.1000095183,       1.520418767,     0.06007471749
          0,           0,        4808,      -4.074620038,      0.1015724369,       1.531984616,     0.06641015643
          0,           0,        4809,      -4.067415776,      0.1031537033,       1.543456025,     0.07284262378
          0,           0,        4810,      -4.062058743,      0.1046544589,       1.554374096,     0.07905644256
          0,           0,        4811,      -4.056223556,      0.1060046801,       1.564095745,     0.08460282845
          0,           0,        4812,      -4.050608258,      0.1070736608,        1.57241905,     0.08933819031
          0,           0,        4813,      -4.045586858,      0.1077519556,        1.57916362,       0.093131949
          0,           0,        4814,      -4.041346774,      0.1078044731,       1.585050413,     0.09648601586
          0,           0,        4815,      -4.037630463,      0.1071754173,       1.589950909,     0.09930062546
          0,           0,        4816,      -4.035267369,      0.1059533917,       1.593241707,       0.101128212
          0,           0,        4817,      -4.033057836,      0.1042423168,       1.594370788,      0.1015642659
          0,           0,        4818,      -4.031761682,      0.1022467599,          1.592457,     0.09997144906
          0,           0,        4819,      -4.030761702,      0.1000408356,       1.587503008,     0.09633230449
          0,           0,        4820,       -4.03039151,       0.097602248,       1.580034509,     0.09098924433
          0,           0,        4821,      -4.030071749,     0.09482905176,       1.571090571,     0.08464541426
          0,           0,        4822,      -4.030679467,     0.09165651452,       1.561331016,     0.07773158146
          0,           0,        4823,      -4.032942432,     0.08812071017,       1.550921626,     0.07032993921
          0,           0,        4824,      -4.035469278,     0.08394089519,        1.54185733,     0.06381734455
          0,           0,        4825,      -4.038231007,      0.0793003277,       1.533489843,     0.05770892569
          0,           0,        4826,      -4.041853899,     0.07445483511,       1.524354335,     0.05094386274
          0,           0,        4827,      -4.044939907,     0.06945674326,       1.513678395,     0.04294340516
          0,           0,        4828,      -4.047955709,     0.06508462194,       1.496761904,     0.03037281452
          0,           0,        4829,      -4.042413126,     0.06054911782,        1.47809307,     0.01639064899
          0,           0,        4830,      -4.049745268,     0.05564151379,       1.459364225,    0.002202156412
          0,           0,        4831,      -4.046104043,     0.05050276973,        1.44087449,    -0.01194373757
          0,           0,        4832,      -4.060083726,      0.0444897574,       1.426503387,    -0.02328754619
          0,           0,        4833,      -4.062414466,     0.03834353838,       1.413098205,    -0.03400607288
          0,           0,        4834,      -4.068232994,     0.03238597131,       1.399400011,    -0.04494761292
          0,           0,        4835,       -4.06869078,     0.02651534754,       1.385809835,    -0.05580796592
          0,           0,        4836,      -4.073961639,     0.02076620982,       1.372957271,    -0.06609468123
          0,           0,        4837,      -4.075742481,     0.01522144818,        1.36118472,    -0.07551883466
          0,           0,        4838,      -4.079419882,    0.009988478603,       1.350886845,    -0.08375427173
          0,           0,        4839,      -4.082239386,     0.00515158118,        1.34211006,    -0.09073557895
          0,           0,        4840,      -4.080100939,   0.0007587646306,       1.334987119,     -0.0963437599
          0,           0,        4841,        -4.0829488,   -0.003130059796,       1.329779152,     -0.1003687891
          0,           0,        4842,      -4.087801136,   -0.006429765109,       1.326709919,     -0.1026294316
          0,           0,        4843,      -4.090444617,   -0.009245936106,       1.326709484,     -0.1024626655
          0,           0,        4844,      -4.092715279,    -0.01155077459,       1.329676844,    -0.09994307678
          0,           0,        4845,      -4.094918365,    -0.01323365522,       1.334912177,    -0.09557395003
          0,           0,        4846,      -4.096105608,    -0.01514259718,       1.346758945,    -0.08631870175
          0,           0,        4847,       -4.09669501,    -0.01632383704,       1.360059884,    -0.07582411314
          0,           0,        4848,      -4.096389528,    -0.01673014108,       1.373372156,    -0.06515887191
          0,           0,        4849,      -4.094770772,    -0.01652477139,       1.386694959,    -0.05436948799
          0,           0,        4850,      -4.093561462,    -0.01580267166,       1.400080258,     -0.0434544883
          0,           0,        4851,      -4.092899373,    -0.01464591167,       1.413617151,    -0.03238828641
          0,           0,        4852,       -4.09227991,    -0.01312418581,       1.427350128,    -0.02117084663
          0,           0,        4853,      -4.086571584,    -0.01128153682,       1.441269519,   -0.009836347892
          0,           0,        4854,      -4.087883612,   -0.009133855022,       1.455145224,    0.001427910701
          0,           0,        4855,      -4.083078867,   -0.006664156953,       1.468531577,     0.01228619832
          0,           0,        4856,      -4.079167218,   -0.003931221504,       1.481019521,     0.02242421564
          0,           0,        4857,      -4.075387139,   -0.001018525141,       1.492272892,     0.03158644844
          0,           0,        4858,      -4.068817939,    0.001987281279,       1.501865548,     0.03946082606
          0,           0,        4859,      -4.068827008,    0.004902297292,       1.510012698,     0.04619380607
          0,           0,        4860,      -4.069388806,    0.007639754239,       1.516468622,     0.05161820078
          0,           0,        4861,       -4.07435722,     0.01005409903,       1.521539227,     0.05596417506
          0,           0,        4862,      -4.077603627,     0.01208214065,       1.524962336,     0.05906059232
          0,           0,        4863,      -4.077408452,     0.01380972895,       1.525899754,     0.06034003099
          0,           0,        4864,      -4.084053545,     0.01531360467,       1.523886348,     0.05950468062
          0,           0,        4865,      -4.086817133,     0.01663148142,       1.519058412,      0.0566900322
          0,           0,        4866,      -4.088925595,     0.01779907673,       1.511914603,     0.05229062479
          0,           0,        4867,      -4.090173775,     0.01885595768,        1.50308187,     0.04678906033
          0,           0,        4868,      -4.091349996,     0.01969339224,       1.494107184,     0.04130889981
          0,           0,        4869,      -4.091491997,      0.0203147463,       1.485673493,     0.03634519623
          0,           0,        4870,      -4.090394937,     0.02082637565,       1.477665995,     0.03182382841
          0,           0,        4871,      -4.089948699,     0.02103744536,        1.47107755,     0.02843209243
          0,           0,        4872,      -4.086282708,     0.02095430618,       1.465490175,     0.02585019688
          0,           0,        4873,       -4.08629291,     0.02098976269,       1.460864229,     0.02408738893
          0,           0,        4874,      -4.078848576,     0.02120007247,       1.456561443,     0.02266601015
          0,           0,        4875,      -4.082272474,     0.02132359034,       1.452238185,     0.02127975333
          0,           0,        4876,      -4.081654926,     0.02113866237,       1.447511922,      0.0195973429
          0,           0,        4877,      -4.081090004,     0.02064291449,        1.44189228,     0.01724046434
          0,           0,        4878,      -4.076390582,     0.01995029336,       1.435150726,      0.0140431668
          0,           0,        4879,      -4.079824606,     0.01917079936,       1.427561518,     0.01020624675
          0,           0,        4880,      -4.078644707,     0.01835593189,       1.419832515,    0.006241533831
          0,           0,        4881,       -4.08100691,     0.01756464921,        1.41255269,    0.002580415284
          0,           0,        4882,      -4.078646584,     0.01690643849,       1.405776642,  -0.0007228811511
          0,           0,        4883,       -4.08002495,     0.01641670628,       1.399695891,   -0.003522270813
          0,           0,        4884,      -4.084806293,     0.01609397858,       1.394451888,   -0.005706476916
          0,           0,        4885,       -4.09357317,     0.01595100544,       1.389808574,   -0.007426571742
          0,           0,        4886,       -4.09521143,     0.01602326491,       1.385396977,   -0.008928521965
          0,           0,        4887,      -4.097479783,     0.01633276647,       1.380958816,    -0.01037009542
          0,           0,        4888,      -4.098917098,     0.01686448483,       1.376384487,    -0.01180699319
          0,           0,        4889,      -4.099817408,     0.01744006416,        1.37132638,    -0.01348920477
          0,           0,        4890,      -4.088859972,     0.00923534454,       1.408207309,     0.01431304744
          0,           0,        4891,        -4.0843348,    0.009750060228,       1.402143262,     0.01213733179
          0,           0,        4892,      -4.101866045,     0.01042481612,        1.39892056,     0.01222239923
          0,           0,        4893,      -4.105380777,     0.01060529169,       1.397787516,     0.01391512997
          0,           0,        4894,      -4.107493147,     0.01039909404,       1.398386896,     0.01695975285
          0,           0,        4895,      -4.105107166,     0.01016182246,       1.399874259,     0.02076983538
          0,           0,        4896,       -4.10414768,     0.01016259586,       1.401710109,     0.02496805483
          0,           0,        4897,        -4.0999432,     0.01051996718,       1.403942291,     0.02956480607
          0,           0,        4898,       -4.09618216,     0.01123817657,       1.407051628,     0.03486364812
          0,           0,        4899,      -4.093031151,     0.01229530361,       1.411788887,     0.04134915676
          0,           0,        4900,      -4.088454292,     0.01369589226,       1.418385332,      0.0491311899
          0,           0,        4901,      -4.079311082,     0.01538698888,       1.427112324,     0.05833973703
          0,           0,        4902,      -4.073395075,     0.01491574771,       1.450996254,     0.07807230307
          0,           0,        4903,      -4.067496156,     0.01541183711,       1.474637075,     0.09747792879
          0,           0,        4904,       -4.06787904,     0.01668139324,       1.496155893,      0.1151020982
          0,           0,        4905,       -4.06507415,     0.01837804042,       1.515979698,      0.1311713347
          0,           0,        4906,      -4.066419532,     0.02037640201,       1.534319968,      0.1457939894
          0,           0,        4907,      -4.066133093,     0.02256849267,        1.55130398,      0.1590197502
          0,           0,        4908,      -4.063797336,     0.02484637691,        1.56703228,      0.1708930526
          0,           0,        4909,      -4.060538535,     0.02709618095,       1.581443408,      0.1813446097
          0,           0,        4910,      -4.055678715,     0.02893214688,       1.595866195,      0.1912997895
          0,           0,        4911,       -4.05184446,     0.03028832645,       1.609908198,      0.2004774277
          0,           0,        4912,      -4.046627732,     0.03138286133,       1.621957908,      0.2077558601
          0,           0,        4913,       -4.04068945,     0.03238173882,       1.630562295,      0.2121240791
          0,           0,        4914,      -4.036663447,     0.03337466615,        1.63498612,      0.2130862112
          0,           0,        4915,      -4.034650714,     0.03436798467,       1.635217736,      0.2106656656
          0,           0,        4916,      -4.034564277,     0.03511086859,       1.632977983,      0.2061071789
          0,           0,        4917,        -4.0360261,     0.03549821616,       1.629537494,      0.2003486344
          0,           0,        4918,      -4.040285625,     0.03561934701,       1.625348729,       0.193754159
          0,           0,        4919,      -4.042780162,     0.03559999683,       1.620583418,      0.1864790432
          0,           0,        4920,      -4.045662263,     0.03554127145,       1.615427481,      0.1786873811
          0,           0,        4921,      -4.042313349,      0.0355413075,       1.610154751,      0.1706001255
          0,           0,        4922,      -4.049510521,     0.03562125187,       1.604751441,      0.1622181003
          0,           0,        4923,      -4.050812622,     0.03577871971,       1.599017335,      0.1534000332
          0,           0,        4924,      -4.051169776,     0.03599420479,       1.592728216,      0.1439913841
          0,           0,        4925,      -4.053269927,      0.0361971709,       1.585728836,      0.1338786665
          0,           0,        4926,      -4.054929609,     0.03625854657,       1.578063456,       0.123091344
          0,           0,        4927,      -4.057180782,     0.03601202489,       1.569802172,       0.111677978
          0,           0,        4928,      -4.058982237,     0.03530116219,       1.560814342,     0.09955283246
          0,           0,        4929,      -4.053242396,     0.03404856429,       1.550998607,     0.08666389136
          0,           0,        4930,      -4.060107953,     0.03227018046,       1.540399307,     0.07308405677
          0,           0,        4931,       -4.06084959,     0.03005761164,       1.529274518,     0.05905828504
          0,           0,        4932,      -4.062469246,     0.02756877336,       1.518102506,     0.04499656404
          0,           0,        4933,      -4.061935667,     0.02497360671,       1.507468422,      0.0313858504
          0,           0,        4934,      -4.064200215,     0.02247313832,       1.498091866,     0.01881623031
          0,           0,        4935,      -4.064974117,     0.02023293355,       1.490560142,    0.007768447862
          0,           0,        4936,      -4.066237638,     0.01840457409,       1.485301412,   -0.001400252759
          0,           0,        4937,      -4.067257548,     0.01708339385,       1.482580889,    -0.00845337979
          0,           0,        4938,      -4.067959264,     0.01630575359,       1.482458607,    -0.01331908444
          0,           0,        4939,      -4.067775285,     0.01602520976,       1.484651303,    -0.01618766704
          0,           0,        4940,      -4.068496726,     0.01611438194,       1.488479767,    -0.01753678809
          0,           0,        4941,      -4.068223231,     0.01640248995,       1.493030054,    -0.01802444345
          0,           0,        4942,      -4.066935794,     0.01668328018,       1.497269662,    -0.01839074229
          0,           0,        4943,      -4.066578144,     0.01674341367,       1.500247058,    -0.01931368037
          0,           0,        4944,      -4.066064372,     0.01638796339,       1.501248529,    -0.02129804661
          0,           0,        4945,      -4.069074748,      0.0154860197,       1.499930284,    -0.02456918431
          0,           0,        4946,      -4.071195028,     0.01398303815,       1.496344171,    -0.02906397416
          0,           0,        4947,      -4.073641672,     0.01192180869,       1.490948432,    -0.03442410582
          0,           0,        4948,      -4.076258534,    0.009417757872,       1.484388918,    -0.04015358827
          0,           0,        4949,      -4.076863248,    0.006655691487,       1.477504512,    -0.04562686949
          0,           0,        4950,      -4.072209373,    0.003861569653,       1.471108891,    -0.05025013317
          0,           0,        4951,      -4.072591724,    0.001267751169,       1.465903369,    -0.05352145972
          0,           0,        4952,      -4.076574821,  -0.0009441335194,       1.462345821,    -0.05513356195
          0,           0,        4953,      -4.077723339,     -0.0026452841,       1.460608341,    -0.05500187273
          0,           0,        4954,      -4.074524955,    -0.00376015482,       1.460570517,    -0.05326405786
          0,           0,        4955,      -4.069853065,   -0.004267012784,       1.461932905,    -0.05019686655
          0,           0,        4956,      -4.065165453,   -0.004209776843,        1.46422744,    -0.04620396833
          0,           0,        4957,      -4.059951417,   -0.003660058734,       1.466953242,    -0.04170579735
          0,           0,        4958,      -4.055749219,    -0.00271569858,       1.469586779,     -0.0371380313
          0,           0,        4959,       -4.05172022,   -0.001469865254,       1.471691985,    -0.03285603695
          0,           0,        4960,      -4.048731048,  -2.110063973e-05,        1.47291311,    -0.02914928931
          0,           0,        4961,      -4.047104348,    0.001550349715,       1.473052501,    -0.02617820029
          0,           0,        4962,      -4.047857598,    0.003181794093,       1.471963007,    -0.02405556745
          0,           0,        4963,      -4.051736291,    0.004835991022,       1.470052197,    -0.02248036297
          0,           0,        4964,      -4.052807256,    0.006490270391,       1.467352154,    -0.02141271976
          0,           0,        4965,      -4.054041507,    0.008118377547,       1.463702396,    -0.02095208789
          0,           0,        4966,       -4.05571241,    0.009705046445,       1.458854217,     -0.0212588305
          0,           0,        4967,      -4.054802387,     0.01127462042,       1.452604525,    -0.02245456611
          0,           0,        4968,      -4.054296118,     0.01282926701,       1.444930403,     -0.0245361552
          0,           0,        4969,      -4.052028139,     0.01419369885,       1.436769618,    -0.02682742385
          0,           0,        4970,      -4.052691089,     0.01532906367,       1.428234027,    -0.02924093758
          0,           0,        4971,      -4.052129729,    -0.02193181171,       1.327362054,     -0.1046783923
          0,           0,        4972,      -4.025642865,    -0.01843412652,        1.32496814,     -0.1018580309
          0,           0,        4973,      -4.036258449,    -0.01586109825,       1.320286884,     -0.1006515667
          0,           0,        4974,      -4.040483901,    -0.01360298103,       1.313806997,     -0.1006211156
          0,           0,        4975,      -4.039708677,    -0.01153458334,         1.3062371,     -0.1012297607
          0,           0,        4976,      -4.036256856,   -0.009740669015,       1.297744832,     -0.1023666149
          0,           0,        4977,      -4.027333089,   -0.008378249801,       1.288206537,     -0.1041450817
          0,           0,        4978,       -4.02442207,   -0.007605544503,       1.277491034,     -0.1066891241
          0,           0,        4979,      -4.024826224,   -0.007558245538,       1.265459054,        -0.1101222
          0,           0,        4980,      -4.025209441,   -0.008310041934,        1.25208135,     -0.1144827571
          0,           0,        4981,      -4.027532391,   -0.009868549223,       1.237480788,     -0.1196870516
          0,           0,        4982,       -4.03081286,    -0.01218078665,       1.221928428,     -0.1255363661
          0,           0,        4983,      -4.034374032,    -0.01513733824,       1.205804633,     -0.1317472047
          0,           0,        4984,       -4.03794751,    -0.01856136708,       1.189550783,     -0.1379854772
          0,           0,        4985,      -4.041464946,    -0.02222703466,       1.173953603,     -0.1436726549
          0,           0,        4986,      -4.043730958,    -0.02588909894,        1.15975231,     -0.1482662819
          0,           0,        4987,       -4.04610861,     -0.0293039377,       1.147636608,     -0.1512676916
          0,           0,        4988,      -4.047715546,    -0.03231558728,       1.138136331,     -0.1523077895
          0,           0,        4989,      -4.048232455,    -0.03481109463,       1.131614044,     -0.1511503858
          0,           0,        4990,      -4.050920707,    -0.03677275574,       1.128457495,     -0.1475539341
          0,           0,        4991,      -4.050601877,    -0.03822916392,       1.128723629,     -0.1415194554
          0,           0,        4992,      -4.050597778,    -0.03922324439,       1.132063149,     -0.1333425056
          0,           0,        4993,      -4.050751728,    -0.03991573058,       1.138463016,     -0.1230828951
          0,           0,        4994,      -4.048909554,    -0.04047319757,       1.147668602,      -0.110972925
          0,           0,        4995,      -4.050139302,    -0.04109069655,       1.158813719,    -0.09769165189
          0,           0,        4996,      -4.050378503,    -0.04193468711,       1.170979506,    -0.08395639649
          0,           0,        4997,      -4.051667008,    -0.04306415031,       1.183613688,    -0.07020182582
          0,           0,        4998,      -4.051762349,    -0.04436906972,       1.196476087,    -0.05661248652
          0,           0,        4999,      -4.051903575,    -0.04567661706,       1.209291868,    -0.04338532813
          0,           0,        5000,      -4.050411408,    -0.04687024356,       1.221621943,    -0.03084221135
          0,           0,        5001,      -4.052482012,    -0.04786850208,       1.232682875,    -0.01955576789
          0,           0,        5002,      -4.051963315,    -0.04861778759,       1.241812003,    -0.01001100115
          0,           0,        5003,      -4.050810353,    -0.04912247208,        1.24816595,   -0.002828626911
          0,           0,        5004,      -4.050688895,    -0.04942109472,        1.25152533,    0.001821820976
          0,           0,        5005,      -4.049373948,    -0.04956548931,       1.252066816,    0.004063036911
          0,           0,        5006,      -4.047292419,    -0.04964006213,       1.250115246,    0.004123351894
          0,           0,        5007,      -4.044204422,    -0.04973354561,       1.246092011,    0.002303300639
          0,           0,        5008,      -4.044453904,    -0.04993105278,       1.240428924,   -0.001088062052
          0,           0,        5009,      -4.044080582,    -0.05033182699,       1.233480427,   -0.005790514419
          0,           0,        5010,      -4.042783506,    -0.05102810417,       1.225516805,    -0.01160446022
          0,           0,        5011,      -4.043339213,    -0.05209717447,        1.21686105,    -0.01828791131
          0,           0,        5012,      -4.042032578,    -0.05360336554,       1.207886489,    -0.02555695192
          0,           0,        5013,      -4.043195844,    -0.05615940217,       1.197080826,    -0.03457202296
          0,           0,        5014,      -4.046717064,    -0.05990015957,       1.184368603,    -0.04537856343
          0,           0,        5015,      -4.049973135,    -0.06460344543,       1.170441353,    -0.05741557992
          0,           0,        5016,      -4.053655146,    -0.06991063124,       1.155996182,    -0.07009700803
          0,           0,        5017,      -4.055817426,    -0.07547094281,       1.141419556,    -0.08305959071
          0,           0,        5018,      -4.057910475,    -0.08098947906,       1.126942315,    -0.09606634479
          0,           0,        5019,      -4.059398999,    -0.08621218703,       1.112900139,     -0.1088149148
          0,           0,        5020,      -4.056585317,    -0.09092567179,       1.099760058,     -0.1209196806
          0,           0,        5021,      -4.060890976,    -0.09496755721,       1.087981216,      -0.132012567
          0,           0,        5022,      -4.064177362,    -0.09819269574,       1.078002336,      -0.141753168
          0,           0,        5023,      -4.068427324,     -0.1004956102,       1.070120714,     -0.1499160961
          0,           0,        5024,      -4.072626492,      -0.101785155,       1.064598929,     -0.1563127487
          0,           0,        5025,      -4.076149782,     -0.1019980906,       1.061598233,     -0.1608357413
          0,           0,        5026,      -4.079663908,     -0.1011042695,       1.061235037,     -0.1634217028
          0,           0,        5027,      -4.080451627,    -0.09911149727,       1.063612493,     -0.1640272244
          0,           0,        5028,      -4.083296616,    -0.09607191372,       1.068848924,     -0.1626039922
          0,           0,        5029,      -4.085944241,     -0.0920639887,       1.077013143,      -0.159133029
          0,           0,        5030,      -4.089724999,    -0.08717598676,       1.088195308,     -0.1535678085
          0,           0,        5031,      -4.091921269,    -0.08152366278,        1.10240193,     -0.1459188317
          0,           0,        5032,      -4.092562388,    -0.07522432526,       1.119707326,     -0.1361392043
          0,           0,        5033,      -4.094293284,    -0.06842832271,       1.139733654,     -0.1245180082
          0,           0,        5034,      -4.087694675,    -0.06128682415,       1.162709829,     -0.1108976075
          0,           0,        5035,      -4.095182649,    -0.05391681618,       1.188171205,    -0.09562283497
          0,           0,        5036,      -4.095930941,    -0.04636400838,       1.215718118,    -0.07897415269
          0,           0,        5037,      -4.096897478,    -0.03864822107,       1.244837865,    -0.06131038977
          0,           0,        5038,      -4.096742075,    -0.03082486233,        1.27482994,     -0.0431307749
          0,           0,        5039,      -4.096583227,     -0.0229795812,       1.304902602,    -0.02500512754
          0,           0,        5040,      -4.096739571,    -0.01520395192,        1.33429434,   -0.007479378021
          0,           0,        5041,      -4.097291818,   -0.007595726619,       1.362289267,    0.008938837295
          0,           0,        5042,      -4.096722234,  -0.0002702397488,       1.388195455,     0.02376135675
          0,           0,        5043,      -4.095976197,    0.006647074294,       1.411357079,      0.0365297632
          0,           0,        5044,      -4.094740959,     0.01300770824,       1.431175591,     0.04683039898
          0,           0,        5045,      -4.093991334,     0.01866513729,       1.447095063,     0.05428871046
          0,           0,        5046,      -4.092812926,     0.02351292033,       1.458840309,     0.05874125965
          0,           0,        5047,      -4.090727289,     0.02751607091,       1.466614316,      0.0603816233
          0,           0,        5048,       -4.08987364,     0.03072391343,       1.470382031,     0.05923217945
          0,           0,        5049,      -4.088392598,     0.03329645944,       1.470991363,     0.05596658378
          0,           0,        5050,      -4.087114339,     0.03543333746,       1.469313359,     0.05127471626
          0,           0,        5051,      -4.086512105,     0.03733370836,       1.466179233,      0.0458115291
          0,           0,        5052,      -4.079314594,     0.03916181507,       1.462640246,     0.04037537331
          0,           0,        5053,      -4.085656286,     0.04096424695,       1.459115943,     0.03528996631
          0,           0,        5054,      -4.078978961,     0.04271659608,       1.455954174,     0.03080904364
          0,           0,        5055,      -4.076007499,     0.04435309438,       1.453424776,     0.02711300688
          0,           0,        5056,      -4.079627816,     0.04576655615,       1.451501868,     0.02415357538
          0,           0,        5057,      -4.082195953,     0.04687478504,       1.450002071,     0.02176411856
          0,           0,        5058,      -4.084726405,     0.04764507938,       1.448669626,     0.01972977933
          0,           0,        5059,      -4.082684008,     0.04809992863,       1.447260626,     0.01784654363
          0,           0,        5060,       -4.08699157,      0.0482970363,        1.44560873,     0.01596879072
          0,           0,        5061,      -4.087761409,      0.0483060859,       1.443644081,     0.01402389514
          0,           0,        5062,      -4.088756529,     0.04704872321,       1.447946583,     0.01663482041
          0,           0,        5063,      -4.090362121,     0.04569411184,       1.452893748,      0.0198384564
          0,           0,        5064,      -4.090785633,     0.04470557195,       1.455668502,     0.02162246595
          0,           0,        5065,      -4.093164619,     0.04376621101,       1.456141436,     0.02182589246
          0,           0,        5066,       -4.09056773,     0.04278416285,       1.454506264,     0.02056525115
          0,           0,        5067,      -4.096733847,     0.04168333249,       1.451037293,     0.01802555819
          0,           0,        5068,       -4.09793001,     0.04039117035,       1.446079856,     0.01444830273
          0,           0,        5069,      -4.099062556,     0.03886705784,       1.440038555,     0.01012838362
          0,           0,        5070,      -4.099457271,     0.03707075601,       1.433236911,    0.005306097905
          0,           0,        5071,       -4.09869789,     0.03499149914,       1.426010483,   0.0002388878606
          0,           0,        5072,      -4.098387863,     0.03265923484,       1.418686337,   -0.004814227967
          0,           0,        5073,      -4.097837719,     0.03007815308,       1.411368291,   -0.009760400596
          0,           0,        5074,      -4.096385908,     0.02727733167,       1.404067593,    -0.01457003714
          0,           0,        5075,      -4.095141804,     0.02431753622,       1.396819946,    -0.01919230289
          0,           0,        5076,       -4.09436326,     0.02127673844,       1.389639694,    -0.02359328431
          0,           0,        5077,      -4.092234481,      0.0182414649,       1.382565862,    -0.02772287589
          0,           0,        5078,       -4.09122973,     0.01530005303,       1.375711224,    -0.03148276675
          0,           0,        5079,      -4.089896635,     0.01253407083,       1.369257241,    -0.03473252203
          0,           0,        5080,      -4.092893672,     0.01002234091,       1.363452331,    -0.03728404415
          0,           0,        5081,      -4.092794613,    0.007819444377,       1.358508736,    -0.03898046384
          0,           0,        5082,      -4.092822854,    0.005975991657,       1.354679653,    -0.03964322171
          0,           0,        5083,      -4.092117207,    0.004493928759,       1.352144264,    -0.03915675735
          0,           0,        5084,      -4.091492364,    0.003341698025,       1.351051668,    -0.03743223959
          0,           0,        5085,      -4.090329514,    0.002440589797,       1.351418219,    -0.03447723884
          0,           0,        5086,       -4.08853567,    0.001706503436,       1.353184342,    -0.03035620096
          0,           0,        5087,      -4.086242865,    0.001069463891,       1.356233915,    -0.02518085773
          0,           0,        5088,      -4.085235047,   0.0004689200529,       1.360355195,     -0.0191276437
          0,           0,        5089,      -4.084203754,  -0.0001271553681,       1.365262353,    -0.01242431688
          0,           0,        5090,      -4.083194329,  -0.0007251184074,       1.370434995,   -0.005459273202
          0,           0,        5091,      -4.079741269,   -0.001301259526,       1.375746612,    0.001667272823
          0,           0,        5092,      -4.080476406,   -0.001814150274,       1.380815359,    0.008664557061
          0,           0,        5093,       -4.07929037,   -0.002210509167,       1.385270009,     0.01525264902
          0,           0,        5094,      -4.078106894,   -0.002447567819,       1.388883062,     0.02124865108
          0,           0,        5095,      -4.074639604,   -0.002514128651,       1.391516103,     0.02653524992
          0,           0,        5096,      -4.068337764,   -0.002432346564,       1.393188774,     0.03109656878
          0,           0,        5097,      -4.065838468,   -0.002230829079,       1.393417232,     0.03455536026
          0,           0,        5098,      -4.061869634,   -0.001935002387,       1.392176489,     0.03686841609
          0,           0,        5099,      -4.060041981,   -0.001605583854,       1.389418846,     0.03796543732
          0,           0,        5100,       -4.05722261,   -0.001311566279,       1.385173312,     0.03783552843
          0,           0,        5101,      -4.055646377,   -0.001100461971,        1.37962215,     0.03657706777
          0,           0,        5102,      -4.055516415,  -0.0009936367353,       1.373044042,     0.03436429876
          0,           0,        5103,      -4.055827185,  -0.0009691324854,       1.365826606,     0.03145609401
          0,           0,        5104,      -4.051999186,  -0.0009783603827,       1.358334561,     0.02809703158
          0,           0,        5105,      -4.053314333,  -0.0009621850851,       1.350944154,     0.02454548039
          0,           0,        5106,      -4.056533805,  -0.0008682545474,       1.344033384,      0.0210561773
          0,           0,        5107,      -4.059176594,  -0.0006501176033,       1.337923807,     0.01784501904
          0,           0,        5108,      -4.059629923,  -0.0002665282201,       1.332826431,      0.0150512825
          0,           0,        5109,      -4.060315738,   0.0002986572778,       1.328795642,     0.01269987558
          0,           0,        5110,      -4.059581985,     0.00103244179,        1.32574674,     0.01071750338
          0,           0,        5111,      -4.060375837,    0.001877015055,       1.323500479,    0.008963963315
          0,           0,        5112,      -4.059622462,    0.002736100287,       1.321782545,    0.007236530492
          0,           0,        5113,      -4.060359277,    0.003506041296,       1.320267301,    0.005300811734
          0,           0,        5114,      -4.060210615,    0.004095809275,       1.318624485,    0.002926849019
          0,           0,        5115,      -4.059368705,    0.004429597403,       1.316592213,   -5.86191388e-05
          0,           0,        5116,      -4.060633271,    0.004440636022,       1.314063643,   -0.003710327167
          0,           0,        5117,       -4.06036224,    0.004061982218,       1.310981852,   -0.008041978755
          0,           0,        5118,      -4.061341785,    0.003269228367,       1.307348996,     -0.0130209106
          0,           0,        5119,      -4.061879825,    0.001981543863,       1.303787465,     -0.0181652513
          0,           0,        5120,      -4.060634609,   0.0002374762808,       1.300486301,    -0.02329511474
          0,           0,        5121,      -4.061587635,   -0.001776855857,       1.297295435,    -0.02845910119
          0,           0,        5122,      -4.062817819,   -0.003903654739,       1.293980195,    -0.03377429601
          0,           0,        5123,      -4.071082467,    -0.00601384464,       1.290443095,     -0.0392679231
          0,           0,        5124,       -4.06981458,   -0.007995980503,       1.286769707,    -0.04484137392
          0,           0,        5125,      -4.070976228,   -0.009762394095,       1.283130855,    -0.05034240401
          0,           0,        5126,      -4.072493043,    -0.01124779851,       1.279743836,    -0.05559101741
          0,           0,        5127,      -4.073201038,    -0.01240775356,       1.276810486,    -0.06042136839
          0,           0,        5128,      -4.074650447,    -0.01322787352,       1.274511656,     -0.0646910841
          0,           0,        5129,      -4.074431881,    -0.01373263449,       1.272965165,    -0.06831186379
          0,           0,        5130,      -4.073839898,     -0.0139675241,       1.272191152,    -0.07127268646
          0,           0,        5131,      -4.077942946,    -0.01398292952,       1.272123802,    -0.07362707594
          0,           0,        5132,      -4.079366277,    -0.01383236209,       1.272687582,    -0.07543771266
          0,           0,        5133,      -4.080788919,    -0.01357651558,       1.273802714,    -0.07677254067
          0,           0,        5134,      -4.081125886,    -0.01327241931,       1.275363522,     -0.0777195703
          0,           0,        5135,      -4.082024569,    -0.01296919776,       1.277216534,     -0.0783956659
          0,           0,        5136,      -4.082265015,     -0.0127307165,       1.279211138,    -0.07891752187
          0,           0,        5137,      -4.083044903,    -0.01262403747,       1.281149344,    -0.07943598426
          0,           0,        5138,      -4.080210337,    -0.01270540297,       1.282739637,    -0.08016255098
          0,           0,        5139,      -4.082773856,    -0.01301899374,       1.283707056,    -0.08129402239
          0,           0,        5140,      -4.082515851,    -0.01360951856,       1.283791737,    -0.08301231777
          0,           0,        5141,      -4.081127004,    -0.01452239935,       1.282784366,    -0.08546378624
          0,           0,        5142,      -4.082021602,    -0.01579107084,       1.280533676,     -0.0887431809
          0,           0,        5143,       -4.08146683,    -0.01742074133,       1.277009327,    -0.09285229493
          0,           0,        5144,      -4.079890564,    -0.01938196701,       1.272333756,    -0.09767874038
          0,           0,        5145,      -4.080250086,    -0.02161456067,        1.26673055,     -0.1030271351
          0,           0,        5146,      -4.077902281,    -0.02402345074,       1.260538896,     -0.1086197112
          0,           0,        5147,      -4.078277497,    -0.02649086136,       1.254167369,     -0.1141300515
          0,           0,        5148,      -4.079772526,    -0.02890769209,       1.247986384,     -0.1192653672
          0,           0,        5149,      -4.080705094,    -0.03116486955,       1.242327182,      -0.123765807
          0,           0,        5150,      -4.081023281,    -0.03317721342,       1.237396796,       -0.12746814
          0,           0,        5151,      -4.083844113,    -0.03485477141,       1.233402456,     -0.1302137606
          0,           0,        5152,      -4.087084302,    -0.03614032959,        1.23043924,     -0.1319342784
          0,           0,        5153,      -4.089074361,    -0.03701794008,        1.22849256,     -0.1326491306
          0,           0,        5154,      -4.092905798,    -0.03750841871,        1.22748245,     -0.1324284565
          0,           0,        5155,      -4.096086927,     -0.0376847674,       1.227430902,     -0.1312748957
          0,           0,        5156,      -4.097824489,    -0.03763181436,       1.228337261,     -0.1292091079
          0,           0,        5157,      -4.100246612,    -0.03738051952,       1.230037448,     -0.1263626123
          0,           0,        5158,      -4.102684643,    -0.03693463126,       1.232210903,     -0.1229734722
          0,           0,        5159,      -4.104670006,    -0.03630299069,       1.234547055,     -0.1192721053
          0,           0,        5160,      -4.106537793,    -0.03551461997,       1.236978903,      -0.115316718
          0,           0,        5161,      -4.101274586,    -0.03465078603,       1.239829953,     -0.1108904143
          0,           0,        5162,      -4.109721284,    -0.03371090492,       1.243185021,     -0.1059400603
          0,           0,        5163,      -4.110546899,    -0.03015716905,       1.235597113,     -0.1084713895
          0,           0,        5164,      -4.112944389,    -0.02743205825,       1.232327894,     -0.1078482264
          0,           0,        5165,      -4.112601854,    -0.02579865657,       1.234893695,     -0.1030136837
          0,           0,        5166,      -4.113807585,    -0.02457115688,       1.240013888,      -0.096276032
          0,           0,        5167,      -4.115179059,    -0.02332948211,       1.245579571,    -0.08911897435
          0,           0,        5168,      -4.116499032,    -0.02240296467,       1.252415656,     -0.0810029704
          0,           0,        5169,       -4.10939695,    -0.02171431385,       1.259573901,    -0.07262352574
          0,           0,        5170,      -4.115498207,     -0.0209917853,       1.265923351,    -0.06477691986
          0,           0,        5171,      -4.117019184,    -0.02032722038,       1.271460104,    -0.05748846435
          0,           0,        5172,      -4.116510837,    -0.01982126042,       1.276177786,    -0.05078675105
          0,           0,        5173,      -4.115998008,    -0.01945262344,       1.279661479,    -0.04498254665
          0,           0,        5174,       -4.11564101,    -0.01921516203,       1.281380874,    -0.04046972443
          0,           0,        5175,      -4.114959671,    -0.01915878208,       1.280971157,    -0.03753364538
          0,           0,        5176,      -4.113326266,    -0.01938064778,       1.278281062,    -0.03630619901
          0,           0,        5177,      -4.111643207,    -0.02002277776,       1.273544861,    -0.03664306598
          0,           0,        5178,      -4.109327886,    -0.02122542393,       1.267132457,    -0.03830045092
          0,           0,        5179,      -4.106707484,    -0.02301564584,       1.259178455,    -0.04118752339
          0,           0,        5180,        -4.1052212,    -0.02535858235,       1.249656741,    -0.04532454682
          0,           0,        5181,      -4.103681913,    -0.02821376115,       1.238600712,    -0.05068537516
          0,           0,        5182,      -4.098625349,    -0.03151898517,       1.226177695,     -0.0571389937
          0,           0,        5183,      -4.100344841,    -0.03521258571,       1.212886704,    -0.06431731914
          0,           0,        5184,      -4.096864478,     -0.0391911056,       1.199160108,    -0.07189521671
          0,           0,        5185,      -4.096607653,    -0.04332064714,       1.185376785,    -0.07958068434
          0,           0,        5186,      -4.094521017,     -0.0474906049,        1.17170215,    -0.08724387203
          0,           0,        5187,       -4.09268108,    -0.05217871043,        1.16101837,    -0.09285653141
          0,           0,        5188,      -4.088949343,    -0.05695366328,       1.151350186,    -0.09780603325
          0,           0,        5189,      -4.091167317,    -0.06141839049,       1.141072371,     -0.1032282192
          0,           0,        5190,        -4.0904147,    -0.06558703902,       1.130094368,      -0.109198683
          0,           0,        5191,       -4.09010793,    -0.06948045308,       1.118924524,     -0.1153525283
          0,           0,        5192,      -4.091341247,    -0.07306319955,       1.108013144,     -0.1213608437
          0,           0,        5193,      -4.093547578,    -0.07624237655,       1.097483774,     -0.1271270757
          0,           0,        5194,      -4.094970363,    -0.07891663796,       1.087386573,     -0.1326094021
          0,           0,        5195,       -4.09706435,    -0.08100059463,        1.07783556,     -0.1377258883
          0,           0,        5196,      -4.099106374,    -0.08284431449,       1.071592182,     -0.1405257373
          0,           0,        5197,      -4.101147337,    -0.08531203934,       1.074823371,     -0.1366437169
          0,           0,        5198,       -4.10151911,     -0.0866778248,       1.078760268,     -0.1322570966
          0,           0,        5199,      -4.101929389,    -0.08665760814,       1.080710686,     -0.1293173648
          0,           0,        5200,      -4.107373002,    -0.08566909077,        1.08169335,     -0.1271625798
          0,           0,        5201,      -4.109438936,     -0.0839317804,       1.083110304,     -0.1248200367
          0,           0,        5202,      -4.110676671,    -0.08149804523,       1.085434267,     -0.1219713337
          0,           0,        5203,      -4.112580013,    -0.07834812316,       1.088424933,     -0.1188046748
          0,           0,        5204,      -4.114092933,    -0.07448225967,       1.091729659,     -0.1155888123
          0,           0,        5205,      -4.116217947,    -0.06995916517,       1.095232878,     -0.1124227369
          0,           0,        5206,      -4.116996072,     -0.0649794823,        1.09974593,     -0.1087433724
          0,           0,        5207,      -4.115776428,    -0.05975194712,       1.106145677,      -0.103938434
          0,           0,        5208,      -4.115861361,    -0.05427952942,       1.114331436,    -0.09807420412
          0,           0,        5209,      -4.114027792,    -0.04851382359,       1.123739662,    -0.09154642505
          0,           0,        5210,      -4.113346141,    -0.04249343049,       1.134077848,    -0.08456036428
          0,           0,        5211,      -4.088504447,    -0.03709830686,       1.150220597,    -0.07366293655
          0,           0,        5212,       -4.09099787,    -0.03144102252,       1.166863605,    -0.06258223455
          0,           0,        5213,      -4.103553511,    -0.02526546796,       1.182092711,    -0.05266138221
          0,           0,        5214,      -4.103747788,    -0.01873819685,       1.195893518,    -0.04391396553
          0,           0,        5215,      -4.098020344,    -0.01195976612,       1.208547919,    -0.03611400116
          0,           0,        5216,       -4.10197639,   -0.005047983699,       1.220499056,    -0.02892269353
          0,           0,        5217,      -4.097237433,    0.001910144275,       1.232006179,    -0.02213544752
          0,           0,        5218,      -4.098615986,    0.008839950209,         1.2433449,    -0.01553884486
          0,           0,        5219,      -4.094122459,      0.0155272428,       1.255663761,   -0.008299497091
          0,           0,        5220,      -4.093632258,     0.02198975534,       1.268844733,  -0.0004804693436
          0,           0,        5221,      -4.094262039,     0.02835775954,       1.282308312,     0.00753430786
          0,           0,        5222,      -4.092764431,     0.03468288855,       1.295617998,     0.01544775278
          0,           0,        5223,      -4.095193677,     0.04098003288,       1.308469607,     0.02305185139
          0,           0,        5224,      -4.093444768,     0.04722158234,       1.320812664,     0.03030939531
          0,           0,        5225,      -4.098358127,     0.05332963005,       1.332774186,     0.03730259427
          0,           0,        5226,        -4.0982856,     0.05923515812,       1.344312504,     0.04399424237
          0,           0,        5227,       -4.10149707,     0.06489717697,       1.355113097,     0.05014621469
          0,           0,        5228,      -4.103551194,     0.07027545585,       1.364695692,      0.0553980916
          0,           0,        5229,      -4.105593739,     0.07530544016,       1.372594974,     0.05940068703
          0,           0,        5230,      -4.107024821,     0.07990239742,       1.378489537,     0.06190637956
          0,           0,        5231,      -4.107043575,     0.08396701786,       1.382198295,     0.06277008539
          0,           0,        5232,      -4.107708569,     0.08740728432,       1.383707328,     0.06197372574
          0,           0,        5233,      -4.107287643,     0.09013507632,       1.383110935,     0.05958069496
          0,           0,        5234,      -4.105488585,     0.09204521096,       1.380858215,      0.0559126662
          0,           0,        5235,      -4.104498806,     0.09301916548,       1.377445191,      0.0513254933
          0,           0,        5236,       -4.10249732,     0.09305137054,       1.373037464,     0.04595066641
          0,           0,        5237,      -4.100627677,     0.09221850893,        1.36754578,     0.03974587045
          0,           0,        5238,      -4.094436094,     0.08990799152,       1.364920292,      0.0355148259
          0,           0,        5239,      -4.096069336,     0.08680045951,       1.362177643,     0.03118395776
          0,           0,        5240,      -4.095069586,     0.08351388462,       1.357142803,     0.02526208371
          0,           0,        5241,      -4.092384465,     0.07966233815,       1.351961195,     0.01925733491
          0,           0,        5242,      -4.089254038,     0.07548390206,       1.346169251,     0.01286646749
          0,           0,        5243,       -4.09260794,     0.07131916746,       1.339156278,    0.005690396042
          0,           0,        5244,      -4.090860382,     0.06726509353,       1.331170386,   -0.002082008047
          0,           0,        5245,      -4.089702633,     0.06179858961,       1.334196159,   -0.001908329631
          0,           0,        5246,      -4.088047504,      0.0575688897,        1.33238124,   -0.005001568914
          0,           0,        5247,      -4.088153563,     0.05407574536,       1.326726257,    -0.01071784346
          0,           0,        5248,      -4.088469469,     0.05050129762,       1.323579017,    -0.01453626094
          0,           0,        5249,      -4.087829485,     0.04727517004,        1.32100981,     -0.0178082442
          0,           0,        5250,      -4.088148726,     0.04459490454,       1.317548507,    -0.02157892059
          0,           0,        5251,      -4.088930077,     0.04232513389,       1.313215364,    -0.02584505645
          0,           0,        5252,      -4.089178833,     0.04642969537,       1.261465814,    -0.06378706482
          0,           0,        5253,      -4.091718467,     0.04279230844,       1.260539462,    -0.06557245804
          0,           0,        5254,      -4.089083214,     0.04094261767,       1.260953075,    -0.06597139797
          0,           0,        5255,      -4.088893524,     0.03877483665,       1.260582043,    -0.06685975116
          0,           0,        5256,      -4.090742386,     0.03623936402,       1.259162405,    -0.06842200617
          0,           0,        5257,      -4.091190427,     0.03343962779,       1.256758587,    -0.07057630596
          0,           0,        5258,      -4.089901225,     0.03038044794,       1.253469686,    -0.07323236309
          0,           0,        5259,      -4.090680929,      0.0269840576,        1.24936259,    -0.07633676751
          0,           0,        5260,       -4.08981107,     0.02316457606,       1.244335801,    -0.07996005423
          0,           0,        5261,       -4.08902293,     0.01883348691,       1.238187493,    -0.08424570729
          0,           0,        5262,      -4.088281494,     0.01387837392,       1.231100635,    -0.08906169642
          0,           0,        5263,      -4.086019976,    0.008043005052,       1.224250377,     -0.0935750726
          0,           0,        5264,      -4.083421211,    0.001505522486,       1.216960597,    -0.09824844459
          0,           0,        5265,      -4.084152104,   -0.005450770816,       1.208175799,     -0.1038127108
          0,           0,        5266,      -4.085791076,    -0.01262110728,       1.197604542,     -0.1104609698
          0,           0,        5267,      -4.086140136,    -0.01981510763,       1.185598038,     -0.1179265024
          0,           0,        5268,       -4.08488564,    -0.02667561583,       1.171682688,     -0.1265323863
          0,           0,        5269,      -4.086910763,    -0.03305815792,       1.157442175,      -0.135132367
          0,           0,        5270,      -4.090505887,    -0.03888994464,       1.144415006,     -0.1426290037
          0,           0,        5271,      -4.091195373,    -0.04398320266,       1.133477394,     -0.1484007404
          0,           0,        5272,      -4.089053365,    -0.04821077357,       1.125133708,     -0.1521115034
          0,           0,        5273,      -4.093074143,    -0.05150250617,         1.1196229,     -0.1536250786
          0,           0,        5274,       -4.09352706,    -0.05384842814,       1.116720282,     -0.1531488418
          0,           0,        5275,      -4.095376417,     -0.0553426773,       1.116310496,     -0.1508164854
          0,           0,        5276,      -4.097675853,     -0.0573318705,       1.125112677,     -0.1419385884
          0,           0,        5277,      -4.099526803,    -0.05830520275,       1.133885045,     -0.1330664039
          0,           0,        5278,      -4.105663849,    -0.05834548416,       1.140449987,      -0.125809598
          0,           0,        5279,      -4.102799378,    -0.05787812607,       1.145011491,      -0.120084704
          0,           0,        5280,       -4.10679637,    -0.05710328223,       1.147867537,     -0.1156973819
          0,           0,        5281,      -4.106755474,    -0.06813796638,       1.241214795,    -0.04700627611
          0,           0,        5282,       -4.04886258,    -0.06541447556,       1.217796651,    -0.06179548046
          0,           0,        5283,      -4.140837413,    -0.06276925448,        1.20784133,    -0.06681416109
          0,           0,        5284,      -4.109216528,    -0.06067165351,       1.201476973,    -0.06935432147
          0,           0,        5285,      -4.103057164,    -0.05873586372,       1.196435661,    -0.07100821977
          0,           0,        5286,      -4.095689621,    -0.05673566758,       1.192394095,    -0.07196476558
          0,           0,        5287,      -4.088906284,    -0.05455239025,       1.189663379,     -0.0719735078
          0,           0,        5288,      -4.083081697,     -0.0521452597,       1.188382365,    -0.07092633139
          0,           0,        5289,      -4.078629977,    -0.04948129571,       1.188431481,    -0.06890678129
          0,           0,        5290,      -4.079214942,    -0.04656543043,       1.189598681,    -0.06607081314
          0,           0,        5291,      -4.080520966,    -0.04346377783,       1.191583105,    -0.06264747512
          0,           0,        5292,      -4.082022558,    -0.04043235087,       1.195005248,    -0.05821691824
          0,           0,        5293,       -4.07556654,    -0.03140313113,       1.163713012,    -0.07832895443
          0,           0,        5294,      -4.077186006,    -0.02930097967,       1.171072676,    -0.07121288516
          0,           0,        5295,      -4.085542962,    -0.02685627309,       1.177206285,    -0.06496153363
          0,           0,        5296,      -4.089706599,    -0.02462473577,       1.181724882,    -0.05993840398
          0,           0,        5297,      -4.091846269,    -0.02265593532,       1.184702226,    -0.05608584552
          0,           0,        5298,      -4.092893216,    -0.02126689257,       1.188255497,    -0.05189144425
          0,           0,        5299,      -4.097505225,    -0.02024119469,       1.191658836,    -0.04785052995
          0,           0,        5300,      -4.101081579,    -0.01928100247,       1.194020427,    -0.04456812196
          0,           0,        5301,      -4.102219745,    -0.01829950659,       1.195226798,    -0.04211369407
          0,           0,        5302,      -4.103014165,    -0.01721121422,       1.195469647,    -0.04033845327
          0,           0,        5303,      -4.103477188,    -0.01596413442,       1.195131656,    -0.03896075174
          0,           0,        5304,      -4.069575489,    -0.01506688252,       1.198043718,    -0.03525952978
          0,           0,        5305,      -4.081900085,    -0.01387528939,       1.201540072,    -0.03109875792
          0,           0,        5306,      -4.089661221,    -0.01213592756,       1.204306177,    -0.02741386171
          0,           0,        5307,      -4.101348946,   -0.009887409705,        1.20654986,    -0.02407057869
          0,           0,        5308,        -4.1042413,    -0.00753220129,        1.21213914,     -0.0183085876
          0,           0,        5309,      -4.101757336,   -0.004549391579,        1.21767235,     -0.0125486103
          0,           0,        5310,      -4.102423322,   -0.000987094511,       1.222584114,   -0.007222633405
          0,           0,        5311,       -4.09974331,    0.003011408687,        1.22716204,    -0.00215220459
          0,           0,        5312,      -4.097240349,     0.00735665865,       1.231607062,    0.002792244841
          0,           0,        5313,      -4.097788297,      0.0119979482,       1.235901809,    0.007585458372
          0,           0,        5314,      -4.091623307,     0.01683643941,       1.240437614,     0.01248944039
          0,           0,        5315,      -4.091979669,     0.02177751524,       1.245487107,     0.01767648899
          0,           0,        5316,      -4.094410154,     0.02664615518,       1.251801575,     0.02365809069
          0,           0,        5317,      -4.095030683,     0.03141610799,       1.258720333,     0.02993334015
          0,           0,        5318,      -4.095060609,     0.03594839553,       1.266164795,      0.0364121154
          0,           0,        5319,      -4.096170586,     0.04015449319,       1.273096377,     0.04231329243
          0,           0,        5320,      -4.093080393,     0.04382454553,       1.279331612,       0.047465403
          0,           0,        5321,      -4.086915993,     0.04611860255,       1.289274498,     0.05496608818
          0,           0,        5322,      -4.081023801,     0.04764954872,       1.296945359,     0.06053481464
          0,           0,        5323,      -4.087452484,     0.04824619228,        1.30097502,     0.06315117522
          0,           0,        5324,      -4.089560043,     0.04793473625,       1.299734736,     0.06163964415
          0,           0,        5325,      -4.087324298,     0.04673642481,       1.293135516,     0.05595597104
          0,           0,        5326,      -4.087423153,     0.04465045945,       1.282570269,     0.04714002107
          0,           0,        5327,      -4.084939373,     0.04184900007,       1.269242964,     0.03612536902
          0,           0,        5328,       -4.08107756,     0.03734256024,       1.263093194,     0.03005746535
          0,           0,        5329,      -4.043870545,     0.03295306452,       1.255293095,     0.02275742628
          0,           0,        5330,      -4.060821036,     0.02880544679,       1.247342834,     0.01534864481
          0,           0,        5331,      -4.073048771,     0.02495557647,       1.241464212,    0.009459204304
          0,           0,        5332,      -4.077916095,      0.0216125109,       1.239192786,    0.006227996116
          0,           0,        5333,      -4.076517901,     0.01894124608,       1.241251078,    0.006178601828
          0,           0,        5334,      -4.072701807,     0.01711951973,       1.247623722,     0.00929435971
          0,           0,        5335,      -4.068841472,     0.01627004824,       1.257771959,     0.01516466115
          0,           0,        5336,      -4.063983695,     0.01643372664,       1.270795087,      0.0231046197
          0,           0,        5337,      -4.058798985,     0.01706564896,       1.288382749,      0.0342478348
          0,           0,        5338,      -4.058444236,     0.01840088315,       1.307249388,     0.04621382232
          0,           0,        5339,      -4.055019117,     0.02042948796,       1.325275425,     0.05744661663
          0,           0,        5340,      -4.052815336,     0.02286428713,       1.341713275,     0.06736192285
          0,           0,        5341,      -4.050169728,     0.02539765555,       1.356345517,     0.07576926065
          0,           0,        5342,      -4.051743189,     0.02783755329,        1.36909406,     0.08259834628
          0,           0,        5343,      -4.054632947,     0.03010967701,       1.379485368,     0.08750554766
          0,           0,        5344,       -4.05762603,     0.03231457342,       1.387098118,     0.09020240751
          0,           0,        5345,      -4.060514498,     0.03452613956,       1.391844033,     0.09063400559
          0,           0,        5346,       -4.06304886,     0.03681477221,       1.394071486,     0.08905931739
          0,           0,        5347,      -4.065546235,     0.03924234129,       1.394281911,     0.08584911474
          0,           0,        5348,      -4.067296172,      0.0418681963,       1.393053718,     0.08143322396
          0,           0,        5349,      -4.070380994,     0.04464173783,       1.391052082,     0.07628508303
          0,           0,        5350,      -4.071677144,     0.04752918424,       1.388802036,      0.0707814837
          0,           0,        5351,      -4.072524037,     0.05048871147,       1.386566059,     0.06511235479
          0,           0,        5352,      -4.072228626,     0.05342797343,        1.38471443,     0.05954074074
          0,           0,        5353,       -4.07318483,     0.05630320067,       1.383300518,     0.05410910725
          0,           0,        5354,      -4.073144969,     0.05912848611,       1.382159637,     0.04871764215
          0,           0,        5355,      -4.073258424,     0.06194539736,       1.381121949,     0.04326738233
          0,           0,        5356,      -4.073413811,     0.06474122739,       1.380391128,     0.03792178913
          0,           0,        5357,      -4.073207683,     0.06752498667,       1.380116413,     0.03281368844
          0,           0,        5358,      -4.075620788,     0.07031647278,       1.380327693,     0.02800086463
          0,           0,        5359,      -4.077284939,     0.07312886688,        1.38112929,      0.0235973661
          0,           0,        5360,       -4.07683943,     0.07598345965,       1.382630835,     0.01972285965
          0,           0,        5361,      -4.076428924,     0.07890344925,       1.384818719,     0.01640899354
          0,           0,        5362,      -4.078725943,     0.08192445496,       1.387542244,     0.01358906235
          0,           0,        5363,      -4.076730826,     0.08505008808,       1.390732071,     0.01125242272
          0,           0,        5364,      -4.076428673,     0.08825360266,       1.394424573,    0.009458756095
          0,           0,        5365,      -4.074393198,     0.09148654789,       1.398667056,    0.008269604333
          0,           0,        5366,      -4.074305891,     0.09469457596,       1.403447633,    0.007702102653
          0,           0,        5367,      -4.073727926,      0.0977985002,       1.408853567,    0.007840398998
          0,           0,        5368,      -4.071800528,      0.1007154377,       1.414774332,    0.008626993445
          0,           0,        5369,      -4.072592167,      0.1033939516,       1.420880821,    0.009849597963
          0,           0,        5370,      -4.071390359,      0.1057842849,       1.426528366,     0.01106657313
          0,           0,        5371,      -4.071385882,      0.1078455138,       1.431241936,     0.01195545356
          0,           0,        5372,      -4.071173243,      0.1095450425,       1.434593454,     0.01223070671
          0,           0,        5373,      -4.071504989,      0.1108799102,       1.436301646,     0.01171641794
          0,           0,        5374,      -4.071127845,      0.1118735579,        1.43627133,     0.01037203766
          0,           0,        5375,      -4.074843541,      0.1125805806,        1.43462085,    0.008312209536
          0,           0,        5376,       -4.07665325,      0.1130569127,       1.431625603,     0.00575809213
          0,           0,        5377,      -4.080397036,      0.1133384238,       1.427642237,    0.002979397105
          0,           0,        5378,      -4.081842913,       0.113414331,       1.423013688,   0.0002196095975
          0,           0,        5379,      -4.081915166,      0.1132578116,       1.418077064,   -0.002296991632
          0,           0,        5380,      -4.082451852,      0.1128059118,       1.413182507,   -0.004347565854
          0,           0,        5381,       -4.08231543,      0.1120072569,       1.408500092,   -0.005849119089
          0,           0,        5382,      -4.080201793,      0.1108434773,       1.403968175,   -0.006889623935
          0,           0,        5383,      -4.076410232,      0.1093056242,       1.399481924,   -0.007595168157
          0,           0,        5384,      -4.075737204,       0.107378965,       1.395056776,   -0.008010064515
          0,           0,        5385,      -4.073890462,      0.1050532656,       1.390868388,   -0.008066871274
          0,           0,        5386,       -4.07190545,      0.1023355283,       1.387186044,   -0.007627454724
          0,           0,        5387,      -4.070142298,     0.09926119578,       1.384269989,   -0.006555553137
          0,           0,        5388,      -4.068308938,     0.09592891202,       1.382013446,   -0.004971466093
          0,           0,        5389,      -4.066152229,     0.09243285433,       1.380150325,   -0.003102055943
          0,           0,        5390,      -4.064218974,     0.08883389156,       1.378358762,   -0.001213787247
          0,           0,        5391,      -4.062049467,     0.08518220354,       1.376183222,   0.0003370246533
          0,           0,        5392,      -4.059551993,     0.08150236208,        1.37306439,    0.001129063587
          0,           0,        5393,      -4.056081551,     0.07777557692,       1.368396758,   0.0007162134962
          0,           0,        5394,      -4.051936173,     0.07395196549,       1.361681934,   -0.001258421373
          0,           0,        5395,      -4.047299601,     0.06994431823,       1.352492997,   -0.005094141771
          0,           0,        5396,      -4.043127136,     0.06563616975,       1.340632672,    -0.01091327715
          0,           0,        5397,      -4.040707814,     0.06091962854,        1.32603935,    -0.01873300482
          0,           0,        5398,      -4.039274446,     0.05587863492,       1.307901509,    -0.02908707514
          0,           0,        5399,       -4.03976815,     0.05042212242,       1.286779618,     -0.0415320276
          0,           0,        5400,      -4.038774051,     0.04445167918,       1.263550072,    -0.05540350699
          0,           0,        5401,      -4.040589707,     0.03809239739,       1.238938354,    -0.07012628628
          0,           0,        5402,       -4.04140652,     0.03150918936,       1.213638104,    -0.08515402328
          0,           0,        5403,      -4.042325761,     0.02489380518,       1.188397816,     -0.0999108291
          0,           0,        5404,      -4.042164302,     0.01843088662,        1.16390088,     -0.1138831571
          0,           0,        5405,      -4.041338987,     0.01229968442,       1.140765987,     -0.1266224557
          0,           0,        5406,      -4.040680809,    0.006645943978,       1.119444443,     -0.1378185134
          0,           0,        5407,      -4.042184574,    0.001566329138,       1.100238052,     -0.1472839032
          0,           0,        5408,      -4.040856507,    -0.00286992784,       1.083326842,     -0.1549319779
          0,           0,        5409,      -4.038058126,   -0.006665614682,       1.068666861,     -0.1608525388
          0,           0,        5410,      -4.010961001,   -0.009852162986,       1.056113344,     -0.1652125664
          0,           0,        5411,      -3.938537867,    -0.01248209568,       1.045431381,     -0.1682429926
          0,           0,        5412,      -3.961246662,    -0.01462219494,       1.036362269,      -0.170192203
          0,           0,        5413,      -3.932042644,    -0.01635164455,       1.028633274,     -0.1713167303
          0,           0,        5414,      -4.032029613,     -0.0177483815,       1.021984477,     -0.1718552528
          0,           0,        5415,      -4.014613969,    -0.01888270125,       1.016221432,     -0.1719901952
          0,           0,        5416,      -4.030352888,    -0.01979886896,       1.011224633,     -0.1718382567
          0,           0,        5417,      -4.029874378,    -0.02050378921,       1.006955601,     -0.1714430342
          0,           0,        5418,      -4.032136957,      -0.020982429,       1.003440131,     -0.1707937435
          0,           0,        5419,      -4.032717204,    -0.02119851058,       1.000731056,     -0.1698502544
          0,           0,        5420,       -4.03150055,    -0.02109042055,      0.9989580222,     -0.1685097419
          0,           0,        5421,      -4.034473384,    -0.02058366959,      0.9983178003,     -0.1666181485
          0,           0,        5422,      -4.034912883,    -0.01959956355,      0.9990343911,     -0.1639998116
          0,           0,        5423,      -4.035073425,    -0.01807672895,       1.001315002,     -0.1604889135
          0,           0,        5424,      -4.041000627,    -0.01598316826,       1.005313031,     -0.1559566003
          0,           0,        5425,      -4.045099863,     -0.0133108623,       1.011094619,     -0.1503368496
          0,           0,        5426,       -4.04851469,    -0.01008547665,       1.018577315,     -0.1436792591
          0,           0,        5427,      -4.051832012,   -0.006372260354,       1.027590249,     -0.1360970543
          0,           0,        5428,      -4.040682557,   -0.002283414699,       1.037900802,     -0.1277533397
          0,           0,        5429,       -4.06062739,    0.002032736857,       1.049186286,     -0.1188797958
          0,           0,        5430,       -4.07604729,    0.006401695573,       1.061032949,     -0.1097765363
          0,           0,        5431,      -4.085178853,     0.01064159273,       1.072961408,     -0.1007948588
          0,           0,        5432,      -4.092122737,     0.01458334549,       1.084510924,    -0.09227219584
          0,           0,        5433,      -4.095990497,     0.01810063026,       1.095313887,    -0.08447695326
          0,           0,        5434,      -4.097623872,     0.02115060691,       1.105085906,    -0.07760745761
          0,           0,        5435,      -4.097139745,     0.02378429526,       1.113673698,    -0.07175634587
          0,           0,        5436,      -4.094630038,     0.02613807338,       1.121168118,    -0.06683373444
          0,           0,        5437,      -4.092469334,     0.02840605418,       1.127874058,    -0.06259220289
          0,           0,        5438,      -4.088368655,     0.03083171436,       1.134302872,     -0.0586365013
          0,           0,        5439,       -4.08400751,     0.03366981084,       1.141102511,     -0.0544815974
          0,           0,        5440,      -4.079339778,     0.03710785328,       1.148854278,    -0.04970226682
          0,           0,        5441,      -4.073942262,     0.04123841734,       1.158145961,    -0.04388289619
          0,           0,        5442,      -4.061438633,      0.0460784405,       1.169317895,    -0.03679530518
          0,           0,        5443,      -4.073124326,     0.05159792767,       1.182316148,    -0.02850376283
          0,           0,        5444,      -4.062237025,     0.05771431123,       1.196830827,    -0.01925959256
          0,           0,        5445,      -4.061858968,     0.06348668904,       1.216852566,    -0.00628375527
          0,           0,        5446,      -4.057743831,     0.06981184669,       1.236260215,    0.006090907595
          0,           0,        5447,      -4.069321069,     0.07639261892,        1.25421865,     0.01723124368
          0,           0,        5448,      -4.071977367,     0.08280397552,       1.270954298,     0.02727293233
          0,           0,        5449,      -4.074368865,     0.08882286749,       1.286020925,     0.03589469198
          0,           0,        5450,      -4.075043026,     0.09426265974,       1.298964115,     0.04277901898
          0,           0,        5451,       -4.07607804,     0.09895036883,       1.309469619,     0.04771294624
          0,           0,        5452,      -4.075195038,      0.1027929076,       1.317474623,     0.05067640058
          0,           0,        5453,      -4.074947397,      0.1057665785,       1.323071615,     0.05176637922
          0,           0,        5454,      -4.071851567,      0.1078759088,         1.3263798,     0.05109858957
          0,           0,        5455,      -4.069845945,      0.1091559557,       1.327613466,     0.04885389838
          0,           0,        5456,      -4.065018818,       0.109641918,        1.32696399,     0.04519076467
          0,           0,        5457,      -4.063220164,      0.1093665211,       1.324653409,     0.04028403191
          0,           0,        5458,      -4.055430255,      0.1083766943,       1.320859635,     0.03427551182
          0,           0,        5459,      -4.047837632,      0.1067580844,       1.315839138,     0.02736474208
          0,           0,        5460,        -4.0098782,      0.1046091237,       1.310089685,      0.0199242561
          0,           0,        5461,      -4.058108803,      0.1020667398,       1.304226953,     0.01241516347
          0,           0,        5462,      -4.059825107,     0.09935463248,       1.298841523,    0.005288982048
          0,           0,        5463,      -4.060410964,     0.09674603546,       1.294485225,   -0.001029114527
          0,           0,        5464,       -4.05896402,     0.09453162734,       1.291713186,   -0.006111727677
          0,           0,        5465,      -4.057309171,     0.09296209448,       1.291120075,   -0.009510148889
          0,           0,        5466,      -4.054817093,     0.09222500059,       1.293123302,    -0.01091564734
          0,           0,        5467,      -4.051763786,      0.0924221671,       1.297983589,      -0.010139207
          0,           0,        5468,      -4.046641824,     0.09356748403,       1.305827999,   -0.007094116102
          0,           0,        5469,      -4.044135054,     0.09564373808,       1.316545777,   -0.001866142355
          0,           0,        5470,      -4.042870406,     0.09891949698,       1.327445001,    0.003624613042
          0,           0,        5471,      -4.042604252,      0.1029101763,       1.339866833,     0.01030422026
          0,           0,        5472,      -4.044192115,      0.1072794899,       1.354092104,     0.01834955836
          0,           0,        5473,      -4.045889144,      0.1119505746,         1.3695114,     0.02732508398
          0,           0,        5474,      -4.049513262,      0.1167756442,       1.385341978,     0.03666473389
          0,           0,        5475,      -4.053163872,      0.1216092082,       1.401045841,     0.04597978776
          0,           0,        5476,       -4.05902259,      0.1263621868,       1.416040753,     0.05485463313
          0,           0,        5477,      -4.062871063,       0.130952125,       1.430077756,     0.06311392177
          0,           0,        5478,       -4.06300031,      0.1350691356,       1.444249981,     0.07152537425
          0,           0,        5479,      -4.066421314,      0.1387274299,         1.4580817,      0.0797512441
          0,           0,        5480,      -4.048060322,      0.1420582037,       1.470559639,     0.08707548366
          0,           0,        5481,      -4.022616876,      0.1450026892,       1.481734563,     0.09352445314
          0,           0,        5482,      -4.008402779,      0.1476019271,       1.491758386,     0.09920587509
          0,           0,        5483,      -3.998962579,      0.1499234918,        1.50069829,      0.1041645084
          0,           0,        5484,      -3.993059605,      0.1519814921,       1.508633852,      0.1084420309
          0,           0,        5485,      -3.990475037,      0.1537665551,       1.515571568,      0.1120206495
          0,           0,        5486,      -3.993394849,      0.1552602284,       1.521516293,      0.1148801958
          0,           0,        5487,      -4.011108849,      0.1564334199,       1.526435408,      0.1169703839
          0,           0,        5488,      -4.000134346,      0.1572560918,       1.530360254,      0.1182882635
          0,           0,        5489,      -3.990015461,      0.1577169298,       1.533307419,      0.1188233535
          0,           0,        5490,      -3.971809969,      0.1578098581,       1.535444174,      0.1186780959
          0,           0,        5491,      -3.816550537,       0.157553172,       1.536777456,      0.1178431336
          0,           0,        5492,      -3.860622048,      0.1569733066,       1.537354892,      0.1163443587
          0,           0,        5493,      -3.908543663,      0.1560895201,       1.537150429,      0.1141569586
          0,           0,        5494,      -3.850429988,      0.1548776749,        1.53636336,       0.111418895
          0,           0,        5495,      -3.779649822,      0.1533191704,       1.534873625,      0.1080412091
          0,           0,        5496,      -3.739805991,      0.1513216784,       1.532219724,      0.1036842798
          0,           0,        5497,      -3.690923763,      0.1486530829,       1.527620489,     0.09776588728
          0,           0,        5498,      -3.758601391,      0.1449659116,       1.520150806,     0.08959686787
          0,           0,        5499,      -3.801537055,      0.1398844801,       1.508974794,     0.07856158635
          0,           0,        5500,      -3.839809588,       0.133121104,       1.493879951,     0.06451996412
          0,           0,        5501,      -3.878493225,      0.1247448878,       1.474774015,      0.0474704962
          0,           0,        5502,      -3.917809525,       0.114901032,       1.454013319,     0.02920741329
          0,           0,        5503,      -3.947798528,       0.104354915,       1.431737935,    0.009978656728
          0,           0,        5504,      -3.969136008,     0.09386226796,       1.408584662,   -0.009624146557
          0,           0,        5505,       -3.98083519,     0.08378905772,       1.387742267,    -0.02721920555
          0,           0,        5506,      -3.993146558,     0.07470856001,        1.37064531,    -0.04169637239
          0,           0,        5507,      -3.998589522,     0.06720310389,       1.357765235,    -0.05266585031
          0,           0,        5508,      -3.979241844,     0.05615014878,       1.383606959,    -0.03569377372
          0,           0,        5509,      -3.982943676,     0.05316781365,       1.373648242,    -0.04365855601
          0,           0,        5510,      -3.992014656,     0.05219070732,       1.373849836,    -0.04386587209
          0,           0,        5511,       -3.99916066,     0.04546733337,       1.419986499,    -0.01134192406
          0,           0,        5512,        -3.9971418,     0.04814158376,       1.420275766,    -0.01101007152
          0,           0,        5513,      -3.998431314,     0.05139382453,       1.428390528,   -0.004891095802
          0,           0,        5514,      -3.994998129,      0.0546506419,        1.43831596,    0.002543072399
          0,           0,        5515,      -3.988510685,     0.05763194777,       1.447460738,    0.009389513504
          0,           0,        5516,      -3.984583043,     0.06006410279,       1.454378974,     0.01459310151
          0,           0,        5517,      -3.946147989,     0.06169611105,       1.458234076,     0.01755164952
          0,           0,        5518,      -3.951587723,     0.06232506819,       1.458629949,     0.01798703223
          0,           0,        5519,      -3.964629824,     0.06180582484,        1.45548536,     0.01585141576
          0,           0,        5520,      -3.978445657,      0.0600634448,       1.448874211,     0.01121519416
          0,           0,        5521,        -3.9905774,     0.05704614194,       1.438853767,     0.00413752902
          0,           0,        5522,      -3.999086011,     0.05280563752,       1.425705278,   -0.005148400157
          0,           0,        5523,      -4.004467899,     0.04752346405,       1.409934925,     -0.0162341428
          0,           0,        5524,      -4.017854096,     0.04146587233,       1.392763514,    -0.02818940664
          0,           0,        5525,      -4.016224357,     0.03501868096,       1.375366713,    -0.04011088841
          0,           0,        5526,      -4.010527732,     0.02862893311,        1.35924515,    -0.05085995298
          0,           0,        5527,      -4.005053451,     0.02278280285,        1.34557671,    -0.05953501348
          0,           0,        5528,      -4.012234006,     0.01793978922,       1.335204233,    -0.06548815619
          0,           0,        5529,      -4.015134697,     0.01445749294,       1.328675484,    -0.06830766804
          0,           0,        5530,      -4.020305063,     0.01212863756,       1.328148109,    -0.06648256562
          0,           0,        5531,      -4.022004563,     0.01120691798,       1.332491708,    -0.06082639621
          0,           0,        5532,      -4.026385334,     0.01191965472,       1.340160873,    -0.05245942587
          0,           0,        5533,      -4.028968321,     0.01415098775,       1.350265243,    -0.04207305386
          0,           0,        5534,      -4.031561473,     0.01757663995,       1.362712466,    -0.02979772553
          0,           0,        5535,      -4.033011736,     0.02189049026,        1.37707405,     -0.0159956231
          0,           0,        5536,      -4.038021619,     0.02683380122,       1.392524593,   -0.001303586695
          0,           0,        5537,      -4.040168475,     0.03219296955,       1.408285148,     0.01367164319
          0,           0,        5538,      -4.037372255,     0.03773383613,       1.423785511,     0.02847876165
          0,           0,        5539,      -4.043406708,     0.04305254346,       1.437910145,     0.04225765938
          0,           0,        5540,      -3.978708215,     0.04757636299,       1.448912778,     0.05366513063
          0,           0,        5541,      -3.998773111,     0.05073588008,       1.455030736,      0.0613405824
          0,           0,        5542,      -4.015691424,     0.05222104774,        1.45542996,     0.06464001305
          0,           0,        5543,      -4.038958214,      0.0521371944,       1.450661189,     0.06398557058
          0,           0,        5544,      -4.047833804,     0.05101200647,       1.442548409,     0.06076972879
          0,           0,        5545,      -4.063282558,     0.04951540083,       1.433281893,     0.05665712341
          0,           0,        5546,       -4.06834667,     0.04831801337,       1.424968987,     0.05324078569
          0,           0,        5547,      -4.068284215,     0.04792144716,       1.419151394,     0.05167753507
          0,           0,        5548,      -4.020488617,     0.04862576585,       1.416679626,     0.05258541391
          0,           0,        5549,      -4.027383493,     0.05049533682,       1.418452596,     0.05658899361
          0,           0,        5550,      -4.024627125,      0.0535056542,       1.424400277,     0.06359289155
          0,           0,        5551,      -4.014179961,     0.05763875243,       1.433848781,     0.07305871493
          0,           0,        5552,      -4.004291738,     0.06274231774,       1.445905377,     0.08427997213
          0,           0,        5553,        -3.9825424,     0.06860961109,       1.459839964,     0.09667051876
          0,           0,        5554,       -3.97658375,     0.07498366786,        1.47494655,      0.1096699893
          0,           0,        5555,      -3.994911269,     0.08163028996,       1.490694199,       0.122856834
          0,           0,        5556,      -3.972627103,     0.08833080005,       1.506640494,      0.1358810249
          0,           0,        5557,      -3.944823506,     0.09492345824,       1.522448208,      0.1484782484
          0,           0,        5558,      -3.908473233,       0.101228314,       1.538142916,      0.1606452436
          0,           0,        5559,      -3.880431682,      0.1071593378,       1.553560619,      0.1722524933
          0,           0,        5560,      -3.844674725,       0.112723086,       1.568294942,      0.1830070444
          0,           0,        5561,      -3.832967231,      0.1179260347,       1.581987602,      0.1926450742
          0,           0,        5562,      -3.814320668,      0.1227345019,       1.594355223,      0.2009555538
          0,           0,        5563,      -3.812255125,      0.1270936455,       1.605213964,      0.2077973822
          0,           0,        5564,      -3.807010756,      0.1308960281,       1.614471219,       0.213093036
          0,           0,        5565,      -3.803487654,      0.1340188725,        1.62196096,      0.2167112364
          0,           0,        5566,      -3.798848449,      0.1346953413,       1.636418899,      0.2247869284
          0,           0,        5567,      -3.798493304,      0.1358669371,       1.643450772,      0.2272360283
          0,           0,        5568,      -3.793515548,      0.1364477458,       1.645945649,      0.2260203409
          0,           0,        5569,       -3.79328947,      0.1364992349,       1.645692038,      0.2224803266
          0,           0,        5570,       -3.78764627,      0.1360588893,        1.64337503,      0.2171400126
          0,           0,        5571,      -3.792145369,      0.1352111935,       1.639448474,      0.2103596707
          0,           0,        5572,      -3.788208248,      0.1340932387,        1.63433394,      0.2024819166
          0,           0,        5573,       -3.79376594,       0.132861805,       1.628473332,      0.1938621256
          0,           0,        5574,      -3.793256952,      0.1274438039,       1.644589343,      0.2005264869
          0,           0,        5575,      -3.798507677,      0.1265352733,       1.637783205,      0.1909221233
          0,           0,        5576,      -3.802583953,      0.1257395454,       1.631578325,      0.1816104013
          0,           0,        5577,      -3.808816411,      0.1252266897,        1.62648401,      0.1729946188
          0,           0,        5578,      -3.810742499,      0.1249698443,       1.622613832,      0.1651540674
          0,           0,        5579,      -3.815824636,      0.1249304697,       1.619823896,      0.1579773966
          0,           0,        5580,      -3.818259154,      0.1251068622,       1.618123094,      0.1514696808
          0,           0,        5581,      -3.822065242,      0.1255019847,        1.61760006,      0.1456955735
          0,           0,        5582,      -3.824038889,      0.1261003178,       1.618277306,      0.1406732457
          0,           0,        5583,      -3.826320928,      0.1268780248,       1.620103502,      0.1363691952
          0,           0,        5584,      -3.827323442,      0.1278179822,       1.622926581,      0.1326877216
          0,           0,        5585,      -3.828854547,      0.1288768403,       1.626435106,      0.1294257305
          0,           0,        5586,      -3.829171344,      0.1300208571,       1.630273796,      0.1263579142
          0,           0,        5587,      -3.829758783,      0.1312182521,       1.634190363,      0.1233453228
          0,           0,        5588,      -3.829689596,      0.1324341768,       1.637726011,      0.1201052784
          0,           0,        5589,      -3.830063314,      0.1335576796,       1.640984993,      0.1167576526
          0,           0,        5590,      -3.829413328,      0.1344924061,        1.64389086,      0.1132947138
          0,           0,        5591,      -3.828667713,      0.1352270821,       1.646191212,      0.1095905227
          0,           0,        5592,      -3.854543439,      0.1358011644,       1.647686337,      0.1055661506
          0,           0,        5593,      -3.849961963,      0.1362936837,        1.64838576,       0.101298529
          0,           0,        5594,      -3.834399093,      0.1367792074,       1.648408462,     0.09692840002
          0,           0,        5595,      -3.817003294,      0.1373067829,       1.647898218,      0.0926025711
          0,           0,        5596,      -3.799442213,      0.1378915156,       1.646977326,     0.08842828508
          0,           0,        5597,      -3.795736885,      0.1385277386,       1.645737832,     0.08447692482
          0,           0,        5598,      -3.791402972,      0.1391925218,       1.644237435,       0.080777167
          0,           0,        5599,      -3.788411971,      0.1398463002,        1.64259167,     0.07738638071
          0,           0,        5600,      -3.787716037,      0.1404287872,       1.640858906,     0.07430727237
          0,           0,        5601,      -3.783562173,      0.1408850698,       1.639029795,     0.07148561725
          0,           0,        5602,      -3.773628857,       0.141153539,       1.637076882,     0.06884768061
          0,           0,        5603,      -3.736350485,      0.1411730782,       1.634989435,     0.06633111828
          0,           0,        5604,      -3.690231452,       0.140839605,       1.632949585,      0.0640105435
          0,           0,        5605,       -3.64156312,      0.1400442228,       1.631414594,     0.06216504591
          0,           0,        5606,      -3.594099403,      0.1387290602,       1.630835552,     0.06108524329
          0,           0,        5607,      -3.537000335,      0.1369600034,       1.631146796,     0.06070951144
          0,           0,        5608,      -3.477530146,      0.1348661675,       1.631966965,     0.06076116862
          0,           0,        5609,      -3.415643856,      0.1325210379,       1.633041962,     0.06106014183
          0,           0,        5610,      -3.349014968,      0.1299257895,       1.634407673,     0.06163774034
          0,           0,        5611,      -3.273897426,       0.126914656,       1.636691254,     0.06294055673
          0,           0,        5612,      -3.380352477,      0.1234393368,        1.64003077,     0.06508234514
          0,           0,        5613,      -3.299543657,      0.1196057197,       1.644061499,     0.06784222341
          0,           0,        5614,      -3.219072978,      0.1155208051,       1.647944783,     0.07065730845
          0,           0,        5615,      -3.337365761,      0.1112509531,       1.650737268,      0.0728851057
          0,           0,        5616,      -3.265706699,      0.1039485927,       1.667737278,     0.08532667723
          0,           0,        5617,      -3.335683327,     0.09867732314,       1.672171407,     0.08917499464
          0,           0,        5618,      -3.340557231,      0.0934225134,        1.67273587,     0.09051237934
          0,           0,        5619,      -3.341492172,     0.08846967179,       1.670184854,     0.08995247106
          0,           0,        5620,      -3.439808425,     0.08385184089,       1.664784597,     0.08770240798
          0,           0,        5621,      -3.407761052,     0.07957079891,       1.656939177,     0.08405723586
          0,           0,        5622,      -3.386505895,     0.07559799077,       1.647135932,     0.07935997099
          0,           0,        5623,      -3.320285093,     0.07188218164,       1.635850473,     0.07392727883
          0,           0,        5624,      -3.235882332,     0.06834299759,       1.623490856,     0.06801611058
          0,           0,        5625,      -3.152255226,     0.06486085609,        1.61040192,      0.0618221119
          0,           0,        5626,      -2.937201494,     0.06017703454,       1.602286776,     0.05928672408
          0,           0,        5627,      -2.937147238,     0.05513820121,       1.594165371,     0.05684527922
          0,           0,        5628,      -3.149946496,     0.05017074353,       1.583716304,     0.05281536266
          0,           0,        5629,      -3.108542665,     0.04508661026,       1.571034171,     0.04718724753
          0,           0,        5630,      -3.134449816,     0.03980789481,        1.55668017,     0.04031053608
          0,           0,        5631,      -3.251073317,     0.03430341648,       1.541171637,     0.03251189979
          0,           0,        5632,      -3.287622096,     0.02853314985,       1.525030829,      0.0241238133
          0,           0,        5633,      -3.363193549,     0.02248911895,       1.508684242,     0.01541816352
          0,           0,        5634,      -3.582529596,     0.01613793485,       1.492259608,    0.006449346903
          0,           0,        5635,       -3.51830692,    0.009445685917,       1.475757657,   -0.002812340945
          0,           0,        5636,      -3.539509545,    0.002429319231,       1.459303614,    -0.01229011713
          0,           0,        5637,      -3.578112015,   -0.004958938284,       1.443171658,    -0.02180015098
          0,           0,        5638,      -3.454728202,    -0.01312499308,       1.429529201,    -0.02982079311
          0,           0,        5639,      -3.415047853,    -0.02182303017,       1.417300757,    -0.03710139508
          0,           0,        5640,      -3.491172382,    -0.03039147682,       1.405234455,    -0.04445204297
          0,           0,        5641,      -3.567413351,    -0.03845406247,       1.392838348,    -0.05216741614
          0,           0,        5642,       -3.51815092,    -0.04637229455,       1.379716996,    -0.06058129903
          0,           0,        5643,      -3.458924217,    -0.05418046053,       1.366457412,    -0.06926238457
          0,           0,        5644,      -3.397012553,    -0.06192213582,       1.353270296,    -0.07806053081
          0,           0,        5645,      -3.333058617,     -0.0702844303,       1.340152383,    -0.08708419117
          0,           0,        5646,      -3.270869337,    -0.08038637341,       1.327786671,    -0.09600895617
          0,           0,        5647,      -3.206420086,    -0.09376533974,       1.315306124,     -0.1057100667
          0,           0,        5648,      -3.137947383,     -0.1121669524,       1.301971167,     -0.1170038976
          0,           0,        5649,       -3.06023972,     -0.1378194058,       1.287231282,     -0.1306435339
          0,           0,        5650,      -2.972159366,     -0.1726507104,       1.271958102,     -0.1462959869
          0,           0,        5651,      -2.874156675,     -0.2216922263,       1.254969447,     -0.1656098294
          0,           0,        5652,      -2.875432281,     -0.2646652321,       1.245104279,     -0.1789638551
          0,           0,        5653,      -2.936026877,     -0.3034904185,       1.222543273,      -0.201194329
          0,           0,        5654,      -2.978082658,     -0.3267002859,       1.166032475,     -0.2460741788
          0,           0,        5655,       -3.04627153,     -0.3396473619,       1.161835506,     -0.2512050312
          0,           0,        5656,      -3.117269389,     -0.3540394948,       1.152137542,     -0.2607544722
          0,           0,        5657,      -3.177514626,     -0.3639990931,       1.142108625,     -0.2700024898
          0,           0,        5658,      -3.255439812,     -0.3792979582,       1.124637577,     -0.2856562766
          0,           0,        5659,      -3.283806353,     -0.3885105548,       1.111658698,     -0.2971683194
          0,           0,        5660,      -3.368000449,     -0.4040419389,       1.089369164,     -0.3165558832
          0,           0,        5661,      -3.369243996,     -0.4126721715,       1.072331526,     -0.3310598367
          0,           0,        5662,       -3.45547389,     -0.4158876537,       1.057767911,     -0.3429120431
          0,           0,        5663,      -3.524395466,     -0.4139339579,       1.044883632,     -0.3526940319
          0,           0,        5664,      -3.601121865,     -0.4070837366,       1.033891196,     -0.3602487769
          0,           0,        5665,      -3.668071129,     -0.3998897828,       1.019243626,     -0.3703062428
          0,           0,        5666,      -3.669513207,     -0.3930069123,       1.001322868,     -0.3826439896
          0,           0,        5667,      -3.739492566,     -0.3860393855,      0.9817255241,     -0.3959862318
          0,           0,        5668,      -3.800761449,     -0.3788656304,      0.9615467298,     -0.4094740729
          0,           0,        5669,      -3.848064297,     -0.3716252549,       0.941340125,     -0.4226863555
          0,           0,        5670,      -3.892548093,     -0.3663154808,      0.9317630369,     -0.4280963601
          0,           0,        5671,      -3.882067096,     -0.3606374887,      0.9189431493,     -0.4354903935
          0,           0,        5672,      -3.932863423,     -0.3550100273,      0.9032277364,     -0.4446756249
          0,           0,        5673,      -3.973433601,       -0.34953645,      0.8871976522,     -0.4537890095
          0,           0,        5674,      -4.005216453,      -0.344099827,      0.8722272289,     -0.4618386036
          0,           0,        5675,      -4.023514869,     -0.3379864024,      0.8610770565,     -0.4667493202
          0,           0,        5676,      -4.029370535,     -0.3309055367,      0.8549729535,     -0.4676396195
          0,           0,        5677,      -4.022263537,     -0.3226327216,      0.8546168932,     -0.4640229546
          0,           0,        5678,      -4.025594808,      -0.312655816,       0.857849533,     -0.4574560991
          0,           0,        5679,      -4.023776996,     -0.3011914055,      0.8654698347,     -0.4474280267
          0,           0,        5680,      -4.031854021,     -0.2886881472,      0.8779872461,     -0.4336703402
          0,           0,        5681,       -4.04102944,     -0.2754442987,       0.894600546,     -0.4168206197
          0,           0,        5682,      -4.052455891,     -0.2617773946,      0.9140382034,     -0.3978577007
          0,           0,        5683,      -4.055326528,     -0.2480185183,      0.9349654668,     -0.3777995141
          0,           0,        5684,      -4.049180142,     -0.2344682806,      0.9562189385,     -0.3575309884
          0,           0,        5685,      -4.042370323,     -0.2213979132,      0.9768123949,     -0.3378007587
          0,           0,        5686,      -4.032502738,     -0.2090667942,      0.9960515878,      -0.319132315
          0,           0,        5687,      -4.025129427,     -0.1976123748,       1.013609322,     -0.3017744622
          0,           0,        5688,      -4.017842671,     -0.1870528905,       1.029394678,     -0.2857762938
          0,           0,        5689,      -4.020697881,     -0.1772771671,       1.043586703,     -0.2709681806
          0,           0,        5690,      -4.026092849,     -0.1680591724,        1.05673072,     -0.2569197426
          0,           0,        5691,      -4.021135413,     -0.1592673145,       1.070283579,     -0.2425636672
          0,           0,        5692,       -4.01594405,     -0.1506031394,       1.084913415,     -0.2274042565
          0,           0,        5693,      -4.022651334,     -0.1417149698,       1.100606361,     -0.2114351472
          0,           0,        5694,      -4.022283958,     -0.1324509427,       1.117142572,     -0.1948234856
          0,           0,        5695,      -4.037434744,      -0.122879979,       1.134420753,     -0.1776838554
          0,           0,        5696,      -4.056738747,     -0.1131943835,       1.151901326,     -0.1604690022
          0,           0,        5697,      -4.065469496,     -0.1037870594,       1.169076185,     -0.1436297512
          0,           0,        5698,      -4.070237812,    -0.09504344642,       1.184676679,     -0.1281554891
          0,           0,        5699,      -4.073004374,    -0.08727559488,       1.197345947,     -0.1150777349
          0,           0,        5700,      -4.076518087,    -0.08067711561,       1.206120865,     -0.1051196359
          0,           0,        5701,      -4.079513529,    -0.07588373485,       1.214873549,    -0.09553005402
          0,           0,        5702,      -4.080345456,    -0.07218291204,       1.220573718,    -0.08841408702
          0,           0,        5703,      -4.079192385,    -0.06910430944,       1.222163195,    -0.08447609341
          0,           0,        5704,      -4.078174728,    -0.06648539324,        1.22058789,    -0.08300201511
          0,           0,        5705,      -4.078697867,    -0.06405293691,        1.21735144,    -0.08285662739
          0,           0,        5706,       -4.07525644,     -0.0605143381,       1.217137696,     -0.0804689366
          0,           0,        5707,      -3.895902596,    -0.05511261553,       1.224191331,    -0.07270930236
          0,           0,        5708,      -3.922006958,    -0.04705216712,       1.239986722,    -0.05848276761
          0,           0,        5709,      -3.946945953,    -0.03598389179,       1.265561717,    -0.03707962225
          0,           0,        5710,       -3.97404469,    -0.02199128365,       1.299463745,   -0.009640633886
          0,           0,        5711,      -3.990177608,   -0.005784670446,       1.341174464,     0.02331686696
          0,           0,        5712,      -4.000561564,     0.01198882102,        1.38721391,      0.0591427841
          0,           0,        5713,      -4.010927883,     0.03070422324,       1.433981661,      0.0951221235
          0,           0,        5714,      -4.025810263,       0.049496734,        1.47859484,      0.1290509444
          0,           0,        5715,      -4.038719137,     0.06548355479,       1.533278313,      0.1694827992
          0,           0,        5716,      -4.049798378,     0.08151189691,         1.5736738,      0.1990530089
          0,           0,        5717,      -4.060933915,     0.09580661751,       1.603814087,      0.2204831757
          0,           0,        5718,      -4.069080907,      0.1080195125,       1.625469605,      0.2350519941
          0,           0,        5719,      -4.077401838,      0.1179701327,       1.639644254,      0.2434915765
          0,           0,        5720,      -4.080198437,      0.1259948311,        1.64523502,      0.2450514588
          0,           0,        5721,      -4.082316783,      0.1320863217,       1.645119675,      0.2418273093
          0,           0,        5722,      -4.085458412,      0.1363692817,       1.641457996,      0.2353968091
          0,           0,        5723,       -4.08826331,      0.1391516822,       1.635533549,      0.2267201451
          0,           0,        5724,      -4.088492555,      0.1405135208,       1.629551436,      0.2173826426
          0,           0,        5725,      -4.085841503,      0.1408145514,       1.623827334,      0.2076297549
          0,           0,        5726,      -4.092788868,      0.1405025987,        1.61803676,      0.1972615259
          0,           0,        5727,      -4.094893586,      0.1398242651,       1.612158703,      0.1862780721
          0,           0,        5728,      -4.094117177,      0.1388797763,       1.606615259,      0.1750051791
          0,           0,        5729,      -4.077065109,      0.1370013013,        1.60669627,      0.1671995477
          0,           0,        5730,      -4.070345354,      0.1349986217,       1.609418236,      0.1608243932
          0,           0,        5731,       -4.07353411,      0.1332348295,       1.612710445,       0.154451271
          0,           0,        5732,      -4.063004782,      0.1317517284,       1.615659417,       0.147477865
          0,           0,        5733,      -4.061230266,      0.1304742615,       1.618283708,      0.1399848513
          0,           0,        5734,      -4.045745952,      0.1292795996,       1.620896451,      0.1322650177
          0,           0,        5735,      -4.031574065,       0.127628783,       1.626089913,      0.1262383198
          0,           0,        5736,      -3.936593582,      0.1256481226,       1.631295056,      0.1201643186
          0,           0,        5737,      -3.909851419,      0.1220738988,       1.642118285,       0.118079967
          0,           0,        5738,      -3.900496114,      0.1180334186,       1.646073764,      0.1111468615
          0,           0,        5739,      -3.922579308,      0.1127357096,       1.641900955,     0.09848048401
          0,           0,        5740,      -3.938307092,      0.1055968272,       1.629481202,     0.08006800693
          0,           0,        5741,      -3.956715865,     0.09614608212,       1.609456182,     0.05646500231
          0,           0,        5742,      -3.972527017,     0.08422198899,       1.582131604,     0.02801525547
          0,           0,        5743,      -3.990041686,     0.06986525805,         1.5483811,   -0.004519595115
          0,           0,        5744,      -4.004448528,      0.0533735289,       1.508928338,    -0.04047859654
          0,           0,        5745,       -4.01959895,     0.03516546385,        1.46492797,    -0.07890744401
          0,           0,        5746,      -4.032729324,     0.01568292939,       1.418053627,     -0.1185050263
          0,           0,        5747,      -4.040683532,   -0.004645290309,        1.37040771,      -0.157696808
          0,           0,        5748,      -4.047159071,    -0.02524314293,       1.323116586,     -0.1956363432
          0,           0,        5749,      -4.050452803,    -0.04546560927,       1.276530437,     -0.2320663142
          0,           0,        5750,       -4.05223587,     -0.0649703604,       1.232452082,     -0.2657332421
          0,           0,        5751,      -4.054261198,    -0.08368110597,       1.193898529,     -0.2945465799
          0,           0,        5752,      -4.055130499,     -0.1014621541,       1.163289697,     -0.3168500014
          0,           0,        5753,      -4.058855175,     -0.1173950615,       1.136804669,     -0.3354349099
          0,           0,        5754,       -4.06423567,     -0.1314068338,       1.115638939,      -0.349540493
          0,           0,        5755,      -4.067625823,     -0.1432941802,       1.099994555,     -0.3590985816
          0,           0,        5756,       -4.06739718,     -0.1538031254,        1.09655972,      -0.359426041
          0,           0,        5757,      -4.061911385,      -0.162618267,       1.104511902,     -0.3511655895
          0,           0,        5758,      -4.061929744,     -0.1690234858,         1.1183236,     -0.3383164336
          0,           0,        5759,      -4.063928262,     -0.1725934264,       1.132524954,     -0.3248597909
          0,           0,        5760,      -4.062379288,      -0.173363544,       1.145032119,     -0.3123481394
          0,           0,        5761,      -4.063286663,     -0.1723015136,       1.161363101,     -0.2968890598
          0,           0,        5762,      -4.064477144,     -0.1694701486,       1.179315294,     -0.2800865069
          0,           0,        5763,      -4.063959281,     -0.1649032559,       1.196221758,     -0.2638661603
          0,           0,        5764,      -4.069477854,     -0.1588353684,       1.211195936,     -0.2488627576
          0,           0,        5765,      -4.077009529,     -0.1515515909,       1.224315083,     -0.2349869405
          0,           0,        5766,      -4.081332565,      -0.144009414,       1.236210077,     -0.2218270777
          0,           0,        5767,      -4.081060672,     -0.1366257402,        1.24686801,     -0.2093611603
          0,           0,        5768,      -4.078366431,     -0.1300017652,        1.25624207,      -0.197593824
          0,           0,        5769,      -4.078043668,     -0.1244903132,        1.26288679,     -0.1875177102
          0,           0,        5770,      -4.071493118,     -0.1202203354,       1.264483454,     -0.1807396979
          0,           0,        5771,      -4.047533606,     -0.1174425879,       1.260365348,     -0.1776830476
          0,           0,        5772,      -4.056243742,     -0.1164214819,       1.250681935,     -0.1781816966
          0,           0,        5773,      -4.072464158,     -0.1172232278,       1.235990643,     -0.1817628199
          0,           0,        5774,      -4.075917054,      -0.119711192,       1.217189745,     -0.1877163757
          0,           0,        5775,      -4.079750156,      -0.123575977,       1.195432199,     -0.1951794307
          0,           0,        5776,      -4.081879133,     -0.1283863178,       1.172008303,      -0.203214098
          0,           0,        5777,      -4.086364436,     -0.1336896066,       1.148127597,     -0.2109675595
          0,           0,        5778,      -4.087944176,     -0.1390368692,       1.125002724,     -0.2176145071
          0,           0,        5779,      -4.086188441,     -0.1440405989,       1.103710433,     -0.2224493362
          0,           0,        5780,      -4.078669771,     -0.1483737223,       1.085210156,     -0.2248848502
          0,           0,        5781,      -4.065950638,     -0.1517576032,       1.070143212,     -0.2245949395
          0,           0,        5782,      -4.064425451,     -0.1539580007,       1.059301156,      -0.221156541
          0,           0,        5783,      -4.067393405,     -0.1548021536,       1.053055598,     -0.2144634035
          0,           0,        5784,      -4.065583782,     -0.1541790614,       1.051506664,     -0.2046068174
          0,           0,        5785,      -4.054029661,     -0.1520944884,       1.054317443,     -0.1919812693
          0,           0,        5786,      -4.055944444,     -0.1487519624,       1.061767962,     -0.1765202579
          0,           0,        5787,      -4.058358716,     -0.1442391435,       1.073009985,     -0.1589386948
          0,           0,        5788,      -4.055047178,     -0.1386005971,       1.086636754,      -0.140320077
          0,           0,        5789,      -4.046930037,     -0.1320433826,        1.10146362,      -0.121571354
          0,           0,        5790,      -4.038017089,     -0.1248388099,       1.116523218,     -0.1034180162
          0,           0,        5791,      -4.048944774,     -0.1173349054,       1.131601864,     -0.0860094402
          0,           0,        5792,      -4.047409422,     -0.1097286898,        1.14627998,    -0.06960448736
          0,           0,        5793,      -4.040933949,     -0.1020907632,       1.159999781,    -0.05452302626
          0,           0,        5794,      -4.065109802,    -0.09450122583,       1.172384101,    -0.04094299138
          0,           0,        5795,      -4.063795145,    -0.08704950298,       1.183194808,    -0.02894447507
          0,           0,        5796,      -4.055166868,    -0.07981798634,        1.19221725,    -0.01859848823
          0,           0,        5797,      -4.063864829,    -0.07287671163,        1.19934384,    -0.00991420983
          0,           0,        5798,      -4.062993635,    -0.06627195127,       1.204546114,   -0.002855760096
          0,           0,        5799,       -4.05794962,    -0.06000491028,       1.207970165,    0.002723513985
          0,           0,        5800,      -4.050952426,    -0.05402261697,       1.209968468,    0.007096575659
          0,           0,        5801,      -4.053105405,    -0.04826392276,        1.21095625,     0.01056863714
          0,           0,        5802,      -4.055247237,    -0.04262375742,       1.211525618,     0.01354374549
          0,           0,        5803,      -4.051585712,     -0.0369820981,       1.212283497,      0.0164250506
          0,           0,        5804,      -4.058890293,    -0.03124657782,       1.213726753,     0.01952230832
          0,           0,        5805,      -4.051600826,    -0.02535179191,        1.21626023,     0.02305848273
          0,           0,        5806,      -4.054017531,    -0.01942612658,        1.22099619,     0.02774442035
          0,           0,        5807,      -4.058795587,    -0.01343119791,        1.22773651,     0.03336562412
          0,           0,        5808,      -4.056489923,   -0.007276421906,       1.236033672,     0.03953442084
          0,           0,        5809,      -4.057603042,  -0.0009881565773,        1.24567018,     0.04603010999
          0,           0,        5810,      -4.057119039,    0.005379203069,       1.256494473,     0.05271383696
          0,           0,        5811,      -4.057932888,     0.01177113877,       1.268286712,     0.05943386427
          0,           0,        5812,      -4.055541219,     0.01814497653,       1.280771846,     0.06602101849
          0,           0,        5813,      -4.062967136,     0.02446277817,       1.293582285,     0.07226715559
          0,           0,        5814,       -4.07050279,     0.03060787332,       1.306455391,     0.07804771371
          0,           0,        5815,      -4.081125102,     0.03642862461,       1.318853157,     0.08305069548
          0,           0,        5816,      -4.074112234,     0.04175563568,       1.329864084,     0.08671132687
          0,           0,        5817,      -4.068230428,     0.04637730667,       1.338453978,     0.08838099953
          0,           0,        5818,      -4.065191015,     0.05005064389,       1.343688035,     0.08748809343
          0,           0,        5819,       -4.06459574,     0.05255464137,       1.344893577,     0.08366039375
          0,           0,        5820,      -4.065244732,     0.05375156882,        1.34180915,     0.07682245799
          0,           0,        5821,      -4.067451018,     0.05359210554,       1.334576428,     0.06718350372
          0,           0,        5822,      -4.069783355,     0.05213239942,        1.32366358,      0.0551802117
          0,           0,        5823,      -4.072568348,     0.04953635444,       1.309827039,     0.04143532442
          0,           0,        5824,      -4.075305931,     0.04605384335,        1.29398629,      0.0266673631
          0,           0,        5825,        -4.0761189,      0.0419825709,       1.277173607,     0.01164659972
          0,           0,        5826,      -4.077778137,     0.03760003618,       1.260597969,   -0.002764212481
          0,           0,        5827,      -4.080540327,     0.03325413441,       1.245353465,    -0.01581609082
          0,           0,        5828,      -4.083366873,     0.02935445698,       1.232294323,    -0.02696157636
          0,           0,        5829,      -4.085925534,     0.03128244784,       1.190181084,    -0.05841014198
          0,           0,        5830,      -4.035616777,     0.02880513421,       1.187953828,    -0.06138945875
          0,           0,        5831,      -4.058599832,     0.02764099037,       1.184908504,    -0.06500524966
          0,           0,        5832,      -4.057252431,     0.02817453766,       1.184169268,     -0.0670506876
          0,           0,        5833,      -4.061434864,     0.03021913381,       1.186334867,    -0.06721370508
          0,           0,        5834,      -4.067390352,     0.03348138419,       1.190981525,    -0.06591200256
          0,           0,        5835,      -4.072829039,     0.03763336427,       1.197282794,    -0.06382969914
          0,           0,        5836,      -4.081680829,     0.04227821591,       1.204260843,    -0.06173180226
          0,           0,        5837,      -4.088317322,     0.04698367068,       1.210848333,    -0.06039883975
          0,           0,        5838,      -4.090425656,     0.05135494793,       1.216159204,    -0.06043828966
          0,           0,        5839,      -4.088098954,     0.05508359168,       1.219573373,    -0.06223109284
          0,           0,        5840,      -4.098053346,      0.0579827149,       1.220920878,    -0.06579753013
          0,           0,        5841,      -4.098747394,     0.05998583535,       1.220367597,     -0.0709053385
          0,           0,        5842,      -4.098439499,     0.06113991152,       1.218339673,    -0.07711483625
          0,           0,        5843,      -4.097271222,     0.06155306878,       1.215406258,     -0.0838813617
          0,           0,        5844,      -4.092167136,     0.06138492109,       1.212167088,    -0.09064633651
          0,           0,        5845,      -4.084735342,     0.06083747709,        1.20922089,    -0.09686881506
          0,           0,        5846,      -4.080199628,     0.06012919527,       1.207176811,     -0.1020221336
          0,           0,        5847,      -4.075445502,     0.05946554838,       1.206509419,     -0.1057021799
          0,           0,        5848,       -4.06631455,     0.05904533283,       1.207704806,     -0.1075247381
          0,           0,        5849,      -4.076886477,      0.0590271214,        1.21101009,     -0.1073067808
          0,           0,        5850,       -4.07709149,     0.05952834354,       1.216535826,     -0.1049917257
          0,           0,        5851,      -4.079496675,     0.06058722653,       1.224099561,     -0.1007612278
          0,           0,        5852,      -4.078084691,     0.06216726246,       1.233347345,    -0.09494320784
          0,           0,        5853,      -4.085302201,     0.06415965986,       1.243777469,    -0.08798624056
          0,           0,        5854,      -4.083198369,     0.06640320592,       1.254865924,    -0.08037743996
          0,           0,        5855,      -4.075853722,      0.0687173139,       1.265985654,    -0.07266914918
          0,           0,        5856,      -4.071943005,     0.07094531846,       1.276535697,    -0.06538759136
          0,           0,        5857,      -4.066687121,     0.07296244324,       1.286025993,    -0.05896233021
          0,           0,        5858,      -4.065788687,     0.07469070786,       1.294130389,    -0.05368717666
          0,           0,        5859,      -4.068466574,     0.07608761829,       1.300708172,    -0.04970291675
          0,           0,        5860,      -4.069637992,     0.07713635931,       1.305763334,    -0.04702669387
          0,           0,        5861,      -4.064278228,     0.07784451887,       1.309399649,    -0.04558666502
          0,           0,        5862,      -4.066242113,      0.0782434124,       1.311818443,    -0.04522512409
          0,           0,        5863,      -4.060622595,     0.07838104191,       1.313242546,    -0.04575354929
          0,           0,        5864,      -4.056010855,     0.07832346256,       1.314013069,    -0.04688725318
          0,           0,        5865,      -4.058941341,      0.0781512364,       1.314504042,    -0.04831057082
          0,           0,        5866,      -4.059290622,     0.07795162393,        1.31507044,    -0.04971838554
          0,           0,        5867,      -4.055621686,     0.07781218518,       1.316029092,    -0.05083535128
          0,           0,        5868,      -4.051585586,     0.07779731248,       1.317573178,    -0.05147994253
          0,           0,        5869,      -4.043598644,     0.07794300895,       1.319778074,    -0.05155690758
          0,           0,        5870,       -4.03750284,     0.07825952029,       1.322641637,    -0.05103318705
          0,           0,        5871,      -4.041445925,     0.07874374545,       1.326136057,    -0.04989848607
          0,           0,        5872,       -4.04034099,     0.07938350776,       1.330200084,    -0.04817976473
          0,           0,        5873,      -4.035366579,     0.08017463409,       1.334796339,    -0.04589814988
          0,           0,        5874,      -4.025859162,     0.08111691075,       1.339884056,    -0.04308758762
          0,           0,        5875,        -4.0240868,     0.08221559986,       1.345399647,    -0.03980637118
          0,           0,        5876,      -4.033805783,     0.08347084404,       1.351280303,    -0.03611963951
          0,           0,        5877,      -4.039236651,     0.08487675445,       1.357526038,    -0.03205432228
          0,           0,        5878,      -4.037934194,     0.08642068011,       1.364075666,    -0.02768512957
          0,           0,        5879,      -4.036490432,      0.0880838679,        1.37095077,    -0.02302697416
          0,           0,        5880,      -4.044296985,     0.08983641093,         1.3781326,    -0.01812406578
          0,           0,        5881,      -4.053183888,     0.09163781252,       1.385603696,    -0.01301954289
          0,           0,        5882,      -4.060659643,     0.09344064068,       1.393348431,   -0.007753813153
          0,           0,        5883,      -4.065496468,     0.09519726515,       1.401363522,    -0.00234985552
          0,           0,        5884,      -4.068799017,     0.09687004349,       1.409648017,    0.003180941797
          0,           0,        5885,      -4.070947515,     0.09843267851,       1.418250202,    0.008870198601
          0,           0,        5886,      -4.073667074,     0.09987123127,       1.427226079,     0.01476214562
          0,           0,        5887,      -4.076755835,      0.1011808912,       1.436557499,     0.02085914478
          0,           0,        5888,      -4.078597416,      0.1023670216,       1.446365074,     0.02727318301
          0,           0,        5889,      -4.079354506,      0.1034316997,       1.456582069,     0.03398644014
          0,           0,        5890,      -4.080255097,      0.1043671287,       1.467094829,     0.04094945779
          0,           0,        5891,      -4.079339249,      0.1051613915,       1.477674291,     0.04803106907
          0,           0,        5892,      -4.079672924,      0.1058065369,       1.488014387,     0.05504268283
          0,           0,        5893,      -4.079591826,      0.1062998649,       1.497752333,     0.06175226832
          0,           0,        5894,      -4.079683827,      0.1066156522,       1.506515191,     0.06791309405
          0,           0,        5895,      -4.079165978,       0.106732785,       1.514079202,     0.07338247108
          0,           0,        5896,      -4.079366535,      0.1066454862,       1.520198928,     0.07800142884
          0,           0,        5897,      -4.079165843,      0.1063573624,       1.524692409,     0.08165013093
          0,           0,        5898,      -4.078860738,      0.1058417954,       1.527708134,      0.0844301191
          0,           0,        5899,      -4.079565222,      0.1050977177,       1.529297755,     0.08636380772
          0,           0,        5900,      -4.081030818,      0.1041732624,       1.529467431,     0.08743625768
          0,           0,        5901,      -4.081464555,      0.1031031171,       1.528272032,     0.08766325639
          0,           0,        5902,      -4.080837462,      0.1019171541,       1.525880248,     0.08713754425
          0,           0,        5903,      -4.080588501,       0.100619722,        1.52252044,     0.08598632497
          0,           0,        5904,      -4.082309095,     0.09921424657,       1.518478731,     0.08437197182
          0,           0,        5905,      -4.083579805,      0.0977141629,       1.513993978,     0.08242389625
          0,           0,        5906,      -4.084580287,     0.09613912147,       1.509251624,     0.08023745485
          0,           0,        5907,      -4.084675521,     0.09451236864,       1.504419879,      0.0779013457
          0,           0,        5908,      -3.959210441,     0.09282304205,       1.499553267,      0.0754250927
          0,           0,        5909,      -3.912666412,     0.09102799351,        1.49459482,     0.07274121246
          0,           0,        5910,       -3.99960523,     0.08908459364,       1.489470857,     0.06977777265
          0,           0,        5911,      -4.047555529,     0.08696314245,       1.484119229,     0.06648393003
          0,           0,        5912,      -4.066995556,     0.08462559659,       1.478540992,     0.06286119564
          0,           0,        5913,      -4.025950802,     0.08204607333,       1.472707671,      0.0588985011
          0,           0,        5914,      -4.102488458,      0.0792334138,       1.466486382,     0.05451887859
          0,           0,        5915,      -4.084203499,     0.07621022083,        1.45969859,     0.04962230644
          0,           0,        5916,      -4.024700295,     0.07300567046,       1.452272317,     0.04418690283
          0,           0,        5917,       -4.02166037,     0.06976750458,       1.444607506,      0.0385486146
          0,           0,        5918,      -4.009361426,     0.06640344409,       1.436230505,     0.03236757085
          0,           0,        5919,      -3.809953874,     0.06301956447,       1.427449961,     0.02589963437
          0,           0,        5920,      -3.802318421,     0.05969564558,       1.418546166,     0.01936874321
          0,           0,        5921,      -3.851934389,     0.05651595225,       1.409911188,     0.01307145388
          0,           0,        5922,      -3.751877331,     0.05354708301,       1.402005643,     0.00734752356
          0,           0,        5923,       -3.81884622,     0.05079732684,       1.395114789,    0.002394252247
          0,           0,        5924,      -3.984453326,       0.048211673,       1.389139438,   -0.001880307026
          0,           0,        5925,      -3.762522883,     0.04565968394,        1.38356715,    -0.00587532514
          0,           0,        5926,      -3.871847319,     0.04288771686,       1.377347942,    -0.01039193028
          0,           0,        5927,      -3.927750248,     0.03969152848,        1.36958748,    -0.01609415491
          0,           0,        5928,      -3.981667054,      0.0358380951,       1.359291106,    -0.02371776257
          0,           0,        5929,      -4.006863035,     0.03118121854,       1.345808778,    -0.03373043005
          0,           0,        5930,      -4.067150145,     0.02573900888,       1.329086405,    -0.04614633648
          0,           0,        5931,      -4.082471037,     0.01972669061,       1.309764178,     -0.0604525326
          0,           0,        5932,      -4.089898879,      0.0135289016,       1.288963421,    -0.07577263768
          0,           0,        5933,      -4.093207023,     0.00764729132,       1.268173008,    -0.09096460707
          0,           0,        5934,      -4.091666061,    0.002601814066,        1.24892092,     -0.1048718885
          0,           0,        5935,      -4.088592892,   -0.001166776989,       1.232496004,     -0.1165410823
          0,           0,        5936,      -4.082084363,   -0.003356360296,       1.219925697,     -0.1252331258
          0,           0,        5937,      -4.076822287,   -0.003835904548,       1.211543815,     -0.1307317015
          0,           0,        5938,      -4.077537198,   -0.002600027408,       1.207449717,     -0.1330056246
          0,           0,        5939,      -4.075085932,   0.0002279191654,       1.207367598,     -0.1323094984
          0,           0,        5940,      -4.074313326,    0.004435038718,       1.210840143,     -0.1290350013
          0,           0,        5941,      -4.073079259,    0.009698847287,       1.215858819,     -0.1247078507
          0,           0,        5942,      -4.073317778,     0.01567442773,       1.222408586,     -0.1193836089
          0,           0,        5943,      -4.068752976,     0.02202771242,       1.230146721,     -0.1133524557
          0,           0,        5944,      -4.064870196,      0.0284706283,       1.238773615,     -0.1068649734
          0,           0,        5945,      -4.059988119,      0.0347462323,       1.247845664,     -0.1002649815
          0,           0,        5946,      -4.059230687,     0.04064037867,       1.256852959,    -0.09392428273
          0,           0,        5947,      -4.059632786,     0.04600084863,       1.265322456,    -0.08817648871
          0,           0,        5948,      -4.060393658,     0.05076069233,       1.272923121,    -0.08324870793
          0,           0,        5949,      -4.062228964,     0.05490703833,       1.279461026,    -0.07926393057
          0,           0,        5950,      -4.064630608,     0.05846404918,       1.284897568,     -0.0762285862
          0,           0,        5951,      -4.068397345,     0.06149895992,        1.28931587,     -0.0740595525
          0,           0,        5952,      -4.070670842,     0.06406422764,       1.292819564,    -0.07266007852
          0,           0,        5953,       -4.07387711,     0.06623285901,         1.2956199,    -0.07185658599
          0,           0,        5954,       -4.07612621,     0.06809868913,       1.297983297,    -0.07144468749
          0,           0,        5955,       -4.08000056,      0.0697385446,       1.300211195,    -0.07120019425
          0,           0,        5956,      -4.082236265,     0.07120670333,       1.302472551,    -0.07099830838
          0,           0,        5957,      -4.084901704,     0.07255325725,       1.304885513,    -0.07075143123
          0,           0,        5958,        -4.0903059,     0.07381821083,       1.307544956,    -0.07039018684
          0,           0,        5959,      -4.087890369,     0.07502499483,       1.310517822,    -0.06986775592
          0,           0,        5960,      -4.088461733,     0.07618778321,       1.313831143,    -0.06915775246
          0,           0,        5961,       -4.08853909,     0.07731527647,       1.317504412,    -0.06823552113
          0,           0,        5962,      -4.089677943,     0.07841092513,       1.321546813,    -0.06708240149
          0,           0,        5963,      -4.088138851,     0.07947290257,       1.325953513,    -0.06569761869
          0,           0,        5964,      -4.090394015,     0.08050112914,       1.330701588,    -0.06408920056
          0,           0,        5965,      -4.090599004,     0.08149699777,       1.335743363,    -0.06227820981
          0,           0,        5966,      -4.090693619,     0.08245203375,        1.34098484,    -0.06031748712
          0,           0,        5967,      -4.091219091,     0.08335785746,       1.346314192,    -0.05827500275
          0,           0,        5968,      -4.091399305,     0.08421086449,       1.351625147,    -0.05621735167
          0,           0,        5969,      -4.089738168,     0.08500989731,       1.356823548,    -0.05420189993
          0,           0,        5970,      -4.089276308,     0.08575229091,       1.361820259,    -0.05228719213
          0,           0,        5971,       -4.09076417,     0.08642946702,       1.366525559,    -0.05053321784
          0,           0,        5972,      -4.089294657,      0.0870409608,       1.370911739,    -0.04895505251
          0,           0,        5973,      -4.088257899,     0.08758416278,       1.374950825,    -0.04756785556
          0,           0,        5974,      -4.088913135,       0.088056111,        1.37865601,    -0.04635819578
          0,           0,        5975,        -4.0896828,     0.08844913822,       1.382074546,    -0.04528841495
          0,           0,        5976,      -4.089449016,     0.08875044104,       1.385279236,    -0.04430644807
          0,           0,        5977,      -4.087648326,      0.0889491792,       1.388344844,    -0.04336055892
          0,           0,        5978,      -4.088802782,     0.08903829134,       1.391340668,    -0.04240638224
          0,           0,        5979,      -4.086690867,     0.08888121878,       1.395069107,    -0.04088487496
          0,           0,        5980,      -4.086981781,     0.08857555529,       1.399001411,    -0.03917694872
          0,           0,        5981,      -4.086666671,     0.08826128786,       1.402688182,    -0.03760022998
          0,           0,        5982,      -4.087265095,     0.08792141521,       1.406082223,    -0.03620230283
          0,           0,        5983,      -4.085101818,      0.0875691143,       1.409266011,    -0.03492872166
          0,           0,        5984,      -4.086293641,     0.08721434226,       1.412349751,    -0.03370501043
          0,           0,        5985,      -4.100604035,      0.0868722658,       1.415423624,    -0.03246702322
          0,           0,        5986,      -4.091637513,      0.0865529005,       1.418648443,    -0.03109389632
          0,           0,        5987,      -4.087409054,     0.08626949816,       1.422116907,      -0.029514113
          0,           0,        5988,      -4.086140029,     0.08602769419,       1.425960127,    -0.02762464121
          0,           0,        5989,      -4.088004627,     0.08584588669,       1.430101282,    -0.02546607305
          0,           0,        5990,      -4.089573679,     0.08572232861,       1.434334097,    -0.02317147846
          0,           0,        5991,      -4.090234031,     0.08562879369,       1.438522405,    -0.02081902996
          0,           0,        5992,      -4.090499896,     0.08553242417,       1.442623523,    -0.01841227848
          0,           0,        5993,      -4.090758194,     0.08539064708,       1.446579882,    -0.01596527556
          0,           0,        5994,      -4.091104956,     0.08515549834,       1.450373967,    -0.01345916257
          0,           0,        5995,      -4.091620198,     0.08479500877,       1.453895181,    -0.01094000149
          0,           0,        5996,      -4.091377084,     0.08428000277,       1.457057344,   -0.008436639204
          0,           0,        5997,      -4.089437604,     0.08359621359,       1.459744062,   -0.006002799681
          0,           0,        5998,      -4.090386906,     0.08273762021,       1.461829937,   -0.003703499121
          0,           0,        5999,      -4.088657111,     0.08170872589,       1.463212423,   -0.001595449793
          0,           0,        6000,      -4.089764127,     0.08052199681,       1.463901543,   0.0003373880543
          0,           0,        6001,      -4.085506939,     0.07919648583,        1.46395072,    0.002129553453
          0,           0,        6002,      -4.084931256,      0.0777537085,       1.463484531,    0.003856256525
          0,           0,        6003,       -4.08718058,     0.07622216235,       1.462646269,    0.005595574219
          0,           0,        6004,      -4.082261535,     0.07438994623,       1.462828009,    0.008294165607
          0,           0,        6005,      -4.083126659,     0.07255761057,       1.462753702,     0.01101367431
          0,           0,        6006,      -4.084666336,     0.07089417231,       1.461767178,     0.01324075913
          0,           0,        6007,      -4.086975105,     0.06936077021,       1.459938657,     0.01495567365
          0,           0,        6008,      -4.089297962,     0.06786313319,        1.45797779,     0.01659749787
          0,           0,        6009,      -4.087584085,     0.06642373065,        1.45600192,     0.01818201175
          0,           0,        6010,      -4.090322769,     0.06837342386,       1.434641534,    0.005964326003
          0,           0,        6011,      -4.087672486,     0.06668245697,       1.435306286,    0.009137747428
          0,           0,        6012,      -4.088863171,     0.06532022997,       1.434617309,     0.01112770774
          0,           0,        6013,      -4.088553554,      0.0641456241,       1.433143956,     0.01228215718
          0,           0,        6014,      -4.090382829,     0.06313532353,       1.431312316,     0.01287982809
          0,           0,        6015,      -4.088364691,     0.06226063313,       1.429409439,     0.01311015519
          0,           0,        6016,      -4.089526711,     0.06149366773,       1.427591695,     0.01308206411
          0,           0,        6017,      -4.094971984,     0.06081425104,       1.425959176,     0.01287765024
          0,           0,        6018,      -4.090636218,     0.06021310225,       1.424587296,      0.0125693427
          0,           0,        6019,      -4.088911873,     0.05968376301,       1.423586087,     0.01226017299
          0,           0,        6020,      -4.087343881,     0.05923347684,       1.422979998,     0.01200333302
          0,           0,        6021,      -4.089106133,     0.05883793461,       1.423021967,     0.01202413849
          0,           0,        6022,      -4.087490569,     0.05851048343,       1.423650197,     0.01232250963
          0,           0,        6023,      -4.089575159,     0.05825906202,        1.42497064,     0.01301818581
          0,           0,        6024,      -4.089917759,     0.05780653786,       1.427973322,     0.01482859153
          0,           0,        6025,      -4.087045622,     0.05737818571,       1.431502297,     0.01697162424
          0,           0,        6026,      -4.077125144,     0.05676269893,       1.436154763,     0.01987638534
          0,           0,        6027,      -4.079656276,     0.05607772676,       1.441186191,     0.02303539401
          0,           0,        6028,      -4.085235012,     0.05542860695,       1.446020786,     0.02605931698
          0,           0,        6029,      -4.087780539,     0.05485642074,       1.450429165,     0.02879447096
          0,           0,        6030,      -4.088186477,     0.05441810552,       1.454072857,     0.03100399959
          0,           0,        6031,       -4.08784687,     0.05409703281,       1.457003327,     0.03271918308
          0,           0,        6032,      -4.088618219,     0.05390497703,       1.459088381,     0.03383428338
          0,           0,        6033,      -4.087420967,     0.05378585432,       1.460662598,     0.03457036778
          0,           0,        6034,      -4.088955676,     0.05375541574,       1.461689556,     0.03488441493
          0,           0,        6035,      -4.087098361,     0.05375914399,       1.462609638,     0.03506888548
          0,           0,        6036,      -4.087188667,     0.05383851675,       1.463288571,     0.03500963702
          0,           0,        6037,      -4.089139528,      0.0539799734,       1.463989857,     0.03487473209
          0,           0,        6038,      -4.087548345,     0.05424259509,       1.464484216,     0.03448493046
          0,           0,        6039,      -4.089337718,     0.05461605984,       1.464973663,     0.03396767317
          0,           0,        6040,      -4.085411191,     0.05511709812,       1.465419292,     0.03328160154
          0,           0,        6041,      -4.090637215,     0.05577671175,       1.465709615,      0.0323398642
          0,           0,        6042,      -4.080422456,     0.05660037543,       1.465784128,     0.03109357369
          0,           0,        6043,       -4.08712411,     0.05752190257,       1.465921475,     0.02973188095
          0,           0,        6044,      -4.089510289,     0.05851738436,       1.466146182,     0.02826797413
          0,           0,        6045,        -4.0900398,     0.05954464352,       1.466632488,     0.02683300132
          0,           0,        6046,      -4.089767492,      0.0605911512,       1.467394438,     0.02544524822
          0,           0,        6047,      -4.090922112,     0.06167320682,       1.468364419,     0.02406994226
          0,           0,        6048,      -4.090650583,     0.06280793953,       1.469448819,     0.02266193961
          0,           0,        6049,      -4.091585793,      0.0639967964,       1.470646161,     0.02124171577
          0,           0,        6050,      -4.087240939,     0.06523101619,       1.472008276,     0.01986639003
          0,           0,        6051,      -4.091281919,     0.06649299123,       1.473632547,     0.01863209177
          0,           0,        6052,      -4.092000027,     0.06776429048,       1.475549487,     0.01758132405
          0,           0,        6053,      -4.093446379,     0.06902225871,       1.477807706,     0.01677078842
          0,           0,        6054,       -4.09304125,     0.07025033882,       1.480400988,     0.01621577243
          0,           0,        6055,      -4.094606498,     0.07145625762,       1.483188742,     0.01583492507
          0,           0,        6056,      -4.095047869,     0.07265902102,        1.48597963,     0.01551267327
          0,           0,        6057,      -4.093915958,     0.07387009137,       1.488637914,     0.01516513678
          0,           0,        6058,      -4.091429194,     0.07508355672,       1.491094306,      0.0147572944
          0,           0,        6059,       -4.09165645,     0.07627903348,       1.493352544,     0.01430292787
          0,           0,        6060,      -4.093280622,     0.07743313082,        1.49544922,     0.01383754284
          0,           0,        6061,      -4.092771519,     0.07848735028,        1.49755236,     0.01348815269
          0,           0,        6062,      -4.092119484,     0.07938678417,       1.499837591,     0.01338231745
          0,           0,        6063,      -4.093630562,     0.08011908907,       1.502298685,     0.01352007899
          0,           0,        6064,      -4.091214251,     0.08068727151,       1.504871486,     0.01386414822
          0,           0,        6065,      -4.092834733,     0.08110785236,       1.507254019,     0.01419823977
          0,           0,        6066,      -4.092396517,     0.08140747955,       1.509201884,      0.0143490123
          0,           0,        6067,      -4.091332703,     0.08159949985,        1.51072288,     0.01432366979
          0,           0,        6068,      -4.095352265,     0.08168807496,       1.511890033,     0.01417361967
          0,           0,        6069,      -4.095452748,     0.08168154935,       1.512829603,     0.01399234204
          0,           0,        6070,      -4.096245964,     0.08158967478,       1.513612435,     0.01383140491
          0,           0,        6071,      -4.095733476,     0.08141593636,       1.514227739,     0.01368125451
          0,           0,        6072,      -4.095357968,     0.08115862078,       1.514613403,     0.01349439582
          0,           0,        6073,      -4.095834879,     0.08081090505,       1.514693801,     0.01321058115
          0,           0,        6074,      -4.094002689,      0.0803649818,       1.514402832,     0.01277699208
          0,           0,        6075,      -4.096610189,     0.07981345419,       1.513720933,     0.01217317515
          0,           0,        6076,      -4.093655093,     0.07915119726,       1.512658952,     0.01140301207
          0,           0,        6077,      -4.096566604,     0.07837044011,       1.511282382,     0.01050752127
          0,           0,        6078,      -4.090754907,     0.07719447174,       1.511034603,     0.01049656028
          0,           0,        6079,       -4.09470659,     0.07576335941,       1.511228173,     0.01088223444
          0,           0,        6080,      -4.090245907,     0.07421586823,        1.51136331,     0.01131271438
          0,           0,        6081,      -4.096021888,     0.07253717959,       1.511458665,     0.01179382658
          0,           0,        6082,      -4.095638568,     0.07064606432,       1.512053421,     0.01269820535
          0,           0,        6083,      -4.097169542,      0.0685161193,       1.513436361,     0.01422635293
          0,           0,        6084,      -4.094739951,     0.06624021874,       1.515337537,     0.01618477085
          0,           0,        6085,      -4.096694671,     0.06392801931,       1.517447693,     0.01835418979
          0,           0,        6086,      -4.098806119,     0.06168090288,       1.519519554,     0.02056081747
          0,           0,        6087,      -4.094341287,     0.05957677037,       1.521438182,     0.02272058875
          0,           0,        6088,       -4.09414356,     0.05766836337,       1.523200298,     0.02482837138
          0,           0,        6089,      -4.090365762,      0.0559731735,        1.52490656,     0.02694740922
          0,           0,        6090,      -4.093948949,      0.0544804003,       1.526767004,     0.02921746589
          0,           0,        6091,      -4.088076264,     0.05315864519,       1.529045284,     0.03181361311
          0,           0,        6092,       -4.09422215,     0.05197700729,       1.532017732,     0.03491831515
          0,           0,        6093,      -4.089801428,     0.05090653535,       1.535922441,     0.03868609817
          0,           0,        6094,      -4.092748242,     0.04993321973,       1.540943643,     0.04323049786
          0,           0,        6095,      -4.091249268,     0.04906655585,       1.547147549,     0.04858659711
          0,           0,        6096,      -4.090171326,     0.04832210777,       1.554489262,      0.0547039278
          0,           0,        6097,      -4.088604216,     0.04770666124,       1.562832601,     0.06146769789
          0,           0,        6098,      -4.088645782,      0.0472030406,       1.572010352,     0.06873865104
          0,           0,        6099,      -4.081833067,     0.04676583476,       1.581828367,     0.07635638285
          0,           0,        6100,      -4.085423348,     0.04634515487,       1.592025703,     0.08411246165
          0,           0,        6101,      -4.081477713,     0.04590912035,       1.602182558,     0.09168504833
          0,           0,        6102,      -4.082197096,     0.04546278248,       1.611711063,     0.09863947882
          0,           0,        6103,       -4.07633013,     0.04503576457,       1.619985845,      0.1045235378
          0,           0,        6104,      -4.081395352,     0.04465926904,        1.62651168,      0.1089829053
          0,           0,        6105,      -4.077573331,       0.044326606,       1.631035533,      0.1118417269
          0,           0,        6106,       -4.08006161,     0.04399450294,       1.633633695,       0.113155304
          0,           0,        6107,      -4.072177862,     0.04362952639,       1.634149214,      0.1128160209
          0,           0,        6108,      -4.080664588,     0.04324734422,       1.632756724,      0.1109606859
          0,           0,        6109,      -4.082294371,     0.04288096538,       1.629681728,      0.1077686656
          0,           0,        6110,      -4.085178836,     0.04256255823,       1.625213843,       0.103465666
          0,           0,        6111,       -4.08431006,     0.04232547936,       1.619759297,     0.09835990758
          0,           0,        6112,      -4.087172497,     0.04221546689,       1.613586244,     0.09266184011
          0,           0,        6113,        -4.0848422,     0.04225276645,       1.607008247,     0.08660647213
          0,           0,        6114,      -4.088791192,     0.04242785126,       1.600474569,     0.08052561963
          0,           0,        6115,      -4.086594929,     0.04273519104,       1.594454815,     0.07476130625
          0,           0,        6116,      -4.088892655,     0.04312373653,       1.589590746,     0.06977730201
          0,           0,        6117,      -4.086374632,     0.04357187983,        1.58621086,     0.06580610654
          0,           0,        6118,      -4.087784956,     0.04411302945,       1.584212003,      0.0627757504
          0,           0,        6119,      -4.084604498,       0.044782058,       1.583315068,     0.06048618029
          0,           0,        6120,      -4.085578249,     0.04583023642,       1.583686333,     0.05910196701
          0,           0,        6121,      -4.094076543,     0.04724487485,       1.584968054,     0.05836179123
          0,           0,        6122,      -4.087048526,     0.04888452832,       1.586635736,     0.05786830221
          0,           0,        6123,      -4.083982108,      0.0506448257,       1.588225452,      0.0572769235
          0,           0,        6124,        -4.0817909,     0.05245193376,        1.58942708,     0.05636884033
          0,           0,        6125,      -4.081238853,     0.05425021984,       1.590102261,     0.05505069742
          0,           0,        6126,      -4.080166102,     0.05600439414,       1.590181147,     0.05328734959
          0,           0,        6127,      -4.079523617,     0.05769260616,       1.589633775,     0.05107193656
          0,           0,        6128,      -4.079202398,     0.05929454919,       1.588465624,     0.04843068466
          0,           0,        6129,      -4.079637881,     0.06078164483,       1.586728538,     0.04542395379
          0,           0,        6130,      -4.076840194,     0.06210758028,       1.584531058,      0.0421508784
          0,           0,        6131,      -4.077602594,     0.06322459548,       1.582024544,     0.03873788886
          0,           0,        6132,      -4.076778088,     0.06411531422,       1.579281334,     0.03525624755
          0,           0,        6133,      -4.081012898,     0.06480766495,       1.576283618,     0.03172494816
          0,           0,        6134,      -4.082955361,     0.06535467787,       1.573010283,     0.02815771408
          0,           0,        6135,      -4.082803525,     0.06580692544,       1.569484962,     0.02459443609
          0,           0,        6136,      -4.083858283,      0.0662120199,       1.565689514,     0.02104813702
          0,           0,        6137,      -4.082821586,     0.06657139893,       1.561834485,     0.01767795999
          0,           0,        6138,      -4.085796232,      0.0668616112,       1.558172669,     0.01467809325
          0,           0,        6139,      -4.084594741,     0.06707846348,       1.554867957,     0.01216468125
          0,           0,        6140,      -4.087974956,     0.06651764507,       1.550761363,    0.009178521584
          0,           0,        6141,      -4.039363246,     0.06535203433,       1.546385285,    0.006132056774
          0,           0,        6142,      -4.069987081,     0.06402854205,       1.542646816,    0.003744239762
          0,           0,        6143,      -4.080234794,     0.06279998556,       1.540352532,    0.002630815861
          0,           0,        6144,      -4.084091949,     0.06179235287,       1.540015516,    0.003159016665
          0,           0,        6145,      -4.084036008,     0.06107355263,       1.541885065,    0.005498423025
          0,           0,        6146,      -4.084262237,     0.06065766095,       1.545893008,     0.00957150873
          0,           0,        6147,      -4.083003865,     0.06053899879,       1.551737242,     0.01512801495
          0,           0,        6148,      -4.081157406,     0.06069888786,       1.558935069,     0.02178699289
          0,           0,        6149,      -4.079248326,      0.0610953945,       1.566874238,     0.02907011087
          0,           0,        6150,       -4.07749574,     0.06167579161,       1.574918661,     0.03649499656
          0,           0,        6151,      -4.074863387,      0.0623713701,        1.58245419,     0.04358500674
          0,           0,        6152,      -4.067595178,     0.06307475519,       1.588919389,     0.04990668026
          0,           0,        6153,      -4.061204953,     0.06367205524,       1.593888808,     0.05512870894
          0,           0,        6154,       -4.06531226,     0.06407628662,       1.597127683,     0.05905949385
          0,           0,        6155,      -4.065029211,     0.06424137292,       1.598693943,     0.06174062753
          0,           0,        6156,      -4.062582551,       0.064133509,       1.598592868,     0.06317092003
          0,           0,        6157,      -4.057987294,     0.06372437499,        1.59699012,     0.06347173504
          0,           0,        6158,      -4.060097983,     0.06297837903,       1.594124435,     0.06281697065
          0,           0,        6159,      -4.061737958,     0.06184259593,        1.59003623,     0.06123480841
          0,           0,        6160,      -4.060943303,     0.06026324877,       1.584723886,     0.05872149155
          0,           0,        6161,      -4.060870416,     0.05818623486,       1.578119812,     0.05522364256
          0,           0,        6162,      -4.064112554,     0.05555408839,       1.569973417,      0.0505516503
          0,           0,        6163,      -4.067072048,     0.05231879106,       1.560031309,     0.04451618527
          0,           0,        6164,      -4.067117841,      0.0485156503,       1.547526383,     0.03655797331
          0,           0,        6165,      -4.066623416,     0.04428472163,       1.532605704,     0.02679916253
          0,           0,        6166,       -4.06928738,     0.03982722452,       1.516001123,      0.0157950018
          0,           0,        6167,      -4.071921662,      0.0353403904,       1.498906239,    0.004427825632
          0,           0,        6168,      -4.070999358,      0.0309960302,       1.482308771,   -0.006575725578
          0,           0,        6169,      -4.070644903,     0.02693481753,       1.466516921,    -0.01699706485
          0,           0,        6170,      -4.069762562,     0.02324831469,       1.451433906,    -0.02691870523
          0,           0,        6171,      -4.070659489,     0.01997542966,       1.436825066,    -0.03653437437
          0,           0,        6172,      -4.071969657,      0.0135732434,       1.447795899,    -0.02802107663
          0,           0,        6173,      -4.070013882,     0.01178537013,       1.435340251,    -0.03611899369
          0,           0,        6174,      -4.067335792,    0.009923050331,       1.422384987,    -0.04476873872
          0,           0,        6175,      -4.071332437,    0.008777757782,       1.410884616,    -0.05242283081
          0,           0,        6176,      -4.074252564,    0.008280674215,       1.401163043,    -0.05885352248
          0,           0,        6177,      -4.074460632,    0.008223028678,       1.393004336,    -0.06424300736
          0,           0,        6178,      -4.074736922,    0.008422526518,       1.386111555,    -0.06881906849
          0,           0,        6179,      -4.074798686,    0.008757090051,       1.380271872,    -0.07273834862
          0,           0,        6180,      -4.074275556,     0.00916812233,       1.375361852,    -0.07608161902
          0,           0,        6181,      -4.073945279,    0.009599410198,       1.371818142,    -0.07851952979
          0,           0,        6182,      -4.073472123,     0.01006163702,       1.369871335,    -0.07986341887
          0,           0,        6183,      -4.070261071,     0.01062751977,       1.369498478,    -0.08009966836
          0,           0,        6184,      -4.067955732,     0.01135166672,       1.370480697,    -0.07936487603
          0,           0,        6185,      -4.066454955,     0.01226553021,       1.372416329,    -0.07792739016
          0,           0,        6186,      -4.067224144,     0.01334893518,       1.375029969,    -0.07597110361
          0,           0,        6187,      -4.066049042,     0.01455570807,       1.378092419,    -0.07365422891
          0,           0,        6188,      -4.066496691,     0.01584852588,       1.381115032,    -0.07131882291
          0,           0,        6189,      -4.066719547,     0.01716871276,       1.383619547,    -0.06930225249
          0,           0,        6190,      -4.066967194,     0.01841741667,       1.385368512,    -0.06777149336
          0,           0,        6191,      -4.067333779,      0.0194947554,         1.3866016,    -0.06654776373
          0,           0,        6192,      -4.067044807,     0.02035655809,       1.387321727,    -0.06561912238
          0,           0,        6193,      -4.069108196,     0.02101437007,       1.387593341,    -0.06492869952
          0,           0,        6194,      -4.069902305,     0.02122467643,       1.391845436,    -0.06126133833
          0,           0,        6195,       -4.06898116,      0.0214574573,       1.395978289,     -0.0575480956
          0,           0,        6196,       -4.07292533,     0.02172587404,       1.397978752,    -0.05526599883
          0,           0,        6197,      -4.075214587,     0.02181418138,       1.397984008,    -0.05435340992
          0,           0,        6198,      -4.077109717,     0.02169037676,       1.396469705,    -0.05447478723
          0,           0,        6199,      -4.079818591,     0.02133815552,       1.394096764,    -0.05515474228
          0,           0,        6200,      -4.081275081,     0.02075167411,       1.391387473,    -0.05601821691
          0,           0,        6201,      -4.084498763,     0.01995053247,       1.388578284,     -0.0568975188
          0,           0,        6202,      -4.090029389,     0.01888156998,       1.388125898,    -0.05600763098
          0,           0,        6203,      -4.086468481,     0.01772022369,       1.389391031,    -0.05379530383
          0,           0,        6204,      -4.097889537,     0.01663165799,       1.391132574,    -0.05115251921
          0,           0,        6205,      -4.104499997,     0.01558504233,       1.392797794,    -0.04849853026
          0,           0,        6206,      -4.109688527,     0.01452739655,        1.39361393,     -0.0464151758
          0,           0,        6207,      -4.110454529,     0.01338812722,       1.393268071,    -0.04514773088
          0,           0,        6208,      -4.112696778,     0.01204331822,       1.391325698,    -0.04503590223
          0,           0,        6209,      -4.101214809,     0.01025912091,        1.38865522,    -0.04547235437
          0,           0,        6210,      -4.098550147,    0.007834134661,       1.385159131,      -0.046540391
          0,           0,        6211,       -4.09703478,    0.004581065813,       1.379781666,    -0.04901562823
          0,           0,        6212,      -4.099703096,   0.0002567255508,       1.371641685,    -0.05353704242
          0,           0,        6213,      -4.087102412,    -0.01060817689,       1.426207419,    -0.01291380536
          0,           0,        6214,      -4.085884328,    -0.01692823607,       1.399662385,     -0.0308262888
          0,           0,        6215,      -4.105819943,    -0.02380410077,       1.377293912,    -0.04550941121
          0,           0,        6216,      -4.108750902,    -0.03158957517,        1.35461992,    -0.06031270816
          0,           0,        6217,      -4.070118493,     -0.0397833331,       1.330850755,    -0.07576224715
          0,           0,        6218,      -4.068370281,    -0.04796770902,       1.306822378,    -0.09122008388
          0,           0,        6219,      -4.069417737,    -0.05596098394,       1.283295218,     -0.1061359264
          0,           0,        6220,      -4.077778131,    -0.06677154322,       1.287828982,     -0.1007995586
          0,           0,        6221,      -4.056337025,    -0.07491463924,       1.277268905,     -0.1060086907
          0,           0,        6222,      -4.090359811,    -0.08267085558,       1.260463632,     -0.1156379164
          0,           0,        6223,      -4.096608843,    -0.08975087419,       1.242051907,     -0.1262607225
          0,           0,        6224,      -4.098685013,    -0.09584340234,       1.224507733,     -0.1360430964
          0,           0,        6225,      -4.098799848,     -0.1005883028,       1.209683657,     -0.1436204731
          0,           0,        6226,      -4.100160807,     -0.1036729281,       1.198897855,     -0.1480354005
          0,           0,        6227,      -4.095943539,     -0.1049033963,       1.192955032,     -0.1487322412
          0,           0,        6228,      -4.099031873,     -0.1043029176,       1.192112267,      -0.145584143
          0,           0,        6229,      -4.099857543,     -0.1019835297,        1.19615555,     -0.1388155341
          0,           0,        6230,      -4.100556833,    -0.09807165477,       1.204510799,     -0.1289040769
          0,           0,        6231,      -4.103108056,    -0.09279279606,       1.216443398,     -0.1164418473
          0,           0,        6232,      -4.101736534,    -0.08653226449,        1.23203106,     -0.1014396841
          0,           0,        6233,      -4.103902353,     -0.1048740344,       1.422121084,     0.03727585031
          0,           0,        6234,      -4.059346445,    -0.09154096458,       1.391098979,     0.01861897531
          0,           0,        6235,      -4.068706435,    -0.07850209069,       1.391440293,     0.02263445625
          0,           0,        6236,       -4.08755871,    -0.06707723603,       1.402123717,     0.03371639699
          0,           0,        6237,      -4.063657772,    -0.05681957032,       1.416516273,     0.04707903628
          0,           0,        6238,      -4.080156855,    -0.04729172034,       1.432102616,     0.06095393306
          0,           0,        6239,      -4.072679385,    -0.03829927246,       1.447964433,     0.07471150645
          0,           0,        6240,      -4.083846505,    -0.02991407755,       1.463738831,     0.08808862981
          0,           0,        6241,      -4.078695273,    -0.02207759571,       1.479325098,       0.101030649
          0,           0,        6242,      -4.085236921,    -0.01472353886,       1.494693696,      0.1135278761
          0,           0,        6243,      -4.080949998,   -0.007733866051,       1.509877384,      0.1256113479
          0,           0,        6244,      -4.084959096,  -0.0009867603582,       1.524800219,      0.1372299407
          0,           0,        6245,      -4.081337807,     0.00560648574,       1.539301489,      0.1482744177
          0,           0,        6246,      -4.082574851,       0.012124567,       1.553240966,      0.1586414008
          0,           0,        6247,      -4.079254556,     0.01859143666,       1.566415418,      0.1681783428
          0,           0,        6248,      -4.076960458,     0.02497702369,       1.578595149,      0.1767116442
          0,           0,        6249,      -4.074354458,     0.03122736938,       1.589599288,      0.1840968122
          0,           0,        6250,      -4.074506929,     0.03731011137,       1.599387932,      0.1902940855
          0,           0,        6251,      -4.073584009,     0.04320665682,       1.608147463,      0.1954338576
          0,           0,        6252,      -4.075763951,     0.04888094683,       1.616214822,      0.1997628738
          0,           0,        6253,      -4.074348111,     0.05433307674,       1.623844942,      0.2034714071
          0,           0,        6254,      -4.075081103,     0.05955732068,       1.631071545,      0.2065894032
          0,           0,        6255,      -4.075739863,     0.06452483376,       1.637656589,      0.2089563254
          0,           0,        6256,      -4.077987087,     0.06916953155,       1.643216234,      0.2102948437
          0,           0,        6257,      -4.074940192,     0.07236080266,       1.653075331,      0.2143558345
          0,           0,        6258,      -4.072447361,     0.07483855956,       1.662568439,      0.2178567756
          0,           0,        6259,      -4.069786294,     0.07710917363,       1.667876927,      0.2181133096
          0,           0,        6260,      -4.072175126,     0.07899642932,       1.667342739,      0.2139158957
          0,           0,        6261,      -4.073198787,     0.08029802685,       1.661227415,      0.2054628745
          0,           0,        6262,      -4.075688796,     0.08034535852,       1.653259686,      0.1954161303
          0,           0,        6263,      -4.075653677,     0.07923901815,        1.64307415,      0.1835588098
          0,           0,        6264,      -4.080680781,     0.07727158095,       1.629876944,      0.1693819019
          0,           0,        6265,      -4.081798297,     0.07460243522,        1.61389128,      0.1530966712
          0,           0,        6266,      -4.083173449,     0.07140870483,       1.596121587,      0.1354777791
          0,           0,        6267,      -4.084216141,     0.06793686658,       1.577778064,      0.1174594879
          0,           0,        6268,      -4.085691031,     0.06448335979,       1.559845283,     0.09980967617
          0,           0,        6269,      -4.088538658,     0.06133466796,       1.543151776,     0.08318157427
          0,           0,        6270,      -4.089924548,     0.05877853291,       1.528341921,     0.06808521403
          0,           0,        6271,      -4.094331971,     0.05722082718,       1.514845704,     0.05415356752
          0,           0,        6272,      -4.092708997,     0.05679586013,       1.502963269,     0.04161436251
          0,           0,        6273,      -4.092187701,     0.05742292296,       1.493366786,     0.03092671278
          0,           0,        6274,       -4.09181425,     0.05897453988,       1.486716405,      0.0225373585
          0,           0,        6275,      -4.092172665,      0.0613234884,       1.483266587,     0.01660125732
          0,           0,        6276,      -4.090124837,     0.06438080387,       1.482887407,     0.01300265932
          0,           0,        6277,      -4.091251928,     0.06805540512,       1.485232025,     0.01146331091
          0,           0,        6278,       -4.08437176,     0.07219765188,       1.489941134,     0.01170278967
          0,           0,        6279,      -4.083487654,     0.07662988743,       1.496648459,     0.01344233543
          0,           0,        6280,      -4.087926132,     0.08119113473,       1.504820261,     0.01629839404
          0,           0,        6281,       -4.08496285,     0.08572210736,       1.514010837,     0.01996468074
          0,           0,        6282,      -4.086954904,     0.09007711459,       1.523750809,     0.02412662175
          0,           0,        6283,      -4.085160394,      0.0971653331,       1.515527447,     0.01573186177
          0,           0,        6284,      -4.098594468,      0.1007760518,       1.520210978,     0.01651085546
          0,           0,        6285,      -4.088017122,      0.1041030612,       1.527165197,     0.01923768824
          0,           0,        6286,      -4.087134915,      0.1065496405,       1.533754273,     0.02195246511
          0,           0,        6287,      -4.087483591,      0.1081346312,        1.53917448,      0.0241276279
          0,           0,        6288,      -4.088464539,      0.1089104451,       1.543378293,     0.02578193996
          0,           0,        6289,      -4.088211694,      0.1089172651,       1.546271109,     0.02688418782
          0,           0,        6290,      -4.088593409,      0.1082454578,       1.547618559,     0.02730728856
          0,           0,        6291,      -4.087960029,      0.1069631247,       1.547164016,     0.02688918041
          0,           0,        6292,      -4.088008363,      0.1050843091,       1.544702468,     0.02548662792
          0,           0,        6293,      -4.057400178,      0.1024196881,       1.541226903,     0.02377626452
          0,           0,        6294,      -4.064279347,     0.09895984365,       1.536641614,     0.02165437253
          0,           0,        6295,      -4.083965518,     0.09485100278,       1.530396349,     0.01869260524
          0,           0,        6296,       -4.08661246,      0.0901904711,        1.52233447,      0.0147376028
          0,           0,        6297,      -4.088801147,     0.08512223546,       1.512627861,    0.009864794515
          0,           0,        6298,      -4.080918072,     0.07976102874,       1.502351799,    0.004811729707
          0,           0,        6299,       -4.08224706,     0.07438573919,       1.492047084,  -6.514590462e-05
          0,           0,        6300,      -4.082940191,     0.06933946678,       1.481921408,   -0.004632871418
          0,           0,        6301,      -4.089861376,     0.06485533165,       1.472164876,   -0.008799498873
          0,           0,        6302,       -4.08694225,     0.06090283921,       1.463821907,    -0.01186858942
          0,           0,        6303,      -4.088528858,     0.05750920481,        1.45687166,    -0.01391479079
          0,           0,        6304,       -4.07965722,     0.05474377623,       1.450763436,    -0.01537830372
          0,           0,        6305,      -4.081175189,     0.05248560222,       1.445513357,    -0.01631511076
          0,           0,        6306,      -4.080977966,     0.05065847325,       1.441122211,    -0.01677015889
          0,           0,        6307,      -4.088951071,     0.04918269202,        1.43766327,    -0.01672467209
          0,           0,        6308,      -4.091042822,     0.04800185859,       1.435051586,    -0.01626126305
          0,           0,        6309,      -4.086672276,     0.04706634413,       1.433193428,    -0.01545202829
          0,           0,        6310,       -4.08693743,     0.04633180805,       1.431901668,    -0.01443776632
          0,           0,        6311,      -4.086407552,     0.04571160997,       1.431313236,    -0.01311574266
          0,           0,        6312,      -4.086088727,     0.04511047762,       1.431607992,    -0.01135014601
          0,           0,        6313,      -4.089763947,     0.04451212877,       1.432722591,   -0.009173720413
          0,           0,        6314,      -4.088091041,     0.04388586539,       1.434675985,   -0.006554603642
          0,           0,        6315,      -4.086606086,       0.043255984,       1.437315359,   -0.003583209786
          0,           0,        6316,       -4.08634951,     0.04263930648,       1.440605566,  -0.0002697186597
          0,           0,        6317,      -4.085083255,     0.04206858345,       1.444438134,    0.003323120987
          0,           0,        6318,      -4.086958743,     0.04156055365,       1.448779705,    0.007180225316
          0,           0,        6319,       -4.08253735,     0.04093423604,       1.454774908,     0.01211459753
          0,           0,        6320,      -4.080474238,     0.04014174516,       1.462999428,     0.01853875851
          0,           0,        6321,      -4.080576177,     0.03932637227,       1.473048425,     0.02617147649
          0,           0,        6322,      -4.084809814,     0.03869542911,       1.483843391,     0.03423804627
          0,           0,        6323,      -4.086071529,     0.03836868495,        1.49447276,     0.04207101265
          0,           0,        6324,      -4.087749891,     0.03836063787,       1.504551002,     0.04937829877
          0,           0,        6325,      -4.085762169,      0.0386519824,       1.513869405,     0.05598375375
          0,           0,        6326,      -4.087573299,     0.03917549883,       1.522784727,     0.06211860923
          0,           0,        6327,      -4.086678919,     0.03989135445,        1.53169689,     0.06805359669
          0,           0,        6328,      -4.085159975,     0.04075669922,       1.541073656,     0.07410983552
          0,           0,        6329,      -4.082525052,     0.04174374741,       1.551033021,     0.08035245489
          0,           0,        6330,      -4.080894374,     0.04285032353,       1.561468682,     0.08669165114
          0,           0,        6331,      -4.078476282,     0.04406605061,       1.572093118,     0.09291641645
          0,           0,        6332,        -4.0757251,     0.04538871545,       1.582574127,     0.09878739387
          0,           0,        6333,       -4.07390289,     0.04676994605,       1.592951462,      0.1043343883
          0,           0,        6334,       -4.07248384,     0.04821734031,       1.602915678,      0.1093460939
          0,           0,        6335,       -4.07080589,     0.04959950695,       1.611174504,      0.1128846783
          0,           0,        6336,      -4.068651273,     0.05096138514,       1.618817548,      0.1157745738
          0,           0,        6337,       -4.06967742,     0.05540261303,       1.598725408,     0.09865262889
          0,           0,        6338,      -4.058298237,      0.0566218859,       1.601180983,      0.0974081849
          0,           0,        6339,      -4.060083051,     0.05841102949,       1.606225527,     0.09803098038
          0,           0,        6340,      -4.063690742,     0.06000578434,       1.612102945,     0.09914078099
          0,           0,        6341,      -4.059422374,     0.06137912486,       1.618217539,      0.1003230504
          0,           0,        6342,      -4.062852659,     0.06254832152,       1.624050152,      0.1012247432
          0,           0,        6343,      -4.063161954,     0.06350383791,       1.628990468,      0.1014190279
          0,           0,        6344,       -4.06431367,     0.06422917543,       1.632583155,      0.1005878482
          0,           0,        6345,      -4.063395861,     0.06472833994,       1.634497572,     0.09850931256
          0,           0,        6346,      -4.064845832,     0.06504402137,       1.634725967,     0.09519944543
          0,           0,        6347,      -4.063783142,     0.06523986939,       1.633329379,      0.0907300059
          0,           0,        6348,      -4.061272369,     0.06585198127,       1.627482896,     0.08312102437
          0,           0,        6349,      -4.059391094,     0.06639404012,       1.620461547,     0.07470464715
          0,           0,        6350,         -4.060186,     0.06669381857,       1.613658761,     0.06648255927
          0,           0,        6351,      -4.060822976,     0.06683667744,       1.607287209,     0.05862906582
          0,           0,        6352,      -4.065824615,      0.0668451431,       1.601345653,     0.05115288668
          0,           0,        6353,      -4.067319097,     0.06674306611,       1.595842529,     0.04407221268
          0,           0,        6354,      -4.068636402,     0.06657309793,       1.590836159,     0.03744215063
          0,           0,        6355,      -4.068325852,     0.06639252048,        1.58638422,     0.03132668969
          0,           0,        6356,      -4.069127578,     0.06626583658,       1.582583532,     0.02582282373
          0,           0,        6357,      -4.070561312,     0.06627401921,       1.579393824,     0.02093344017
          0,           0,        6358,      -4.068181811,     0.06648078299,       1.576744023,     0.01664136986
          0,           0,        6359,      -4.069488276,     0.06690711067,       1.574520472,     0.01289704916
          0,           0,        6360,      -4.068661778,     0.06723576585,        1.57461222,     0.01106608795
          0,           0,        6361,      -4.071419456,     0.06762827875,       1.575917293,     0.01039772678
          0,           0,        6362,      -4.070146188,     0.06821702131,       1.577203724,      0.0100446008
          0,           0,        6363,      -4.072514528,     0.06890609724,        1.57798615,    0.009669385191
          0,           0,        6364,      -4.070311195,     0.06959135603,       1.578266025,    0.009284221387
          0,           0,        6365,      -4.070367027,     0.07019901686,        1.57813722,    0.008973135221
          0,           0,        6366,      -4.067675998,      0.0707039218,       1.577615289,    0.008765100895
          0,           0,        6367,      -4.069816524,     0.07111321399,       1.577222817,    0.009058059976
          0,           0,        6368,      -4.066209471,     0.07142358182,       1.576754798,    0.009712823762
          0,           0,        6369,      -4.068373496,     0.07166815895,       1.575813561,     0.01044859476
          0,           0,        6370,      -4.072136129,     0.07189769073,       1.574229697,     0.01114465521
          0,           0,        6371,       -4.06959891,      0.0721444827,         1.5720493,     0.01183199488
          0,           0,        6372,      -4.068579097,     0.07241455251,       1.569413711,     0.01260203369
          0,           0,        6373,      -4.067628748,     0.07268580349,       1.566422931,     0.01350435601
          0,           0,        6374,      -4.062601905,     0.07292905655,       1.563105393,     0.01453393358
          0,           0,        6375,      -4.058735762,     0.07311091062,       1.559466265,     0.01566158626
          0,           0,        6376,      -4.059242708,     0.07319422826,       1.555522715,     0.01686319051
          0,           0,        6377,      -4.064179529,     0.07314069725,       1.551297847,     0.01811688491
          0,           0,        6378,      -4.060843539,      0.0729194301,       1.546854786,     0.01942527687
          0,           0,        6379,      -4.062556383,     0.07250992498,       1.542315616,     0.02083406919
          0,           0,        6380,      -4.058111138,     0.07189940044,        1.53785103,     0.02242422054
          0,           0,        6381,      -4.060104242,      0.0710769007,       1.533612531,     0.02426094949
          0,           0,        6382,      -4.060616437,     0.07003157529,       1.529671935,      0.0263530773
          0,           0,        6383,      -4.062056384,     0.06875312732,       1.525992095,     0.02862709191
          0,           0,        6384,      -4.058713578,     0.06721688006,       1.522388531,     0.03090566699
          0,           0,        6385,      -4.057764772,     0.06538329502,       1.518529504,     0.03290211752
          0,           0,        6386,      -4.057348777,     0.06321202472,       1.514046175,     0.03430509248
          0,           0,        6387,      -4.055788498,     0.06068670085,       1.508703532,     0.03491367333
          0,           0,        6388,      -4.055785059,     0.05778347525,       1.502236728,     0.03450668053
          0,           0,        6389,      -4.053866909,     0.05444272246,       1.494907569,     0.03324559955
          0,           0,        6390,      -4.055342148,      0.0508270861,       1.486790016,     0.03119541597
          0,           0,        6391,      -4.053881147,     0.04726763796,       1.477956627,     0.02844400014
          0,           0,        6392,      -4.057194743,     0.04363185303,       1.468062393,     0.02471058724
          0,           0,        6393,      -4.055052004,     0.04002633827,       1.457451284,     0.02025034124
          0,           0,        6394,      -4.056853458,     0.03682419691,       1.447161465,     0.01587370673
          0,           0,        6395,      -4.058550852,     0.03427955015,       1.438093283,     0.01226662443
          0,           0,        6396,      -4.059131681,     0.03215264265,       1.429999374,    0.009196878968
          0,           0,        6397,       -4.05723575,     0.03024843108,       1.422455994,    0.006315446747
          0,           0,        6398,      -4.059721097,     0.02857517408,       1.415301232,    0.003491391061
          0,           0,        6399,      -4.059588142,     0.02720085194,       1.408516637,   0.0007057788597
          0,           0,        6400,      -4.059929115,     0.02578325331,       1.401268285,   -0.002716829306
          0,           0,        6401,      -4.057141522,     0.02424957619,       1.393372919,   -0.006943835057
          0,           0,        6402,      -4.061022805,     0.02279506886,       1.385267785,    -0.01163946322
          0,           0,        6403,      -4.058656517,     0.02162451352,       1.377579448,    -0.01632313052
          0,           0,        6404,      -4.060561725,     0.02036982765,       1.370288503,    -0.02107723667
          0,           0,        6405,      -4.058949723,     0.01893933264,       1.363344131,    -0.02596434133
          0,           0,        6406,      -4.059047825,     0.01698029016,       1.360348024,    -0.02840213509
          0,           0,        6407,      -4.055945196,     0.01544725585,       1.358400583,    -0.03037317567
          0,           0,        6408,      -4.058810697,     0.01445882768,       1.355592411,    -0.03326208438
          0,           0,        6409,      -4.057146954,     0.01372210855,       1.351908948,    -0.03712275425
          0,           0,        6410,      -4.059578498,     0.01328396954,        1.34799101,    -0.04147324605
          0,           0,        6411,      -4.058218897,     0.01325630903,       1.344607941,    -0.04572783888
          0,           0,        6412,       -4.06019572,     0.01460702089,       1.344098381,    -0.04801304325
          0,           0,        6413,      -4.062944288,     0.01688896247,       1.345664908,    -0.04896775436
          0,           0,        6414,      -4.060358228,     0.01964167611,       1.348433336,    -0.04929203377
          0,           0,        6415,      -4.061732051,     0.02256968416,        1.35192382,    -0.04936895513
          0,           0,        6416,      -4.061171947,     0.02542381849,       1.355936267,    -0.04936563699
          0,           0,        6417,      -4.064327067,     0.02801058001,       1.360131869,    -0.04953444214
          0,           0,        6418,      -4.061399901,     0.03017631882,         1.3643138,    -0.05002109142
          0,           0,        6419,      -4.064300866,     0.02575007454,       1.408427214,    -0.02252180829
          0,           0,        6420,      -4.029343753,     0.02819937442,       1.405496254,    -0.02860239288
          0,           0,        6421,      -4.069634114,     0.03030374859,       1.407040754,    -0.03161197299
          0,           0,        6422,      -4.068159803,     0.03193029316,        1.40955346,    -0.03411292288
          0,           0,        6423,      -4.068220079,     0.03367369903,       1.412923521,    -0.03606435047
          0,           0,        6424,       -4.07089283,     0.03579022425,         1.4173621,      -0.037244042
          0,           0,        6425,      -4.068214601,     0.03823946057,       1.422958311,    -0.03756796651
          0,           0,        6426,      -4.067269655,     0.04089791038,       1.429627306,    -0.03708727476
          0,           0,        6427,      -4.065915641,     0.04364884114,       1.437219826,    -0.03590090261
          0,           0,        6428,       -4.06748485,       0.046295378,       1.445381714,    -0.03427201018
          0,           0,        6429,       -4.05840609,     0.04867991801,       1.453707537,    -0.03249897337
          0,           0,        6430,       -4.06379943,     0.05071316514,        1.46219015,    -0.03057602724
          0,           0,        6431,      -4.065751517,     0.05242125362,       1.470776951,    -0.02851587474
          0,           0,        6432,      -4.068699515,     0.05390987685,       1.479269435,    -0.02642507497
          0,           0,        6433,       -4.06851939,     0.05528226198,       1.487460319,    -0.02442139151
          0,           0,        6434,      -4.069044987,     0.05659831668,       1.495158892,    -0.02261663613
          0,           0,        6435,      -4.068419202,     0.05785948348,       1.502209602,     -0.0211025361
          0,           0,        6436,      -4.069040373,     0.05903178199,       1.508523091,    -0.01993105824
          0,           0,        6437,       -4.06873797,     0.06007475038,       1.514181557,    -0.01902979115
          0,           0,        6438,      -4.069498331,     0.06078686351,       1.519577973,    -0.01812706362
          0,           0,        6439,      -4.069169278,     0.06107789869,       1.524563507,    -0.01732781674
          0,           0,        6440,      -4.070397726,      0.0610168407,       1.528958015,    -0.01673683042
          0,           0,        6441,      -4.052239692,      0.0604918824,       1.532210902,    -0.01676059504
          0,           0,        6442,      -4.055020608,     0.05899224715,       1.535208212,    -0.01681644389
          0,           0,        6443,      -4.053903487,     0.05659577178,       1.536606141,    -0.01786755083
          0,           0,        6444,      -4.049729713,     0.05367090971,       1.535730306,    -0.02034512415
          0,           0,        6445,      -4.060806749,     0.04904376373,       1.530142437,    -0.02621307048
          0,           0,        6446,      -4.052613623,     0.04371467919,       1.522644558,    -0.03325437499
          0,           0,        6447,      -4.057748403,     0.03836463831,       1.515417341,    -0.03976360387
          0,           0,        6448,      -4.055841173,     0.03338220717,       1.509250326,    -0.04510045453
          0,           0,        6449,       -3.98393099,     0.02818756217,       1.502787677,    -0.05035166389
          0,           0,        6450,       -3.98421687,     0.02340846476,       1.496910662,    -0.05477632796
          0,           0,        6451,      -4.016745928,     0.01852135313,        1.49010989,    -0.05956399618
          0,           0,        6452,       -4.01311112,      0.0144708677,       1.484305641,    -0.06316357721
          0,           0,        6453,      -4.034139493,     0.01106289848,       1.478679254,    -0.06620866407
          0,           0,        6454,      -4.035408278,    0.008460249425,       1.472998849,    -0.06884785948
          0,           0,        6455,      -4.059672351,    0.006350076067,       1.466550834,    -0.07165719362
          0,           0,        6456,      -4.066060184,    0.004237469181,       1.458571899,    -0.07527618608
          0,           0,        6457,       -4.07361754,    0.001771522653,       1.448759939,    -0.07998291574
          0,           0,        6458,       -4.07866468,   -0.001128563449,       1.437254673,    -0.08569163442
          0,           0,        6459,      -4.080373165,   -0.004584401449,       1.423955616,    -0.09249530692
          0,           0,        6460,      -4.075853897,      0.0164125398,       1.454786583,    -0.06282872193
          0,           0,        6461,       -4.07375504,    0.008927037895,       1.431953856,    -0.07664033718
          0,           0,        6462,      -4.068545196,     0.00192287824,       1.410818463,     -0.0888235826
          0,           0,        6463,      -4.057240396,   -0.005804714596,       1.387690593,     -0.1022633043
          0,           0,        6464,      -4.055039048,    -0.01443048541,       1.361990011,     -0.1173993938
          0,           0,        6465,      -4.054323606,    -0.02371453465,       1.334074141,     -0.1339176203
          0,           0,        6466,      -4.056342899,    -0.03350496993,       1.304267916,     -0.1515509296
          0,           0,        6467,      -4.060292023,    -0.04388776138,       1.272633599,     -0.1702694728
          0,           0,        6468,      -4.058503393,    -0.05481317728,       1.239744988,     -0.1896639414
          0,           0,        6469,      -4.067054592,    -0.06596478326,       1.207032701,     -0.2086741974
          0,           0,        6470,      -4.066939069,     -0.0767962611,       1.176281341,     -0.2259648136
          0,           0,        6471,      -4.068095418,     -0.0853404347,       1.151616187,     -0.2382882299
          0,           0,        6472,      -4.068160436,    -0.09210762188,       1.132385918,     -0.2462958303
          0,           0,        6473,      -4.068492149,    -0.09709020484,       1.118754691,     -0.2499662763
          0,           0,        6474,      -4.069651072,     -0.1000831624,        1.11095653,      -0.249189281
          0,           0,        6475,      -4.073124734,     -0.1010116084,       1.108921046,     -0.2440877501
          0,           0,        6476,      -4.079106454,    -0.09995173785,       1.112321382,     -0.2349932803
          0,           0,        6477,      -4.080744369,    -0.09711059917,       1.120534239,     -0.2224639725
          0,           0,        6478,      -4.078013555,    -0.09286810353,       1.132533482,     -0.2073571225
          0,           0,        6479,      -4.078232631,    -0.08808097145,        1.14630266,     -0.1913081077
          0,           0,        6480,      -4.079809607,    -0.08328433553,        1.16033819,     -0.1755193136
          0,           0,        6481,      -4.078316227,    -0.08145020173,       1.165090546,     -0.1674450809
          0,           0,        6482,      -4.075941785,    -0.07789110906,       1.171753805,     -0.1581294557
          0,           0,        6483,      -4.079331335,    -0.07439822724,        1.17908057,     -0.1487389829
          0,           0,        6484,       -4.06517607,    -0.07069116357,       1.186930019,     -0.1392925207
          0,           0,        6485,      -4.015326481,    -0.06711619073,       1.194315233,     -0.1305047956
          0,           0,        6486,      -3.322878868,     -0.0640711729,       1.200192378,     -0.1231506903
          0,           0,        6487,      -3.568823522,    -0.06179223306,       1.204075894,     -0.1175797043
          0,           0,        6488,      -3.528246725,    -0.06192755393,       1.202880242,     -0.1162756049
          0,           0,        6489,       -4.03473797,     -0.0636202308,       1.198092753,     -0.1179913205
          0,           0,        6490,      -4.075292119,    -0.06584768799,       1.191585043,     -0.1211775121
          0,           0,        6491,      -4.080038453,    -0.06804644911,       1.184688818,     -0.1247565129
          0,           0,        6492,      -4.081161277,    -0.06992985901,       1.178167721,      -0.128105343
          0,           0,        6493,      -4.086781764,    -0.07130821692,       1.172420095,     -0.1308958267
          0,           0,        6494,      -4.090315742,    -0.07209047281,       1.167629205,     -0.1329893401
          0,           0,        6495,      -4.091961926,    -0.07261417985,       1.163236335,     -0.1348634068
          0,           0,        6496,      -4.092783259,    -0.07279969288,         1.1595003,     -0.1363313476
          0,           0,        6497,       -4.09190628,    -0.07226042943,        1.15729686,     -0.1367117718
          0,           0,        6498,      -4.090196288,    -0.07043589207,       1.157864335,     -0.1350423949
          0,           0,        6499,      -4.087994503,    -0.06723589812,       1.161932917,     -0.1308107286
          0,           0,        6500,      -4.086198941,    -0.06280022764,       1.169695188,     -0.1239285651
          0,           0,        6501,      -4.084980808,    -0.06067741561,       1.200745315,     -0.1006092673
          0,           0,        6502,      -4.082694361,    -0.05369664618,       1.212941979,     -0.0906423464
          0,           0,        6503,       -4.08378079,    -0.04594964119,       1.227493558,    -0.07912829029
          0,           0,        6504,      -4.084631466,     -0.0373738982,         1.2439463,    -0.06638758462
          0,           0,        6505,       -4.08545811,     -0.0282231456,       1.261807332,    -0.05281466946
          0,           0,        6506,      -4.086459045,     -0.0186475309,       1.281041502,    -0.03844544527
          0,           0,        6507,      -4.083029547,   -0.008755364212,       1.301188171,    -0.02361037243
          0,           0,        6508,      -4.084964274,     0.00127348277,       1.321736313,   -0.008687809931
          0,           0,        6509,      -4.083850046,     0.01668631058,       1.308245014,    -0.01807677566
          0,           0,        6510,        -4.0844063,     0.02548048048,       1.334110829,    0.000183718977
          0,           0,        6511,      -4.084635158,     0.03432406771,       1.356282062,     0.01559717633
          0,           0,        6512,      -4.066880354,     0.04274006921,       1.376923753,     0.02969011637
          0,           0,        6513,      -4.082757459,     0.05071501934,       1.396537457,     0.04283352976
          0,           0,        6514,      -4.083568498,      0.0583346641,        1.41499589,     0.05495178866
          0,           0,        6515,      -4.086933192,     0.06563760451,       1.432111626,      0.0659168073
          0,           0,        6516,      -4.080778303,      0.0723514822,       1.447842456,     0.07565597702
          0,           0,        6517,      -4.076918666,     0.07848535139,       1.461426024,     0.08360969972
          0,           0,        6518,      -4.083660201,     0.08410935459,       1.472857395,     0.08978464176
          0,           0,        6519,      -4.080447348,     0.08911451795,       1.482749903,     0.09460592884
          0,           0,        6520,      -4.080106241,     0.09339462167,       1.491144577,     0.09807556881
          0,           0,        6521,      -4.079368159,     0.09687224037,       1.498008041,       0.100145052
          0,           0,        6522,      -4.076811288,     0.09951249545,       1.503277455,      0.1007564581
          0,           0,        6523,      -4.077135899,      0.1013203147,       1.507430344,      0.1002525575
          0,           0,        6524,      -4.074386212,      0.1024862554,       1.510936428,     0.09900283374
          0,           0,        6525,      -4.074065313,      0.1031094489,       1.514177013,     0.09731129641
          0,           0,        6526,      -4.072105945,      0.1034236483,       1.517485743,     0.09547629549
          0,           0,        6527,      -4.072671071,      0.1036330985,       1.521728206,     0.09418930063
          0,           0,        6528,      -4.070436137,      0.1046895149,       1.528245983,     0.09462349417
          0,           0,        6529,      -4.063984654,      0.1064830838,       1.537139554,     0.09687895196
          0,           0,        6530,      -4.064144055,      0.1088839335,       1.547626519,      0.1004078751
          0,           0,        6531,      -4.059379677,      0.1117234076,       1.560347293,      0.1057011625
          0,           0,        6532,      -4.055434455,      0.1151215769,       1.574766444,      0.1124280301
          0,           0,        6533,      -4.057976608,      0.1190376208,       1.590829768,      0.1205930956
          0,           0,        6534,      -4.059583195,      0.1234222109,       1.607741459,      0.1296625433
          0,           0,        6535,      -4.063137318,      0.1280391159,        1.62513381,      0.1393835919
          0,           0,        6536,      -4.062346287,      0.1326416889,        1.64192016,      0.1489750211
          0,           0,        6537,      -4.062186679,      0.1368304518,       1.657088817,      0.1576822768
          0,           0,        6538,      -4.061527811,      0.1403561362,       1.669823233,      0.1648986531
          0,           0,        6539,      -3.968707694,      0.1428200387,       1.679151791,      0.1698711509
          0,           0,        6540,      -4.007190545,      0.1439465527,       1.684165909,      0.1718973095
          0,           0,        6541,      -4.037194063,      0.1434599622,       1.684205883,      0.1704433806
          0,           0,        6542,      -4.055754775,      0.1411762087,       1.678700784,       0.165045237
          0,           0,        6543,      -4.067559497,      0.1369718539,       1.667507291,      0.1555445399
          0,           0,        6544,      -4.076122803,      0.1309443303,       1.651074979,      0.1422323954
          0,           0,        6545,      -4.081814619,      0.1232706368,        1.63017739,      0.1256337749
          0,           0,        6546,      -4.082331915,      0.1143618039,       1.606162003,      0.1067107285
          0,           0,        6547,      -4.091224647,       0.104734331,       1.580733852,     0.08669248919
          0,           0,        6548,      -4.093408292,     0.09494480672,       1.555485174,     0.06672702174
          0,           0,        6549,      -4.096061005,      0.0854507953,       1.532541861,      0.0483285866
          0,           0,        6550,       -4.09406619,      0.0766936011,       1.513023634,     0.03228590706
          0,           0,        6551,      -4.095487853,     0.06903481036,       1.497314327,     0.01885237869
          0,           0,        6552,      -4.094171964,     0.06273961496,       1.485479044,    0.008054900826
          0,           0,        6553,      -4.094744803,     0.05780012067,       1.478427899,   0.0005197038046
          0,           0,        6554,      -4.093223083,     0.05422429617,       1.475936357,   -0.003932741763
          0,           0,        6555,      -4.093704936,     0.05199551846,       1.477270073,   -0.005825975692
          0,           0,        6556,      -4.093484678,     0.05102530287,       1.481589022,   -0.005751649109
          0,           0,        6557,      -4.093793162,     0.05070474402,       1.490913923,   -0.002261916556
          0,           0,        6558,       -4.09229969,     0.05081108613,        1.50456569,     0.00419381395
          0,           0,        6559,      -4.090868566,     0.05138038977,       1.519959633,     0.01181977635
          0,           0,        6560,      -4.092542119,     0.04878549966,       1.557205113,     0.03490357799
          0,           0,        6561,      -4.090979308,     0.04904807377,       1.574282537,     0.04369593039
          0,           0,        6562,      -4.089156291,     0.04965897133,       1.587826623,     0.05011994398
          0,           0,        6563,      -4.091431867,     0.05026085073,       1.596384163,     0.05316225244
          0,           0,        6564,       -4.09067964,     0.05057819591,       1.599633908,     0.05263772544
          0,           0,        6565,      -4.090974549,     0.05014360961,       1.599092518,     0.04966721135
          0,           0,        6566,      -4.073638408,     0.04880517477,        1.59488966,     0.04439002233
          0,           0,        6567,       -4.06233782,     0.04657554139,       1.586839039,     0.03671857166
          0,           0,        6568,      -4.080896649,     0.05236245493,       1.524496683,   -0.008916176004
          0,           0,        6569,      -4.082673935,     0.04745025594,       1.518641597,    -0.01422914771
          0,           0,        6570,      -4.072481162,     0.04193619337,       1.504640993,    -0.02504414554
          0,           0,        6571,      -4.070568718,     0.03623927625,        1.48756688,    -0.03761089745
          0,           0,        6572,      -4.067007618,     0.03031521466,       1.469208731,    -0.05067047904
          0,           0,        6573,       -4.06471471,     0.02414865463,       1.450279324,    -0.06375709758
          0,           0,        6574,      -4.059720267,     0.01776766055,       1.431056155,    -0.07672065708
          0,           0,        6575,      -4.057975633,      0.0110744606,       1.412514733,    -0.08892113942
          0,           0,        6576,       -4.05521786,     0.00410947563,       1.394833883,     -0.1002755637
          0,           0,        6577,      -4.054833365,    -0.00302408152,        1.37795519,     -0.1108594237
          0,           0,        6578,      -4.052183447,    -0.01018635583,       1.361542751,     -0.1209430426
          0,           0,        6579,      -4.046804171,    -0.01761059499,       1.347623775,     -0.1291172783
          0,           0,        6580,      -3.909803342,    -0.02493776135,       1.335149843,     -0.1361266368
          0,           0,        6581,      -3.811672718,     -0.0318257341,       1.322720992,     -0.1429625104
          0,           0,        6582,      -3.721369322,    -0.03806723352,       1.309806486,     -0.1499927661
          0,           0,        6583,       -3.83872685,    -0.04369935924,       1.297282554,     -0.1565813244
          0,           0,        6584,      -3.975916219,    -0.04871935099,       1.285582464,     -0.1624017079
          0,           0,        6585,      -4.007441881,     -0.0529403245,       1.273949673,     -0.1679614051
          0,           0,        6586,      -4.015661766,    -0.05697881096,       1.266181232,      -0.170546419
          0,           0,        6587,      -4.014461013,    -0.06031469342,        1.25957064,     -0.1720247505
          0,           0,        6588,      -4.009622543,    -0.06260110216,       1.252732391,     -0.1733239388
          0,           0,        6589,      -4.009029366,    -0.06377004705,       1.246025837,     -0.1741375269
          0,           0,        6590,      -4.004268299,    -0.06383236123,       1.240778501,     -0.1734709341
          0,           0,        6591,      -4.010060993,    -0.06394408122,       1.244451705,     -0.1660192456
          0,           0,        6592,      -4.006071014,    -0.06276800008,       1.250637947,     -0.1562689322
          0,           0,        6593,      -4.020412208,    -0.06011051908,       1.258532046,     -0.1447848108
          0,           0,        6594,      -4.022064353,    -0.05608280739,       1.268409952,     -0.1313977499
          0,           0,        6595,      -4.028165452,    -0.05077355915,       1.280667745,     -0.1158647403
          0,           0,        6596,      -4.038972455,    -0.04436569167,       1.295666928,    -0.09799492521
          0,           0,        6597,       -4.04403197,    -0.03711153548,       1.313491212,    -0.07781389511
          0,           0,        6598,      -4.048396051,    -0.02931161695,       1.333853806,     -0.0556341718
          0,           0,        6599,      -4.050142322,     -0.0212543612,       1.356040986,    -0.03208420074
          0,           0,        6600,      -4.042073004,    -0.01321749592,       1.379092619,   -0.007968709287
          0,           0,        6601,      -4.049543518,   -0.005440842779,       1.401939726,     0.01584279061
          0,           0,        6602,      -4.047681229,    0.001911179312,       1.423702827,     0.03863004965
          0,           0,        6603,      -4.045492664,    0.008774401109,       1.443876776,     0.05995920399
          0,           0,        6604,      -4.044012156,     0.01513203759,       1.462147597,     0.07955404037
          0,           0,        6605,      -3.516153671,     0.02104283803,       1.478411567,     0.09730578583
          0,           0,        6606,      -3.873315548,     0.02661192832,       1.492776585,      0.1132731148
          0,           0,        6607,      -4.039340551,     0.03194719222,       1.505163984,      0.1273840999
          0,           0,        6608,       -4.04081773,     0.03597500308,       1.526135638,      0.1471700075
          0,           0,        6609,      -4.048578109,     0.04032948345,       1.544035091,      0.1643481366
          0,           0,        6610,      -4.055797924,     0.04486147073,       1.556175967,      0.1769380407
          0,           0,        6611,      -4.058394836,     0.04930441031,       1.563469125,      0.1855822821
          0,           0,        6612,      -4.060418048,     0.05350281306,       1.567146864,      0.1911850688
          0,           0,        6613,      -4.062276932,     0.05729297085,        1.56820949,       0.194489188
          0,           0,        6614,      -4.063425167,      0.0605451058,       1.567110486,      0.1958476513
          0,           0,        6615,       -4.06424946,     0.06312817144,       1.564439096,      0.1957202599
          0,           0,        6616,      -4.065603011,     0.06502716744,        1.56038959,      0.1943085171
          0,           0,        6617,      -4.066079806,     0.06635286908,       1.555051768,      0.1917354788
          0,           0,        6618,      -4.066202606,     0.06728820738,       1.548610088,      0.1881904882
          0,           0,        6619,       -4.06650702,     0.06471126986,       1.559222845,      0.1964828311
          0,           0,        6620,      -4.067675865,     0.06569051185,       1.552786281,      0.1926997769
          0,           0,        6621,      -4.069791502,     0.06677906449,       1.546838831,       0.189139728
          0,           0,        6622,      -4.059934972,     0.06834395989,       1.541901878,      0.1862044497
          0,           0,        6623,      -4.071095586,     0.07040791317,       1.538097687,      0.1839363203
          0,           0,        6624,      -4.071427166,     0.07296542518,       1.535625012,      0.1824143264
          0,           0,        6625,      -4.069726692,     0.07598427692,       1.534637234,      0.1816749154
          0,           0,        6626,      -4.068703485,     0.07941851019,       1.535154002,      0.1816575024
          0,           0,        6627,      -4.068115844,      0.0832012156,       1.537035088,      0.1821813578
          0,           0,        6628,      -4.067388491,     0.08726885976,       1.540014967,      0.1829813627
          0,           0,        6629,      -4.066370352,     0.09154817845,        1.54374862,      0.1837440441
          0,           0,        6630,      -4.066381351,     0.09601953087,       1.548084304,      0.1843179831
          0,           0,        6631,      -4.064338958,      0.1005342037,       1.552451318,      0.1842431265
          0,           0,        6632,      -4.065670111,      0.1050340523,       1.556726392,      0.1834175646
          0,           0,        6633,      -4.067200654,      0.1094779504,       1.560866807,      0.1818067241
          0,           0,        6634,      -4.068296535,      0.1137994243,       1.564939578,      0.1794905546
          0,           0,        6635,      -4.069931346,      0.1179296726,       1.568962669,      0.1765302402
          0,           0,        6636,      -4.071759577,      0.1218076646,       1.572805506,      0.1728931551
          0,           0,        6637,      -4.072726251,      0.1253523271,       1.576292562,      0.1685227706
          0,           0,        6638,      -4.073840241,      0.1284655197,       1.579124689,      0.1632768975
          0,           0,        6639,      -4.074653091,      0.1310298178,       1.580974819,      0.1569953164
          0,           0,        6640,      -4.075394494,       0.132924606,       1.581454049,      0.1494790548
          0,           0,        6641,      -4.076470446,      0.1340533151,       1.580232606,      0.1405772761
          0,           0,        6642,      -4.077530686,      0.1343574529,       1.577062234,      0.1302014839
          0,           0,        6643,      -4.078437206,      0.1338253832,       1.571831956,      0.1183672359
          0,           0,        6644,       -4.07788336,      0.1325090297,       1.564641364,      0.1052451211
          0,           0,        6645,      -4.077581953,      0.1304757308,        1.55578172,     0.09114016305
          0,           0,        6646,      -4.075545091,      0.1278290113,       1.545639797,     0.07642124462
          0,           0,        6647,       -4.07429313,      0.1246993922,       1.534372412,     0.06128111096
          0,           0,        6648,      -4.073126456,      0.1211909121,       1.522021066,     0.04579724829
          0,           0,        6649,      -4.072833792,      0.1173507067,       1.508616378,     0.03003667151
          0,           0,        6650,      -4.072166339,      0.1129581703,       1.495824123,     0.01521151793
          0,           0,        6651,      -4.073526778,       0.108175769,       1.483184211,    0.001026018406
          0,           0,        6652,      -4.074757452,      0.1032224681,       1.469991194,     -0.0129961577
          0,           0,        6653,      -4.079071301,     0.09818362455,       1.456177002,    -0.02689993786
          0,           0,        6654,       -4.08046904,     0.09318224686,       1.442124105,    -0.04040701344
          0,           0,        6655,      -4.080322956,     0.08839433102,        1.42853703,    -0.05300991663
          0,           0,        6656,      -4.077263764,     0.08401951914,       1.416211654,    -0.06414542431
          0,           0,        6657,      -4.076895781,     0.08025539988,       1.405884611,    -0.07330465922
          0,           0,        6658,      -4.077904828,     0.07726120172,       1.398074625,       -0.08014903
          0,           0,        6659,       -4.07921816,     0.07513291964,         1.3930111,    -0.08456370391
          0,           0,        6660,       -4.07950506,     0.07386946473,       1.390627052,    -0.08666468522
          0,           0,        6661,      -4.078867286,     0.07291911677,       1.399291836,    -0.08049160801
          0,           0,        6662,      -4.076235155,     0.07280844414,       1.410242966,    -0.07241915757
          0,           0,        6663,      -4.087606096,      0.0734299567,       1.421940019,     -0.0636232465
          0,           0,        6664,      -4.088724046,     0.07449221735,       1.434188995,    -0.05433133004
          0,           0,        6665,      -4.084350577,      0.0757817992,       1.446396755,    -0.04503710126
          0,           0,        6666,      -4.080275042,     0.07600928843,        1.46643695,    -0.03019525897
          0,           0,        6667,      -4.079625599,     0.07690156631,       1.483522992,    -0.01744518827
          0,           0,        6668,      -4.066145301,     0.07777106758,       1.496963231,   -0.007392173741
          0,           0,        6669,      -4.069026817,     0.07856392076,        1.50716608,   0.0002587309582
          0,           0,        6670,      -4.066314479,     0.07925347997,       1.515021923,    0.006164890089
          0,           0,        6671,      -4.063830814,     0.07982747734,       1.521411074,     0.01098382192
          0,           0,        6672,      -4.060350172,     0.08028510926,       1.527162671,     0.01534620918
          0,           0,        6673,      -4.057442415,     0.08063854233,       1.532548712,     0.01948466244
          0,           0,        6674,      -4.055765794,     0.08087831576,       1.537538688,     0.02340883654
          0,           0,        6675,      -4.053772658,     0.08099398942,       1.541953532,     0.02701873711
          0,           0,        6676,      -4.053200771,     0.08096616696,       1.545475732,     0.03011531569
          0,           0,        6677,      -4.052455315,       0.080778663,       1.547784868,     0.03249425384
          0,           0,        6678,      -4.050771368,     0.08042983556,       1.548687678,     0.03403968083
          0,           0,        6679,        -4.0494336,     0.07993567998,       1.548135221,     0.03474078565
          0,           0,        6680,      -4.026867583,     0.07931090985,       1.546268285,     0.03472303068
          0,           0,        6681,      -4.044692377,     0.07859008243,       1.543373924,     0.03421195945
          0,           0,        6682,      -4.044086098,     0.07784262135,       1.539824054,     0.03348783232
          0,           0,        6683,      -4.048991252,     0.07714559735,       1.535921237,     0.03277602447
          0,           0,        6684,      -4.050483008,     0.07657250335,       1.531967464,     0.03229487555
          0,           0,        6685,      -4.043842372,     0.07618669723,       1.528349318,     0.03231145208
          0,           0,        6686,      -4.051544975,     0.07602215045,       1.525367602,     0.03301993725
          0,           0,        6687,      -4.052584973,      0.0760777679,       1.523331765,     0.03461307016
          0,           0,        6688,      -4.020375887,     0.07632283248,        1.52247017,     0.03721878128
          0,           0,        6689,      -4.054024537,     0.07672619329,       1.522873714,     0.04085980951
          0,           0,        6690,      -4.049480711,     0.07717651272,       1.524958005,     0.04578065585
          0,           0,        6691,      -4.058195945,      0.0776366186,       1.528587397,     0.05183348927
          0,           0,        6692,      -4.055530929,     0.07812844266,       1.533222589,     0.05858689847
          0,           0,        6693,      -4.059822923,      0.0786416135,       1.538375901,     0.06564253815
          0,           0,        6694,      -4.059167354,     0.07914482508,       1.543802376,     0.07277897124
          0,           0,        6695,      -4.062452547,     0.07960194973,       1.549384996,     0.07987097546
          0,           0,        6696,      -4.062875946,     0.07999106248,       1.555097991,     0.08686257847
          0,           0,        6697,      -4.064336663,     0.08029965491,       1.560971536,     0.09374061988
          0,           0,        6698,      -4.065656558,     0.08051996737,       1.567016637,      0.1004818323
          0,           0,        6699,      -4.066457252,     0.08066747174,       1.573072037,      0.1069503073
          0,           0,        6700,      -4.067170819,     0.08077062793,       1.578783952,      0.1128810587
          0,           0,        6701,      -4.049815477,     0.08087138234,       1.583751424,       0.117981385
          0,           0,        6702,      -4.066586679,     0.08100097826,       1.587592296,      0.1219754675
          0,           0,        6703,      -4.066468626,     0.08116449019,       1.590060707,      0.1246896858
          0,           0,        6704,      -4.067350268,     0.08134222598,       1.591044014,      0.1260537095
          0,           0,        6705,      -4.067141342,      0.0814975932,       1.590553421,      0.1260902814
          0,           0,        6706,      -4.068835014,     0.08158498226,       1.588634913,      0.1248464514
          0,           0,        6707,      -4.070472971,     0.08155453841,        1.58534151,      0.1223773325
          0,           0,        6708,      -4.072227541,      0.0813574246,       1.580750648,      0.1187579041
          0,           0,        6709,      -4.072750125,     0.08094160098,       1.574897357,      0.1140358767
          0,           0,        6710,      -4.073674263,     0.08026008806,       1.567815762,      0.1082593421
          0,           0,        6711,      -4.074535703,     0.07927583949,       1.559583844,      0.1015072681
          0,           0,        6712,      -4.076095334,     0.07795595569,       1.550298345,     0.09387192311
          0,           0,        6713,       -4.07607449,     0.07627371502,       1.540098479,     0.08547448949
          0,           0,        6714,      -4.075954921,     0.07420374169,       1.529188147,     0.07648310943
          0,           0,        6715,      -4.076690604,     0.07171299151,       1.517842441,     0.06711369351
          0,           0,        6716,      -4.077596216,     0.06873542345,       1.506463951,     0.05766781147
          0,           0,        6717,      -4.078499241,      0.0652692537,       1.495241883,     0.04830193091
          0,           0,        6718,      -4.079902781,     0.06137730873,       1.484127046,     0.03901048171
          0,           0,        6719,      -4.080195633,     0.05713666055,        1.47293155,     0.02968474811
          0,           0,        6720,       -4.08056237,     0.05264175463,       1.461575613,     0.02029637331
          0,           0,        6721,      -4.081234305,     0.04801038797,       1.450128993,     0.01092682493
          0,           0,        6722,       -4.08367983,     0.04337732989,       1.438789504,    0.001753161692
          0,           0,        6723,      -4.085335201,     0.03889137652,       1.427882365,   -0.006959084656
          0,           0,        6724,      -4.086104255,     0.03470890471,       1.417784791,    -0.01491145436
          0,           0,        6725,      -4.086846996,     0.03099572411,       1.408874998,    -0.02180309647
          0,           0,        6726,        -4.0869598,     0.02790317832,       1.401468951,    -0.02739087771
          0,           0,        6727,       -4.08744902,     0.02552971034,       1.395861965,    -0.03145411113
          0,           0,        6728,      -4.087357343,     0.02387041652,       1.392539562,    -0.03364776888
          0,           0,        6729,      -4.086635957,     0.02286749002,       1.391862995,    -0.03372987815
          0,           0,        6730,      -4.087927085,     0.02246029632,       1.393778716,    -0.03175796762
          0,           0,        6731,      -4.088254498,     0.02259230547,       1.397857356,    -0.02806028407
          0,           0,        6732,      -4.088718497,     0.02321917546,       1.403417081,    -0.02314263491
          0,           0,        6733,      -4.089051029,     0.02429888803,        1.40964263,    -0.01760207221
          0,           0,        6734,      -4.089764116,      0.0257610662,       1.415761016,    -0.01200438922
          0,           0,        6735,       -4.09018925,     0.02748866582,        1.42109454,   -0.006847017769
          0,           0,        6736,      -4.090139001,     0.02933748063,       1.425138957,   -0.002505266116
          0,           0,        6737,      -4.089342603,       0.031150913,        1.42752411,   0.0007461481963
          0,           0,        6738,      -4.090298028,     0.03278790028,       1.428028855,    0.002744597338
          0,           0,        6739,      -4.090905561,     0.03413783501,       1.426572749,    0.003428236709
          0,           0,        6740,      -4.091011028,     0.03512389537,       1.423239238,    0.002860925703
          0,           0,        6741,      -4.090547904,     0.03563291367,       1.418437815,     0.00133864334
          0,           0,        6742,      -4.090818718,     0.03560306733,       1.412651531,   -0.000786446617
          0,           0,        6743,      -4.092281771,     0.03507101717,       1.406139166,   -0.003317985649
          0,           0,        6744,      -4.094050893,     0.03415027477,        1.39902435,   -0.006151898188
          0,           0,        6745,      -4.094650709,     0.03297969206,       1.391476248,    -0.00915271009
          0,           0,        6746,       -4.09552624,     0.03172189301,       1.383889477,    -0.01202477368
          0,           0,        6747,      -4.095108402,     0.03055957386,       1.376814412,    -0.01436533015
          0,           0,        6748,      -4.096705312,     0.02970591012,       1.370830133,    -0.01575618084
          0,           0,        6749,       -4.09793376,     0.02936816571,       1.366519292,    -0.01578506842
          0,           0,        6750,      -4.098156774,     0.02966781552,       1.364517168,    -0.01402085598
          0,           0,        6751,      -4.098479602,     0.03067186658,        1.36518493,    -0.01024272144
          0,           0,        6752,      -4.099764116,     0.03239906864,       1.368567669,   -0.004459525223
          0,           0,        6753,       -4.10040722,     0.03481092841,       1.374348308,    0.003052466461
          0,           0,        6754,      -4.101345708,     0.03770551773,       1.382502674,     0.01221147362
          0,           0,        6755,      -4.101461426,     0.04090538977,       1.392611491,     0.02265772018
          0,           0,        6756,      -4.101479883,     0.04426068493,       1.404093148,     0.03392325762
          0,           0,        6757,      -4.101412585,     0.04766441854,       1.416210913,     0.04543516184
          0,           0,        6758,      -4.101822058,      0.0510903326,       1.427961902,     0.05644112727
          0,           0,        6759,      -4.102355857,     0.05452287175,       1.438494565,     0.06630470961
          0,           0,        6760,       -4.10269683,     0.05790970184,       1.447338027,     0.07466167141
          0,           0,        6761,      -4.101809231,      0.0611753576,       1.454348808,     0.08138641362
          0,           0,        6762,      -4.101268591,     0.06423616335,       1.459576686,     0.08649636952
          0,           0,        6763,       -4.10130251,     0.06701203409,       1.463182681,     0.09009111979
          0,           0,        6764,      -4.101609373,     0.06943930141,       1.465389625,     0.09231933217
          0,           0,        6765,      -4.102552062,     0.07151850166,       1.466523396,     0.09341775291
          0,           0,        6766,      -4.102351718,     0.07255534759,       1.470942639,     0.09645996553
          0,           0,        6767,      -4.100835584,     0.07312870146,       1.476529193,     0.09997068659
          0,           0,        6768,       -4.10174156,     0.07382698688,       1.481415003,      0.1026577698
          0,           0,        6769,      -4.101295439,     0.07465611247,       1.485327469,      0.1043126844
          0,           0,        6770,      -4.101734748,     0.07559306748,       1.488473744,      0.1050753731
          0,           0,        6771,      -4.101689965,     0.07658491526,       1.491062653,      0.1050865298
          0,           0,        6772,      -4.102753295,     0.07752665772,       1.493223076,      0.1044268486
          0,           0,        6773,      -4.102609553,      0.0782850333,       1.494944078,      0.1030735226
          0,           0,        6774,      -4.103299109,     0.07874789643,       1.496094674,      0.1009247429
          0,           0,        6775,        -4.1030094,      0.0788504801,       1.496516979,     0.09787266131
          0,           0,        6776,      -4.102933575,     0.07858469001,       1.496161755,     0.09389250963
          0,           0,        6777,      -4.103070736,     0.07799283137,       1.495123793,     0.08907958742
          0,           0,        6778,      -4.103136645,     0.07714954226,       1.493654704,      0.0836427306
          0,           0,        6779,      -4.103128857,     0.07612923332,       1.492174972,     0.07791882525
          0,           0,        6780,      -4.103903638,     0.07500037878,       1.491130441,     0.07225972664
          0,           0,        6781,      -4.103327085,     0.07384707001,        1.49079056,     0.06689263797
          0,           0,        6782,       -4.10400199,     0.07274665315,       1.491267781,      0.0619329015
          0,           0,        6783,      -4.103595076,     0.07173681645,       1.492667336,     0.05748738836
          0,           0,        6784,      -4.104342149,     0.07082459592,       1.495072042,     0.05364568403
          0,           0,        6785,      -4.104111386,     0.07002479833,       1.498441533,     0.05041021049
          0,           0,        6786,        -4.1012289,     0.06935631193,        1.50258977,     0.04768451473
          0,           0,        6787,      -4.100968486,     0.06884674133,       1.507287107,      0.0453415821
          0,           0,        6788,      -4.101700095,     0.06850255804,        1.51229155,     0.04324312111
          0,           0,        6789,      -4.099789393,     0.06829686252,       1.517333355,     0.04122933151
          0,           0,        6790,      -4.101076225,     0.06817635604,       1.522212429,     0.03918915408
          0,           0,        6791,      -4.097843862,     0.06804734783,        1.52684192,      0.0370895451
          0,           0,        6792,        -4.0909125,     0.06778449204,        1.53127509,     0.03499482295
          0,           0,        6793,      -4.089010258,     0.06732645966,       1.535304416,     0.03278661567
          0,           0,        6794,      -4.070658545,     0.06665060116,       1.538682835,      0.0303198655
          0,           0,        6795,      -4.050225022,     0.06574752898,       1.541279458,     0.02753374101
          0,           0,        6796,      -4.073223676,     0.06465216822,        1.54312769,     0.02448685365
          0,           0,        6797,      -4.084520825,     0.06348571186,       1.544229935,     0.02121715782
          0,           0,        6798,       -4.08161896,     0.06237849189,       1.545031115,     0.01807445032
          0,           0,        6799,      -4.076592295,     0.06151137706,       1.545967547,     0.01539827113
          0,           0,        6800,      -4.078582486,     0.06110042237,        1.54750148,     0.01354228607
          0,           0,        6801,      -4.073966403,     0.06121570611,       1.550791703,     0.01334145128
          0,           0,        6802,      -4.077493601,     0.06200420402,       1.556158132,     0.01502669611
          0,           0,        6803,      -4.049965146,     0.06327750026,       1.565734188,     0.02010821817
          0,           0,        6804,      -4.075940008,     0.06533969062,       1.577786067,     0.02734382407
          0,           0,        6805,      -4.033712702,      0.0682773119,       1.590913008,     0.03570855089
          0,           0,        6806,      -4.020906873,     0.07196979718,       1.604186371,     0.04450319258
          0,           0,        6807,      -4.062844769,     0.07626240481,        1.61715705,     0.05338282896
          0,           0,        6808,      -3.981349041,      0.0809254296,       1.629893111,     0.06238042959
          0,           0,        6809,      -4.005337187,      0.0832695972,       1.669525735,     0.09099539492
          0,           0,        6810,      -4.053360937,     0.08890374878,       1.680527297,     0.09942480182
          0,           0,        6811,      -4.056568091,     0.09334341203,       1.690391608,      0.1071605114
          0,           0,        6812,      -4.061367066,     0.09755805968,       1.698105041,        0.11364707
          0,           0,        6813,       -4.06784165,       0.101334348,       1.703416132,       0.118694431
          0,           0,        6814,      -3.998060509,      0.1043078923,       1.710026043,      0.1249825955
          0,           0,        6815,      -3.874445123,      0.1066877472,       1.713741602,      0.1294872851
          0,           0,        6816,      -3.950265194,      0.1083692559,       1.714479917,      0.1321426336
          0,           0,        6817,      -4.067478721,        0.10934892,        1.71291727,      0.1334491939
          0,           0,        6818,      -4.085034778,      0.1096976206,       1.709738296,      0.1339178216
          0,           0,        6819,      -4.086532098,      0.1094911334,       1.705538209,      0.1339857536
          0,           0,        6820,      -4.090163074,      0.1088097951,       1.700636074,      0.1338799116
          0,           0,        6821,      -4.088984939,      0.1077511205,       1.695014096,      0.1335761656
          0,           0,        6822,      -4.090800766,      0.1064005344,       1.688635664,      0.1330291734
          0,           0,        6823,      -4.088534334,      0.1048220721,       1.681449485,      0.1321706868
          0,           0,        6824,      -4.088857993,      0.1030591119,       1.673466453,      0.1309731094
          0,           0,        6825,       -4.08339234,      0.1011454024,       1.664696289,      0.1294023647
          0,           0,        6826,      -4.083471762,     0.09911270755,       1.655229348,      0.1274807323
          0,           0,        6827,      -4.084407236,     0.09697924307,       1.645392858,      0.1254009975
          0,           0,        6828,      -4.087421981,     0.09479430099,       1.635384088,      0.1232651482
          0,           0,        6829,      -4.083313688,     0.09250122684,       1.626358242,      0.1218615474
          0,           0,        6830,      -4.086285759,     0.09019766347,         1.6182196,      0.1210876096
          0,           0,        6831,      -4.078282554,     0.08772442653,       1.612795849,      0.1222151077
          0,           0,        6832,       -4.08622562,     0.08533522881,       1.608453935,      0.1240441425
          0,           0,        6833,      -4.086637161,       0.083204285,       1.603737257,      0.1255025119
          0,           0,        6834,      -4.092136566,     0.08138157324,       1.597834918,      0.1259749814
          0,           0,        6835,      -4.094914898,      0.0783193008,       1.602208544,      0.1335979005
          0,           0,        6836,      -4.094665423,     0.07603461894,       1.601165045,       0.137160706
          0,           0,        6837,      -4.095988098,     0.07417147104,       1.595157145,      0.1369289056
          0,           0,        6838,      -4.093849414,     0.07254368054,       1.585874234,      0.1341068849
          0,           0,        6839,      -4.094939265,     0.07100733462,       1.574428819,      0.1294833642
          0,           0,        6840,      -4.089277317,     0.06945110997,        1.56172491,      0.1236994573
          0,           0,        6841,      -4.087107654,     0.06777514131,       1.548458879,      0.1172508872
          0,           0,        6842,      -3.961157371,     0.06580103311,       1.535192001,      0.1105215152
          0,           0,        6843,      -3.936590488,     0.06349708968,        1.52246941,      0.1039034915
          0,           0,        6844,      -3.925436349,     0.06082016782,        1.51030734,     0.09740256656
          0,           0,        6845,      -3.949571016,     0.05730774996,        1.50055384,     0.09231074854
          0,           0,        6846,      -4.002978034,     0.05301051852,       1.491271667,     0.08723231125
          0,           0,        6847,      -3.979713565,     0.04802436783,       1.479661287,     0.08015718598
          0,           0,        6848,       -3.89613236,     0.04206963644,       1.463797079,      0.0696727307
          0,           0,        6849,      -3.884857148,     0.03439066269,       1.445260747,     0.05687964352
          0,           0,        6850,      -3.791068564,      0.0247496056,       1.421681219,     0.04007777012
          0,           0,        6851,      -3.872856553,     0.01275482186,       1.391670359,     0.01828335596
          0,           0,        6852,        -3.8116419,   -0.001806471754,        1.35360684,   -0.009621284335
          0,           0,        6853,      -3.642837496,    -0.01973849353,        1.31249566,    -0.03999151173
          0,           0,        6854,      -3.627168099,    -0.03996959425,       1.264470645,    -0.07542121613
          0,           0,        6855,      -3.796504718,    -0.06154383621,       1.209604209,       -0.11567337
          0,           0,        6856,      -3.690022206,     -0.0834817085,       1.150728973,     -0.1585311859
          0,           0,        6857,      -3.815589559,     -0.1125409195,        1.13990656,      -0.166945554
          0,           0,        6858,      -3.835038733,     -0.1320054961,       1.080476732,     -0.2092627349
          0,           0,        6859,      -3.845508762,     -0.1488996704,       1.029083719,     -0.2451698055
          0,           0,        6860,      -3.927464316,     -0.1626484351,      0.9851644247,     -0.2751199651
          0,           0,        6861,      -3.870851227,     -0.1729868188,      0.9497748217,     -0.2984217176
          0,           0,        6862,      -3.812396789,      -0.179998693,      0.9234286789,     -0.3148214185
          0,           0,        6863,      -3.902962879,     -0.1838242134,      0.9060302062,     -0.3244947155
          0,           0,        6864,      -3.930839816,     -0.1846818606,      0.8969821577,     -0.3279838372
          0,           0,        6865,      -4.003858049,     -0.1829114981,       0.895309017,     -0.3260817978
          0,           0,        6866,      -4.042381082,     -0.1788653826,      0.8999182173,     -0.3196408217
          0,           0,        6867,      -4.051148879,     -0.1733655711,      0.9124347088,     -0.3075806117
          0,           0,        6868,       -4.05319862,      -0.166496762,      0.9308776528,     -0.2913386625
          0,           0,        6869,      -4.062490535,     -0.1581541802,      0.9527129048,     -0.2727355723
          0,           0,        6870,      -4.065867879,     -0.1484825005,      0.9763550476,     -0.2529072883
          0,           0,        6871,      -4.066657077,     -0.1377239189,        1.00121801,     -0.2322992219
          0,           0,        6872,      -4.067243797,     -0.1262033367,       1.026578454,     -0.2114539975
          0,           0,        6873,      -4.065900204,     -0.1143353849,       1.052155326,     -0.1906161037
          0,           0,        6874,      -3.864768952,     -0.1025857762,       1.077553836,     -0.1701004349
          0,           0,        6875,      -3.928326096,    -0.09149973533,       1.102826453,     -0.1499062578
          0,           0,        6876,      -4.032562987,    -0.08143478895,       1.126585797,      -0.131052378
          0,           0,        6877,      -4.040115754,    -0.07238241632,       1.147971512,     -0.1141113548
          0,           0,        6878,      -4.048865461,    -0.06711623452,       1.181516568,    -0.08881534751
          0,           0,        6879,       -4.05468848,    -0.06040558402,       1.200264304,     -0.0740760535
          0,           0,        6880,      -4.063159599,    -0.05602369177,       1.224951661,    -0.05527687346
          0,           0,        6881,      -4.066809661,    -0.05052913499,       1.240975623,    -0.04259417644
          0,           0,        6882,      -4.070569492,    -0.04452495109,       1.253996792,    -0.03199591795
          0,           0,        6883,      -4.071376229,    -0.03786798147,       1.265666589,    -0.02225685341
          0,           0,        6884,      -4.074860261,    -0.03077411488,       1.278811796,    -0.01135068315
          0,           0,        6885,      -4.073657005,    -0.02302975588,       1.292549328,   8.944856662e-05
          0,           0,        6886,      -4.067409574,    -0.01462425521,       1.306666426,     0.01189134846
          0,           0,        6887,      -4.078064887,   -0.005587517455,       1.320697582,     0.02370252926
          0,           0,        6888,      -4.075592329,    0.003667181222,       1.335569436,     0.03612766269
          0,           0,        6889,      -4.071643006,     0.01104733173,       1.361685288,     0.05645162571
          0,           0,        6890,      -4.068673287,     0.01784978539,       1.391575486,     0.07939169457
          0,           0,        6891,      -4.069081494,     0.02476886507,       1.419062812,      0.1005352101
          0,           0,        6892,       -4.07813606,     0.03228631772,       1.441434332,      0.1179872939
          0,           0,        6893,      -4.072718218,     0.04034617009,       1.458741436,      0.1317938265
          0,           0,        6894,      -4.079674541,     0.04874362894,       1.472170739,       0.142804378
          0,           0,        6895,        -4.0744295,     0.05726293991,       1.482887357,      0.1518414935
          0,           0,        6896,      -4.074561318,     0.06567640269,       1.491783201,       0.159525651
          0,           0,        6897,      -4.077139766,     0.07383094079,       1.499490309,      0.1663017757
          0,           0,        6898,      -4.079571208,     0.08164933747,       1.506423304,       0.172456071
          0,           0,        6899,      -4.076150988,     0.08910527798,       1.512780499,      0.1781150163
          0,           0,        6900,      -4.077967219,     0.09619025657,       1.518668304,      0.1833344025
          0,           0,        6901,      -4.078034761,      0.1029041754,       1.524104319,      0.1880949421
          0,           0,        6902,       -4.08428955,      0.1092727763,        1.52905468,      0.1923322633
          0,           0,        6903,      -4.081817537,      0.1153326218,       1.533469863,       0.195962803
          0,           0,        6904,      -4.076201908,      0.1211135049,       1.537364635,      0.1989407453
          0,           0,        6905,      -4.083259033,      0.1266394042,        1.54081917,      0.2012590425
          0,           0,        6906,      -4.082453623,      0.1319110999,       1.544105164,      0.2030359553
          0,           0,        6907,      -4.086948084,      0.1369314599,       1.547486985,      0.2043764598
          0,           0,        6908,      -4.089179162,      0.1416900102,        1.55135635,      0.2054799181
          0,           0,        6909,      -4.086270962,      0.1461941919,       1.555968645,      0.2064612771
          0,           0,        6910,      -4.087236066,      0.1504764397,       1.561345751,      0.2072913896
          0,           0,        6911,      -4.084620556,      0.1545586564,       1.567469192,      0.2079223584
          0,           0,        6912,      -4.083936503,      0.1584193527,       1.574344923,      0.2083637524
          0,           0,        6913,      -4.086082238,      0.1620216297,       1.582022188,      0.2086879586
          0,           0,        6914,       -4.08398138,      0.1653329688,       1.590513422,       0.208962067
          0,           0,        6915,      -4.090565496,      0.1683339892,       1.599728994,      0.2092066067
          0,           0,        6916,      -4.088331876,      0.1709976851,        1.60956458,      0.2094545298
          0,           0,        6917,      -4.088430819,      0.1732999359,       1.619913528,      0.2097504272
          0,           0,        6918,      -4.089368519,      0.1752273154,       1.630647014,      0.2101470357
          0,           0,        6919,      -4.091099789,      0.1767644378,       1.641560737,      0.2106488104
          0,           0,        6920,      -4.091754807,      0.1778951549,       1.652511954,      0.2113098983
          0,           0,        6921,      -4.091115214,      0.1786399814,        1.66321195,      0.2120662438
          0,           0,        6922,       -4.09215634,      0.1788303398,       1.674469325,      0.2136223122
          0,           0,        6923,      -4.091870015,      0.1786211883,       1.685370869,      0.2154498109
          0,           0,        6924,      -4.092074619,      0.1780470593,       1.695797829,      0.2175589425
          0,           0,        6925,      -4.093387084,      0.1771654051,       1.705408362,      0.2197654818
          0,           0,        6926,      -4.088771593,      0.1760280248,       1.714254966,      0.2221356846
          0,           0,        6927,      -4.090188988,      0.1746681556,       1.722694595,      0.2249141945
          0,           0,        6928,       -4.07596035,      0.1732095885,       1.730958341,       0.228230481
          0,           0,        6929,       -4.08641376,      0.1716567407,       1.740238352,      0.2328650333
          0,           0,        6930,      -4.085498584,      0.1702725467,       1.749998207,      0.2383386907
          0,           0,        6931,      -4.087074591,      0.1692418717,       1.759387803,      0.2439096161
          0,           0,        6932,      -4.088150092,      0.1686217731,        1.76772936,      0.2489268492
          0,           0,        6933,      -4.090456275,      0.1681005696,       1.777806984,      0.2552072743
          0,           0,        6934,      -4.091267211,      0.1678662138,       1.788421475,      0.2617262706
          0,           0,        6935,      -4.092278491,      0.1680755873,       1.797899639,      0.2671139543
          0,           0,        6936,      -4.091741489,      0.1687549773,       1.805627662,      0.2707789548
          0,           0,        6937,      -4.090840223,      0.1692387384,       1.817662481,      0.2769467072
          0,           0,        6938,      -4.081438938,      0.1698994245,       1.830232238,      0.2828346278
          0,           0,        6939,      -4.079710741,      0.1708626055,       1.841176855,      0.2868404809
          0,           0,        6940,      -4.079347603,      0.1720923299,       1.849737179,      0.2884054289
          0,           0,        6941,      -4.078307062,      0.1735030355,       1.855958243,      0.2875823737
          0,           0,        6942,      -4.074727441,      0.1750017542,       1.859895181,      0.2844566989
          0,           0,        6943,      -4.070961001,      0.1765172804,       1.861921728,      0.2793850259
          0,           0,        6944,      -4.048836617,      0.1778915629,       1.862548613,      0.2728369609
          0,           0,        6945,      -4.058528555,      0.1788787294,       1.862306493,      0.2652980955
          0,           0,        6946,      -4.055121293,      0.1793813749,       1.861570622,      0.2571767834
          0,           0,        6947,      -4.051145316,      0.1793339135,       1.860633212,      0.2488324302
          0,           0,        6948,      -4.046435685,       0.178772857,       1.859294422,      0.2402696567
          0,           0,        6949,      -4.041400293,      0.1778004526,       1.857128655,      0.2313316538
          0,           0,        6950,       -4.03756863,      0.1765091995,         1.8538175,      0.2219213199
          0,           0,        6951,      -4.034305546,      0.1749535559,       1.849261504,      0.2120868688
          0,           0,        6952,      -4.033281053,      0.1731527184,        1.84350453,      0.2019488771
          0,           0,        6953,      -4.031896279,      0.1707922565,        1.83862467,      0.1930486272
          0,           0,        6954,      -4.031338645,      0.1679772906,       1.834145556,      0.1850902629
          0,           0,        6955,      -4.033651851,      0.1649711957,        1.82864804,      0.1770998911
          0,           0,        6956,      -4.036601406,      0.1618685526,       1.821350891,      0.1685216751
          0,           0,        6957,      -4.038910389,      0.1586733894,       1.812112633,      0.1592376414
          0,           0,        6958,      -4.041338809,      0.1553503242,       1.801189208,      0.1493994693
          0,           0,        6959,      -4.045776049,      0.1517145844,       1.789809652,      0.1398354552
          0,           0,        6960,      -4.047391288,      0.1476917816,       1.778649142,      0.1309769945
          0,           0,        6961,      -4.049727138,      0.1434217521,       1.767341075,      0.1225188041
          0,           0,        6962,      -4.051472144,      0.1390378395,       1.755432168,      0.1140895202
          0,           0,        6963,      -4.052433823,      0.1346179309,       1.742547212,      0.1053682989
          0,           0,        6964,      -4.054726874,      0.1302449294,       1.728662927,     0.09629649423
          0,           0,        6965,      -4.054364131,      0.1259853172,       1.713781498,     0.08683053699
          0,           0,        6966,      -4.058148411,      0.1218876027,       1.697941812,     0.07696023796
          0,           0,        6967,      -4.058672116,      0.1179350569,       1.681506981,     0.06690790877
          0,           0,        6968,      -4.060978014,       0.114066974,       1.665004913,     0.05701274965
          0,           0,        6969,      -4.059623452,       0.110232686,       1.648861093,     0.04755422178
          0,           0,        6970,      -4.062150679,      0.1063880248,       1.633224814,     0.03861590586
          0,           0,        6971,      -4.062927752,      0.1025490783,       1.618085541,      0.0301836199
          0,           0,        6972,      -4.063805739,     0.09871072593,       1.603302212,     0.02215018718
          0,           0,        6973,      -4.054724071,     0.09488063597,       1.588659587,     0.01435482676
          0,           0,        6974,      -4.060619112,     0.09108232881,       1.573996292,    0.006685382045
          0,           0,        6975,      -4.063468366,     0.08733006372,       1.559284832,  -0.0008723413686
          0,           0,        6976,      -4.064593317,     0.08362466441,       1.544597538,   -0.008255855573
          0,           0,        6977,      -4.064615023,     0.07995569056,       1.530069598,    -0.01536115334
          0,           0,        6978,      -4.064696013,     0.07630397343,       1.515869104,    -0.02205872051
          0,           0,        6979,      -4.064919869,     0.07262701981,       1.502243267,    -0.02816461293
          0,           0,        6980,      -4.065586252,     0.06888157163,       1.489377697,    -0.03354143816
          0,           0,        6981,      -4.064615896,     0.06504837582,       1.477288739,    -0.03817615819
          0,           0,        6982,      -4.064661087,     0.06113721804,       1.465826188,    -0.04217624377
          0,           0,        6983,      -4.063951442,     0.05717054572,       1.454779925,    -0.04569665925
          0,           0,        6984,      -4.066590438,     0.05315847666,       1.444041875,    -0.04882260534
          0,           0,        6985,      -4.068042042,     0.04910703148,       1.433544842,    -0.05161130833
          0,           0,        6986,        -4.0697863,     0.04498433606,       1.423556403,     -0.0538818805
          0,           0,        6987,      -4.069265876,     0.04079349975,       1.414171407,    -0.05557917477
          0,           0,        6988,       -4.06965258,     0.03659038851,       1.405245809,    -0.05682048586
          0,           0,        6989,      -4.066769189,     0.03243884748,       1.396405415,     -0.0578923465
          0,           0,        6990,       -4.06481835,     0.02836314691,       1.387313732,    -0.05906171108
          0,           0,        6991,      -4.070682671,     0.02431203479,       1.377749857,    -0.06052015061
          0,           0,        6992,      -4.074700467,     0.02019015447,       1.367585363,    -0.06239651779
          0,           0,        6993,      -4.078446137,     0.01587423082,       1.356696552,     -0.0648179027
          0,           0,        6994,      -4.082242233,     0.01124931828,       1.344920595,    -0.06793800532
          0,           0,        6995,       -4.08385747,    0.006232120587,       1.332084738,    -0.07190913262
          0,           0,        6996,       -4.08985686,   0.0007894673888,       1.318102656,    -0.07681239357
          0,           0,        6997,      -4.091725757,   -0.005086710421,        1.30321131,    -0.08248668758
          0,           0,        6998,       -4.08922225,    -0.01133377514,       1.287750865,    -0.08868758477
          0,           0,        6999,      -4.094744473,    -0.01782745206,       1.272085507,    -0.09514226107
          0,           0,        7000,      -4.095450174,    -0.02441563214,       1.256534731,      -0.101609639
          0,           0,        7001,      -4.097472844,    -0.03095720119,       1.241380658,     -0.1078761391
          0,           0,        7002,      -4.098914802,    -0.03752448144,       1.227776336,     -0.1131258464
          0,           0,        7003,       -4.09726323,    -0.04418910541,       1.215513132,     -0.1175358607
          0,           0,        7004,       -4.01779873,    -0.05099692777,       1.203234594,     -0.1221121525
          0,           0,        7005,      -4.022714206,    -0.05829307687,       1.190315049,     -0.1273606824
          0,           0,        7006,      -4.037710939,    -0.06630379802,       1.175046326,     -0.1345432912
          0,           0,        7007,        -4.0535327,    -0.07543110957,       1.157096706,     -0.1439249375
          0,           0,        7008,      -4.068652048,     -0.0890287443,       1.155705847,     -0.1418864628
          0,           0,        7009,      -4.078626807,     -0.1003704109,       1.129614279,     -0.1575971414
          0,           0,        7010,      -4.091981855,     -0.1119365587,       1.103090852,     -0.1736528956
          0,           0,        7011,       -4.09698479,      -0.123213206,       1.076120463,     -0.1900076519
          0,           0,        7012,      -4.098149981,     -0.1334960172,       1.050428052,     -0.2053265874
          0,           0,        7013,      -4.098364508,     -0.1421381738,       1.027602518,     -0.2183999404
          0,           0,        7014,      -4.097452874,     -0.1486870426,       1.008470402,     -0.2286048042
          0,           0,        7015,      -4.095109832,     -0.1529699361,      0.9938514125,     -0.2353676567
          0,           0,        7016,      -4.095143083,     -0.1550368051,      0.9841862273,     -0.2384244678
          0,           0,        7017,      -4.095798248,      -0.155022627,      0.9795550657,     -0.2377780211
          0,           0,        7018,       -4.09734758,     -0.1531464414,      0.9797873579,     -0.2336264333
          0,           0,        7019,      -4.097915292,     -0.1496009106,      0.9844213126,     -0.2263725753
          0,           0,        7020,      -4.099038196,     -0.1445971922,      0.9929141426,     -0.2164719689
          0,           0,        7021,      -4.098351653,     -0.1384840313,       1.004986034,     -0.2041927592
          0,           0,        7022,      -4.099258909,     -0.1315604984,       1.020502789,     -0.1896851191
          0,           0,        7023,      -4.099534589,     -0.1239730487,       1.038791839,     -0.1734713676
          0,           0,        7024,      -4.100249716,     -0.1158780248,       1.058966968,     -0.1562221826
          0,           0,        7025,      -4.090763911,     -0.1076433735,       1.081215413,      -0.137845629
          0,           0,        7026,      -4.100031903,     -0.0993507559,       1.104344192,     -0.1192092565
          0,           0,        7027,      -4.102557823,    -0.09317914588,       1.139756239,    -0.09227146123
          0,           0,        7028,      -4.103083468,    -0.08536215539,       1.165708807,    -0.07236610248
          0,           0,        7029,      -4.102252889,    -0.07782530975,       1.189175984,    -0.05466102536
          0,           0,        7030,       -4.10131877,    -0.07066050626,       1.212931486,    -0.03711096418
          0,           0,        7031,      -4.102496503,    -0.06344238394,        1.23392971,    -0.02185571612
          0,           0,        7032,      -4.102713753,    -0.05537626669,       1.246638424,    -0.01281005279
          0,           0,        7033,      -4.100920425,    -0.04732428899,       1.256459999,   -0.006132585868
          0,           0,        7034,      -4.098422954,    -0.03942132935,       1.264804253,  -0.0007929664196
          0,           0,        7035,      -4.099487931,    -0.03177780455,       1.272382925,    0.003725645568
          0,           0,        7036,      -4.101825558,    -0.02444876552,        1.27971386,    0.007804518274
          0,           0,        7037,      -4.094903686,    -0.01751667512,       1.287489541,     0.01194306015
          0,           0,        7038,      -4.096548176,    -0.01099337524,       1.295861873,     0.01625256675
          0,           0,        7039,      -4.094387623,   -0.004808603444,       1.304521222,     0.02051935038
          0,           0,        7040,      -4.095836644,    0.001076570751,       1.313087709,     0.02447314358
          0,           0,        7041,       -4.08595155,    0.006443928368,       1.322515097,     0.02878057298
          0,           0,        7042,      -4.087666965,     0.01135619217,       1.332287021,     0.03307524786
          0,           0,        7043,      -4.088590242,     0.01599374088,       1.341442803,     0.03668757343
          0,           0,        7044,      -4.091351336,     0.02042014905,       1.349641599,     0.03938579802
          0,           0,        7045,      -4.093353182,     0.02468179904,        1.35692158,     0.04121340543
          0,           0,        7046,      -4.090153413,     0.02882005113,       1.363604962,     0.04241956568
          0,           0,        7047,      -4.093114465,     0.03288453039,       1.369978723,     0.04322953784
          0,           0,        7048,      -4.090010244,     0.03688194839,        1.37659457,     0.04405202369
          0,           0,        7049,       -4.08877345,     0.04085746396,       1.383681399,     0.04506953499
          0,           0,        7050,      -4.086173527,     0.04485196619,       1.391482285,     0.04646748082
          0,           0,        7051,      -4.091939642,     0.04742390401,        1.41041074,     0.05566320459
          0,           0,        7052,      -4.095074437,     0.05142396623,       1.422542113,     0.05996318162
          0,           0,        7053,      -4.082663354,     0.05558094899,       1.433312539,     0.06316387677
          0,           0,        7054,       -4.09534276,     0.06008703395,       1.443491517,     0.06586744951
          0,           0,        7055,      -4.095485038,     0.06487306476,       1.453183327,     0.06814725033
          0,           0,        7056,      -4.098941541,     0.06973227941,       1.463391441,     0.07072299494
          0,           0,        7057,      -4.098606497,     0.07457363294,       1.474325306,     0.07374371317
          0,           0,        7058,      -4.100781277,     0.07939893966,       1.485210053,     0.07665741528
          0,           0,        7059,      -4.100841679,     0.08368180772,       1.499359926,     0.08182987867
          0,           0,        7060,      -4.099671644,     0.08778248168,       1.513092943,      0.0866377893
          0,           0,        7061,      -4.100083787,     0.09160036312,       1.525572304,     0.09047383892
          0,           0,        7062,      -4.100134708,     0.09507468436,       1.536126168,     0.09285582557
          0,           0,        7063,      -4.103086088,     0.09828486299,       1.543562229,     0.09294161481
          0,           0,        7064,      -4.101216304,      0.1012062297,       1.548043192,     0.09086206819
          0,           0,        7065,      -4.071875647,      0.1037851977,       1.550269912,     0.08713534831
          0,           0,        7066,      -4.080876488,      0.1059668819,       1.550926172,     0.08226632115
          0,           0,        7067,      -4.068177979,      0.1077162779,       1.550503318,     0.07662748797
          0,           0,        7068,      -4.076019071,       0.108834663,       1.549213626,     0.07036218016
          0,           0,        7069,      -4.064878879,      0.1092492411,       1.547066232,      0.0634987159
          0,           0,        7070,      -4.072096563,      0.1088879293,       1.543961291,      0.0559812886
          0,           0,        7071,       -4.06326544,      0.1076867597,       1.539737719,     0.04772598624
          0,           0,        7072,      -4.070994278,      0.1056178205,        1.53428508,     0.03869564148
          0,           0,        7073,      -4.063695354,      0.1026931659,       1.527558472,     0.02891936087
          0,           0,        7074,      -4.071478032,     0.09896618922,       1.519607373,     0.01850055801
          0,           0,        7075,       -4.06460658,      0.0945447873,       1.510612447,    0.007643708609
          0,           0,        7076,       -4.07154893,     0.08958326868,       1.500857006,     -0.0033667013
          0,           0,        7077,      -4.064794929,     0.08426301252,       1.490610387,    -0.01426302772
          0,           0,        7078,      -4.070927557,     0.07877724047,        1.48032932,    -0.02464142484
          0,           0,        7079,      -4.064614188,     0.07714388997,       1.447661966,     -0.0502305825
          0,           0,        7080,      -4.068220964,     0.07159628336,       1.440685958,    -0.05698020541
          0,           0,        7081,      -4.061226249,     0.06620891355,       1.431132861,    -0.06497605346
          0,           0,        7082,       -4.06728835,     0.06129473944,       1.420962036,    -0.07273932624
          0,           0,        7083,      -4.061847245,      0.0568569259,       1.411075688,    -0.07962830508
          0,           0,        7084,      -4.066712919,     0.05286790711,       1.401855571,    -0.08539924315
          0,           0,        7085,      -4.057874912,     0.04929736293,       1.393452452,     -0.0899926603
          0,           0,        7086,      -4.059511582,     0.04609615478,       1.385822722,    -0.09350275252
          0,           0,        7087,      -4.045351386,     0.04320156617,       1.378778392,    -0.09613754785
          0,           0,        7088,      -4.048905416,      0.0405158891,       1.371992307,    -0.09821121726
          0,           0,        7089,      -4.043753983,     0.03788666857,       1.365195023,     -0.1000021185
          0,           0,        7090,      -4.050061089,     0.03514968627,       1.358114665,     -0.1017899253
          0,           0,        7091,      -4.031481013,     0.03211603505,       1.350664851,     -0.1037156096
          0,           0,        7092,      -4.013488428,     0.02860860162,       1.342622179,     -0.1060121463
          0,           0,        7093,      -3.994929956,     0.02444979371,       1.333484584,     -0.1090991882
          0,           0,        7094,      -3.990384977,      0.0194308153,          1.322551,     -0.1135309042
          0,           0,        7095,      -3.982112879,     0.01328750786,       1.308918034,     -0.1199986221
          0,           0,        7096,      -3.986850481,    0.005808905304,       1.291797065,     -0.1290794958
          0,           0,        7097,       -3.98957901,   -0.003103110963,       1.270773523,      -0.141050404
          0,           0,        7098,      -3.996737638,    -0.01334974311,       1.246145099,     -0.1556371164
          0,           0,        7099,      -4.002877333,    -0.02458422505,       1.218968699,     -0.1719935052
          0,           0,        7100,      -4.014621535,    -0.03626604714,       1.190804511,     -0.1888954462
          0,           0,        7101,      -4.016441688,    -0.04774079909,       1.163527876,     -0.2049042777
          0,           0,        7102,      -4.020441934,     -0.0583299523,        1.13896468,     -0.2186282524
          0,           0,        7103,      -4.012650784,    -0.06743805033,       1.118586819,     -0.2289612091
          0,           0,        7104,      -4.008195056,    -0.07464866015,        1.10325223,     -0.2352669922
          0,           0,        7105,       -3.99429485,    -0.07972882218,       1.093289376,     -0.2373184702
          0,           0,        7106,      -3.998135462,     -0.0826642905,       1.088457199,     -0.2353209904
          0,           0,        7107,      -3.992414349,    -0.08356403972,        1.08828423,     -0.2296555096
          0,           0,        7108,      -3.982479617,     -0.0826305433,       1.092151632,     -0.2208189142
          0,           0,        7109,      -3.991401059,    -0.08017976239,       1.099231849,       -0.20945493
          0,           0,        7110,      -3.992038082,    -0.07649526961,        1.10884815,     -0.1961040491
          0,           0,        7111,      -3.995036752,    -0.07185741193,       1.120372818,     -0.1812703138
          0,           0,        7112,      -3.994803329,    -0.06650055633,       1.133320333,     -0.1653466835
          0,           0,        7113,      -3.988688484,    -0.06062338164,       1.147285135,     -0.1486705549
          0,           0,        7114,      -4.001730643,    -0.05438927901,       1.161918859,     -0.1315369181
          0,           0,        7115,      -4.002016244,    -0.04791364317,       1.176962852,     -0.1141767212
          0,           0,        7116,      -4.004793731,    -0.04128451501,       1.192198344,    -0.09679295099
          0,           0,        7117,      -4.005953762,    -0.03457612174,       1.207423497,    -0.07956852552
          0,           0,        7118,      -4.013063329,    -0.02786319665,       1.222399865,    -0.06271016999
          0,           0,        7119,      -4.009722358,    -0.02121280232,       1.236884935,    -0.04642436367
          0,           0,        7120,      -4.014068929,     -0.0147011658,       1.250766992,    -0.03082368017
          0,           0,        7121,      -4.013052258,   -0.008410452869,       1.263886423,    -0.01605266882
          0,           0,        7122,      -4.021429333,   -0.002394990796,       1.276031811,    -0.00229542999
          0,           0,        7123,       -4.02165106,    0.003303184727,       1.287041374,     0.01029195833
          0,           0,        7124,      -4.027822992,    0.008643325228,       1.296854631,       0.021634362
          0,           0,        7125,       -4.02623786,     0.01358246741,       1.305483086,     0.03170702381
          0,           0,        7126,        -4.0339547,     0.01811478129,        1.31306087,      0.0405801929
          0,           0,        7127,      -4.030266564,     0.02225699907,       1.319733138,     0.04833608267
          0,           0,        7128,      -4.036201811,     0.02605028321,       1.325623885,     0.05504899007
          0,           0,        7129,      -4.030089028,     0.02957396772,       1.330696343,     0.06068960981
          0,           0,        7130,      -4.032820549,      0.0329237763,       1.335027122,     0.06532270777
          0,           0,        7131,      -4.027093234,     0.03619903019,       1.338850773,     0.06913356662
          0,           0,        7132,      -4.031600079,     0.03951365152,       1.342471117,      0.0723578847
          0,           0,        7133,      -4.025159759,     0.04298046044,       1.346140422,     0.07519938256
          0,           0,        7134,      -4.028852393,     0.04669324836,       1.349994028,     0.07777717839
          0,           0,        7135,      -4.021801085,     0.05070118205,       1.354099042,     0.08015730035
          0,           0,        7136,      -4.025409514,     0.05500091571,       1.358406234,     0.08231901595
          0,           0,        7137,      -4.019019677,     0.05954331268,       1.362793932,     0.08419136245
          0,           0,        7138,      -4.023246901,     0.06425001047,       1.367107597,     0.08568169104
          0,           0,        7139,      -4.018173506,     0.06901391519,       1.371175772,     0.08669076132
          0,           0,        7140,      -4.026208727,     0.07374049299,       1.374908876,     0.08718195578
          0,           0,        7141,      -4.021503968,     0.07835420803,       1.378304529,     0.08718119561
          0,           0,        7142,      -4.027659994,     0.08280515156,       1.381323086,      0.0866948808
          0,           0,        7143,        -4.0246052,     0.08706139734,       1.384001765,     0.08578846057
          0,           0,        7144,      -4.032485463,     0.09110338544,       1.386491327,     0.08460019262
          0,           0,        7145,      -4.027046502,     0.09493233399,       1.388990533,     0.08329362146
          0,           0,        7146,      -4.033527748,     0.09856354958,       1.391681413,     0.08200980757
          0,           0,        7147,      -4.028753752,      0.1020117292,       1.394660058,     0.08081633112
          0,           0,        7148,      -4.034449662,      0.1052961528,       1.397811399,     0.07962622803
          0,           0,        7149,      -4.030631493,      0.1084106887,       1.400972264,     0.07830247088
          0,           0,        7150,      -4.039827013,      0.1113234043,       1.404062272,     0.07675765157
          0,           0,        7151,      -4.034116608,      0.1139913498,       1.407024033,     0.07491170208
          0,           0,        7152,      -4.042125129,      0.1163678262,       1.409754512,     0.07266904115
          0,           0,        7153,      -4.035098839,      0.1184022669,       1.412145731,     0.06991485783
          0,           0,        7154,      -4.043266925,      0.1200617755,       1.414113574,     0.06654914523
          0,           0,        7155,      -4.035753138,      0.1213262996,       1.415533006,     0.06246418318
          0,           0,        7156,      -4.044065591,      0.1222031752,       1.416449839,     0.05769807978
          0,           0,        7157,      -4.035964482,      0.1227116734,       1.416915971,     0.05231015464
          0,           0,        7158,      -4.044434664,      0.1228857125,       1.417026397,     0.04640818822
          0,           0,        7159,      -4.036081924,      0.1227721065,       1.416935276,      0.0401548342
          0,           0,        7160,      -4.045535382,      0.1224145174,       1.416798269,     0.03372941906
          0,           0,        7161,       -4.03714525,      0.1218438018,       1.416738349,       0.027295763
          0,           0,        7162,      -4.046339062,      0.1210653513,       1.417346614,     0.02137057337
          0,           0,        7163,      -4.038692379,      0.1201149383,        1.41894936,     0.01628089201
          0,           0,        7164,      -4.047556492,      0.1190535355,        1.42132509,     0.01196004274
          0,           0,        7165,      -4.037079953,      0.1179349266,       1.424059538,    0.008205126557
          0,           0,        7166,      -4.046249064,      0.1168029573,       1.426855374,     0.00488903207
          0,           0,        7167,      -4.035800547,      0.1157130857,       1.429683225,    0.002061936953
          0,           0,        7168,       -4.04511775,      0.1147168378,       1.432658564,  -0.0001320272382
          0,           0,        7169,      -4.034308977,      0.1138448346,       1.435896326,   -0.001571205398
          0,           0,        7170,       -4.04496525,      0.1131278233,       1.439496956,   -0.002167026805
          0,           0,        7171,      -4.034508711,      0.1125791089,       1.443491658,   -0.001908806675
          0,           0,        7172,      -4.044286664,      0.1122015119,       1.447812649,  -0.0008753608966
          0,           0,        7173,      -4.033823662,       0.111983115,       1.452277796,   0.0007487646177
          0,           0,        7174,      -4.043155302,      0.1119019498,       1.456658409,    0.002727354629
          0,           0,        7175,      -4.032051513,      0.1119212884,        1.46071936,    0.004801771544
          0,           0,        7176,      -4.041780547,      0.1120093366,       1.464313297,    0.006769713837
          0,           0,        7177,       -4.03090868,      0.1121332258,       1.467392332,    0.008497974787
          0,           0,        7178,      -4.040732627,      0.1122640995,       1.469972932,    0.009899462304
          0,           0,        7179,      -4.029416945,      0.1123566083,       1.472280918,     0.01103914943
          0,           0,        7180,      -4.038419754,      0.1124114161,       1.474425951,     0.01191405323
          0,           0,        7181,      -4.026666751,      0.1124772506,       1.476381161,     0.01244154739
          0,           0,        7182,       -4.03572729,      0.1125958908,         1.4781473,     0.01257218259
          0,           0,        7183,      -4.023165183,      0.1127794845,       1.479835218,     0.01235237036
          0,           0,        7184,      -4.030989001,      0.1119763519,        1.48707799,     0.01572498331
          0,           0,        7185,      -4.017480039,      0.1121850356,       1.490869931,     0.01640444288
          0,           0,        7186,      -4.024575113,      0.1123595403,       1.493954546,     0.01625194841
          0,           0,        7187,      -4.010858417,      0.1126192295,       1.496959307,     0.01577896139
          0,           0,        7188,      -4.017346754,      0.1128943487,       1.499941343,     0.01506005487
          0,           0,        7189,      -4.003783262,      0.1128891643,       1.504001161,     0.01490843744
          0,           0,        7190,      -4.009200109,      0.1127637705,       1.507952798,     0.01454591506
          0,           0,        7191,      -3.998563389,      0.1125465066,       1.511290788,     0.01367383919
          0,           0,        7192,      -4.003487843,      0.1121517131,       1.514024772,     0.01235980441
          0,           0,        7193,      -3.991797498,      0.1115283936,       1.516225117,     0.01071475601
          0,           0,        7194,      -3.999952979,      0.1106474587,       1.517924963,    0.008820975122
          0,           0,        7195,      -3.987628591,      0.1094959194,       1.519120708,     0.00673453358
          0,           0,        7196,      -3.995297451,      0.1080274009,       1.520032378,    0.004661888894
          0,           0,        7197,       -3.98536699,      0.1062677551,       1.520560596,    0.002575109732
          0,           0,        7198,      -3.994276989,      0.1042502932,       1.520592318,   0.0004283757243
          0,           0,        7199,      -3.985817323,      0.1019959764,       1.520055277,   -0.001808757578
          0,           0,        7200,      -3.995443191,     0.09950844577,       1.518921063,   -0.004145039886
          0,           0,        7201,      -3.987216152,     0.09678028483,       1.517161034,   -0.006599541949
          0,           0,        7202,      -3.995831324,      0.0938205196,       1.514704343,   -0.009227371416
          0,           0,        7203,      -3.988687039,     0.09061457231,        1.51159904,    -0.01201126995
          0,           0,        7204,      -3.999342946,     0.08721644979,       1.507645938,    -0.01511136978
          0,           0,        7205,      -3.993124384,     0.08345418237,       1.503854107,    -0.01784038339
          0,           0,        7206,      -4.002257955,     0.07957487744,       1.499479621,    -0.02073547254
          0,           0,        7207,      -3.993684986,      0.0758563105,       1.493952705,    -0.02420679218
          0,           0,        7208,      -4.001318901,     0.07240907415,       1.487455773,    -0.02814196005
          0,           0,        7209,      -3.994261257,     0.06910549442,       1.481127284,    -0.03176281771
          0,           0,        7210,      -4.001147327,     0.06598896008,       1.475140076,    -0.03497291818
          0,           0,        7211,      -3.979532078,     0.06312710219,       1.469414414,    -0.03785764388
          0,           0,        7212,      -3.997185832,     0.05950755844,       1.468432081,    -0.03732071046
          0,           0,        7213,      -3.991735122,     0.05660336533,       1.465484657,    -0.03807567598
          0,           0,        7214,      -3.999499138,     0.05406807924,       1.461552073,    -0.03947870564
          0,           0,        7215,      -3.992317445,     0.05178418491,        1.45717983,    -0.04115870097
          0,           0,        7216,      -3.999176439,     0.04945853183,       1.453719577,    -0.04217394912
          0,           0,        7217,      -3.991701049,     0.04709413803,       1.451035822,    -0.04262501249
          0,           0,        7218,       -3.99813162,     0.04479579872,       1.448509864,    -0.04294584774
          0,           0,        7219,      -3.989199352,     0.04226929878,       1.447406788,    -0.04224726737
          0,           0,        7220,       -3.99692023,     0.03977518942,       1.446354179,    -0.04148200049
          0,           0,        7221,      -3.991003272,     0.03741106062,       1.444659331,    -0.04112699212
          0,           0,        7222,      -3.997282925,     0.03517842689,       1.442280483,    -0.04119871588
          0,           0,        7223,      -3.991140764,     0.03284701595,        1.44054945,    -0.04073924233
          0,           0,        7224,      -3.996980245,     0.03051728848,       1.439053208,    -0.04001969717
          0,           0,        7225,      -3.990958215,     0.02831762131,       1.437143917,    -0.03948047062
          0,           0,        7226,        -3.9959807,     0.02628816204,       1.434609938,    -0.03925942633
          0,           0,        7227,       -3.99069596,     0.02440697108,       1.431629518,    -0.03921678313
          0,           0,        7228,      -3.996205558,     0.02264938479,       1.428417124,    -0.03919032022
          0,           0,        7229,      -3.990683275,     0.02101165551,       1.425061047,    -0.03910894757
          0,           0,        7230,       -3.99575912,     0.01949941527,       1.421577691,    -0.03895468869
          0,           0,        7231,      -3.991401305,     0.01809824499,       1.418111758,    -0.03861672841
          0,           0,        7232,      -3.996564031,     0.01679882716,       1.414814724,    -0.03798545076
          0,           0,        7233,      -3.991952501,     0.01559373559,       1.411764793,    -0.03701080732
          0,           0,        7234,      -3.996450591,     0.01448583022,         1.4089408,    -0.03571822888
          0,           0,        7235,      -3.993264261,     0.01347842115,       1.406323612,    -0.03413598268
          0,           0,        7236,      -3.998026414,     0.01257911863,       1.403850024,    -0.03232589229
          0,           0,        7237,      -3.994024166,     0.01178449502,       1.401518166,    -0.03031023614
          0,           0,        7238,       -3.99696429,      0.0110877495,       1.399298663,    -0.02813061758
          0,           0,        7239,      -3.993799753,    0.008659169264,       1.407414031,    -0.01859616355
          0,           0,        7240,      -3.997723511,    0.007656742937,       1.408871982,    -0.01369074014
          0,           0,        7241,      -3.993176602,    0.006835517136,       1.408389778,    -0.01017357934
          0,           0,        7242,      -3.997056047,     0.00635682423,       1.406767092,   -0.007455543821
          0,           0,        7243,      -3.992935445,    0.006178512927,       1.404168803,   -0.005445174571
          0,           0,        7244,      -3.996928076,     0.00625483555,       1.400743506,   -0.004062663211
          0,           0,        7245,      -3.989531832,    0.005388288827,       1.403112159,     0.00133865375
          0,           0,        7246,      -3.994019886,    0.004949220572,       1.403839274,    0.005503155282
          0,           0,        7247,       -3.99293448,    0.004956441664,       1.402343855,    0.007992387696
          0,           0,        7248,      -3.997140762,     0.00526162634,       1.399546633,    0.009444411035
          0,           0,        7249,      -3.993510059,    0.005804109012,        1.39589767,      0.0101692815
          0,           0,        7250,      -3.996586623,    0.006557359497,       1.391519335,     0.01024562853
          0,           0,        7251,       -3.99271235,    0.007495706756,       1.386499912,    0.009727934831
          0,           0,        7252,      -3.995933874,     0.00855134797,       1.380994499,    0.008715429651
          0,           0,        7253,      -3.993572506,    0.009678792392,       1.375257207,    0.007384419742
          0,           0,        7254,      -3.995813818,     0.01078891237,       1.369841399,    0.006124373627
          0,           0,        7255,      -3.991451824,     0.01181661136,        1.36522219,    0.005268789461
          0,           0,        7256,      -3.994801258,     0.01277387307,        1.36153353,    0.004912999658
          0,           0,        7257,      -3.992646298,     0.01599329437,       1.346290832,    -0.00373395859
          0,           0,        7258,      -3.993953693,     0.01738971377,       1.340066742,   -0.006234917962
          0,           0,        7259,      -3.992962805,     0.01889117647,       1.336918698,   -0.006650730671
          0,           0,        7260,      -3.983937488,     0.02028243317,       1.335155769,   -0.006262478736
          0,           0,        7261,      -3.990979719,     0.02163351611,       1.334330183,   -0.005394891619
          0,           0,        7262,      -3.995472101,     0.02298006723,       1.334424133,   -0.004061551828
          0,           0,        7263,      -3.991471476,     0.02432314422,       1.335462558,   -0.002251010261
          0,           0,        7264,      -3.997013157,     0.02566595829,       1.337363503,  -2.914230686e-05
          0,           0,        7265,      -3.992731701,     0.02702611983,       1.339896531,    0.002433069748
          0,           0,        7266,      -3.997295546,     0.02832940493,       1.343357457,    0.005338338767
          0,           0,        7267,      -3.992653607,     0.02959754746,       1.347564871,    0.008553226811
          0,           0,        7268,      -3.996377172,     0.03092477672,       1.351932721,     0.01166365919
          0,           0,        7269,       -3.99395314,     0.03231457046,       1.356262718,     0.01452586472
          0,           0,        7270,      -3.992892082,     0.03372164199,       1.360717619,      0.0172539802
          0,           0,        7271,      -3.995102411,     0.03518454002,       1.365156771,      0.0197520928
          0,           0,        7272,       -3.99392571,     0.03454735857,       1.386361163,     0.03398710116
          0,           0,        7273,      -3.994789312,      0.0362543631,       1.389759865,     0.03530984065
          0,           0,        7274,      -3.998118493,     0.03814692438,       1.392905288,     0.03625481587
          0,           0,        7275,      -3.995689494,     0.04016885166,       1.395505424,     0.03660072406
          0,           0,        7276,      -3.997876894,     0.04225197048,       1.397712277,     0.03645169591
          0,           0,        7277,      -3.993612782,     0.04435626479,       1.399892741,     0.03607165544
          0,           0,        7278,       -3.99711272,      0.0464092956,        1.40300151,      0.0361564716
          0,           0,        7279,      -3.991904056,      0.0484259937,        1.40708709,     0.03675478206
          0,           0,        7280,      -3.997990722,     0.05044200797,       1.411762104,     0.03759505404
          0,           0,        7281,      -3.992851379,     0.05247374248,       1.416657912,      0.0384098496
          0,           0,        7282,      -3.996475016,     0.05364973069,       1.430455978,     0.04543258766
          0,           0,        7283,      -3.992671544,     0.05540596773,        1.43982279,     0.04911545592
          0,           0,        7284,      -3.996841784,     0.05720702617,       1.446750935,     0.05083969468
          0,           0,        7285,      -3.997067315,     0.05904500548,       1.452654294,     0.05165077221
          0,           0,        7286,      -3.997013253,     0.06091311381,       1.458004533,     0.05190440047
          0,           0,        7287,      -3.996412985,     0.06218487111,       1.469350003,     0.05631398647
          0,           0,        7288,      -3.998208205,     0.06359263076,       1.479456822,      0.0597050051
          0,           0,        7289,      -3.998648545,     0.06513197041,       1.487359059,     0.06138166762
          0,           0,        7290,      -3.999898785,     0.06644440592,       1.497472605,      0.0645404701
          0,           0,        7291,      -3.996276044,     0.06779176314,        1.50743663,     0.06750693228
          0,           0,        7292,       -3.99908872,     0.06933360262,       1.515361502,      0.0689404857
          0,           0,        7293,      -3.997365802,     0.07111655381,       1.520963899,     0.06866140155
          0,           0,        7294,      -3.997096488,     0.07305590847,       1.525464348,     0.06757133051
          0,           0,        7295,      -3.997996058,     0.07292189765,       1.544740484,     0.07698300863
          0,           0,        7296,      -3.998481066,     0.07396839611,       1.555726163,     0.08051603091
          0,           0,        7297,      -3.997162157,     0.07522764653,       1.562887649,     0.08131427804
          0,           0,        7298,      -3.997871552,     0.07661012195,       1.568566909,     0.08109805922
          0,           0,        7299,      -3.996542118,     0.07804137047,       1.573203919,     0.08019889821
          0,           0,        7300,      -3.998217314,     0.07940560001,       1.577555317,     0.07917118906
          0,           0,        7301,       -3.99796608,     0.08725589133,       1.527005473,     0.03909166784
          0,           0,        7302,      -3.983748228,     0.08870380756,       1.533020425,     0.03952952124
          0,           0,        7303,      -3.986538067,      0.0898761307,       1.535988584,     0.03783078037
          0,           0,        7304,      -3.991077183,     0.09095013834,       1.539003304,      0.0363002864
          0,           0,        7305,      -3.982813459,     0.09185711851,       1.542644877,     0.03536464508
          0,           0,        7306,      -3.993308068,      0.0925664918,       1.546824013,     0.03496278839
          0,           0,        7307,      -3.988567981,     0.09308650095,       1.551222434,     0.03487172141
          0,           0,        7308,      -3.998725042,     0.09343804774,       1.555521144,     0.03486821078
          0,           0,        7309,      -3.992677217,     0.09363586152,       1.559261121,     0.03462463876
          0,           0,        7310,      -4.002740899,     0.09368366117,       1.562332759,     0.03406744467
          0,           0,        7311,      -3.997813587,     0.09358849018,       1.564600136,     0.03310454592
          0,           0,        7312,      -4.003396252,     0.09335073191,       1.565997364,     0.03169389211
          0,           0,        7313,      -3.996814406,     0.09297559647,       1.566558618,     0.02986819968
          0,           0,        7314,      -4.000934603,     0.09245643266,       1.566339743,     0.02767216949
          0,           0,        7315,      -3.993379308,     0.09178466435,       1.565410941,     0.02516111113
          0,           0,        7316,      -3.996669067,     0.09095130135,       1.563871713,     0.02241280719
          0,           0,        7317,      -3.990194969,     0.08995749557,        1.56179748,     0.01948487069
          0,           0,        7318,      -3.993279577,     0.08879895657,       1.559320591,     0.01647430879
          0,           0,        7319,      -3.987015712,     0.08751339652,       1.556337569,     0.01331176516
          0,           0,        7320,      -3.990043464,      0.0860839922,       1.553081053,     0.01016570937
          0,           0,        7321,      -3.985483159,     0.08460661534,       1.549058302,    0.006688484915
          0,           0,        7322,      -3.987366426,     0.08302710356,       1.544687382,     0.00317811737
          0,           0,        7323,      -3.983322029,     0.08127342248,       1.540374838,   -7.85572927e-05
          0,           0,        7324,      -3.985049568,     0.07925023386,       1.536687937,   -0.002682515561
          0,           0,        7325,      -3.981200436,      0.0759909613,       1.539440132,  -0.0005269395286
          0,           0,        7326,      -3.984127754,     0.07301101219,       1.540093307,   0.0003610244503
          0,           0,        7327,      -3.979195755,     0.07010585361,       1.538482868,  -0.0001767442714
          0,           0,        7328,      -3.983223654,     0.06729789023,        1.53530111,   -0.001634631837
          0,           0,        7329,      -3.981978154,       0.064787455,       1.529748637,   -0.004575511057
          0,           0,        7330,      -3.983115303,     0.06259293083,        1.52252267,   -0.008493936397
          0,           0,        7331,        -3.9782041,     0.06064626375,       1.514762542,    -0.01257469105
          0,           0,        7332,      -3.980192654,     0.05867813449,       1.507202116,    -0.01633168009
          0,           0,        7333,      -3.974434871,     0.05660933028,        1.50011943,    -0.01958296536
          0,           0,        7334,      -3.982503743,     0.05444146187,       1.493795518,    -0.02213328674
          0,           0,        7335,       -3.98015869,     0.05221301867,       1.488359653,    -0.02389275922
          0,           0,        7336,      -3.978173841,     0.05001384289,       1.483560028,    -0.02504269999
          0,           0,        7337,      -3.982131769,     0.04795508873,       1.478900447,    -0.02593958793
          0,           0,        7338,      -3.980933839,     0.05000893056,       1.458271829,    -0.03778418932
          0,           0,        7339,      -3.987115616,     0.04916244461,       1.457762604,    -0.03522896369
          0,           0,        7340,      -3.988259033,     0.04828228534,       1.455102713,    -0.03416590166
          0,           0,        7341,      -3.984689095,     0.04738754425,       1.451449571,    -0.03375542911
          0,           0,        7342,      -3.985852308,     0.04644199752,       1.447363979,    -0.03360645346
          0,           0,        7343,      -3.985040357,     0.04543225447,       1.443082243,    -0.03355987233
          0,           0,        7344,      -3.984673809,     0.04436054375,       1.438782103,    -0.03349868617
          0,           0,        7345,      -3.984865157,     0.04323956645,       1.434541575,    -0.03337505442
          0,           0,        7346,      -3.983869522,     0.04207102307,       1.430480993,    -0.03311458737
          0,           0,        7347,      -3.983470776,     0.04086351579,       1.426483821,    -0.03281405152
          0,           0,        7348,      -3.969707793,     0.03960480176,       1.422478493,    -0.03254300458
          0,           0,        7349,      -3.971897091,     0.03808219629,       1.420116862,    -0.03113366253
          0,           0,        7350,      -3.971523982,     0.03661494566,       1.417951377,    -0.02960953958
          0,           0,        7351,      -3.984730132,     0.03523763229,       1.415712607,    -0.02817696436
          0,           0,        7352,      -3.985094443,     0.03398048206,       1.413670105,    -0.02664435363
          0,           0,        7353,       -3.98478837,     0.03287786015,       1.411978533,     -0.0249025964
          0,           0,        7354,      -3.984094271,     0.03188768964,       1.410548845,    -0.02303405049
          0,           0,        7355,      -3.982989133,     0.03082349928,       1.409036919,    -0.02132854527
          0,           0,        7356,      -3.981893204,     0.02950784886,       1.407571863,    -0.01972764462
          0,           0,        7357,      -3.982493873,     0.02794549225,       1.407180096,    -0.01748650624
          0,           0,        7358,      -3.981250498,     0.02627111395,       1.409866213,    -0.01312153906
          0,           0,        7359,      -3.980842088,     0.02421430328,       1.418267169,   -0.004749037573
          0,           0,        7360,      -3.980208765,     0.02164911032,       1.428154349,    0.004503993613
          0,           0,        7361,      -3.981542279,     0.01828695643,       1.439823852,     0.01480734461
          0,           0,        7362,      -3.983072569,     0.01362679698,       1.450585953,     0.02410889604
          0,           0,        7363,       -3.98480481,    0.009121776774,       1.452232505,     0.02661800725
          0,           0,        7364,      -3.986353533,    0.005673594763,       1.443699623,     0.02169506954
          0,           0,        7365,       -3.98756672,     0.00340408927,       1.434492509,     0.01632732431
          0,           0,        7366,      -3.986750713,    0.001707269494,       1.423312413,    0.009466613069
          0,           0,        7367,      -3.982211321,   0.0006063009474,       1.413936781,    0.003881136552
          0,           0,        7368,      -3.982562424,   -0.000240066173,       1.408478528,    0.001060244454
          0,           0,        7369,      -3.987361999,   -0.001120678862,       1.407173685,    0.001123718897
          0,           0,        7370,      -3.984720865,    -0.00178546602,       1.408145202,    0.002724650643
          0,           0,        7371,      -3.983211523,   -0.002137103175,       1.410065865,    0.004894138436
          0,           0,        7372,      -3.984045161,   -0.001855894767,       1.411757185,    0.006806875047
          0,           0,        7373,      -3.983545032,  -0.0008834473341,       1.414116274,     0.00912032737
          0,           0,        7374,      -3.986085856,   0.0006547768271,       1.417463894,     0.01204282072
          0,           0,        7375,      -3.986879809,    0.002574340068,       1.422389814,     0.01597279446
          0,           0,        7376,      -3.989338026,    0.004829839738,        1.42803567,     0.02027255905
          0,           0,        7377,      -3.987079021,    0.007320428142,       1.433818749,     0.02450154465
          0,           0,        7378,      -3.988591441,     0.01003206089,         1.4385586,     0.02779542875
          0,           0,        7379,      -3.986621468,     0.01277724318,       1.442462471,     0.03028346674
          0,           0,        7380,      -3.988165838,     0.01547887707,       1.445087598,     0.03163568764
          0,           0,        7381,      -3.985795892,     0.01797748094,       1.446840826,     0.03213252978
          0,           0,        7382,      -3.987325902,     0.02017689118,       1.447877262,     0.03187987282
          0,           0,        7383,      -3.985531787,      0.0221385255,       1.447621418,     0.03047264686
          0,           0,        7384,      -3.985731356,     0.02385547875,        1.44642818,      0.0281768114
          0,           0,        7385,      -3.984487035,     0.02492462989,       1.447457081,     0.02725330728
          0,           0,        7386,      -3.985154395,     0.02569044604,       1.449211854,     0.02666499982
          0,           0,        7387,      -3.984635144,     0.02664665486,       1.449811473,     0.02511719217
          0,           0,        7388,      -3.983858026,      0.0278256926,       1.450565565,     0.02358077062
          0,           0,        7389,       -3.98337688,     0.02922508535,       1.452296294,     0.02266502085
          0,           0,        7390,      -3.984006756,      0.0308326357,       1.455113076,     0.02245413941
          0,           0,        7391,      -3.983564974,     0.03260237532,       1.458730199,     0.02273994226
          0,           0,        7392,      -3.983618146,     0.03450669273,       1.462947247,      0.0233756978
          0,           0,        7393,      -3.982001047,     0.03635104045,       1.467273659,     0.02398148745
          0,           0,        7394,      -3.983498054,     0.03798487051,       1.471306419,     0.02424628397
          0,           0,        7395,      -3.976772727,     0.03933839814,       1.474770751,     0.02396972136
          0,           0,        7396,      -3.980479487,     0.04046824711,       1.477631979,       0.023146494
          0,           0,        7397,      -3.979192837,      0.0412760945,       1.479503523,     0.02149153331
          0,           0,        7398,      -3.979953715,      0.0417278494,       1.480153251,     0.01884438511
          0,           0,        7399,       -3.97712372,     0.04180518238,       1.479519742,     0.01516975215
          0,           0,        7400,       -3.97777686,     0.04161216865,       1.477608127,      0.0105031753
          0,           0,        7401,      -3.978801125,     0.04111841183,       1.474410008,    0.004848281386
          0,           0,        7402,      -3.980207207,     0.04037705076,       1.470103866,   -0.001641015773
          0,           0,        7403,      -3.982157768,     0.03956134256,       1.465163501,   -0.008579609158
          0,           0,        7404,      -3.982348988,      0.0389793797,       1.460381325,      -0.015325345
          0,           0,        7405,      -3.983447329,     0.03850109095,       1.455663107,    -0.02195688479
          0,           0,        7406,      -3.982797296,     0.03804125891,       1.451021591,    -0.02846609197
          0,           0,        7407,      -3.983900213,     0.03788894295,       1.447209264,    -0.03424923934
          0,           0,        7408,      -3.982411542,     0.03848271562,       1.445231495,    -0.03849433241
          0,           0,        7409,      -3.983611959,     0.03531085076,       1.436236075,    -0.04838629642
          0,           0,        7410,      -3.981299926,     0.03233480113,       1.428209642,    -0.05744377028
          0,           0,        7411,      -3.981373019,     0.03158312436,       1.425168077,    -0.06239915646
          0,           0,        7412,      -3.980352139,     0.03317913205,       1.427148439,    -0.06320113321
          0,           0,        7413,      -3.981327943,     0.03660862908,       1.432867148,    -0.06086426851
          0,           0,        7414,      -3.980786455,     0.04123479594,        1.44067775,    -0.05668912816
          0,           0,        7415,       -3.98100279,     0.04167365735,       1.441148434,    -0.05842491947
          0,           0,        7416,      -3.978534804,     0.04090112308,       1.439658671,    -0.06165810617
          0,           0,        7417,      -3.978923587,     0.04035114897,       1.438810819,    -0.06425372511
          0,           0,        7418,      -3.980344218,     0.03948477979,       1.437613843,    -0.06701609502
          0,           0,        7419,      -3.978888589,     0.03799351185,       1.435377734,    -0.07049407166
          0,           0,        7420,      -3.979805348,     0.03615601111,       1.432582238,    -0.07428617088
          0,           0,        7421,       -3.97869019,     0.03457951023,       1.430338099,    -0.07747827002
          0,           0,        7422,      -3.979638674,     0.02322483843,       1.409619538,    -0.09558136155
          0,           0,        7423,      -3.973212968,     0.01605953565,       1.396978277,     -0.1069467125
          0,           0,        7424,      -3.977237255,     0.01322890396,       1.392729713,     -0.1113147392
          0,           0,        7425,      -3.979873846,      0.0128982467,       1.392952463,     -0.1118410455
          0,           0,        7426,      -3.960285018,     0.03145570709,       1.428278132,    -0.08350800482
          0,           0,        7427,       -3.97082893,     0.03645084357,       1.436514032,    -0.07696876181
          0,           0,        7428,      -3.975893443,     0.03962198011,       1.442115066,    -0.07245805296
          0,           0,        7429,      -3.979154199,     0.04137014786,       1.445261362,     -0.0697784277
          0,           0,        7430,      -3.979444206,     0.04184954745,       1.446161258,    -0.06875131632
          0,           0,        7431,      -3.981914825,      0.0412166466,       1.445126887,     -0.0691263239
          0,           0,        7432,      -3.981962355,     0.03979105314,       1.442887132,    -0.07032365771
          0,           0,        7433,       -3.98301121,     0.02576763524,       1.418043621,    -0.08987730704
          0,           0,        7434,      -3.967126858,     0.02015430017,       1.408842154,    -0.09648014032
          0,           0,        7435,      -3.966847102,     0.01615895543,       1.402623645,     -0.1004813505
          0,           0,        7436,      -3.969509532,     0.01351516425,        1.39899722,     -0.1022179203
          0,           0,        7437,       -3.97496324,     0.01074267231,       1.395317756,     -0.1038682934
          0,           0,        7438,      -3.977039856,      0.0074090552,       1.390641979,     -0.1061978696
          0,           0,        7439,      -3.980515898,    0.004236058828,       1.386128577,     -0.1082505408
          0,           0,        7440,      -3.981804787,    0.002010539099,        1.38314293,      -0.108910832
          0,           0,        7441,      -3.982825448,    0.008433170901,       1.395592898,    -0.09679043834
          0,           0,        7442,      -3.983467565,     0.01241584197,       1.403637026,    -0.08817695304
          0,           0,        7443,      -3.984613883,     0.01475463778,       1.410947858,     -0.0802698206
          0,           0,        7444,      -3.986471426,     0.01643994353,       1.416890711,    -0.07339656634
          0,           0,        7445,      -3.984404677,     0.01785628938,       1.421573055,    -0.06743893461
          0,           0,        7446,      -3.983835884,     0.02127333971,       1.429042426,    -0.05909680663
          0,           0,        7447,       -3.97803598,     0.02451218065,       1.436670908,    -0.05065741586
          0,           0,        7448,      -3.983534196,      0.0272578933,        1.44344366,    -0.04293571163
          0,           0,        7449,      -3.983704917,     0.02974975303,       1.449084563,    -0.03611382501
          0,           0,        7450,      -3.981691963,     0.03212379744,       1.453743996,    -0.03007686943
          0,           0,        7451,      -3.980275828,     0.03442964086,       1.457586782,    -0.02470531643
          0,           0,        7452,      -3.979223672,     0.03666285446,       1.460779704,    -0.01988374477
          0,           0,        7453,      -3.977764794,     0.03874949853,       1.463240398,    -0.01568869334
          0,           0,        7454,       -3.90408093,     0.04047401083,        1.46469549,    -0.01235319147
          0,           0,        7455,       -3.93555938,      0.0415913877,       1.464744127,    -0.01020550073
          0,           0,        7456,      -3.949771113,     0.04193395772,       1.463087391,   -0.009485911259
          0,           0,        7457,      -3.957374617,     0.04156615406,       1.459786334,    -0.01013481871
          0,           0,        7458,      -3.959587688,     0.04075524986,        1.45521676,    -0.01182643284
          0,           0,        7459,      -3.959700266,     0.03982234099,        1.44991197,     -0.0141129162
          0,           0,        7460,      -3.696095944,     0.03898359122,       1.444254941,    -0.01667165104
          0,           0,        7461,      -3.691136745,     0.03832436161,       1.438442293,    -0.01934043907
          0,           0,        7462,      -3.731961802,     0.03778238444,       1.432436776,    -0.02215020508
          0,           0,        7463,      -3.766760807,     0.03720695592,       1.426047013,    -0.02525784776
          0,           0,        7464,      -3.908930488,      0.0364719027,       1.419126803,     -0.0287861647
          0,           0,        7465,      -3.938636952,     0.03551958945,       1.411698664,    -0.03272590793
          0,           0,        7466,      -3.955711462,     0.03434244117,       1.403868271,    -0.03699877537
          0,           0,        7467,      -3.883548435,     0.03295032658,       1.395729096,    -0.04153499989
          0,           0,        7468,      -3.947171489,     0.03136268026,       1.387359576,    -0.04627143298
          0,           0,        7469,      -3.947055887,     0.02959568266,       1.378987288,    -0.05103679523
          0,           0,        7470,      -3.944687801,     0.02769698564,       1.370874235,    -0.05562979049
          0,           0,        7471,      -3.863482768,     0.02573906811,       1.363173735,    -0.05992739472
          0,           0,        7472,      -3.840971041,     0.02342561433,       1.357369273,    -0.06288769057
          0,           0,        7473,      -3.495046217,     0.02085809721,       1.352025089,    -0.06554760589
          0,           0,        7474,      -3.814755385,     0.01798709824,       1.346379368,    -0.06847447651
          0,           0,        7475,       -3.87162187,     0.01485868565,       1.340311923,    -0.07175113332
          0,           0,        7476,      -3.898830061,     0.01168224855,       1.334049366,     -0.0751828257
          0,           0,        7477,      -3.916703045,    0.008679837482,       1.328015088,    -0.07842941483
          0,           0,        7478,      -3.932462241,    0.006014457707,       1.322695379,     -0.0811169775
          0,           0,        7479,      -3.944412937,    0.003824687901,       1.318588841,    -0.08286911759
          0,           0,        7480,      -3.957495393,    0.002213653736,       1.316097722,     -0.0833883993
          0,           0,        7481,      -3.956388399,    0.001253107075,        1.31543481,    -0.08252263183
          0,           0,        7482,      -3.960843833,   0.0009576432185,       1.316674133,    -0.08023067467
          0,           0,        7483,      -3.967234619,    0.001287765462,       1.319756422,    -0.07658005772
          0,           0,        7484,      -3.969222053,    0.002170234919,       1.324569907,    -0.07168053385
          0,           0,        7485,      -3.972714572,    0.003273437779,       1.332112972,    -0.06487103108
          0,           0,        7486,      -3.970968742,    0.004590091309,       1.341602712,     -0.0567410393
          0,           0,        7487,       -3.97617972,    0.006198293195,       1.352086335,    -0.04798988884
          0,           0,        7488,      -3.966406909,    0.008034208398,       1.363037222,    -0.03902282112
          0,           0,        7489,      -3.966306266,    0.009993936357,       1.374100565,    -0.03012780833
          0,           0,        7490,      -3.979263388,     0.01194875061,       1.385168506,    -0.02141209392
          0,           0,        7491,      -3.977230044,     0.01380615086,       1.396263359,    -0.01288177099
          0,           0,        7492,      -3.983043244,     0.01073916876,       1.428696753,     0.01032500003
          0,           0,        7493,      -3.977186019,     0.01255689441,       1.439608875,     0.01832593748
          0,           0,        7494,      -3.977369781,     0.01406581204,       1.453014205,     0.02791747754
          0,           0,        7495,      -3.969944494,     0.01528782313,       1.466380401,     0.03725500278
          0,           0,        7496,      -3.974157451,     0.01643105722,       1.479165108,      0.0459810607
          0,           0,        7497,      -3.977543203,      0.0178410798,       1.490999672,     0.05389175256
          0,           0,        7498,      -3.978687476,     0.02100045574,       1.496852598,     0.05754506602
          0,           0,        7499,      -3.983302377,     0.02399107355,       1.503657035,     0.06173714391
          0,           0,        7500,      -3.982717809,       0.026370227,        1.51222934,     0.06701514224
          0,           0,        7501,      -3.983413889,     0.02857466488,       1.520628519,     0.07204183266
          0,           0,        7502,      -3.983656405,     0.03071361287,       1.527639744,     0.07595771097
          0,           0,        7503,      -3.979050828,     0.03261596383,       1.533289383,     0.07877080623
          0,           0,        7504,       -3.98614885,     0.03355350508,       1.540623087,     0.08261446116
          0,           0,        7505,      -3.985199463,     0.03403701468,       1.547805991,     0.08623384782
          0,           0,        7506,      -3.985313405,     0.03450288425,       1.552784669,     0.08820009494
          0,           0,        7507,      -3.983360188,     0.03509368811,       1.554583711,     0.08783121259
          0,           0,        7508,      -3.975661469,     0.03569319213,        1.55375997,     0.08552717748
          0,           0,        7509,      -3.984628455,     0.03626726886,       1.550870622,     0.08170183449
          0,           0,        7510,      -3.980184133,     0.03686146478,       1.546341691,     0.07668444774
          0,           0,        7511,      -3.975952987,     0.03725419249,       1.540113061,     0.07040381479
          0,           0,        7512,      -3.970731173,     0.03723721232,       1.532125225,      0.0627915293
          0,           0,        7513,      -3.970243033,     0.03621508127,       1.521556506,     0.05315969848
          0,           0,        7514,       -3.96441947,     0.02925137949,       1.498717753,     0.03364111145
          0,           0,        7515,      -3.955577396,     0.02577344436,       1.483370654,     0.02019777913
          0,           0,        7516,      -3.950948392,     0.01845905786,       1.460932171,   0.0009962479356
          0,           0,        7517,      -3.954233874,     0.01125125425,          1.439915,    -0.01710288672
          0,           0,        7518,      -3.965187254,   -0.001341435842,        1.40862614,    -0.04352987839
          0,           0,        7519,      -3.957861121,    -0.02011659473,       1.365015927,    -0.07991218018
          0,           0,        7520,      -3.944562237,    -0.03418136046,       1.334320829,     -0.1060518411
          0,           0,        7521,      -3.964448074,    -0.03874110728,       1.324745569,     -0.1151961902
          0,           0,        7522,      -3.981620569,    -0.02497662396,          1.350394,    -0.09564651844
          0,           0,        7523,      -3.984317612,   -0.009945624878,       1.375631852,    -0.07620456593
          0,           0,        7524,      -3.984934942,    0.003169646165,       1.397934866,    -0.05923072822
          0,           0,        7525,       -3.98483975,     0.02150656037,       1.430208154,    -0.03416622052
          0,           0,        7526,      -3.984392857,     0.03087176129,       1.446104678,    -0.02254991183
          0,           0,        7527,       -3.98813608,     0.03846151377,       1.458849425,    -0.01356967485
          0,           0,        7528,      -3.987787872,     0.04459157979,       1.468909572,   -0.006837076128
          0,           0,        7529,      -3.987251061,     0.04802607598,       1.485347912,    0.004101562859
          0,           0,        7530,      -3.986827729,     0.05130257765,       1.497256444,     0.01165627072
          0,           0,        7531,      -3.987997636,     0.05424864704,       1.505407201,     0.01637942624
          0,           0,        7532,      -3.988860367,     0.05682920789,       1.511573055,     0.01958347787
          0,           0,        7533,      -3.982141294,     0.05905765232,       1.516421018,     0.02178047756
          0,           0,        7534,      -3.988530723,     0.06093454284,       1.520889246,     0.02367978098
          0,           0,        7535,      -3.985544482,     0.06251838558,       1.525286919,     0.02554183903
          0,           0,        7536,      -3.988798043,     0.06396102329,       1.529575388,     0.02738568376
          0,           0,        7537,       -3.98160318,     0.06541370831,       1.533684667,     0.02921289088
          0,           0,        7538,      -3.977429947,      0.0700024874,        1.52078361,     0.01919873356
          0,           0,        7539,      -3.985804976,     0.07181678665,       1.520892541,     0.01845511062
          0,           0,        7540,      -3.989254622,     0.07392772406,        1.52392238,     0.02009267035
          0,           0,        7541,       -3.98940259,     0.07585776484,       1.527892557,     0.02260538079
          0,           0,        7542,      -3.986679716,     0.07767460896,       1.532405905,     0.02573466418
          0,           0,        7543,      -3.985300383,     0.07944347064,        1.53735132,     0.02942087234
          0,           0,        7544,      -3.981993636,     0.08117878007,       1.542565009,     0.03355837512
          0,           0,        7545,      -3.983372584,     0.08285424129,       1.547813476,     0.03797344535
          0,           0,        7546,      -3.986951044,     0.08442583434,       1.552793819,     0.04243570364
          0,           0,        7547,      -3.992995736,     0.08583841224,        1.55735284,     0.04681484706
          0,           0,        7548,      -3.994193675,     0.08662885984,       1.563780868,     0.05269712867
          0,           0,        7549,      -3.992214286,     0.08714955222,        1.57035853,     0.05885260768
          0,           0,        7550,      -3.990147439,     0.08769492456,       1.575820397,     0.06436185676
          0,           0,        7551,      -3.986707794,     0.08833698729,       1.579977121,     0.06905456711
          0,           0,        7552,      -3.986254098,     0.08853880903,       1.586460852,     0.07546461872
          0,           0,        7553,       -3.98377281,     0.08888429548,       1.592498704,     0.08159720018
          0,           0,        7554,       -3.98067969,     0.08960111055,       1.596596909,     0.08634188981
          0,           0,        7555,      -3.979086841,     0.09058493203,       1.598760787,     0.08963863937
          0,           0,        7556,      -3.977323872,     0.09151870512,       1.600501403,     0.09250574341
          0,           0,        7557,      -3.975031891,     0.09235336523,       1.601572854,     0.09471863634
          0,           0,        7558,      -3.975611841,     0.09305649606,       1.601533103,     0.09591870646
          0,           0,        7559,       -3.97692155,      0.0935079307,       1.600429328,     0.09610320469
          0,           0,        7560,      -3.978066444,      0.0936533308,       1.598421332,     0.09536575603
          0,           0,        7561,      -3.980929356,     0.09343067593,       1.596053626,     0.09409162081
          0,           0,        7562,      -3.980702333,     0.09287687925,       1.593421416,     0.09235992344
          0,           0,        7563,      -3.979392064,     0.09111487513,       1.596827433,     0.09466491378
          0,           0,        7564,      -3.980079163,     0.08959508041,       1.597985943,     0.09517635893
          0,           0,        7565,      -3.983063505,     0.08827980118,        1.59652356,     0.09363937941
          0,           0,        7566,      -3.984286921,     0.08711267337,       1.593411878,      0.0907848188
          0,           0,        7567,      -3.984640151,     0.08605031793,       1.589383701,     0.08717595631
          0,           0,        7568,      -3.984006783,      0.0849996638,       1.584844287,     0.08312923602
          0,           0,        7569,      -3.975716826,     0.08389201847,       1.580344914,     0.07907687823
          0,           0,        7570,      -3.981294273,     0.08244408512,         1.5778842,     0.07647491752
          0,           0,        7571,      -3.982317149,     0.08075023953,       1.576851555,     0.07492485201
          0,           0,        7572,      -3.985097746,     0.07892734488,        1.57599231,     0.07355930911
          0,           0,        7573,      -3.985077748,     0.07692270749,       1.574974579,     0.07215431422
          0,           0,        7574,      -3.987119341,     0.07448392587,       1.572894375,     0.07003435806
          0,           0,        7575,      -3.987081312,     0.07192525028,       1.570302696,     0.06767395329
          0,           0,        7576,      -3.989330133,     0.06905797078,       1.566519467,     0.06455912666
          0,           0,        7577,      -3.961409468,     0.06588256294,       1.562201703,     0.06118025268
          0,           0,        7578,      -3.968455877,     0.06239232523,       1.556961482,     0.05725412451
          0,           0,        7579,      -3.980312736,     0.05863251962,       1.550452752,     0.05252714231
          0,           0,        7580,      -3.991818161,     0.05501108085,       1.543128945,     0.04738328124
          0,           0,        7581,      -3.993685143,     0.05041849314,       1.545879262,     0.04961516932
          0,           0,        7582,      -3.994943228,      0.0468649396,       1.543942781,     0.04869427683
          0,           0,        7583,      -3.996001068,     0.04390011588,       1.538605551,     0.04546801066
          0,           0,        7584,      -3.995723949,      0.0413891686,        1.53122666,     0.04088785166
          0,           0,        7585,       -3.99596158,     0.03911733493,       1.522574247,     0.03545835015
          0,           0,        7586,       -3.99344405,      0.0365232211,       1.512259025,     0.02878324156
          0,           0,        7587,      -3.992449937,     0.03350721388,       1.501298497,     0.02157415193
          0,           0,        7588,      -3.989360931,     0.02963643296,       1.490750099,     0.01452392488
          0,           0,        7589,      -3.992397394,     0.02470468303,       1.480792318,    0.007719364771
          0,           0,        7590,      -3.989808763,     0.01895752999,       1.470128015,   0.0002436126939
          0,           0,        7591,      -3.991833376,     0.01275186008,       1.457767587,    -0.00857206601
          0,           0,        7592,      -3.993768885,    0.006554851975,       1.443270832,    -0.01896829702
          0,           0,        7593,      -3.993368159,   0.0006568615746,       1.427039245,    -0.03059870298
          0,           0,        7594,      -3.994995601,   -0.004940219362,       1.410921074,    -0.04209828328
          0,           0,        7595,      -3.993263799,     -0.0106774385,       1.399046018,    -0.05050049832
          0,           0,        7596,       -3.97942575,    -0.02146040394,        1.42258972,     -0.0337166884
          0,           0,        7597,      -3.985033658,    -0.02567797358,       1.411153743,    -0.04154245198
          0,           0,        7598,      -3.999202349,    -0.02911512053,       1.402949034,    -0.04687061289
          0,           0,        7599,      -4.001776403,    -0.03174120122,       1.395304867,      -0.051658305
          0,           0,        7600,      -4.002500954,     -0.0334627074,       1.388301798,    -0.05583604351
          0,           0,        7601,      -4.000005723,    -0.03430311797,       1.382615665,    -0.05891747764
          0,           0,        7602,      -3.995107669,    -0.03441206533,       1.378778656,    -0.06053701653
          0,           0,        7603,      -3.993814356,    -0.03391554659,       1.376851915,    -0.06066857953
          0,           0,        7604,       -3.99693759,     -0.0330005499,       1.376871378,    -0.05930972273
          0,           0,        7605,       -3.99408251,    -0.03179739179,       1.378224284,    -0.05692067635
          0,           0,        7606,      -3.997218757,    -0.03094447768,       1.383388299,    -0.05177799745
          0,           0,        7607,      -3.995555124,    -0.03005058225,       1.389461712,    -0.04594157245
          0,           0,        7608,      -3.995725137,    -0.02904394221,       1.393650942,    -0.04144047726
          0,           0,        7609,      -3.996315503,    -0.02810200859,       1.394483097,    -0.03938096673
          0,           0,        7610,      -3.996711945,    -0.02745358154,       1.391753198,    -0.03994904945
          0,           0,        7611,      -3.997144457,    -0.02717421619,       1.386125793,    -0.04267153883
          0,           0,        7612,      -3.997985925,    -0.02730296381,         1.3794572,    -0.04620384214
          0,           0,        7613,      -3.996050559,    -0.02799976063,       1.375005821,    -0.04819288316
          0,           0,        7614,      -3.998985028,    -0.02889696827,        1.37266095,    -0.04867354946
          0,           0,        7615,      -3.998670839,    -0.02952927239,       1.370705579,     -0.0488481873
          0,           0,        7616,       -3.99703591,    -0.02980120266,       1.368204416,    -0.04940234699
          0,           0,        7617,      -3.997688051,    -0.03560580609,       1.399599392,    -0.02602328025
          0,           0,        7618,      -3.998757938,    -0.03523526954,       1.394509559,    -0.02849427845
          0,           0,        7619,      -3.998188827,     -0.0345300939,       1.390752938,    -0.03001326815
          0,           0,        7620,      -4.000206954,    -0.03351213433,       1.386500839,    -0.03193094772
          0,           0,        7621,      -3.999219185,    -0.03209996864,       1.381669153,    -0.03430248027
          0,           0,        7622,      -3.998722682,     -0.0305091627,       1.377119743,    -0.03653367167
          0,           0,        7623,      -3.999322733,    -0.03024757031,       1.381422279,    -0.03257489749
          0,           0,        7624,       -3.99778994,    -0.02970165527,       1.385219529,    -0.02903239391
          0,           0,        7625,      -3.996108276,    -0.02873256567,       1.386010076,    -0.02771205372
          0,           0,        7626,      -3.994196974,    -0.02753941767,       1.383919405,     -0.0285393406
          0,           0,        7627,      -3.993055606,    -0.02726824651,       1.384707096,    -0.02745000331
          0,           0,        7628,      -3.992054294,    -0.02758144459,       1.384550538,    -0.02716809247
          0,           0,        7629,      -3.988152854,    -0.02830730464,         1.3804381,     -0.0298461744
          0,           0,        7630,      -3.986395594,    -0.02943897867,       1.370856165,    -0.03656069734
          0,           0,        7631,      -3.980854608,    -0.03103610214,       1.355991749,    -0.04715151016
          0,           0,        7632,      -3.982399382,    -0.03329979616,       1.337839725,     -0.0601577037
          0,           0,        7633,      -3.984639409,    -0.03632424012,       1.317743469,    -0.07458971039
          0,           0,        7634,      -3.984988391,    -0.03995859281,       1.296796544,    -0.08961030064
          0,           0,        7635,      -3.989409594,    -0.04396482789,       1.276342822,     -0.1042004182
          0,           0,        7636,      -3.989752031,    -0.04800689624,       1.257689754,     -0.1173646665
          0,           0,        7637,       -3.98889437,    -0.05190657384,       1.243191712,     -0.1273804798
          0,           0,        7638,      -3.968822842,    -0.05533921196,       1.234114712,     -0.1333106357
          0,           0,        7639,       -3.99039162,    -0.05773471486,        1.23024108,     -0.1352734306
          0,           0,        7640,      -3.992131688,    -0.05981666344,       1.239285582,      -0.127771577
          0,           0,        7641,      -3.991363982,    -0.05964720087,       1.249346173,     -0.1192668334
          0,           0,        7642,       -3.99214575,    -0.05784937843,       1.261039205,     -0.1094388109
          0,           0,        7643,      -3.991273202,    -0.05474030611,       1.273737704,    -0.09881578454
          0,           0,        7644,       -3.99087377,    -0.05067320619,       1.286679215,    -0.08801561666
          0,           0,        7645,      -3.991381165,    -0.04584618333,       1.299061475,    -0.07765545919
          0,           0,        7646,      -3.989070784,    -0.04039935112,       1.310560592,    -0.06797897182
          0,           0,        7647,      -3.989563094,    -0.03437449463,       1.320890401,    -0.05918764402
          0,           0,        7648,      -3.987940705,    -0.02775502349,       1.330549632,    -0.05090887677
          0,           0,        7649,      -3.989377465,    -0.02062137594,       1.339657053,    -0.04306067175
          0,           0,        7650,      -3.983940134,    -0.01929158746,       1.387736197,   -0.007654683884
          0,           0,        7651,      -3.984446921,    -0.01148523199,       1.395464534,   -0.000923167115
          0,           0,        7652,      -3.991862959,   -0.003073225986,       1.403522019,    0.006047609515
          0,           0,        7653,      -3.994266744,    0.005381208907,       1.410578652,     0.01220551703
          0,           0,        7654,       -3.99489936,     0.01362472952,       1.417412199,     0.01809516982
          0,           0,        7655,      -3.996153073,      0.0210960123,       1.424871312,     0.02426617162
          0,           0,        7656,      -3.995914901,     0.02705982886,       1.434512747,     0.03176598365
          0,           0,        7657,      -3.995758301,     0.03121325168,       1.445597179,      0.0400331652
          0,           0,        7658,      -3.995694671,     0.03370252732,       1.455684895,     0.04732745423
          0,           0,        7659,      -3.995123567,     0.03091969064,       1.486739861,     0.06920874118
          0,           0,        7660,      -3.991973535,     0.03059515758,        1.49006034,     0.07119712693
          0,           0,        7661,      -3.547041025,     0.02900275713,       1.492467908,      0.0723835049
          0,           0,        7662,      -3.528829098,     0.02691135699,       1.492011306,     0.07146662589
          0,           0,        7663,      -3.353961799,     0.02465289982,       1.491138543,     0.07029823683
          0,           0,        7664,      -3.860504865,     0.02251180942,       1.490946646,     0.06972181179
          0,           0,        7665,      -3.910523204,     0.02093025469,       1.489818168,     0.06860694731
          0,           0,        7666,      -3.931221347,     0.01911585768,       1.493440049,     0.07097671088
          0,           0,        7667,      -3.600653187,      0.0189895353,       1.489136515,     0.06781475705
          0,           0,        7668,      -3.767601117,      0.0126725178,       1.523812829,     0.09225229387
          0,           0,        7669,      -3.911813371,     0.01360780236,       1.519373351,     0.08911614308
          0,           0,        7670,       -3.95533643,     0.01544518045,        1.51540058,     0.08640700815
          0,           0,        7671,      -3.986543044,     0.01811549644,       1.511745714,     0.08398199187
          0,           0,        7672,      -3.987854985,     0.02169267979,       1.509198573,     0.08240820209
          0,           0,        7673,      -3.987910251,     0.02615468217,       1.508429688,     0.08215314856
          0,           0,        7674,      -3.324403803,     0.03134843015,       1.510035533,     0.08361361613
          0,           0,        7675,      -3.426055062,     0.03704349612,       1.514341653,     0.08697747289
          0,           0,        7676,      -3.643975239,     0.04050065416,        1.53519092,      0.1019545064
          0,           0,        7677,      -3.968594542,     0.04585640433,       1.548248713,      0.1113410176
          0,           0,        7678,      -3.978555743,     0.05175936725,       1.559840782,      0.1195548382
          0,           0,        7679,      -3.986179758,     0.05805154554,       1.570274349,      0.1267911184
          0,           0,        7680,      -3.984618204,     0.06452128667,       1.579535052,      0.1330027018
          0,           0,        7681,       -3.97919679,     0.07096388984,       1.587747134,      0.1382481443
          0,           0,        7682,      -3.979233209,     0.07722779818,       1.595058385,      0.1426101111
          0,           0,        7683,      -3.979672626,     0.08320644913,       1.601653535,      0.1462089778
          0,           0,        7684,      -3.979810137,     0.08790949229,       1.612609379,      0.1526187479
          0,           0,        7685,      -3.980417921,     0.09246070233,       1.621641245,       0.157413915
          0,           0,        7686,      -3.979408067,     0.09691446242,       1.628286103,      0.1602685724
          0,           0,        7687,      -3.981583814,      0.1011532021,        1.63329159,      0.1617193328
          0,           0,        7688,      -3.979291582,       0.105094586,       1.637224498,      0.1621720789
          0,           0,        7689,      -3.985390309,      0.1087193588,       1.640408143,      0.1618633934
          0,           0,        7690,      -3.979393487,       0.112020328,       1.643156726,      0.1610235664
          0,           0,        7691,      -3.971097426,      0.1150365328,       1.645544638,      0.1597135641
          0,           0,        7692,      -3.969598271,      0.1177870854,       1.647787863,      0.1580945239
          0,           0,        7693,      -3.982228068,      0.1203063536,       1.650021168,      0.1562701479
          0,           0,        7694,      -3.982065426,      0.1226316831,        1.65212711,      0.1541655302
          0,           0,        7695,      -3.983233279,      0.1248038795,       1.654005917,      0.1517236119
          0,           0,        7696,      -3.983048556,         0.1264305,       1.657936209,      0.1505686666
          0,           0,        7697,      -3.983023215,      0.1279228366,        1.66182049,      0.1492469873
          0,           0,        7698,      -3.966551028,      0.1293642073,       1.665026051,      0.1473346651
          0,           0,        7699,      -3.983769837,      0.1306680933,       1.667664688,      0.1449345295
          0,           0,        7700,      -3.982839703,      0.1317821908,       1.669853767,      0.1421624729
          0,           0,        7701,      -3.981154137,      0.1326711976,       1.671719897,      0.1391460516
          0,           0,        7702,      -3.980520397,      0.1333144376,       1.673366694,      0.1360016237
          0,           0,        7703,      -3.979502583,      0.1337321441,       1.674734995,      0.1327328952
          0,           0,        7704,      -3.978166305,      0.1339970069,       1.675510657,      0.1291604098
          0,           0,        7705,      -3.975961008,      0.1341381612,       1.675546027,      0.1252197258
          0,           0,        7706,      -3.975216837,      0.1341056808,       1.675032479,      0.1210768711
          0,           0,        7707,      -3.977016055,      0.1338759011,       1.673916557,      0.1167154001
          0,           0,        7708,      -3.976936537,      0.1334245406,       1.671826674,      0.1118835473
          0,           0,        7709,      -3.976882573,      0.1326785006,       1.668451228,      0.1063555932
          0,           0,        7710,      -3.977805334,      0.1318794248,       1.661698907,     0.09864443181
          0,           0,        7711,      -3.978012383,      0.1304916546,       1.654090082,     0.09051801962
          0,           0,        7712,      -3.977134728,      0.1285837182,       1.645843315,     0.08213884526
          0,           0,        7713,      -3.979365243,      0.1262528374,       1.637040133,     0.07357246469
          0,           0,        7714,      -3.981746327,      0.1236099223,        1.62796053,     0.06502165049
          0,           0,        7715,      -3.983049944,      0.1207884325,       1.618934601,     0.05672541169
          0,           0,        7716,      -3.983283971,      0.1179317565,       1.610283694,     0.04891500127
          0,           0,        7717,      -3.982421979,      0.1151754623,        1.60214038,     0.04167881732
          0,           0,        7718,      -3.979986919,      0.1126034139,       1.594862407,     0.03526451317
          0,           0,        7719,      -3.977147552,      0.1102473888,       1.588433664,     0.02963797089
          0,           0,        7720,      -3.978377834,      0.1067702798,       1.589647104,     0.02954651494
          0,           0,        7721,       -3.97639873,      0.1049309359,       1.582945098,     0.02399698377
          0,           0,        7722,      -3.985016447,      0.1031093692,       1.577792656,     0.01966052711
          0,           0,        7723,      -3.982928427,      0.1011033122,       1.572968565,     0.01560521836
          0,           0,        7724,      -3.983691323,      0.0988855939,       1.567541999,     0.01114315765
          0,           0,        7725,      -3.981768453,     0.09653652248,       1.560616364,    0.005636148166
          0,           0,        7726,      -3.982766895,     0.09388957565,       1.552999889,  -0.0003352217117
          0,           0,        7727,      -3.980787302,     0.09085428969,       1.545436722,   -0.006222601593
          0,           0,        7728,      -3.980586431,     0.08763821382,       1.537562759,    -0.01223730166
          0,           0,        7729,      -3.978707031,     0.08391335723,       1.531457016,    -0.01687974399
          0,           0,        7730,       -3.97833554,     0.08046884703,       1.523882435,    -0.02237230112
          0,           0,        7731,      -3.976258455,     0.07691127059,       1.516897249,    -0.02723949874
          0,           0,        7732,      -3.976137818,     0.07360989412,       1.509017742,    -0.03248617617
          0,           0,        7733,      -3.974056624,     0.07003636808,        1.50257904,    -0.03645856532
          0,           0,        7734,       -3.97336724,     0.06674245851,       1.494871141,    -0.04103520662
          0,           0,        7735,      -3.970988556,      0.0629942408,       1.488767342,    -0.04420902706
          0,           0,        7736,      -3.971703706,     0.05946258636,       1.480731491,    -0.04845683446
          0,           0,        7737,      -3.964630043,     0.05537443393,       1.473040755,    -0.05222218629
          0,           0,        7738,      -3.966936335,     0.04963785098,       1.468639459,    -0.05351237587
          0,           0,        7739,      -3.971519347,     0.04450533312,        1.45903864,    -0.05819461852
          0,           0,        7740,      -3.976671324,     0.03907833375,       1.447436573,    -0.06406253062
          0,           0,        7741,      -3.982021618,     0.03338310623,        1.43348681,    -0.07136717485
          0,           0,        7742,      -3.987257292,     0.02709736382,       1.418309869,    -0.07934588044
          0,           0,        7743,      -3.991532366,     0.02048922967,       1.401231162,    -0.08846697458
          0,           0,        7744,      -3.993821792,     0.01377570296,       1.382351355,    -0.09864871804
          0,           0,        7745,      -3.996128511,    0.007234874188,       1.362139917,     -0.1095406981
          0,           0,        7746,      -3.996998885,  -0.0005800323703,        1.34813525,     -0.1158916129
          0,           0,        7747,       -3.99556091,   -0.007210244094,       1.332657564,     -0.1230041936
          0,           0,        7748,      -3.997570327,     -0.0125385751,       1.316620431,     -0.1302516506
          0,           0,        7749,      -3.992094017,    -0.01660924227,       1.301117093,      -0.136899019
          0,           0,        7750,      -3.993358359,    -0.01950853088,       1.286431442,     -0.1428057014
          0,           0,        7751,      -3.995731652,    -0.02144490489,       1.272990713,      -0.147734418
          0,           0,        7752,      -3.998168828,    -0.02277098079,       1.261121267,     -0.1515317507
          0,           0,        7753,      -3.999188039,    -0.02381437821,       1.250797982,     -0.1542880508
          0,           0,        7754,      -3.998729116,    -0.02469324548,       1.241246867,     -0.1566018752
          0,           0,        7755,      -3.998022932,    -0.02330524901,       1.221284072,     -0.1663457238
          0,           0,        7756,      -4.000685398,    -0.02458902409,       1.214296045,     -0.1671427102
