"Time_Iter","Outer_Iter","Inner_Iter",    "rms[Rho]"    ,    "rms[RhoU]"   ,    "rms[RhoV]"   ,    "rms[RhoE]"   ,    "RefForce"    ,       "CD"       ,       "CL"       ,       "CSF"      ,       "CMx"      ,       "CMy"      ,       "CMz"      ,       "CFx"      ,       "CFy"      ,       "CFz"      ,      "CEff"      
          0,           0,           0,      -3.581346633,      -3.698349656,      -4.145839487,      -2.984969489,             0.448,      0.2407162756,      0.1401739537,                 0,                 0,                 0,     0.01642535773,       0.237601113,       0.145391794,                 0,      0.5823202164
          0,           0,           1,      -3.833736454,      -3.708488352,      -3.735662347,      -3.222809692,             0.448,     0.09245166439,     0.03009344329,                 0,                 0,                 0,   -0.006982717687,     0.09177317839,     0.03210310429,                 0,      0.3255046135
          0,           0,           2,        -3.7685914,      -3.680329828,      -3.700696365,      -3.170203415,             0.448,      0.0681145255,     0.03872367996,                 0,                 0,                 0,   -0.008467950602,     0.06725356346,     0.04020037532,                 0,      0.5685084008
          0,           0,           3,      -3.714040186,      -3.724734145,      -3.702056837,      -3.121669295,             0.448,     0.08299578345,     0.07132476028,                 0,                 0,                 0,   -0.006376450987,     0.08142009126,      0.0731183304,                 0,      0.8593781192
          0,           0,           4,       -3.66335352,      -3.692493872,      -3.668822498,      -3.074183815,             0.448,     0.06273099882,      0.0668287906,                 0,                 0,                 0,    -0.01011009108,     0.06125820816,     0.06818135669,                 0,       1.065323235
          0,           0,           5,      -3.658609712,      -3.669989382,      -3.662073303,      -3.073535845,             0.448,     0.04948386671,     0.06248282861,                 0,                 0,                 0,    -0.01493901722,     0.04810903517,     0.06354744425,                 0,       1.262690908
          0,           0,           6,      -3.655039852,      -3.788651034,      -3.699968992,      -3.076449996,             0.448,     0.04547720228,     0.06121882055,                 0,                 0,                 0,    -0.01873424888,      0.0441308984,     0.06219633207,                 0,       1.346143067
          0,           0,           7,      -3.659256134,      -3.791442932,      -3.690717313,      -3.082863439,             0.448,      0.0409497731,     0.05844554095,                 0,                 0,                 0,    -0.02143347192,     0.03966504541,     0.05932494708,                 0,       1.427249445
          0,           0,           8,      -3.642208298,      -3.714630208,      -3.704560124,      -3.064820358,             0.448,     0.03524230873,     0.05618183923,                 0,                 0,                 0,    -0.02315701779,     0.03400832165,     0.05693727638,                 0,       1.594158875
          0,           0,           9,      -3.656733551,      -3.751822883,      -3.710604676,      -3.082887327,             0.448,     0.03054224031,     0.05473381146,                 0,                 0,                 0,    -0.02422666677,     0.02934096028,     0.05538706176,                 0,       1.792069308
          0,           0,          10,      -3.663400394,      -3.808583778,      -3.737969037,      -3.093557762,             0.448,     0.02724249506,     0.05377060107,                 0,                 0,                 0,    -0.02477282628,      0.0260630126,     0.05435209702,                 0,       1.973776666
          0,           0,          11,      -3.669556921,      -3.834469929,      -3.762274516,      -3.102033104,             0.448,     0.02421260903,     0.05305904251,                 0,                 0,                 0,    -0.02490300723,     0.02304937018,     0.05357461117,                 0,       2.191380633
          0,           0,          12,      -3.674695991,      -3.846382052,      -3.773040288,      -3.107704512,             0.448,     0.02096262752,     0.05217347047,                 0,                 0,                 0,    -0.02500589673,     0.01981948072,     0.05261835191,                 0,       2.488880291
          0,           0,          13,      -3.677928226,      -3.852403976,      -3.782508086,      -3.109536404,             0.448,     0.01776691444,     0.05131284353,                 0,                 0,                 0,    -0.02521991566,     0.01664330261,     0.05168821566,                 0,       2.888112266
          0,           0,          14,      -3.686049286,      -3.860278371,      -3.793368797,      -3.115520201,             0.448,       0.014812103,      0.0509287771,                 0,                 0,                 0,    -0.02542672558,      0.0136975727,     0.05123978176,                 0,        3.43832183
          0,           0,          15,      -3.696328378,      -3.869428702,      -3.809304432,      -3.123934187,             0.448,     0.01204062515,     0.05094287844,                 0,                 0,                 0,    -0.02561265213,     0.01092644677,     0.05119342027,                 0,       4.230916403
          0,           0,          16,      -3.707333521,      -3.875156696,      -3.830698474,      -3.134401808,             0.448,    0.009355280022,      0.0510914795,                 0,                 0,                 0,    -0.02581269385,    0.008238498967,     0.05128340547,                 0,       5.461245348
          0,           0,          17,      -3.720090587,      -3.875829881,      -3.853876891,      -3.148207715,             0.448,    0.006713695449,      0.0513041425,                 0,                 0,                 0,    -0.02600925772,    0.005592903801,       0.051438392,                 0,       7.641714297
          0,           0,          18,       -3.73490022,      -3.873215905,      -3.877645571,      -3.164923642,             0.448,    0.004123224765,      0.0515638159,                 0,                 0,                 0,    -0.02620116635,    0.002997384833,     0.05164149278,                 0,       12.50570096
          0,           0,          19,       -3.75261344,      -3.871873951,       -3.90394976,      -3.184472001,             0.448,    0.001618989301,     0.05170523564,                 0,                 0,                 0,    -0.02646357926,   0.0004906602542,     0.05172824926,                 0,       31.93673708
          0,           0,          20,      -3.773972363,      -3.876157212,      -3.934459786,      -3.207070509,             0.448,  -0.0007285746569,     0.05163888992,                 0,                 0,                 0,    -0.02681469895,   -0.001854897723,     0.05161070749,                 0,      -70.87659369
          0,           0,          21,        -3.7974214,      -3.887255003,      -3.968421281,      -3.231044203,             0.448,   -0.002810714149,     0.05155866414,                 0,                 0,                 0,      -0.027161383,   -0.003934791606,     0.05148507916,                 0,       -18.3436171
          0,           0,          22,      -3.820311294,      -3.903497628,       -4.00240875,      -3.253907542,             0.448,   -0.004520073485,     0.05171108601,                 0,                 0,                 0,    -0.02742934944,   -0.005647069226,     0.05160017529,                 0,      -11.44031976
          0,           0,          23,      -3.841580672,      -3.922028587,      -4.032792075,      -3.274825509,             0.448,   -0.005779808694,     0.05220604133,                 0,                 0,                 0,    -0.02760872706,   -0.006917302046,     0.05206753185,                 0,      -9.032486038
          0,           0,          24,       -3.86134115,      -3.940421922,      -4.058376675,      -3.294081163,             0.448,   -0.006518541615,     0.05326690498,                 0,                 0,                 0,    -0.02763104604,   -0.007679001787,     0.05311202766,                 0,      -8.171598515
          0,           0,          25,      -3.880642802,      -3.958181965,      -4.080750608,      -3.312888485,             0.448,   -0.006743691994,     0.05469149278,                 0,                 0,                 0,    -0.02760968028,   -0.007935175806,     0.05453136482,                 0,      -8.110022348
          0,           0,          26,      -3.900885811,      -3.976853514,      -4.102144917,      -3.332757871,             0.448,   -0.006484254195,     0.05631253941,                 0,                 0,                 0,    -0.02763218651,   -0.007711162692,      0.0561576853,                 0,      -8.684505221
          0,           0,          27,       -3.92314976,      -3.998347076,      -4.124611956,      -3.354901088,             0.448,   -0.005777701313,     0.05811972705,                 0,                 0,                 0,     -0.0277068407,    -0.00704420154,     0.05797985624,                 0,      -10.05931666
          0,           0,          28,      -3.947363155,      -4.024072132,      -4.150117597,      -3.379328076,             0.448,   -0.004699695613,     0.06001751285,                 0,                 0,                 0,     -0.0278698232,   -0.006007852356,     0.05990070699,                 0,      -12.77051064
          0,           0,          29,       -3.97300758,      -4.054962694,      -4.180212782,      -3.405606833,             0.448,   -0.003360255135,      0.0618873504,                 0,                 0,                 0,    -0.02814304369,   -0.004709520919,     0.06179931931,                 0,      -18.41745579
          0,           0,          30,       -4.00026491,      -4.091459137,       -4.21518914,      -3.434046677,             0.448,   -0.001877120442,     0.06360948366,                 0,                 0,                 0,    -0.02853449996,   -0.003264307311,     0.06355339716,                 0,      -33.88673536
          0,           0,          31,      -4.029699924,      -4.133422916,      -4.253990777,      -3.465017465,             0.448,  -0.0003550332356,     0.06504912591,                 0,                 0,                 0,    -0.02906201342,   -0.001773987951,     0.06502590097,                 0,      -183.2198211
          0,           0,          32,      -4.061028239,      -4.179821445,      -4.294393407,      -3.497815716,             0.448,    0.001117087515,     0.06611200064,                 0,                 0,                 0,    -0.02974502725,  -0.0003254040145,     0.06612063691,                 0,       59.18247203
          0,           0,          33,       -4.09376225,      -4.228608837,      -4.333431532,      -3.531678116,             0.448,    0.002468158495,     0.06672600503,                 0,                 0,                 0,    -0.03059128766,    0.001011951012,     0.06676396864,                 0,       27.03473264
          0,           0,          34,      -4.127399192,      -4.276866987,      -4.368733638,      -3.565876332,             0.448,    0.003655939796,     0.06694525174,                 0,                 0,                 0,    -0.03154575872,    0.002194666811,     0.06700907449,                 0,       18.31136602
          0,           0,          35,       -4.16128796,      -4.321762734,      -4.399837987,      -3.599738897,             0.448,    0.004653695211,     0.06687533677,                 0,                 0,                 0,    -0.03253585246,    0.003193709974,     0.06696094208,                 0,       14.37037316
          0,           0,          36,      -4.194910904,      -4.362050815,       -4.42827963,      -3.632930199,             0.448,     0.00543896142,     0.06660332276,                 0,                 0,                 0,    -0.03350506179,    0.003984723265,     0.06670612329,                 0,       12.24559573
          0,           0,          37,      -4.227677564,      -4.398697199,      -4.456596959,      -3.665192641,             0.448,    0.005994495698,     0.06617577629,                 0,                 0,                 0,    -0.03441517302,    0.004549452219,     0.06629079748,                 0,       11.03942343
          0,           0,          38,      -4.258993798,      -4.433950903,      -4.487325966,      -3.696209447,             0.448,    0.006315078048,      0.0656355378,                 0,                 0,                 0,    -0.03522926627,    0.004881743519,     0.06575768102,                 0,       10.39346423
          0,           0,          39,      -4.288486376,      -4.469892902,      -4.522103321,      -3.725744928,             0.448,    0.006408821645,     0.06504607582,                 0,                 0,                 0,     -0.0359115989,    0.004988323853,     0.06517040432,                 0,       10.14945951
          0,           0,          40,      -4.316032476,      -4.507624627,      -4.561116907,      -3.753730384,             0.448,    0.006295912137,     0.06447535289,                 0,                 0,                 0,    -0.03643553253,    0.004887891469,      0.0645973541,                 0,       10.24082794
          0,           0,          41,      -4.341758453,      -4.547157109,      -4.603077772,       -3.78026207,             0.448,    0.006006274242,     0.06397823189,                 0,                 0,                 0,     -0.0367905698,    0.004609167138,     0.06409403299,                 0,       10.65189988
          0,           0,          42,      -4.365834255,      -4.587612042,       -4.64545982,      -3.805391382,             0.448,    0.005575854378,     0.06359957968,                 0,                 0,                 0,    -0.03697990067,    0.004187109956,     0.06370608133,                 0,       11.40624833
          0,           0,          43,      -4.388508288,      -4.627582488,      -4.685185019,      -3.829191044,             0.448,     0.00504232587,     0.06336131531,                 0,                 0,                 0,    -0.03702258873,    0.003658906124,     0.06345623479,                 0,       12.56589061
          0,           0,          44,      -4.410001653,      -4.665566117,      -4.719829499,      -3.851728837,             0.448,    0.004442721673,     0.06326983949,                 0,                 0,                 0,    -0.03694305404,    0.003061440151,     0.06335170045,                 0,       14.24123412
          0,           0,          45,       -4.43032509,      -4.700238904,       -4.74866138,      -3.872897102,             0.448,     0.00381171359,     0.06332067794,                 0,                 0,                 0,    -0.03676732475,    0.002429473196,     0.06338876142,                 0,       16.61212902
          0,           0,          46,      -4.449312831,      -4.730660867,      -4.772748162,      -3.892481994,             0.448,    0.003180895947,     0.06350767824,                 0,                 0,                 0,    -0.03651947773,     0.00179472628,     0.06356195602,                 0,       19.96534288
          0,           0,          47,      -4.466738532,      -4.756592166,       -4.79405244,      -3.910273829,             0.448,    0.002577369229,     0.06382149974,                 0,                 0,                 0,     -0.0362201961,    0.001184497206,     0.06386253696,                 0,       24.76226495
          0,           0,          48,      -4.482307818,       -4.77862643,      -4.814529253,      -3.926023155,             0.448,    0.002024572453,      0.0642434675,                 0,                 0,                 0,    -0.03589079919,   0.0006226268018,     0.06427234511,                 0,       31.73186882
          0,           0,          49,      -4.495980296,      -4.798168624,      -4.835344652,      -3.939770403,             0.448,    0.001539936064,      0.0647646987,                 0,                 0,                 0,    -0.03554229483,    0.000126735144,     0.06478287998,                 0,       42.05674523
          0,           0,          50,      -4.508015549,      -4.817042746,      -4.856693292,      -3.951869455,             0.448,    0.001135024862,       0.065372963,                 0,                 0,                 0,    -0.03518408681,  -0.0002913489149,     0.06538216644,                 0,       57.59606257
          0,           0,          51,       -4.51890246,      -4.837028314,       -4.87805061,      -3.962905946,             0.448,   0.0008168846027,     0.06606404514,                 0,                 0,                 0,    -0.03482069991,  -0.0006244893434,     0.06606614393,                 0,        80.8731673
          0,           0,          52,      -4.529231169,      -4.859437379,      -4.898368176,       -3.97351755,             0.448,   0.0005880887108,     0.06683637247,                 0,                 0,                 0,    -0.03445461211,    -0.00087007902,     0.06683329631,                 0,       113.6501539
          0,           0,          53,      -4.539399251,      -4.884888038,      -4.916988633,       -3.98406595,             0.448,   0.0004465440689,     0.06767905717,                 0,                 0,                 0,    -0.03409299929,   -0.001029973048,     0.06767269269,                 0,       151.5618768
          0,           0,          54,      -4.549869255,      -4.913331915,      -4.934072457,      -3.994970086,             0.448,   0.0003871394565,     0.06857740638,                 0,                 0,                 0,    -0.03374650722,   -0.001108960908,     0.06856953222,                 0,        177.138768
          0,           0,          55,      -4.561262696,      -4.944247172,      -4.950679231,      -4.006810715,             0.448,   0.0003994553074,     0.06949912565,                 0,                 0,                 0,    -0.03342970886,   -0.001116755188,     0.06949130081,                 0,       173.9847346
          0,           0,          56,      -4.574242246,      -4.976628453,      -4.968360292,      -4.020187245,             0.448,   0.0004704767662,     0.07041931137,                 0,                 0,                 0,    -0.03315030294,   -0.001065824376,     0.07041281688,                 0,       149.6764908
          0,           0,          57,      -4.589097827,      -5.009419026,      -4.988130354,       -4.03538782,             0.448,    0.000588025286,     0.07132343327,                 0,                 0,                 0,    -0.03290930723,  -0.0009680271451,     0.07131928793,                 0,       121.2931399
          0,           0,          58,      -4.606032071,      -5.041845049,       -5.01041713,      -4.052665335,             0.448,    0.000739421461,     0.07220109843,                 0,                 0,                 0,     -0.0327082711,   -0.000835813163,     0.07220004692,                 0,       97.64539203
          0,           0,          59,      -4.625035855,      -5.073522373,      -5.034857928,      -4.072071124,             0.448,   0.0009105523947,     0.07303193856,                 0,                 0,                 0,    -0.03255281813,  -0.0006828476356,     0.07303442253,                 0,        80.2061902
          0,           0,          60,      -4.645864377,      -5.104327425,      -5.060388051,      -4.093412748,             0.448,    0.001087614321,     0.07379880079,                 0,                 0,                 0,    -0.03244580189,  -0.0005225568568,     0.07380496486,                 0,       67.85383327
          0,           0,          61,      -4.668228927,      -5.134550109,      -5.086145393,      -4.116398997,             0.448,    0.001259676059,      0.0744975542,                 0,                 0,                 0,    -0.03238392556,    -0.00036577929,     0.07450730549,                 0,       59.14024774
          0,           0,          62,      -4.691814348,      -5.164724624,      -5.111442644,      -4.140678861,             0.448,    0.001417573385,     0.07512802174,                 0,                 0,                 0,    -0.03236245268,  -0.0002216731163,     0.07514106751,                 0,       52.99762435
          0,           0,          63,      -4.716000449,      -5.194939688,      -5.135767438,      -4.165558223,             0.448,    0.001553326321,     0.07568778831,                 0,                 0,                 0,    -0.03237766768,  -9.816372893e-05,      0.0757036623,                 0,       48.72626394
          0,           0,          64,      -4.740118165,      -5.225230652,      -5.159035722,      -4.190313884,             0.448,    0.001661648594,     0.07617341856,                 0,                 0,                 0,    -0.03242663772,  -4.612023924e-07,     0.07619154002,                 0,       45.84207446
          0,           0,          65,      -4.763680419,       -5.25547175,      -5.181369682,      -4.214371335,             0.448,    0.001740163254,     0.07658602813,                 0,                 0,                 0,    -0.03250453805,   6.903374327e-05,     0.07660576419,                 0,       44.01082942
          0,           0,          66,      -4.786305462,      -5.285027911,      -5.203065604,       -4.23728296,             0.448,    0.001788754922,     0.07692655296,                 0,                 0,                 0,    -0.03260713519,   0.0001101853376,     0.07694726801,                 0,       43.00564154
          0,           0,          67,      -4.807815855,      -5.313125487,      -5.224358544,      -4.258866319,             0.448,     0.00180808822,     0.07719184446,                 0,                 0,                 0,    -0.03273215199,   0.0001237267309,     0.07721291813,                 0,        42.6925211
          0,           0,          68,      -4.828317381,      -5.339038439,      -5.245708174,      -4.279234169,             0.448,    0.001800314276,     0.07738800105,                 0,                 0,                 0,    -0.03287292227,   0.0001116755037,     0.07740885845,                 0,       42.98582869
          0,           0,          69,      -4.848179464,      -5.362265905,      -5.267510762,      -4.298773863,             0.448,    0.001769138017,     0.07752315867,                 0,                 0,                 0,    -0.03302241694,   7.755821662e-05,      0.0775433038,                 0,       43.81973475
          0,           0,          70,      -4.867678134,      -5.382488525,      -5.289710264,      -4.317823192,             0.448,    0.001718984587,     0.07760788186,                 0,                 0,                 0,    -0.03317353012,   2.556849466e-05,     0.07762691273,                 0,       45.14751467
          0,           0,          71,      -4.887074282,      -5.399788916,       -5.31247554,      -4.336689916,             0.448,     0.00165419732,     0.07765353435,                 0,                 0,                 0,    -0.03331924422,  -4.019925809e-05,     0.07767114103,                 0,       46.94333221
          0,           0,          72,      -4.906576418,      -5.414562529,       -5.33591566,       -4.35565014,             0.448,     0.00157950713,     0.07766925628,                 0,                 0,                 0,    -0.03345490855,  -0.0001152146463,     0.07768522986,                 0,       49.17309634
          0,           0,          73,      -4.926365756,      -5.427402269,      -5.359902377,      -4.374951264,             0.448,     0.00149931327,     0.07766044111,                 0,                 0,                 0,    -0.03357802081,  -0.0001951971206,     0.07767466737,                 0,       51.79734127
          0,           0,          74,      -4.946560779,      -5.439195878,      -5.384444409,      -4.394744658,             0.448,    0.001417462151,     0.07763487903,                 0,                 0,                 0,     -0.0336855422,  -0.0002764711274,     0.07764732581,                 0,       54.77033654
          0,           0,          75,      -4.967245654,      -5.451004553,      -5.409639283,      -4.415127754,             0.448,    0.001337668966,     0.07760164423,                 0,                 0,                 0,    -0.03377442474,    -0.00035552031,     0.07761235823,                 0,       58.01259219
          0,           0,          76,      -4.988319141,      -5.463923415,      -5.435191534,      -4.436000142,             0.448,    0.001263003932,     0.07756807473,                 0,                 0,                 0,    -0.03384303786,  -0.0004294352616,     0.07757716792,                 0,       61.41554494
          0,           0,          77,      -5.009612402,      -5.478740129,      -5.460496921,      -4.457182418,             0.448,    0.001195881177,     0.07754111721,                 0,                 0,                 0,    -0.03389073397,  -0.0004959539674,     0.07754875254,                 0,       64.84015192
          0,           0,          78,      -5.030878314,      -5.495910907,      -5.484891943,      -4.478407226,             0.448,    0.001138000363,     0.07752607966,                 0,                 0,                 0,    -0.03391819926,  -0.0005534929649,      0.0775324559,                 0,       68.12482857
          0,           0,          79,      -5.051902807,      -5.515632332,      -5.507664152,      -4.499439397,             0.448,    0.001090195692,     0.07752444903,                 0,                 0,                 0,    -0.03392793051,  -0.0006012506882,     0.07752978281,                 0,       71.11058098
          0,           0,          80,      -5.072570967,       -5.53784974,      -5.528794366,      -4.520147539,             0.448,     0.00105252737,     0.07753995928,                 0,                 0,                 0,    -0.03392117722,  -0.0006392484007,     0.07754446763,                 0,       73.67025459
          0,           0,          81,      -5.092740281,      -5.562475586,      -5.548911326,      -4.540372408,             0.448,    0.001024599649,     0.07757474464,                 0,                 0,                 0,    -0.03389961798,  -0.0006679283142,     0.07757863548,                 0,       75.71224989
          0,           0,          82,      -5.112355194,      -5.589383165,       -5.56848019,      -4.560081789,             0.448,      0.0010058028,     0.07762951153,                 0,                 0,                 0,    -0.03386553548,  -0.0006879154235,     0.07763297928,                 0,       77.18164193
          0,           0,          83,      -5.131464779,       -5.61827504,      -5.587838626,      -4.579365047,             0.448,   0.0009951442309,     0.07770470398,                 0,                 0,                 0,    -0.03382068729,  -0.0007002117705,     0.07770792132,                 0,       78.08386118
          0,           0,          84,      -5.150141817,      -5.648694679,      -5.607227853,      -4.598309127,             0.448,   0.0009914627333,      0.0777996533,                 0,                 0,                 0,    -0.03376713265,  -0.0007059637004,     0.07780276773,                 0,       78.46956894
          0,           0,          85,      -5.168537208,         -5.680167,      -5.626908453,      -4.617064542,             0.448,   0.0009935223439,     0.07791309053,                 0,                 0,                 0,    -0.03370685955,  -0.0007063792002,     0.07791622291,                 0,       78.42107529
          0,           0,          86,      -5.186757357,      -5.712158983,       -5.64705675,      -4.635721621,             0.448,   0.0009999676215,     0.07804406669,                 0,                 0,                 0,    -0.03364161536,  -0.0007027926862,      0.0780473085,                 0,       78.04659372
          0,           0,          87,      -5.204858639,      -5.744214469,        -5.6677203,       -4.65431965,             0.448,    0.001009653854,     0.07818874301,                 0,                 0,                 0,     -0.0335742284,   -0.000696264856,     0.07819216169,                 0,       77.44113757
          0,           0,          88,      -5.222902252,      -5.775880429,      -5.688708016,      -4.672903517,             0.448,    0.001021503985,     0.07834287214,                 0,                 0,                 0,    -0.03350730432,  -0.0006877798538,     0.07834651265,                 0,       76.69365294
          0,           0,          89,      -5.240894591,      -5.806839869,      -5.709799671,      -4.691428424,             0.448,    0.001034501822,     0.07850338793,                 0,                 0,                 0,    -0.03344273283,  -0.0006782867444,     0.07850727379,                 0,       75.88520996
          0,           0,          90,      -5.258780789,      -5.836916217,      -5.731106407,      -4.709800532,             0.448,    0.001047844937,     0.07866713635,                 0,                 0,                 0,    -0.03338224036,   -0.000668518957,     0.07867127432,                 0,       75.07516957
          0,           0,          91,       -5.27645382,      -5.866370489,      -5.752304944,      -4.727885309,             0.448,    0.001060787762,     0.07883039291,                 0,                 0,                 0,    -0.03332735965,  -0.0006591406355,     0.07883477437,                 0,       74.31306784
          0,           0,          92,      -5.293876177,      -5.895357634,      -5.772796708,      -4.745627589,             0.448,    0.001072680166,     0.07899116769,                 0,                 0,                 0,    -0.03327845402,  -0.0006507583449,     0.07899577033,                 0,       73.63906801
          0,           0,          93,      -5.311054915,      -5.923814345,       -5.79212626,      -4.763007006,             0.448,    0.001083057463,     0.07914745666,                 0,                 0,                 0,    -0.03323568224,  -0.0006437929432,     0.07915224848,                 0,           73.0778
          0,           0,          94,      -5.327982514,      -5.951576098,       -5.81036239,      -4.779989944,             0.448,     0.00109165158,     0.07929641362,                 0,                 0,                 0,    -0.03319964284,  -0.0006384503502,     0.07930135747,                 0,       72.63893999
          0,           0,          95,      -5.344564925,      -5.978577639,      -5.827576767,      -4.796479475,             0.448,      0.0010983983,     0.07943754987,                 0,                 0,                 0,    -0.03316986805,  -0.0006347841068,     0.07944260732,                 0,       72.32126075
          0,           0,          96,      -5.360682864,      -6.004595186,       -5.84403489,      -4.812366602,             0.448,    0.001103313077,     0.07957067535,                 0,                 0,                 0,    -0.03314557193,   -0.000632774617,     0.07957580833,                 0,       72.11976097
          0,           0,          97,      -5.376337609,      -6.029507806,      -5.860159938,      -4.827682095,             0.448,     0.00110648145,     0.07969539779,                 0,                 0,                 0,    -0.03312615305,  -0.0006323278037,     0.07970057021,                 0,       72.02596829
          0,           0,          98,      -5.391643803,      -6.053229372,        -5.8760126,      -4.842591383,             0.448,    0.001108109771,      0.0798111749,                 0,                 0,                 0,    -0.03311116752,  -0.0006332255339,     0.07981635529,                 0,       72.02461072
          0,           0,          99,      -5.406677478,      -6.075747397,      -5.891740519,       -4.85721348,             0.448,    0.001108441093,      0.0799180635,                 0,                 0,                 0,    -0.03309992743,  -0.0006352260529,     0.07992322568,                 0,       72.09951342
          0,           0,         100,      -5.421514744,      -6.097174769,      -5.907498647,      -4.871650547,             0.448,    0.001107682065,     0.08001674785,                 0,                 0,                 0,    -0.03309150863,  -0.0006381376883,     0.08002186999,                 0,       72.23800977
          0,           0,         101,      -5.436264823,       -6.11780609,      -5.923458226,      -4.886034635,             0.448,    0.001106095287,     0.08010857127,                 0,                 0,                 0,    -0.03308491687,  -0.0006417272064,     0.08011363694,                 0,       72.42465656
          0,           0,         102,      -5.450990163,      -6.137904587,      -5.939520988,      -4.900443469,             0.448,    0.001103972785,      0.0801944335,                 0,                 0,                 0,    -0.03307946942,  -0.0006457222776,     0.08019943244,                 0,       72.64167611
          0,           0,         103,      -5.465735416,      -6.157693852,      -5.955701136,      -4.914927115,             0.448,    0.001101591644,     0.08027469019,                 0,                 0,                 0,    -0.03307478654,   -0.000649853643,     0.08027961808,                 0,       72.87154968
          0,           0,         104,       -5.48052073,      -6.177423728,      -5.972001282,      -4.929504041,             0.448,    0.001099138676,     0.08035050177,                 0,                 0,                 0,    -0.03307026688,  -0.0006539598477,     0.08035535811,                 0,       73.10315206
          0,           0,         105,      -5.495349502,      -6.197390794,      -5.988423635,      -4.944179688,             0.448,    0.001096786532,     0.08042183129,                 0,                 0,                 0,     -0.0330658143,  -0.0006578674772,     0.08042661934,                 0,       73.32496246
          0,           0,         106,        -5.5101736,      -6.217767419,      -6.004598042,      -4.958900856,             0.448,    0.001094709323,     0.08048950718,                 0,                 0,                 0,    -0.03306108879,  -0.0006614205335,     0.08049423382,                 0,       73.52591731
          0,           0,         107,      -5.524989726,      -6.238497715,       -6.02034989,       -4.97364921,             0.448,    0.001093023265,     0.08055446452,                 0,                 0,                 0,    -0.03305580804,  -0.0006645232277,     0.08055913891,                 0,       73.69876481
          0,           0,         108,      -5.539756812,      -6.259242162,       -6.03569037,      -4.988367376,             0.448,    0.001091774301,     0.08061697831,                 0,                 0,                 0,    -0.03305007296,  -0.0006671356253,     0.08062161058,                 0,       73.84033333
          0,           0,         109,      -5.554441405,      -6.279680716,      -6.050712139,       -5.00300658,             0.448,    0.001090930187,     0.08067712338,                 0,                 0,                 0,    -0.03304401652,  -0.0006692915965,     0.08068172292,                 0,       73.95259967
          0,           0,         110,      -5.569085001,      -6.299616623,      -6.065403199,      -5.017606359,             0.448,     0.00109046853,     0.08073520191,                 0,                 0,                 0,    -0.03303770898,  -0.0006710201197,     0.08073977756,                 0,       74.03716813
          0,           0,         111,       -5.58366368,      -6.318868609,      -6.079829262,      -5.032130147,             0.448,     0.00109037124,      0.0807917382,                 0,                 0,                 0,    -0.03303120912,  -0.0006723507194,     0.08079629828,                 0,       74.09562472
          0,           0,         112,      -5.598246364,      -6.337480354,      -6.094275259,      -5.046664226,             0.448,    0.001090582939,     0.08084687012,                 0,                 0,                 0,    -0.03302468447,  -0.0006733417668,     0.08085142169,                 0,       74.13179429
          0,           0,         113,      -5.612844351,      -6.355383514,       -6.10874795,      -5.061230346,             0.448,     0.00109102371,     0.08090040097,                 0,                 0,                 0,     -0.0330183784,  -0.0006740688704,     0.08090494942,                 0,       74.15091003
          0,           0,         114,      -5.627557433,       -6.37276853,      -6.123465189,      -5.075931654,             0.448,    0.001091609563,     0.08095242174,                 0,                 0,                 0,    -0.03301240364,  -0.0006746179837,     0.08095697059,                 0,       74.15876927
          0,           0,         115,      -5.642400501,      -6.389732327,      -6.138317104,      -5.090784325,             0.448,    0.001092251926,     0.08100306434,                 0,                 0,                 0,     -0.0330068086,  -0.0006750805362,     0.08100761515,                 0,       74.16152116
          0,           0,         116,      -5.657347003,      -6.406225246,      -6.153196359,      -5.105758193,             0.448,    0.001092892652,      0.0810523279,                 0,                 0,                 0,     -0.0330016666,  -0.0006755146413,     0.08105688097,                 0,       74.16311906
          0,           0,         117,      -5.672470592,      -6.422327931,      -6.168201541,      -5.120930302,             0.448,    0.001093477045,     0.08109988267,                 0,                 0,                 0,    -0.03299715411,  -0.0006759677893,     0.08110443717,                 0,       74.16697315
          0,           0,         118,      -5.687809892,      -6.438145293,      -6.183599811,      -5.136345635,             0.448,    0.001093949787,     0.08114515543,                 0,                 0,                 0,    -0.03299350357,    -0.00067648278,     0.08114970947,                 0,       74.17630715
          0,           0,         119,      -5.703333988,      -6.453768825,      -6.199393269,       -5.15197182,             0.448,    0.001094292467,      0.0811882381,                 0,                 0,                 0,    -0.03299067607,  -0.0006770800255,     0.08119278937,                 0,       74.19244906
          0,           0,         120,      -5.719019507,      -6.469131687,      -6.215390172,      -5.167781903,             0.448,    0.001094506833,     0.08122890024,                 0,                 0,                 0,    -0.03298873762,  -0.0006777527506,     0.08123344651,                 0,       74.21506912
          0,           0,         121,      -5.734870842,      -6.484217784,      -6.231282911,       -5.18377611,             0.448,    0.001094601183,     0.08126686017,                 0,                 0,                 0,    -0.03298777978,   -0.000678486514,     0.08127139946,                 0,       74.24335129
          0,           0,         122,      -5.750859361,       -6.49879577,      -6.246984921,      -5.199919313,             0.448,    0.001094571068,     0.08130197615,                 0,                 0,                 0,    -0.03298785315,  -0.0006792826733,     0.08130650642,                 0,       74.27747594
          0,           0,         123,      -5.766966004,      -6.512747015,      -6.262620543,      -5.216190905,             0.448,    0.001094409907,      0.0813340768,                 0,                 0,                 0,    -0.03298896227,  -0.0006801440675,     0.08133859592,                 0,       74.31774536
          0,           0,         124,      -5.783144132,       -6.52608681,      -6.278064849,      -5.232539071,             0.448,    0.001094133077,     0.08136292747,                 0,                 0,                 0,    -0.03299113081,  -0.0006810502062,     0.08136743368,                 0,       74.36291728
          0,           0,         125,      -5.799354578,      -6.538785905,      -6.293210991,      -5.248923014,             0.448,    0.001093774742,       0.081388359,                 0,                 0,                 0,    -0.03299431867,  -0.0006819632417,     0.08139285135,                 0,       74.41053069
          0,           0,         126,      -5.815556461,      -6.550637622,       -6.30827714,      -5.265291857,             0.448,     0.00109336302,     0.08141058295,                 0,                 0,                 0,    -0.03299843358,  -0.0006828596783,     0.08141506102,                 0,       74.45887729
          0,           0,         127,       -5.83171684,      -6.561646528,      -6.323225644,      -5.281608709,             0.448,    0.001092923269,     0.08142964222,                 0,                 0,                 0,    -0.03300343287,  -0.0006837151003,     0.08143410617,                 0,       74.50627552
          0,           0,         128,      -5.847770491,      -6.572084275,      -6.337857529,      -5.297815821,             0.448,    0.001092470947,     0.08144541488,                 0,                 0,                 0,    -0.03300928683,  -0.0006845113936,     0.08144986521,                 0,       74.55156139
          0,           0,         129,      -5.863633121,      -6.582125644,      -6.352096285,      -5.313822542,             0.448,     0.00109203184,      0.0814582884,                 0,                 0,                 0,    -0.03301579276,  -0.0006852312309,     0.08146272608,                 0,       74.59332726
          0,           0,         130,      -5.879282383,      -6.591934955,      -6.366150763,      -5.329596068,             0.448,    0.001091614699,     0.08146850131,                 0,                 0,                 0,    -0.03302282201,  -0.0006858710661,     0.08147292746,                 0,       74.63118755
          0,           0,         131,      -5.894714999,      -6.601740788,      -6.380177269,      -5.345128387,             0.448,    0.001091234844,     0.08147609013,                 0,                 0,                 0,    -0.03303032145,  -0.0006864163795,     0.08148050619,                 0,       74.66412071
          0,           0,         132,      -5.909867634,      -6.611765166,      -6.394350093,      -5.360357577,             0.448,    0.001090900654,     0.08148122493,                 0,                 0,                 0,    -0.03303813475,  -0.0006868625053,     0.08148563247,                 0,       74.69170052
          0,           0,         133,      -5.924661069,       -6.62219871,      -6.408443367,      -5.375208578,             0.448,     0.00109061048,     0.08148414689,                 0,                 0,                 0,    -0.03304610191,  -0.0006872163527,     0.08148854741,                 0,       74.71425263
          0,           0,         134,      -5.939052261,      -6.632959298,      -6.422367793,      -5.389636597,             0.448,    0.001090351023,     0.08148505647,                 0,                 0,                 0,    -0.03305410278,  -0.0006874955899,     0.08148945111,                 0,       74.73286561
          0,           0,         135,      -5.953050161,      -6.643988399,       -6.43625097,       -5.40364882,             0.448,    0.001090105904,     0.08148410703,                 0,                 0,                 0,    -0.03306204178,  -0.0006877199387,     0.08148849656,                 0,       74.74879893
          0,           0,         136,      -5.966665531,      -6.655244836,       -6.45029306,      -5.417251714,             0.448,    0.001089874894,      0.0814814978,                 0,                 0,                 0,    -0.03306984769,  -0.0006878939733,      0.0814858829,                 0,        74.7622486
          0,           0,         137,       -5.97989446,      -6.666764951,      -6.464718661,      -5.430443287,             0.448,     0.00108965968,     0.08147744017,                 0,                 0,                 0,    -0.03307744813,  -0.0006880206194,     0.08148182154,                 0,       74.77329082
          0,           0,         138,      -5.992756206,      -6.678664016,      -6.479178433,      -5.443243464,             0.448,    0.001089442912,      0.0814721623,                 0,                 0,                 0,    -0.03308475036,  -0.0006881221997,     0.08147654021,                 0,       74.78332401
          0,           0,         139,      -6.005309622,      -6.690913748,      -6.493680872,      -5.455711833,             0.448,    0.001089212189,     0.08146593615,                 0,                 0,                 0,     -0.0330916628,  -0.0006882170451,     0.08147031051,                 0,       74.79344883
          0,           0,         140,      -6.017609084,      -6.703553311,      -6.508009332,      -5.467898741,             0.448,    0.001088968149,      0.0814588595,                 0,                 0,                 0,    -0.03309816403,   -0.000688306651,     0.08146323021,                 0,       74.80371173
          0,           0,         141,      -6.029739985,      -6.716596356,      -6.522528982,      -5.479890515,             0.448,    0.001088709452,     0.08145108646,                 0,                 0,                 0,    -0.03310421954,  -0.0006883957186,     0.08145545338,                 0,       74.81434677
          0,           0,         142,      -6.041769635,      -6.730218875,      -6.537281003,      -5.491760909,             0.448,    0.001088428331,     0.08144287382,                 0,                 0,                 0,    -0.03310977623,  -0.0006884976148,     0.08144723656,                 0,       74.82612451
          0,           0,         143,      -6.053740335,      -6.744547782,      -6.552076256,       -5.50355538,             0.448,    0.001088111737,     0.08143437564,                 0,                 0,                 0,     -0.0331148166,  -0.0006886287465,      0.0814387335,                 0,       74.84008568
          0,           0,         144,      -6.065704646,      -6.759558227,      -6.566830865,      -5.515328703,             0.448,    0.001087747486,     0.08142573759,                 0,                 0,                 0,    -0.03311932722,  -0.0006888044729,     0.08143008956,                 0,       74.85720596
          0,           0,         145,      -6.077748586,      -6.775234377,      -6.581650711,      -5.527175588,             0.448,    0.001087350753,     0.08141705254,                 0,                 0,                 0,    -0.03312332109,  -0.0006890116478,     0.08142139791,                 0,       74.87653115
          0,           0,         146,      -6.089915349,      -6.791623342,      -6.596419212,      -5.539146325,             0.448,    0.001086929995,     0.08140842833,                 0,                 0,                 0,     -0.0331267902,  -0.0006892441698,     0.08141276658,                 0,       74.89758192
          0,           0,         147,      -6.102257782,      -6.808808541,      -6.611104094,      -5.551299059,             0.448,      0.0010864857,     0.08140002445,                 0,                 0,                 0,      -0.033129719,  -0.0006895050295,     0.08140435501,                 0,       74.92047475
          0,           0,         148,      -6.114810519,      -6.826756624,      -6.625592849,      -5.563669635,             0.448,    0.001086023296,     0.08139185514,                 0,                 0,                 0,    -0.03313215658,  -0.0006897891108,     0.08139617756,                 0,       74.94485196
          0,           0,         149,      -6.127581657,      -6.845424136,      -6.640036537,      -5.576267638,             0.448,    0.001085552917,     0.08138399933,                 0,                 0,                 0,    -0.03313412485,  -0.0006900880039,     0.08138831335,                 0,       74.97008946
          0,           0,         150,      -6.140614575,      -6.864751316,       -6.65433598,      -5.589144313,             0.448,     0.00108508031,     0.08137657286,                 0,                 0,                 0,    -0.03313562931,  -0.0006903984912,     0.08138087834,                 0,       74.99589856
          0,           0,         151,      -6.153912883,      -6.884644531,      -6.668458487,      -5.602308522,             0.448,    0.001084613198,     0.08136952462,                 0,                 0,                 0,    -0.03313672835,  -0.0006907117357,     0.08137382159,                 0,       75.02169878
          0,           0,         152,      -6.167477831,      -6.904875706,      -6.682234557,      -5.615765796,             0.448,    0.001084168372,     0.08136287265,                 0,                 0,                 0,    -0.03313745256,  -0.0006910113433,     0.08136716149,                 0,       75.04634403
          0,           0,         153,      -6.181302354,       -6.92524516,      -6.695498791,       -5.62951085,             0.448,    0.001083757156,     0.08135662844,                 0,                 0,                 0,    -0.03313783541,  -0.0006912862449,      0.0813609098,                 0,       75.06905766
          0,           0,         154,      -6.195349539,      -6.945512892,      -6.708264194,      -5.643505545,             0.448,    0.001083378108,     0.08135089969,                 0,                 0,                 0,    -0.03313790642,  -0.0006915402314,     0.08135517415,                 0,       75.09003471
          0,           0,         155,      -6.209614852,       -6.96563785,      -6.720707175,      -5.657744823,             0.448,    0.001083031717,      0.0813456683,                 0,                 0,                 0,    -0.03313770478,  -0.0006917724174,     0.08134993645,                 0,       75.10922075
          0,           0,         156,      -6.224079455,      -6.985279352,      -6.733040414,       -5.67221498,             0.448,    0.001082724996,     0.08134090371,                 0,                 0,                 0,     -0.0331372542,  -0.0006919751266,      0.0813451663,                 0,       75.12609761
          0,           0,         157,      -6.238656901,      -7.003851691,      -6.745129024,       -5.68683215,             0.448,    0.001082463277,     0.08133666778,                 0,                 0,                 0,    -0.03313656249,  -0.0006921443771,     0.08134092567,                 0,       75.14034844
          0,           0,         158,      -6.253308689,      -7.021065702,      -6.756842894,      -5.701558858,             0.448,    0.001082249317,     0.08133291683,                 0,                 0,                 0,    -0.03313568832,  -0.0006922764588,     0.08133717094,                 0,        75.1517377
          0,           0,         159,      -6.267983832,      -7.036718117,      -6.768215439,      -5.716338057,             0.448,    0.001082084925,     0.08132960867,                 0,                 0,                 0,    -0.03313467437,  -0.0006923686446,     0.08133385998,                 0,       75.16009766
          0,           0,         160,       -6.28260445,      -7.050621787,      -6.779543189,      -5.731086138,             0.448,    0.001081967195,     0.08132671259,                 0,                 0,                 0,    -0.03313354235,  -0.0006924231697,     0.08133096203,                 0,       75.16559929
          0,           0,         161,      -6.297132438,       -7.06272682,      -6.790965546,      -5.745765445,             0.448,    0.001081887966,     0.08132423205,                 0,                 0,                 0,    -0.03313231081,  -0.0006924482665,     0.08132848035,                 0,       75.16881099
          0,           0,         162,      -6.311513086,      -7.073129125,      -6.802304504,      -5.760317594,             0.448,    0.001081848006,     0.08132213197,                 0,                 0,                 0,    -0.03313101248,  -0.0006924424038,     0.08132637989,                 0,       75.16964628
          0,           0,         163,      -6.325687791,      -7.081973924,      -6.813723798,       -5.77467795,             0.448,    0.001081849695,     0.08132039285,                 0,                 0,                 0,    -0.03312966817,  -0.0006924027773,     0.08132464122,                 0,       75.16792143
          0,           0,         164,      -6.339587785,      -7.089459591,      -6.825328562,      -5.788769293,             0.448,    0.001081885772,     0.08131902157,                 0,                 0,                 0,    -0.03312828879,  -0.0006923367943,     0.08132327106,                 0,       75.16414734
          0,           0,         165,        -6.3531889,      -7.095925924,      -6.837378507,      -5.802570355,             0.448,    0.001081943692,     0.08131796602,                 0,                 0,                 0,     -0.0331268923,  -0.0006922558616,     0.08132221702,                 0,       75.15914797
          0,           0,         166,        -6.3664806,      -7.101804825,      -6.849688637,      -5.816066381,             0.448,    0.001082014367,     0.08131718944,                 0,                 0,                 0,    -0.03312549159,   -0.000692168262,     0.08132144217,                 0,       75.15352098
          0,           0,         167,        -6.3794696,      -7.107445488,      -6.862172033,      -5.829256337,             0.448,    0.001082095267,     0.08131672364,                 0,                 0,                 0,    -0.03312407868,    -0.00069207722,     0.08132097825,                 0,       75.14747187
          0,           0,         168,      -6.392188166,      -7.113131461,      -6.874804173,      -5.842167934,             0.448,    0.001082180495,     0.08131655775,                 0,                 0,                 0,    -0.03312266066,  -0.0006919883931,     0.08132081425,                 0,       75.14140026
          0,           0,         169,      -6.404651852,        -7.1190918,      -6.887626682,      -5.854809943,             0.448,     0.00108226884,     0.08131667248,                 0,                 0,                 0,    -0.03312124819,  -0.0006919025722,     0.08132093089,                 0,       75.13537253
          0,           0,         170,      -6.416881398,      -7.125577049,      -6.900723592,      -5.867199071,             0.448,    0.001082358744,     0.08131704162,                 0,                 0,                 0,    -0.03311985427,  -0.0006918207421,      0.0813213019,                 0,        75.1294726
          0,           0,         171,      -6.428904474,      -7.132791749,       -6.91399347,      -5.879362138,             0.448,    0.001082445596,     0.08131762134,                 0,                 0,                 0,    -0.03311849465,  -0.0006917465579,     0.08132188338,                 0,       75.12398005
          0,           0,         172,      -6.440770476,      -7.140804136,       -6.92731014,      -5.891345718,             0.448,    0.001082526126,     0.08131839105,                 0,                 0,                 0,     -0.0331171728,  -0.0006916828379,     0.08132265466,                 0,       75.11910253
          0,           0,         173,      -6.452542025,      -7.149723236,      -6.940835815,      -5.903209594,             0.448,    0.001082598165,     0.08131933202,                 0,                 0,                 0,    -0.03311588903,  -0.0006916313426,     0.08132359697,                 0,       75.11497304
          0,           0,         174,      -6.464269367,      -7.159698617,      -6.954646119,      -5.915002749,             0.448,    0.001082659313,     0.08132043167,                 0,                 0,                 0,    -0.03311464612,  -0.0006915941984,      0.0813246977,                 0,       75.11174632
          0,           0,         175,      -6.475989102,       -7.17080672,      -6.968706423,      -5.926762656,             0.448,    0.001082707624,     0.08132164982,                 0,                 0,                 0,    -0.03311345684,  -0.0006915724725,     0.08132591661,                 0,       75.10951987
          0,           0,         176,      -6.487723741,      -7.183065526,      -6.982996396,       -5.93851113,             0.448,    0.001082742813,     0.08132297103,                 0,                 0,                 0,    -0.03311232965,  -0.0006915661141,     0.08132723827,                 0,       75.10829908
          0,           0,         177,      -6.499518492,       -7.19654194,      -6.997346073,      -5.950296617,             0.448,    0.001082766858,     0.08132436509,                 0,                 0,                 0,    -0.03311127775,  -0.0006915724864,     0.08132863252,                 0,       75.10791867
          0,           0,         178,       -6.51141042,      -7.211191669,      -7.011811393,      -5.962157665,             0.448,    0.001082779198,     0.08132581094,                 0,                 0,                 0,    -0.03311030567,  -0.0006915916904,      0.0813300783,                 0,       75.10839801
          0,           0,         179,      -6.523396009,      -7.226788014,      -7.026054199,      -5.974086152,             0.448,    0.001082781468,     0.08132730597,                 0,                 0,                 0,    -0.03310940717,  -0.0006916220341,     0.08133157302,                 0,       75.10962123
          0,           0,         180,      -6.535536229,      -7.243310601,       -7.04038076,      -5.986146212,             0.448,     0.00108277541,     0.08132882077,                 0,                 0,                 0,    -0.03310858687,  -0.0006916611362,     0.08133308734,                 0,       75.11144048
          0,           0,         181,      -6.547878295,      -7.260766586,      -7.054831354,      -5.998392143,             0.448,    0.001082758339,     0.08133030339,                 0,                 0,                 0,    -0.03310785592,  -0.0006917105467,     0.08133456923,                 0,       75.11399403
          0,           0,         182,      -6.560406879,      -7.279239149,      -7.069278109,      -6.010808171,             0.448,    0.001082730629,     0.08133172523,                 0,                 0,                 0,    -0.03310721987,  -0.0006917692674,     0.08133599013,                 0,        75.1172296
          0,           0,         183,      -6.573114666,      -7.298652009,      -7.083500687,      -6.023392349,             0.448,    0.001082695267,     0.08133307592,                 0,                 0,                 0,    -0.03310667773,  -0.0006918340854,     0.08133733972,                 0,       75.12093048
          0,           0,         184,      -6.586006657,      -7.318774886,      -7.097307481,      -6.036155219,             0.448,    0.001082653331,     0.08133435005,                 0,                 0,                 0,    -0.03310622942,  -0.0006919038071,     0.08133861263,                 0,       75.12501716
          0,           0,         185,      -6.599061519,      -7.339372207,      -7.110750475,      -6.049072872,             0.448,    0.001082607672,     0.08133550668,                 0,                 0,                 0,    -0.03310588269,  -0.0006919746868,     0.08133976799,                 0,       75.12925392
          0,           0,         186,      -6.612273757,      -7.360163602,      -7.124001266,      -6.062141523,             0.448,    0.001082558459,      0.0813365354,                 0,                 0,                 0,    -0.03310563613,  -0.0006920463293,      0.0813407954,                 0,       75.13361954
          0,           0,         187,       -6.62561593,      -7.380907942,      -7.137180361,      -6.075336896,             0.448,     0.00108250712,     0.08133740989,                 0,                 0,                 0,    -0.03310549328,  -0.0006921167333,     0.08134166856,                 0,       75.13799069
          0,           0,         188,      -6.639033189,      -7.401442644,      -7.150093898,      -6.088608939,             0.448,      0.0010824527,     0.08133812992,                 0,                 0,                 0,    -0.03310544703,  -0.0006921868479,     0.08134238723,                 0,       75.14243342
          0,           0,         189,      -6.652490209,      -7.421486409,      -7.162531061,      -6.101924481,             0.448,     0.00108239498,     0.08133866749,                 0,                 0,                 0,    -0.03310549848,  -0.0006922562812,     0.08134292341,                 0,       75.14693713
          0,           0,         190,      -6.665977578,      -7.440671556,       -7.17457937,      -6.115276201,             0.448,    0.001082334379,     0.08133900359,                 0,                 0,                 0,    -0.03310564648,  -0.0006923241998,     0.08134325811,                 0,       75.15145522
          0,           0,         191,      -6.679478756,      -7.458655122,      -7.186419401,      -6.128648411,             0.448,    0.001082271798,     0.08133915548,                 0,                 0,                 0,    -0.03310587911,  -0.0006923900786,     0.08134340859,                 0,       75.15594105
          0,           0,         192,      -6.692972147,       -7.47518963,      -7.198162807,      -6.142021671,             0.448,    0.001082207699,     0.08133912528,                 0,                 0,                 0,    -0.03310619068,  -0.0006924535038,     0.08134337701,                 0,       75.16036464
          0,           0,         193,      -6.706441003,      -7.490127816,      -7.209824794,      -6.155380592,             0.448,    0.001082141757,     0.08133889435,                 0,                 0,                 0,    -0.03310658021,  -0.0006925143928,     0.08134314469,                 0,       75.16473128
          0,           0,         194,      -6.719873261,      -7.503410865,      -7.221397942,      -6.168714685,             0.448,     0.00108207481,     0.08133845822,                 0,                 0,                 0,    -0.03310704136,  -0.0006925718098,     0.08134270721,                 0,       75.16897861
          0,           0,         195,      -6.733245844,      -7.515083362,      -7.232895292,      -6.182002223,             0.448,    0.001082007597,     0.08133781581,                 0,                 0,                 0,     -0.0331075695,  -0.0006926249918,     0.08134206348,                 0,       75.17305424
          0,           0,         196,      -6.746533396,      -7.525295178,      -7.244360549,      -6.195219453,             0.448,     0.00108194009,     0.08133696462,                 0,                 0,                 0,    -0.03310816349,  -0.0006926739143,     0.08134121102,                 0,        75.1769579
          0,           0,         197,      -6.759728674,      -7.534242311,      -7.255818878,      -6.208361107,             0.448,    0.001081872815,     0.08133590971,                 0,                 0,                 0,    -0.03310881422,   -0.000692718161,      0.0813401549,                 0,       75.18065764
          0,           0,         198,      -6.772860938,      -7.542134375,      -7.267155003,      -6.221455713,             0.448,    0.001081805092,     0.08133465142,                 0,                 0,                 0,    -0.03310951134,  -0.0006927584183,     0.08133889543,                 0,       75.18420094
          0,           0,         199,       -6.78593259,       -7.54920931,      -7.278682675,      -6.234497756,             0.448,     0.00108173669,     0.08133321643,                 0,                 0,                 0,    -0.03311024396,  -0.0006927954995,     0.08133745928,                 0,       75.18762851
          0,           0,         200,      -6.798961188,       -7.55582935,      -7.290554842,      -6.247507003,             0.448,    0.001081668406,     0.08133161235,                 0,                 0,                 0,    -0.03311100601,  -0.0006928287749,      0.0813358541,                 0,       75.19089205
          0,           0,         201,      -6.811971503,      -7.562366033,      -7.302778224,      -6.260509885,             0.448,    0.001081600665,     0.08132984308,                 0,                 0,                 0,     -0.0331117909,  -0.0006928579032,     0.08133408378,                 0,       75.19396548
          0,           0,         202,      -6.824983736,      -7.569035676,      -7.315332649,      -6.273526899,             0.448,    0.001081533921,     0.08132792278,                 0,                 0,                 0,    -0.03311259107,  -0.0006928827403,     0.08133216247,                 0,       75.19683035
          0,           0,         203,      -6.838024294,       -7.57605026,      -7.328232523,      -6.286583712,             0.448,    0.001081468791,     0.08132586367,                 0,                 0,                 0,    -0.03311339976,  -0.0006929029355,     0.08133010243,                 0,       75.19945498
          0,           0,         204,      -6.851128258,      -7.583597097,      -7.341567105,      -6.299713246,             0.448,    0.001081405917,     0.08132367921,                 0,                 0,                 0,    -0.03311421022,  -0.0006929181411,     0.08132791712,                 0,       75.20180715
          0,           0,         205,      -6.864340665,      -7.591872126,      -7.355269772,      -6.312959685,             0.448,    0.001081345529,     0.08132139209,                 0,                 0,                 0,    -0.03311501355,   -0.000692928621,     0.08132562923,                 0,       75.20389172
          0,           0,         206,      -6.877652719,      -7.601058405,      -7.369439239,      -6.326308047,             0.448,    0.001081286995,     0.08131901935,                 0,                 0,                 0,    -0.03311580247,  -0.0006929353807,     0.08132325578,                 0,       75.20576846
          0,           0,         207,      -6.891076183,      -7.611265494,      -7.383957515,      -6.339772029,             0.448,    0.001081230683,     0.08131657029,                 0,                 0,                 0,    -0.03311657277,  -0.0006929382528,     0.08132080608,                 0,       75.20742017
          0,           0,         208,      -6.904626521,      -7.622530011,      -7.398757902,       -6.35336681,             0.448,    0.001081177464,     0.08131405819,                 0,                 0,                 0,    -0.03311731944,  -0.0006929366577,      0.0813182934,                 0,       75.20879863
          0,           0,         209,      -6.918320961,       -7.63483445,       -7.41383604,      -6.367108153,             0.448,    0.001081127449,     0.08131150711,                 0,                 0,                 0,    -0.03311803644,  -0.0006929310094,     0.08131574184,                 0,       75.20991828
          0,           0,         210,      -6.932174314,      -7.648181364,      -7.429184918,      -6.381010405,             0.448,    0.001081080556,     0.08130893452,                 0,                 0,                 0,    -0.03311871943,  -0.0006929217709,     0.08131316884,                 0,       75.21080098
          0,           0,         211,      -6.946192047,      -7.662581065,      -7.444760599,      -6.395078568,             0.448,    0.001081037096,     0.08130635646,                 0,                 0,                 0,    -0.03311936362,    -0.00069290898,     0.08131059045,                 0,       75.21143977
          0,           0,         212,      -6.960366568,      -7.678000908,      -7.460495808,      -6.409303103,             0.448,    0.001080997699,     0.08130379675,                 0,                 0,                 0,    -0.03311996348,  -0.0006928925279,     0.08130803049,                 0,       75.21181294
          0,           0,         213,      -6.974700699,      -7.694393322,      -7.476369263,      -6.423688546,             0.448,    0.001080962832,     0.08130127236,                 0,                 0,                 0,    -0.03312051722,  -0.0006928723173,     0.08130550594,                 0,       75.21190362
          0,           0,         214,      -6.989188244,      -7.711697944,      -7.492335175,      -6.438229142,             0.448,    0.001080932485,     0.08129879276,                 0,                 0,                 0,    -0.03312102488,  -0.0006928485656,     0.08130302627,                 0,       75.21172129
          0,           0,         215,      -7.003804643,      -7.729810456,      -7.508318868,      -6.452900414,             0.448,    0.001080906963,     0.08129636574,                 0,                 0,                 0,    -0.03312148661,  -0.0006928211354,     0.08130059926,                 0,       75.21125174
          0,           0,         216,      -7.018529281,       -7.74853304,      -7.524229022,      -6.467682646,             0.448,    0.001080886307,     0.08129400627,                 0,                 0,                 0,    -0.03312190067,  -0.0006927903157,     0.08129823991,                 0,       75.21050619
          0,           0,         217,       -7.03333781,      -7.767662355,      -7.540004825,      -6.482551272,             0.448,    0.001080870255,     0.08129173021,                 0,                 0,                 0,    -0.03312226592,  -0.0006927567118,     0.08129596404,                 0,       75.20951738
          0,           0,         218,      -7.048188034,       -7.78701534,      -7.555576108,       -6.49746353,             0.448,    0.001080858532,     0.08128954726,                 0,                 0,                 0,    -0.03312258329,  -0.0006927208107,     0.08129378136,                 0,       75.20831341
          0,           0,         219,      -7.063039948,       -7.80640192,      -7.570865435,      -6.512380001,             0.448,    0.001080851332,     0.08128745785,                 0,                 0,                 0,    -0.03312285571,  -0.0006926824295,     0.08129169228,                 0,       75.20688135
          0,           0,         220,      -7.077862344,      -7.825593613,       -7.58581702,      -6.527269388,             0.448,    0.001080848597,     0.08128546597,                 0,                 0,                 0,    -0.03312308553,  -0.0006926417109,     0.08128970082,                 0,       75.20522875
          0,           0,         221,      -7.092608332,      -7.844320748,      -7.600376307,      -6.542082968,             0.448,    0.001080849967,     0.08128358274,                 0,                 0,                 0,    -0.03312327308,  -0.0006925992591,     0.08128781807,                 0,       75.20339108
          0,           0,         222,       -7.10722687,      -7.862327657,      -7.614503405,      -6.556769216,             0.448,    0.001080855438,     0.08128180948,                 0,                 0,                 0,    -0.03312342126,  -0.0006925551055,     0.08128604535,                 0,       75.20136978
          0,           0,         223,      -7.121687309,       -7.87935064,      -7.628159023,      -6.571297926,             0.448,    0.001080864956,     0.08128014438,                 0,                 0,                 0,    -0.03312353348,  -0.0006925092654,     0.08128438085,                 0,       75.19916702
          0,           0,         224,      -7.135949411,      -7.895192623,      -7.641323493,      -6.585626331,             0.448,    0.001080878151,     0.08127858682,                 0,                 0,                 0,    -0.03312361292,  -0.0006924620961,     0.08128282395,                 0,       75.19680803
          0,           0,         225,      -7.149978033,       -7.90975124,      -7.653996978,      -6.599718012,             0.448,    0.001080894693,     0.08127713033,                 0,                 0,                 0,    -0.03312366364,  -0.0006924137845,     0.08128136817,                 0,       75.19430971
          0,           0,         226,      -7.163746588,      -7.922996584,      -7.666211498,       -6.61354534,             0.448,    0.001080914488,     0.08127577657,                 0,                 0,                 0,      -0.033123688,  -0.0006923644626,     0.08128001516,                 0,       75.19168028
          0,           0,         227,       -7.17723314,      -7.934987561,      -7.678019109,      -6.627085401,             0.448,    0.001080937241,     0.08127452602,                 0,                 0,                 0,    -0.03312368881,  -0.0006923144344,      0.0812787654,                 0,       75.18894063
          0,           0,         228,      -7.190412077,      -7.945841265,      -7.689457142,      -6.640311319,             0.448,     0.00108096263,     0.08127337439,                 0,                 0,                 0,    -0.03312366965,  -0.0006922639286,      0.0812776146,                 0,       75.18610925
          0,           0,         229,      -7.203302181,      -7.955694571,      -7.700517312,      -6.653242312,             0.448,    0.001080990375,     0.08127231553,                 0,                 0,                 0,    -0.03312363375,  -0.0006922130911,      0.0812765566,                 0,       75.18319997
          0,           0,         230,      -7.215914702,      -7.964701894,      -7.711318119,      -6.665885385,             0.448,    0.001081019947,      0.0812713461,                 0,                 0,                 0,    -0.03312358408,  -0.0006921623784,     0.08127558804,                 0,       75.18024653
          0,           0,         231,      -7.228272593,      -7.973093923,      -7.721983063,      -6.678260929,             0.448,    0.001081051147,     0.08127046619,                 0,                 0,                 0,    -0.03312352198,  -0.0006921119901,     0.08127470903,                 0,       75.17726278
          0,           0,         232,      -7.240403936,      -7.981162886,      -7.732603439,      -6.690396196,             0.448,    0.001081083622,      0.0812696722,                 0,                 0,                 0,    -0.03312344955,  -0.0006920622025,     0.08127391593,                 0,        75.1742701
          0,           0,         233,      -7.252340841,      -7.989166962,      -7.743244393,      -6.702323576,             0.448,    0.001081117035,     0.08126895895,                 0,                 0,                 0,    -0.03312336919,  -0.0006920132377,     0.08127320358,                 0,       75.17128701
          0,           0,         234,      -7.264123745,      -7.997321417,      -7.753967148,      -6.714083981,             0.448,    0.001081151114,     0.08126832202,                 0,                 0,                 0,      -0.033123283,  -0.0006919652727,     0.08127256754,                 0,       75.16832844
          0,           0,         235,      -7.275799827,      -8.005826375,      -7.764841653,      -6.725724867,             0.448,    0.001081185467,     0.08126775611,                 0,                 0,                 0,     -0.0331231932,  -0.0006919185828,     0.08127200253,                 0,       75.16541668
          0,           0,         236,      -7.287419014,      -8.014868929,      -7.775938485,      -6.737296529,             0.448,    0.001081219748,     0.08126725599,                 0,                 0,                 0,    -0.03312310165,  -0.0006918733997,     0.08127150327,                 0,       75.16257094
          0,           0,         237,      -7.299030937,      -8.024617837,      -7.787313691,      -6.748849533,             0.448,    0.001081253753,     0.08126681688,                 0,                 0,                 0,     -0.0331230096,  -0.0006918298233,       0.081271065,                 0,       75.15980096
          0,           0,         238,       -7.31068678,      -8.035210737,      -7.798997374,      -6.760436301,             0.448,     0.00108128725,     0.08126643471,                 0,                 0,                 0,    -0.03312291821,  -0.0006917879972,     0.08127068366,                 0,       75.15711916
          0,           0,         239,      -7.322434584,      -8.046740361,      -7.811026356,      -6.772106439,             0.448,    0.001081319885,     0.08126610434,                 0,                 0,                 0,    -0.03312282896,  -0.0006917481634,     0.08127035407,                 0,       75.15454537
          0,           0,         240,      -7.334318815,      -8.059276115,      -7.823435187,      -6.783906237,             0.448,    0.001081351333,      0.0812658202,                 0,                 0,                 0,    -0.03312274318,  -0.0006917105241,     0.08127007069,                 0,       75.15209693
          0,           0,         241,      -7.346377955,      -8.072861358,      -7.836248325,      -6.795875502,             0.448,    0.001081381471,     0.08126557835,                 0,                 0,                 0,    -0.03312266147,   -0.000691675117,     0.08126982955,                 0,       75.14977877
          0,           0,         242,      -7.358645858,       -8.08752086,       -7.84946887,      -6.808049867,             0.448,    0.001081410141,     0.08126537443,                 0,                 0,                 0,    -0.03312258448,  -0.0006916420055,     0.08126962631,                 0,       75.14759787
          0,           0,         243,      -7.371150274,      -8.103253459,      -7.863088747,      -6.820459005,             0.448,     0.00108143714,     0.08126520405,                 0,                 0,                 0,    -0.03312251291,  -0.0006916112966,     0.08126945656,                 0,       75.14556423
          0,           0,         244,      -7.383913076,       -8.12002778,      -7.877092155,      -6.833126576,             0.448,     0.00108146231,     0.08126506297,                 0,                 0,                 0,    -0.03312244728,  -0.0006915830548,     0.08126931606,                 0,       75.14368483
          0,           0,         245,      -7.396949731,      -8.137788142,      -7.891455754,      -6.846069744,             0.448,    0.001081485538,     0.08126494706,                 0,                 0,                 0,    -0.03312238795,  -0.0006915573042,     0.08126920068,                 0,       75.14196375
          0,           0,         246,      -7.410268528,      -8.156449584,      -7.906149401,      -6.859298411,             0.448,    0.001081506717,     0.08126485249,                 0,                 0,                 0,    -0.03312233521,  -0.0006915340667,      0.0812691066,                 0,       75.14040478
          0,           0,         247,      -7.423871916,      -8.175898662,      -7.921134408,      -6.872816672,             0.448,    0.001081525809,     0.08126477591,                 0,                 0,                 0,    -0.03312228911,  -0.0006915133091,     0.08126903046,                 0,       75.13900756
          0,           0,         248,      -7.437756133,      -8.195987881,      -7.936366445,      -6.886622335,             0.448,    0.001081542729,     0.08126471358,                 0,                 0,                 0,    -0.03312224982,  -0.0006914950334,     0.08126896851,                 0,       75.13777443
          0,           0,         249,      -7.451911047,      -8.216532908,      -7.951799763,      -6.900706624,             0.448,    0.001081557449,     0.08126466231,                 0,                 0,                 0,    -0.03312221732,  -0.0006914791978,     0.08126891757,                 0,       75.13670435
          0,           0,         250,      -7.466320887,      -8.237316793,       -7.96738926,      -6.915054916,             0.448,    0.001081570021,     0.08126461966,                 0,                 0,                 0,    -0.03312219129,  -0.0006914656987,     0.08126887521,                 0,       75.13579157
          0,           0,         251,      -7.480965062,      -8.258097424,      -7.983086055,       -6.92964759,             0.448,     0.00108158047,     0.08126458319,                 0,                 0,                 0,    -0.03312217147,  -0.0006914544566,     0.08126883898,                 0,       75.13503197
          0,           0,         252,      -7.495817323,      -8.278603085,      -7.998838295,      -6.944459133,             0.448,    0.001081588894,     0.08126455113,                 0,                 0,                 0,    -0.03312215735,  -0.0006914453354,      0.0812688071,                 0,       75.13441715
          0,           0,         253,      -7.510847243,      -8.298549508,       -8.01459218,      -6.959459692,             0.448,    0.001081595392,     0.08126452187,                 0,                 0,                 0,    -0.03312214844,  -0.0006914382002,     0.08126877799,                 0,       75.13393867
          0,           0,         254,      -7.526021391,      -8.317652394,      -8.030296685,      -6.974616173,             0.448,    0.001081600064,     0.08126449399,                 0,                 0,                 0,    -0.03312214423,  -0.0006914329218,     0.08126875023,                 0,        75.1335884
          0,           0,         255,       -7.54130412,      -8.335653288,      -8.045907761,      -6.989892975,             0.448,    0.001081603022,     0.08126446638,                 0,                 0,                 0,    -0.03312214416,  -0.0006914293619,     0.08126872268,                 0,       75.13335738
          0,           0,         256,      -7.556658256,        -8.3523448,      -8.061389799,      -7.005252654,             0.448,    0.001081604391,     0.08126443815,                 0,                 0,                 0,    -0.03312214764,  -0.0006914273771,     0.08126869449,                 0,       75.13323616
          0,           0,         257,      -7.572045885,      -8.367587376,      -8.076714964,      -7.020656724,             0.448,    0.001081604305,     0.08126440866,                 0,                 0,                 0,    -0.03312215406,  -0.0006914268203,     0.08126866501,                 0,       75.13321491
          0,           0,         258,      -7.587429732,      -8.381323725,      -8.091861937,      -7.036067099,             0.448,    0.001081602902,     0.08126437752,                 0,                 0,                 0,    -0.03312216279,  -0.0006914275436,     0.08126863384,                 0,       75.13328358
          0,           0,         259,      -7.602774215,      -8.393576937,      -8.106817568,      -7.051447067,             0.448,    0.001081600317,     0.08126434448,                 0,                 0,                 0,    -0.03312217322,  -0.0006914294066,     0.08126860076,                 0,       75.13343255
          0,           0,         260,      -7.618046672,      -8.404455252,      -8.121577883,      -7.066762559,             0.448,    0.001081596684,     0.08126430954,                 0,                 0,                 0,    -0.03312218474,  -0.0006914322771,     0.08126856575,                 0,       75.13365265
          0,           0,         261,      -7.633218508,      -8.414143235,      -8.136147137,        -7.0819834,             0.448,    0.001081592131,     0.08126427293,                 0,                 0,                 0,    -0.03312219671,  -0.0006914360304,     0.08126852905,                 0,       75.13393508
          0,           0,         262,      -7.648265721,      -8.422878678,      -8.150537576,      -7.097083845,             0.448,    0.001081586805,     0.08126423492,                 0,                 0,                 0,    -0.03312220857,  -0.0006914405258,     0.08126849093,                 0,       75.13426991
          0,           0,         263,      -7.663170121,      -8.430929916,      -8.164768708,      -7.112043871,             0.448,    0.001081580844,     0.08126419594,                 0,                 0,                 0,    -0.03312221978,  -0.0006914456349,     0.08126845182,                 0,       75.13464796
          0,           0,         264,      -7.677919513,      -8.438576421,      -8.178865892,      -7.126849411,             0.448,    0.001081574377,     0.08126415655,                 0,                 0,                 0,    -0.03312222979,  -0.0006914512415,      0.0812684123,                 0,       75.13506081
          0,           0,         265,      -7.692507817,      -8.446092395,      -8.192858581,      -7.141492571,             0.448,    0.001081567528,      0.0812641174,                 0,                 0,                 0,    -0.03312223814,  -0.0006914572343,     0.08126837302,                 0,       75.13550037
          0,           0,         266,       -7.70693537,      -8.453734181,      -8.206778212,       -7.15597204,             0.448,    0.001081560405,     0.08126407917,                 0,                 0,                 0,    -0.03312224439,   -0.000691463522,     0.08126833463,                 0,       75.13595989
          0,           0,         267,      -7.721208653,       -8.46173146,      -8.220656883,      -7.170292851,             0.448,     0.00108155309,     0.08126404243,                 0,                 0,                 0,    -0.03312224823,  -0.0006914700333,     0.08126829775,                 0,       75.13643405
          0,           0,         268,      -7.735339409,      -8.470283129,      -8.234526409,      -7.184465478,             0.448,    0.001081545707,     0.08126400822,                 0,                 0,                 0,    -0.03312224923,  -0.0006914766688,     0.08126826338,                 0,       75.13691537
          0,           0,         269,      -7.749343881,      -8.479557858,      -8.248414372,      -7.198505202,             0.448,    0.001081538354,     0.08126397747,                 0,                 0,                 0,    -0.03312224706,  -0.0006914833484,     0.08126823248,                 0,       75.13739771
          0,           0,         270,      -7.763241331,      -8.489690773,      -8.262342207,       -7.21243073,             0.448,    0.001081531116,     0.08126395096,                 0,                 0,                 0,    -0.03312224148,  -0.0006914900062,     0.08126820581,                 0,       75.13787604
          0,           0,         271,      -7.777053722,      -8.500784935,      -8.276326891,      -7.226263798,             0.448,    0.001081524074,     0.08126392957,                 0,                 0,                 0,    -0.03312223227,  -0.0006914965802,     0.08126818428,                 0,       75.13834551
          0,           0,         272,      -7.790805085,      -8.512917639,      -8.290382333,      -7.240028481,             0.448,    0.001081517292,     0.08126391419,                 0,                 0,                 0,     -0.0331222193,  -0.0006915030257,     0.08126816875,                 0,       75.13880251
          0,           0,         273,      -7.804519455,      -8.526142186,        -8.3045179,      -7.253749144,             0.448,    0.001081510821,     0.08126390552,                 0,                 0,                 0,    -0.03312220251,  -0.0006915093057,     0.08126815994,                 0,       75.13924405
          0,           0,         274,      -7.818219643,      -8.540485841,      -8.318734169,      -7.267449266,             0.448,    0.001081504712,     0.08126390424,                 0,                 0,                 0,    -0.03312218187,  -0.0006915153856,     0.08126815854,                 0,       75.13966732
          0,           0,         275,      -7.831926578,      -8.555951495,      -8.333022059,       -7.28115069,             0.448,    0.001081499004,     0.08126391098,                 0,                 0,                 0,    -0.03312215741,  -0.0006915212387,     0.08126816515,                 0,       75.14007009
          0,           0,         276,      -7.845658414,      -8.572519003,      -8.347364746,      -7.294872644,             0.448,    0.001081493726,     0.08126392619,                 0,                 0,                 0,    -0.03312212924,  -0.0006915268479,     0.08126818024,                 0,        75.1404509
          0,           0,         277,      -7.859431243,       -8.59014376,      -8.361739545,       -7.30863262,             0.448,    0.001081488914,     0.08126395044,                 0,                 0,                 0,    -0.03312209742,  -0.0006915321879,     0.08126820438,                 0,       75.14080766
          0,           0,         278,      -7.873256845,       -8.60875939,      -8.376122473,       -7.32244376,             0.448,    0.001081484586,     0.08126398409,                 0,                 0,                 0,    -0.03312206213,  -0.0006915372487,     0.08126823792,                 0,       75.14113947
          0,           0,         279,      -7.887142898,      -8.628275016,      -8.390485084,      -7.336315134,             0.448,    0.001081480741,     0.08126402722,                 0,                 0,                 0,    -0.03312202363,   -0.000691542033,     0.08126828096,                 0,       75.14144645
          0,           0,         280,      -7.901090978,      -8.648567436,      -8.404794086,      -7.350249619,             0.448,    0.001081477386,     0.08126407994,                 0,                 0,                 0,    -0.03312198215,  -0.0006915465374,      0.0812683336,                 0,       75.14172832
          0,           0,         281,      -7.915099859,      -8.669477001,      -8.419013803,      -7.364247542,             0.448,    0.001081474526,     0.08126414234,                 0,                 0,                 0,    -0.03312193796,  -0.0006915507582,     0.08126839591,                 0,       75.14198475
          0,           0,         282,      -7.929164289,      -8.690816965,      -8.433111602,      -7.378304947,             0.448,    0.001081472154,     0.08126421431,                 0,                 0,                 0,    -0.03312189135,     -0.0006915547,     0.08126846782,                 0,       75.14221613
          0,           0,         283,      -7.943275016,      -8.712372789,      -8.447057547,      -7.392413648,             0.448,    0.001081470259,     0.08126429569,                 0,                 0,                 0,    -0.03312184267,  -0.0006915583691,     0.08126854914,                 0,         75.142423
          0,           0,         284,      -7.957419113,      -8.733900688,      -8.460824644,      -7.406561669,             0.448,     0.00108146883,     0.08126438621,                 0,                 0,                 0,    -0.03312179223,   -0.000691561773,     0.08126863961,                 0,       75.14260602
          0,           0,         285,      -7.971580922,      -8.755133177,      -8.474390734,       -7.42073412,             0.448,    0.001081467847,     0.08126448552,                 0,                 0,                 0,    -0.03312174039,  -0.0006915649217,     0.08126873887,                 0,       75.14276612
          0,           0,         286,       -7.98574275,      -8.775790982,      -8.487740998,      -7.434913771,             0.448,     0.00108146729,     0.08126459319,                 0,                 0,                 0,    -0.03312168751,  -0.0006915678275,      0.0812688465,                 0,       75.14290438
          0,           0,         287,      -7.999885524,      -8.795599043,      -8.500869742,      -7.449081702,             0.448,    0.001081467134,     0.08126470872,                 0,                 0,                 0,    -0.03312163395,  -0.0006915705036,     0.08126896201,                 0,       75.14302204
          0,           0,         288,      -8.013989607,      -8.814305491,      -8.513780982,      -7.463218136,             0.448,    0.001081467353,     0.08126483156,                 0,                 0,                 0,    -0.03312158008,  -0.0006915729646,     0.08126908482,                 0,       75.14312043
          0,           0,         289,      -8.028035697,      -8.831701931,       -8.52648822,      -7.477303314,             0.448,    0.001081467917,     0.08126496107,                 0,                 0,                 0,    -0.03312152626,  -0.0006915752261,     0.08126921431,                 0,         75.143201
          0,           0,         290,      -8.042005706,      -8.847642553,      -8.539013995,      -7.491318389,             0.448,    0.001081468795,     0.08126509659,                 0,                 0,                 0,    -0.03312147285,  -0.0006915773041,     0.08126934981,                 0,       75.14326528
          0,           0,         291,      -8.055883592,      -8.862058769,      -8.551389347,      -7.505246278,             0.448,    0.001081469956,     0.08126523739,                 0,                 0,                 0,     -0.0331214202,  -0.0006915792154,      0.0812694906,                 0,       75.14331483
          0,           0,         292,      -8.069656089,      -8.874966167,      -8.563652977,      -7.519072429,             0.448,    0.001081471365,     0.08126538271,                 0,                 0,                 0,    -0.03312136866,  -0.0006915809767,     0.08126963592,                 0,       75.14335129
          0,           0,         293,      -8.083313321,      -8.886462096,      -8.575849946,      -7.532785493,             0.448,    0.001081472989,     0.08126553175,                 0,                 0,                 0,    -0.03312131855,  -0.0006915826049,     0.08126978496,                 0,        75.1433763
          0,           0,         294,      -8.096849277,      -8.896714517,      -8.588029975,      -7.546377845,             0.448,    0.001081474792,     0.08126568367,                 0,                 0,                 0,     -0.0331212702,  -0.0006915841166,     0.08126993689,                 0,        75.1433915
          0,           0,         295,      -8.110262103,      -8.905944586,      -8.600245535,      -7.559845955,             0.448,    0.001081476739,     0.08126583761,                 0,                 0,                 0,    -0.03312122389,  -0.0006915855281,     0.08127009083,                 0,       75.14339856
          0,           0,         296,      -8.123554201,      -8.914406265,      -8.612549901,      -7.573190545,             0.448,    0.001081478795,     0.08126599269,                 0,                 0,                 0,     -0.0331211799,  -0.0006915868554,     0.08127024592,                 0,       75.14339908
          0,           0,         297,      -8.136732114,      -8.922366246,      -8.624995273,      -7.586416545,             0.448,    0.001081480926,     0.08126614801,                 0,                 0,                 0,    -0.03312113847,  -0.0006915881133,     0.08127040125,                 0,       75.14339463
          0,           0,         298,      -8.149806218,      -8.930086657,      -8.637631026,      -7.599532839,             0.448,    0.001081483098,      0.0812663027,                 0,                 0,                 0,    -0.03312109984,  -0.0006915893158,     0.08127055595,                 0,       75.14338672
          0,           0,         299,      -8.162790239,      -8.937811911,      -8.650502136,      -7.612551835,             0.448,     0.00108148528,     0.08126645587,                 0,                 0,                 0,    -0.03312106417,  -0.0006915904759,     0.08127070913,                 0,       75.14337675
          0,           0,         300,      -8.175700629,      -8.945759991,       -8.66364782,      -7.625488885,             0.448,    0.001081487441,     0.08126660667,                 0,                 0,                 0,    -0.03312103163,  -0.0006915916053,     0.08127085995,                 0,       75.14336605
          0,           0,         301,      -8.188555844,      -8.954117573,      -8.677100398,      -7.638361595,             0.448,    0.001081489553,     0.08126675429,                 0,                 0,                 0,    -0.03312100234,  -0.0006915927144,     0.08127100757,                 0,       75.14335583
          0,           0,         302,      -8.201375557,      -8.963038139,      -8.690884393,      -7.651189065,             0.448,    0.001081491589,     0.08126689793,                 0,                 0,                 0,    -0.03312097639,  -0.0006915938124,     0.08127115123,                 0,       75.14334718
          0,           0,         303,      -8.214179856,      -8.972642078,      -8.705015815,      -7.663991093,             0.448,    0.001081493526,     0.08126703689,                 0,                 0,                 0,    -0.03312095382,  -0.0006915949071,     0.08127129019,                 0,       75.14334108
          0,           0,         304,      -8.226988456,      -8.983018016,      -8.719501642,      -7.676787403,             0.448,    0.001081495343,     0.08126717047,                 0,                 0,                 0,    -0.03312093467,  -0.0006915960047,     0.08127142378,                 0,       75.14333835
          0,           0,         305,      -8.239819965,      -8.994224721,      -8.734339452,      -7.689596902,             0.448,    0.001081497021,     0.08126729807,                 0,                 0,                 0,    -0.03312091893,  -0.0006915971102,     0.08127155139,                 0,       75.14333971
          0,           0,         306,      -8.252691224,      -9.006293164,      -8.749517205,      -7.702437013,             0.448,    0.001081498546,     0.08126741915,                 0,                 0,                 0,    -0.03312090654,  -0.0006915982271,     0.08127167248,                 0,       75.14334572
          0,           0,         307,      -8.265616743,      -9.019228452,      -8.765013159,      -7.715323087,             0.448,    0.001081499905,     0.08126753323,                 0,                 0,                 0,    -0.03312089745,  -0.0006915993576,     0.08127178655,                 0,       75.14335682
          0,           0,         308,      -8.278608242,      -9.033011451,      -8.780795939,      -7.728267927,             0.448,    0.001081501087,      0.0812676399,                 0,                 0,                 0,    -0.03312089156,  -0.0006916005025,     0.08127189322,                 0,        75.1433733
          0,           0,         309,      -8.291674301,       -9.04760013,      -8.796824797,      -7.741281402,             0.448,    0.001081502086,     0.08126773882,                 0,                 0,                 0,    -0.03312088875,  -0.0006916016613,     0.08127199214,                 0,       75.14339533
          0,           0,         310,      -8.304820135,      -9.062930657,      -8.813050083,      -7.754370189,             0.448,    0.001081502899,     0.08126782974,                 0,                 0,                 0,    -0.03312088887,  -0.0006916028326,     0.08127208306,                 0,       75.14342296
          0,           0,         311,      -8.318047476,      -9.078918435,      -8.829414014,      -7.767537622,             0.448,    0.001081503523,     0.08126791245,                 0,                 0,                 0,    -0.03312089178,  -0.0006916040132,     0.08127216577,                 0,       75.14345608
          0,           0,         312,      -8.331354615,      -9.095459054,      -8.845851743,      -7.780783688,             0.448,    0.001081503959,     0.08126798685,                 0,                 0,                 0,    -0.03312089729,  -0.0006916051996,     0.08127224016,                 0,       75.14349454
          0,           0,         313,      -8.344736398,      -9.112430092,      -8.862292873,      -7.794104979,             0.448,    0.001081504212,      0.0812680529,                 0,                 0,                 0,    -0.03312090521,  -0.0006916063881,     0.08127230619,                 0,       75.14353807
          0,           0,         314,      -8.358184591,      -9.129693904,      -8.878663377,      -7.807495018,             0.448,    0.001081504285,      0.0812681106,                 0,                 0,                 0,    -0.03312091535,  -0.0006916075737,     0.08127236388,                 0,       75.14358634
          0,           0,         315,      -8.371688188,      -9.147100688,      -8.894887959,       -7.82094453,             0.448,    0.001081504186,     0.08126816005,                 0,                 0,                 0,    -0.03312092749,  -0.0006916087507,     0.08127241332,                 0,       75.14363889
          0,           0,         316,      -8.385233812,      -9.164492654,      -8.910892555,      -7.834441793,             0.448,    0.001081503926,     0.08126820139,                 0,                 0,                 0,    -0.03312094141,  -0.0006916099131,     0.08127245465,                 0,       75.14369522
          0,           0,         317,      -8.398806215,      -9.181709933,       -8.92660719,      -7.847973092,             0.448,    0.001081503514,     0.08126823483,                 0,                 0,                 0,     -0.0331209569,  -0.0006916110547,     0.08127248807,                 0,       75.14375479
          0,           0,         318,      -8.412388854,      -9.198597922,       -8.94196904,      -7.861523254,             0.448,    0.001081502961,     0.08126826063,                 0,                 0,                 0,    -0.03312097373,  -0.0006916121695,     0.08127251384,                 0,       75.14381701
          0,           0,         319,      -8.425964539,      -9.215015629,       -8.95692536,      -7.875076255,             0.448,    0.001081502282,     0.08126827907,                 0,                 0,                 0,    -0.03312099169,  -0.0006916132511,     0.08127253227,                 0,       75.14388127
          0,           0,         320,      -8.439516132,      -9.230844452,      -8.971435994,        -7.8886159,             0.448,    0.001081501489,      0.0812682905,                 0,                 0,                 0,    -0.03312101057,  -0.0006916142935,     0.08127254368,                 0,       75.14394695
          0,           0,         321,      -8.453027086,      -9.245995524,      -8.985475372,      -7.902126309,             0.448,    0.001081500596,      0.0812682953,                 0,                 0,                 0,    -0.03312103015,  -0.0006916152906,     0.08127254846,                 0,        75.1440134
          0,           0,         322,      -8.466482127,      -9.260415958,      -8.999033611,       -7.91559258,             0.448,    0.001081499619,     0.08126829387,                 0,                 0,                 0,    -0.03312105024,  -0.0006916162369,     0.08127254701,                 0,       75.14408002
          0,           0,         323,      -8.479867903,      -9.274093001,      -9.012116812,       -7.92900143,             0.448,     0.00108149857,     0.08126828665,                 0,                 0,                 0,    -0.03312107064,  -0.0006916171276,     0.08127253977,                 0,       75.14414619
          0,           0,         324,      -8.493173441,       -9.28705426,      -9.024746433,      -7.942341646,             0.448,    0.001081497465,     0.08126827408,                 0,                 0,                 0,    -0.03312109116,  -0.0006916179582,     0.08127252718,                 0,       75.14421135
          0,           0,         325,      -8.506390558,      -9.299364747,      -9.036957777,      -7.955604492,             0.448,    0.001081496318,     0.08126825662,                 0,                 0,                 0,    -0.03312111165,  -0.0006916187242,      0.0812725097,                 0,       75.14427491
          0,           0,         326,      -8.519514145,      -9.311121486,      -9.048797854,      -7.968784019,             0.448,    0.001081495143,     0.08126823475,                 0,                 0,                 0,    -0.03312113193,   -0.000691619422,      0.0812724878,                 0,       75.14433634
          0,           0,         327,      -8.532542322,      -9.322446273,       -9.06032277,      -7.981877241,             0.448,    0.001081493953,     0.08126820892,                 0,                 0,                 0,    -0.03312115186,  -0.0006916200481,     0.08127246196,                 0,       75.14439513
          0,           0,         328,      -8.545476457,      -9.333477354,      -9.071594886,      -7.994884189,             0.448,    0.001081492761,     0.08126817963,                 0,                 0,                 0,     -0.0331211713,     -0.0006916206,     0.08127243264,                 0,       75.14445082
          0,           0,         329,      -8.558321044,      -9.344361196,      -9.082679936,      -8.007807839,             0.448,    0.001081491581,     0.08126814732,                 0,                 0,                 0,    -0.03312119013,  -0.0006916210755,     0.08127240032,                 0,       75.14450297
          0,           0,         330,      -8.571083458,      -9.355244821,      -9.093644258,      -8.020653914,             0.448,    0.001081490423,     0.08126811247,                 0,                 0,                 0,    -0.03312120824,  -0.0006916214727,     0.08127236545,                 0,       75.14455119
          0,           0,         331,      -8.583773569,      -9.366269309,       -9.10455228,      -8.033430558,             0.448,    0.001081489299,     0.08126807552,                 0,                 0,                 0,    -0.03312122552,  -0.0006916217908,     0.08127232849,                 0,       75.14459515
          0,           0,         332,      -8.596403269,      -9.377564659,       -9.11546437,      -8.046147912,             0.448,    0.001081488218,     0.08126803693,                 0,                 0,                 0,    -0.03312124189,  -0.0006916220292,     0.08127228988,                 0,       75.14463455
          0,           0,         333,      -8.608985923,      -9.389246171,      -9.126435098,       -8.05881762,             0.448,    0.001081487191,     0.08126799711,                 0,                 0,                 0,    -0.03312125728,   -0.000691622188,     0.08127225005,                 0,       75.14466913
          0,           0,         334,      -8.621535769,      -9.401411957,      -9.137511925,       -8.07145228,             0.448,    0.001081486224,     0.08126795648,                 0,                 0,                 0,    -0.03312127163,  -0.0006916222679,     0.08127220941,                 0,       75.14469871
          0,           0,         335,      -8.634067296,      -9.414141341,       -9.14873428,      -8.084064863,             0.448,    0.001081485326,     0.08126791544,                 0,                 0,                 0,    -0.03312128487,  -0.0006916222702,     0.08127216835,                 0,       75.14472315
          0,           0,         336,      -8.646594636,      -9.427493794,      -9.160133006,      -8.096668142,             0.448,    0.001081484503,     0.08126787435,                 0,                 0,                 0,    -0.03312129699,  -0.0006916221967,     0.08127212726,                 0,       75.14474235
          0,           0,         337,      -8.659130975,      -9.441508344,       -9.17173011,      -8.109274129,             0.448,     0.00108148376,     0.08126783357,                 0,                 0,                 0,    -0.03312130795,    -0.00069162205,     0.08127208647,                 0,       75.14475627
          0,           0,         338,      -8.671688029,      -9.456203114,      -9.183538776,      -8.121893575,             0.448,    0.001081483101,     0.08126779343,                 0,                 0,                 0,    -0.03312131773,   -0.000691621833,     0.08127204632,                 0,       75.14476493
          0,           0,         339,      -8.684275581,      -9.471574973,      -9.195563615,      -8.134535516,             0.448,     0.00108148253,     0.08126775423,                 0,                 0,                 0,    -0.03312132633,  -0.0006916215491,     0.08127200712,                 0,       75.14476839
          0,           0,         340,      -8.696901113,       -9.48759909,      -9.207801128,      -8.147206913,             0.448,    0.001081482048,     0.08126771625,                 0,                 0,                 0,    -0.03312133377,  -0.0006916212024,     0.08127196914,                 0,       75.14476676
          0,           0,         341,      -8.709569535,      -9.504228585,      -9.220240346,      -8.159912376,             0.448,    0.001081481657,     0.08126767974,                 0,                 0,                 0,    -0.03312134005,  -0.0006916207973,     0.08127193263,                 0,       75.14476019
          0,           0,         342,      -8.722283015,      -9.521394253,      -9.232863649,      -8.172653994,             0.448,    0.001081481356,     0.08126764491,                 0,                 0,                 0,     -0.0331213452,  -0.0006916203383,      0.0812718978,                 0,       75.14474889
          0,           0,         343,      -8.735040923,       -9.53900452,      -9.245647749,      -8.185431262,             0.448,    0.001081481145,     0.08126761196,                 0,                 0,                 0,    -0.03312134927,  -0.0006916198304,     0.08127186486,                 0,       75.14473308
          0,           0,         344,      -8.747839888,      -9.556945963,      -9.258564812,      -8.198241123,             0.448,    0.001081481022,     0.08126758106,                 0,                 0,                 0,    -0.03312135228,  -0.0006916192789,     0.08127183396,                 0,       75.14471303
          0,           0,         345,      -8.760673956,      -9.575084598,      -9.271583722,      -8.211078107,             0.448,    0.001081480985,     0.08126755232,                 0,                 0,                 0,     -0.0331213543,  -0.0006916186888,     0.08127180522,                 0,       75.14468902
          0,           0,         346,      -8.773534851,      -9.593268379,      -9.284671445,      -8.223934568,             0.448,    0.001081481031,     0.08126752585,                 0,                 0,                 0,    -0.03312135537,  -0.0006916180657,     0.08127177876,                 0,       75.14466137
          0,           0,         347,      -8.786412337,      -9.611331266,      -9.297794482,      -8.236801023,             0.448,    0.001081481156,     0.08126750172,                 0,                 0,                 0,    -0.03312135555,  -0.0006916174147,     0.08127175465,                 0,        75.1446304
          0,           0,         348,      -8.799294657,      -9.629098952,      -9.310920359,      -8.249666556,             0.448,    0.001081481355,     0.08126747999,                 0,                 0,                 0,    -0.03312135492,  -0.0006916167411,     0.08127173292,                 0,       75.14459644
          0,           0,         349,       -8.81216904,      -9.646396587,      -9.324019105,      -8.262519305,             0.448,    0.001081481625,     0.08126746067,                 0,                 0,                 0,    -0.03312135353,  -0.0006916160502,     0.08127171361,                 0,       75.14455985
          0,           0,         350,      -8.825022267,      -9.663058104,      -9.337064628,      -8.275346992,             0.448,    0.001081481959,     0.08126744377,                 0,                 0,                 0,    -0.03312135146,  -0.0006916153471,     0.08127169672,                 0,       75.14452098
          0,           0,         351,      -8.837841258,      -9.678936579,      -9.350035941,      -8.288137484,             0.448,    0.001081482353,     0.08126742926,                 0,                 0,                 0,    -0.03312134877,  -0.0006916146366,     0.08127168223,                 0,       75.14448018
          0,           0,         352,       -8.85061368,      -9.693914481,      -9.362918145,      -8.300879371,             0.448,    0.001081482801,     0.08126741711,                 0,                 0,                 0,    -0.03312134554,  -0.0006916139237,     0.08127167009,                 0,       75.14443782
          0,           0,         353,      -8.863328528,      -9.707912897,      -9.375703102,      -8.313562523,             0.448,    0.001081483297,     0.08126740727,                 0,                 0,                 0,    -0.03312134182,   -0.000691613213,     0.08127166026,                 0,       75.14439425
          0,           0,         354,      -8.875976671,       -9.72089794,      -9.388389773,      -8.326178612,             0.448,    0.001081483835,     0.08126739965,                 0,                 0,                 0,     -0.0331213377,  -0.0006916125091,     0.08127165265,                 0,       75.14434983
          0,           0,         355,      -8.888551338,      -9.732883761,      -9.400984178,      -8.338721575,             0.448,    0.001081484409,     0.08126739418,                 0,                 0,                 0,    -0.03312133323,  -0.0006916118161,      0.0812716472,                 0,       75.14430491
          0,           0,         356,      -8.901048506,      -9.743931314,      -9.413499003,      -8.351187989,             0.448,    0.001081485013,     0.08126739077,                 0,                 0,                 0,    -0.03312132849,  -0.0006916111383,      0.0812716438,                 0,       75.14425981
          0,           0,         357,      -8.913467194,      -9.754143381,       -9.42595288,      -8.363577351,             0.448,     0.00108148564,     0.08126738931,                 0,                 0,                 0,    -0.03312132353,  -0.0006916104794,     0.08127164235,                 0,       75.14421489
          0,           0,         358,       -8.92580963,      -9.763656351,      -9.438369391,      -8.375892239,             0.448,    0.001081486284,     0.08126738968,                 0,                 0,                 0,    -0.03312131842,   -0.000691609843,     0.08127164274,                 0,       75.14417044
          0,           0,         359,      -8.938081286,      -9.772630323,      -9.450775874,      -8.388138347,             0.448,    0.001081486941,     0.08126739177,                 0,                 0,                 0,    -0.03312131321,  -0.0006916092323,     0.08127164484,                 0,       75.14412676
          0,           0,         360,      -8.950290791,      -9.781238649,      -9.463202094,      -8.400324402,             0.448,    0.001081487603,     0.08126739544,                 0,                 0,                 0,    -0.03312130795,  -0.0006916086504,     0.08127164853,                 0,       75.14408415
          0,           0,         361,       -8.96244971,      -9.789658171,       -9.47567886,       -8.41246195,             0.448,    0.001081488266,     0.08126740057,                 0,                 0,                 0,     -0.0331213027,  -0.0006916080999,     0.08127165367,                 0,       75.14404285
          0,           0,         362,       -8.97457221,      -9.798061017,      -9.488236655,      -8.424565043,             0.448,    0.001081488923,     0.08126740702,                 0,                 0,                 0,    -0.03312129751,   -0.000691607583,     0.08127166014,                 0,       75.14400311
          0,           0,         363,      -8.986674635,      -9.806608111,      -9.500904334,      -8.436649818,             0.448,    0.001081489571,     0.08126741466,                 0,                 0,                 0,    -0.03312129241,  -0.0006916071018,     0.08127166779,                 0,       75.14396516
          0,           0,         364,      -8.998774994,      -9.815444759,      -9.513707926,      -8.448734021,             0.448,    0.001081490205,     0.08126742335,                 0,                 0,                 0,    -0.03312128744,  -0.0006916066579,     0.08127167648,                 0,       75.14392917
          0,           0,         365,       -9.01089241,      -9.824697896,      -9.526669592,      -8.460836462,             0.448,     0.00108149082,     0.08126743294,                 0,                 0,                 0,    -0.03312128264,  -0.0006916062525,     0.08127168609,                 0,       75.14389532
          0,           0,         366,      -9.023046523,      -9.834474714,      -9.539806726,       -8.47297645,             0.448,    0.001081491412,     0.08126744332,                 0,                 0,                 0,    -0.03312127804,  -0.0006916058867,     0.08127169648,                 0,       75.14386376
          0,           0,         367,      -9.035256905,      -9.844862252,      -9.553131228,      -8.485173218,             0.448,    0.001081491978,     0.08126745433,                 0,                 0,                 0,    -0.03312127366,  -0.0006916055608,      0.0812717075,                 0,        75.1438346
          0,           0,         368,      -9.047542473,      -9.855927691,      -9.566648947,      -8.497445363,             0.448,    0.001081492515,     0.08126746586,                 0,                 0,                 0,    -0.03312126954,  -0.0006916052754,     0.08127171904,                 0,       75.14380794
          0,           0,         369,      -9.059920938,      -9.867718937,      -9.580359301,      -8.509810308,             0.448,     0.00108149302,     0.08126747777,                 0,                 0,                 0,    -0.03312126568,  -0.0006916050303,     0.08127173096,                 0,       75.14378386
          0,           0,         370,      -9.072408301,      -9.880265292,      -9.594255041,       -8.52228381,             0.448,    0.001081493491,     0.08126748996,                 0,                 0,                 0,     -0.0331212621,  -0.0006916048251,     0.08127174315,                 0,        75.1437624
          0,           0,         371,      -9.085018393,      -9.893578153,      -9.608322234,      -8.534879516,             0.448,    0.001081493926,     0.08126750229,                 0,                 0,                 0,    -0.03312125881,  -0.0006916046594,     0.08127175549,                 0,       75.14374358
          0,           0,         372,      -9.097762486,      -9.907651456,      -9.622540373,      -8.547608578,             0.448,    0.001081494324,     0.08126751468,                 0,                 0,                 0,    -0.03312125581,  -0.0006916045322,     0.08127176788,                 0,       75.14372741
          0,           0,         373,      -9.110648961,      -9.922462055,      -9.636882707,      -8.560479328,             0.448,    0.001081494683,     0.08126752701,                 0,                 0,                 0,    -0.03312125312,  -0.0006916044423,     0.08127178022,                 0,       75.14371388
          0,           0,         374,      -9.123683048,      -9.937969864,      -9.651316766,      -8.573497025,             0.448,    0.001081495002,     0.08126753919,                 0,                 0,                 0,    -0.03312125073,  -0.0006916043886,      0.0812717924,                 0,       75.14370294
          0,           0,         375,      -9.136866635,      -9.954118007,      -9.665805071,       -8.58666366,             0.448,    0.001081495282,     0.08126755113,                 0,                 0,                 0,    -0.03312124864,  -0.0006916043693,     0.08127180435,                 0,       75.14369453
          0,           0,         376,       -9.15019816,      -9.970832792,      -9.680306094,      -8.599977847,             0.448,    0.001081495523,     0.08126756277,                 0,                 0,                 0,    -0.03312124684,  -0.0006916043828,     0.08127181599,                 0,       75.14368859
          0,           0,         377,      -9.163672566,      -9.988024167,      -9.694775395,      -8.613434781,             0.448,    0.001081495724,     0.08126757403,                 0,                 0,                 0,    -0.03312124532,  -0.0006916044272,     0.08127182726,                 0,       75.14368501
          0,           0,         378,      -9.177281345,       -10.0055863,      -9.709166963,      -8.627026272,             0.448,    0.001081495887,     0.08126758486,                 0,                 0,                 0,    -0.03312124408,  -0.0006916045005,     0.08127183808,                 0,       75.14368371
          0,           0,         379,       -9.19101267,      -10.02339892,      -9.723434752,      -8.640740872,             0.448,    0.001081496012,      0.0812675952,                 0,                 0,                 0,    -0.03312124309,  -0.0006916046006,     0.08127184843,                 0,       75.14368455
          0,           0,         380,      -9.204851595,      -10.04132938,      -9.737534302,      -8.654564074,             0.448,    0.001081496102,     0.08126760502,                 0,                 0,                 0,    -0.03312124235,  -0.0006916047254,     0.08127185824,                 0,       75.14368741
          0,           0,         381,      -9.218780359,        -10.059236,      -9.751424428,      -8.668478596,             0.448,    0.001081496157,     0.08126761427,                 0,                 0,                 0,    -0.03312124184,  -0.0006916048725,     0.08127186749,                 0,       75.14369217
          0,           0,         382,      -9.232778763,      -10.07697242,      -9.765068879,      -8.682464754,             0.448,    0.001081496178,     0.08126762294,                 0,                 0,                 0,    -0.03312124154,  -0.0006916050399,     0.08127187616,                 0,       75.14369867
          0,           0,         383,      -9.246824625,      -10.09439319,      -9.778437883,      -8.696500902,             0.448,    0.001081496169,     0.08126763101,                 0,                 0,                 0,    -0.03312124143,  -0.0006916052253,     0.08127188423,                 0,       75.14370678
          0,           0,         384,      -9.260894316,      -10.11136041,      -9.791509482,      -8.710563948,             0.448,    0.001081496131,     0.08126763848,                 0,                 0,                 0,     -0.0331212415,  -0.0006916054265,      0.0812718917,                 0,       75.14371634
          0,           0,         385,      -9.274963346,      -10.12775104,      -9.804270535,       -8.72462992,             0.448,    0.001081496065,     0.08126764533,                 0,                 0,                 0,    -0.03312124172,  -0.0006916056413,     0.08127189855,                 0,       75.14372722
          0,           0,         386,       -9.28900701,      -10.14346379,       -9.81671737,      -8.738674591,             0.448,    0.001081495975,     0.08126765158,                 0,                 0,                 0,    -0.03312124208,  -0.0006916058677,     0.08127190479,                 0,       75.14373926
          0,           0,         387,      -9.303001055,      -10.15842583,      -9.828855996,       -8.75267412,             0.448,    0.001081495863,     0.08126765723,                 0,                 0,                 0,    -0.03312124256,  -0.0006916061037,     0.08127191044,                 0,       75.14375232
          0,           0,         388,      -9.316922364,      -10.17259718,       -9.84070185,      -8.766605711,             0.448,     0.00108149573,      0.0812676623,                 0,                 0,                 0,    -0.03312124313,  -0.0006916063472,      0.0812719155,                 0,       75.14376625
          0,           0,         389,      -9.330749625,      -10.18597316,      -9.852279142,      -8.780448265,             0.448,    0.001081495578,      0.0812676668,                 0,                 0,                 0,    -0.03312124379,  -0.0006916065965,        0.08127192,                 0,       75.14378091
          0,           0,         390,      -9.344463956,      -10.19858444,      -9.863619801,      -8.794182981,             0.448,    0.001081495412,     0.08126767076,                 0,                 0,                 0,    -0.03312124451,  -0.0006916068497,     0.08127192396,                 0,       75.14379616
          0,           0,         391,      -9.358049479,      -10.21049385,      -9.874762141,      -8.807793917,             0.448,    0.001081495231,     0.08126767421,                 0,                 0,                 0,    -0.03312124528,  -0.0006916071052,      0.0812719274,                 0,       75.14381188
          0,           0,         392,      -9.371493784,      -10.22179164,      -9.885749333,      -8.821268448,             0.448,     0.00108149504,     0.08126767716,                 0,                 0,                 0,    -0.03312124608,  -0.0006916073612,     0.08127193034,                 0,       75.14382793
          0,           0,         393,      -9.384788291,      -10.23258901,      -9.896627772,      -8.834597631,             0.448,    0.001081494839,     0.08126767965,                 0,                 0,                 0,     -0.0331212469,  -0.0006916076164,     0.08127193283,                 0,       75.14384419
          0,           0,         394,      -9.397928479,      -10.24301063,      -9.907445455,      -8.847776436,             0.448,    0.001081494631,     0.08126768172,                 0,                 0,                 0,    -0.03312124773,  -0.0006916078693,     0.08127193489,                 0,       75.14386055
          0,           0,         395,      -9.410913959,      -10.25318804,      -9.918250431,      -8.860803839,             0.448,    0.001081494418,     0.08126768338,                 0,                 0,                 0,    -0.03312124854,  -0.0006916081187,     0.08127193655,                 0,       75.14387689
          0,           0,         396,      -9.423748407,      -10.26325259,      -9.929089402,      -8.873682777,             0.448,    0.001081494202,     0.08126768469,                 0,                 0,                 0,    -0.03312124934,  -0.0006916083632,     0.08127193785,                 0,       75.14389312
          0,           0,         397,      -9.436439343,      -10.27333038,      -9.940006501,      -8.886419949,             0.448,    0.001081493984,     0.08126768566,                 0,                 0,                 0,    -0.03312125011,  -0.0006916086019,     0.08127193881,                 0,       75.14390913
          0,           0,         398,      -9.448997783,      -10.28353784,      -9.951042263,      -8.899025504,             0.448,    0.001081493767,     0.08126768632,                 0,                 0,                 0,    -0.03312125084,  -0.0006916088338,     0.08127193948,                 0,       75.14392485
          0,           0,         399,      -9.461437766,      -10.29397855,      -9.962232827,      -8.911512599,             0.448,    0.001081493551,     0.08126768673,                 0,                 0,                 0,    -0.03312125152,  -0.0006916090579,     0.08127193988,                 0,       75.14394019
          0,           0,         400,      -9.473775797,      -10.30474129,      -9.973609331,      -8.923896869,             0.448,    0.001081493339,      0.0812676869,                 0,                 0,                 0,    -0.03312125216,  -0.0006916092735,     0.08127194004,                 0,       75.14395507
          0,           0,         401,      -9.486030232,      -10.31589856,      -9.985197489,      -8.936195841,             0.448,    0.001081493132,     0.08126768686,                 0,                 0,                 0,    -0.03312125274,    -0.00069160948,        0.08127194,                 0,       75.14396944
          0,           0,         402,      -9.498220615,      -10.32750616,      -9.997017355,      -8.948428301,             0.448,    0.001081492931,     0.08126768665,                 0,                 0,                 0,    -0.03312125326,  -0.0006916096767,     0.08127193978,                 0,       75.14398324
          0,           0,         403,      -9.510367029,        -10.339603,      -10.00908322,      -8.960613659,             0.448,    0.001081492736,     0.08126768629,                 0,                 0,                 0,    -0.03312125371,  -0.0006916098633,     0.08127193942,                 0,       75.14399641
          0,           0,         404,      -9.522489455,      -10.35221096,      -10.02140367,       -8.97277132,             0.448,     0.00108149255,     0.08126768582,                 0,                 0,                 0,     -0.0331212541,  -0.0006916100392,     0.08127193895,                 0,       75.14400892
          0,           0,         405,      -9.534607189,      -10.36533538,       -10.0339817,      -8.984920113,             0.448,    0.001081492372,     0.08126768525,                 0,                 0,                 0,    -0.03312125443,  -0.0006916102043,     0.08127193838,                 0,       75.14402073
          0,           0,         406,      -9.546738304,      -10.37896542,      -10.04681499,      -8.997077759,             0.448,    0.001081492204,     0.08126768462,                 0,                 0,                 0,    -0.03312125469,  -0.0006916103584,     0.08127193774,                 0,       75.14403182
          0,           0,         407,      -9.558899207,      -10.39307445,      -10.05989626,      -9.009260416,             0.448,    0.001081492046,     0.08126768394,                 0,                 0,                 0,    -0.03312125488,  -0.0006916105014,     0.08127193705,                 0,       75.14404216
          0,           0,         408,      -9.571104264,      -10.40762065,      -10.07321365,      -9.021482309,             0.448,    0.001081491899,     0.08126768323,                 0,                 0,                 0,    -0.03312125501,  -0.0006916106333,     0.08127193634,                 0,       75.14405174
          0,           0,         409,      -9.583365526,      -10.42254785,      -10.08675123,      -9.033755441,             0.448,    0.001081491763,     0.08126768251,                 0,                 0,                 0,    -0.03312125508,  -0.0006916107542,     0.08127193562,                 0,       75.14406057
          0,           0,         410,       -9.59569253,      -10.43778647,      -10.10048956,      -9.046089386,             0.448,    0.001081491637,      0.0812676818,                 0,                 0,                 0,     -0.0331212551,  -0.0006916108641,     0.08127193491,                 0,       75.14406863
          0,           0,         411,        -9.6080922,      -10.45325496,      -10.11440628,      -9.058491172,             0.448,    0.001081491523,     0.08126768112,                 0,                 0,                 0,    -0.03312125506,  -0.0006916109633,     0.08127193422,                 0,       75.14407593
          0,           0,         412,      -9.620568823,      -10.46886177,       -10.1284768,      -9.070965253,             0.448,     0.00108149142,     0.08126768046,                 0,                 0,                 0,    -0.03312125497,  -0.0006916110522,     0.08127193357,                 0,       75.14408249
          0,           0,         413,      -9.633124098,      -10.48450795,        -10.142675,      -9.083513541,             0.448,    0.001081491328,     0.08126767986,                 0,                 0,                 0,    -0.03312125483,  -0.0006916111309,     0.08127193296,                 0,       75.14408832
          0,           0,         414,      -9.645757265,       -10.5000902,      -10.15697395,      -9.096135521,             0.448,    0.001081491247,      0.0812676793,                 0,                 0,                 0,    -0.03312125465,  -0.0006916111999,      0.0812719324,                 0,       75.14409345
          0,           0,         415,      -9.658465282,      -10.51550477,      -10.17134664,       -9.10882842,             0.448,    0.001081491176,      0.0812676788,                 0,                 0,                 0,    -0.03312125444,  -0.0006916112596,      0.0812719319,                 0,       75.14409789
          0,           0,         416,      -9.671243069,      -10.53065186,      -10.18576674,      -9.121587442,             0.448,    0.001081491116,     0.08126767837,                 0,                 0,                 0,    -0.03312125419,  -0.0006916113104,     0.08127193146,                 0,       75.14410167
          0,           0,         417,      -9.684083788,      -10.54544024,      -10.20020922,      -9.134406037,             0.448,    0.001081491065,       0.081267678,                 0,                 0,                 0,    -0.03312125392,  -0.0006916113527,     0.08127193109,                 0,       75.14410484
          0,           0,         418,      -9.696979164,      -10.55979213,      -10.21465101,      -9.147276219,             0.448,    0.001081491024,     0.08126767769,                 0,                 0,                 0,    -0.03312125363,  -0.0006916113872,     0.08127193079,                 0,       75.14410741
          0,           0,         419,      -9.709919839,       -10.5736474,      -10.22907148,      -9.160188913,             0.448,    0.001081490992,     0.08126767746,                 0,                 0,                 0,    -0.03312125333,  -0.0006916114142,     0.08127193055,                 0,       75.14410942
          0,           0,         420,      -9.722895729,       -10.5869672,      -10.24345288,      -9.173134312,             0.448,    0.001081490968,     0.08126767729,                 0,                 0,                 0,    -0.03312125301,  -0.0006916114343,     0.08127193038,                 0,       75.14411092
          0,           0,         421,      -9.735896409,      -10.59973622,      -10.25778059,      -9.186102256,             0.448,    0.001081490952,     0.08126767718,                 0,                 0,                 0,    -0.03312125269,   -0.000691611448,     0.08127193027,                 0,       75.14411194
          0,           0,         422,       -9.74891148,      -10.61196355,      -10.27204324,      -9.199082607,             0.448,    0.001081490943,     0.08126767713,                 0,                 0,                 0,    -0.03312125237,  -0.0006916114558,     0.08127193022,                 0,       75.14411251
          0,           0,         423,      -9.761930929,      -10.62368189,      -10.28623271,      -9.212065601,             0.448,    0.001081490941,     0.08126767713,                 0,                 0,                 0,    -0.03312125206,  -0.0006916114582,     0.08127193023,                 0,       75.14411268
          0,           0,         424,      -9.774945456,      -10.63494544,      -10.30034393,      -9.225042189,             0.448,    0.001081490945,     0.08126767718,                 0,                 0,                 0,    -0.03312125175,  -0.0006916114558,     0.08127193028,                 0,       75.14411248
          0,           0,         425,      -9.787946767,      -10.64582644,      -10.31437458,      -9.238004326,             0.448,    0.001081490953,     0.08126767728,                 0,                 0,                 0,    -0.03312125146,   -0.000691611449,     0.08127193037,                 0,       75.14411196
          0,           0,         426,      -9.800927828,      -10.65641095,      -10.32832469,      -9.250945234,             0.448,    0.001081490967,      0.0812676774,                 0,                 0,                 0,    -0.03312125119,  -0.0006916114384,      0.0812719305,                 0,       75.14411114
          0,           0,         427,      -9.813883033,      -10.66679434,      -10.34219611,      -9.263859582,             0.448,    0.001081490984,     0.08126767756,                 0,                 0,                 0,    -0.03312125094,  -0.0006916114243,     0.08127193065,                 0,       75.14411007
          0,           0,         428,      -9.826808341,      -10.67707651,      -10.35599196,      -9.276743621,             0.448,    0.001081491005,     0.08126767773,                 0,                 0,                 0,    -0.03312125071,  -0.0006916114072,     0.08127193083,                 0,       75.14410878
          0,           0,         429,      -9.839701327,      -10.68735773,      -10.36971604,      -9.289595247,             0.448,    0.001081491029,     0.08126767792,                 0,                 0,                 0,    -0.03312125051,  -0.0006916113875,     0.08127193102,                 0,        75.1441073
          0,           0,         430,      -9.852561162,      -10.69773507,      -10.38337221,      -9.302413983,             0.448,    0.001081491055,     0.08126767811,                 0,                 0,                 0,    -0.03312125033,  -0.0006916113656,     0.08127193121,                 0,       75.14410566
          0,           0,         431,      -9.865388531,      -10.70829908,      -10.39696385,      -9.315200913,             0.448,    0.001081491083,      0.0812676783,                 0,                 0,                 0,    -0.03312125019,  -0.0006916113419,      0.0812719314,                 0,        75.1441039
          0,           0,         432,      -9.878185488,      -10.71913178,      -10.41049335,      -9.327958527,             0.448,    0.001081491112,     0.08126767848,                 0,                 0,                 0,    -0.03312125008,  -0.0006916113167,     0.08127193158,                 0,       75.14410204
          0,           0,         433,      -9.890955259,      -10.73030489,      -10.42396168,      -9.340690533,             0.448,    0.001081491142,     0.08126767865,                 0,                 0,                 0,       -0.03312125,  -0.0006916112903,     0.08127193174,                 0,       75.14410011
          0,           0,         434,      -9.903701981,      -10.74187845,       -10.4373681,      -9.353401608,             0.448,    0.001081491172,     0.08126767878,                 0,                 0,                 0,    -0.03312124995,   -0.000691611263,     0.08127193188,                 0,       75.14409813
          0,           0,         435,      -9.916430429,      -10.75390043,      -10.45070994,      -9.366097104,             0.448,    0.001081491203,     0.08126767889,                 0,                 0,                 0,    -0.03312124994,   -0.000691611235,     0.08127193199,                 0,       75.14409612
          0,           0,         436,      -9.929145724,      -10.76640595,      -10.46398247,      -9.378782762,             0.448,    0.001081491233,     0.08126767897,                 0,                 0,                 0,    -0.03312124996,  -0.0006916112065,     0.08127193207,                 0,        75.1440941
          0,           0,         437,      -9.941853001,       -10.7794175,      -10.47717904,      -9.391464377,             0.448,    0.001081491262,       0.081267679,                 0,                 0,                 0,    -0.03312125002,  -0.0006916111779,      0.0812719321,                 0,       75.14409209
          0,           0,         438,      -9.954557111,      -10.79294447,      -10.49029118,      -9.404147483,             0.448,    0.001081491291,     0.08126767899,                 0,                 0,                 0,     -0.0331212501,  -0.0006916111491,     0.08127193209,                 0,        75.1440901
          0,           0,         439,      -9.967262337,      -10.80698338,      -10.50330892,      -9.416837064,             0.448,    0.001081491318,     0.08126767893,                 0,                 0,                 0,    -0.03312125022,  -0.0006916111205,     0.08127193203,                 0,       75.14408814
          0,           0,         440,      -9.979972112,      -10.82151758,      -10.51622122,      -9.429537256,             0.448,    0.001081491344,     0.08126767882,                 0,                 0,                 0,    -0.03312125037,   -0.000691611092,     0.08127193192,                 0,       75.14408623
          0,           0,         441,        -9.9926888,      -10.83651796,      -10.52901643,      -9.442251107,             0.448,    0.001081491369,     0.08126767865,                 0,                 0,                 0,    -0.03312125054,  -0.0006916110639,     0.08127193176,                 0,       75.14408438
          0,           0,         442,      -10.00541351,      -10.85194259,      -10.54168289,      -9.454980388,             0.448,    0.001081491391,     0.08126767843,                 0,                 0,                 0,    -0.03312125074,  -0.0006916110362,     0.08127193153,                 0,       75.14408258
          0,           0,         443,      -10.01814595,       -10.8677376,      -10.55420958,      -9.467725403,             0.448,    0.001081491413,     0.08126767815,                 0,                 0,                 0,    -0.03312125096,  -0.0006916110089,     0.08127193125,                 0,       75.14408085
          0,           0,         444,      -10.03088436,      -10.88383715,      -10.56658672,      -9.480484915,             0.448,    0.001081491432,     0.08126767781,                 0,                 0,                 0,    -0.03312125121,  -0.0006916109822,     0.08127193092,                 0,        75.1440792
          0,           0,         445,      -10.04362547,      -10.90016483,      -10.57880639,      -9.493256094,             0.448,     0.00108149145,     0.08126767742,                 0,                 0,                 0,    -0.03312125147,  -0.0006916109561,     0.08127193052,                 0,       75.14407761
          0,           0,         446,      -10.05636457,      -10.91663469,      -10.59086318,      -9.506034514,             0.448,    0.001081491465,     0.08126767697,                 0,                 0,                 0,    -0.03312125175,  -0.0006916109305,     0.08127193007,                 0,        75.1440761
          0,           0,         447,      -10.06909555,       -10.9331531,      -10.60275464,      -9.518814236,             0.448,    0.001081491479,     0.08126767646,                 0,                 0,                 0,    -0.03312125205,  -0.0006916109056,     0.08127192957,                 0,       75.14407467
          0,           0,         448,      -10.08181109,       -10.9496211,      -10.61448171,      -9.531587933,             0.448,    0.001081491491,      0.0812676759,                 0,                 0,                 0,    -0.03312125235,  -0.0006916108812,     0.08127192901,                 0,       75.14407331
          0,           0,         449,      -10.09450285,      -10.96593777,      -10.62604894,      -9.544347059,             0.448,    0.001081491502,      0.0812676753,                 0,                 0,                 0,    -0.03312125267,  -0.0006916108575,      0.0812719284,                 0,       75.14407202
          0,           0,         450,      -10.10716171,      -10.98200286,      -10.63746474,      -9.557082097,             0.448,    0.001081491511,     0.08126767464,                 0,                 0,                 0,      -0.033121253,  -0.0006916108344,     0.08127192775,                 0,        75.1440708
          0,           0,         451,      -10.11977805,       -10.9977217,      -10.64874123,      -9.569782816,             0.448,    0.001081491518,     0.08126767394,                 0,                 0,                 0,    -0.03312125332,  -0.0006916108119,     0.08127192705,                 0,       75.14406965
          0,           0,         452,      -10.13234209,        -11.013009,      -10.65989412,      -9.582438581,             0.448,    0.001081491524,      0.0812676732,                 0,                 0,                 0,    -0.03312125365,  -0.0006916107899,     0.08127192631,                 0,       75.14406856
          0,           0,         453,      -10.14484418,      -11.02779288,      -10.67094239,      -9.595038682,             0.448,    0.001081491528,     0.08126767242,                 0,                 0,                 0,    -0.03312125399,  -0.0006916107685,     0.08127192553,                 0,       75.14406753
          0,           0,         454,      -10.15727516,      -11.04201837,      -10.68190785,      -9.607572675,             0.448,    0.001081491531,     0.08126767161,                 0,                 0,                 0,    -0.03312125432,  -0.0006916107475,     0.08127192472,                 0,       75.14406655
          0,           0,         455,      -10.16962669,      -11.05565066,      -10.69281457,      -9.620030742,             0.448,    0.001081491534,     0.08126767077,                 0,                 0,                 0,    -0.03312125464,  -0.0006916107271,     0.08127192388,                 0,       75.14406563
          0,           0,         456,      -10.18189156,      -11.06867603,      -10.70368824,      -9.632404012,             0.448,    0.001081491535,     0.08126766991,                 0,                 0,                 0,    -0.03312125496,  -0.0006916107071,     0.08127192302,                 0,       75.14406475
          0,           0,         457,      -10.19406395,       -11.0811028,      -10.71455555,      -9.644684884,             0.448,    0.001081491535,     0.08126766904,                 0,                 0,                 0,    -0.03312125527,  -0.0006916106876,     0.08127192214,                 0,       75.14406391
          0,           0,         458,      -10.20613971,      -11.09296015,      -10.72544344,      -9.656867299,             0.448,    0.001081491535,     0.08126766814,                 0,                 0,                 0,    -0.03312125557,  -0.0006916106684,     0.08127192125,                 0,        75.1440631
          0,           0,         459,      -10.21811652,      -11.10429597,      -10.73637847,      -9.668946978,             0.448,    0.001081491534,     0.08126766724,                 0,                 0,                 0,    -0.03312125586,  -0.0006916106496,     0.08127192035,                 0,       75.14406233
          0,           0,         460,      -10.22999401,      -11.11517253,      -10.74738623,       -9.68092163,             0.448,    0.001081491533,     0.08126766634,                 0,                 0,                 0,    -0.03312125614,  -0.0006916106312,     0.08127191945,                 0,       75.14406159
          0,           0,         461,      -10.24177387,      -11.12566468,      -10.75849067,      -9.692791025,             0.448,    0.001081491531,     0.08126766543,                 0,                 0,                 0,     -0.0331212564,   -0.000691610613,     0.08127191854,                 0,       75.14406086
          0,           0,         462,      -10.25345978,      -11.13585387,      -10.76971364,      -9.704557089,             0.448,    0.001081491529,     0.08126766453,                 0,                 0,                 0,    -0.03312125665,  -0.0006916105952,     0.08127191764,                 0,       75.14406016
          0,           0,         463,      -10.26505742,      -11.14582469,      -10.78107447,      -9.716223874,             0.448,    0.001081491527,     0.08126766364,                 0,                 0,                 0,    -0.03312125688,  -0.0006916105777,     0.08127191675,                 0,       75.14405946
          0,           0,         464,      -10.27657427,      -11.15566179,      -10.79258948,      -9.727797471,             0.448,    0.001081491525,     0.08126766276,                 0,                 0,                 0,     -0.0331212571,  -0.0006916105604,     0.08127191587,                 0,       75.14405878
          0,           0,         465,      -10.28801948,      -11.16544498,      -10.80427174,      -9.739285864,             0.448,    0.001081491524,      0.0812676619,                 0,                 0,                 0,     -0.0331212573,  -0.0006916105434,     0.08127191501,                 0,       75.14405811
          0,           0,         466,       -10.2994036,      -11.17524793,      -10.81613095,      -9.750698756,             0.448,    0.001081491522,     0.08126766106,                 0,                 0,                 0,    -0.03312125748,  -0.0006916105267,     0.08127191417,                 0,       75.14405745
          0,           0,         467,      -10.31073831,      -11.18513718,      -10.82817296,      -9.762047234,             0.448,    0.001081491521,     0.08126766025,                 0,                 0,                 0,    -0.03312125764,  -0.0006916105103,     0.08127191336,                 0,       75.14405678
          0,           0,         468,      -10.32203611,      -11.19516815,       -10.8403999,      -9.773343568,             0.448,     0.00108149152,     0.08126765946,                 0,                 0,                 0,    -0.03312125778,  -0.0006916104941,     0.08127191258,                 0,       75.14405612
          0,           0,         469,      -10.33331007,      -11.20538676,      -10.85281014,      -9.784600864,             0.448,    0.001081491519,     0.08126765871,                 0,                 0,                 0,    -0.03312125791,  -0.0006916104782,     0.08127191182,                 0,       75.14405546
          0,           0,         470,      -10.34457343,      -11.21582736,      -10.86539828,      -9.795832723,             0.448,    0.001081491519,     0.08126765799,                 0,                 0,                 0,    -0.03312125801,  -0.0006916104626,      0.0812719111,                 0,        75.1440548
          0,           0,         471,      -10.35583939,      -11.22651456,      -10.87815534,      -9.807052979,             0.448,     0.00108149152,     0.08126765731,                 0,                 0,                 0,     -0.0331212581,  -0.0006916104473,     0.08127191042,                 0,       75.14405414
          0,           0,         472,      -10.36712077,      -11.23746105,      -10.89106903,      -9.818275372,             0.448,    0.001081491521,     0.08126765667,                 0,                 0,                 0,    -0.03312125817,  -0.0006916104323,     0.08127190978,                 0,       75.14405348
          0,           0,         473,      -10.37842979,      -11.24867115,      -10.90412391,      -9.829513259,             0.448,    0.001081491522,     0.08126765607,                 0,                 0,                 0,    -0.03312125823,  -0.0006916104177,     0.08127190918,                 0,       75.14405282
          0,           0,         474,      -10.38977786,      -11.26013844,      -10.91730192,      -9.840779415,             0.448,    0.001081491524,     0.08126765551,                 0,                 0,                 0,    -0.03312125826,  -0.0006916104034,     0.08127190862,                 0,       75.14405216
          0,           0,         475,      -10.40117539,      -11.27184878,      -10.93058261,      -9.852085757,             0.448,    0.001081491527,     0.08126765499,                 0,                 0,                 0,    -0.03312125828,  -0.0006916103896,     0.08127190811,                 0,       75.14405151
          0,           0,         476,      -10.41263164,      -11.28378095,      -10.94394377,      -9.863443233,             0.448,     0.00108149153,     0.08126765452,                 0,                 0,                 0,    -0.03312125829,  -0.0006916103762,     0.08127190764,                 0,       75.14405085
          0,           0,         477,      -10.42415462,      -11.29590734,      -10.95736194,       -9.87486162,             0.448,    0.001081491534,      0.0812676541,                 0,                 0,                 0,    -0.03312125828,  -0.0006916103632,     0.08127190721,                 0,        75.1440502
          0,           0,         478,      -10.43575105,      -11.30819499,      -10.97081285,      -9.886349475,             0.448,    0.001081491538,     0.08126765372,                 0,                 0,                 0,    -0.03312125825,  -0.0006916103508,     0.08127190683,                 0,       75.14404956
          0,           0,         479,      -10.44742626,      -11.32060938,      -10.98427209,      -9.897914042,             0.448,    0.001081491543,     0.08126765339,                 0,                 0,                 0,    -0.03312125822,  -0.0006916103388,      0.0812719065,                 0,       75.14404893
          0,           0,         480,      -10.45918425,      -11.33311144,      -10.99771571,      -9.909561216,             0.448,    0.001081491548,      0.0812676531,                 0,                 0,                 0,    -0.03312125817,  -0.0006916103274,     0.08127190621,                 0,        75.1440483
          0,           0,         481,      -10.47102769,      -11.34566538,      -11.01112073,      -9.921295507,             0.448,    0.001081491553,     0.08126765285,                 0,                 0,                 0,    -0.03312125811,  -0.0006916103165,     0.08127190597,                 0,       75.14404769
          0,           0,         482,      -10.48295797,      -11.35823432,      -11.02446572,      -9.933120135,             0.448,    0.001081491559,     0.08126765265,                 0,                 0,                 0,    -0.03312125804,  -0.0006916103062,     0.08127190577,                 0,        75.1440471
          0,           0,         483,      -10.49497528,      -11.37078441,      -11.03773131,      -9.945036998,             0.448,    0.001081491565,     0.08126765249,                 0,                 0,                 0,    -0.03312125796,  -0.0006916102966,     0.08127190561,                 0,       75.14404652
          0,           0,         484,      -10.50707866,      -11.38328821,       -11.0509007,      -9.957046779,             0.448,    0.001081491572,     0.08126765238,                 0,                 0,                 0,    -0.03312125787,  -0.0006916102876,     0.08127190549,                 0,       75.14404596
          0,           0,         485,      -10.51926617,      -11.39572216,      -11.06395986,      -9.969148969,             0.448,    0.001081491578,      0.0812676523,                 0,                 0,                 0,    -0.03312125778,  -0.0006916102792,     0.08127190541,                 0,       75.14404543
          0,           0,         486,      -10.53153493,      -11.40807014,       -11.0768979,      -9.981342054,             0.448,    0.001081491585,     0.08126765226,                 0,                 0,                 0,    -0.03312125768,  -0.0006916102715,     0.08127190537,                 0,       75.14404492
          0,           0,         487,      -10.54388127,      -11.42032363,       -11.0897072,      -9.993623478,             0.448,    0.001081491592,     0.08126765226,                 0,                 0,                 0,    -0.03312125758,  -0.0006916102645,     0.08127190537,                 0,       75.14404443
          0,           0,         488,      -10.55630086,      -11.43248049,      -11.10238335,      -10.00598985,             0.448,    0.001081491599,     0.08126765229,                 0,                 0,                 0,    -0.03312125747,  -0.0006916102582,      0.0812719054,                 0,       75.14404397
          0,           0,         489,      -10.56878878,      -11.44454888,      -11.11492527,      -10.01843699,             0.448,    0.001081491606,     0.08126765235,                 0,                 0,                 0,    -0.03312125736,  -0.0006916102526,     0.08127190547,                 0,       75.14404355
          0,           0,         490,      -10.58133969,      -11.45654146,      -11.12733467,      -10.03096008,             0.448,    0.001081491613,     0.08126765245,                 0,                 0,                 0,    -0.03312125725,  -0.0006916102477,     0.08127190556,                 0,       75.14404315
          0,           0,         491,      -10.59394784,      -11.46847892,      -11.13961618,      -10.04355365,             0.448,     0.00108149162,     0.08126765257,                 0,                 0,                 0,    -0.03312125713,  -0.0006916102435,     0.08127190568,                 0,       75.14404279
          0,           0,         492,      -10.60660732,      -11.48038738,      -11.15177653,      -10.05621184,             0.448,    0.001081491627,     0.08126765271,                 0,                 0,                 0,    -0.03312125702,  -0.0006916102401,     0.08127190583,                 0,       75.14404246
          0,           0,         493,      -10.61931196,      -11.49229637,      -11.16382451,      -10.06892829,             0.448,    0.001081491633,     0.08126765288,                 0,                 0,                 0,    -0.03312125691,  -0.0006916102373,       0.081271906,                 0,       75.14404217
          0,           0,         494,      -10.63205552,      -11.50424078,      -11.17577027,      -10.08169637,             0.448,    0.001081491639,     0.08126765307,                 0,                 0,                 0,    -0.03312125679,  -0.0006916102352,     0.08127190619,                 0,       75.14404191
          0,           0,         495,      -10.64483172,       -11.5162535,      -11.18762487,      -10.09450917,             0.448,    0.001081491645,     0.08126765328,                 0,                 0,                 0,    -0.03312125668,  -0.0006916102338,      0.0812719064,                 0,       75.14404169
          0,           0,         496,      -10.65763425,       -11.5283701,      -11.19939974,      -10.10735954,             0.448,    0.001081491651,     0.08126765351,                 0,                 0,                 0,    -0.03312125658,  -0.0006916102331,     0.08127190662,                 0,       75.14404151
          0,           0,         497,      -10.67045684,       -11.5406253,      -11.21110646,      -10.12024021,             0.448,    0.001081491656,     0.08126765374,                 0,                 0,                 0,    -0.03312125647,   -0.000691610233,     0.08127190686,                 0,       75.14404136
          0,           0,         498,      -10.68329328,      -11.55304883,      -11.22275608,      -10.13314377,             0.448,    0.001081491661,     0.08126765399,                 0,                 0,                 0,    -0.03312125637,  -0.0006916102335,     0.08127190711,                 0,       75.14404125
          0,           0,         499,      -10.69613741,      -11.56566605,      -11.23435893,      -10.14606272,             0.448,    0.001081491666,     0.08126765425,                 0,                 0,                 0,    -0.03312125627,  -0.0006916102347,     0.08127190737,                 0,       75.14404118
          0,           0,         500,      -10.70898315,      -11.57850082,      -11.24592426,      -10.15898956,             0.448,     0.00108149167,     0.08126765451,                 0,                 0,                 0,    -0.03312125618,  -0.0006916102364,     0.08127190763,                 0,       75.14404114
          0,           0,         501,      -10.72182448,      -11.59157065,      -11.25745996,       -10.1719167,             0.448,    0.001081491673,     0.08126765478,                 0,                 0,                 0,    -0.03312125609,  -0.0006916102386,      0.0812719079,                 0,       75.14404114
          0,           0,         502,      -10.73465547,      -11.60488338,      -11.26897269,      -10.18483663,             0.448,    0.001081491676,     0.08126765506,                 0,                 0,                 0,    -0.03312125601,  -0.0006916102414,     0.08127190817,                 0,       75.14404117
          0,           0,         503,      -10.74747029,      -11.61844208,      -11.28046754,      -10.19774194,             0.448,    0.001081491679,     0.08126765533,                 0,                 0,                 0,    -0.03312125593,  -0.0006916102446,     0.08127190845,                 0,       75.14404123
          0,           0,         504,      -10.76026317,      -11.63224225,      -11.29194852,      -10.21062524,             0.448,    0.001081491681,      0.0812676556,                 0,                 0,                 0,    -0.03312125586,  -0.0006916102483,     0.08127190872,                 0,       75.14404133
          0,           0,         505,      -10.77302854,      -11.64627055,      -11.30341798,       -10.2234794,             0.448,    0.001081491683,     0.08126765587,                 0,                 0,                 0,    -0.03312125579,  -0.0006916102524,     0.08127190899,                 0,       75.14404145
          0,           0,         506,      -10.78576091,      -11.66050628,      -11.31487733,      -10.23629744,             0.448,    0.001081491685,     0.08126765614,                 0,                 0,                 0,    -0.03312125573,  -0.0006916102569,     0.08127190926,                 0,       75.14404161
          0,           0,         507,      -10.79845504,      -11.67492245,      -11.32632712,      -10.24907277,             0.448,    0.001081491685,      0.0812676564,                 0,                 0,                 0,    -0.03312125567,  -0.0006916102617,     0.08127190952,                 0,       75.14404179
          0,           0,         508,      -10.81110591,      -11.68948216,      -11.33776744,       -10.2617991,             0.448,    0.001081491686,     0.08126765666,                 0,                 0,                 0,    -0.03312125562,  -0.0006916102669,     0.08127190977,                 0,       75.14404199
          0,           0,         509,      -10.82370884,      -11.70414328,       -11.3491978,      -10.27447067,             0.448,    0.001081491686,     0.08126765691,                 0,                 0,                 0,    -0.03312125557,  -0.0006916102722,     0.08127191002,                 0,       75.14404222
          0,           0,         510,      -10.83625959,      -11.71885624,      -11.36061821,       -10.2870823,             0.448,    0.001081491686,     0.08126765715,                 0,                 0,                 0,    -0.03312125553,  -0.0006916102779,     0.08127191026,                 0,       75.14404247
          0,           0,         511,      -10.84875427,      -11.73356949,      -11.37202841,      -10.29962936,             0.448,    0.001081491685,     0.08126765738,                 0,                 0,                 0,    -0.03312125549,  -0.0006916102837,     0.08127191049,                 0,       75.14404274
          0,           0,         512,      -10.86118978,      -11.74822118,      -11.38342937,      -10.31210817,             0.448,    0.001081491684,      0.0812676576,                 0,                 0,                 0,    -0.03312125546,  -0.0006916102897,     0.08127191071,                 0,       75.14404302
          0,           0,         513,      -10.87356352,      -11.76275578,      -11.39482263,      -10.32451573,             0.448,    0.001081491682,     0.08126765781,                 0,                 0,                 0,    -0.03312125543,  -0.0006916102958,     0.08127191092,                 0,       75.14404332
          0,           0,         514,      -10.88587373,      -11.77711392,      -11.40621074,      -10.33685009,             0.448,     0.00108149168,     0.08126765801,                 0,                 0,                 0,    -0.03312125541,   -0.000691610302,     0.08127191112,                 0,       75.14404364
          0,           0,         515,      -10.89811953,      -11.79123937,      -11.41759755,      -10.34911038,             0.448,    0.001081491678,      0.0812676582,                 0,                 0,                 0,    -0.03312125539,  -0.0006916103083,     0.08127191131,                 0,       75.14404396
          0,           0,         516,      -10.91030104,       -11.8050804,      -11.42898856,      -10.36129683,             0.448,    0.001081491676,     0.08126765837,                 0,                 0,                 0,    -0.03312125537,  -0.0006916103146,     0.08127191149,                 0,       75.14404429
          0,           0,         517,      -10.92241944,      -11.81859175,      -11.44039073,      -10.37341091,             0.448,    0.001081491673,     0.08126765854,                 0,                 0,                 0,    -0.03312125536,  -0.0006916103209,     0.08127191165,                 0,       75.14404464
          0,           0,         518,      -10.93447701,      -11.83173832,      -11.45181241,      -10.38545534,             0.448,     0.00108149167,     0.08126765869,                 0,                 0,                 0,    -0.03312125536,  -0.0006916103272,      0.0812719118,                 0,       75.14404498
          0,           0,         519,      -10.94647723,      -11.84449407,      -11.46326326,      -10.39743417,             0.448,    0.001081491667,     0.08126765883,                 0,                 0,                 0,    -0.03312125535,  -0.0006916103334,     0.08127191194,                 0,       75.14404533
          0,           0,         520,      -10.95842486,      -11.85684711,       -11.4747548,      -10.40935279,             0.448,    0.001081491663,     0.08126765896,                 0,                 0,                 0,    -0.03312125535,  -0.0006916103395,     0.08127191207,                 0,       75.14404568
          0,           0,         521,      -10.97032576,      -11.86879663,      -11.48629912,      -10.42121785,             0.448,     0.00108149166,     0.08126765908,                 0,                 0,                 0,    -0.03312125535,  -0.0006916103456,     0.08127191219,                 0,       75.14404603
          0,           0,         522,        -10.982187,      -11.88035635,      -11.49790947,      -10.43303717,             0.448,    0.001081491656,     0.08126765918,                 0,                 0,                 0,    -0.03312125535,  -0.0006916103515,      0.0812719123,                 0,       75.14404638
          0,           0,         523,      -10.99401677,      -11.89154944,       -11.5095998,      -10.44481983,             0.448,    0.001081491653,     0.08126765928,                 0,                 0,                 0,    -0.03312125536,  -0.0006916103573,     0.08127191239,                 0,       75.14404672
          0,           0,         524,       -11.0058242,      -11.90241338,      -11.52138425,      -10.45657577,             0.448,    0.001081491649,     0.08126765936,                 0,                 0,                 0,    -0.03312125537,  -0.0006916103628,     0.08127191247,                 0,       75.14404706
          0,           0,         525,      -11.01761938,      -11.91299495,      -11.53327635,      -10.46831591,             0.448,    0.001081491645,     0.08126765943,                 0,                 0,                 0,    -0.03312125538,  -0.0006916103682,     0.08127191255,                 0,        75.1440474
          0,           0,         526,      -11.02941298,      -11.92334543,       -11.5452898,      -10.48005179,             0.448,    0.001081491641,      0.0812676595,                 0,                 0,                 0,    -0.03312125539,  -0.0006916103734,     0.08127191261,                 0,       75.14404772
          0,           0,         527,      -11.04121624,      -11.93352714,      -11.55743666,      -10.49179543,             0.448,    0.001081491637,     0.08126765955,                 0,                 0,                 0,     -0.0331212554,  -0.0006916103784,     0.08127191266,                 0,       75.14404803
          0,           0,         528,      -11.05304077,      -11.94359961,      -11.56972811,      -10.50355919,             0.448,    0.001081491634,     0.08126765959,                 0,                 0,                 0,    -0.03312125542,  -0.0006916103831,     0.08127191271,                 0,       75.14404833
          0,           0,         529,      -11.06489827,      -11.95362569,      -11.58217365,      -10.51535546,             0.448,     0.00108149163,     0.08126765963,                 0,                 0,                 0,    -0.03312125543,  -0.0006916103876,     0.08127191274,                 0,       75.14404862
          0,           0,         530,      -11.07680042,      -11.96366907,      -11.59478076,      -10.52719651,             0.448,    0.001081491626,     0.08126765966,                 0,                 0,                 0,    -0.03312125544,  -0.0006916103918,     0.08127191277,                 0,        75.1440489
          0,           0,         531,      -11.08875848,      -11.97378714,      -11.60755466,      -10.53909422,             0.448,    0.001081491623,     0.08126765967,                 0,                 0,                 0,    -0.03312125546,  -0.0006916103957,     0.08127191279,                 0,       75.14404916
          0,           0,         532,      -11.10078338,       -11.9840358,      -11.62049807,      -10.55105997,             0.448,    0.001081491619,     0.08126765969,                 0,                 0,                 0,    -0.03312125548,  -0.0006916103994,      0.0812719128,                 0,       75.14404941
          0,           0,         533,      -11.11288526,      -11.99446241,      -11.63361116,      -10.56310438,             0.448,    0.001081491616,     0.08126765969,                 0,                 0,                 0,    -0.03312125549,  -0.0006916104028,     0.08127191281,                 0,       75.14404964
          0,           0,         534,      -11.12507348,      -12.00510362,      -11.64689144,      -10.57523714,             0.448,    0.001081491613,     0.08126765969,                 0,                 0,                 0,    -0.03312125551,  -0.0006916104059,      0.0812719128,                 0,       75.14404986
          0,           0,         535,      -11.13735626,      -12.01600427,      -11.66033341,      -10.58746686,             0.448,     0.00108149161,     0.08126765969,                 0,                 0,                 0,    -0.03312125552,  -0.0006916104087,      0.0812719128,                 0,       75.14405006
          0,           0,         536,      -11.14974073,      -12.02718518,      -11.67392871,      -10.59980084,             0.448,    0.001081491607,     0.08126765967,                 0,                 0,                 0,    -0.03312125554,  -0.0006916104113,     0.08127191279,                 0,       75.14405024
          0,           0,         537,      -11.16223263,      -12.03866801,       -11.6876663,      -10.61224515,             0.448,    0.001081491605,     0.08126765966,                 0,                 0,                 0,    -0.03312125556,  -0.0006916104135,     0.08127191277,                 0,       75.14405041
          0,           0,         538,      -11.17483629,      -12.05046429,      -11.70153203,      -10.62480428,             0.448,    0.001081491602,     0.08126765964,                 0,                 0,                 0,    -0.03312125557,  -0.0006916104155,     0.08127191275,                 0,       75.14405056
          0,           0,         539,       -11.1875546,      -12.06258489,      -11.71550945,      -10.63748133,             0.448,      0.0010814916,     0.08126765962,                 0,                 0,                 0,    -0.03312125559,  -0.0006916104172,     0.08127191273,                 0,       75.14405069
          0,           0,         540,      -11.20038876,      -12.07502312,      -11.72957928,      -10.65027756,             0.448,    0.001081491598,     0.08126765959,                 0,                 0,                 0,     -0.0331212556,  -0.0006916104187,      0.0812719127,                 0,       75.14405081
          0,           0,         541,      -11.21333843,      -12.08777243,      -11.74372047,      -10.66319283,             0.448,    0.001081491596,     0.08126765956,                 0,                 0,                 0,    -0.03312125561,  -0.0006916104199,     0.08127191267,                 0,       75.14405091
          0,           0,         542,      -11.22640144,      -12.10082073,      -11.75790983,      -10.67622512,             0.448,    0.001081491595,     0.08126765953,                 0,                 0,                 0,    -0.03312125563,  -0.0006916104208,     0.08127191264,                 0,       75.14405099
          0,           0,         543,       -11.2395742,      -12.11414993,      -11.77212297,      -10.68937084,             0.448,    0.001081491593,      0.0812676595,                 0,                 0,                 0,    -0.03312125564,  -0.0006916104215,     0.08127191261,                 0,       75.14405106
          0,           0,         544,      -11.25285134,      -12.12773308,      -11.78633404,      -10.70262477,             0.448,    0.001081491592,     0.08126765946,                 0,                 0,                 0,    -0.03312125565,   -0.000691610422,     0.08127191257,                 0,       75.14405112
          0,           0,         545,       -11.2662259,      -12.14154552,      -11.80051712,      -10.71598004,             0.448,    0.001081491591,     0.08126765943,                 0,                 0,                 0,    -0.03312125566,  -0.0006916104223,     0.08127191254,                 0,       75.14405116
          0,           0,         546,      -11.27968951,      -12.15555664,      -11.81464603,      -10.72942834,             0.448,     0.00108149159,     0.08126765939,                 0,                 0,                 0,    -0.03312125567,  -0.0006916104224,      0.0812719125,                 0,       75.14405118
          0,           0,         547,      -11.29323247,      -12.16972872,      -11.82869517,      -10.74296013,             0.448,    0.001081491589,     0.08126765935,                 0,                 0,                 0,    -0.03312125568,  -0.0006916104223,     0.08127191247,                 0,        75.1440512
          0,           0,         548,      -11.30684358,      -12.18403015,      -11.84264036,      -10.75656418,             0.448,    0.001081491589,     0.08126765932,                 0,                 0,                 0,    -0.03312125569,   -0.000691610422,     0.08127191243,                 0,        75.1440512
          0,           0,         549,      -11.32051089,      -12.19842365,      -11.85645916,      -10.77022867,             0.448,    0.001081491588,     0.08126765928,                 0,                 0,                 0,     -0.0331212557,  -0.0006916104215,     0.08127191239,                 0,       75.14405119
          0,           0,         550,       -11.3342213,      -12.21287028,      -11.87013119,      -10.78394054,             0.448,    0.001081491588,     0.08126765924,                 0,                 0,                 0,    -0.03312125571,  -0.0006916104209,     0.08127191236,                 0,       75.14405117
          0,           0,         551,      -11.34796106,      -12.22733968,      -11.88363937,      -10.79768603,             0.448,    0.001081491588,     0.08126765921,                 0,                 0,                 0,    -0.03312125572,  -0.0006916104202,     0.08127191232,                 0,       75.14405114
          0,           0,         552,      -11.36171615,      -12.24179869,       -11.8969695,      -10.81145116,             0.448,    0.001081491588,     0.08126765917,                 0,                 0,                 0,    -0.03312125572,  -0.0006916104193,     0.08127191228,                 0,        75.1440511
          0,           0,         553,      -11.37547219,      -12.25621767,      -11.91011128,      -10.82522151,             0.448,    0.001081491589,     0.08126765914,                 0,                 0,                 0,    -0.03312125573,  -0.0006916104183,     0.08127191225,                 0,       75.14405105
          0,           0,         554,       -11.3892149,      -12.27057051,      -11.92305816,      -10.83898285,             0.448,    0.001081491589,      0.0812676591,                 0,                 0,                 0,    -0.03312125574,  -0.0006916104172,     0.08127191222,                 0,         75.144051
          0,           0,         555,      -11.40293026,      -12.28483873,       -11.9358078,      -10.85272097,             0.448,    0.001081491589,     0.08126765907,                 0,                 0,                 0,    -0.03312125574,  -0.0006916104161,     0.08127191218,                 0,       75.14405094
          0,           0,         556,      -11.41660514,      -12.29900706,      -11.94836173,      -10.86642268,             0.448,     0.00108149159,     0.08126765904,                 0,                 0,                 0,    -0.03312125575,  -0.0006916104149,     0.08127191215,                 0,       75.14405087
          0,           0,         557,      -11.43022687,      -12.31306593,      -11.96072526,      -10.88007505,             0.448,     0.00108149159,     0.08126765901,                 0,                 0,                 0,    -0.03312125575,  -0.0006916104136,     0.08127191212,                 0,        75.1440508
          0,           0,         558,      -11.44378416,      -12.32700875,      -11.97290791,      -10.89366661,             0.448,    0.001081491591,     0.08126765898,                 0,                 0,                 0,    -0.03312125575,  -0.0006916104122,     0.08127191209,                 0,       75.14405072
          0,           0,         559,        -11.457267,      -12.34083583,      -11.98492226,      -10.90718704,             0.448,    0.001081491592,     0.08126765895,                 0,                 0,                 0,    -0.03312125576,  -0.0006916104109,     0.08127191206,                 0,       75.14405064
          0,           0,         560,       -11.4706668,        -12.354556,      -11.99678364,      -10.92062754,             0.448,    0.001081491593,     0.08126765892,                 0,                 0,                 0,    -0.03312125576,  -0.0006916104095,     0.08127191203,                 0,       75.14405056
          0,           0,         561,      -11.48397657,      -12.36818021,         -12.00851,      -10.93398058,             0.448,    0.001081491593,      0.0812676589,                 0,                 0,                 0,    -0.03312125577,   -0.000691610408,     0.08127191201,                 0,       75.14405048
          0,           0,         562,      -11.49719133,      -12.38171285,       -12.0201221,      -10.94724076,             0.448,    0.001081491594,     0.08126765887,                 0,                 0,                 0,    -0.03312125577,  -0.0006916104066,     0.08127191198,                 0,       75.14405039
          0,           0,         563,      -11.51030766,      -12.39517518,      -12.03164102,      -10.96040415,             0.448,    0.001081491595,     0.08126765885,                 0,                 0,                 0,    -0.03312125577,  -0.0006916104052,     0.08127191196,                 0,       75.14405031
          0,           0,         564,      -11.52332416,      -12.40857547,      -12.04308942,      -10.97346887,             0.448,    0.001081491596,     0.08126765882,                 0,                 0,                 0,    -0.03312125578,  -0.0006916104037,     0.08127191194,                 0,       75.14405022
          0,           0,         565,      -11.53624083,      -12.42194781,      -12.05449068,      -10.98643434,             0.448,    0.001081491597,      0.0812676588,                 0,                 0,                 0,    -0.03312125578,  -0.0006916104023,     0.08127191191,                 0,       75.14405014
          0,           0,         566,      -11.54905987,      -12.43528342,      -12.06586777,      -10.99930221,             0.448,    0.001081491598,     0.08126765878,                 0,                 0,                 0,    -0.03312125578,  -0.0006916104009,     0.08127191189,                 0,       75.14405005
          0,           0,         567,      -11.56178482,      -12.44861295,      -12.07724269,      -11.01207529,             0.448,    0.001081491599,     0.08126765876,                 0,                 0,                 0,    -0.03312125578,  -0.0006916103995,     0.08127191187,                 0,       75.14404997
          0,           0,         568,       -11.5744208,      -12.46193343,      -12.08863805,      -11.02475824,             0.448,      0.0010814916,     0.08126765874,                 0,                 0,                 0,    -0.03312125579,  -0.0006916103982,     0.08127191186,                 0,       75.14404988
          0,           0,         569,      -11.58697384,      -12.47526337,       -12.1000742,      -11.03735634,             0.448,    0.001081491601,     0.08126765872,                 0,                 0,                 0,    -0.03312125579,  -0.0006916103969,     0.08127191184,                 0,        75.1440498
          0,           0,         570,      -11.59945147,      -12.48860292,      -12.11156977,      -11.04987671,             0.448,    0.001081491602,     0.08126765871,                 0,                 0,                 0,    -0.03312125579,  -0.0006916103956,     0.08127191182,                 0,       75.14404972
          0,           0,         571,      -11.61186166,       -12.5019531,       -12.1231428,      -11.06232676,             0.448,    0.001081491603,     0.08126765869,                 0,                 0,                 0,    -0.03312125579,  -0.0006916103943,      0.0812719118,                 0,       75.14404965
          0,           0,         572,      -11.62421333,      -12.51531132,      -12.13480908,      -11.07471479,             0.448,    0.001081491604,     0.08126765868,                 0,                 0,                 0,     -0.0331212558,  -0.0006916103931,     0.08127191179,                 0,       75.14404957
          0,           0,         573,      -11.63651556,      -12.52866036,      -12.14658217,      -11.08704951,             0.448,    0.001081491604,     0.08126765866,                 0,                 0,                 0,     -0.0331212558,   -0.000691610392,     0.08127191178,                 0,        75.1440495
          0,           0,         574,       -11.6487776,        -12.542002,      -12.15847429,      -11.09933982,             0.448,    0.001081491605,     0.08126765865,                 0,                 0,                 0,     -0.0331212558,  -0.0006916103909,     0.08127191176,                 0,       75.14404943
          0,           0,         575,      -11.66100898,      -12.55530374,      -12.17049598,      -11.11159488,             0.448,    0.001081491606,     0.08126765864,                 0,                 0,                 0,     -0.0331212558,  -0.0006916103898,     0.08127191175,                 0,       75.14404937
          0,           0,         576,      -11.67321864,      -12.56856299,      -12.18265494,      -11.12382331,             0.448,    0.001081491607,     0.08126765862,                 0,                 0,                 0,    -0.03312125581,  -0.0006916103888,     0.08127191174,                 0,        75.1440493
          0,           0,         577,       -11.6854156,      -12.58174219,      -12.19495808,      -11.13603402,             0.448,    0.001081491608,     0.08126765861,                 0,                 0,                 0,    -0.03312125581,  -0.0006916103878,     0.08127191172,                 0,       75.14404924
          0,           0,         578,      -11.69760792,      -12.59483092,      -12.20740952,      -11.14823485,             0.448,    0.001081491608,      0.0812676586,                 0,                 0,                 0,    -0.03312125581,  -0.0006916103869,     0.08127191171,                 0,       75.14404919
          0,           0,         579,      -11.70980363,      -12.60780472,      -12.22001285,      -11.16043384,             0.448,    0.001081491609,     0.08126765859,                 0,                 0,                 0,    -0.03312125581,  -0.0006916103861,      0.0812719117,                 0,       75.14404913
          0,           0,         580,      -11.72200968,      -12.62063357,      -12.23276896,      -11.17263779,             0.448,    0.001081491609,     0.08126765858,                 0,                 0,                 0,    -0.03312125581,  -0.0006916103853,     0.08127191169,                 0,       75.14404909
          0,           0,         581,       -11.7342324,      -12.63330447,      -12.24567811,      -11.18485319,             0.448,     0.00108149161,     0.08126765857,                 0,                 0,                 0,    -0.03312125582,  -0.0006916103846,     0.08127191168,                 0,       75.14404904
          0,           0,         582,       -11.7464775,      -12.64580478,      -12.25873828,      -11.19708579,             0.448,     0.00108149161,     0.08126765856,                 0,                 0,                 0,    -0.03312125582,  -0.0006916103839,     0.08127191167,                 0,         75.144049
          0,           0,         583,      -11.75874973,      -12.65810685,      -12.27194628,      -11.20934049,             0.448,    0.001081491611,     0.08126765855,                 0,                 0,                 0,    -0.03312125582,  -0.0006916103832,     0.08127191167,                 0,       75.14404896
          0,           0,         584,      -11.77105336,      -12.67020863,      -12.28529838,      -11.22162175,             0.448,    0.001081491611,     0.08126765854,                 0,                 0,                 0,    -0.03312125582,  -0.0006916103826,     0.08127191166,                 0,       75.14404892
          0,           0,         585,      -11.78339166,      -12.68211895,      -12.29878815,        -11.233933,             0.448,    0.001081491612,     0.08126765854,                 0,                 0,                 0,    -0.03312125582,  -0.0006916103821,     0.08127191165,                 0,       75.14404889
          0,           0,         586,      -11.79576731,       -12.6938253,      -12.31240909,      -11.24627732,             0.448,    0.001081491612,     0.08126765853,                 0,                 0,                 0,    -0.03312125582,  -0.0006916103816,     0.08127191164,                 0,       75.14404886
          0,           0,         587,      -11.80818245,      -12.70533977,      -12.32615301,      -11.25865712,             0.448,    0.001081491612,     0.08126765852,                 0,                 0,                 0,    -0.03312125582,  -0.0006916103812,     0.08127191164,                 0,       75.14404883
          0,           0,         588,      -11.82063839,      -12.71668504,      -12.34001109,      -11.27107396,             0.448,    0.001081491612,     0.08126765852,                 0,                 0,                 0,    -0.03312125583,  -0.0006916103808,     0.08127191163,                 0,       75.14404881
          0,           0,         589,      -11.83313626,      -12.72788082,      -12.35397301,      -11.28352947,             0.448,    0.001081491613,     0.08126765851,                 0,                 0,                 0,    -0.03312125583,  -0.0006916103804,     0.08127191162,                 0,       75.14404879
          0,           0,         590,      -11.84567674,      -12.73895231,      -12.36802762,      -11.29602477,             0.448,    0.001081491613,     0.08126765851,                 0,                 0,                 0,    -0.03312125583,  -0.0006916103801,     0.08127191162,                 0,       75.14404877
          0,           0,         591,      -11.85825941,      -12.74993463,      -12.38216241,      -11.30855964,             0.448,    0.001081491613,      0.0812676585,                 0,                 0,                 0,    -0.03312125583,  -0.0006916103799,     0.08127191161,                 0,       75.14404875
          0,           0,         592,      -11.87088453,      -12.76085541,      -12.39636366,      -11.32113507,             0.448,    0.001081491613,      0.0812676585,                 0,                 0,                 0,    -0.03312125583,  -0.0006916103796,     0.08127191161,                 0,       75.14404874
          0,           0,         593,      -11.88355151,      -12.77175858,      -12.41061854,      -11.33375091,             0.448,    0.001081491613,     0.08126765849,                 0,                 0,                 0,    -0.03312125583,  -0.0006916103794,     0.08127191161,                 0,       75.14404873
          0,           0,         594,      -11.89625958,      -12.78267997,        -12.424912,      -11.34640682,             0.448,    0.001081491613,     0.08126765849,                 0,                 0,                 0,    -0.03312125583,  -0.0006916103793,      0.0812719116,                 0,       75.14404872
          0,           0,         595,      -11.90900784,      -12.79365383,      -12.43922733,      -11.35910252,             0.448,    0.001081491613,     0.08126765849,                 0,                 0,                 0,    -0.03312125583,  -0.0006916103792,      0.0812719116,                 0,       75.14404871
          0,           0,         596,       -11.9217951,      -12.80473317,      -12.45354852,      -11.37183768,             0.448,    0.001081491614,     0.08126765848,                 0,                 0,                 0,    -0.03312125583,  -0.0006916103791,      0.0812719116,                 0,       75.14404871
          0,           0,         597,      -11.93461999,      -12.81594097,      -12.46785917,      -11.38461097,             0.448,    0.001081491614,     0.08126765848,                 0,                 0,                 0,    -0.03312125583,   -0.000691610379,      0.0812719116,                 0,        75.1440487
          0,           0,         598,      -11.94748121,      -12.82732115,      -12.48214092,      -11.39742205,             0.448,    0.001081491614,     0.08126765848,                 0,                 0,                 0,    -0.03312125583,  -0.0006916103789,     0.08127191159,                 0,        75.1440487
          0,           0,         599,      -11.96037704,      -12.83890785,      -12.49637625,      -11.41026977,             0.448,    0.001081491614,     0.08126765848,                 0,                 0,                 0,    -0.03312125583,  -0.0006916103789,     0.08127191159,                 0,        75.1440487
          0,           0,         600,      -11.97330605,      -12.85070824,      -12.51054739,      -11.42315313,             0.448,    0.001081491614,     0.08126765848,                 0,                 0,                 0,    -0.03312125583,  -0.0006916103789,     0.08127191159,                 0,        75.1440487
          0,           0,         601,      -11.98626552,      -12.86277405,      -12.52463612,      -11.43607064,             0.448,    0.001081491614,     0.08126765848,                 0,                 0,                 0,    -0.03312125582,  -0.0006916103789,     0.08127191159,                 0,        75.1440487
          0,           0,         602,      -11.99925339,      -12.87510367,      -12.53862589,      -11.44902053,             0.448,    0.001081491613,     0.08126765848,                 0,                 0,                 0,    -0.03312125582,   -0.000691610379,     0.08127191159,                 0,       75.14404871
          0,           0,         603,       -12.0122674,      -12.88773341,      -12.55249878,      -11.46200084,             0.448,    0.001081491613,     0.08126765848,                 0,                 0,                 0,    -0.03312125582,  -0.0006916103791,     0.08127191159,                 0,       75.14404871
          0,           0,         604,      -12.02530458,        -12.900644,      -12.56623966,       -11.4750093,             0.448,    0.001081491613,     0.08126765848,                 0,                 0,                 0,    -0.03312125582,  -0.0006916103791,      0.0812719116,                 0,       75.14404871
          0,           0,         605,      -12.03836154,      -12.91385632,      -12.57983428,      -11.48804344,             0.448,    0.001081491613,     0.08126765848,                 0,                 0,                 0,    -0.03312125582,  -0.0006916103792,      0.0812719116,                 0,       75.14404872
          0,           0,         606,      -12.05143491,      -12.92737157,      -12.59326854,      -11.50110033,             0.448,    0.001081491613,     0.08126765849,                 0,                 0,                 0,    -0.03312125582,  -0.0006916103793,      0.0812719116,                 0,       75.14404873
          0,           0,         607,      -12.06452077,      -12.94117821,      -12.60653142,      -11.51417627,             0.448,    0.001081491613,     0.08126765849,                 0,                 0,                 0,    -0.03312125582,  -0.0006916103794,      0.0812719116,                 0,       75.14404873
          0,           0,         608,       -12.0776145,      -12.95525218,      -12.61961366,      -11.52726712,             0.448,    0.001081491613,     0.08126765849,                 0,                 0,                 0,    -0.03312125581,  -0.0006916103796,     0.08127191161,                 0,       75.14404874
          0,           0,         609,      -12.09071185,       -12.9695765,      -12.63250937,      -11.54036897,             0.448,    0.001081491613,      0.0812676585,                 0,                 0,                 0,    -0.03312125581,  -0.0006916103797,     0.08127191161,                 0,       75.14404875
          0,           0,         610,      -12.10380708,      -12.98415015,      -12.64521124,      -11.55347672,             0.448,    0.001081491613,      0.0812676585,                 0,                 0,                 0,    -0.03312125581,  -0.0006916103798,     0.08127191161,                 0,       75.14404875
          0,           0,         611,      -12.11689518,       -12.9989329,      -12.65772042,      -11.56658522,             0.448,    0.001081491613,      0.0812676585,                 0,                 0,                 0,    -0.03312125581,    -0.00069161038,     0.08127191162,                 0,       75.14404876
          0,           0,         612,      -12.12996991,       -13.0138738,      -12.67003765,      -11.57968796,             0.448,    0.001081491613,     0.08126765851,                 0,                 0,                 0,    -0.03312125581,  -0.0006916103802,     0.08127191162,                 0,       75.14404877
          0,           0,         613,      -12.14302585,      -13.02896232,      -12.68216639,      -11.59277985,             0.448,    0.001081491613,     0.08126765851,                 0,                 0,                 0,     -0.0331212558,  -0.0006916103803,     0.08127191163,                 0,       75.14404878
          0,           0,         614,      -12.15605636,      -13.04413499,      -12.69411327,      -11.60585395,             0.448,    0.001081491613,     0.08126765852,                 0,                 0,                 0,     -0.0331212558,  -0.0006916103805,     0.08127191163,                 0,       75.14404879
          0,           0,         615,      -12.16905449,      -13.05937188,      -12.70588692,      -11.61890301,             0.448,    0.001081491613,     0.08126765852,                 0,                 0,                 0,     -0.0331212558,  -0.0006916103807,     0.08127191164,                 0,        75.1440488
          0,           0,         616,      -12.18201431,      -13.07459174,      -12.71750058,       -11.6319208,             0.448,    0.001081491613,     0.08126765853,                 0,                 0,                 0,     -0.0331212558,  -0.0006916103808,     0.08127191164,                 0,        75.1440488
          0,           0,         617,      -12.19492954,       -13.0897874,      -12.72896727,      -11.64490059,             0.448,    0.001081491613,     0.08126765854,                 0,                 0,                 0,    -0.03312125579,   -0.000691610381,     0.08127191165,                 0,       75.14404881
          0,           0,         618,      -12.20779426,      -13.10489116,      -12.74030516,      -11.65783487,             0.448,    0.001081491613,     0.08126765854,                 0,                 0,                 0,    -0.03312125579,  -0.0006916103812,     0.08127191166,                 0,       75.14404882
          0,           0,         619,      -12.22060218,      -13.11986361,       -12.7515286,      -11.67071777,             0.448,    0.001081491613,     0.08126765855,                 0,                 0,                 0,    -0.03312125579,  -0.0006916103814,     0.08127191166,                 0,       75.14404883
          0,           0,         620,      -12.23334779,      -13.13464707,      -12.76266041,      -11.68354201,             0.448,    0.001081491613,     0.08126765855,                 0,                 0,                 0,    -0.03312125579,  -0.0006916103815,     0.08127191167,                 0,       75.14404884
          0,           0,         621,      -12.24602648,      -13.14922293,       -12.7737184,      -11.69630268,             0.448,    0.001081491613,     0.08126765856,                 0,                 0,                 0,    -0.03312125579,  -0.0006916103817,     0.08127191167,                 0,       75.14404885
          0,           0,         622,      -12.25863453,      -13.16355774,      -12.78472622,      -11.70899389,             0.448,    0.001081491612,     0.08126765857,                 0,                 0,                 0,    -0.03312125578,  -0.0006916103819,     0.08127191168,                 0,       75.14404886
          0,           0,         623,      -12.27116846,      -13.17762122,      -12.79570265,       -11.7216116,             0.448,    0.001081491612,     0.08126765857,                 0,                 0,                 0,    -0.03312125578,  -0.0006916103821,     0.08127191169,                 0,       75.14404887
          0,           0,         624,      -12.28362578,      -13.19136323,      -12.80667134,      -11.73415202,             0.448,    0.001081491612,     0.08126765858,                 0,                 0,                 0,    -0.03312125578,  -0.0006916103823,     0.08127191169,                 0,       75.14404888
          0,           0,         625,       -12.2960047,      -13.20480602,      -12.81764999,      -11.74661239,             0.448,    0.001081491612,     0.08126765859,                 0,                 0,                 0,    -0.03312125578,  -0.0006916103825,      0.0812719117,                 0,       75.14404888
          0,           0,         626,      -12.30830476,      -13.21793002,      -12.82866099,      -11.75899112,             0.448,    0.001081491612,     0.08126765859,                 0,                 0,                 0,    -0.03312125578,  -0.0006916103826,     0.08127191171,                 0,       75.14404889
          0,           0,         627,      -12.32052699,      -13.23074088,      -12.83972415,       -11.7712869,             0.448,    0.001081491612,      0.0812676586,                 0,                 0,                 0,    -0.03312125578,  -0.0006916103828,     0.08127191171,                 0,        75.1440489
          0,           0,         628,      -12.33267439,      -13.24321002,      -12.85085641,      -11.78350205,             0.448,    0.001081491612,     0.08126765861,                 0,                 0,                 0,    -0.03312125577,   -0.000691610383,     0.08127191172,                 0,       75.14404891
          0,           0,         629,      -12.34474731,      -13.25541751,      -12.86207511,       -11.7956366,             0.448,    0.001081491612,     0.08126765861,                 0,                 0,                 0,    -0.03312125577,  -0.0006916103832,     0.08127191172,                 0,       75.14404892
          0,           0,         630,      -12.35675043,      -13.26733557,      -12.87339348,      -11.80769356,             0.448,    0.001081491612,     0.08126765862,                 0,                 0,                 0,    -0.03312125577,  -0.0006916103833,     0.08127191173,                 0,       75.14404893
          0,           0,         631,      -12.36868946,      -13.27901212,      -12.88482728,      -11.81967826,             0.448,    0.001081491612,     0.08126765862,                 0,                 0,                 0,    -0.03312125577,  -0.0006916103835,     0.08127191174,                 0,       75.14404894
          0,           0,         632,       -12.3805693,        -13.290426,      -12.89638771,      -11.83159441,             0.448,    0.001081491612,     0.08126765863,                 0,                 0,                 0,    -0.03312125577,  -0.0006916103837,     0.08127191174,                 0,       75.14404894
          0,           0,         633,      -12.39239685,      -13.30166841,      -12.90808506,      -11.84344852,             0.448,    0.001081491612,     0.08126765863,                 0,                 0,                 0,    -0.03312125577,  -0.0006916103838,     0.08127191175,                 0,       75.14404895
          0,           0,         634,      -12.40417869,      -13.31272353,      -12.91992451,      -11.85524698,             0.448,    0.001081491612,     0.08126765864,                 0,                 0,                 0,    -0.03312125577,   -0.000691610384,     0.08127191175,                 0,       75.14404896
          0,           0,         635,      -12.41592336,      -13.32366423,      -12.93191043,      -11.86699782,             0.448,    0.001081491612,     0.08126765864,                 0,                 0,                 0,    -0.03312125577,  -0.0006916103841,     0.08127191176,                 0,       75.14404897
          0,           0,         636,      -12.42763963,      -13.33444886,      -12.94405378,      -11.87870996,             0.448,    0.001081491612,     0.08126765865,                 0,                 0,                 0,    -0.03312125577,  -0.0006916103843,     0.08127191176,                 0,       75.14404898
          0,           0,         637,      -12.43933481,      -13.34520372,      -12.95634946,      -11.89039094,             0.448,    0.001081491612,     0.08126765865,                 0,                 0,                 0,    -0.03312125577,  -0.0006916103844,     0.08127191177,                 0,       75.14404898
          0,           0,         638,      -12.45101915,      -13.35584132,      -12.96880046,      -11.90205145,             0.448,    0.001081491612,     0.08126765866,                 0,                 0,                 0,    -0.03312125577,  -0.0006916103846,     0.08127191177,                 0,       75.14404899
          0,           0,         639,      -12.46269933,      -13.36652388,      -12.98140219,      -11.91369852,             0.448,    0.001081491612,     0.08126765866,                 0,                 0,                 0,    -0.03312125576,  -0.0006916103847,     0.08127191177,                 0,         75.144049
          0,           0,         640,       -12.4743865,      -13.37712517,      -12.99415732,      -11.92534364,             0.448,    0.001081491612,     0.08126765866,                 0,                 0,                 0,    -0.03312125576,  -0.0006916103849,     0.08127191178,                 0,       75.14404901
          0,           0,         641,      -12.48608754,      -13.38781024,      -13.00704689,      -11.93699466,             0.448,    0.001081491612,     0.08126765867,                 0,                 0,                 0,    -0.03312125576,   -0.000691610385,     0.08127191178,                 0,       75.14404901
          0,           0,         642,      -12.49781183,      -13.39846008,      -13.02007607,      -11.94866215,             0.448,    0.001081491612,     0.08126765867,                 0,                 0,                 0,    -0.03312125576,  -0.0006916103851,     0.08127191178,                 0,       75.14404902
          0,           0,         643,      -12.50956689,       -13.4091543,      -13.03322935,       -11.9603541,             0.448,    0.001081491611,     0.08126765867,                 0,                 0,                 0,    -0.03312125576,  -0.0006916103852,     0.08127191179,                 0,       75.14404903
          0,           0,         644,      -12.52135904,      -13.41997282,      -13.04650045,      -11.97207749,             0.448,    0.001081491611,     0.08126765868,                 0,                 0,                 0,    -0.03312125576,  -0.0006916103853,     0.08127191179,                 0,       75.14404903
          0,           0,         645,      -12.53319745,      -13.43083272,      -13.05987171,      -11.98384399,             0.448,    0.001081491611,     0.08126765868,                 0,                 0,                 0,    -0.03312125576,  -0.0006916103854,     0.08127191179,                 0,       75.14404904
          0,           0,         646,      -12.54508607,      -13.44172382,      -13.07333294,      -11.99565656,             0.448,    0.001081491611,     0.08126765868,                 0,                 0,                 0,    -0.03312125576,  -0.0006916103855,     0.08127191179,                 0,       75.14404904
          0,           0,         647,      -12.55703051,      -13.45271461,      -13.08686966,      -12.00752341,             0.448,    0.001081491611,     0.08126765868,                 0,                 0,                 0,    -0.03312125576,  -0.0006916103856,     0.08127191179,                 0,       75.14404905
          0,           0,         648,      -12.56903656,      -13.46387196,       -13.1004687,      -12.01945153,             0.448,    0.001081491611,     0.08126765868,                 0,                 0,                 0,    -0.03312125577,  -0.0006916103857,      0.0812719118,                 0,       75.14404905
          0,           0,         649,      -12.58110793,      -13.47503298,      -13.11411355,      -12.03144493,             0.448,    0.001081491611,     0.08126765868,                 0,                 0,                 0,    -0.03312125577,  -0.0006916103858,      0.0812719118,                 0,       75.14404906
          0,           0,         650,      -12.59324664,      -13.48643806,      -13.12779054,      -12.04350635,             0.448,    0.001081491611,     0.08126765868,                 0,                 0,                 0,    -0.03312125577,  -0.0006916103859,      0.0812719118,                 0,       75.14404906
          0,           0,         651,      -12.60545792,      -13.49777396,      -13.14147787,      -12.05564274,             0.448,    0.001081491611,     0.08126765868,                 0,                 0,                 0,    -0.03312125577,   -0.000691610386,      0.0812719118,                 0,       75.14404907
          0,           0,         652,       -12.6177402,      -13.50928861,      -13.15516181,      -12.06785362,             0.448,    0.001081491611,     0.08126765869,                 0,                 0,                 0,    -0.03312125577,   -0.000691610386,      0.0812719118,                 0,       75.14404907
          0,           0,         653,      -12.63009692,      -13.52092584,      -13.16883151,      -12.08014316,             0.448,    0.001081491611,     0.08126765869,                 0,                 0,                 0,    -0.03312125577,  -0.0006916103861,      0.0812719118,                 0,       75.14404908
          0,           0,         654,      -12.64252754,      -13.53269953,       -13.1824664,      -12.09251179,             0.448,    0.001081491611,     0.08126765869,                 0,                 0,                 0,    -0.03312125577,  -0.0006916103861,      0.0812719118,                 0,       75.14404908
          0,           0,         655,      -12.65503089,      -13.54456463,      -13.19605239,      -12.10495814,             0.448,    0.001081491611,     0.08126765868,                 0,                 0,                 0,    -0.03312125577,  -0.0006916103862,      0.0812719118,                 0,       75.14404908
          0,           0,         656,      -12.66760493,      -13.55659691,      -13.20957572,      -12.11748189,             0.448,    0.001081491611,     0.08126765868,                 0,                 0,                 0,    -0.03312125577,  -0.0006916103862,      0.0812719118,                 0,       75.14404909
          0,           0,         657,      -12.68025003,      -13.56873751,      -13.22302106,      -12.13008434,             0.448,    0.001081491611,     0.08126765868,                 0,                 0,                 0,    -0.03312125577,  -0.0006916103862,      0.0812719118,                 0,       75.14404909
          0,           0,         658,      -12.69296202,       -13.5810538,      -13.23638248,      -12.14276073,             0.448,    0.001081491611,     0.08126765868,                 0,                 0,                 0,    -0.03312125577,  -0.0006916103863,      0.0812719118,                 0,       75.14404909
          0,           0,         659,      -12.70573814,      -13.59359466,      -13.24964701,      -12.15550831,             0.448,    0.001081491611,     0.08126765868,                 0,                 0,                 0,    -0.03312125577,  -0.0006916103863,     0.08127191179,                 0,       75.14404909
          0,           0,         660,      -12.71857426,      -13.60623273,       -13.2628014,      -12.16832485,             0.448,    0.001081491611,     0.08126765868,                 0,                 0,                 0,    -0.03312125577,  -0.0006916103863,     0.08127191179,                 0,        75.1440491
          0,           0,         661,      -12.73146377,       -13.6190091,      -13.27584038,      -12.18120364,             0.448,    0.001081491611,     0.08126765868,                 0,                 0,                 0,    -0.03312125577,  -0.0006916103863,     0.08127191179,                 0,        75.1440491
          0,           0,         662,      -12.74440438,       -13.6320185,      -13.28875426,      -12.19414037,             0.448,     0.00108149161,     0.08126765868,                 0,                 0,                 0,    -0.03312125577,  -0.0006916103863,     0.08127191179,                 0,        75.1440491
          0,           0,         663,      -12.75738853,      -13.64516773,      -13.30153918,      -12.20712892,             0.448,     0.00108149161,     0.08126765868,                 0,                 0,                 0,    -0.03312125577,  -0.0006916103863,     0.08127191179,                 0,        75.1440491
          0,           0,         664,      -12.77041138,      -13.65839393,      -13.31420387,      -12.22016534,             0.448,     0.00108149161,     0.08126765868,                 0,                 0,                 0,    -0.03312125577,  -0.0006916103863,     0.08127191179,                 0,        75.1440491
          0,           0,         665,      -12.78346415,      -13.67199249,      -13.32671823,      -12.23323867,             0.448,     0.00108149161,     0.08126765867,                 0,                 0,                 0,    -0.03312125578,  -0.0006916103863,     0.08127191179,                 0,        75.1440491
          0,           0,         666,      -12.79654154,      -13.68567377,      -13.33910947,      -12.24634504,             0.448,     0.00108149161,     0.08126765867,                 0,                 0,                 0,    -0.03312125578,  -0.0006916103863,     0.08127191178,                 0,        75.1440491
          0,           0,         667,      -12.80963338,      -13.69943629,       -13.3513621,      -12.25947228,             0.448,     0.00108149161,     0.08126765867,                 0,                 0,                 0,    -0.03312125578,  -0.0006916103863,     0.08127191178,                 0,        75.1440491
          0,           0,         668,      -12.82273613,      -13.71341316,        -13.363486,      -12.27261796,             0.448,     0.00108149161,     0.08126765867,                 0,                 0,                 0,    -0.03312125578,  -0.0006916103862,     0.08127191178,                 0,        75.1440491
          0,           0,         669,      -12.83583842,      -13.72755142,      -13.37547902,      -12.28576832,             0.448,     0.00108149161,     0.08126765867,                 0,                 0,                 0,    -0.03312125578,  -0.0006916103862,     0.08127191178,                 0,        75.1440491
          0,           0,         670,      -12.84893108,      -13.74182842,      -13.38735541,      -12.29891452,             0.448,     0.00108149161,     0.08126765866,                 0,                 0,                 0,    -0.03312125578,  -0.0006916103862,     0.08127191178,                 0,        75.1440491
          0,           0,         671,       -12.8620071,       -13.7562427,      -13.39910963,      -12.31204863,             0.448,     0.00108149161,     0.08126765866,                 0,                 0,                 0,    -0.03312125578,  -0.0006916103862,     0.08127191178,                 0,        75.1440491
          0,           0,         672,      -12.87505943,      -13.77061628,       -13.4107597,      -12.32516244,             0.448,     0.00108149161,     0.08126765866,                 0,                 0,                 0,    -0.03312125578,  -0.0006916103861,     0.08127191177,                 0,       75.14404909
          0,           0,         673,      -12.88808023,      -13.78503487,      -13.42230043,      -12.33824801,             0.448,     0.00108149161,     0.08126765866,                 0,                 0,                 0,    -0.03312125578,  -0.0006916103861,     0.08127191177,                 0,       75.14404909
          0,           0,         674,      -12.90106132,      -13.79955618,      -13.43374898,      -12.35129522,             0.448,     0.00108149161,     0.08126765866,                 0,                 0,                 0,    -0.03312125578,  -0.0006916103861,     0.08127191177,                 0,       75.14404909
          0,           0,         675,      -12.91399248,      -13.81407746,      -13.44511051,      -12.36429469,             0.448,     0.00108149161,     0.08126765866,                 0,                 0,                 0,    -0.03312125578,   -0.000691610386,     0.08127191177,                 0,       75.14404909
          0,           0,         676,        -12.926868,      -13.82864428,      -13.45641407,      -12.37723875,             0.448,     0.00108149161,     0.08126765865,                 0,                 0,                 0,    -0.03312125578,   -0.000691610386,     0.08127191177,                 0,       75.14404909
          0,           0,         677,      -12.93968157,      -13.84314432,      -13.46763731,      -12.39011861,             0.448,     0.00108149161,     0.08126765865,                 0,                 0,                 0,    -0.03312125578,  -0.0006916103859,     0.08127191177,                 0,       75.14404909
          0,           0,         678,       -12.9524317,      -13.85731844,       -13.4788213,      -12.40293406,             0.448,     0.00108149161,     0.08126765865,                 0,                 0,                 0,    -0.03312125578,  -0.0006916103859,     0.08127191176,                 0,       75.14404908
          0,           0,         679,        -12.965109,      -13.87153425,      -13.48996945,      -12.41567493,             0.448,     0.00108149161,     0.08126765865,                 0,                 0,                 0,    -0.03312125578,  -0.0006916103858,     0.08127191176,                 0,       75.14404908
          0,           0,         680,       -12.9777108,      -13.88553137,      -13.50109792,      -12.42833699,             0.448,     0.00108149161,     0.08126765865,                 0,                 0,                 0,    -0.03312125578,  -0.0006916103858,     0.08127191176,                 0,       75.14404908
          0,           0,         681,      -12.99023718,      -13.89922969,      -13.51221686,      -12.44091786,             0.448,     0.00108149161,     0.08126765865,                 0,                 0,                 0,    -0.03312125578,  -0.0006916103857,     0.08127191176,                 0,       75.14404908
          0,           0,         682,      -13.00268109,      -13.91290721,      -13.52331735,      -12.45341143,             0.448,     0.00108149161,     0.08126765865,                 0,                 0,                 0,    -0.03312125578,  -0.0006916103857,     0.08127191176,                 0,       75.14404907
