"Time_Iter","Inner_Iter",    "rms[Rho]"    ,    "rms[RhoU]"   ,    "rms[RhoV]"   ,    "rms[RhoE]"   ,     "rms[nu]"    ,    "RefForce"    ,       "CD"       ,       "CL"       ,       "CSF"      ,       "CMx"      ,       "CMy"      ,       "CMz"      ,       "CFx"      ,       "CFy"      ,       "CFz"      ,      "CEff"      ,     "Buffet"     ,   "relrms[Rho]"  ,  "relrms[RhoU]"  ,  "relrms[RhoV]"  ,  "relrms[RhoE]"  ,   "relrms[nu]"   , "tavg[RefForce]" ,    "tavg[CD]"    ,    "tavg[CL]"    ,    "tavg[CSF]"   ,    "tavg[CMx]"   ,    "tavg[CMy]"   ,    "tavg[CMz]"   ,    "tavg[CFx]"   ,    "tavg[CFy]"   ,    "tavg[CFz]"   ,   "tavg[CEff]"   ,  "tavg[Buffet]"  ,"Cauchy[tavg[CD]]","Cauchy[tavg[CL]]"
          0,          49,      -6.564598606,      -4.471303185,      -3.970529087,       -1.04462408,      -4.587028922,      0.9329898399,       4.129884432,       12.72870582,                 0,                 0,                 0,       2.983057953,      0.2279147044,       13.37998326,                 0,       3.082097339,     0.06996959334,      -1.201706341,      -1.307680031,     -0.8759488579,      -1.158384913,      -3.695460417,                 0,                 0,                 0,                 0,                 0,                 0,                 0,                 0,                 0,                 0,                 0,                 0,                 1,                 1
          1,          49,      -6.748532728,      -4.532840254,      -4.120913622,      -1.233412179,      -4.333815894,      0.9329898399,        2.38937386,        9.17168984,                 0,                 0,                 0,       1.444805508,     -0.3965730077,       9.469515923,                 0,       3.838532761,      0.1752178101,       -1.55570841,      -1.680467596,      -1.537860257,      -1.491465866,      -2.466731252,                 0,                 0,                 0,                 0,                 0,                 0,                 0,                 0,                 0,                 0,                 0,                 0,                 1,                 1
          2,          49,      -6.682790852,      -4.588516556,      -4.155243604,      -1.210855915,      -4.742200655,      0.9329898399,        1.58568278,       6.707418248,                 0,                 0,                 0,      0.6567205258,     -0.4446633238,       6.877944748,                 0,       4.229987444,      0.2196793921,      -1.631628196,      -1.969915015,      -1.722068379,      -1.609484137,      -3.001142056,                 0,                 0,                 0,                 0,                 0,                 0,                 0,                 0,                 0,                 0,                 0,                 0,                 1,                 1
          3,          49,      -6.772394083,      -4.907660158,      -4.362674722,      -1.292073866,      -5.085069232,      0.9329898399,       1.251647857,       4.949554233,                 0,                 0,                 0,      0.5105614633,       -0.25015281,        5.09922867,                 0,       3.954430317,       0.722414395,      -1.795332076,      -2.423556011,      -1.994820812,      -1.776234797,      -3.441493754,                 0,                 0,                 0,                 0,                 0,                 0,                 0,                 0,                 0,                 0,                 0,                 0,                 1,                 1
          4,          17,      -7.892744706,      -5.439031242,      -5.443282892,      -2.423224315,      -4.322399287,      0.9329898399,        1.08258251,       3.893316214,                 0,                 0,                 0,      0.5491760914,     -0.1030166957,       4.039713305,                 0,       3.596322847,      0.8814364935,      -2.979188876,      -3.009902083,      -3.109545607,      -2.976652889,      -2.756306743,                 0,                 0,                 0,                 0,                 0,                 0,                 0,                 0,                 0,                 0,                 0,                 0,                 1,                 1
          5,          10,      -7.997843457,      -5.173967205,      -5.242987941,      -2.506832363,      -3.956069154,      0.9329898399,      0.7773562806,       2.570157423,                 0,                 0,                 0,      0.4494825861,   -0.008051798807,       2.685130748,                 0,        3.30627987,      0.8425341336,      -3.147042151,      -2.753500162,      -2.931218027,      -3.122287744,      -2.491812903,                 0,                 0,                 0,                 0,                 0,                 0,                 0,                 0,                 0,                 0,                 0,                 0,                 1,                 1
          6,          10,      -8.087254162,      -5.284319099,      -5.447963735,      -2.613295507,      -4.050848031,      0.9329898399,      0.4864742264,       1.382151675,                 0,                 0,                 0,      0.3282800911,     0.06111557491,       1.463989519,                 0,       2.841161155,      0.7556353197,       -3.29064798,      -2.866870994,      -3.167631235,      -3.280831596,      -2.679747029,                 0,                 0,                 0,                 0,                 0,                 0,                 0,                 0,                 0,                 0,                 0,                 0,                 1,                 1
          7,           9,      -7.970696969,      -5.192528403,       -5.30271368,      -2.491867233,      -4.052504503,      0.9329898399,      0.2833799565,      0.4601756295,                 0,                 0,                 0,       0.240500903,      0.1364552669,       0.522920424,                 0,       1.623882067,      0.6732659237,      -3.224211606,      -2.793890595,      -3.065531112,      -3.207474136,      -2.788327083,                 0,                 0,                 0,                 0,                 0,                 0,                 0,                 0,                 0,                 0,                 0,                 0,                 1,                 1
          8,           9,      -7.884227563,      -5.171064726,      -5.252899376,      -2.401265629,      -3.893194817,      0.9329898399,      0.1373936498,     -0.2308672264,                 0,                 0,                 0,      0.1725770947,      0.1988892453,      -0.180609411,                 0,      -1.680334038,      0.5689446359,      -3.191306447,      -2.805803298,      -3.063225554,      -3.168364602,      -2.653659802,                 0,                 0,                 0,                 0,                 0,                 0,                 0,                 0,                 0,                 0,                 0,                 0,                 1,                 1
          9,          49,      -6.926423746,      -4.973556483,      -4.355168227,      -1.449054336,      -4.229045495,      0.9329898399,  -4.620795445e-05,     -0.7253461926,                 0,                 0,                 0,       0.082627713,      0.2120265139,     -0.6936655236,                 0,       15697.43135,      0.3852173439,      -2.273251735,      -2.640621337,      -2.198748353,      -2.253605958,      -3.006522017,                 0,                 0,                 0,                 0,                 0,                 0,                 0,                 0,                 0,                 0,                 0,                 0,                 1,                 1
         10,          49,      -6.838507166,      -4.796549564,      -4.316881459,      -1.358830706,      -4.932670064,      0.9329898399,     -0.3765289352,      -1.569872363,                 0,                 0,                 0,    -0.09675963177,     0.09890984748,      -1.611362814,                 0,       4.169327285,      0.2548653468,       -2.20718116,       -2.48765644,      -2.178895342,      -2.185243815,       -3.73856361,                 0,                 0,                 0,                 0,                 0,                 0,                 0,                 0,                 0,                 0,                 0,                 0,                 1,                 1
         11,          49,      -6.843005484,      -4.838489192,      -4.154456526,      -1.333369926,      -4.879909902,      0.9329898399,     -0.7321794035,      -2.103426022,                 0,                 0,                 0,     -0.1931070714,    -0.08520439406,      -2.225584849,                 0,       2.872828724,      0.2923527889,      -2.230362568,      -2.550004426,      -2.031341377,      -2.180001704,      -3.748953263,                 0,                 0,                 0,                 0,                 0,                 0,                 0,                 0,                 0,                 0,                 0,                 0,                 1,                 1
         12,          49,      -6.765808259,      -4.750496396,      -4.210486871,      -1.266371633,      -5.159601658,      0.9329898399,     -0.8376024301,      -2.123269002,                 0,                 0,                 0,    -0.06439958475,     -0.1802194098,      -2.275383495,                 0,       2.534936535,      0.4913935768,      -2.172702028,      -2.478063362,      -2.099756067,       -2.13267686,      -4.029272203,                 0,                 0,                 0,                 0,                 0,                 0,                 0,                 0,                 0,                 0,                 0,                 0,                 1,                 1
         13,          49,      -6.661936685,      -4.645906987,      -4.090030086,      -1.163591983,      -4.941394079,      0.9329898399,     -0.9800200772,      -2.283739802,                 0,                 0,                 0,      -0.097283642,     -0.2694969616,      -2.470481375,                 0,       2.330298996,      0.8074321994,      -2.087870958,      -2.383131877,      -1.993033012,      -2.048478762,      -3.844410363,                 0,                 0,                 0,                 0,                 0,                 0,                 0,                 0,                 0,                 0,                 0,                 0,                 1,                 1
         14,          49,        -6.6940853,      -4.547948498,       -4.10395341,      -1.237647356,      -4.783941198,      0.9329898399,     -0.7915804685,      -1.918135869,                 0,                 0,                 0,      0.0173878654,      -0.196183513,      -2.065758185,                 0,       2.423172305,       1.005024142,      -2.134302448,      -2.295260506,      -2.020544844,      -2.137056974,      -3.714045544,                 0,                 0,                 0,                 0,                 0,                 0,                 0,                 0,                 0,                 0,                 0,                 0,                 1,                 1
         15,          49,      -6.785484707,      -4.839437893,      -4.283487779,       -1.33064299,      -4.869506018,      0.9329898399,     -0.4262855272,      -1.101297929,                 0,                 0,                 0,      0.1075046914,    -0.08567052428,      -1.177810273,                 0,       2.583474827,       1.031566729,      -2.227472797,      -2.597647905,      -2.202092672,      -2.232594914,      -3.829722002,                 0,                 0,                 0,                 0,                 0,                 0,                 0,                 0,                 0,                 0,                 0,                 0,                 1,                 1
         16,          49,       -6.98189901,      -5.097108006,      -4.449733609,      -1.527000714,      -5.282753887,      0.9329898399,     -0.2464703951,      -0.770943827,                 0,                 0,                 0,      0.0660347673,     -0.0102986501,      -0.809318218,                 0,       3.127936833,      0.8642584485,      -2.416037298,      -2.859007038,      -2.359706731,      -2.422118402,      -4.285211549,                 0,                 0,                 0,                 0,                 0,                 0,                 0,                 0,                 0,                 0,                 0,                 0,                 1,                 1
         17,           9,      -7.888398674,      -5.190012642,      -5.288215711,      -2.417325058,        -4.2163404,      0.9329898399,      0.1658020638,      0.1874865091,                 0,                 0,                 0,      0.1356551745,      0.1037415519,      0.2277700724,                 0,       1.130785135,      0.7930419074,      -3.316223118,      -2.947755107,      -3.192835089,       -3.30687153,      -3.236039384,                 0,                 0,                 0,                 0,                 0,                 0,                 0,                 0,                 0,                 0,                 0,                 0,                 1,                 1
         18,           9,      -7.950571493,      -5.165660265,      -5.310640814,       -2.46482477,      -4.173194423,      0.9329898399,      0.4948792139,       1.002971187,                 0,                 0,                 0,      0.1684594034,      0.1800149502,       1.103834796,                 0,       2.026698958,      0.8932520376,      -3.375298054,      -2.916870918,      -3.217575103,      -3.351573242,      -3.191006742,                 0,                 0,                 0,                 0,                 0,                 0,                 0,                 0,                 0,                 0,                 0,                 0,                 1,                 1
         19,           9,      -7.958810968,      -5.145007943,       -5.31708986,      -2.461920879,      -4.222202103,      0.9329898399,      0.7627334815,       1.909628938,                 0,                 0,                 0,       0.213325879,      0.1710841879,       2.049188924,                 0,       2.503664759,      0.8954494664,      -3.377628636,      -2.889522256,      -3.224810251,      -3.343157164,      -3.243700645,                 0,                 0,                 0,                 0,                 0,                 0,                 0,                 0,                 0,                 0,                 0,                 0,                 1,                 1
         20,           9,      -7.896999266,      -5.103055709,      -5.309635071,      -2.389325406,      -4.123099956,      0.9329898399,       1.027851791,       3.096536939,                 0,                 0,                 0,      0.3245411984,     0.07759977238,       3.261747782,                 0,       3.012629804,      0.9064092578,      -3.306466058,      -2.841078421,      -3.213163835,      -3.262096953,      -3.168162728,                 0,                 0,                 0,                 0,                 0,                 0,                 0,                 0,                 0,                 0,                 0,                 0,                 1,                 1
         21,          14,      -7.640801472,      -5.111937721,      -5.176532373,      -2.146045474,       -4.44475976,      0.9329898399,       1.432284028,       4.562379015,                 0,                 0,                 0,      0.5581072477,     0.03578949732,       4.781784074,                 0,       3.185387065,       1.114362337,      -3.041461759,      -2.846638155,      -3.077437812,      -3.011251959,      -3.510729328,                 0,                 0,                 0,                 0,                 0,                 0,                 0,                 0,                 0,                 0,                 0,                 0,                 1,                 1
         22,          49,      -6.865178848,      -4.825989763,      -4.173961662,      -1.364504366,      -4.675072346,      0.9329898399,       2.061880674,       6.095683713,                 0,                 0,                 0,      0.9285284543,       0.189580856,       6.432166894,                 0,       2.956370749,       1.258760164,      -2.259480697,      -2.565207152,      -2.077032135,      -2.224465865,      -3.746017751,                 0,                 0,                 0,                 0,                 0,                 0,                 0,                 0,                 0,                 0,                 0,                 0,                 1,                 1
         23,          49,      -6.611305015,      -4.646077531,      -4.173956502,      -1.113375201,      -5.335773146,      0.9329898399,       2.676066921,        7.34405492,                 0,                 0,                 0,       1.318447623,       0.411941667,       7.805560895,                 0,       2.744346512,       1.275619686,      -2.002448291,       -2.40297232,      -2.082908054,      -1.970835381,      -4.397978886,                 0,                 0,                 0,                 0,                 0,                 0,                 0,                 0,                 0,                 0,                 0,                 0,                 1,                 1
         24,          49,      -6.839274361,      -4.805462567,      -4.155319714,       -1.33545439,      -5.355949828,      0.9329898399,       3.028129985,       7.929185766,                 0,                 0,                 0,        1.63067033,      0.5775455468,       8.468057584,                 0,       2.618509049,       1.263550874,      -2.232757988,      -2.597901071,      -2.078895246,      -2.195353684,      -4.418108151,                 0,                 0,                 0,                 0,                 0,                 0,                 0,                 0,                 0,                 0,                 0,                 0,                 1,                 1
         25,          49,      -6.647932968,      -4.700294864,      -4.052050659,      -1.148888573,      -4.758056748,      0.9329898399,       2.953942324,       7.462119884,                 0,                 0,                 0,       1.579890525,      0.6431563815,       7.999709888,                 0,       2.526156257,       1.242484392,      -2.048950542,      -2.537001939,      -2.003741954,      -2.015783476,      -3.887023371,                 0,                 0,                 0,                 0,                 0,                 0,                 0,                 0,                 0,                 0,                 0,                 0,                 1,                 1
         26,          49,      -6.670308442,      -4.731041118,        -4.1426548,      -1.202306936,       -4.90399892,      0.9329898399,       2.779698558,       6.805762064,                 0,                 0,                 0,       1.525022725,      0.6684266948,       7.321087836,                 0,       2.448381334,       1.181453447,      -2.080839516,      -2.600009759,      -2.129805846,      -2.077434073,      -4.185346623,                 0,                 0,                 0,                 0,                 0,                 0,                 0,                 0,                 0,                 0,                 0,                 0,                 1,                 1
         27,          49,      -6.631031091,      -4.721280136,      -4.219962798,      -1.158567726,      -5.111932299,      0.9329898399,       2.262736009,       5.366852338,                 0,                 0,                 0,       1.222509799,      0.5947494395,         5.7939064,                 0,       2.371842017,       1.115424534,      -2.051482784,      -2.597733669,      -2.240137344,      -2.041684747,      -4.537624774,                 0,                 0,                 0,                 0,                 0,                 0,                 0,                 0,                 0,                 0,                 0,                 0,                 1,                 1
         28,          49,      -6.749237253,      -4.927216512,      -4.402548879,        -1.2945797,       -5.40411757,      0.9329898399,       1.522886511,       3.483692742,                 0,                 0,                 0,      0.7703891531,      0.4378104279,       3.776720863,                 0,       2.287558998,      0.9873980244,      -2.178080562,      -2.797270451,       -2.44892738,      -2.184873486,      -4.921408515,                 0,                 0,                 0,                 0,                 0,                 0,                 0,                 0,                 0,                 0,                 0,                 0,                 1,                 1
         29,          12,      -7.733212242,      -5.480176155,      -5.184944281,      -2.277741601,      -4.736381287,      0.9329898399,      0.8994525859,       1.954998237,                 0,                 0,                 0,      0.3602486537,      0.2885646183,       2.132548598,                 0,       2.173542294,      0.8374075864,      -3.170763943,      -3.347080859,      -3.248608595,      -3.175986807,      -4.290793569,                 0,                 0,                 0,                 0,                 0,                 0,                 0,                 0,                 0,                 0,                 0,                 0,                 1,                 1
         30,           8,      -7.785209622,      -5.104328059,      -5.161656066,       -2.32043202,      -4.344391942,      0.9329898399,      0.2938271571,      0.5202168737,                 0,                 0,                 0,     0.01552340345,      0.1288916136,      0.5833926173,                 0,       1.770486019,      0.7414530132,       -3.23824503,      -2.971720151,      -3.240644499,      -3.232828465,      -3.892284139,                 0,                 0,                 0,                 0,                 0,                 0,                 0,                 0,                 0,                 0,                 0,                 0,                 1,                 1
         31,           8,      -7.815438553,      -5.111036848,       -5.18874068,      -2.345774189,       -4.39420312,      0.9329898399,     -0.1626694784,     -0.5390221884,                 0,                 0,                 0,     -0.2263327075,    0.002033240281,      -0.563029435,                 0,       3.313603718,        0.63256983,      -3.297740847,      -2.983563174,       -3.28819451,      -3.284889388,       -3.91660788,                 0,                 0,                 0,                 0,                 0,                 0,                 0,                 0,                 0,                 0,                 0,                 0,                 1,                 1
         32,           8,      -7.782988841,      -5.119058572,      -5.188735413,      -2.297834035,      -4.412920883,      0.9329898399,     -0.4839286892,      -1.241377436,                 0,                 0,                 0,     -0.3790968609,    -0.09983967002,      -1.328622201,                 0,        2.56520736,      0.5730836176,      -3.302005398,      -3.015543238,      -3.314709214,      -3.271267667,      -3.917765066,                 0,                 0,                 0,                 0,                 0,                 0,                 0,                 0,                 0,                 0,                 0,                 0,                 1,                 1
         33,           8,      -7.690142086,      -5.112683413,      -5.164905771,      -2.204111397,      -4.359039742,      0.9329898399,     -0.6459044301,      -1.518026316,                 0,                 0,                 0,     -0.3779740375,     -0.1738535367,      -1.640539965,                 0,       2.350233633,      0.5441064858,        -3.2377076,      -3.051352822,      -3.326401313,      -3.204825669,      -3.856196011,                 0,                 0,                 0,                 0,                 0,                 0,                 0,                 0,                 0,                 0,                 0,                 0,                 1,                 1
         34,          49,       -6.90412958,      -5.027081575,       -4.56699423,        -1.4544247,        -4.7507577,      0.9329898399,     -0.4697140181,     -0.9938987065,                 0,                 0,                 0,    -0.05972376452,     -0.1586018903,      -1.087801148,                 0,       2.115965605,      0.5966255834,      -2.469278676,      -3.002224674,      -2.762194948,      -2.472061485,      -4.236145666,                 0,                 0,                 0,                 0,                 0,                 0,                 0,                 0,                 0,                 0,                 0,                 0,                 1,                 1
         35,          49,      -6.746703469,      -4.699610007,      -4.222463645,      -1.288449815,      -5.209612717,      0.9329898399,     -0.2469188258,     -0.4525227036,                 0,                 0,                 0,      0.2774278809,     -0.1038248132,     -0.5049416917,                 0,       1.832678015,      0.5379090113,      -2.326199504,      -2.694788975,      -2.435784864,      -2.320089931,      -4.670565455,                 0,                 0,                 0,                 0,                 0,                 0,                 0,                 0,                 0,                 0,                 0,                 0,                 1,                 1
         36,          49,      -6.756364278,       -4.69190878,      -4.142563711,       -1.25955287,      -4.936112304,      0.9329898399,    -0.07771646382,     -0.1580979926,                 0,                 0,                 0,      0.4755883746,    -0.02809724437,     -0.1739119572,                 0,       2.034292154,      0.6283620596,      -2.351196922,      -2.695919568,      -2.357634526,      -2.306009129,      -4.385845215,                 0,                 0,                 0,                 0,                 0,                 0,                 0,                 0,                 0,                 0,                 0,                 0,                 1,                 1
         37,          49,      -6.837659855,      -4.720226844,      -4.166510032,      -1.346952102,       -4.65598778,      0.9329898399,     -0.1892256627,     -0.4591447533,                 0,                 0,                 0,      0.2882718955,    -0.04671646696,     -0.4944065408,                 0,       2.426440192,      0.8108767381,      -2.446876784,      -2.721878851,      -2.373940623,        -2.4071829,      -4.102095933,                 0,                 0,                 0,                 0,                 0,                 0,                 0,                 0,                 0,                 0,                 0,                 0,                 1,                 1
         38,          49,      -6.658885016,       -4.65236909,      -4.103552639,      -1.204427141,      -4.391475952,      0.9329898399,     -0.2629644223,      -0.663163085,                 0,                 0,                 0,      0.1465159904,    -0.05758400599,     -0.7110693686,                 0,       2.521873793,       1.014889723,      -2.276153268,       -2.63982037,      -2.298951598,      -2.272424889,      -3.821235583,                 0,                 0,                 0,                 0,                 0,                 0,                 0,                 0,                 0,                 0,                 0,                 0,                 1,                 1
         39,          49,      -6.754379442,      -4.990182212,      -4.519749159,      -1.295394211,      -5.419410352,      0.9329898399,     -0.2300466861,     -0.6387890862,                 0,                 0,                 0,     0.08607241324,    -0.03323088594,      -0.678136183,                 0,       2.776780213,      0.9532048364,      -2.370373889,      -2.954235112,      -2.697389732,      -2.362371964,      -4.815784909,                 0,                 0,                 0,                 0,                 0,                 0,                 0,                 0,                 0,                 0,                 0,                 0,                 1,                 1
         40,          49,      -6.787916121,      -4.721950591,      -4.190242795,      -1.333049686,      -4.852876344,      0.9329898399,    -0.04471840714,     -0.2732480139,                 0,                 0,                 0,      0.1050933719,     0.03712556222,     -0.2743827722,                 0,       6.110414736,       1.162560937,      -2.397127365,      -2.660152133,      -2.345255341,      -2.393778139,      -4.206978095,                 0,                 0,                 0,                 0,                 0,                 0,                 0,                 0,                 0,                 0,                 0,                 0,                 1,                 1
         41,          49,      -6.909201462,       -4.74648095,      -4.180382945,      -1.459396095,      -4.869183164,      0.9329898399,      0.2247237301,      0.2964816262,                 0,                 0,                 0,      0.1366707114,      0.1282215334,      0.3492296493,                 0,        1.31931606,       1.117341941,      -2.511011202,      -2.662168864,      -2.312140819,      -2.512984747,      -4.180558963,                 0,                 0,                 0,                 0,                 0,                 0,                 0,                 0,                 0,                 0,                 0,                 0,                 1,                 1
         42,           8,      -7.656405947,      -5.110648319,      -5.171025241,      -2.184236756,      -4.279923018,      0.9329898399,      0.5133523626,       0.940589507,                 0,                 0,                 0,      0.1879492766,      0.2159195482,       1.049579924,                 0,         1.8322493,       1.091275352,      -3.247917303,      -3.008325636,      -3.282024739,      -3.227155087,      -3.581271937,                 0,                 0,                 0,                 0,                 0,                 0,                 0,                 0,                 0,                 0,                 0,                 0,                 1,                 1
         43,           8,      -7.736434006,       -5.09726962,      -5.165972931,      -2.239076733,      -4.240931695,      0.9329898399,      0.7349289061,       1.569691371,                 0,                 0,                 0,      0.2124191897,      0.2438826662,        1.71597574,                 0,        2.13584111,       1.175241029,      -3.309610823,      -2.980958222,      -3.259369699,      -3.262895084,      -3.597742143,                 0,                 0,                 0,                 0,                 0,                 0,                 0,                 0,                 0,                 0,                 0,                 0,                 1,                 1
         44,           8,      -7.738179287,      -5.058060158,      -5.154973103,      -2.236946694,      -4.184274698,      0.9329898399,      0.9383198748,       2.373345832,                 0,                 0,                 0,      0.2753702057,       0.203420592,       2.543980088,                 0,       2.529356881,        1.26088508,       -3.28715252,      -2.929923723,      -3.234214247,       -3.23608378,      -3.637502213,                 0,                 0,                 0,                 0,                 0,                 0,                 0,                 0,                 0,                 0,                 0,                 0,                 1,                 1
         45,           9,      -7.789503019,      -5.052236417,      -5.266141994,      -2.280671633,      -4.252088503,      0.9329898399,       1.251164754,       3.509997849,                 0,                 0,                 0,      0.4395094682,      0.1702707502,       3.722432808,                 0,       2.805384213,       1.287877807,      -3.316337491,      -2.915570597,      -3.337149472,      -3.257965244,      -3.802807231,                 0,                 0,                 0,                 0,                 0,                 0,                 0,                 0,                 0,                 0,                 0,                 0,                 1,                 1
         46,          12,      -7.634784761,      -5.130355737,      -5.081049862,      -2.152835869,      -4.458261776,      0.9329898399,       1.820477209,        4.93096294,                 0,                 0,                 0,      0.7547867688,      0.2992569719,       5.247759336,                 0,       2.708610092,       1.218384716,      -3.145181119,      -3.000713502,       -3.15506132,      -3.114549744,      -4.103579061,                 0,                 0,                 0,                 0,                 0,                 0,                 0,                 0,                 0,                 0,                 0,                 0,                 1,                 1
         47,          49,      -6.775106065,      -4.939915976,      -4.448618878,      -1.296898431,      -5.109471986,      0.9329898399,       2.528000504,        6.34373704,                 0,                 0,                 0,       1.144158122,      0.5628096921,       6.805661719,                 0,       2.509389152,       1.365246543,      -2.271863972,        -2.8464596,      -2.541329404,      -2.245066894,       -4.90428977,                 0,                 0,                 0,                 0,                 0,                 0,                 0,                 0,                 0,                 0,                 0,                 0,                 1,                 1
         48,          49,      -6.653679889,      -4.744481084,      -4.160102821,       -1.17546386,      -5.479444093,      0.9329898399,       2.958839976,       7.117882126,                 0,                 0,                 0,       1.431159076,      0.7484854101,       7.671945618,                 0,       2.405632675,       1.280183255,      -2.139357021,      -2.697177489,      -2.286293249,      -2.109092255,       -5.48382027,                 0,                 0,                 0,                 0,                 0,                 0,                 0,                 0,                 0,                 0,                 0,                 0,                 1,                 1
         49,          49,      -6.675508549,      -4.745987527,      -4.232211345,      -1.184318132,      -5.485281778,      0.9329898399,       3.183326388,        7.49990249,                 0,                 0,                 0,       1.646607411,      0.8514708883,       8.102906983,                 0,       2.355995451,       1.210157217,      -2.157979609,      -2.740624957,      -2.398499621,      -2.107193694,      -5.651161419,                 0,                 0,                 0,                 0,                 0,                 0,                 0,                 0,                 0,                 0,                 0,                 0,                 1,                 1
         50,          49,      -6.564408531,       -4.73474093,      -4.189528523,       -1.08526759,      -5.233203278,      0.9329898399,       3.057339262,       7.057074064,                 0,                 0,                 0,        1.56808756,      0.8604593019,       7.642592983,                 0,       2.308240421,       1.198166668,      -2.052552713,      -2.777934673,      -2.392537768,      -2.007532802,       -5.48031384,                 0,                 0,                 0,                 0,                 0,                 0,                 0,                 0,                 0,                 0,                 0,                 0,                 1,                 1
         51,          49,      -6.761297421,      -4.669843418,      -4.157341027,      -1.248193457,      -4.667159565,      0.9329898399,       2.808193202,       6.390774655,                 0,                 0,                 0,       1.509566665,      0.8170068345,        6.93256443,                 0,       2.275760318,         1.1946779,       -2.25815012,       -2.75939122,      -2.389635456,      -2.175314271,      -4.922398247,                 0,                 0,                 0,                 0,                 0,                 0,                 0,                 0,                 0,                 0,                 0,                 0,                 1,                 1
         52,          49,      -6.707426603,      -4.817693037,      -4.366039787,       -1.23924587,         -5.403515,      0.9329898399,       2.209091151,       4.956554844,                 0,                 0,                 0,       1.131090387,      0.6634079848,       5.385852716,                 0,       2.243707708,       1.102192474,      -2.209270502,      -2.933398607,      -2.619285816,      -2.171182711,      -5.627709362,                 0,                 0,                 0,                 0,                 0,                 0,                 0,                 0,                 0,                 0,                 0,                 0,                 1,                 1
         53,          49,      -6.752789237,       -4.82809999,      -4.264409543,      -1.295082219,       -4.98403607,      0.9329898399,        1.52396963,       3.356645005,                 0,                 0,                 0,      0.7396476539,      0.4759913832,       3.655541181,                 0,       2.202566861,       1.044708902,        -2.2648742,      -2.939305111,      -2.533540317,      -2.240643447,      -5.192182882,                 0,                 0,                 0,                 0,                 0,                 0,                 0,                 0,                 0,                 0,                 0,                 0,                 1,                 1
         54,          10,      -7.564011116,      -5.333183059,      -5.109269135,      -2.107374626,      -4.544923114,      0.9329898399,      0.8459937354,       1.784995764,                 0,                 0,                 0,      0.3156334656,      0.2871455784,       1.954344569,                 0,       2.109939694,      0.8402633823,      -3.095215821,      -3.413462025,      -3.394399379,      -3.074450114,      -4.739867213,                 0,                 0,                 0,                 0,                 0,                 0,                 0,                 0,                 0,                 0,                 0,                 0,                 1,                 1
         55,           8,      -7.749844593,      -5.096617639,      -5.155529699,      -2.279952047,      -4.379192343,      0.9329898399,      0.2441570756,      0.3928119168,                 0,                 0,                 0,    -0.02325670349,      0.1186414829,      0.4470325246,                 0,       1.608849204,      0.7383535872,      -3.301898833,      -3.139890571,      -3.459112556,      -3.269930171,      -4.531216548,                 0,                 0,                 0,                 0,                 0,                 0,                 0,                 0,                 0,                 0,                 0,                 0,                 1,                 1
         56,           8,      -7.806724561,      -5.105563834,      -5.184938469,      -2.332311365,      -4.388431765,      0.9329898399,     -0.1795565737,     -0.5776911753,                 0,                 0,                 0,     -0.2372770909,   -0.002810251679,     -0.6049460799,                 0,       3.217321223,      0.6234454942,      -3.382371441,       -3.13119504,      -3.507048776,      -3.348480121,      -4.474437369,                 0,                 0,                 0,                 0,                 0,                 0,                 0,                 0,                 0,                 0,                 0,                 0,                 1,                 1
         57,           8,      -7.773839796,      -5.105061214,      -5.195234944,      -2.285006485,      -4.360674082,      0.9329898399,     -0.4472913861,       -1.15040537,                 0,                 0,                 0,      -0.344092572,    -0.09140090062,      -1.230913472,                 0,       2.571937234,      0.5710933768,      -3.374349784,      -3.139835956,      -3.530572923,      -3.327917622,      -4.381947103,                 0,                 0,                 0,                 0,                 0,                 0,                 0,                 0,                 0,                 0,                 0,                 0,                 1,                 1
         58,           8,      -7.665920761,      -5.085453902,      -5.147079822,        -2.1804782,      -4.278928391,      0.9329898399,     -0.5145065422,      -1.237509715,                 0,                 0,                 0,     -0.2637561915,     -0.1302122281,      -1.333863581,                 0,       2.405236113,      0.5440710859,      -3.290146573,      -3.140152771,      -3.489971775,      -3.249290722,      -4.249755192,                 0,                 0,                 0,                 0,                 0,                 0,                 0,                 0,                 0,                 0,                 0,                 0,                 1,                 1
         59,          49,      -6.946524491,      -4.919716583,      -4.381591855,      -1.489279406,      -4.489863377,      0.9329898399,     -0.2487389814,     -0.5448962836,                 0,                 0,                 0,      0.1040874215,    -0.07855801557,     -0.5938111475,                 0,        2.19063486,      0.5826606691,      -2.588008565,       -2.99370071,      -2.730874611,      -2.577354656,      -4.435568249,                 0,                 0,                 0,                 0,                 0,                 0,                 0,                 0,                 0,                 0,                 0,                 0,                 1,                 1
         60,          49,      -6.658067322,      -4.770890027,      -4.330435896,      -1.205159759,      -4.492843491,      0.9329898399,    -0.05027841774,    -0.04724881603,                 0,                 0,                 0,      0.3570437162,    -0.03426727311,    -0.05988425419,                 0,      0.9397434955,      0.5533349307,      -2.310582543,      -2.852820823,      -2.684904283,      -2.305115937,      -4.432365967,                 0,                 0,                 0,                 0,                 0,                 0,                 0,                 0,                 0,                 0,                 0,                 0,                 1,                 1
         61,          49,      -6.811592428,      -4.783801012,      -4.231317898,      -1.341768852,       -4.63222567,      0.9329898399,      0.1610596967,      0.1840062028,                 0,                 0,                 0,      0.5285315554,      0.1002239468,       0.223055305,                 0,       1.142472056,      0.6031933309,      -2.473616856,      -2.861869004,      -2.584387581,      -2.451179268,      -4.569154834,                 0,                 0,                 0,                 0,                 0,                 0,                 0,                 0,                 0,                 0,                 0,                 0,                 1,                 1
         62,          49,      -6.703223309,      -4.665056233,      -4.216838266,      -1.233843195,       -4.28710972,      0.9329898399,   -0.002584521338,     -0.2145609876,                 0,                 0,                 0,      0.3081458148,     0.06025997167,     -0.2059413338,                 0,        83.0176886,      0.8145160641,      -2.371269628,      -2.733884053,      -2.561471945,      -2.348795435,      -4.208211475,                 0,                 0,                 0,                 0,                 0,                 0,                 0,                 0,                 0,                 0,                 0,                 0,                 1,                 1
         63,          49,      -6.848759287,      -4.812152661,      -4.254926211,      -1.384513675,      -4.931467662,      0.9329898399,     -0.1194708041,     -0.5011916088,                 0,                 0,                 0,      0.1823584092,     0.03228374685,     -0.5142218018,                 0,       4.195096973,      0.8674346297,       -2.51486355,      -2.867312506,        -2.5860312,      -2.496614819,      -4.822732026,                 0,                 0,                 0,                 0,                 0,                 0,                 0,                 0,                 0,                 0,                 0,                 0,                 1,                 1
         64,          49,      -6.783358588,      -4.808379356,      -4.337378752,      -1.330537798,      -5.559274493,      0.9329898399,    -0.03816277364,     -0.2626372585,                 0,                 0,                 0,      0.1507523139,     0.04029246105,     -0.2623189746,                 0,       6.882027521,      0.8929047833,      -2.440789897,      -2.841988231,      -2.650590059,      -2.433250372,      -5.407150046,                 0,                 0,                 0,                 0,                 0,                 0,                 0,                 0,                 0,                 0,                 0,                 0,                 1,                 1
         65,          49,      -6.826704686,      -4.728070543,      -4.193975943,      -1.373665803,      -5.168696195,      0.9329898399,     0.09242541293,     0.02698586976,                 0,                 0,                 0,      0.1499433904,     0.08049695721,     0.05282929113,                 0,      0.2919745653,           1.06357,      -2.473957795,      -2.730077433,      -2.485426646,       -2.46655193,      -4.966192712,                 0,                 0,                 0,                 0,                 0,                 0,                 0,                 0,                 0,                 0,                 0,                 0,                 1,                 1
         66,          49,      -6.977113505,      -5.055283531,      -4.530026177,      -1.540485206,      -4.860552223,      0.9329898399,      0.3510188168,       0.605010744,                 0,                 0,                 0,      0.2027667708,      0.1587929414,      0.6812026217,                 0,       1.723584933,       1.103380691,      -2.613640833,      -3.020718743,      -2.797859415,      -2.623742401,      -4.605407965,                 0,                 0,                 0,                 0,                 0,                 0,                 0,                 0,                 0,                 0,                 0,                 0,                 1,                 1
         67,           8,        -7.6591615,      -5.132332053,      -5.178428729,      -2.192393281,      -4.320710977,      0.9329898399,      0.5360438772,       1.091790108,                 0,                 0,                 0,      0.2236874777,      0.1934127741,       1.200808135,                 0,       2.036755113,       1.019155507,      -3.279185922,      -3.068282297,       -3.42458741,      -3.259976134,      -4.022891023,                 0,                 0,                 0,                 0,                 0,                 0,                 0,                 0,                 0,                 0,                 0,                 0,                 1,                 1
         68,           8,      -7.761891653,      -5.117600434,      -5.184270334,      -2.267713228,      -4.281176802,      0.9329898399,      0.7194848672,       1.731988317,                 0,                 0,                 0,      0.2510897894,      0.1816624235,       1.866665682,                 0,       2.407261634,       1.101357316,      -3.357211974,       -3.03928839,      -3.413360625,      -3.310701546,      -3.964625613,                 0,                 0,                 0,                 0,                 0,                 0,                 0,                 0,                 0,                 0,                 0,                 0,                 1,                 1
         69,           8,      -7.746393242,      -5.073134535,      -5.165527046,      -2.250235155,      -4.205656106,      0.9329898399,      0.8680557903,       2.531379533,                 0,                 0,                 0,       0.305016238,     0.09002213143,       2.674565237,                 0,       2.916148433,       1.179390817,      -3.314736477,      -2.995245829,      -3.382895169,      -3.265951848,        -3.9171703,                 0,                 0,                 0,                 0,                 0,                 0,                 0,                 0,                 0,                 0,                 0,                 0,                 1,                 1
         70,           8,      -7.660349784,      -4.961858743,      -5.119578737,      -2.159099494,      -4.180254588,      0.9329898399,       1.088600823,       3.647125771,                 0,                 0,                 0,      0.4441310827,    -0.02528223437,       3.806039798,                 0,       3.350287537,       1.195421416,      -3.207199116,      -2.897121308,      -3.330672373,      -3.153150357,      -3.959460804,                 0,                 0,                 0,                 0,                 0,                 0,                 0,                 0,                 0,                 0,                 0,                 0,                 1,                 1
         71,          10,      -7.498966222,      -5.010456424,      -5.014415599,      -2.014148726,      -4.203041717,      0.9329898399,        1.51082489,        5.00975912,                 0,                 0,                 0,       0.712912187,    -0.01990278653,       5.232578921,                 0,       3.315909841,       1.186463983,      -3.029747224,      -2.971661082,      -3.225740983,      -2.991908315,       -4.06029246,                 0,                 0,                 0,                 0,                 0,                 0,                 0,                 0,                 0,                 0,                 0,                 0,                 1,                 1
         72,          49,      -7.055191844,      -4.971128564,      -4.270320997,      -1.548602024,      -5.358936782,      0.9329898399,       2.034904382,        6.22037154,                 0,                 0,                 0,       1.041685982,      0.1273281076,       6.543519351,                 0,       3.056837262,       1.233862649,      -2.569253262,       -2.96812781,      -2.488426425,      -2.508636217,      -5.289208722,                 0,                 0,                 0,                 0,                 0,                 0,                 0,                 0,                 0,                 0,                 0,                 0,                 1,                 1
         73,          49,      -6.650536242,      -4.735492235,      -4.173527541,      -1.174716999,      -5.146045663,      0.9329898399,       2.454839729,       7.144442774,                 0,                 0,                 0,       1.363160608,      0.2587419946,       7.549990279,                 0,       2.910349988,       1.301367242,      -2.145528269,      -2.772028242,      -2.404325048,      -2.113411212,      -5.152084003,                 0,                 0,                 0,                 0,                 0,                 0,                 0,                 0,                 0,                 0,                 0,                 0,                 1,                 1
         74,          49,      -6.641672044,      -4.739669619,      -4.262251356,      -1.157318762,      -5.298249029,      0.9329898399,       2.679032926,       7.622136688,                 0,                 0,                 0,       1.575184862,      0.3334748317,       8.072358989,                 0,       2.845107506,        1.19687516,      -2.122809013,        -2.8077705,      -2.512301479,      -2.077582573,      -5.402237195,                 0,                 0,                 0,                 0,                 0,                 0,                 0,                 0,                 0,                 0,                 0,                 0,                 1,                 1
         75,          49,      -6.689247634,      -4.726733824,      -4.112213068,      -1.209137069,      -5.066591311,      0.9329898399,        2.60727337,       7.319770677,                 0,                 0,                 0,       1.606731111,      0.3532540933,       7.762224471,                 0,       2.807442733,       1.179916594,      -2.171128123,       -2.81151621,      -2.385889663,      -2.123982532,      -5.269005742,                 0,                 0,                 0,                 0,                 0,                 0,                 0,                 0,                 0,                 0,                 0,                 0,                 1,                 1
         76,          49,      -6.682500494,      -4.758016884,      -4.244970703,      -1.203955459,      -5.416967849,      0.9329898399,       2.330063883,        6.43438911,                 0,                 0,                 0,       1.398059108,      0.3470178606,       6.834481657,                 0,       2.761464677,       1.133923846,      -2.177112699,      -2.855305793,      -2.539861675,      -2.128665177,      -5.673091735,                 0,                 0,                 0,                 0,                 0,                 0,                 0,                 0,                 0,                 0,                 0,                 0,                 1,                 1
         77,          49,      -6.684338456,      -4.689239365,      -4.108076107,      -1.216132195,      -4.979029146,      0.9329898399,       1.742259479,       4.774343492,                 0,                 0,                 0,       1.076862169,      0.2702480805,       5.075114762,                 0,       2.740317128,       1.105466721,      -2.187842059,      -2.798429753,      -2.417879441,       -2.15040962,      -5.228445094,                 0,                 0,                 0,                 0,                 0,                 0,                 0,                 0,                 0,                 0,                 0,                 0,                 1,                 1
         78,          49,       -6.72495363,      -4.938880299,      -4.458917199,      -1.269215162,      -5.226701014,      0.9329898399,       1.196416623,       3.184439918,                 0,                 0,                 0,      0.6475492641,      0.2130987795,       3.395093407,                 0,       2.661648005,      0.9380473773,      -2.232825642,      -3.047180924,      -2.779176894,      -2.210550362,      -5.442788942,                 0,                 0,                 0,                 0,                 0,                 0,                 0,                 0,                 0,                 0,                 0,                 0,                 1,                 1
         79,          11,      -7.599306509,       -5.37698051,      -5.195051431,      -2.150290082,      -4.561854647,      0.9329898399,      0.6216921623,       1.554917194,                 0,                 0,                 0,       0.241823665,      0.1399133809,       1.668739905,                 0,       2.501104708,      0.8241267926,       -3.12088981,      -3.462091318,      -3.523753383,      -3.107782006,      -4.740623584,                 0,                 0,                 0,                 0,                 0,                 0,                 0,                 0,                 0,                 0,                 0,                 0,                 1,                 1
         80,           8,      -7.751200413,      -5.084287233,      -5.153489699,      -2.281883996,      -4.339780295,      0.9329898399,      0.1388064693,      0.1567045637,                 0,                 0,                 0,    -0.07300496647,      0.0869253063,      0.1904404036,                 0,       1.128942797,      0.7262765508,      -3.293981727,      -3.129778914,      -3.489940138,      -3.262075239,      -4.481874745,                 0,                 0,                 0,                 0,                 0,                 0,                 0,                 0,                 0,                 0,                 0,                 0,                 1,                 1
         81,           8,      -7.798092352,      -5.114437194,      -5.194656173,      -2.325389387,      -4.388498013,      0.9329898399,     -0.2237051053,     -0.8901681094,                 0,                 0,                 0,     -0.3000246892,     0.04632971146,     -0.9166770396,                 0,       3.979203372,      0.6233563337,      -3.364518224,      -3.126676862,      -3.539402169,      -3.331376315,      -4.484726714,                 0,                 0,                 0,                 0,                 0,                 0,                 0,                 0,                 0,                 0,                 0,                 0,                 1,                 1
         82,           8,      -7.766164044,      -5.126242279,      -5.187554435,      -2.277146606,      -4.401527161,      0.9329898399,       -0.49038017,      -1.587834327,                 0,                 0,                 0,     -0.4422797342,   -0.004715059669,      -1.661826805,                 0,        3.23796602,      0.5951900925,      -3.357458557,      -3.128127665,      -3.536985218,      -3.310332803,       -4.44432879,                 0,                 0,                 0,                 0,                 0,                 0,                 0,                 0,                 0,                 0,                 0,                 0,                 1,                 1
         83,           8,      -7.665851193,      -5.113764031,      -5.153213807,       -2.18292695,      -4.316730543,      0.9329898399,     -0.6194376594,      -1.794091615,                 0,                 0,                 0,     -0.3880379046,    -0.06782955568,      -1.896804389,                 0,       2.896323122,       0.581146922,      -3.277631365,      -3.125627248,      -3.504100257,      -3.237833187,      -4.313190217,                 0,                 0,                 0,                 0,                 0,                 0,                 0,                 0,                 0,                 0,                 0,                 0,                 1,                 1
         84,          49,      -7.003904443,      -4.933678416,      -4.333740387,      -1.553599486,      -4.874501759,      0.9329898399,     -0.4841672024,      -1.179062759,                 0,                 0,                 0,    -0.00921391589,     -0.1182868095,      -1.269100114,                 0,       2.435238804,      0.7387167515,      -2.631283938,      -2.961923891,      -2.682939728,       -2.62464374,      -4.850227846,                 0,                 0,                 0,                 0,                 0,                 0,                 0,                 0,                 0,                 0,                 0,                 0,                 1,                 1
         85,          49,      -6.824588237,      -4.797845151,      -4.140460002,      -1.356122183,      -4.180978984,      0.9329898399,     -0.3695120736,     -0.7296546403,                 0,                 0,                 0,      0.2991083425,     -0.1400357823,     -0.8058070776,                 0,        1.97464357,       1.046170171,      -2.466432361,      -2.840722448,      -2.482970948,      -2.442806997,      -4.158664183,                 0,                 0,                 0,                 0,                 0,                 0,                 0,                 0,                 0,                 0,                 0,                 0,                 1,                 1
         86,          49,      -6.597160221,      -4.652420416,      -4.050489714,      -1.134923894,      -4.269156755,      0.9329898399,     -0.1696628421,     -0.3771098454,                 0,                 0,                 0,      0.4931283016,    -0.05199313446,      -0.410236553,                 0,       2.222701451,       1.426713899,      -2.250613404,      -2.708000744,      -2.381669927,      -2.234567971,      -4.254435789,                 0,                 0,                 0,                 0,                 0,                 0,                 0,                 0,                 0,                 0,                 0,                 0,                 1,                 1
         87,          49,      -6.650102487,      -4.728086357,      -4.315220619,      -1.203960341,      -5.081687642,      0.9329898399,     -0.1998662672,     -0.7552874399,                 0,                 0,                 0,      0.2814120599,     0.02969161445,     -0.7807202122,                 0,       3.778964056,       1.235528363,      -2.307955998,       -2.78755132,      -2.634029996,       -2.30861692,      -5.066013852,                 0,                 0,                 0,                 0,                 0,                 0,                 0,                 0,                 0,                 0,                 0,                 0,                 1,                 1
         88,          49,      -6.648563956,      -4.495880197,      -4.058076011,       -1.19285744,      -4.624734616,      0.9329898399,      -0.293973091,      -1.105813856,                 0,                 0,                 0,     0.03192389751,     0.04218081701,      -1.143444463,                 0,       3.761615908,       1.239872827,      -2.303258846,      -2.545414649,      -2.363662848,      -2.294416927,      -4.594357063,                 0,                 0,                 0,                 0,                 0,                 0,                 0,                 0,                 0,                 0,                 0,                 0,                 1,                 1
         89,          49,      -6.805388061,      -4.862346733,      -4.191461213,      -1.343142113,      -4.604990779,      0.9329898399,       -0.25919113,      -1.084975346,                 0,                 0,                 0,    -0.01847968482,     0.06935038128,      -1.113347236,                 0,       4.186004924,       1.226381678,      -2.453083009,      -2.887832008,      -2.480150315,      -2.438041144,      -4.543178189,                 0,                 0,                 0,                 0,                 0,                 0,                 0,                 0,                 0,                 0,                 0,                 0,                 1,                 1
         90,          49,      -6.898946664,      -4.855276079,      -4.246493917,      -1.439276942,      -4.967510886,      0.9329898399,     -0.1178531863,     -0.6384185863,                 0,                 0,                 0,    0.004168010135,     0.07395196788,     -0.6449796673,                 0,       5.417066832,       1.072341859,      -2.538724638,       -2.84566028,      -2.513030082,      -2.527051698,      -4.856189548,                 0,                 0,                 0,                 0,                 0,                 0,                 0,                 0,                 0,                 0,                 0,                 0,                 1,                 1
         91,          49,      -6.902575269,      -4.884151624,      -4.386314052,       -1.45977654,        -5.2389452,      0.9329898399,     0.08011892373,    -0.08643977461,                 0,                 0,                 0,     0.06237033093,      0.1018906521,    -0.05923826125,                 0,      -1.078893357,       0.999011489,      -2.530882054,      -2.838779439,      -2.628634512,      -2.536642726,      -5.062057923,                 0,                 0,                 0,                 0,                 0,                 0,                 0,                 0,                 0,                 0,                 0,                 0,                 1,                 1
         92,           8,      -7.649536416,      -5.106934339,      -5.154414121,      -2.185988811,      -4.254122642,      0.9329898399,      0.2512107858,      0.5072859232,                 0,                 0,                 0,     0.08642697219,     0.09191801904,      0.5585668666,                 0,       2.019363626,      0.8751418812,      -3.258098214,      -3.035911689,      -3.375510236,      -3.242708076,      -3.995487214,                 0,                 0,                 0,                 0,                 0,                 0,                 0,                 0,                 0,                 0,                 0,                 0,                 1,                 1
         93,           8,      -7.759399606,      -5.093804932,      -5.181499327,      -2.267810423,      -4.203792691,      0.9329898399,      0.3912799423,       1.074001298,                 0,                 0,                 0,     0.08908643194,     0.06017527949,       1.141471732,                 0,       2.744841178,      0.8806093227,      -3.341387212,      -3.011190029,      -3.385872731,      -3.297053189,      -3.861321402,                 0,                 0,                 0,                 0,                 0,                 0,                 0,                 0,                 0,                 0,                 0,                 0,                 1,                 1
         94,           8,      -7.750046747,      -5.082220798,      -5.161422314,       -2.25575612,      -4.160651613,      0.9329898399,      0.4696427657,       1.693984958,                 0,                 0,                 0,     0.08895301789,    -0.04615165957,       1.757276128,                 0,       3.606964872,      0.7665049028,      -3.307825521,      -3.000387438,      -3.352152372,       -3.26055436,      -3.777995821,                 0,                 0,                 0,                 0,                 0,                 0,                 0,                 0,                 0,                 0,                 0,                 0,                 1,                 1
         95,           8,      -7.724629873,      -5.030752037,      -5.155051555,      -2.228452946,       -4.08734939,      0.9329898399,      0.5685835128,       2.694693235,                 0,                 0,                 0,      0.2021274912,     -0.2441129372,       2.743185687,                 0,       4.739309483,      0.5218357071,      -3.265578738,      -2.961976386,      -3.337401334,      -3.217389204,      -3.759176246,                 0,                 0,                 0,                 0,                 0,                 0,                 0,                 0,                 0,                 0,                 0,                 0,                 1,                 1
         96,          12,      -7.642532105,      -5.124848049,      -5.148288863,       -2.15962203,      -4.461795488,      0.9329898399,      0.7370288575,        4.05711307,                 0,                 0,                 0,      0.4167923989,     -0.4813608627,       4.095322908,                 0,       5.504686863,        1.03350563,      -3.168102033,      -3.080575357,      -3.333225598,      -3.134570149,      -4.222912363,                 0,                 0,                 0,                 0,                 0,                 0,                 0,                 0,                 0,                 0,                 0,                 0,                 1,                 1
         97,          49,      -6.889440063,      -4.949779413,      -4.264751316,      -1.389674394,      -4.994913621,      0.9329898399,       1.070589334,       5.557078225,                 0,                 0,                 0,      0.7189790337,      -0.600922762,       5.627270364,                 0,       5.190672136,       1.202652606,      -2.394259626,       -2.93808818,       -2.46442048,      -2.344534393,      -4.843413454,                 0,                 0,                 0,                 0,                 0,                 0,                 0,                 0,                 0,                 0,                 0,                 0,                 1,                 1
         98,          49,      -6.764534693,      -4.907240169,      -4.340535036,      -1.275892358,      -5.471880722,      0.9329898399,       1.441447642,       6.841813709,                 0,                 0,                 0,       1.110976171,     -0.6218895016,       6.964297494,                 0,       4.746487842,       1.167016473,      -2.246006234,      -2.932666358,       -2.56120635,      -2.206938429,      -5.414649035,                 0,                 0,                 0,                 0,                 0,                 0,                 0,                 0,                 0,                 0,                 0,                 0,                 1,                 1
         99,          49,      -6.786636188,       -4.76487857,      -4.122297246,      -1.279248412,      -4.911779123,      0.9329898399,       1.703434438,       7.624283352,                 0,                 0,                 0,       1.360994301,     -0.6001222664,       7.789174461,                 0,        4.47583023,       1.232983848,      -2.253821299,      -2.823426306,      -2.365321073,      -2.194268143,      -4.967797797,                 0,                 0,                 0,                 0,                 0,                 0,                 0,                 0,                 0,                 0,                 0,                 0,                 1,                 1
        100,          49,      -6.625823493,      -4.714009512,      -4.162049506,      -1.142969424,      -4.971416323,      0.9329898399,       1.737500487,       7.480750979,                 0,                 0,                 0,       1.426811093,     -0.5255799368,       7.661873719,                 0,       4.305466982,       1.131523709,      -2.097555899,      -2.791579238,      -2.427850328,      -2.058890692,      -5.129282252,                 0,                 0,                 0,                 0,                 0,                 0,                 0,                 0,                 0,                 0,                 0,                 0,                 1,                 1
        101,          49,      -6.734253504,      -4.764124649,      -4.110387924,      -1.238550074,      -4.899286761,      0.9329898399,        1.61825665,        6.77759777,                 0,                 0,                 0,        1.34736062,     -0.4340312828,       6.954581437,                 0,       4.188209434,       1.102025925,      -2.223319423,      -2.849166922,      -2.398090331,      -2.168127477,       -5.12614588,                 0,                 0,                 0,                 0,                 0,                 0,                 0,                 0,                 0,                 0,                 0,                 0,                 1,                 1
        102,          49,      -6.667282269,       -4.72269738,      -4.163100059,      -1.200825892,      -5.368488584,      0.9329898399,        1.27468517,        5.09219961,                 0,                 0,                 0,       1.029783488,     -0.2698275909,       5.242376582,                 0,       3.994868484,      0.9800636472,      -2.169247144,      -2.813223164,      -2.468288681,      -2.142984954,      -5.605790983,                 0,                 0,                 0,                 0,                 0,                 0,                 0,                 0,                 0,                 0,                 0,                 0,                 1,                 1
        103,          49,      -6.898125043,      -5.132042422,      -4.591106629,      -1.434592303,      -5.477608083,      0.9329898399,      0.8914319436,       3.416514538,                 0,                 0,                 0,      0.7190120787,     -0.1464115724,       3.527858578,                 0,        3.83261399,      0.8806352048,      -2.403235706,      -3.221368856,      -2.909217438,      -2.381774311,       -5.68689345,                 0,                 0,                 0,                 0,                 0,                 0,                 0,                 0,                 0,                 0,                 0,                 0,                 1,                 1
        104,          12,      -7.582395918,      -5.395565734,      -5.086566544,      -2.128727376,      -4.725383914,      0.9329898399,       0.480378385,       1.540899495,                 0,                 0,                 0,      0.2389450451,    0.008872722028,       1.614018563,                 0,       3.207678662,      0.7962403928,      -3.092948479,      -3.473438729,      -3.412240523,      -3.082239813,      -4.895694053,                 0,                 0,                 0,                 0,                 0,                 0,                 0,                 0,                 0,                 0,                 0,                 0,                 1,                 1
        105,           8,      -7.730340383,      -5.066884688,      -5.136910267,      -2.263844253,      -4.343849458,      0.9329898399,      0.1055942366,     -0.1346666253,                 0,                 0,                 0,     -0.1297900096,      0.1403529814,    -0.09790956727,                 0,      -1.275321738,      0.7194840643,       -3.25852268,      -3.126229558,      -3.466251872,      -3.234851407,      -4.473434683,                 0,                 0,                 0,                 0,                 0,                 0,                 0,                 0,                 0,                 0,                 0,                 0,                 1,                 1
        106,           8,      -7.764528975,      -5.111695355,      -5.173505772,      -2.288845179,      -2.427079807,      0.9329898399,     -0.1809382224,      -1.405727147,                 0,                 0,                 0,     -0.3970043183,      0.2379627596,      -1.397204772,                 0,       7.769100015,      0.6475229288,      -3.320162396,      -3.151704644,       -3.50510855,      -3.288220392,       -2.51438244,                 0,                 0,                 0,                 0,                 0,                 0,                 0,                 0,                 0,                 0,                 0,                 0,                 1,                 1
        107,           8,      -7.770253551,      -5.143370597,      -5.177670192,       -2.28218178,      -2.107984716,      0.9329898399,     -0.4197353895,      -2.274857298,                 0,                 0,                 0,     -0.5474763133,      0.2637089569,      -2.298175604,                 0,       5.419741472,      0.5851686694,      -3.352661211,      -3.166654788,      -3.510348188,      -3.309973076,      -2.156963563,                 0,                 0,                 0,                 0,                 0,                 0,                 0,                 0,                 0,                 0,                 0,                 0,                 1,                 1
        108,           8,      -7.684090433,      -5.110714126,      -5.138875967,       -2.20211955,       -1.65916268,      0.9329898399,     -0.6249850531,      -2.692291878,                 0,                 0,                 0,     -0.5240366218,      0.1894737873,      -2.757379473,                 0,       4.307770025,      0.6321343871,      -3.287442696,      -3.123812043,      -3.469403052,      -3.252469597,      -1.681901902,                 0,                 0,                 0,                 0,                 0,                 0,                 0,                 0,                 0,                 0,                 0,                 0,                 1,                 1
        109,          49,       -6.93762398,      -4.903131147,      -4.295544976,      -1.482661294,      -1.489520745,      0.9329898399,      -0.746138667,      -2.560917033,                 0,                 0,                 0,     -0.2926885887,     0.03520372271,      -2.667166972,                 0,       3.432226671,       1.022096948,      -2.557030402,      -2.917469857,      -2.618817411,      -2.549717483,      -1.504101505,                 0,                 0,                 0,                 0,                 0,                 0,                 0,                 0,                 0,                 0,                 0,                 0,                 1,                 1
        110,          49,      -6.760103636,      -4.880276587,      -4.392855449,      -1.301703943,      -1.372788335,      0.9329898399,     -0.7730817723,      -2.434898762,                 0,                 0,                 0,     -0.1160000557,    -0.02740627368,      -2.554532502,                 0,       3.149600533,       1.504425284,        -2.3923658,      -2.903282963,      -2.705841456,      -2.381272518,      -1.394752231,                 0,                 0,                 0,                 0,                 0,                 0,                 0,                 0,                 0,                 0,                 0,                 0,                 1,                 1
        111,          49,      -6.685117978,      -4.612670639,      -4.131661196,      -1.220900789,      -1.276273817,      0.9329898399,      -0.688026588,      -2.309945693,                 0,                 0,                 0,    -0.04238227115,     0.01739966189,      -2.410171559,                 0,        3.35734946,       1.477868585,      -2.326776134,      -2.641763585,      -2.434169496,      -2.309275524,      -1.310538194,                 0,                 0,                 0,                 0,                 0,                 0,                 0,                 0,                 0,                 0,                 0,                 0,                 1,                 1
        112,          49,      -6.645559544,      -4.703739799,      -4.226427752,      -1.186221343,      -1.175137191,      0.9329898399,     -0.7007580837,      -2.743224811,                 0,                 0,                 0,     -0.2903075695,       0.131903026,      -2.828240768,                 0,       3.914653108,       1.476304006,      -2.292384165,      -2.731091774,      -2.518127243,      -2.279741611,      -1.210546449,                 0,                 0,                 0,                 0,                 0,                 0,                 0,                 0,                 0,                 0,                 0,                 0,                 1,                 1
        113,          49,      -6.724531485,      -4.773468032,      -4.175364736,      -1.262885579,      -1.107793828,      0.9329898399,     -0.6741317895,      -2.973471449,                 0,                 0,                 0,     -0.4272588033,      0.2246834802,      -3.040641949,                 0,       4.410816246,       1.454127218,      -2.371380455,      -2.791677771,      -2.452913324,      -2.357141035,      -1.127698491,                 0,                 0,                 0,                 0,                 0,                 0,                 0,                 0,                 0,                 0,                 0,                 0,                 1,                 1
        114,          49,      -6.785150755,       -4.76880546,       -4.16954152,      -1.337507318,      -1.088447139,      0.9329898399,     -0.4924145303,      -2.587493676,                 0,                 0,                 0,     -0.3802031008,      0.2856115798,      -2.618400584,                 0,       5.254706181,       1.199138569,       -2.42585318,      -2.771371181,      -2.425805751,      -2.426906876,      -1.075313628,                 0,                 0,                 0,                 0,                 0,                 0,                 0,                 0,                 0,                 0,                 0,                 0,                 1,                 1
        115,          49,      -6.762719896,      -4.808132146,      -4.285412135,      -1.308973823,      -1.115420962,      0.9329898399,      -0.276178942,       -1.89909534,                 0,                 0,                 0,      -0.256634797,      0.2911305063,      -1.896860814,                 0,       6.876322018,        1.00860563,       -2.39129093,      -2.789659029,      -2.514222276,      -2.387739641,      -1.057725664,                 0,                 0,                 0,                 0,                 0,                 0,                 0,                 0,                 0,                 0,                 0,                 0,                 1,                 1
        116,          49,      -6.926557859,      -5.069937438,      -4.529372514,      -1.489203073,      -1.183450173,      0.9329898399,    -0.03946265961,     -0.9678298171,                 0,                 0,                 0,     -0.1094500077,      0.2452277244,     -0.9370780221,                 0,       24.52520501,      0.8029036534,      -2.537380299,      -3.028628738,      -2.730276907,      -2.551009304,       -1.06637503,                 0,                 0,                 0,                 0,                 0,                 0,                 0,                 0,                 0,                 0,                 0,                 0,                 1,                 1
        117,           8,      -7.611500184,      -5.058475718,      -5.109835787,      -2.150295912,      -1.285985512,      0.9329898399,       0.168425335,     0.03293323225,                 0,                 0,                 0,    0.001503429954,      0.1514372036,     0.08073700893,                 0,      0.1955360947,      0.6460355182,      -3.200060957,      -2.997303796,      -3.287211067,      -3.189954506,      -1.088846242,                 0,                 0,                 0,                 0,                 0,                 0,                 0,                 0,                 0,                 0,                 0,                 0,                 1,                 1
        118,           8,      -7.787663367,      -5.070099852,      -5.171851744,      -2.304399746,      -1.398423028,      0.9329898399,      0.3159516538,      0.8462400743,                 0,                 0,                 0,     0.07171535286,     0.05472941601,      0.9016387313,                 0,       2.678384697,      0.5975497352,      -3.353986047,      -2.994784001,      -3.329110534,       -3.32213011,      -1.105562409,                 0,                 0,                 0,                 0,                 0,                 0,                 0,                 0,                 0,                 0,                 0,                 0,                 1,                 1
        119,           8,      -7.776594531,      -5.071400349,      -5.168561858,      -2.289161745,      -1.455151845,      0.9329898399,      0.3844036518,       1.587798373,                 0,                 0,                 0,      0.1076386188,    -0.09662027673,       1.630807887,                 0,        4.13054966,      0.3831213152,       -3.32635849,      -2.991571835,      -3.307755504,      -3.291547178,      -1.106201631,                 0,                 0,                 0,                 0,                 0,                 0,                 0,                 0,                 0,                 0,                 0,                 0,                 1,                 1
        120,           8,      -7.723832789,      -5.037711208,       -5.12860617,      -2.237632497,      -1.354904223,      0.9329898399,      0.4123168408,       2.605580674,                 0,                 0,                 0,      0.2351645458,     -0.3674975077,       2.612278969,                 0,       6.319365149,      0.3146413472,      -3.260767048,      -2.968250303,      -3.256439022,      -3.228766639,      -1.056530994,                 0,                 0,                 0,                 0,                 0,                 0,                 0,                 0,                 0,                 0,                 0,                 0,                 1,                 1
        121,          10,      -7.555591992,       -5.09563802,      -4.979250514,      -2.069828787,      -1.013765715,      0.9329898399,      0.3965029166,       3.858021105,                 0,                 0,                 0,      0.3891430568,     -0.7487985825,       3.805370165,                 0,       9.730120369,      0.4080428616,      -3.076180425,      -3.051536683,      -3.110101961,      -3.045749094,     -0.8147617134,                 0,                 0,                 0,                 0,                 0,                 0,                 0,                 0,                 0,                 0,                 0,                 0,                 1,                 1
        122,          49,      -6.833537896,       -4.92079497,      -4.368410744,      -1.345294204,     -0.5840907923,      0.9329898399,      0.3830861884,       4.883594206,                 0,                 0,                 0,      0.5345429746,      -1.061477619,       4.782207927,                 0,       12.74802996,       1.120716482,      -2.332960684,      -2.910256171,      -2.517985376,      -2.300831773,     -0.4907791101,                 0,                 0,                 0,                 0,                 0,                 0,                 0,                 0,                 0,                 0,                 0,                 0,                 1,                 1
        123,          49,      -6.796019725,       -4.70258303,       -4.15693778,      -1.311709473,     -0.2659186143,      0.9329898399,      0.5952622521,       6.025968366,                 0,                 0,                 0,      0.7261540111,      -1.192570521,       5.936700047,                 0,       10.12321602,        1.15183881,      -2.277671556,      -2.726922302,      -2.334668338,      -2.250543131,     -0.2793647208,                 0,                 0,                 0,                 0,                 0,                 0,                 0,                 0,                 0,                 0,                 0,                 0,                 1,                 1
        124,          49,      -6.751901201,      -4.612116058,      -4.069660199,      -1.242513834,    -0.08218491761,      0.9329898399,       0.919607289,       7.219160991,                 0,                 0,                 0,       1.132050531,      -1.231253582,       7.172585141,                 0,       7.850265083,       1.183639988,      -2.229436574,      -2.667697201,      -2.281009926,      -2.178571596,     -0.1996296242,                 0,                 0,                 0,                 0,                 0,                 0,                 0,                 0,                 0,                 0,                 0,                 0,                 1,                 1
        125,          49,      -6.614360859,      -4.562727978,        -4.0034481,      -1.137727827,   -0.008245359521,      0.9329898399,       1.069668607,        7.29827471,                 0,                 0,                 0,       1.258239534,      -1.110879842,        7.29211565,                 0,       6.822930636,        1.16518714,      -2.102126452,      -2.641838891,      -2.251701718,      -2.083773648,     -0.1980941608,                 0,                 0,                 0,                 0,                 0,                 0,                 0,                 0,                 0,                 0,                 0,                 0,                 1,                 1
        126,          49,      -6.781161517,      -4.723337196,      -4.204054319,      -1.282528247,    -0.02948771671,      0.9329898399,       1.079764006,       6.781113977,                 0,                 0,                 0,       1.306950479,     -0.9500223992,        6.80050399,                 0,        6.28018154,       1.011164233,      -2.281826572,      -2.817641595,      -2.486999805,      -2.239921383,     -0.2431522416,                 0,                 0,                 0,                 0,                 0,                 0,                 0,                 0,                 0,                 0,                 0,                 0,                 1,                 1
        127,          49,      -6.857139579,      -4.788915843,      -4.197487476,      -1.359101395,     -0.1406232074,      0.9329898399,      0.9392643199,       5.534931523,                 0,                 0,                 0,       1.121482672,     -0.7200344287,        5.56769565,                 0,       5.892836985,       0.939174691,      -2.363067572,      -2.891065932,      -2.507523997,      -2.320309872,     -0.3316323414,                 0,                 0,                 0,                 0,                 0,                 0,                 0,                 0,                 0,                 0,                 0,                 0,                 1,                 1
        128,          49,      -7.004145373,      -4.873625236,      -4.271583841,      -1.511112306,      -0.330113759,      0.9329898399,      0.7161655859,       3.665199881,                 0,                 0,                 0,      0.7439589134,     -0.3867281815,       3.714434631,                 0,       5.117810676,      0.8587184937,      -2.509632128,      -2.978080075,      -2.598358671,      -2.469998891,     -0.4563460085,                 0,                 0,                 0,                 0,                 0,                 0,                 0,                 0,                 0,                 0,                 0,                 0,                 1,                 1
        129,          12,      -7.695866391,      -5.312214424,      -5.118441179,      -2.245730609,     -0.5819177541,      0.9329898399,      0.4455146979,       1.685848125,                 0,                 0,                 0,      0.2958813105,    -0.06684646571,       1.742440471,                 0,       3.784046032,      0.7618309296,      -3.206838334,       -3.41174299,      -3.452514556,      -3.207805302,     -0.6211860155,                 0,                 0,                 0,                 0,                 0,                 0,                 0,                 0,                 0,                 0,                 0,                 0,                 1,                 1
        130,           9,      -7.912971323,      -5.192090726,      -5.291879676,      -2.439265413,     -0.8809479262,      0.9329898399,      0.1948366005,     -0.1494675452,                 0,                 0,                 0,     -0.1003200321,      0.2300232487,    -0.08597181534,                 0,     -0.7671430566,      0.6562975214,      -3.441944906,      -3.275304411,      -3.628175178,      -3.417878602,     -0.8413671501,                 0,                 0,                 0,                 0,                 0,                 0,                 0,                 0,                 0,                 0,                 0,                 0,                 1,                 1
        131,           8,       -7.75603891,      -5.045708878,      -5.143685182,      -2.274579098,      -1.178260562,      0.9329898399,   -0.005600782545,      -1.561997508,                 0,                 0,                 0,     -0.3695535765,      0.4513278192,      -1.495383156,                 0,       278.8891544,       0.571548997,      -3.306817412,      -3.102596403,      -3.479604225,       -3.27565487,      -1.079451065,                 0,                 0,                 0,                 0,                 0,                 0,                 0,                 0,                 0,                 0,                 0,                 0,                 1,                 1
        132,           8,      -7.769423069,      -5.054805701,      -5.145818962,      -2.285009698,      -1.240158136,      0.9329898399,      -0.171401221,       -2.36117086,                 0,                 0,                 0,     -0.4294804747,      0.5264277466,       -2.30811179,                 0,       13.77569452,      0.4796601242,      -3.337417487,      -3.081021779,      -3.479320739,      -3.305728807,      -1.101908403,                 0,                 0,                 0,                 0,                 0,                 0,                 0,                 0,                 0,                 0,                 0,                 0,                 1,                 1
        133,           8,      -7.679902974,      -5.040079289,      -5.117622909,      -2.203075451,      -1.173188544,      0.9329898399,      -0.349138954,      -2.641690101,                 0,                 0,                 0,     -0.3189190365,      0.4384721961,      -2.628339159,                 0,       7.566300097,      0.2646631674,      -3.262228088,      -3.043243107,      -3.448088107,      -3.239501155,       -1.02391865,                 0,                 0,                 0,                 0,                 0,                 0,                 0,                 0,                 0,                 0,                 0,                 0,                 1,                 1
        134,          49,      -6.912101629,      -5.169466846,      -4.537740205,      -1.453209439,      -1.148667685,      0.9329898399,     -0.4997512219,      -2.480077178,                 0,                 0,                 0,    -0.09663427448,      0.2471899221,      -2.517822717,                 0,        4.96262354,      0.6474647516,      -2.509439319,       -3.16295312,      -2.863998793,      -2.503651188,      -1.016484539,                 0,                 0,                 0,                 0,                 0,                 0,                 0,                 0,                 0,                 0,                 0,                 0,                 1,                 1
        135,          49,      -6.736597426,      -4.908299248,       -4.40560842,      -1.273957402,      -1.142485243,      0.9329898399,     -0.6062279054,      -2.610039947,                 0,                 0,                 0,    -0.02579949625,      0.1833631996,      -2.673237501,                 0,        4.30537744,       1.273364792,      -2.347157569,      -2.901468467,      -2.725373102,      -2.335962656,      -1.038553266,                 0,                 0,                 0,                 0,                 0,                 0,                 0,                 0,                 0,                 0,                 0,                 0,                 1,                 1
        136,          49,      -6.739892833,      -4.725396816,      -4.278073906,      -1.267777418,      -1.086790641,      0.9329898399,     -0.6177623553,      -2.881636896,                 0,                 0,                 0,    -0.07416584279,      0.2517400132,      -2.936339301,                 0,       4.664636605,        1.33934184,      -2.358480817,      -2.721170056,      -2.589501976,      -2.336814955,      -1.001172653,                 0,                 0,                 0,                 0,                 0,                 0,                 0,                 0,                 0,                 0,                 0,                 0,                 1,                 1
        137,          49,      -6.623921663,      -4.695315022,      -4.309682564,      -1.155356345,      -1.032580448,      0.9329898399,     -0.5521505303,      -2.827669636,                 0,                 0,                 0,     -0.1405414871,      0.2987064139,      -2.865547113,                 0,       5.121193373,        1.30069649,      -2.245157457,      -2.690433459,      -2.611037977,      -2.226787925,     -0.9496444312,                 0,                 0,                 0,                 0,                 0,                 0,                 0,                 0,                 0,                 0,                 0,                 0,                 1,                 1
        138,          49,      -6.660601815,      -4.653700463,      -4.126402193,      -1.197095057,      -1.010359895,      0.9329898399,     -0.5165657517,      -2.871762496,                 0,                 0,                 0,     -0.2991747099,      0.3456278114,      -2.897309342,                 0,       5.559335838,       1.263201785,      -2.279657911,      -2.644762501,      -2.414042692,      -2.267020238,     -0.9119481156,                 0,                 0,                 0,                 0,                 0,                 0,                 0,                 0,                 0,                 0,                 0,                 0,                 1,                 1
        139,          49,      -6.709397433,       -4.72975729,      -4.175108248,      -1.260016217,      -1.019166432,      0.9329898399,     -0.3598597785,      -2.425249677,                 0,                 0,                 0,     -0.2323333514,      0.3649387646,      -2.424490617,                 0,       6.739429693,       1.182147392,      -2.320260046,      -2.711097298,      -2.441817285,      -2.323210515,     -0.8882888729,                 0,                 0,                 0,                 0,                 0,                 0,                 0,                 0,                 0,                 0,                 0,                 0,                 1,                 1
        140,          49,      -6.750638547,      -4.729514775,      -4.253108075,      -1.301261229,      -1.055641649,      0.9329898399,     -0.2647970706,      -1.908067525,                 0,                 0,                 0,     -0.2698907817,      0.3046382571,       -1.90211322,                 0,       7.205772786,       1.034130032,      -2.347252807,      -2.696434509,      -2.492701794,      -2.351709558,     -0.8756799527,                 0,                 0,                 0,                 0,                 0,                 0,                 0,                 0,                 0,                 0,                 0,                 0,                 1,                 1
        141,          49,      -6.881370165,       -4.94860292,      -4.378126602,      -1.429512163,       -1.11784158,      0.9329898399,    -0.08374778539,      -1.085303347,                 0,                 0,                 0,      -0.184351317,      0.2372235844,      -1.062366236,                 0,       12.95918862,      0.9399737819,      -2.460088381,      -2.900369276,      -2.590482879,      -2.462715912,      -0.866738199,                 0,                 0,                 0,                 0,                 0,                 0,                 0,                 0,                 0,                 0,                 0,                 0,                 1,                 1
        142,           8,      -7.639120724,      -5.019004032,      -5.083323128,      -2.176096534,      -1.203015441,      0.9329898399,     0.06575582603,     -0.3307844999,                 0,                 0,                 0,     -0.1394380626,      0.1595946373,     -0.2971056475,                 0,      -5.030497218,      0.6991713763,      -3.198300548,      -2.959852449,      -3.273320301,      -3.189735274,      -0.857668229,                 0,                 0,                 0,                 0,                 0,                 0,                 0,                 0,                 0,                 0,                 0,                 0,                 1,                 1
        143,           8,      -7.778825141,       -5.02863392,      -5.131642849,      -2.297815912,      -1.303000175,      0.9329898399,      0.1947768744,       0.338759496,                 0,                 0,                 0,     -0.1155443759,     0.08722236004,       0.380904564,                 0,       1.739218257,      0.6497615258,      -3.319869635,      -2.966455459,      -3.304763008,        -3.2935242,      -0.871297213,                 0,                 0,                 0,                 0,                 0,                 0,                 0,                 0,                 0,                 0,                 0,                 0,                 1,                 1
        144,           8,      -7.769174511,      -5.043932472,       -5.13931495,       -2.28389557,      -1.386498882,      0.9329898399,       0.297236385,       1.070872258,                 0,                 0,                 0,    -0.05077337405,    -0.02884417889,       1.110983742,                 0,       3.602763025,      0.3842022931,      -3.296772985,      -2.988836904,      -3.301177228,      -3.266835293,     -0.9491653545,                 0,                 0,                 0,                 0,                 0,                 0,                 0,                 0,                 0,                 0,                 0,                 0,                 1,                 1
        145,           8,      -7.714120287,      -5.009834351,      -5.103216064,      -2.227906314,      -1.339887653,      0.9329898399,      0.4002966069,       2.259854741,                 0,                 0,                 0,       0.184546578,     -0.2779120342,       2.278145238,                 0,       5.645450654,      0.2438712155,      -3.230479498,      -2.972976417,      -3.263112538,      -3.200366041,     -0.9887973609,                 0,                 0,                 0,                 0,                 0,                 0,                 0,                 0,                 0,                 0,                 0,                 0,                 1,                 1
        146,          10,      -7.639330809,      -5.150412834,       -5.08522828,      -2.161561069,      -1.057228278,      0.9329898399,      0.4397812068,        3.72265397,                 0,                 0,                 0,       0.427837043,     -0.6678338277,       3.688571278,                 0,       8.464786381,      0.2880699517,      -3.140795655,      -3.140913516,      -3.256887613,      -3.120170235,     -0.8145029293,                 0,                 0,                 0,                 0,                 0,                 0,                 0,                 0,                 0,                 0,                 0,                 0,                 1,                 1
        147,          49,      -6.758236294,      -4.715330102,      -4.126200748,      -1.280589289,     -0.7196918985,      0.9329898399,      0.4904580475,       5.147887717,                 0,                 0,                 0,      0.5598103894,      -1.036069344,       5.066345562,                 0,       10.49608166,       1.199706038,      -2.242460213,      -2.738005611,      -2.322744998,      -2.224136177,     -0.5761269516,                 0,                 0,                 0,                 0,                 0,                 0,                 0,                 0,                 0,                 0,                 0,                 0,                 1,                 1
        148,          49,      -6.881396914,      -4.785241928,      -4.211765822,      -1.375551904,     -0.3974270958,      0.9329898399,      0.7022041575,       6.466740678,                 0,                 0,                 0,      0.8155531267,      -1.219170821,       6.389479493,                 0,       9.209203064,        1.15287168,      -2.354828438,      -2.842769186,      -2.442371031,      -2.311373586,     -0.3315719183,                 0,                 0,                 0,                 0,                 0,                 0,                 0,                 0,                 0,                 0,                 0,                 0,                 1,                 1
        149,          49,       -6.72612142,      -4.677682605,        -4.1752776,      -1.230710726,     -0.1858502568,      0.9329898399,      0.9638365641,       7.406407152,                 0,                 0,                 0,       1.159980588,      -1.243702395,       7.364580923,                 0,       7.684297762,       1.165611016,      -2.200628343,      -2.772995578,      -2.444936026,      -2.169974633,      -0.193717472,                 0,                 0,                 0,                 0,                 0,                 0,                 0,                 0,                 0,                 0,                 0,                 0,                 1,                 1
        150,          49,      -6.653276134,      -4.644868455,      -4.091402917,      -1.163079501,    -0.02710873593,      0.9329898399,       1.161188195,       7.590964156,                 0,                 0,                 0,       1.297719104,      -1.108933337,       7.598773697,                 0,       6.537238483,       1.241594085,      -2.135021584,      -2.775708434,      -2.399461065,      -2.109892396,     -0.1107370186,                 0,                 0,                 0,                 0,                 0,                 0,                 0,                 0,                 0,                 0,                 0,                 0,                 1,                 1
        151,          49,      -6.673350311,      -4.482755808,      -4.086163913,      -1.188826139,     0.02268594216,      0.9329898399,       1.208425614,       7.043345402,                 0,                 0,                 0,       1.304693956,     -0.9036517405,       7.088894162,                 0,        5.82853038,       1.047545249,      -2.159606434,      -2.637233574,      -2.425463824,      -2.136701483,     -0.1105571173,                 0,                 0,                 0,                 0,                 0,                 0,                 0,                 0,                 0,                 0,                 0,                 0,                 1,                 1
        152,          49,      -6.799265689,      -4.784709553,      -4.182462134,       -1.30854737,      -0.024296709,      0.9329898399,       1.064882278,       5.716700343,                 0,                 0,                 0,       1.162097697,     -0.6530494374,       5.778249174,                 0,       5.368387153,      0.9489935154,      -2.285866737,      -2.948752224,      -2.537994095,       -2.25132602,     -0.1714105404,                 0,                 0,                 0,                 0,                 0,                 0,                 0,                 0,                 0,                 0,                 0,                 0,                 1,                 1
        153,          49,      -6.771425439,      -4.859937535,      -4.300346688,      -1.317076126,     -0.1552692338,      0.9329898399,      0.8686367635,       4.088795895,                 0,                 0,                 0,      0.8410526979,      -0.364766758,       4.164099772,                 0,       4.707141197,       0.917544412,      -2.259618156,      -3.025124996,      -2.656921387,      -2.258850661,     -0.2652539334,                 0,                 0,                 0,                 0,                 0,                 0,                 0,                 0,                 0,                 0,                 0,                 0,                 1,                 1
        154,          13,      -7.642234729,      -5.437677016,      -5.257581057,      -2.199227955,     -0.3501145038,      0.9329898399,      0.5373719299,       2.044881521,                 0,                 0,                 0,      0.4020901226,    -0.08397416389,       2.112642271,                 0,       3.805337434,      0.7715950924,      -3.140924088,       -3.59409908,      -3.608395262,      -3.152937767,     -0.3839510601,                 0,                 0,                 0,                 0,                 0,                 0,                 0,                 0,                 0,                 0,                 0,                 0,                 1,                 1
        155,           9,      -7.920562745,      -5.213916457,      -5.306701488,      -2.447659037,     -0.5833884892,      0.9329898399,      0.2167781866,      0.1999373248,                 0,                 0,                 0,    -0.01555766385,      0.1488499944,      0.2545808226,                 0,      0.9223129314,      0.6999233697,      -3.437170691,      -3.346562939,      -3.653771789,      -3.421860663,      -0.525718513,                 0,                 0,                 0,                 0,                 0,                 0,                 0,                 0,                 0,                 0,                 0,                 0,                 1,                 1
        156,           8,      -7.750094145,      -5.052227792,       -5.13373032,      -2.270824992,     -0.8272352237,      0.9329898399,     -0.0511655277,       -1.19288352,                 0,                 0,                 0,     -0.2991723297,      0.2998355508,      -1.155719536,                 0,       23.31420341,      0.6081224538,      -3.282322859,      -3.150687162,      -3.481715809,      -3.262538447,     -0.6796868645,                 0,                 0,                 0,                 0,                 0,                 0,                 0,                 0,                 0,                 0,                 0,                 0,                 1,                 1
        157,           8,      -7.772037297,      -5.074116135,      -5.143114776,      -2.287721806,      -1.033675157,      0.9329898399,     -0.2653124641,      -2.044819178,                 0,                 0,                 0,     -0.4114145229,      0.3441276978,      -2.033040163,                 0,       7.707211138,      0.5830306075,      -3.317532228,      -3.133290086,      -3.491720945,       -3.29207282,     -0.8157223243,                 0,                 0,                 0,                 0,                 0,                 0,                 0,                 0,                 0,                 0,                 0,                 0,                 1,                 1
        158,           8,      -7.706682437,        -5.0713491,      -5.132052114,      -2.226564651,      -1.110378025,      0.9329898399,     -0.4647841603,      -2.449481252,                 0,                 0,                 0,     -0.3805539979,      0.2716837063,      -2.478340308,                 0,       5.270147869,      0.5360626027,       -3.26736956,      -3.093000118,      -3.477202162,      -3.242801347,     -0.8596760852,                 0,                 0,                 0,                 0,                 0,                 0,                 0,                 0,                 0,                 0,                 0,                 0,                 1,                 1
        159,          49,      -6.952576607,      -4.978091975,      -4.427244159,      -1.497316492,       -1.07783715,      0.9329898399,     -0.6556551874,      -2.524063962,                 0,                 0,                 0,     -0.2800518935,      0.1109587093,      -2.605469396,                 0,       3.849681982,      0.7040939049,      -2.528524329,      -2.974815498,      -2.766718032,      -2.525118591,     -0.8283013423,                 0,                 0,                 0,                 0,                 0,                 0,                 0,                 0,                 0,                 0,                 0,                 0,                 1,                 1
        160,          49,      -6.756639254,      -4.713763961,      -4.120303858,      -1.283566364,      -1.049657154,      0.9329898399,     -0.7294695662,      -2.502450404,                 0,                 0,                 0,     -0.1300535261,     0.03405047519,      -2.606381484,                 0,       3.430506933,       1.154085719,      -2.345447111,      -2.699564107,      -2.454137425,      -2.321788034,     -0.8147050384,                 0,                 0,                 0,                 0,                 0,                 0,                 0,                 0,                 0,                 0,                 0,                 0,                 1,                 1
        161,          49,      -6.865186025,      -4.776740682,      -4.195171748,      -1.384747342,      -1.058211816,      0.9329898399,      -0.783156566,      -2.758021244,                 0,                 0,                 0,     -0.1394787357,     0.05743102404,      -2.866481653,                 0,       3.521672886,       1.351797988,      -2.463510277,      -2.758127275,       -2.52285971,      -2.431946602,     -0.8377567355,                 0,                 0,                 0,                 0,                 0,                 0,                 0,                 0,                 0,                 0,                 0,                 0,                 1,                 1
        162,          49,      -6.751735495,      -4.753665882,      -4.216169103,      -1.281766273,      -1.042902857,      0.9329898399,     -0.7896419203,      -2.997391367,                 0,                 0,                 0,     -0.1848864432,      0.1212140999,      -3.097288574,                 0,       3.795886832,       1.322763083,      -2.354678651,      -2.731720128,      -2.536332802,      -2.334681481,     -0.8236292811,                 0,                 0,                 0,                 0,                 0,                 0,                 0,                 0,                 0,                 0,                 0,                 0,                 1,                 1
        163,          49,      -6.791933079,       -4.79024779,       -4.19044154,       -1.31667557,      -1.024435731,      0.9329898399,     -0.6389994761,      -2.598840367,                 0,                 0,                 0,     -0.1672097449,      0.1487491505,      -2.672108769,                 0,       4.067046163,       1.239031096,       -2.39376572,       -2.76286239,       -2.50131793,      -2.370386989,     -0.7889113991,                 0,                 0,                 0,                 0,                 0,                 0,                 0,                 0,                 0,                 0,                 0,                 0,                 1,                 1
        164,          49,      -6.682136842,       -4.78640873,      -4.293478687,      -1.233694134,      -1.030908027,      0.9329898399,     -0.5694706969,       -2.45332849,                 0,                 0,                 0,     -0.2397340853,      0.1726962972,      -2.512626822,                 0,       4.308085568,       1.141736436,      -2.277301545,      -2.749425999,      -2.590753361,      -2.282892568,     -0.7597688352,                 0,                 0,                 0,                 0,                 0,                 0,                 0,                 0,                 0,                 0,                 0,                 0,                 1,                 1
        165,          49,      -6.687600043,      -4.744108708,      -4.125695815,      -1.234152596,      -1.082546174,      0.9329898399,     -0.4117912023,      -1.854541548,                 0,                 0,                 0,     -0.2532255934,      0.1484175887,      -1.893902999,                 0,       4.503596818,       1.142774242,      -2.271057856,       -2.69654761,      -2.404164014,      -2.273297754,     -0.7588321667,                 0,                 0,                 0,                 0,                 0,                 0,                 0,                 0,                 0,                 0,                 0,                 0,                 1,                 1
        166,          49,      -6.936378335,      -4.852038432,      -4.335406588,      -1.469410181,      -1.142709822,      0.9329898399,     -0.1835424853,      -1.034777665,                 0,                 0,                 0,     -0.1890588121,      0.1270171585,      -1.043225432,                 0,       5.637810036,      0.9656887707,      -2.503961764,       -2.80226851,      -2.594152492,      -2.493091885,     -0.7531251746,                 0,                 0,                 0,                 0,                 0,                 0,                 0,                 0,                 0,                 0,                 0,                 0,                 1,                 1
        167,           9,      -7.849719448,      -5.135423249,      -5.219521908,      -2.380380388,      -1.226969813,      0.9329898399,     0.01920608752,     -0.3501412922,                 0,                 0,                 0,     -0.1542262743,      0.1207382793,     -0.3292264664,                 0,      -18.23074543,      0.7622293611,      -3.399023103,      -3.094605185,      -3.463345384,      -3.384905902,     -0.7664239698,                 0,                 0,                 0,                 0,                 0,                 0,                 0,                 0,                 0,                 0,                 0,                 0,                 1,                 1
        168,           8,      -7.764045594,      -5.003800569,      -5.108713572,      -2.282528455,      -1.323860516,      0.9329898399,       0.194232026,      0.3090416179,                 0,                 0,                 0,     -0.1498424111,     0.09538998561,      0.3523259175,                 0,       1.591095064,      0.7636469308,      -3.296754189,      -2.981256256,       -3.34556777,      -3.269418093,     -0.8149274027,                 0,                 0,                 0,                 0,                 0,                 0,                 0,                 0,                 0,                 0,                 0,                 0,                 1,                 1
        169,           8,      -7.742586854,      -5.009126795,      -5.110854042,      -2.256994889,      -1.374442706,      0.9329898399,      0.3563949165,       1.080638948,                 0,                 0,                 0,    -0.07704769724,     0.02487390216,       1.137619955,                 0,       3.032139063,      0.6394088497,      -3.264336069,      -3.014938503,       -3.35023394,      -3.232597275,     -0.8874223149,                 0,                 0,                 0,                 0,                 0,                 0,                 0,                 0,                 0,                 0,                 0,                 0,                 1,                 1
        170,           9,      -7.874962734,      -5.091736691,       -5.27088132,      -2.385308625,      -1.246285688,      0.9329898399,      0.5631176118,       2.348020893,                 0,                 0,                 0,       0.186800995,     -0.1479828209,       2.410063203,                 0,       4.169681154,      0.5612240222,      -3.388751743,      -3.138000107,      -3.523055525,      -3.353410194,     -0.8349754779,                 0,                 0,                 0,                 0,                 0,                 0,                 0,                 0,                 0,                 0,                 0,                 0,                 1,                 1
        171,          11,      -7.618082059,      -5.111168612,      -5.117026253,      -2.142199376,     -0.8590834287,      0.9329898399,      0.7664289472,       3.956228568,                 0,                 0,                 0,      0.4787723083,     -0.4237496433,       4.007442333,                 0,       5.161898676,      0.6782867212,      -3.120848709,      -3.207488672,      -3.391985874,      -3.100972221,     -0.5395360392,                 0,                 0,                 0,                 0,                 0,                 0,                 0,                 0,                 0,                 0,                 0,                 0,                 1,                 1
        172,          49,      -6.714497231,      -4.672873739,      -4.054171425,      -1.242100678,     -0.4732209166,      0.9329898399,        1.03714776,       5.444553373,                 0,                 0,                 0,      0.6770901762,     -0.6000040154,       5.509884944,                 0,       5.249544551,       1.246438662,      -2.203493263,      -2.823644769,      -2.358889854,      -2.190827302,     -0.2447468708,                 0,                 0,                 0,                 0,                 0,                 0,                 0,                 0,                 0,                 0,                 0,                 0,                 1,                 1
        173,          49,      -6.778646077,      -4.784261952,      -4.145571892,      -1.288411057,     -0.1838653205,      0.9329898399,        1.44491769,       6.787620309,                 0,                 0,                 0,      0.9702197502,     -0.6027264618,       6.913486632,                 0,       4.697582676,       1.188410142,      -2.257214018,      -2.987596667,        -2.4829817,      -2.231302007,    -0.06375277513,                 0,                 0,                 0,                 0,                 0,                 0,                 0,                 0,                 0,                 0,                 0,                 0,                 1,                 1
        174,          49,      -6.734339464,      -4.671588851,      -4.086117171,      -1.234748861,   -0.008542380105,      0.9329898399,       1.852715671,       7.811754058,                 0,                 0,                 0,       1.402458905,      -0.512175043,       8.012099198,                 0,       4.216380408,       1.245299358,      -2.210562281,      -2.920180027,       -2.45497378,      -2.176697417,    -0.01437655781,                 0,                 0,                 0,                 0,                 0,                 0,                 0,                 0,                 0,                 0,                 0,                 0,                 1,                 1
        175,          49,       -6.64952187,      -4.769845467,      -4.271644108,      -1.172435321,     0.05118326093,      0.9329898399,       1.973095688,       7.683925055,                 0,                 0,                 0,       1.486240008,     -0.3596814765,       7.925051424,                 0,        3.89434993,       1.136726151,      -2.133441217,      -3.049114628,      -2.666539617,      -2.116071954,    -0.05904366357,                 0,                 0,                 0,                 0,                 0,                 0,                 0,                 0,                 0,                 0,                 0,                 0,                 1,                 1
        176,          49,      -6.769133272,       -4.72445049,      -4.141733749,      -1.270964065,   -0.002899801806,      0.9329898399,       1.895147822,        6.89216471,                 0,                 0,                 0,       1.384971555,     -0.2027350697,       7.145097491,                 0,       3.636742542,       1.067687152,      -2.266988106,      -3.017857358,      -2.552402336,      -2.219399851,     -0.1542823845,                 0,                 0,                 0,                 0,                 0,                 0,                 0,                 0,                 0,                 0,                 0,                 0,                 1,                 1
        177,          49,      -6.712793798,      -4.840377103,      -4.262852779,      -1.243522197,     -0.1568369668,      0.9329898399,       1.688127953,        5.82048339,                 0,                 0,                 0,       1.231191275,    -0.08737986108,       6.059716795,                 0,       3.447892312,      0.9786478527,      -2.219700107,      -3.135949714,      -2.677848393,      -2.197548451,     -0.2746718072,                 0,                 0,                 0,                 0,                 0,                 0,                 0,                 0,                 0,                 0,                 0,                 0,                 1,                 1
        178,          49,      -6.772827379,      -4.954044845,      -4.401197789,      -1.311745468,     -0.3907302454,      0.9329898399,       1.237529163,       3.915708405,                 0,                 0,                 0,      0.8163108924,     0.03861268299,       4.106429082,                 0,       3.164134245,      0.9236075908,      -2.285838278,      -3.244624957,      -2.814526974,      -2.274766307,     -0.4178576894,                 0,                 0,                 0,                 0,                 0,                 0,                 0,                 0,                 0,                 0,                 0,                 0,                 1,                 1
        179,          13,      -7.584416822,      -5.440957793,      -5.140237494,      -2.136264183,     -0.6683618262,      0.9329898399,       0.775400209,       2.245440899,                 0,                 0,                 0,      0.4490519274,      0.0850155242,       2.374030892,                 0,       2.895847683,      0.8126024115,      -3.108131786,      -3.718403305,       -3.54847734,       -3.11298003,     -0.5914986873,                 0,                 0,                 0,                 0,                 0,                 0,                 0,                 0,                 0,                 0,                 0,                 0,                 1,                 1
        180,           9,       -7.89690118,      -5.201926546,      -5.294165409,      -2.417424773,     -0.9320508602,      0.9329898399,      0.2989494237,      0.6244504624,                 0,                 0,                 0,     0.08055326831,      0.1033151095,      0.6845692997,                 0,       2.088816411,      0.7547359946,      -3.431835336,      -3.453067439,      -3.694960512,      -3.406551429,     -0.7651316891,                 0,                 0,                 0,                 0,                 0,                 0,                 0,                 0,                 0,                 0,                 0,                 0,                 1,                 1
        181,           8,      -7.763072653,      -5.066717961,      -5.152022319,      -2.287117793,      -1.141604786,      0.9329898399,    -0.03163773928,     -0.4233012712,                 0,                 0,                 0,     -0.1049476649,     0.09350599372,     -0.4140549986,                 0,       13.37963081,      0.6461151403,      -3.306967165,      -3.274766803,      -3.544172137,      -3.285562797,     -0.8887625923,                 0,                 0,                 0,                 0,                 0,                 0,                 0,                 0,                 0,                 0,                 0,                 0,                 1,                 1
        182,           8,      -7.765629602,      -5.084816485,      -5.181639385,      -2.280179355,      -1.283829756,      0.9329898399,     -0.2186161913,     -0.9287804497,                 0,                 0,                 0,     -0.1405206889,     0.06248541996,     -0.9521143498,                 0,        4.24845225,      0.6126176944,      -3.321815694,      -3.234818679,      -3.565698543,      -3.289564023,     -0.9475248275,                 0,                 0,                 0,                 0,                 0,                 0,                 0,                 0,                 0,                 0,                 0,                 0,                 1,                 1
        183,           8,      -7.686923856,      -5.078398437,      -5.148263325,      -2.197373394,      -1.345225974,      0.9329898399,     -0.3035858385,      -1.042623942,                 0,                 0,                 0,    -0.07532748575,     0.01451315795,      -1.085826143,                 0,       3.434362903,      0.5916619487,      -3.261169166,      -3.166010218,      -3.525843526,      -3.222606164,     -0.9555847487,                 0,                 0,                 0,                 0,                 0,                 0,                 0,                 0,                 0,                 0,                 0,                 0,                 1,                 1
        184,          49,      -7.017030181,      -5.165915786,      -4.578903061,      -1.565252099,      -1.301243906,      0.9329898399,     -0.2631032458,     -0.7317715309,                 0,                 0,                 0,      0.1106922595,    -0.03765759532,     -0.7767205398,                 0,       2.781309401,      0.7197046472,      -2.609086129,      -3.204344946,       -2.94972172,      -2.606673324,      -0.904462145,                 0,                 0,                 0,                 0,                 0,                 0,                 0,                 0,                 0,                 0,                 0,                 0,                 1,                 1
        185,          49,      -6.905425648,      -4.798531655,      -4.222919502,      -1.441436717,      -1.197341455,      0.9329898399,     -0.1878892708,     -0.4538959732,                 0,                 0,                 0,      0.2793281407,    -0.04697306381,     -0.4889963843,                 0,       2.415763131,      0.7704527964,      -2.510272308,      -2.815030587,       -2.58540127,      -2.494928129,     -0.8217055038,                 0,                 0,                 0,                 0,                 0,                 0,                 0,                 0,                 0,                 0,                 0,                 0,                 1,                 1
        186,          49,      -6.842261724,      -4.631402269,      -4.317443911,      -1.373830476,      -1.131596135,      0.9329898399,     -0.2369381161,     -0.6228290657,                 0,                 0,                 0,      0.2429119667,    -0.04448745161,     -0.6648883986,                 0,       2.628657119,       1.121379416,      -2.454505276,      -2.644506394,      -2.671361514,      -2.434603946,     -0.7794767775,                 0,                 0,                 0,                 0,                 0,                 0,                 0,                 0,                 0,                 0,                 0,                 0,                 1,                 1
        187,          49,      -6.731693896,      -4.695752847,      -4.154870993,      -1.259454094,      -1.114314481,      0.9329898399,     -0.3436225254,     -0.9845474758,                 0,                 0,                 0,     0.09243244783,    -0.04075403136,      -1.041992937,                 0,       2.865200629,       1.188921314,      -2.347589324,      -2.703943142,      -2.500821561,      -2.324690445,     -0.7675495808,                 0,                 0,                 0,                 0,                 0,                 0,                 0,                 0,                 0,                 0,                 0,                 0,                 1,                 1
        188,          49,      -6.751100843,      -4.713523973,      -4.152077411,      -1.281647082,       -1.10931886,      0.9329898399,     -0.3948324255,      -1.137146923,                 0,                 0,                 0,     0.01160936402,    -0.04511054203,       -1.20289684,                 0,       2.880074809,       1.237260172,       -2.36610365,      -2.707679842,      -2.488913297,      -2.347655803,     -0.7475228296,                 0,                 0,                 0,                 0,                 0,                 0,                 0,                 0,                 0,                 0,                 0,                 0,                 1,                 1
        189,          49,      -6.856541441,      -4.806382482,      -4.267618956,      -1.401906571,      -1.108568444,      0.9329898399,     -0.3423300614,      -1.038143196,                 0,                 0,                 0,   -0.004662612615,    -0.02384816996,      -1.092868899,                 0,       3.032579702,       1.130806538,      -2.465093805,      -2.779834735,      -2.593117492,      -2.463155539,     -0.7121536853,                 0,                 0,                 0,                 0,                 0,                 0,                 0,                 0,                 0,                 0,                 0,                 0,                 1,                 1
        190,          49,      -6.772192113,      -4.912867129,      -4.328952496,      -1.322846239,      -1.126455432,      0.9329898399,     -0.1995026085,     -0.7045009664,                 0,                 0,                 0,     0.00064509118,     0.01519085519,     -0.7320465424,                 0,       3.531286993,       1.151403628,      -2.370980608,      -2.867186131,      -2.641615124,      -2.375247315,     -0.6801787897,                 0,                 0,                 0,                 0,                 0,                 0,                 0,                 0,                 0,                 0,                 0,                 0,                 1,                 1
        191,          49,      -6.839251255,      -4.917027889,      -4.390271566,      -1.394847973,      -1.169918043,      0.9329898399,     0.07454559584,    -0.03384080537,                 0,                 0,                 0,     0.05251402822,     0.08118240179,    -0.01056710019,                 0,     -0.4539611628,       1.056134973,      -2.426796796,      -2.868668897,      -2.691576571,      -2.435504787,     -0.6651243244,                 0,                 0,                 0,                 0,                 0,                 0,                 0,                 0,                 0,                 0,                 0,                 0,                 1,                 1
        192,           8,      -7.663313893,      -5.095485165,      -5.154434383,      -2.196299388,      -1.228983937,      0.9329898399,      0.3201047826,      0.5810757039,                 0,                 0,                 0,      0.1014909361,      0.1362276319,      0.6492750402,                 0,       1.815267173,      0.9662656635,       -3.23534547,      -3.065346279,         -3.449669,      -3.219703805,      -0.679910658,                 0,                 0,                 0,                 0,                 0,                 0,                 0,                 0,                 0,                 0,                 0,                 0,                 1,                 1
        193,           8,      -7.749152899,      -5.073034064,       -5.14924986,      -2.258546993,      -1.290511471,      0.9329898399,      0.5122244645,       1.179871644,                 0,                 0,                 0,      0.1050204669,      0.1448816075,       1.278076805,                 0,       2.303426966,       1.038024195,      -3.299783145,      -3.075516212,      -3.445574985,      -3.258555034,     -0.7427580903,                 0,                 0,                 0,                 0,                 0,                 0,                 0,                 0,                 0,                 0,                 0,                 0,                 1,                 1
        194,           8,      -7.770034274,      -5.071808586,      -5.165902997,      -2.276031241,      -1.292414823,      0.9329898399,      0.6767833767,       1.913757029,                 0,                 0,                 0,      0.1389153946,     0.08768275706,       2.028007258,                 0,       2.827724637,       1.019653643,      -3.298381672,      -3.114361211,      -3.470737802,      -3.253085851,     -0.7973434684,                 0,                 0,                 0,                 0,                 0,                 0,                 0,                 0,                 0,                 0,                 0,                 0,                 1,                 1
        195,           9,      -7.857298902,      -5.109775013,      -5.300577063,      -2.354079283,       -1.21600465,      0.9329898399,      0.9175252581,       3.034596079,                 0,                 0,                 0,      0.2945130781,   -0.009796260731,       3.170257087,                 0,       3.307370617,      0.8105582709,      -3.367382645,       -3.19553297,       -3.62003532,      -3.313886398,     -0.7940606006,                 0,                 0,                 0,                 0,                 0,                 0,                 0,                 0,                 0,                 0,                 0,                 0,                 1,                 1
        196,          12,       -7.67030397,      -5.078471874,      -5.120756121,      -2.177349778,     -0.9355336797,      0.9329898399,       1.366923369,       4.554838683,                 0,                 0,                 0,       0.599421009,    -0.02451063147,       4.755463611,                 0,       3.332182905,       1.093400609,      -3.164301054,      -3.208820859,      -3.458872765,      -3.122912235,      -0.579895562,                 0,                 0,                 0,                 0,                 0,                 0,                 0,                 0,                 0,                 0,                 0,                 0,                 1,                 1
        197,          49,      -6.881800904,      -5.070263069,      -4.530104708,       -1.39705783,     -0.5177433824,      0.9329898399,       2.000686957,       6.092092783,                 0,                 0,                 0,       1.018291157,      0.1321109001,       6.410841559,                 0,       3.045000499,       1.213905251,      -2.359465199,      -3.245259434,       -2.88842764,      -2.327830672,     -0.2250447543,                 0,                 0,                 0,                 0,                 0,                 0,                 0,                 0,                 0,                 0,                 0,                 0,                 1,                 1
        198,          49,       -6.66919611,      -4.778045079,      -4.192339934,      -1.185270226,     -0.2066755886,      0.9329898399,       2.525267719,       7.111386578,                 0,                 0,                 0,       1.288485871,      0.3357573133,       7.538969634,                 0,       2.816092141,       1.261760885,      -2.134041397,       -2.99521571,      -2.571011892,      -2.103185633,    -0.06052113677,                 0,                 0,                 0,                 0,                 0,                 0,                 0,                 0,                 0,                 0,                 0,                 0,                 1,                 1
        199,          49,        -6.6445357,      -4.717240066,      -4.224007282,      -1.155405756,    -0.06665390991,      0.9329898399,       2.895137886,       7.812609298,                 0,                 0,                 0,       1.580699479,      0.4844482307,       8.317691828,                 0,       2.698527533,       1.211189694,      -2.106998265,      -2.964925118,      -2.620852048,      -2.066861737,     -0.1221200381,                 0,                 0,                 0,                 0,                 0,                 0,                 0,                 0,                 0,                 0,                 0,                 0,                 1,                 1
        200,          49,      -6.776948046,      -4.762349402,      -4.125749475,      -1.274645607,    -0.06871180944,      0.9329898399,       2.844689584,        7.45221021,                 0,                 0,                 0,       1.614911238,      0.5415747756,       7.958290809,                 0,       2.619691882,       1.202118306,      -2.250912047,      -3.025558889,      -2.535133646,       -2.18958117,     -0.2491154515,                 0,                 0,                 0,                 0,                 0,                 0,                 0,                 0,                 0,                 0,                 0,                 0,                 1,                 1
        201,          49,      -6.727858417,      -4.790561654,      -4.176270299,        -1.2474581,      -0.187556567,      0.9329898399,        2.61362698,        6.61160558,                 0,                 0,                 0,       1.476142693,      0.5663775164,       7.086860436,                 0,        2.52966687,       1.155582989,      -2.213357352,      -3.060644679,      -2.589128248,      -2.168158495,      -0.379720287,                 0,                 0,                 0,                 0,                 0,                 0,                 0,                 0,                 0,                 0,                 0,                 0,                 1,                 1
        202,          49,      -6.729729351,      -4.886507147,      -4.382407925,      -1.253238986,     -0.3941225114,      0.9329898399,       2.167317141,       5.309341972,                 0,                 0,                 0,       1.227034722,      0.5203143266,       5.711011186,                 0,        2.44973007,       1.093549503,      -2.213527999,      -3.157134074,      -2.791273625,      -2.172023108,      -0.527301874,                 0,                 0,                 0,                 0,                 0,                 0,                 0,                 0,                 0,                 0,                 0,                 0,                 1,                 1
        203,          49,      -6.824436489,      -4.868614408,       -4.13033373,      -1.368294806,     -0.6546103297,      0.9329898399,       1.529577488,       3.600595013,                 0,                 0,                 0,      0.7810988773,      0.4100301245,       3.890471313,                 0,       2.353980129,       1.001018049,      -2.305755537,       -3.12852323,      -2.533142512,      -2.289277014,     -0.7293961631,                 0,                 0,                 0,                 0,                 0,                 0,                 0,                 0,                 0,                 0,                 0,                 0,                 1,                 1
        204,          13,      -7.566594778,      -5.457956995,      -5.203046153,      -2.104353303,     -0.9032702927,      0.9329898399,      0.9054920096,       2.022326399,                 0,                 0,                 0,      0.3780918182,      0.2746552984,       2.198700596,                 0,       2.233400602,      0.8275230434,      -3.059049281,       -3.69047143,       -3.60082593,      -3.040632379,     -0.9445989338,                 0,                 0,                 0,                 0,                 0,                 0,                 0,                 0,                 0,                 0,                 0,                 0,                 1,                 1
        205,           8,      -7.723760875,      -5.078980872,       -5.12603862,      -2.251992189,      -1.097770755,      0.9329898399,      0.2756537496,      0.4742816088,                 0,                 0,                 0,   -0.008338251694,      0.1249424693,      0.5341511149,                 0,       1.720570134,      0.7295634679,      -3.237679964,      -3.268519146,      -3.517613491,      -3.210123496,      -1.087634423,                 0,                 0,                 0,                 0,                 0,                 0,                 0,                 0,                 0,                 0,                 0,                 0,                 1,                 1
        206,           8,      -7.799052507,      -5.111961422,      -5.189970997,      -2.325283834,      -1.258210114,      0.9329898399,     -0.1947890707,     -0.6515197988,                 0,                 0,                 0,     -0.2719267009,    0.004208239507,     -0.6800022949,                 0,       3.344745146,        0.61867503,      -3.339388103,      -3.251326805,      -3.573657342,      -3.308328731,       -1.17365575,                 0,                 0,                 0,                 0,                 0,                 0,                 0,                 0,                 0,                 0,                 0,                 0,                 1,                 1
        207,           8,        -7.7951816,      -5.134231654,       -5.21035024,       -2.30960389,      -1.398421266,      0.9329898399,     -0.5407621475,      -1.419909942,                 0,                 0,                 0,     -0.4445073354,     -0.1019919231,      -1.515970182,                 0,       2.625756904,       0.571984088,      -3.362379701,       -3.22602886,      -3.583815117,      -3.319656183,      -1.240785163,                 0,                 0,                 0,                 0,                 0,                 0,                 0,                 0,                 0,                 0,                 0,                 0,                 1,                 1
        208,           8,       -7.70635586,      -5.121469481,      -5.180144968,      -2.221594718,      -1.480607021,      0.9329898399,     -0.7318071384,       -1.74025663,                 0,                 0,                 0,     -0.4506031627,     -0.1910288493,      -1.878175392,                 0,       2.378026311,      0.5450126588,       -3.29314767,      -3.181640935,      -3.544126952,      -3.253528437,      -1.277377818,                 0,                 0,                 0,                 0,                 0,                 0,                 0,                 0,                 0,                 0,                 0,                 0,                 1,                 1
        209,          49,      -7.065860268,      -4.959733907,      -4.455973573,      -1.606807245,      -1.483017976,      0.9329898399,     -0.5777007954,      -1.200275868,                 0,                 0,                 0,     -0.1256279117,     -0.2015313164,      -1.316732888,                 0,       2.077677369,      0.6035375598,      -2.664804667,      -3.005782325,       -2.81566055,      -2.653412144,      -1.264716069,                 0,                 0,                 0,                 0,                 0,                 0,                 0,                 0,                 0,                 0,                 0,                 0,                 1,                 1
        210,          49,      -6.851162883,      -4.825608063,      -4.337932465,      -1.388875906,      -1.439727811,      0.9329898399,     -0.4575632325,     -0.8364204964,                 0,                 0,                 0,      0.1944786848,      -0.193024209,      -0.933651441,                 0,        1.82798887,      0.5961785436,      -2.462311506,      -2.860314575,       -2.69392677,      -2.448793283,      -1.228385448,                 0,                 0,                 0,                 0,                 0,                 0,                 0,                 0,                 0,                 0,                 0,                 0,                 1,                 1
        211,          49,      -6.737835078,      -4.689978963,      -4.181503493,       -1.28420894,      -1.364354571,      0.9329898399,     -0.2383274761,     -0.4056056654,                 0,                 0,                 0,      0.4093265397,      -0.109326079,     -0.4575628374,                 0,       1.701883778,      0.9023980391,      -2.362874513,      -2.716158509,      -2.530319812,      -2.357372987,      -1.163874863,                 0,                 0,                 0,                 0,                 0,                 0,                 0,                 0,                 0,                 0,                 0,                 0,                 1,                 1
        212,          49,      -6.698958896,      -4.734114923,      -4.244389082,      -1.241641517,      -1.309536451,      0.9329898399,     -0.2800472083,     -0.6191128309,                 0,                 0,                 0,      0.2794480028,    -0.08679940343,     -0.6739384244,                 0,       2.210744519,      0.8903074119,      -2.334844979,      -2.755646215,      -2.583340301,      -2.324304685,      -1.106416588,                 0,                 0,                 0,                 0,                 0,                 0,                 0,                 0,                 0,                 0,                 0,                 0,                 1,                 1
        213,          49,      -6.748224522,      -4.684520207,      -4.178146296,      -1.283421695,      -1.250214586,      0.9329898399,     -0.3083562513,     -0.7616810184,                 0,                 0,                 0,      0.1282702351,    -0.07218857184,     -0.8185538233,                 0,       2.470133215,       1.054177734,      -2.387899844,      -2.698389441,      -2.506122617,      -2.368760201,      -1.026339828,                 0,                 0,                 0,                 0,                 0,                 0,                 0,                 0,                 0,                 0,                 0,                 0,                 1,                 1
        214,          49,      -6.756674655,      -4.741848353,      -4.243981463,      -1.308525928,      -1.206525666,      0.9329898399,      -0.373035341,     -0.9379077702,                 0,                 0,                 0,      0.0199604337,    -0.08251777711,       -1.00599064,                 0,       2.514259822,       1.089146652,      -2.391271663,      -2.739040165,      -2.560211592,      -2.388584724,      -0.946812887,                 0,                 0,                 0,                 0,                 0,                 0,                 0,                 0,                 0,                 0,                 0,                 0,                 1,                 1
        215,          49,      -6.873536416,      -4.979082556,      -4.492847516,      -1.429760808,      -1.193342137,      0.9329898399,     -0.1511582316,     -0.4336476773,                 0,                 0,                 0,     0.01752606547,    -0.01776702511,      -0.458893726,                 0,       2.868832698,        1.14316315,      -2.498068995,      -2.950164764,      -2.796800116,      -2.500942503,     -0.8877023542,                 0,                 0,                 0,                 0,                 0,                 0,                 0,                 0,                 0,                 0,                 0,                 0,                 1,                 1
        216,          49,      -6.934821426,      -4.750019159,      -4.203456477,      -1.487801501,      -1.213967206,      0.9329898399,      0.1190552211,     0.07475234192,                 0,                 0,                 0,     0.09148966103,     0.09199760457,      0.1062943981,                 0,      0.6278795772,       1.124125829,      -2.548909937,      -2.694257869,      -2.497341425,      -2.550292273,     -0.8618136827,                 0,                 0,                 0,                 0,                 0,                 0,                 0,                 0,                 0,                 0,                 0,                 0,                 1,                 1
        217,           8,      -7.651570277,       -5.09004952,      -5.155927204,      -2.181269075,      -1.258547582,      0.9329898399,      0.4021911227,      0.6870969483,                 0,                 0,                 0,      0.1253711216,      0.1837295773,      0.7746633836,                 0,       1.708384172,       1.085772646,      -3.253141118,      -3.024903032,      -3.445247796,      -3.232144524,     -0.8742419794,                 0,                 0,                 0,                 0,                 0,                 0,                 0,                 0,                 0,                 0,                 0,                 0,                 1,                 1
        218,           8,      -7.732605523,      -5.073281524,      -5.156364802,      -2.236055638,      -1.286760202,      0.9329898399,      0.6421217839,       1.321095996,                 0,                 0,                 0,      0.1419812324,      0.2278130274,       1.451108625,                 0,       2.057391649,       1.147096665,      -3.315450764,      -3.026113542,       -3.44778234,      -3.268045049,     -0.9010874989,                 0,                 0,                 0,                 0,                 0,                 0,                 0,                 0,                 0,                 0,                 0,                 0,                 1,                 1
        219,           8,      -7.736074522,      -5.056259758,      -5.147884278,      -2.235324829,      -1.242831326,      0.9329898399,      0.8563165834,       2.102922864,                 0,                 0,                 0,      0.1956480201,      0.2040644788,       2.261397875,                 0,       2.455777342,       1.219255778,      -3.295864362,      -3.047237204,      -3.446138324,      -3.243881736,     -0.8957236775,                 0,                 0,                 0,                 0,                 0,                 0,                 0,                 0,                 0,                 0,                 0,                 0,                 1,                 1
        220,           9,      -7.812420701,      -5.066319907,      -5.274618163,      -2.304834872,      -1.079534708,      0.9329898399,       1.181659618,       3.263572064,                 0,                 0,                 0,      0.3728980663,      0.1758505851,       3.466453323,                 0,        2.76185461,       1.124892173,      -3.351439009,      -3.104744597,      -3.582999312,      -3.292726066,     -0.8003148187,                 0,                 0,                 0,                 0,                 0,                 0,                 0,                 0,                 0,                 0,                 0,                 0,                 1,                 1
        221,          11,      -7.614046951,       -5.03167774,      -5.133508558,      -2.117075539,     -0.8173994908,      0.9329898399,       1.776931719,       4.807250463,                 0,                 0,                 0,      0.7225467751,      0.2937842407,       5.116721037,                 0,       2.705365891,       1.159460292,      -3.137811924,      -3.120072728,       -3.45544753,      -3.089657241,     -0.6235129026,                 0,                 0,                 0,                 0,                 0,                 0,                 0,                 0,                 0,                 0,                 0,                 0,                 1,                 1
        222,          49,      -6.859586024,      -4.989908078,      -4.310369786,      -1.361493227,      -0.498564908,      0.9329898399,       2.495849585,         6.2768456,                 0,                 0,                 0,       1.146785554,      0.5516207797,       6.732293098,                 0,       2.514913414,       1.272244994,      -2.371219883,      -3.124810097,      -2.649889146,      -2.319992555,     -0.4320705804,                 0,                 0,                 0,                 0,                 0,                 0,                 0,                 0,                 0,                 0,                 0,                 0,                 1,                 1
        223,          49,      -6.676140918,      -4.654275729,      -4.062882227,      -1.198084593,     -0.2862650249,      0.9329898399,       3.053057989,       7.298393446,                 0,                 0,                 0,       1.415665427,      0.7858101418,       7.872116132,                 0,       2.390519103,       1.347171851,      -2.179286969,      -2.824812807,      -2.423369202,      -2.142355395,     -0.3729794923,                 0,                 0,                 0,                 0,                 0,                 0,                 0,                 0,                 0,                 0,                 0,                 0,                 1,                 1
        224,          49,      -6.674013198,      -4.699721264,      -4.068090377,      -1.172464422,     -0.2445300203,      0.9329898399,       3.264985395,       7.687489118,                 0,                 0,                 0,       1.694088724,      0.8747167633,       8.306171751,                 0,        2.35452481,       1.261139116,      -2.177097056,      -2.894590794,      -2.450183689,      -2.108787789,     -0.4523741518,                 0,                 0,                 0,                 0,                 0,                 0,                 0,                 0,                 0,                 0,                 0,                 0,                 1,                 1
        225,          49,      -6.663079716,      -4.620350842,      -4.086107284,        -1.1676617,     -0.2820329993,      0.9329898399,       3.201205504,       7.386691234,                 0,                 0,                 0,        1.67888118,      0.9016685404,       7.999869868,                 0,       2.307471739,       1.212141808,      -2.174373783,      -2.831144209,      -2.484287862,      -2.106696851,     -0.5301664865,                 0,                 0,                 0,                 0,                 0,                 0,                 0,                 0,                 0,                 0,                 0,                 0,                 1,                 1
        226,          49,      -6.727175109,      -4.665682805,      -4.091119228,      -1.244906111,     -0.4131984416,      0.9329898399,       2.823329205,       6.390980386,                 0,                 0,                 0,       1.483433541,      0.8314213162,       6.937186511,                 0,       2.263632726,        1.20014588,      -2.245299291,      -2.886917924,       -2.49525427,      -2.188628782,     -0.6351702327,                 0,                 0,                 0,                 0,                 0,                 0,                 0,                 0,                 0,                 0,                 0,                 0,                 1,                 1
        227,          49,       -6.67126893,      -4.695375788,       -4.08610171,      -1.199428786,     -0.6005216822,      0.9329898399,       2.273278606,       5.047817487,                 0,                 0,                 0,       1.173947086,      0.6981081384,       5.491894212,                 0,       2.220501031,       1.139152991,      -2.189500977,      -2.916128346,       -2.48736714,       -2.14531216,     -0.7835148916,                 0,                 0,                 0,                 0,                 0,                 0,                 0,                 0,                 0,                 0,                 0,                 0,                 1,                 1
        228,          49,      -6.914159335,      -5.092587577,      -4.548697148,      -1.448401229,     -0.8010730509,      0.9329898399,        1.61769631,       3.527943722,                 0,                 0,                 0,       0.788541718,      0.5155397544,       3.846757988,                 0,       2.180844267,      0.9731634845,       -2.43897556,      -3.292838051,      -2.942243533,      -2.404325636,     -0.9670823482,                 0,                 0,                 0,                 0,                 0,                 0,                 0,                 0,                 0,                 0,                 0,                 0,                 1,                 1
        229,          15,      -7.605902283,       -5.53997062,       -5.19259561,      -2.151502516,     -0.9819690229,      0.9329898399,      0.9048244675,       1.890966799,                 0,                 0,                 0,       0.343919094,      0.3124227549,       2.072885616,                 0,       2.089871425,      0.8382103633,      -3.146051835,      -3.700392202,      -3.579150312,      -3.125169703,      -1.125880541,                 0,                 0,                 0,                 0,                 0,                 0,                 0,                 0,                 0,                 0,                 0,                 0,                 1,                 1
        230,           8,      -7.756379713,      -5.093289204,      -5.145523594,      -2.285501489,      -1.140855348,      0.9329898399,      0.2733107681,      0.4454005577,                 0,                 0,                 0,    -0.01671820509,       0.131145867,      0.5058470069,                 0,       1.629648772,      0.7292937741,      -3.315215928,      -3.205596128,      -3.529948062,      -3.281122021,      -1.225305421,                 0,                 0,                 0,                 0,                 0,                 0,                 0,                 0,                 0,                 0,                 0,                 0,                 1,                 1
        231,           8,      -7.802392805,      -5.098336073,      -5.183321051,      -2.327154316,      -1.286951192,      0.9329898399,     -0.1884278788,      -0.600278466,                 0,                 0,                 0,      -0.257603798,   -0.004690038198,     -0.6291401321,                 0,       3.185720022,      0.6153789996,      -3.384232392,      -3.172715062,      -3.568848878,      -3.348817537,      -1.296598431,                 0,                 0,                 0,                 0,                 0,                 0,                 0,                 0,                 0,                 0,                 0,                 0,                 1,                 1
        232,           8,      -7.781098895,      -5.114926225,      -5.201962709,      -2.293793952,      -1.416615626,      0.9329898399,     -0.4963825992,      -1.254233199,                 0,                 0,                 0,     -0.3925252186,     -0.1079907418,        -1.3445574,                 0,       2.526746911,      0.5721668328,      -3.388357253,      -3.167884169,       -3.58720136,      -3.342208203,      -1.367828069,                 0,                 0,                 0,                 0,                 0,                 0,                 0,                 0,                 0,                 0,                 0,                 0,                 1,                 1
        233,           8,      -7.687328951,      -5.089448254,      -5.154212198,      -2.201555056,      -1.505783688,      0.9329898399,     -0.6146675611,      -1.435349114,                 0,                 0,                 0,     -0.3484352084,     -0.1681540446,      -1.552342587,                 0,       2.335163274,      0.5401510624,      -3.318713763,      -3.138199261,      -3.535662909,      -3.275635139,      -1.431819437,                 0,                 0,                 0,                 0,                 0,                 0,                 0,                 0,                 0,                 0,                 0,                 0,                 1,                 1
        234,          49,      -6.976579981,      -5.218378095,      -4.549160093,      -1.519060415,      -1.525500032,      0.9329898399,     -0.4182584115,     -0.8747868744,                 0,                 0,                 0,    -0.01236952505,     -0.1442195785,     -0.9588497732,                 0,       2.091498581,       0.605131036,      -2.623882067,      -3.274974043,      -2.927183134,      -2.610707741,      -1.454888244,                 0,                 0,                 0,                 0,                 0,                 0,                 0,                 0,                 0,                 0,                 0,                 0,                 1,                 1
        235,          49,      -6.733685459,      -4.619885124,      -4.141053259,      -1.308509406,      -1.469467202,      0.9329898399,      -0.134406659,     -0.2670395113,                 0,                 0,                 0,      0.3826443234,     -0.0504589301,     -0.2946678587,                 0,       1.986802687,       0.562225864,      -2.390907893,      -2.682193293,      -2.515913136,      -2.411573691,      -1.409827044,                 0,                 0,                 0,                 0,                 0,                 0,                 0,                 0,                 0,                 0,                 0,                 0,                 1,                 1
        236,          49,      -6.787181548,      -4.685384896,      -4.152865233,      -1.322415865,      -1.387509653,      0.9329898399,    -0.02851066337,    -0.09932311373,                 0,                 0,                 0,      0.4646462521,    0.001774385109,     -0.1033188773,                 0,        3.48371809,      0.6417901175,      -2.454860774,      -2.746378924,      -2.520196124,      -2.437028925,       -1.33116764,                 0,                 0,                 0,                 0,                 0,                 0,                 0,                 0,                 0,                 0,                 0,                 0,                 1,                 1
        237,          49,      -6.662604821,      -4.731138967,      -4.354164743,      -1.219220973,      -1.294985786,      0.9329898399,    -0.02597474836,       -0.20724856,                 0,                 0,                 0,      0.3395558253,     0.03575383939,      -0.205787065,                 0,       7.978847652,      0.7542691395,      -2.338350454,      -2.789300289,      -2.710055278,      -2.342031694,      -1.224987641,                 0,                 0,                 0,                 0,                 0,                 0,                 0,                 0,                 0,                 0,                 0,                 0,                 1,                 1
        238,          49,      -6.660387681,      -4.584861695,      -4.148589513,      -1.209282266,      -1.213170368,      0.9329898399,     -0.1113438183,      -0.396268416,                 0,                 0,                 0,      0.1991221282,    0.009379049274,     -0.4115071528,                 0,       3.558961978,      0.9353929131,      -2.336043017,      -2.636547868,      -2.491134967,      -2.330975036,      -1.115356982,                 0,                 0,                 0,                 0,                 0,                 0,                 0,                 0,                 0,                 0,                 0,                 0,                 1,                 1
        239,          49,      -6.827731657,      -4.811703056,      -4.330616763,      -1.376722353,       -1.15980312,      0.9329898399,     -0.1030192203,     -0.4004436316,                 0,                 0,                 0,      0.1289012246,     0.01856061692,     -0.4130660544,                 0,       3.887076903,      0.9780171329,      -2.495617197,      -2.848613626,       -2.65795348,      -2.489302811,      -1.022944007,                 0,                 0,                 0,                 0,                 0,                 0,                 0,                 0,                 0,                 0,                 0,                 0,                 1,                 1
        240,          49,      -6.911951668,       -4.85646155,      -4.354569882,      -1.463087036,      -1.143984201,      0.9329898399,    0.007531885795,     -0.1686445975,                 0,                 0,                 0,      0.1109945331,     0.05650968667,     -0.1590735204,                 0,       -22.3907534,       1.075838588,      -2.569941933,      -2.868130729,      -2.665105462,      -2.565436764,     -0.9583239554,                 0,                 0,                 0,                 0,                 0,                 0,                 0,                 0,                 0,                 0,                 0,                 0,                 1,                 1
        241,          49,      -6.933443185,      -4.898549723,      -4.402894554,      -1.515596569,      -1.166026235,      0.9329898399,      0.2380887603,      0.3083169263,                 0,                 0,                 0,      0.1712024557,      0.1375422685,      0.3644553597,                 0,       1.294966322,        1.09608268,       -2.58199287,      -2.878609619,      -2.697012845,      -2.609065227,     -0.9270020572,                 0,                 0,                 0,                 0,                 0,                 0,                 0,                 0,                 0,                 0,                 0,                 0,                 1,                 1
        242,           8,      -7.645291715,      -5.115042864,      -5.161870517,      -2.178318443,      -1.220270325,      0.9329898399,      0.5017361792,      0.9797268019,                 0,                 0,                 0,      0.1980383898,      0.1933682991,       1.083610862,                 0,       1.952673223,       1.046982203,      -3.279883651,      -3.067353681,      -3.443805594,      -3.258262063,     -0.9317408358,                 0,                 0,                 0,                 0,                 0,                 0,                 0,                 0,                 0,                 0,                 0,                 0,                 1,                 1
        243,           8,      -7.748237343,      -5.101995223,      -5.169138515,      -2.253288003,      -1.288591633,      0.9329898399,      0.6993306044,       1.611219347,                 0,                 0,                 0,      0.2224865105,      0.1976982357,       1.745281206,                 0,        2.30394514,       1.123224923,      -3.359886022,      -3.040783339,      -3.445756513,      -3.310119236,      -0.968394615,                 0,                 0,                 0,                 0,                 0,                 0,                 0,                 0,                 0,                 0,                 0,                 0,                 1,                 1
        244,           8,      -7.741040736,      -5.065626636,      -5.151233438,      -2.242328493,      -1.310115115,      0.9329898399,      0.8621838646,       2.393418853,                 0,                 0,                 0,      0.2733439751,      0.1247425802,       2.540915998,                 0,       2.775995876,       1.205254281,      -3.325262885,      -3.007756631,       -3.42835089,      -3.271642813,     -0.9976869581,                 0,                 0,                 0,                 0,                 0,                 0,                 0,                 0,                 0,                 0,                 0,                 0,                 1,                 1
        245,           8,      -7.652467864,      -4.953094642,      -5.097628689,      -2.151445479,      -1.208300766,      0.9329898399,       1.104626367,       3.509815178,                 0,                 0,                 0,      0.4171180678,     0.03018880144,       3.679414442,                 0,       3.177377693,       1.247281174,      -3.214085476,      -2.913481672,      -3.378852932,      -3.159111902,     -0.9402514652,                 0,                 0,                 0,                 0,                 0,                 0,                 0,                 0,                 0,                 0,                 0,                 0,                 1,                 1
        246,          11,      -7.613484579,      -5.053195875,      -5.041653804,      -2.127581562,     -0.9415120534,      0.9329898399,       1.568316683,       4.913173772,                 0,                 0,                 0,      0.7081947379,     0.06331571115,       5.157022868,                 0,       3.132768928,       1.168390661,      -3.159922576,      -3.044565745,       -3.32979001,      -3.121368409,     -0.7383601218,                 0,                 0,                 0,                 0,                 0,                 0,                 0,                 0,                 0,                 0,                 0,                 0,                 1,                 1
        247,          49,      -6.698633547,        -4.7547525,      -4.180759222,      -1.230724278,     -0.5597757389,      0.9329898399,       2.098789379,       6.061999621,                 0,                 0,                 0,      0.9972815443,      0.2347251019,       6.410745696,                 0,       2.888331569,       1.324750011,      -2.231295482,      -2.786434752,      -2.478452099,      -2.210495137,      -0.431472836,                 0,                 0,                 0,                 0,                 0,                 0,                 0,                 0,                 0,                 0,                 0,                 0,                 1,                 1
        248,          49,      -6.643845945,      -4.553987884,       -4.00475422,      -1.164654971,     -0.2439982075,      0.9329898399,        2.59445117,       7.179525085,                 0,                 0,                 0,        1.39737159,      0.3819960044,       7.624358096,                 0,       2.767261596,       1.373716201,        -2.1600584,      -2.628271448,      -2.315791341,      -2.124938122,     -0.2288394854,                 0,                 0,                 0,                 0,                 0,                 0,                 0,                 0,                 0,                 0,                 0,                 0,                 1,                 1
        249,          49,      -6.630588397,       -4.74608156,      -4.242316564,      -1.142954298,      -0.111872555,      0.9329898399,       2.798411218,       7.609358859,                 0,                 0,                 0,       1.601729127,      0.4513727356,       8.095042325,                 0,       2.719171082,       1.191222542,      -2.134090238,      -2.852402988,      -2.570610578,      -2.083887805,     -0.2397098986,                 0,                 0,                 0,                 0,                 0,                 0,                 0,                 0,                 0,                 0,                 0,                 0,                 1,                 1
        250,          49,      -6.622494861,      -4.668129694,      -4.203678786,      -1.126831967,     -0.1046256498,      0.9329898399,       2.715385683,       7.280319483,                 0,                 0,                 0,       1.611505534,       0.468176825,       7.756106087,                 0,       2.681136432,       1.153226487,      -2.126826031,      -2.794883555,      -2.549918161,      -2.061899183,      -0.342023117,                 0,                 0,                 0,                 0,                 0,                 0,                 0,                 0,                 0,                 0,                 0,                 0,                 1,                 1
        251,          49,      -6.752222371,      -4.808046663,       -4.21110881,      -1.264960312,     -0.1848711164,      0.9329898399,       2.440715231,       6.477167387,                 0,                 0,                 0,       1.445369625,      0.4403271131,        6.90774205,                 0,       2.653798896,       1.166765813,      -2.266883552,      -2.951221214,      -2.570979862,      -2.208073265,     -0.4359120855,                 0,                 0,                 0,                 0,                 0,                 0,                 0,                 0,                 0,                 0,                 0,                 0,                 1,                 1
        252,          49,      -6.759158275,      -4.782157802,      -4.155489026,      -1.271958301,     -0.3491370456,      0.9329898399,        1.90281679,       4.944629642,                 0,                 0,                 0,       1.093263008,      0.3740029478,       5.284902632,                 0,       2.598584199,       1.108807348,      -2.278926096,      -2.934408371,      -2.522262112,      -2.221620331,     -0.5537383535,                 0,                 0,                 0,                 0,                 0,                 0,                 0,                 0,                 0,                 0,                 0,                 0,                 1,                 1
        253,          49,      -6.796769082,      -4.887718212,      -4.146269523,      -1.350492007,     -0.5689568327,      0.9329898399,       1.284211049,       3.289451741,                 0,                 0,                 0,      0.7012170894,      0.2663545212,       3.521185318,                 0,       2.561457279,      0.9603858176,      -2.321194728,      -3.032259763,      -2.515369783,      -2.309084059,     -0.7235068127,                 0,                 0,                 0,                 0,                 0,                 0,                 0,                 0,                 0,                 0,                 0,                 0,                 1,                 1
        254,          12,      -7.556440579,      -5.341562177,      -4.947010467,      -2.098095439,     -0.8088679541,      0.9329898399,      0.7045121681,       1.687593067,                 0,                 0,                 0,      0.2636994706,      0.1803238751,         1.8198327,                 0,       2.395406557,      0.8429638351,      -3.095177351,      -3.455777554,      -3.316653457,      -3.073850463,     -0.9325833834,                 0,                 0,                 0,                 0,                 0,                 0,                 0,                 0,                 0,                 0,                 0,                 0,                 1,                 1
        255,           8,      -7.718217578,      -5.074528267,      -5.127703809,      -2.246779892,      -1.031169275,      0.9329898399,      0.1712890226,      0.2281945432,                 0,                 0,                 0,    -0.06392392136,     0.09708687936,      0.2683035905,                 0,       1.332219308,      0.7531122379,       -3.27615745,       -3.14488139,      -3.498205223,      -3.243388472,      -1.111819449,                 0,                 0,                 0,                 0,                 0,                 0,                 0,                 0,                 0,                 0,                 0,                 0,                 1,                 1
        256,           8,      -7.786997668,      -5.103666279,      -5.174669253,      -2.313488349,      -1.231750482,      0.9329898399,     -0.2234663097,     -0.8600517273,                 0,                 0,                 0,     -0.3044388403,     0.03775289485,     -0.8878067831,                 0,       3.848686311,      0.6231917021,       -3.36770797,      -3.139020309,      -3.546766121,      -3.334443436,      -1.254844334,                 0,                 0,                 0,                 0,                 0,                 0,                 0,                 0,                 0,                 0,                 0,                 0,                 1,                 1
        257,           8,      -7.767043841,      -5.117587807,       -5.18293867,      -2.279605377,      -1.419215726,      0.9329898399,     -0.5165395341,      -1.602251363,                 0,                 0,                 0,     -0.4612867638,    -0.02551625082,      -1.683262142,                 0,       3.101894931,      0.5923572038,       -3.37388164,       -3.13938831,      -3.554335849,      -3.327371936,      -1.391410649,                 0,                 0,                 0,                 0,                 0,                 0,                 0,                 0,                 0,                 0,                 0,                 0,                 1,                 1
        258,           8,      -7.670853526,      -5.105263776,      -5.146394336,      -2.187245944,      -1.547755399,      0.9329898399,      -0.669247816,      -1.861556586,                 0,                 0,                 0,     -0.4272729602,    -0.09573839676,      -1.975884542,                 0,       2.781565426,      0.5633150102,       -3.29942284,      -3.133333163,      -3.515594358,      -3.256711011,      -1.488867901,                 0,                 0,                 0,                 0,                 0,                 0,                 0,                 0,                 0,                 0,                 0,                 0,                 1,                 1
        259,          49,      -7.018241005,      -4.995317798,      -4.425039546,      -1.558429095,      -1.550935566,      0.9329898399,     -0.5577341327,      -1.321198455,                 0,                 0,                 0,    -0.07749408791,      -0.147082759,      -1.426534046,                 0,       2.368867849,      0.6752700845,      -2.661969817,      -3.039190151,      -2.791531725,       -2.64344278,      -1.485530055,                 0,                 0,                 0,                 0,                 0,                 0,                 0,                 0,                 0,                 0,                 0,                 0,                 1,                 1
        260,          49,      -6.820667131,      -4.718034054,      -4.233361482,      -1.376804501,      -1.424082919,      0.9329898399,     -0.3831195759,     -0.7477083267,                 0,                 0,                 0,      0.3031387337,     -0.1477703144,     -0.8270503524,                 0,       1.951631746,      0.9734870694,      -2.477508494,      -2.778420014,      -2.592845141,      -2.476742041,      -1.361621025,                 0,                 0,                 0,                 0,                 0,                 0,                 0,                 0,                 0,                 0,                 0,                 0,                 1,                 1
        261,          49,      -6.738963991,      -4.629006013,       -4.10698857,      -1.271665494,      -1.272860131,      0.9329898399,     -0.3271568166,      -0.671653934,                 0,                 0,                 0,      0.3598270548,      -0.116489014,     -0.7379572476,                 0,       2.053003025,       1.372495531,      -2.406952028,       -2.70581293,      -2.454531857,      -2.384807426,      -1.209652243,                 0,                 0,                 0,                 0,                 0,                 0,                 0,                 0,                 0,                 0,                 0,                 0,                 1,                 1
        262,          49,      -6.632530023,      -4.379143582,      -4.011582874,      -1.154211297,      -1.151187559,      0.9329898399,     -0.2502245418,     -0.7846066049,                 0,                 0,                 0,       0.293918997,   -0.009894148795,     -0.8234816037,                 0,       3.135610117,       1.311226665,      -2.305061607,      -2.464476045,      -2.345782049,      -2.272843162,      -1.071750956,                 0,                 0,                 0,                 0,                 0,                 0,                 0,                 0,                 0,                 0,                 0,                 0,                 1,                 1
        263,          49,       -6.54280726,      -4.562615188,      -4.100261103,      -1.096326985,      -1.075047584,      0.9329898399,     -0.3341684181,      -1.093919205,                 0,                 0,                 0,     0.03681211827,    0.000264175389,      -1.143821529,                 0,       3.273556525,       1.253537103,      -2.211699206,      -2.642675302,      -2.420911753,      -2.211249892,     -0.9671763299,                 0,                 0,                 0,                 0,                 0,                 0,                 0,                 0,                 0,                 0,                 0,                 0,                 1,                 1
        264,          49,      -6.609947292,      -4.739511103,      -4.288310379,        -1.1630099,      -1.038503288,      0.9329898399,     -0.2940624188,      -1.090884227,                 0,                 0,                 0,    -0.03019808535,     0.03773039152,      -1.129193305,                 0,       3.709702966,       1.170551041,      -2.270806378,      -2.798962867,      -2.592760985,      -2.269916219,     -0.8912830066,                 0,                 0,                 0,                 0,                 0,                 0,                 0,                 0,                 0,                 0,                 0,                 0,                 1,                 1
        265,          49,      -6.766775034,      -4.573241463,      -4.128016916,      -1.289394329,      -1.061929525,      0.9329898399,      -0.129458048,     -0.6767634525,                 0,                 0,                 0,     0.02458179521,     0.07406513729,     -0.6850419785,                 0,       5.227666127,       1.102008496,      -2.419359906,      -2.598533193,      -2.411864822,       -2.38863003,     -0.8630849749,                 0,                 0,                 0,                 0,                 0,                 0,                 0,                 0,                 0,                 0,                 0,                 0,                 1,                 1
        266,          49,      -7.006199156,      -4.879018707,      -4.267857266,         -1.545644,      -1.075566387,      0.9329898399,     0.01936694658,     -0.2294880874,                 0,                 0,                 0,     0.02544083615,     0.08561652645,     -0.2137982022,                 0,       -11.8494718,       1.009174101,      -2.648427518,      -2.866055012,      -2.529226578,       -2.63502212,     -0.8133594661,                 0,                 0,                 0,                 0,                 0,                 0,                 0,                 0,                 0,                 0,                 0,                 0,                 1,                 1
        267,           8,      -7.628921215,      -5.081081201,      -5.131012975,      -2.166344105,      -1.172078462,      0.9329898399,      0.2388317567,       0.437745067,                 0,                 0,                 0,     0.07149223775,      0.1004116733,      0.4884453373,                 0,       1.832859554,      0.9062680729,      -3.253014795,      -3.037745409,      -3.372734608,      -3.237052129,     -0.8409872584,                 0,                 0,                 0,                 0,                 0,                 0,                 0,                 0,                 0,                 0,                 0,                 0,                 1,                 1
        268,           8,      -7.740377307,      -5.068363956,      -5.147249399,      -2.249696907,      -1.237345837,      0.9329898399,      0.3971949861,       1.016907159,                 0,                 0,                 0,     0.07617743669,     0.08252457478,       1.088601727,                 0,       2.560221539,      0.9334798842,      -3.338194022,      -3.007611543,      -3.374518558,      -3.292781137,     -0.8427532866,                 0,                 0,                 0,                 0,                 0,                 0,                 0,                 0,                 0,                 0,                 0,                 0,                 1,                 1
        269,           8,      -7.733990958,      -5.054245316,      -5.131799996,      -2.240798633,      -1.332380982,      0.9329898399,      0.4954146862,       1.654219319,                 0,                 0,                 0,     0.08160084145,   -0.009879501604,       1.726783038,                 0,       3.339059912,      0.8233395219,      -3.305600985,      -2.988363977,      -3.348755267,      -3.256972849,      -0.911264797,                 0,                 0,                 0,                 0,                 0,                 0,                 0,                 0,                 0,                 0,                 0,                 0,                 1,                 1
        270,           8,      -7.713823721,      -5.015386634,      -5.134584168,      -2.216820289,      -1.332617771,      0.9329898399,      0.6201483661,        2.67742148,                 0,                 0,                 0,      0.2043842973,     -0.1897514505,        2.74174473,                 0,        4.31738859,      0.5390299544,      -3.266353067,      -2.957380614,      -3.345990632,      -3.215052765,     -0.9469510582,                 0,                 0,                 0,                 0,                 0,                 0,                 0,                 0,                 0,                 0,                 0,                 0,                 1,                 1
        271,          10,      -7.595782114,      -5.071380166,      -4.993547127,      -2.114561445,      -1.042956448,      0.9329898399,      0.8245403494,       4.086059417,                 0,                 0,                 0,      0.4394390725,     -0.4061362998,       4.148590322,                 0,       4.955560295,       1.041349328,      -3.132821644,      -3.035518682,        -3.2080644,      -3.099467008,     -0.7291088354,                 0,                 0,                 0,                 0,                 0,                 0,                 0,                 0,                 0,                 0,                 0,                 0,                 1,                 1
        272,          49,      -6.754991883,      -4.764075446,      -4.123718901,      -1.298455926,     -0.5866274151,      0.9329898399,       1.175017962,       5.558628879,                 0,                 0,                 0,      0.7570143103,     -0.5015105361,       5.659285238,                 0,       4.730675666,       1.209963373,      -2.273044865,      -2.762923548,      -2.351473671,      -2.265635276,     -0.3629264795,                 0,                 0,                 0,                 0,                 0,                 0,                 0,                 0,                 0,                 0,                 0,                 0,                 1,                 1
        273,          49,      -6.796333645,      -4.869672675,      -4.164274848,       -1.32581852,     -0.2078937268,      0.9329898399,       1.575805921,       6.864575243,                 0,                 0,                 0,       1.102385627,      -0.500056869,       7.025347016,                 0,       4.356231405,       1.155864443,      -2.292328429,      -2.908461583,      -2.411549087,      -2.270237503,     -0.1080020885,                 0,                 0,                 0,                 0,                 0,                 0,                 0,                 0,                 0,                 0,                 0,                 0,                 1,                 1
        274,          49,      -6.598734653,       -4.77287301,      -4.211274222,      -1.118251012,    0.003910249857,      0.9329898399,       1.823322671,       7.474446674,                 0,                 0,                 0,        1.31821223,     -0.4416645738,        7.68093686,                 0,       4.099354871,       1.151835398,        -2.0801337,      -2.844918524,      -2.481156888,      -2.045135876,     -0.0610299964,                 0,                 0,                 0,                 0,                 0,                 0,                 0,                 0,                 0,                 0,                 0,                 0,                 1,                 1
        275,          49,      -6.628213559,      -4.693915751,       -4.06693115,      -1.149543028,     0.07037565771,      0.9329898399,       1.871186202,       7.509052486,                 0,                 0,                 0,       1.476476213,     -0.4060102119,       7.728024505,                 0,       4.012990518,       1.150341048,      -2.113730204,      -2.785178301,      -2.360563065,      -2.075519508,     -0.1295824221,                 0,                 0,                 0,                 0,                 0,                 0,                 0,                 0,                 0,                 0,                 0,                 0,                 1,                 1
        276,          49,      -6.686336142,       -4.73422663,      -4.086754417,      -1.191476179,     0.02807302233,      0.9329898399,       1.697237994,       6.659330363,                 0,                 0,                 0,       1.372296515,     -0.3239230052,       6.864573663,                 0,       3.923627911,       1.092881504,       -2.18876763,       -2.83481386,      -2.401871867,        -2.1308675,     -0.2192278873,                 0,                 0,                 0,                 0,                 0,                 0,                 0,                 0,                 0,                 0,                 0,                 0,                 1,                 1
        277,          49,       -6.76602405,      -4.793157912,       -4.12014757,      -1.289663272,     -0.1009889382,      0.9329898399,       1.394381845,       5.319612221,                 0,                 0,                 0,       1.134945439,     -0.2218501041,       5.494848264,                 0,        3.81503262,       1.026421127,       -2.27997645,      -2.898680922,      -2.451263687,      -2.241615205,     -0.3132285687,                 0,                 0,                 0,                 0,                 0,                 0,                 0,                 0,                 0,                 0,                 0,                 0,                 1,                 1
        278,          49,      -6.824163212,      -4.588088135,      -4.185188678,      -1.343033052,     -0.3014924201,      0.9329898399,      0.9651200878,       3.402449477,                 0,                 0,                 0,       0.662564537,    -0.07183102376,       3.535952422,                 0,       3.525415666,      0.9279963707,      -2.341246586,      -2.690719134,      -2.527276542,      -2.301271466,     -0.4435576966,                 0,                 0,                 0,                 0,                 0,                 0,                 0,                 0,                 0,                 0,                 0,                 0,                 1,                 1
        279,          12,      -7.614449113,      -5.372657645,      -5.010045658,      -2.165310885,     -0.5536312929,      0.9329898399,      0.5276822828,       1.627210966,                 0,                 0,                 0,      0.2598939469,     0.02887463268,       1.710388954,                 0,       3.083694524,      0.8120700889,      -3.137667077,      -3.463421179,      -3.358432265,      -3.130695338,     -0.6319050311,                 0,                 0,                 0,                 0,                 0,                 0,                 0,                 0,                 0,                 0,                 0,                 0,                 1,                 1
        280,           8,      -7.700583827,      -5.042317434,      -5.099905657,      -2.228065212,     -0.8103132697,      0.9329898399,      0.1250696712,    -0.02807393738,                 0,                 0,                 0,     -0.1061671987,      0.1278127463,    0.009719593133,                 0,     -0.2244663884,      0.7292827514,      -3.241202368,      -3.115295476,      -3.451588018,      -3.210679927,     -0.8327507753,                 0,                 0,                 0,                 0,                 0,                 0,                 0,                 0,                 0,                 0,                 0,                 0,                 1,                 1
        281,           8,      -7.749516506,      -5.092132412,      -5.150460554,      -2.272521857,      -0.990764481,      0.9329898399,     -0.1833853255,      -1.297201414,                 0,                 0,                 0,     -0.3764940635,      0.2038927297,      -1.294136562,                 0,       7.073638035,      0.6443551167,      -3.316359589,        -3.1463096,      -3.504207668,      -3.282507483,     -0.9578507086,                 0,                 0,                 0,                 0,                 0,                 0,                 0,                 0,                 0,                 0,                 0,                 0,                 1,                 1
        282,           8,      -7.763311633,      -5.134349845,       -5.16275043,      -2.277839749,     -0.9975801665,      0.9329898399,     -0.4344330714,      -2.175252728,                 0,                 0,                 0,     -0.5368301876,       0.220531936,      -2.207220467,                 0,       5.007106667,      0.5863064904,        -3.3557493,      -3.173177779,      -3.516938205,      -3.314824545,     -0.9155911421,                 0,                 0,                 0,                 0,                 0,                 0,                 0,                 0,                 0,                 0,                 0,                 0,                 1,                 1
        283,           8,      -7.683196743,      -5.094720898,      -5.122597312,      -2.199144158,     -0.8896094655,      0.9329898399,     -0.6411059858,      -2.607516216,                 0,                 0,                 0,     -0.5250073454,      0.1492712579,      -2.681021409,                 0,       4.067215521,      0.6132692326,      -3.296250845,      -3.125613053,      -3.474188063,      -3.257959915,     -0.7734940753,                 0,                 0,                 0,                 0,                 0,                 0,                 0,                 0,                 0,                 0,                 0,                 0,                 1,                 1
        284,          49,      -6.808458029,      -5.156487916,      -4.529003886,      -1.349422349,     -0.7879436485,      0.9329898399,     -0.7406518952,      -2.442471421,                 0,                 0,                 0,     -0.2808810219,    0.005820603392,      -2.552292694,                 0,       3.297731954,       1.021228131,      -2.437713447,      -3.190621593,      -2.873442839,      -2.425108816,     -0.6567516516,                 0,                 0,                 0,                 0,                 0,                 0,                 0,                 0,                 0,                 0,                 0,                 0,                 1,                 1
        285,          49,      -6.869568199,      -5.025436554,      -4.570720923,      -1.403252312,     -0.7251666354,      0.9329898399,     -0.7631910409,      -2.236489374,                 0,                 0,                 0,    -0.07677338733,    -0.07595701115,      -2.361900891,                 0,       2.930445006,       1.509657828,      -2.511917524,      -3.070082055,      -2.905004033,      -2.492266351,      -0.591044985,                 0,                 0,                 0,                 0,                 0,                 0,                 0,                 0,                 0,                 0,                 0,                 0,                 1,                 1
        286,          49,      -6.680333833,      -4.809271654,      -4.399487487,      -1.216397552,     -0.7013268334,      0.9329898399,     -0.6808169418,      -2.166160019,                 0,                 0,                 0,    0.006272448599,    -0.01774458185,      -2.270560738,                 0,       3.181706985,       1.507262913,      -2.331981321,      -2.861217706,       -2.72349441,      -2.314743256,     -0.5667238087,                 0,                 0,                 0,                 0,                 0,                 0,                 0,                 0,                 0,                 0,                 0,                 0,                 1,                 1
        287,          49,      -6.640590777,      -4.599512478,      -4.130900374,      -1.183095683,     -0.7117867117,      0.9329898399,     -0.6871099513,      -2.586768959,                 0,                 0,                 0,     -0.1952612166,     0.09921153596,      -2.674630966,                 0,       3.764708915,       1.461033039,      -2.296637416,      -2.649633146,      -2.443995225,      -2.286140815,     -0.5656331683,                 0,                 0,                 0,                 0,                 0,                 0,                 0,                 0,                 0,                 0,                 0,                 0,                 1,                 1
        288,          49,       -6.67499176,      -4.626649973,      -4.137385401,      -1.218030044,     -0.7520688141,      0.9329898399,     -0.6682907302,      -2.858371336,                 0,                 0,                 0,     -0.3905933053,      0.1966172965,      -2.928863403,                 0,       4.277137489,       1.444779855,      -2.330148668,      -2.666354251,      -2.436247941,      -2.320876191,     -0.5797751023,                 0,                 0,                 0,                 0,                 0,                 0,                 0,                 0,                 0,                 0,                 0,                 0,                 1,                 1
        289,          49,      -6.756793439,      -4.899898404,      -4.419235353,      -1.303327029,     -0.8170346361,      0.9329898399,     -0.5321592549,      -2.569565092,                 0,                 0,                 0,     -0.4042134278,      0.2423617001,      -2.612875627,                 0,       4.828564135,        1.19378867,      -2.405769584,      -2.921797176,      -2.697335689,      -2.401085063,     -0.6052083889,                 0,                 0,                 0,                 0,                 0,                 0,                 0,                 0,                 0,                 0,                 0,                 0,                 1,                 1
        290,          49,      -6.832780445,      -4.900732015,      -4.416495861,      -1.384408796,     -0.9014146787,      0.9329898399,     -0.3270608974,      -1.985579056,                 0,                 0,                 0,     -0.3188606771,      0.2677572416,      -1.994442046,                 0,       6.070976601,        1.02225039,      -2.470350023,      -2.899849444,       -2.66773122,      -2.472107074,     -0.6388239216,                 0,                 0,                 0,                 0,                 0,                 0,                 0,                 0,                 0,                 0,                 0,                 0,                 1,                 1
        291,          49,          -6.84776,      -4.928709429,      -4.407594145,      -1.414254428,      -1.007136859,      0.9329898399,    -0.05051658642,     -0.9283081002,                 0,                 0,                 0,     -0.1397372902,      0.2231017699,     -0.9025150717,                 0,       18.37630303,      0.9170069518,      -2.468250891,      -2.903335702,       -2.63106673,      -2.485510278,     -0.6855970021,                 0,                 0,                 0,                 0,                 0,                 0,                 0,                 0,                 0,                 0,                 0,                 0,                 1,                 1
        292,           9,       -7.81778359,       -5.20559009,      -5.221134325,      -2.354042556,      -1.126081218,      0.9329898399,      0.1871436435,     0.06969711556,                 0,                 0,                 0,     0.02407960816,      0.1585888918,      0.1213671892,                 0,      0.3724257701,      0.6446169281,       -3.41579356,      -3.159308844,       -3.42094583,      -3.402656206,     -0.7380068653,                 0,                 0,                 0,                 0,                 0,                 0,                 0,                 0,                 0,                 0,                 0,                 0,                 1,                 1
        293,           8,      -7.773068019,      -5.067914524,      -5.149757872,       -2.28907684,      -1.233378894,      0.9329898399,       0.356867206,      0.9612154465,                 0,                 0,                 0,      0.1197229627,     0.06024160765,       1.023552776,                 0,       2.693482142,      0.5586271518,      -3.347416291,      -3.007279709,      -3.329857062,      -3.313889994,     -0.7843698654,                 0,                 0,                 0,                 0,                 0,                 0,                 0,                 0,                 0,                 0,                 0,                 0,                 1,                 1
        294,           8,      -7.766547382,      -5.069265227,      -5.147680806,      -2.280272937,      -1.303076578,      0.9329898399,      0.4322564963,       1.747448335,                 0,                 0,                 0,      0.1657376433,    -0.09753550525,       1.797472722,                 0,       4.042619022,       0.394027842,      -3.322781495,      -3.004367944,      -3.310553078,      -3.287825833,     -0.8297337878,                 0,                 0,                 0,                 0,                 0,                 0,                 0,                 0,                 0,                 0,                 0,                 0,                 1,                 1
        295,           8,      -7.710648608,      -5.029164816,      -5.101679939,      -2.225161473,      -1.274219966,      0.9329898399,      0.4501850885,        2.73971312,                 0,                 0,                 0,      0.2694932281,     -0.3705004541,       2.751622068,                 0,       6.085748262,      0.3215519328,      -3.253988756,      -2.975007748,      -3.253389163,      -3.221422513,     -0.8403745545,                 0,                 0,                 0,                 0,                 0,                 0,                 0,                 0,                 0,                 0,                 0,                 0,                 1,                 1
        296,          10,      -7.648683904,      -5.050417735,      -5.111704097,      -2.174611987,      -0.981355754,      0.9329898399,      0.4211484833,       3.907196697,                 0,                 0,                 0,      0.3832088326,     -0.7396074614,       3.859602684,                 0,       9.277480157,      0.4769565375,       -3.17691655,      -3.021640733,      -3.265401158,      -3.157090338,     -0.6219355154,                 0,                 0,                 0,                 0,                 0,                 0,                 0,                 0,                 0,                 0,                 0,                 0,                 1,                 1
        297,          49,      -6.768696929,      -4.731376677,      -4.093698308,      -1.300868416,     -0.5604757639,      0.9329898399,      0.4564117725,       5.005077465,                 0,                 0,                 0,      0.4799590121,      -1.026874282,       4.919821272,                 0,       10.96614454,       1.171156837,      -2.276465947,      -2.735841551,      -2.264785149,      -2.263792789,     -0.2838740296,                 0,                 0,                 0,                 0,                 0,                 0,                 0,                 0,                 0,                 0,                 0,                 0,                 1,                 1
        298,          49,      -6.738395423,      -4.757912271,      -4.325324028,      -1.256919576,     -0.2356229059,      0.9329898399,      0.7071391283,       6.305021613,                 0,                 0,                 0,      0.7601518031,      -1.167169406,       6.236269628,                 0,       8.916239197,        1.14174906,      -2.227369838,      -2.797000897,      -2.524460054,       -2.20226217,     -0.0608162056,                 0,                 0,                 0,                 0,                 0,                 0,                 0,                 0,                 0,                 0,                 0,                 0,                 1,                 1
        299,          49,      -6.623969541,      -4.573197129,      -4.211944716,      -1.145528299,    -0.04606311467,      0.9329898399,      0.9600697726,       7.100102803,                 0,                 0,                 0,       1.100798394,      -1.157749871,       7.070559314,                 0,       7.395402923,       1.170624455,      -2.107126453,      -2.643726364,      -2.445342497,      -2.086237772,     -0.0065160825,                 0,                 0,                 0,                 0,                 0,                 0,                 0,                 0,                 0,                 0,                 0,                 0,                 1,                 1
        300,          49,      -6.611436514,      -4.708668182,      -4.237296503,      -1.123938198,     0.03945128065,      0.9329898399,       1.131163789,       7.367253782,                 0,                 0,                 0,       1.260429319,      -1.072239236,       7.376060115,                 0,       6.512985878,       1.102606251,      -2.104409073,      -2.803559212,      -2.507485279,      -2.073414639,    -0.03249010311,                 0,                 0,                 0,                 0,                 0,                 0,                 0,                 0,                 0,                 0,                 0,                 0,                 1,                 1
        301,          49,      -6.694660625,      -4.609623719,       -4.12678417,      -1.215035837,     0.03667593198,      0.9329898399,       1.122867293,       6.790146385,                 0,                 0,                 0,       1.273929305,     -0.9114433413,       6.821743906,                 0,       6.047149496,       1.034621793,       -2.20120012,      -2.719561766,      -2.429832888,      -2.176254207,     -0.0832266649,                 0,                 0,                 0,                 0,                 0,                 0,                 0,                 0,                 0,                 0,                 0,                 0,                 1,                 1
        302,          49,      -6.777759106,      -4.712029589,      -4.155695896,      -1.296132161,    -0.04545107466,      0.9329898399,       0.968572521,       5.510509016,                 0,                 0,                 0,       1.162819035,     -0.6848664066,       5.552909179,                 0,       5.689309676,      0.9681362174,      -2.290458966,      -2.827596568,      -2.483952503,      -2.262846449,     -0.1482667227,                 0,                 0,                 0,                 0,                 0,                 0,                 0,                 0,                 0,                 0,                 0,                 0,                 1,                 1
        303,          49,      -6.735994697,      -4.769859038,      -4.250105815,      -1.289642096,     -0.1978349066,      0.9329898399,      0.7126230588,       3.599273915,                 0,                 0,                 0,      0.7501572371,       -0.37084103,       3.650353581,                 0,       5.050740178,      0.9106836205,      -2.248298108,      -2.885148036,      -2.593995563,      -2.254564692,     -0.2329059884,                 0,                 0,                 0,                 0,                 0,                 0,                 0,                 0,                 0,                 0,                 0,                 0,                 1,                 1
        304,          13,      -7.578996874,      -5.404396166,      -5.099799995,      -2.131143424,     -0.4052105875,      0.9329898399,       0.464120293,       1.736756279,                 0,                 0,                 0,      0.3153634057,    -0.06393795046,       1.796563931,                 0,        3.74203909,      0.7697663821,      -3.095559671,      -3.513409949,      -3.450302428,      -3.098120132,     -0.3316473418,                 0,                 0,                 0,                 0,                 0,                 0,                 0,                 0,                 0,                 0,                 0,                 0,                 1,                 1
        305,           9,      -7.902262029,      -5.184943778,      -5.279188956,      -2.427889506,     -0.6395683378,      0.9329898399,      0.2001995764,     -0.1431432863,                 0,                 0,                 0,    -0.09917462799,      0.2333028536,      -0.078355914,                 0,     -0.7150029428,      0.6702719534,      -3.436683379,      -3.276279185,      -3.631301083,      -3.411554741,     -0.4432424572,                 0,                 0,                 0,                 0,                 0,                 0,                 0,                 0,                 0,                 0,                 0,                 0,                 1,                 1
        306,           8,      -7.742364846,      -5.029386631,      -5.121265454,      -2.264924351,     -0.8482698268,      0.9329898399,   -0.000418521088,      -1.559878446,                 0,                 0,                 0,     -0.3679547796,      0.4556640869,      -1.491841541,                 0,       3727.120308,      0.5614583424,      -3.298925944,      -3.093277882,      -3.472270264,      -3.271452159,     -0.5584167858,                 0,                 0,                 0,                 0,                 0,                 0,                 0,                 0,                 0,                 0,                 0,                 0,                 1,                 1
        307,           8,      -7.751189708,      -5.037864678,      -5.119603877,      -2.267544964,     -0.9323120161,      0.9329898399,     -0.1608131372,      -2.346099291,                 0,                 0,                 0,     -0.4188615002,      0.5321466813,      -2.290603121,                 0,       14.58897782,      0.4786851207,       -3.32470781,      -3.070664762,       -3.46765986,      -3.293487922,     -0.5916829436,                 0,                 0,                 0,                 0,                 0,                 0,                 0,                 0,                 0,                 0,                 0,                 0,                 1,                 1
        308,           8,      -7.670060285,       -5.01822253,      -5.088791114,      -2.193211387,      -0.893397095,      0.9329898399,     -0.3337932123,      -2.600732787,                 0,                 0,                 0,     -0.2944629256,      0.4411726419,      -2.584684823,                 0,       7.791448989,      0.2500847875,       -3.25790702,      -3.030229444,      -3.433644713,      -3.234856113,     -0.5379260317,                 0,                 0,                 0,                 0,                 0,                 0,                 0,                 0,                 0,                 0,                 0,                 0,                 1,                 1
        309,          49,      -6.939686648,      -5.028069501,      -4.393675928,      -1.476378653,     -0.8390863437,      0.9329898399,     -0.4711418834,      -2.383782396,                 0,                 0,                 0,    -0.05872122499,      0.2463952989,      -2.417370998,                 0,       5.059584978,      0.6158784067,      -2.543587846,      -3.034549608,      -2.734682551,      -2.533075059,     -0.4953603695,                 0,                 0,                 0,                 0,                 0,                 0,                 0,                 0,                 0,                 0,                 0,                 0,                 1,                 1
        310,          49,      -6.851272029,      -4.844746787,      -4.409801456,      -1.388611266,     -0.8033551765,      0.9329898399,     -0.5598427172,      -2.432813822,                 0,                 0,                 0,     0.05072766341,      0.1759056714,      -2.490193598,                 0,       4.345530892,       1.142338579,      -2.469644665,       -2.85441408,      -2.744769967,      -2.457986085,     -0.4735267717,                 0,                 0,                 0,                 0,                 0,                 0,                 0,                 0,                 0,                 0,                 0,                 0,                 1,                 1
        311,          49,      -6.774833052,      -4.729547265,      -4.187733728,      -1.302560609,     -0.7847791949,      0.9329898399,     -0.5715106301,      -2.611160574,                 0,                 0,                 0,   -0.008067214429,      0.2168911346,      -2.664158812,                 0,       4.568874901,       1.367841557,      -2.401716105,      -2.743574176,      -2.514263869,      -2.379350508,     -0.4618902223,                 0,                 0,                 0,                 0,                 0,                 0,                 0,                 0,                 0,                 0,                 0,                 0,                 1,                 1
        312,          49,      -6.767401167,      -4.697091975,      -4.219977266,      -1.301848607,      -0.787041284,      0.9329898399,     -0.5464116403,      -2.726979344,                 0,                 0,                 0,     -0.1518845192,      0.2747555492,      -2.767578619,                 0,       4.990705071,       1.327190091,      -2.396846769,      -2.710771362,      -2.536017253,      -2.380927726,     -0.4589601733,                 0,                 0,                 0,                 0,                 0,                 0,                 0,                 0,                 0,                 0,                 0,                 0,                 1,                 1
        313,          49,      -6.644228951,      -4.744011514,      -4.215312469,        -1.1789544,     -0.8125830424,      0.9329898399,      -0.527770744,       -3.04766754,                 0,                 0,                 0,     -0.2965394488,      0.3863420816,      -3.068804195,                 0,        5.77460493,       1.218191117,      -2.271401374,      -2.752504841,      -2.517188903,      -2.256522887,     -0.4645715877,                 0,                 0,                 0,                 0,                 0,                 0,                 0,                 0,                 0,                 0,                 0,                 0,                 1,                 1
        314,          49,      -6.780054079,      -4.714184913,      -4.228341087,      -1.324120997,     -0.8616165192,      0.9329898399,     -0.4596427247,      -2.766212465,                 0,                 0,                 0,     -0.4006288572,      0.3692037302,      -2.779728663,                 0,        6.01817959,       1.110728882,      -2.399136414,      -2.711356168,      -2.509185671,      -2.395180663,     -0.4807464474,                 0,                 0,                 0,                 0,                 0,                 0,                 0,                 0,                 0,                 0,                 0,                 0,                 1,                 1
        315,          49,      -6.669342804,      -4.623942281,      -4.099656527,      -1.228021604,     -0.9321825548,      0.9329898399,     -0.2921078771,      -2.021565071,                 0,                 0,                 0,     -0.3156280686,       0.311704274,       -2.01863637,                 0,       6.920611287,       1.140204212,      -2.274277432,       -2.60467484,      -2.353277627,      -2.286497496,      -0.509812753,                 0,                 0,                 0,                 0,                 0,                 0,                 0,                 0,                 0,                 0,                 0,                 0,                 1,                 1
        316,          49,        -6.9082851,      -4.926249634,      -4.396935581,      -1.461714011,      -1.019300538,      0.9329898399,      -0.113286195,       -1.26911414,                 0,                 0,                 0,     -0.2242506616,      0.2627169376,      -1.246781566,                 0,       11.20272545,      0.9024146469,      -2.495172312,      -2.889459582,      -2.622760359,      -2.502825029,     -0.5467981961,                 0,                 0,                 0,                 0,                 0,                 0,                 0,                 0,                 0,                 0,                 0,                 0,                 1,                 1
        317,           9,      -7.833651858,      -5.148624748,      -5.201471515,      -2.366774964,      -1.085541018,      0.9329898399,     0.06191212179,     -0.3696588441,                 0,                 0,                 0,     -0.1369651991,      0.1672846429,     -0.3354051581,                 0,      -5.970702238,       0.695146823,      -3.400431097,      -3.098417924,      -3.403879566,      -3.387754427,     -0.5576523006,                 0,                 0,                 0,                 0,                 0,                 0,                 0,                 0,                 0,                 0,                 0,                 0,                 1,                 1
        318,           8,      -7.756051551,      -5.008055113,      -5.084640988,      -2.275395329,      -1.063732372,      0.9329898399,      0.1917349926,       0.314299966,                 0,                 0,                 0,     -0.1128763358,     0.09146466846,       0.356624439,                 0,       1.639241548,      0.6476844521,      -3.303714764,      -2.952545256,      -3.268900281,      -3.277422409,     -0.4997587211,                 0,                 0,                 0,                 0,                 0,                 0,                 0,                 0,                 0,                 0,                 0,                 0,                 1,                 1
        319,           8,      -7.744193974,      -5.022069824,      -5.087583416,      -2.259515671,     -0.9956356989,      0.9329898399,      0.2927038047,       1.042599529,                 0,                 0,                 0,    -0.05036343331,      -0.024912561,       1.082621198,                 0,       3.561960972,      0.4033050925,      -3.277468232,      -2.971917953,      -3.259044225,      -3.247788029,     -0.4513739966,                 0,                 0,                 0,                 0,                 0,                 0,                 0,                 0,                 0,                 0,                 0,                 0,                 1,                 1
        320,           9,      -7.886087393,      -5.142638735,      -5.259899651,      -2.406838546,      -0.915210841,      0.9329898399,      0.3852504115,       2.190673299,                 0,                 0,                 0,       0.173163989,     -0.2720740863,       2.207587614,                 0,       5.686361997,      0.1779096781,      -3.407553519,      -3.109733289,       -3.42751227,      -3.384072333,     -0.4401778175,                 0,                 0,                 0,                 0,                 0,                 0,                 0,                 0,                 0,                 0,                 0,                 0,                 1,                 1
        321,          10,      -7.682123235,      -5.124281161,      -5.231955509,      -2.205116562,     -0.8451732244,      0.9329898399,      0.4212346154,        3.66881605,                 0,                 0,                 0,      0.4205999461,     -0.6698293368,        3.63166332,                 0,       8.709673697,      0.2611291648,      -3.188195422,      -3.118526272,      -3.409793439,      -3.168128628,     -0.4375599726,                 0,                 0,                 0,                 0,                 0,                 0,                 0,                 0,                 0,                 0,                 0,                 0,                 1,                 1
        322,          49,      -6.857556241,      -4.896718003,      -4.341104333,      -1.366475317,     -0.6539996377,      0.9329898399,      0.4282668921,       4.958952886,                 0,                 0,                 0,       0.518689242,      -1.040303843,       4.867483351,                 0,       11.57911802,       1.102253011,      -2.345583801,      -2.923265064,      -2.543222621,      -2.313815717,     -0.3052578406,                 0,                 0,                 0,                 0,                 0,                 0,                 0,                 0,                 0,                 0,                 0,                 0,                 1,                 1
        323,          49,       -6.62063078,      -4.532458368,       -4.00868114,      -1.138879487,     -0.3752494533,      0.9329898399,      0.6213596954,       6.349825345,                 0,                 0,                 0,       0.776631631,      -1.262300029,       6.254036171,                 0,        10.2192424,        1.22745595,      -2.096605738,      -2.593212876,      -2.244701856,       -2.07727943,    -0.09486247844,                 0,                 0,                 0,                 0,                 0,                 0,                 0,                 0,                 0,                 0,                 0,                 0,                 1,                 1
        324,          49,       -6.74335393,      -4.738441535,      -4.172245696,      -1.252453122,     -0.1398779934,      0.9329898399,      0.8703620208,       7.245344535,                 0,                 0,                 0,       1.093398617,      -1.286002393,       7.183226665,                 0,        8.32451826,       1.156665504,      -2.219123804,      -2.835345167,      -2.446785968,      -2.192917264,  -4.832699136e-05,                 0,                 0,                 0,                 0,                 0,                 0,                 0,                 0,                 0,                 0,                 0,                 0,                 1,                 1
        325,          49,      -6.619535721,      -4.649665993,      -4.160431023,      -1.159325915,    -0.00918558156,      0.9329898399,       1.073835919,       7.436438682,                 0,                 0,                 0,       1.260648741,      -1.147289858,       7.425460917,                 0,       6.925116349,       1.144653653,      -2.102096885,      -2.780255839,      -2.472602033,      -2.107079978,    -0.03813638988,                 0,                 0,                 0,                 0,                 0,                 0,                 0,                 0,                 0,                 0,                 0,                 0,                 1,                 1
        326,          49,      -6.742937832,      -4.716121227,      -4.130397833,      -1.243180273,     0.06578693822,      0.9329898399,       1.126981984,       6.948579057,                 0,                 0,                 0,       1.312564084,     -0.9538296728,       6.974456843,                 0,       6.165652295,       1.077607749,      -2.230527094,      -2.869966525,       -2.47349258,      -2.192293815,    -0.04052768827,                 0,                 0,                 0,                 0,                 0,                 0,                 0,                 0,                 0,                 0,                 0,                 0,                 1,                 1
        327,          49,      -6.743449735,      -4.721384831,      -4.174321005,      -1.266233832,     0.02791810884,      0.9329898399,       1.038532804,       5.809631156,                 0,                 0,                 0,       1.149269068,     -0.7054179056,       5.859415511,                 0,       5.594075734,      0.9695957215,      -2.230906465,      -2.884357553,      -2.534008344,       -2.20915074,    -0.06770860394,                 0,                 0,                 0,                 0,                 0,                 0,                 0,                 0,                 0,                 0,                 0,                 0,                 1,                 1
        328,          49,      -6.994743914,        -4.8854835,      -4.267989952,      -1.526490937,    -0.09634396764,      0.9329898399,      0.8199579421,       4.040227119,                 0,                 0,                 0,      0.8180342326,     -0.3971184106,       4.103420911,                 0,       4.927358968,      0.8911161512,       -2.48291535,      -3.047318654,      -2.629523599,      -2.467521383,     -0.1507653823,                 0,                 0,                 0,                 0,                 0,                 0,                 0,                 0,                 0,                 0,                 0,                 0,                 1,                 1
        329,          18,      -7.569700403,      -5.492736955,      -5.147840676,      -2.124581987,     -0.2927951616,      0.9329898399,      0.5350627701,       2.099062627,                 0,                 0,                 0,      0.4132326367,     -0.1020234468,       2.163780787,                 0,       3.923021268,      0.7726711395,      -3.067508291,      -3.643736542,      -3.504209348,      -3.077735527,      -0.236770275,                 0,                 0,                 0,                 0,                 0,                 0,                 0,                 0,                 0,                 0,                 0,                 0,                 1,                 1
        330,           9,      -7.894989165,      -5.193377695,       -5.27969819,      -2.422571271,     -0.5323976849,      0.9329898399,      0.2271032664,      0.1996220254,                 0,                 0,                 0,    -0.01421712069,      0.1588161019,      0.2572980615,                 0,       0.878992313,      0.6891090884,      -3.409835457,      -3.320191446,      -3.632563318,       -3.39619549,      -0.324686749,                 0,                 0,                 0,                 0,                 0,                 0,                 0,                 0,                 0,                 0,                 0,                 0,                 1,                 1
        331,           8,      -7.777111476,      -5.068147344,      -5.152172649,      -2.298517861,     -0.7740781845,      0.9329898399,    -0.02924479046,      -1.253333199,                 0,                 0,                 0,     -0.3130873355,      0.3384722318,      -1.207118848,                 0,        42.8566312,      0.5922077416,      -3.308100184,      -3.162285032,      -3.506001093,      -3.290150135,     -0.4313662731,                 0,                 0,                 0,                 0,                 0,                 0,                 0,                 0,                 0,                 0,                 0,                 0,                 1,                 1
        332,           8,      -7.799356029,      -5.082161104,      -5.163955917,      -2.309013018,     -0.9574400172,      0.9329898399,     -0.2347626037,      -2.141657563,                 0,                 0,                 0,     -0.4277550335,      0.4016554782,      -2.116715256,                 0,       9.122652113,      0.5619219581,      -3.344851448,      -3.139445474,      -3.518151127,      -3.314002527,      -0.543984427,                 0,                 0,                 0,                 0,                 0,                 0,                 0,                 0,                 0,                 0,                 0,                 0,                 1,                 1
        333,           8,      -7.707467564,      -5.051732022,      -5.121473296,      -2.228582033,     -0.9983564059,      0.9329898399,     -0.4311724973,      -2.546705778,                 0,                 0,                 0,     -0.3842751576,      0.3322524001,      -2.561489486,                 0,       5.906466193,      0.4739511312,      -3.268154541,      -3.074413938,      -3.472160068,      -3.245161265,     -0.5762051778,                 0,                 0,                 0,                 0,                 0,                 0,                 0,                 0,                 0,                 0,                 0,                 0,                 1,                 1
        334,          49,      -6.955721028,      -5.212539532,      -4.574948393,      -1.494493408,     -0.9426945851,      0.9329898399,     -0.5920335215,      -2.514104192,                 0,                 0,                 0,     -0.2200655319,       0.168888456,      -2.577343645,                 0,       4.246557163,      0.6319782395,      -2.531328285,      -3.212956452,      -2.919686108,      -2.522212818,      -0.538623135,                 0,                 0,                 0,                 0,                 0,                 0,                 0,                 0,                 0,                 0,                 0,                 0,                 1,                 1
        335,          49,      -6.662553753,      -4.756320354,      -4.298073102,      -1.194059419,     -0.9002528451,      0.9329898399,     -0.6783514513,      -2.579747228,                 0,                 0,                 0,    -0.06298036094,      0.1055343758,      -2.665355314,                 0,       3.802965591,        1.17139059,      -2.250722111,      -2.745796046,       -2.63656206,      -2.231770937,      -0.511678721,                 0,                 0,                 0,                 0,                 0,                 0,                 0,                 0,                 0,                 0,                 0,                 0,                 1,                 1
        336,          49,      -6.888174835,      -4.775073555,      -4.233649318,      -1.405299853,      -0.883659077,      0.9329898399,     -0.7072374521,      -2.775668725,                 0,                 0,                 0,    -0.04473362738,      0.1351924577,      -2.861161422,                 0,       3.924663091,       1.337139787,      -2.485572871,      -2.759547613,      -2.565516797,       -2.45167558,     -0.5026556427,                 0,                 0,                 0,                 0,                 0,                 0,                 0,                 0,                 0,                 0,                 0,                 0,                 1,                 1
        337,          49,      -6.745166448,      -4.782235324,      -4.217777703,      -1.267215622,     -0.8758067486,      0.9329898399,     -0.7460660453,      -2.954961469,                 0,                 0,                 0,     -0.1846862386,      0.1504806147,      -3.043972308,                 0,       3.960723702,       1.296636678,      -2.346743202,      -2.763450894,      -2.541581971,      -2.318874381,     -0.4867672874,                 0,                 0,                 0,                 0,                 0,                 0,                 0,                 0,                 0,                 0,                 0,                 0,                 1,                 1
        338,          49,      -6.640939331,      -4.754217887,      -4.241689248,      -1.182221787,     -0.8854520324,      0.9329898399,     -0.6323952528,      -2.820742089,                 0,                 0,                 0,     -0.1961603029,      0.2199425853,      -2.882383553,                 0,       4.460409968,       1.279668547,      -2.240954667,      -2.730471599,      -2.555869685,      -2.234336992,     -0.4728636706,                 0,                 0,                 0,                 0,                 0,                 0,                 0,                 0,                 0,                 0,                 0,                 0,                 1,                 1
        339,          49,      -6.691971516,      -4.727615252,      -4.166119093,      -1.241178936,     -0.9223625115,      0.9329898399,     -0.5228104085,      -2.451843094,                 0,                 0,                 0,      -0.258811922,      0.2168834649,      -2.497564182,                 0,       4.689736574,       1.167702436,      -2.284849469,      -2.693954803,      -2.465927666,      -2.288546927,     -0.4739079952,                 0,                 0,                 0,                 0,                 0,                 0,                 0,                 0,                 0,                 0,                 0,                 0,                 1,                 1
        340,          49,      -6.889619402,      -4.793985194,      -4.233329203,      -1.411028921,     -0.9917009347,      0.9329898399,     -0.3606971966,      -1.839164293,                 0,                 0,                 0,     -0.2262998306,      0.1927831551,      -1.864259215,                 0,       5.098914853,       1.098612936,      -2.470132444,      -2.749266051,      -2.513081389,      -2.447858618,     -0.5017924138,                 0,                 0,                 0,                 0,                 0,                 0,                 0,                 0,                 0,                 0,                 0,                 0,                 1,                 1
        341,          49,      -6.933486028,      -4.868790154,      -4.245282768,      -1.480881081,      -1.086094607,      0.9329898399,     -0.1669404385,      -1.138406439,                 0,                 0,                 0,     -0.1799963779,       0.173191896,      -1.137472152,                 0,       6.819237145,      0.9419474382,      -2.497760481,      -2.820127898,      -2.503971743,      -2.501921415,     -0.5569424215,                 0,                 0,                 0,                 0,                 0,                 0,                 0,                 0,                 0,                 0,                 0,                 0,                 1,                 1
        342,           9,      -7.828959083,      -5.121693671,      -5.193244502,      -2.360176706,      -1.122983112,      0.9329898399,     0.02567571894,     -0.3742495863,                 0,                 0,                 0,     -0.1555865636,      0.1339738017,     -0.3503898056,                 0,      -14.57601196,      0.7435992701,      -3.375242139,      -3.079011111,      -3.435633098,      -3.362312405,     -0.5646023725,                 0,                 0,                 0,                 0,                 0,                 0,                 0,                 0,                 0,                 0,                 0,                 0,                 1,                 1
        343,           8,      -7.743907931,      -4.983433298,      -5.075884402,      -2.262396781,      -1.031277962,      0.9329898399,      0.1913596274,      0.2960399675,                 0,                 0,                 0,     -0.1465568126,     0.09644441187,      0.3390525694,                 0,       1.547034615,      0.6794783445,      -3.274248323,      -2.955861295,      -3.309603241,      -3.247577276,     -0.4710579967,                 0,                 0,                 0,                 0,                 0,                 0,                 0,                 0,                 0,                 0,                 0,                 0,                 1,                 1
        344,           8,      -7.724276976,      -4.990472121,       -5.07683077,      -2.239528571,     -0.9273744436,      0.9329898399,      0.3372469561,       1.046256339,                 0,                 0,                 0,    -0.08122051652,     0.01661511873,        1.09914138,                 0,       3.102344794,      0.5795831738,      -3.244070841,      -2.988707068,      -3.311104237,       -3.21389335,     -0.4078646173,                 0,                 0,                 0,                 0,                 0,                 0,                 0,                 0,                 0,                 0,                 0,                 0,                 1,                 1
        345,           9,      -7.860137065,      -5.096210758,      -5.239909086,      -2.375208293,     -0.8551454976,      0.9329898399,      0.5163232933,       2.264367989,                 0,                 0,                 0,      0.1662680489,      -0.168274708,       2.316384198,                 0,       4.385562337,      0.5183662456,      -3.371868313,      -3.133601605,      -3.485375612,      -3.341968951,     -0.3918114522,                 0,                 0,                 0,                 0,                 0,                 0,                 0,                 0,                 0,                 0,                 0,                 0,                 1,                 1
        346,          10,      -7.672491109,      -5.135890359,      -5.095860724,      -2.200303517,     -0.7321077508,      0.9329898399,      0.6907136396,       3.853466316,                 0,                 0,                 0,      0.4533753944,     -0.4661117773,       3.887033289,                 0,        5.57896369,      0.6164420107,      -3.172926425,      -3.222965194,      -3.363429322,      -3.157470267,     -0.3201534884,                 0,                 0,                 0,                 0,                 0,                 0,                 0,                 0,                 0,                 0,                 0,                 0,                 1,                 1
        347,          49,      -6.766036085,      -4.901888268,      -4.347630327,      -1.295218277,     -0.4829862981,      0.9329898399,      0.8658073708,       5.155789105,                 0,                 0,                 0,      0.5976867126,     -0.6794311435,       5.183643219,                 0,       5.954891676,        1.14666166,      -2.253020614,      -3.044702507,      -2.645135226,      -2.242727195,     -0.1277167615,                 0,                 0,                 0,                 0,                 0,                 0,                 0,                 0,                 0,                 0,                 0,                 0,                 1,                 1
        348,          49,      -6.704952311,      -4.580165786,       -4.06829982,      -1.207523749,        -0.2157284,      0.9329898399,       1.281292873,       6.717857496,                 0,                 0,                 0,      0.9760155474,     -0.7388049801,       6.798932855,                 0,        5.24303041,       1.257593923,      -2.182135917,      -2.777481225,      -2.399008008,      -2.149939286,    -0.01016734543,                 0,                 0,                 0,                 0,                 0,                 0,                 0,                 0,                 0,                 0,                 0,                 0,                 1,                 1
        349,          49,      -6.565185897,      -4.716438467,      -4.237623724,      -1.096903454,    -0.02482357644,      0.9329898399,       1.634973912,       7.535182539,                 0,                 0,                 0,       1.225369526,     -0.6395408365,       7.683951008,                 0,       4.608747873,       1.211951542,      -2.039142262,      -2.961387714,      -2.600966469,      -2.038192986,   -0.002008665522,                 0,                 0,                 0,                 0,                 0,                 0,                 0,                 0,                 0,                 0,                 0,                 0,                 1,                 1
        350,          49,      -6.634001553,      -4.655610362,      -4.171417133,      -1.150962127,     0.06025186545,      0.9329898399,       1.858954234,       7.817754372,                 0,                 0,                 0,       1.488071995,     -0.5079633974,       8.019661305,                 0,       4.205458223,        1.17391453,      -2.112939365,      -2.935739306,      -2.562925935,      -2.092471117,    -0.03137625215,                 0,                 0,                 0,                 0,                 0,                 0,                 0,                 0,                 0,                 0,                 0,                 0,                 1,                 1
        351,          49,      -6.765102522,      -4.853712194,      -4.184358141,      -1.285281346,     0.03475002776,      0.9329898399,       1.803942466,       7.089326916,                 0,                 0,                 0,       1.444276483,     -0.3475998366,       7.306978781,                 0,        3.92990744,       1.088842629,      -2.257101827,      -3.151003068,      -2.595268398,      -2.230063585,    -0.06329726627,                 0,                 0,                 0,                 0,                 0,                 0,                 0,                 0,                 0,                 0,                 0,                 0,                 1,                 1
        352,          49,      -6.739562878,      -4.820117328,      -4.140833055,      -1.253202768,    -0.09236235166,      0.9329898399,       1.550578203,        5.72346382,                 0,                 0,                 0,       1.229099149,     -0.1905535636,       5.926720865,                 0,       3.691180366,      0.9768053582,      -2.243241058,      -3.119387649,      -2.559746499,      -2.204168957,     -0.1673962455,                 0,                 0,                 0,                 0,                 0,                 0,                 0,                 0,                 0,                 0,                 0,                 0,                 1,                 1
        353,          49,       -6.64964585,      -4.675463781,      -4.071255144,      -1.210792315,     -0.3008890773,      0.9329898399,       1.196689554,       4.084378718,                 0,                 0,                 0,      0.8700451401,    -0.04975685635,       4.255788958,                 0,       3.413064569,      0.9867659646,      -2.161193465,      -2.968267366,       -2.49023335,       -2.17171069,     -0.2751202567,                 0,                 0,                 0,                 0,                 0,                 0,                 0,                 0,                 0,                 0,                 0,                 0,                 1,                 1
        354,          26,      -7.538303337,      -5.626200245,      -4.982463917,       -2.09487933,     -0.5544650062,      0.9329898399,      0.7507638193,       2.287070552,                 0,                 0,                 0,      0.4526122938,     0.04928429495,       2.406638544,                 0,       3.046324947,      0.7727986093,      -3.061198807,      -3.905753641,       -3.39675191,      -3.070833832,     -0.3903094095,                 0,                 0,                 0,                 0,                 0,                 0,                 0,                 0,                 0,                 0,                 0,                 0,                 1,                 1
        355,           9,      -7.869954346,      -5.196728283,      -5.265132276,      -2.389630409,     -0.7910467087,      0.9329898399,      0.2945487534,      0.6263296177,                 0,                 0,                 0,      0.0784471534,     0.09855731564,      0.6850797134,                 0,         2.1264039,       0.734932933,      -3.403805751,      -3.452435978,      -3.671745668,      -3.378481871,     -0.5199185939,                 0,                 0,                 0,                 0,                 0,                 0,                 0,                 0,                 0,                 0,                 0,                 0,                 1,                 1
        356,           8,      -7.748779195,      -5.061519146,       -5.13770024,      -2.271824598,     -0.9662724469,      0.9329898399,    -0.03601853226,     -0.4927084752,                 0,                 0,                 0,     -0.1268589138,      0.1096093231,     -0.4817102578,                 0,       13.67930463,      0.6403178637,      -3.289583465,      -3.277270369,      -3.535752048,      -3.268317964,     -0.6314033782,                 0,                 0,                 0,                 0,                 0,                 0,                 0,                 0,                 0,                 0,                 0,                 0,                 1,                 1
        357,           8,      -7.760240221,       -5.07879918,      -5.162923701,      -2.273298733,      -1.085516559,      0.9329898399,     -0.2295315654,      -1.043698832,                 0,                 0,                 0,     -0.1697881873,     0.08564587904,      -1.065202692,                 0,       4.547081923,      0.6144504543,      -3.311696075,      -3.237596719,      -3.552585833,      -3.278877392,     -0.7091496739,                 0,                 0,                 0,                 0,                 0,                 0,                 0,                 0,                 0,                 0,                 0,                 0,                 1,                 1
        358,           8,      -7.695917464,      -5.078761504,      -5.148003152,      -2.207373694,      -1.142711896,      0.9329898399,     -0.3303479961,      -1.183452574,                 0,                 0,                 0,     -0.1062696631,     0.03009468679,      -1.228325732,                 0,       3.582442116,      0.6174938662,      -3.265915401,      -3.173596619,      -3.529560684,      -3.228837277,     -0.7451297634,                 0,                 0,                 0,                 0,                 0,                 0,                 0,                 0,                 0,                 0,                 0,                 0,                 1,                 1
        359,          49,      -6.994989345,      -5.017456298,      -4.384447958,      -1.555891057,      -1.102631355,      0.9329898399,     -0.2956736621,     -0.8457167902,                 0,                 0,                 0,     0.09641097841,    -0.03549046956,     -0.8952096013,                 0,       2.860304785,      0.7700356841,      -2.583804028,      -3.058011478,      -2.757174662,       -2.59422278,     -0.7016934822,                 0,                 0,                 0,                 0,                 0,                 0,                 0,                 0,                 0,                 0,                 0,                 0,                 1,                 1
        360,          49,      -6.978894502,      -4.914232239,      -4.266123139,      -1.502747817,      -1.010352468,      0.9329898399,     -0.2672224291,     -0.6497008834,                 0,                 0,                 0,      0.2370113378,    -0.06559192502,     -0.6994403219,                 0,       2.431311195,      0.9472851234,      -2.580199389,       -2.92674869,      -2.629952543,      -2.552687455,     -0.6144223113,                 0,                 0,                 0,                 0,                 0,                 0,                 0,                 0,                 0,                 0,                 0,                 0,                 1,                 1
        361,          49,      -6.735161634,      -4.704376807,      -4.154254378,      -1.253673145,     -0.9423841779,      0.9329898399,      -0.356460334,      -0.885715717,                 0,                 0,                 0,      0.1713121889,    -0.08192649869,     -0.9512330681,                 0,        2.48475253,       1.357823966,      -2.342900307,      -2.709552809,      -2.510273001,      -2.310093118,     -0.5481206887,                 0,                 0,                 0,                 0,                 0,                 0,                 0,                 0,                 0,                 0,                 0,                 0,                 1,                 1
        362,          49,      -6.758751521,       -4.76012513,      -4.294839504,      -1.306290173,     -0.9127160005,      0.9329898399,     -0.4413561393,      -1.166765256,                 0,                 0,                 0,     0.03919637563,    -0.08094182814,       -1.24482321,                 0,       2.643591314,       1.202255213,      -2.369437613,      -2.758904457,      -2.643457721,      -2.366719504,      -0.507639451,                 0,                 0,                 0,                 0,                 0,                 0,                 0,                 0,                 0,                 0,                 0,                 0,                 1,                 1
        363,          49,      -6.807323522,      -4.891090644,      -4.254422631,      -1.337020481,     -0.9118730098,      0.9329898399,     -0.4977076568,      -1.428205401,                 0,                 0,                 0,    -0.08992020102,    -0.05839335157,      -1.511315253,                 0,       2.869566866,       1.200297829,      -2.417127316,      -2.875994279,      -2.593862666,      -2.398373505,     -0.4827599694,                 0,                 0,                 0,                 0,                 0,                 0,                 0,                 0,                 0,                 0,                 0,                 0,                 1,                 1
        364,          49,       -6.80416686,      -4.804236132,      -4.190903302,      -1.326435889,     -0.9417034344,      0.9329898399,     -0.3931909414,      -1.217663258,                 0,                 0,                 0,    -0.04596614466,    -0.02000008471,      -1.279415071,                 0,       3.096875156,       1.174137725,      -2.408000468,      -2.770654438,       -2.51853167,       -2.38355224,     -0.4786718387,                 0,                 0,                 0,                 0,                 0,                 0,                 0,                 0,                 0,                 0,                 0,                 0,                 1,                 1
        365,          49,      -6.815841047,      -5.000335347,       -4.51848667,      -1.354791915,      -1.004707694,      0.9329898399,     -0.2241223169,     -0.8477456607,                 0,                 0,                 0,   -0.009513436234,     0.03352760641,      -0.876230231,                 0,       3.782513372,       1.147886027,      -2.410114832,      -2.952113215,      -2.832864845,      -2.403160559,      -0.505047386,                 0,                 0,                 0,                 0,                 0,                 0,                 0,                 0,                 0,                 0,                 0,                 0,                 1,                 1
        366,          49,      -6.851682079,      -5.095602336,      -4.458668958,      -1.405968737,      -1.080965643,      0.9329898399,    0.006944049622,     -0.2634590716,                 0,                 0,                 0,     0.03360341593,     0.08366860555,     -0.2499169195,                 0,      -37.94026338,       1.072929436,      -2.434061597,      -3.050048208,      -2.761337076,      -2.441848502,     -0.5567804598,                 0,                 0,                 0,                 0,                 0,                 0,                 0,                 0,                 0,                 0,                 0,                 0,                 1,                 1
        367,           8,      -7.639670906,      -5.069941148,      -5.121504053,      -2.172856555,      -1.110643916,      0.9329898399,      0.2676338853,      0.4444499429,                 0,                 0,                 0,     0.07356609146,      0.1259949699,      0.5032781695,                 0,       1.660663941,      0.9376447621,        -3.2058532,      -3.045200774,      -3.418007993,      -3.190635872,     -0.5907180311,                 0,                 0,                 0,                 0,                 0,                 0,                 0,                 0,                 0,                 0,                 0,                 0,                 1,                 1
        368,           8,      -7.736639326,      -5.047374124,      -5.121577035,      -2.247239176,      -1.075320621,      0.9329898399,      0.4578793576,        1.04842404,                 0,                 0,                 0,     0.07327538648,      0.1313426834,       1.136483864,                 0,       2.289738602,       1.004012692,      -3.281957914,      -3.055380479,      -3.419548868,      -3.242108399,     -0.5958967865,                 0,                 0,                 0,                 0,                 0,                 0,                 0,                 0,                 0,                 0,                 0,                 0,                 1,                 1
        369,           8,      -7.761707707,      -5.059307131,      -5.149137205,      -2.270077007,     -0.9957017807,      0.9329898399,      0.6072301617,       1.744629071,                 0,                 0,                 0,     0.09369534508,     0.07061691598,       1.845933995,                 0,       2.873093567,      0.9638173591,      -3.286663819,      -3.106764596,      -3.456366022,      -3.243998137,     -0.5764323005,                 0,                 0,                 0,                 0,                 0,                 0,                 0,                 0,                 0,                 0,                 0,                 0,                 1,                 1
        370,           9,      -7.854748912,      -5.096660357,      -5.275385301,      -2.349994231,     -0.8906170862,      0.9329898399,      0.8231706123,       2.828273907,                 0,                 0,                 0,      0.2440270266,    -0.03970529224,       2.945363584,                 0,       3.435829542,      0.6640730738,      -3.363190064,      -3.187856884,      -3.598274652,      -3.308604531,     -0.5256602214,                 0,                 0,                 0,                 0,                 0,                 0,                 0,                 0,                 0,                 0,                 0,                 0,                 1,                 1
        371,          10,      -7.588090987,      -5.016616421,      -5.110090313,      -2.100073662,     -0.7287409011,      0.9329898399,         1.2255228,       4.356041605,                 0,                 0,                 0,      0.5460461869,     -0.1016100275,       4.524011494,                 0,       3.554435384,       1.063668983,      -3.080640996,      -3.153789293,      -3.452882868,      -3.044926767,     -0.4057853237,                 0,                 0,                 0,                 0,                 0,                 0,                 0,                 0,                 0,                 0,                 0,                 0,                 1,                 1
        372,          49,      -6.866008533,        -4.8976158,      -4.212240832,      -1.364454884,     -0.4329084956,      0.9329898399,        1.80203099,       5.861256757,                 0,                 0,                 0,      0.9300157662,     0.00962517595,       6.132010585,                 0,       3.252583774,       1.251095613,      -2.341305954,      -3.081010469,      -2.576426412,      -2.294103195,     -0.1585712115,                 0,                 0,                 0,                 0,                 0,                 0,                 0,                 0,                 0,                 0,                 0,                 0,                 1,                 1
        373,          49,      -6.796802593,      -4.788022236,      -4.101174193,      -1.290188079,     -0.1548920369,      0.9329898399,       2.387784335,       7.143907748,                 0,                 0,                 0,        1.32323316,       0.194773029,       7.529873532,                 0,        2.99185636,       1.266949053,      -2.258578755,      -3.014564642,      -2.486406235,      -2.206849805,    -0.01482124845,                 0,                 0,                 0,                 0,                 0,                 0,                 0,                 0,                 0,                 0,                 0,                 0,                 1,                 1
        374,          49,      -6.658069942,      -4.660701031,      -4.085460708,      -1.182185129,    -0.02028970661,      0.9329898399,       2.781456279,       7.854386344,                 0,                 0,                 0,       1.595346312,      0.3635195432,        8.32440613,                 0,       2.823839585,       1.262874079,      -2.117545919,      -2.918990328,      -2.489266169,      -2.093008168,    -0.06894069887,                 0,                 0,                 0,                 0,                 0,                 0,                 0,                 0,                 0,                 0,                 0,                 0,                 1,                 1
        375,          49,      -6.609266685,      -4.705228888,      -4.142634029,      -1.137776643,    -0.01834778115,      0.9329898399,        2.74224907,       7.514739171,                 0,                 0,                 0,       1.633676356,      0.4253287255,       7.988136844,                 0,       2.740356175,       1.169301064,      -2.081164692,      -2.979921903,      -2.559336471,      -2.052867747,     -0.1911417244,                 0,                 0,                 0,                 0,                 0,                 0,                 0,                 0,                 0,                 0,                 0,                 0,                 1,                 1
        376,          49,      -6.609684964,      -4.720508039,      -4.090029002,      -1.139314825,     -0.1331582214,      0.9329898399,       2.555336984,       6.748084526,                 0,                 0,                 0,       1.527717061,      0.4707319344,       7.200333556,                 0,       2.640780675,         1.1647269,       -2.09421821,      -3.001363072,      -2.510132429,      -2.060900331,     -0.3171750754,                 0,                 0,                 0,                 0,                 0,                 0,                 0,                 0,                 0,                 0,                 0,                 0,                 1,                 1
        377,          49,      -6.681681674,      -4.825455869,      -4.268711342,       -1.20830048,     -0.3329569889,      0.9329898399,       2.114013097,       5.401052864,                 0,                 0,                 0,       1.258045108,      0.4425257456,       5.783130154,                 0,       2.554881458,       1.069690234,      -2.165103765,      -3.106200135,      -2.684617267,      -2.129495285,     -0.4505992059,                 0,                 0,                 0,                 0,                 0,                 0,                 0,                 0,                 0,                 0,                 0,                 0,                 1,                 1
        378,          49,      -6.876675224,      -4.948190649,      -4.199081549,      -1.397221548,     -0.5733068329,      0.9329898399,       1.606485789,       3.968575948,                 0,                 0,                 0,      0.9025234637,      0.3759906847,       4.264859042,                 0,       2.470346128,      0.9521904571,       -2.35776926,      -3.218700244,      -2.608592224,      -2.321300127,     -0.6219809142,                 0,                 0,                 0,                 0,                 0,                 0,                 0,                 0,                 0,                 0,                 0,                 0,                 1,                 1
        379,          18,      -7.547818314,      -5.520068513,      -5.207137627,      -2.101862286,     -0.7806250506,      0.9329898399,      0.9074887404,       2.092965009,                 0,                 0,                 0,      0.3898054031,      0.2559120509,       2.266836422,                 0,       2.306326146,      0.8346907233,      -3.039510035,      -3.765622313,      -3.611226755,      -3.040187863,     -0.7887990673,                 0,                 0,                 0,                 0,                 0,                 0,                 0,                 0,                 0,                 0,                 0,                 0,                 1,                 1
        380,           9,      -7.922710413,      -5.234185032,      -5.314356935,      -2.444350422,     -0.9258702717,      0.9329898399,      0.3023853192,      0.5545343524,                 0,                 0,                 0,      0.0146823849,       0.127042365,      0.6187127498,                 0,        1.83386665,      0.7277270485,      -3.434331352,      -3.438923017,      -3.711772713,      -3.401401948,     -0.8850420532,                 0,                 0,                 0,                 0,                 0,                 0,                 0,                 0,                 0,                 0,                 0,                 0,                 1,                 1
        381,           8,      -7.798462944,      -5.112515166,      -5.190377956,      -2.324831499,      -1.039313239,      0.9329898399,     -0.1614466739,     -0.5949209676,                 0,                 0,                 0,     -0.2496859644,     0.01954583536,     -0.6161281901,                 0,         3.6849379,      0.6248339043,      -3.335492623,      -3.266615899,      -3.578887441,      -3.305059333,     -0.9363288517,                 0,                 0,                 0,                 0,                 0,                 0,                 0,                 0,                 0,                 0,                 0,                 0,                 1,                 1
        382,           8,      -7.799261269,      -5.140750864,      -5.214235497,      -2.316021902,      -1.138043532,      0.9329898399,     -0.4995185442,       -1.37213429,                 0,                 0,                 0,     -0.4195220276,     -0.0765187182,      -1.458223635,                 0,       2.746913614,      0.5748642254,      -3.362217276,      -3.244202509,      -3.591382247,       -3.32238519,     -0.9839769915,                 0,                 0,                 0,                 0,                 0,                 0,                 0,                 0,                 0,                 0,                 0,                 0,                 1,                 1
        383,           8,      -7.717171938,      -5.126801454,      -5.185584064,      -2.231567911,      -1.212429507,      0.9329898399,     -0.6973682318,      -1.722495082,                 0,                 0,                 0,     -0.4347997384,     -0.1632877331,      -1.851120978,                 0,       2.469993619,      0.5478977221,      -3.298403326,      -3.193705436,      -3.553612018,      -3.258574091,      -1.031453754,                 0,                 0,                 0,                 0,                 0,                 0,                 0,                 0,                 0,                 0,                 0,                 0,                 1,                 1
        384,          49,      -6.995894939,      -4.930542556,      -4.310719252,      -1.516812274,      -1.236305501,      0.9329898399,     -0.6806815774,      -1.463464269,                 0,                 0,                 0,     -0.2062529443,     -0.2230634865,      -1.598529874,                 0,       2.149998352,      0.5929281304,      -2.589068159,      -2.978058233,      -2.674757361,      -2.558125508,      -1.048218083,                 0,                 0,                 0,                 0,                 0,                 0,                 0,                 0,                 0,                 0,                 0,                 0,                 1,                 1
        385,          49,      -6.752665197,      -4.655425565,      -4.116140959,      -1.285216917,      -1.186015364,      0.9329898399,     -0.3911924612,     -0.7282778187,                 0,                 0,                 0,      0.2156856211,     -0.1611713837,     -0.8108291484,                 0,       1.861686742,      0.6890730288,      -2.358988603,      -2.689392647,      -2.476242673,      -2.340610942,     -0.9999576327,                 0,                 0,                 0,                 0,                 0,                 0,                 0,                 0,                 0,                 0,                 0,                 0,                 1,                 1
        386,          49,      -6.659109178,      -4.606254004,      -4.193692949,      -1.168694481,      -1.080090715,      0.9329898399,     -0.2706384957,     -0.4837292152,                 0,                 0,                 0,      0.4173981227,     -0.1173841453,     -0.5417195875,                 0,       1.787362932,       0.941298899,      -2.279796852,      -2.633299583,      -2.546355838,      -2.237664972,      -0.896121721,                 0,                 0,                 0,                 0,                 0,                 0,                 0,                 0,                 0,                 0,                 0,                 0,                 1,                 1
        387,          49,      -6.780595298,      -4.791332785,      -4.200204237,        -1.3319087,     -0.9678540999,      0.9329898399,     -0.3142324872,     -0.6492091067,                 0,                 0,                 0,      0.2640542993,     -0.1106916487,     -0.7127144443,                 0,       2.066015238,      0.9852126893,      -2.412201473,      -2.815564061,      -2.543004487,      -2.410447271,     -0.7755702425,                 0,                 0,                 0,                 0,                 0,                 0,                 0,                 0,                 0,                 0,                 0,                 0,                 1,                 1
        388,          49,      -6.751249709,      -4.698204312,      -4.138937329,      -1.279261539,     -0.8881652314,      0.9329898399,      -0.467077401,      -1.094902847,                 0,                 0,                 0,     0.06732451826,     -0.1265497282,      -1.183621016,                 0,       2.344157188,       1.094089742,      -2.386739324,      -2.715283353,      -2.471139336,      -2.360728428,     -0.6752489408,                 0,                 0,                 0,                 0,                 0,                 0,                 0,                 0,                 0,                 0,                 0,                 0,                 1,                 1
        389,          49,      -6.785695017,      -4.669756138,      -4.220438925,      -1.301283732,     -0.8601377776,      0.9329898399,     -0.4506654325,      -1.073703995,                 0,                 0,                 0,    -0.04036740288,     -0.1170528289,      -1.158550058,                 0,       2.382485804,       1.117065478,      -2.416336971,      -2.669748176,      -2.541343954,      -2.377998495,     -0.6164571739,                 0,                 0,                 0,                 0,                 0,                 0,                 0,                 0,                 0,                 0,                 0,                 0,                 1,                 1
        390,          49,      -6.776445479,      -4.961115568,      -4.527426629,      -1.321446443,     -0.8921801218,      0.9329898399,      -0.246414076,      -0.650013744,                 0,                 0,                 0,    -0.01511659171,    -0.04560132642,     -0.6936557383,                 0,       2.637892098,       1.209087145,       -2.39715313,      -2.934744871,      -2.836259803,      -2.389550977,     -0.6130142032,                 0,                 0,                 0,                 0,                 0,                 0,                 0,                 0,                 0,                 0,                 0,                 0,                 1,                 1
        391,          49,      -6.938906544,      -4.745855444,      -4.229470972,      -1.491048193,     -0.9860795354,      0.9329898399,     0.03150275424,     -0.1284858491,                 0,                 0,                 0,     0.05320935594,     0.06769186045,     -0.1136611146,                 0,      -4.078559232,       1.114953359,      -2.549325839,      -2.693265021,      -2.528302719,      -2.550493434,     -0.6751875721,                 0,                 0,                 0,                 0,                 0,                 0,                 0,                 0,                 0,                 0,                 0,                 0,                 1,                 1
        392,           8,      -7.645366709,      -5.080613815,       -5.14576132,      -2.177023798,      -1.112796538,      0.9329898399,      0.3533314741,      0.5787575547,                 0,                 0,                 0,      0.1070838768,      0.1686802362,      0.6567727275,                 0,       1.638001699,       1.066675549,      -3.243669856,      -3.020026948,      -3.440079609,      -3.224956302,     -0.7863432268,                 0,                 0,                 0,                 0,                 0,                 0,                 0,                 0,                 0,                 0,                 0,                 0,                 1,                 1
        393,           8,      -7.730516517,      -5.064423618,      -5.150281036,      -2.236193757,      -1.126586625,      0.9329898399,      0.6037542511,       1.216501571,                 0,                 0,                 0,      0.1244310878,      0.2217024237,       1.339866898,                 0,       2.014895247,       1.135796989,       -3.31060304,      -3.023438168,      -3.446864324,       -3.26549948,     -0.8140524621,                 0,                 0,                 0,                 0,                 0,                 0,                 0,                 0,                 0,                 0,                 0,                 0,                 1,                 1
        394,           8,      -7.730981302,      -5.051555999,      -5.139184008,      -2.230139168,      -1.028312764,      0.9329898399,      0.8261910715,       1.996316411,                 0,                 0,                 0,      0.1765094697,      0.2064240187,       2.150641771,                 0,       2.416289016,       1.199653834,      -3.288192232,       -3.05011018,      -3.442593065,      -3.236138768,     -0.7632081813,                 0,                 0,                 0,                 0,                 0,                 0,                 0,                 0,                 0,                 0,                 0,                 0,                 1,                 1
        395,           8,      -7.687337149,      -4.983536198,      -5.132064649,       -2.18489802,     -0.8928551975,      0.9329898399,        1.15622644,       3.182764874,                 0,                 0,                 0,      0.3582078299,      0.1751544516,       3.381741081,                 0,       2.752717602,       1.113933686,      -3.223534027,      -3.030758068,       -3.44585944,      -3.170204549,     -0.6856403513,                 0,                 0,                 0,                 0,                 0,                 0,                 0,                 0,                 0,                 0,                 0,                 0,                 1,                 1
        396,          10,      -7.603410721,      -4.984271518,      -5.133899468,      -2.107731448,     -0.7008003078,      0.9329898399,       1.730318361,       4.743085182,                 0,                 0,                 0,      0.7073703712,      0.2679677776,       5.041731047,                 0,       2.741163296,       1.148528461,      -3.124046743,      -3.081955336,       -3.46163196,      -3.077747895,     -0.5528005923,                 0,                 0,                 0,                 0,                 0,                 0,                 0,                 0,                 0,                 0,                 0,                 0,                 1,                 1
        397,          49,       -6.81564032,      -4.803392476,      -4.241813898,      -1.339766377,     -0.4389030099,      0.9329898399,        2.36793293,       6.046485538,                 0,                 0,                 0,       1.034882159,      0.4966442382,       6.474599464,                 0,       2.553486825,       1.346270108,      -2.324357162,      -2.947718621,      -2.587139772,      -2.296345404,      -0.393904098,                 0,                 0,                 0,                 0,                 0,                 0,                 0,                 0,                 0,                 0,                 0,                 0,                 1,                 1
        398,          49,      -6.758773036,       -4.64217554,      -4.130296502,      -1.283471715,     -0.2449529818,      0.9329898399,       3.048501177,       7.355850793,                 0,                 0,                 0,       1.428531229,      0.7646535382,       7.925730584,                 0,       2.412940119,       1.334725627,      -2.259764139,      -2.822686533,      -2.496444037,      -2.227069076,      -0.344675415,                 0,                 0,                 0,                 0,                 0,                 0,                 0,                 0,                 0,                 0,                 0,                 0,                 1,                 1
        399,          49,      -6.586205076,      -4.666287936,      -4.023631688,       -1.10782292,     -0.1836608863,      0.9329898399,       3.265280207,       7.705249569,                 0,                 0,                 0,       1.653624196,      0.8698060396,       8.323242349,                 0,       2.359751409,       1.298684987,       -2.08812943,      -2.870835733,      -2.411055227,      -2.044684475,     -0.3921642267,                 0,                 0,                 0,                 0,                 0,                 0,                 0,                 0,                 0,                 0,                 0,                 0,                 1,                 1
        400,          49,      -6.576334623,      -4.537093756,      -3.975561532,      -1.099564753,     -0.2315393943,      0.9329898399,       3.167063987,       7.330850167,                 0,                 0,                 0,       1.652209745,       0.885345193,       7.936486777,                 0,        2.31471489,       1.256645086,      -2.087210311,      -2.756339949,      -2.378512936,      -2.039543154,     -0.4832074143,                 0,                 0,                 0,                 0,                 0,                 0,                 0,                 0,                 0,                 0,                 0,                 0,                 1,                 1
        401,          49,      -6.618237211,      -4.749971526,      -4.308617535,      -1.147758977,     -0.3619133318,      0.9329898399,       2.808891361,       6.383570753,                 0,                 0,                 0,       1.504371873,      0.8197807043,       6.925879427,                 0,       2.272629993,       1.158642642,      -2.135183098,      -2.978439355,      -2.716309762,       -2.09133158,     -0.5938416787,                 0,                 0,                 0,                 0,                 0,                 0,                 0,                 0,                 0,                 0,                 0,                 0,                 1,                 1
        402,          49,      -6.691012401,      -4.706112617,      -4.170924785,      -1.218131871,     -0.5330751844,      0.9329898399,       2.306424156,       5.132980721,                 0,                 0,                 0,       1.221254345,       0.704906066,       5.583027038,                 0,       2.225514638,       1.117142169,      -2.206785538,      -2.933492937,      -2.575073452,      -2.162313221,     -0.7224138749,                 0,                 0,                 0,                 0,                 0,                 0,                 0,                 0,                 0,                 0,                 0,                 0,                 1,                 1
        403,          49,      -6.909822159,      -4.897143643,      -4.202447679,      -1.455829926,     -0.6957985041,      0.9329898399,       1.688211451,       3.667585097,                 0,                 0,                 0,      0.8143559353,      0.5421465324,       4.000914331,                 0,       2.172467848,       1.018644656,      -2.431426199,      -3.104083447,      -2.598615108,      -2.409312377,      -0.866653623,                 0,                 0,                 0,                 0,                 0,                 0,                 0,                 0,                 0,                 0,                 0,                 0,                 1,                 1
        404,          13,      -7.678250046,      -5.472892003,      -5.132614011,      -2.214620593,     -0.8272031595,      0.9329898399,      0.9480445173,       1.977537857,                 0,                 0,                 0,      0.3653608302,      0.3284433664,       2.168310249,                 0,       2.085912445,       0.832184695,      -3.214994678,      -3.640702409,      -3.521847536,      -3.185712668,      -0.973052376,                 0,                 0,                 0,                 0,                 0,                 0,                 0,                 0,                 0,                 0,                 0,                 0,                 1,                 1
        405,           8,      -7.739271479,      -5.091686234,      -5.141036838,      -2.269376518,     -0.9368003227,      0.9329898399,      0.2948771648,      0.4920787071,                 0,                 0,                 0,   -0.008341854088,      0.1381225447,      0.5567909472,                 0,       1.668758269,      0.7322607423,      -3.294706509,       -3.21153723,      -3.528153287,      -3.262263969,      -1.023459296,                 0,                 0,                 0,                 0,                 0,                 0,                 0,                 0,                 0,                 0,                 0,                 0,                 1,                 1
        406,           8,      -7.798014084,      -5.093422926,      -5.182627638,      -2.323325476,      -1.038422837,      0.9329898399,     -0.1829093965,     -0.5822208977,                 0,                 0,                 0,     -0.2590551445,   -0.004692209447,     -0.6102581455,                 0,       3.183110921,      0.6183387885,      -3.376752646,      -3.174129671,      -3.570640915,      -3.342088174,      -1.053874404,                 0,                 0,                 0,                 0,                 0,                 0,                 0,                 0,                 0,                 0,                 0,                 0,                 1,                 1
        407,           8,      -7.787812635,      -5.122539856,       -5.20766565,      -2.301970701,      -1.132236862,      0.9329898399,     -0.5083467431,      -1.270620705,                 0,                 0,                 0,     -0.4062630777,     -0.1146408665,      -1.363726827,                 0,       2.499515778,      0.5682142832,      -3.392471913,      -3.179335748,       -3.59519914,      -3.347879651,      -1.096288721,                 0,                 0,                 0,                 0,                 0,                 0,                 0,                 0,                 0,                 0,                 0,                 0,                 1,                 1
        408,           8,      -7.697633694,      -5.090675623,      -5.157826087,      -2.210909585,      -1.190565761,      0.9329898399,     -0.6477945561,      -1.491634135,                 0,                 0,                 0,      -0.379954571,     -0.1833773999,      -1.615853616,                 0,       2.302634564,      0.5402053772,       -3.32667128,      -3.142211846,      -3.541944292,      -3.282858671,      -1.137882522,                 0,                 0,                 0,                 0,                 0,                 0,                 0,                 0,                 0,                 0,                 0,                 0,                 1,                 1
        409,          49,      -7.058752294,      -5.047695708,      -4.488642392,      -1.602535622,      -1.146761648,      0.9329898399,     -0.4572227225,      -0.944633954,                 0,                 0,                 0,    -0.05521200947,     -0.1610600246,       -1.03703693,                 0,       2.066025828,      0.5676931611,      -2.703690742,      -3.107019599,      -2.870006436,      -2.692313455,       -1.10021654,                 0,                 0,                 0,                 0,                 0,                 0,                 0,                 0,                 0,                 0,                 0,                 0,                 1,                 1
        410,          49,      -6.682779895,      -4.812501198,      -4.439017066,      -1.229297921,      -1.006444422,      0.9329898399,     -0.1512093821,     -0.2608195506,                 0,                 0,                 0,      0.3540994939,    -0.06834599463,     -0.2936323215,                 0,       1.724889996,      0.6454422884,      -2.337595913,      -2.877612819,      -2.818141625,      -2.330555508,     -0.9699244564,                 0,                 0,                 0,                 0,                 0,                 0,                 0,                 0,                 0,                 0,                 0,                 0,                 1,                 1
        411,          49,      -6.687827034,      -4.665494036,      -4.151734689,      -1.237778931,      -0.852875163,      0.9329898399,     0.01422354805,   0.0009273011199,                 0,                 0,                 0,      0.4876802291,     0.01333093004,    0.005045345463,                 0,     0.06519478237,      0.7063631192,      -2.353272685,      -2.729081941,      -2.524299835,      -2.350578138,      -0.818660457,                 0,                 0,                 0,                 0,                 0,                 0,                 0,                 0,                 0,                 0,                 0,                 0,                 1,                 1
        412,          49,      -6.710965537,      -4.699731904,      -4.266497164,      -1.255671363,     -0.7313291845,      0.9329898399,    -0.05925658935,     -0.2744811571,                 0,                 0,                 0,      0.3559683258,      0.0235831656,      -0.279812586,                 0,       4.632078223,      0.7968485951,      -2.385113769,      -2.760663353,      -2.628546883,      -2.377068412,     -0.6846051787,                 0,                 0,                 0,                 0,                 0,                 0,                 0,                 0,                 0,                 0,                 0,                 0,                 1,                 1
        413,          49,      -6.725693566,       -4.85028838,      -4.384898409,      -1.258635248,     -0.6523534964,      0.9329898399,     -0.1869993716,      -0.557194552,                 0,                 0,                 0,      0.1581431988,    -0.01592046736,     -0.5875211251,                 0,       2.979660024,       0.832832895,      -2.400841976,      -2.905144689,      -2.734306739,      -2.379886572,     -0.5824280932,                 0,                 0,                 0,                 0,                 0,                 0,                 0,                 0,                 0,                 0,                 0,                 0,                 1,                 1
        414,          49,      -6.934135881,      -4.752334016,       -4.23217888,      -1.456477625,     -0.6165817972,      0.9329898399,     -0.1159050209,     -0.4528002514,                 0,                 0,                 0,        0.12602128,     0.02154545868,     -0.4669023824,                 0,        3.90664915,       1.006109389,      -2.602369603,      -2.792886987,      -2.566963485,      -2.569413578,     -0.5144073305,                 0,                 0,                 0,                 0,                 0,                 0,                 0,                 0,                 0,                 0,                 0,                 0,                 1,                 1
        415,          49,      -6.886785611,      -4.685377399,      -4.248901711,       -1.41788466,     -0.6247598627,      0.9329898399,     0.05034556049,    -0.09970837257,                 0,                 0,                 0,      0.1718639397,      0.0772976058,    -0.08063197356,                 0,      -1.980479939,       1.132585463,      -2.545190443,         -2.700807,      -2.567543171,      -2.520644216,     -0.4826189489,                 0,                 0,                 0,                 0,                 0,                 0,                 0,                 0,                 0,                 0,                 0,                 0,                 1,                 1
        416,          49,       -7.08572673,      -4.895775652,      -4.322843922,      -1.643945801,     -0.6797151176,      0.9329898399,      0.2374664706,      0.3203556529,                 0,                 0,                 0,      0.1513336535,      0.1334273869,      0.3757861113,                 0,       1.349056362,       1.088686427,      -2.734622078,      -2.879214262,      -2.625860304,      -2.737838188,     -0.4938386144,                 0,                 0,                 0,                 0,                 0,                 0,                 0,                 0,                 0,                 0,                 0,                 0,                 1,                 1
        417,           8,      -7.629459122,      -5.104657994,       -5.14681956,      -2.163527383,     -0.7764446097,      0.9329898399,      0.5071661758,      0.9663498534,                 0,                 0,                 0,       0.195960189,       0.202472072,          1.072406,                 0,       1.905390973,       1.066089772,      -3.264963278,      -3.059477601,      -3.438490685,       -3.24464493,      -0.550220754,                 0,                 0,                 0,                 0,                 0,                 0,                 0,                 0,                 0,                 0,                 0,                 0,                 1,                 1
        418,           8,      -7.740087586,      -5.094137426,      -5.154792465,      -2.243953106,     -0.8764242228,      0.9329898399,       0.711359274,       1.593624547,                 0,                 0,                 0,      0.2197155337,      0.2143455314,       1.731972057,                 0,       2.240252718,       1.140460631,       -3.35362762,      -3.034993833,      -3.441776771,       -3.30312018,     -0.6292664526,                 0,                 0,                 0,                 0,                 0,                 0,                 0,                 0,                 0,                 0,                 0,                 0,                 1,                 1
        419,           8,      -7.735136465,      -5.054918844,      -5.135665565,      -2.235492268,      -0.968149158,      0.9329898399,      0.8814395633,       2.366192093,                 0,                 0,                 0,      0.2710700565,      0.1511172304,        2.52050874,                 0,       2.684463226,       1.218134731,      -3.321855661,      -2.999917031,      -3.423540394,      -3.267811579,     -0.7389545668,                 0,                 0,                 0,                 0,                 0,                 0,                 0,                 0,                 0,                 0,                 0,                 0,                 1,                 1
        420,           8,       -7.64505374,      -4.945323897,      -5.086837425,      -2.144232118,      -0.980139859,      0.9329898399,       1.137968931,       3.476692383,                 0,                 0,                 0,      0.4181561795,     0.07175862214,       3.657487377,                 0,       3.055173378,       1.332656023,      -3.209101396,      -2.910231085,      -3.378931546,      -3.154683935,      -0.800682485,                 0,                 0,                 0,                 0,                 0,                 0,                 0,                 0,                 0,                 0,                 0,                 0,                 1,                 1
        421,          10,      -7.603157809,      -5.001318406,       -5.12056132,      -2.108540853,     -0.8120524898,      0.9329898399,        1.63399648,       4.890345299,                 0,                 0,                 0,      0.7130671676,       0.132800013,       5.154394804,                 0,       2.992873828,       1.172762141,      -3.151938735,      -2.998784968,       -3.41915305,      -3.104690699,     -0.6894928509,                 0,                 0,                 0,                 0,                 0,                 0,                 0,                 0,                 0,                 0,                 0,                 0,                 1,                 1
        422,          49,      -6.792229377,      -4.797439828,      -4.125199777,       -1.30965233,     -0.5119727521,      0.9329898399,        2.19875339,       6.116540011,                 0,                 0,                 0,       1.045055872,      0.3143750945,       6.492129579,                 0,       2.781821753,       1.333582187,      -2.327636482,      -2.836504934,      -2.433014462,      -2.291862194,     -0.4473462549,                 0,                 0,                 0,                 0,                 0,                 0,                 0,                 0,                 0,                 0,                 0,                 0,                 1,                 1
        423,          49,       -6.76462891,      -4.766164238,       -4.22085994,      -1.270410394,      -0.235801282,      0.9329898399,       2.713978812,       7.179949989,                 0,                 0,                 0,       1.388252943,      0.4961766275,       7.659710934,                 0,       2.645543862,       1.270080747,      -2.284606138,      -2.847895887,      -2.541972218,       -2.23371442,     -0.2575274484,                 0,                 0,                 0,                 0,                 0,                 0,                 0,                 0,                 0,                 0,                 0,                 0,                 1,                 1
        424,          49,      -6.667363735,      -4.775711198,      -4.107060028,      -1.189376031,     -0.1053583801,      0.9329898399,       2.895177465,       7.541452912,                 0,                 0,                 0,       1.624906429,      0.5637645354,       8.058395258,                 0,       2.604832692,       1.230081757,      -2.176019503,      -2.888714312,      -2.445488811,      -2.134130905,     -0.2668653603,                 0,                 0,                 0,                 0,                 0,                 0,                 0,                 0,                 0,                 0,                 0,                 0,                 1,                 1
        425,          49,      -6.703702047,      -4.786977082,      -4.154897552,      -1.213577781,     -0.1012007063,      0.9329898399,       2.846206787,       7.329969598,                 0,                 0,                 0,       1.632431208,      0.5787653802,       7.841835118,                 0,        2.57534682,       1.186082253,      -2.213654729,      -2.921803282,       -2.51099656,      -2.152929472,     -0.3594143704,                 0,                 0,                 0,                 0,                 0,                 0,                 0,                 0,                 0,                 0,                 0,                 0,                 1,                 1
