Point ID,Density,Energy,Mach,Momentum_0,Momentum_1,Momentum_2,Momentum_Magnitude,Points_0,Points_1,Points_2,Points_Magnitude,Pressure,Pressure_Coefficient,Temperature,Velocity_0,Velocity_1,Velocity_2,Velocity_Magnitude
0,1.32169,3.77976,0.427426,0.690036,0.100382,0,0.697299,0.99975,-3.63324e-05,0,0.99975,1.43833,0.978408,1.08824,0.522084,0.0759496,0,0.52758
1,1.19073,3.41718,0.480603,0.695685,0.101789,0,0.703092,0.999,-0.000145472,0,0.999,1.28384,0.633572,1.0782,0.584252,0.0854852,0,0.590473
2,1.18294,3.40479,0.521678,0.746962,0.111401,0,0.755224,0.99776,-0.000327503,0,0.99776,1.26548,0.592596,1.06978,0.631447,0.0941732,0,0.638431
3,1.17081,3.3749,0.541657,0.765332,0.119129,0,0.774548,0.99602,-0.000589905,0,0.99602,1.24748,0.552412,1.06549,0.653678,0.101749,0,0.661549
4,1.16368,3.35686,0.551534,0.772321,0.129285,0,0.783068,0.99378,-0.000947014,0,0.99378,1.23736,0.529813,1.06332,0.663692,0.1111,0,0.672926
5,1.15881,3.34518,0.560707,0.778806,0.14396,0,0.792,0.99105,-0.00142187,0,0.991051,1.22981,0.512974,1.06128,0.672077,0.124231,0,0.683462
6,1.15159,3.32721,0.571744,0.785011,0.162312,0,0.801616,0.98784,-0.00204501,0,0.987842,1.21928,0.489473,1.05879,0.681678,0.140947,0,0.696097
7,1.14069,3.3001,0.588377,0.794959,0.182585,0,0.815657,0.98413,-0.00285268,0,0.984134,1.20339,0.453997,1.05496,0.696908,0.160065,0,0.715054
8,1.12477,3.26039,0.612396,0.810131,0.201662,0,0.834853,0.97995,-0.00385717,0,0.979958,1.18022,0.402285,1.0493,0.720265,0.179292,0,0.742244
9,1.10387,3.20822,0.643713,0.830568,0.215638,0,0.858104,0.97528,-0.00505568,0,0.975293,1.14988,0.334543,1.04168,0.752417,0.195348,0,0.777362
10,1.07917,3.14644,0.680435,0.854623,0.22128,0,0.882806,0.97015,-0.00640152,0,0.970171,1.11414,0.25478,1.03241,0.791928,0.205047,0,0.818043
11,1.05329,3.08148,0.718515,0.879048,0.21706,0,0.90545,0.96454,-0.00783649,0,0.964572,1.07692,0.171695,1.02244,0.834576,0.206079,0,0.859643
12,1.03066,3.02459,0.751915,0.900226,0.204168,0,0.923088,0.95847,-0.00928563,0,0.958515,1.04449,0.0993053,1.01342,0.873444,0.198094,0,0.895626
13,1.01503,2.98529,0.775336,0.915643,0.186318,0,0.934407,0.95194,-0.0106941,0,0.952,1.02208,0.0492828,1.00694,0.902083,0.183559,0,0.92057
14,1.00735,2.96602,0.787092,0.924696,0.168139,0,0.939858,0.94496,-0.0120347,0,0.945037,1.01103,0.0246218,1.00365,0.917948,0.166912,0,0.932999
15,1.00578,2.96208,0.789557,0.928434,0.153286,0,0.941003,0.93754,-0.0133125,0,0.937635,1.00875,0.0195395,1.00296,0.923101,0.152405,0,0.935597
16,1.00724,2.96573,0.787276,0.928945,0.143388,0,0.939946,0.92969,-0.0145558,0,0.929804,1.01086,0.024247,1.0036,0.922271,0.142358,0,0.933193
17,1.00896,2.97002,0.784468,0.928339,0.138188,0,0.938568,0.9214,-0.0158038,0,0.921536,1.01339,0.0298928,1.00439,0.920092,0.13696,0,0.93023
18,1.00925,2.97065,0.783739,0.928098,0.136306,0,0.938054,0.9127,-0.0170848,0,0.91286,1.01388,0.0309881,1.00459,0.919595,0.135057,0,0.92946
19,1.00753,2.96622,0.785933,0.928871,0.136139,0,0.938794,0.90358,-0.018421,0,0.903768,1.01154,0.0257579,1.00398,0.921927,0.135121,0,0.931776
20,1.00403,2.95729,0.790776,0.930717,0.136403,0,0.94066,0.89406,-0.0198168,0,0.89428,1.00666,0.0148621,1.00261,0.926979,0.135855,0,0.936881
21,0.99928,2.94518,0.797475,0.933342,0.136333,0,0.943247,0.88415,-0.0212686,0,0.884406,1,4.46119e-06,1.00072,0.934015,0.136431,0,0.943926
22,0.993829,2.93129,0.805193,0.936369,0.135634,0,0.946142,0.87385,-0.0227689,0,0.874147,0.992369,-0.0170342,0.998531,0.942184,0.136476,0,0.952017
23,0.988119,2.91674,0.813287,0.939509,0.134322,0,0.949063,0.86318,-0.0243061,0,0.863522,0.984385,-0.0348557,0.99622,0.950805,0.135937,0,0.960474
24,0.982399,2.90213,0.821369,0.942562,0.132545,0,0.951835,0.85216,-0.0258699,0,0.852553,0.976408,-0.0526613,0.993901,0.959449,0.134919,0,0.968888
25,0.976767,2.88773,0.829303,0.945458,0.130479,0,0.954419,0.84077,-0.0274574,0,0.841218,0.968574,-0.0701463,0.991612,0.967946,0.133582,0,0.977121
26,0.971212,2.8735,0.8371,0.948188,0.128245,0,0.956821,0.82905,-0.0290592,0,0.829559,0.960871,-0.0873411,0.989352,0.976293,0.132046,0,0.985183
27,0.965681,2.85931,0.844852,0.950785,0.12591,0,0.959086,0.81701,-0.030671,0,0.817585,0.953219,-0.104422,0.987095,0.984575,0.130385,0,0.993171
28,0.960114,2.84502,0.852629,0.95326,0.123488,0,0.961225,0.80464,-0.0322917,0,0.805288,0.945538,-0.121566,0.984819,0.992862,0.128618,0,1.00116
29,0.954487,2.83055,0.860482,0.955638,0.12096,0,0.963263,0.79197,-0.0339148,0,0.792696,0.937795,-0.138851,0.982511,1.00121,0.126728,0,1.00919
30,0.948795,2.81589,0.868443,0.957943,0.118302,0,0.96522,0.77901,-0.0355359,0,0.77982,0.929972,-0.156313,0.980161,1.00964,0.124687,0,1.01731
31,0.943004,2.80097,0.876527,0.960155,0.115482,0,0.967075,0.76578,-0.0371491,0,0.766681,0.922036,-0.174027,0.977764,1.01819,0.122462,0,1.02553
32,0.93709,2.7857,0.884771,0.962278,0.112482,0,0.968829,0.75228,-0.0387508,0,0.753277,0.913953,-0.19207,0.975309,1.02688,0.120033,0,1.03387
33,0.931083,2.77018,0.893146,0.964309,0.109291,0,0.970483,0.73852,-0.0403356,0,0.739621,0.905762,-0.210353,0.972804,1.03569,0.11738,0,1.04232
34,0.925055,2.75458,0.90155,0.966222,0.105906,0,0.972008,0.72453,-0.0418959,0,0.72574,0.897562,-0.228655,0.97028,1.0445,0.114486,0,1.05076
35,0.919067,2.73906,0.90989,0.967992,0.102334,0,0.973386,0.71032,-0.0434265,0,0.711646,0.889441,-0.246783,0.967765,1.05323,0.111345,0,1.0591
36,0.913179,2.72379,0.918115,0.969637,0.0985919,0,0.974636,0.69589,-0.0449236,0,0.697339,0.881468,-0.264579,0.965275,1.06183,0.107966,0,1.0673
37,0.907402,2.70877,0.926159,0.971111,0.0946942,0,0.975717,0.68127,-0.0463803,0,0.682847,0.873673,-0.281979,0.96283,1.07021,0.104358,0,1.07529
38,0.901788,2.69417,0.933986,0.972445,0.090669,0,0.976662,0.66647,-0.0477924,0,0.668181,0.866116,-0.298848,0.960443,1.07835,0.100544,0,1.08303
39,0.89637,2.68005,0.941543,0.973631,0.086542,0,0.97747,0.6515,-0.049156,0,0.653352,0.858839,-0.315092,0.95813,1.08619,0.0965473,0,1.09048
40,0.891182,2.66652,0.948769,0.974665,0.0823403,0,0.978137,0.63638,-0.050467,0,0.638378,0.851892,-0.330599,0.955912,1.09368,0.0923945,0,1.09757
41,0.88628,2.65372,0.955608,0.975569,0.0780937,0,0.978689,0.62113,-0.0517217,0,0.62328,0.84534,-0.345223,0.953807,1.10075,0.088114,0,1.10427
42,0.881708,2.64176,0.961974,0.976329,0.0738282,0,0.979117,0.60576,-0.0529181,0,0.608067,0.839247,-0.358825,0.951842,1.10732,0.0837332,0,1.11048
43,0.877527,2.63082,0.967812,0.976982,0.0695724,0,0.979456,0.59028,-0.0540545,0,0.59275,0.833681,-0.371247,0.950036,1.11334,0.0792824,0,1.11616
44,0.873734,2.62088,0.973092,0.977517,0.0653474,0,0.979699,0.57471,-0.0551292,0,0.577348,0.828648,-0.382482,0.948398,1.11878,0.0747909,0,1.12128
45,0.870308,2.61189,0.977874,0.977973,0.0611791,0,0.979885,0.55906,-0.0561416,0,0.561872,0.824106,-0.392621,0.946913,1.12371,0.0702959,0,1.12591
46,0.867197,2.60372,0.982195,0.978336,0.0570807,0,0.98,0.54336,-0.0570904,0,0.546351,0.819994,-0.4018,0.945568,1.12816,0.0658221,0,1.13008
47,0.864453,2.59651,0.986016,0.978644,0.0530714,0,0.980081,0.52761,-0.0579765,0,0.530786,0.81637,-0.409888,0.944377,1.1321,0.061393,0,1.13376
48,0.8622,2.59059,0.989138,0.978883,0.0491552,0,0.980117,0.51184,-0.0587997,0,0.515206,0.813403,-0.416512,0.943403,1.13533,0.0570113,0,1.13676
49,0.860592,2.58636,0.991392,0.979102,0.0453424,0,0.980152,0.49605,-0.0595613,0,0.499613,0.811279,-0.421252,0.942699,1.13771,0.0526875,0,1.13893
50,0.859622,2.58381,0.992753,0.979286,0.0416291,0,0.98017,0.48027,-0.0602617,0,0.484036,0.81,-0.424108,0.942274,1.1392,0.0484272,0,1.14023
51,0.8591,2.58244,0.993481,0.979437,0.0380116,0,0.980175,0.46451,-0.0609021,0,0.468485,0.809312,-0.425643,0.942046,1.14007,0.0442458,0,1.14093
52,0.85888,2.58184,0.993721,0.979514,0.0344796,0,0.980121,0.44878,-0.0614838,0,0.452972,0.80904,-0.426249,0.941972,1.14046,0.0401448,0,1.14116
53,0.859513,2.58347,0.99271,0.979519,0.0310173,0,0.98001,0.43311,-0.0620074,0,0.437526,0.809908,-0.424312,0.942288,1.13962,0.0360871,0,1.14019
54,0.862644,2.59168,0.988239,0.979486,0.0276099,0,0.979875,0.4175,-0.0624743,0,0.422148,0.814063,-0.415038,0.943684,1.13545,0.0320062,0,1.1359
55,0.870245,2.61169,0.977817,0.979465,0.024235,0,0.979765,0.40197,-0.0628852,0,0.406859,0.824061,-0.392721,0.946931,1.12551,0.0278485,0,1.12585
56,0.881193,2.64058,0.963295,0.979456,0.0208668,0,0.979678,0.38654,-0.0632404,0,0.391679,0.838396,-0.360723,0.951433,1.11151,0.0236801,0,1.11176
57,0.885922,2.65307,0.957154,0.979476,0.017474,0,0.979632,0.37123,-0.0635401,0,0.376629,0.844576,-0.346929,0.95333,1.1056,0.019724,0,1.10578
58,0.868772,2.60775,0.979593,0.979497,0.0140232,0,0.979598,0.35604,-0.0637845,0,0.361708,0.822187,-0.396904,0.946378,1.12745,0.0161415,0,1.12757
59,0.82311,2.48702,1.0427,0.977434,0.0104555,0,0.97749,0.34099,-0.063973,0,0.346939,0.762642,-0.529817,0.926537,1.18749,0.0127024,0,1.18756
60,0.78122,2.37631,1.10617,0.973346,0.00675343,0,0.973369,0.32611,-0.0641046,0,0.332351,0.707967,-0.651859,0.906233,1.24593,0.00864473,0,1.24596
61,0.765665,2.33492,1.13015,0.970495,0.0029105,0,0.9705,0.3114,-0.0641783,0,0.317945,0.687943,-0.696556,0.89849,1.26752,0.00380127,0,1.26752
62,0.764927,2.33277,1.13056,0.969847,-0.00113222,0,0.969847,0.29687,-0.0641923,0,0.303731,0.687177,-0.698267,0.898356,1.26789,-0.00148017,0,1.2679
63,0.766684,2.3373,1.12721,0.969764,-0.00544162,0,0.969779,0.28255,-0.0641446,0,0.28974,0.689586,-0.692888,0.89944,1.26488,-0.0070976,0,1.2649
64,0.766557,2.33696,1.12738,0.969682,-0.0100697,0,0.969734,0.26845,-0.0640329,0,0.275981,0.68943,-0.693236,0.899385,1.26498,-0.0131363,0,1.26505
65,0.765354,2.33376,1.12926,0.969383,-0.0150643,0,0.9695,0.25457,-0.0638541,0,0.262456,0.687883,-0.69669,0.898777,1.26658,-0.0196827,0,1.26673
66,0.76447,2.33141,1.13069,0.969135,-0.0204865,0,0.969351,0.24094,-0.0636054,0,0.249194,0.686736,-0.69925,0.898317,1.26772,-0.0267983,0,1.268
67,0.764075,2.33034,1.13123,0.968865,-0.0263926,0,0.969224,0.22757,-0.0632833,0,0.236205,0.686246,-0.700343,0.89814,1.26802,-0.0345418,0,1.26849
68,0.76406,2.3303,1.13124,0.968654,-0.0328469,0,0.969211,0.21447,-0.0628843,0,0.223499,0.68623,-0.700379,0.898137,1.26777,-0.04299,0,1.2685
69,0.764484,2.33142,1.13056,0.968463,-0.0399213,0,0.969286,0.20166,-0.0624047,0,0.211095,0.686778,-0.699156,0.898356,1.26682,-0.0522199,0,1.2679
70,0.765781,2.33491,1.12867,0.968464,-0.0476943,0,0.969637,0.18914,-0.0618402,0,0.198993,0.688413,-0.695507,0.898968,1.26467,-0.0622819,0,1.26621
71,0.768269,2.34159,1.12503,0.968653,-0.056256,0,0.970285,0.17693,-0.0611868,0,0.187211,0.691553,-0.688498,0.900144,1.26083,-0.0732244,0,1.26295
72,0.771845,2.35119,1.11979,0.968947,-0.0656901,0,0.971171,0.16504,-0.0604405,0,0.175759,0.696079,-0.678394,0.901838,1.25537,-0.0851078,0,1.25825
73,0.776036,2.3624,1.11362,0.969151,-0.0760847,0,0.972133,0.15349,-0.0595977,0,0.164654,0.701405,-0.666506,0.903831,1.24885,-0.0980428,0,1.25269
74,0.780661,2.37478,1.10686,0.969214,-0.0875463,0,0.97316,0.14229,-0.0586545,0,0.153905,0.707288,-0.653376,0.906011,1.24153,-0.112144,0,1.24658
75,0.786048,2.38918,1.09899,0.969102,-0.100195,0,0.974268,0.13144,-0.057606,0,0.143509,0.71416,-0.638036,0.908545,1.23288,-0.127467,0,1.23945
76,0.792715,2.40699,1.08935,0.968868,-0.11417,0,0.975572,0.12095,-0.0564482,0,0.133474,0.722673,-0.619034,0.911643,1.22222,-0.144024,0,1.23067
77,0.800918,2.42888,1.0776,0.968416,-0.129637,0,0.977054,0.11085,-0.0551797,0,0.123825,0.733167,-0.59561,0.915408,1.20913,-0.16186,0,1.21992
78,0.810508,2.45436,1.06372,0.967315,-0.146695,0,0.978375,0.10113,-0.053795,0,0.114548,0.745543,-0.567984,0.919847,1.19347,-0.180991,0,1.20711
79,0.821495,2.48349,1.04787,0.965449,-0.165535,0,0.979537,0.09181,-0.0522923,0,0.105658,0.759797,-0.536167,0.924896,1.17523,-0.201505,0,1.19238
80,0.834002,2.51656,1.02997,0.962592,-0.186343,0,0.980463,0.0829,-0.0506693,0,0.0971586,0.776097,-0.499784,0.93057,1.15418,-0.223432,0,1.17561
81,0.848177,2.55392,1.00973,0.958297,-0.209261,0,0.980879,0.0744,-0.048922,0,0.0890433,0.794701,-0.458256,0.936952,1.12983,-0.246719,0,1.15646
82,0.864282,2.59624,0.986894,0.952168,-0.234496,0,0.980618,0.06633,-0.0470509,0,0.0813232,0.815972,-0.410778,0.944104,1.10169,-0.271318,0,1.1346
83,0.882495,2.64389,0.961131,0.943525,-0.262147,0,0.979265,0.05869,-0.045053,0,0.0739884,0.840225,-0.35664,0.952102,1.06916,-0.297052,0,1.10966
84,0.903081,2.6975,0.932066,0.931573,-0.292288,0,0.97635,0.05149,-0.0429278,0,0.0670374,0.867888,-0.294894,0.961029,1.03155,-0.323656,0,1.08113
85,0.926427,2.75799,0.899137,0.915262,-0.32487,0,0.971208,0.04474,-0.040676,0,0.0604666,0.899566,-0.224184,0.971006,0.987948,-0.35067,0,1.04834
86,0.952851,2.82606,0.861805,0.893236,-0.359586,0,0.962898,0.03844,-0.0382957,0,0.0542604,0.935815,-0.143269,0.982122,0.937436,-0.377379,0,1.01054
87,0.98263,2.90232,0.819614,0.863903,-0.395824,0,0.950266,0.0326,-0.0357889,0,0.0484108,0.977133,-0.051042,0.994406,0.879174,-0.402821,0,0.967064
88,1.01594,2.987,0.771957,0.825165,-0.432413,0,0.9316,0.02723,-0.0331595,0,0.0429072,1.02395,0.0534545,1.00788,0.81222,-0.425629,0,0.916985
89,1.05298,3.08048,0.718122,0.774806,-0.467153,0,0.904741,0.02232,-0.0304019,0,0.0377155,1.07672,0.171249,1.02254,0.73582,-0.443647,0,0.859217
90,1.09363,3.18222,0.657502,0.710333,-0.496967,0,0.866919,0.0179,-0.0275342,0,0.0328412,1.13545,0.302335,1.03824,0.649521,-0.454421,0,0.792702
91,1.13744,3.29097,0.589481,0.629917,-0.516751,0,0.814756,0.01395,-0.024546,0,0.0282331,1.19966,0.445679,1.05471,0.553804,-0.454312,0,0.716309
92,1.18318,3.40345,0.513438,0.532465,-0.519706,0,0.744051,0.01049,-0.0214554,0,0.0238825,1.2678,0.597764,1.07151,0.450026,-0.439243,0,0.628855
93,1.2293,3.51591,0.42913,0.419976,-0.497478,0,0.651049,0.00752,-0.0182701,0,0.0197572,1.33741,0.753137,1.08794,0.341638,-0.404683,0,0.529608
94,1.27273,3.62092,0.336491,0.298002,-0.440934,0,0.532191,0.00504,-0.0149997,0,0.0158238,1.40386,0.901476,1.10303,0.234143,-0.346446,0,0.418149
95,1.3106,3.71212,0.235499,0.177374,-0.342528,0,0.385729,0.00305,-0.0116561,0,0.0120486,1.46214,1.03157,1.11563,0.135339,-0.261353,0,0.294316
96,1.33574,3.77173,0.127984,0.0739562,-0.201326,0,0.21448,0.00156,-0.00827945,0,0.00842513,1.5018,1.12009,1.12432,0.0553673,-0.150723,0,0.160571
97,1.35068,3.80899,0.0122728,0.00451984,-0.0203347,0,0.020831,0.00056,-0.00487775,0,0.00490979,1.52353,1.1686,1.12797,0.00334634,-0.0150551,0,0.0154225
98,1.33865,3.7784,0.106023,-0.0203199,0.176992,0,0.178155,6e-05,-0.00153097,0,0.00153214,1.50662,1.13084,1.12548,-0.0151795,0.132217,0,0.133086
99,1.31278,3.71251,0.188626,0,0.310079,0,0.310079,0,0,0,0,1.47036,1.0499,1.12004,0,0.236201,0,0.236201
100,1.30191,3.69185,0.265619,0.0570265,0.427752,0,0.431536,6e-05,0.0013946,0,0.00139589,1.44813,1.00029,1.11231,0.0438022,0.328557,0,0.331464
101,1.2579,3.58927,0.390361,0.160389,0.586334,0,0.607875,0.00056,0.00420052,0,0.00423768,1.37696,0.841422,1.09465,0.127505,0.466121,0,0.483245
102,1.17012,3.37061,0.532589,0.328101,0.687558,0,0.761831,0.00156,0.00687815,0,0.00705284,1.24904,0.555895,1.06745,0.2804,0.587598,0,0.651073
103,1.08877,3.16902,0.660845,0.497619,0.710108,0,0.867109,0.00305,0.00941849,0,0.00990002,1.12949,0.289043,1.0374,0.457046,0.652209,0,0.796409
104,1.01044,2.97183,0.775533,0.639229,0.676023,0,0.930387,0.00504,0.0118442,0,0.0128719,1.0174,0.0388317,1.00689,0.632626,0.669041,0,0.920778
105,0.940284,2.79233,0.874517,0.742978,0.611666,0,0.962367,0.00752,0.0141458,0,0.0160204,0.919937,-0.178712,0.978361,0.790163,0.650512,0,1.02349
106,0.882219,2.64166,0.95598,0.812386,0.538265,0,0.974526,0.01049,0.0163309,0,0.0194098,0.841366,-0.354094,0.953692,0.920844,0.610126,0,1.10463
107,0.836104,2.52063,1.02136,0.856707,0.467863,0,0.976137,0.01395,0.0184061,0,0.0230952,0.780328,-0.490339,0.933291,1.02464,0.559575,0,1.16748
108,0.800555,2.4265,1.07262,0.884406,0.405515,0,0.972942,0.0179,0.0203777,0,0.027123,0.734111,-0.593502,0.917002,1.10474,0.506542,0,1.21533
109,0.773749,2.35505,1.11205,0.901853,0.352167,0,0.968174,0.02232,0.0222439,0,0.0315115,0.69973,-0.670247,0.904337,1.16556,0.455144,0,1.25128
110,0.75397,2.30211,1.14183,0.913143,0.307474,0,0.963519,0.02723,0.024021,0,0.0363109,0.674583,-0.726378,0.894708,1.21111,0.407807,0,1.27793
111,0.739562,2.26339,1.16377,0.920654,0.269996,0,0.959427,0.0326,0.0257054,0,0.0415154,0.656424,-0.766912,0.887584,1.24486,0.365075,0,1.29729
112,0.729305,2.23577,1.17968,0.925988,0.238672,0,0.956252,0.03844,0.0273085,0,0.0471528,0.643544,-0.79566,0.882407,1.26969,0.32726,0,1.31118
113,0.72195,2.21594,1.19124,0.929907,0.212327,0,0.95384,0.04474,0.0288345,0,0.0532268,0.634335,-0.816216,0.878641,1.28805,0.294102,0,1.3212
114,0.716751,2.2019,1.19942,0.932866,0.19004,0,0.952026,0.05149,0.0302882,0,0.0597377,0.627853,-0.830684,0.875971,1.30152,0.265141,0,1.32825
115,0.713492,2.19309,1.20461,0.935352,0.171121,0,0.950876,0.05869,0.0316763,0,0.0666926,0.623789,-0.839756,0.874277,1.31095,0.239836,0,1.33271
116,0.711974,2.18899,1.20702,0.937603,0.154968,0,0.950323,0.06633,0.0330031,0,0.0740869,0.621902,-0.843969,0.87349,1.31691,0.21766,0,1.33477
117,0.711849,2.18864,1.20718,0.939721,0.141093,0,0.950254,0.0744,0.0342729,0,0.0819145,0.621756,-0.844295,0.873438,1.32011,0.198206,0,1.33491
118,0.712733,2.19105,1.20583,0.941801,0.129116,0,0.950611,0.0829,0.035491,0,0.0901777,0.622843,-0.841869,0.873879,1.32139,0.181156,0,1.33375
119,0.714094,2.19476,1.2038,0.943748,0.118689,0,0.951182,0.09181,0.0366597,0,0.0988585,0.624506,-0.838157,0.874542,1.3216,0.166209,0,1.33201
120,0.71543,2.1984,1.20181,0.945417,0.109543,0,0.951742,0.10113,0.0377837,0,0.107958,0.626138,-0.834514,0.875191,1.32147,0.153115,0,1.33031
121,0.716781,2.20209,1.19987,0.946919,0.101478,0,0.952341,0.11085,0.0388658,0,0.117466,0.627775,-0.83086,0.875825,1.32107,0.141574,0,1.32864
122,0.718672,2.20725,1.19708,0.948451,0.094328,0,0.95313,0.12095,0.0399077,0,0.127364,0.630086,-0.825702,0.876735,1.31973,0.131253,0,1.32624
123,0.721463,2.21481,1.19277,0.950089,0.0879586,0,0.954152,0.13144,0.0409136,0,0.13766,0.633546,-0.817978,0.87814,1.31689,0.121917,0,1.32252
124,0.724949,2.22426,1.1875,0.951913,0.0822377,0,0.955459,0.14229,0.0418834,0,0.148326,0.637853,-0.808363,0.879859,1.31308,0.113439,0,1.31797
125,0.7285,2.2339,1.18218,0.953671,0.0770346,0,0.956777,0.15349,0.0428186,0,0.159351,0.642241,-0.798569,0.881594,1.30909,0.105744,0,1.31335
126,0.731691,2.24254,1.17741,0.955207,0.0722435,0,0.957935,0.16504,0.043721,0,0.170733,0.64619,-0.789753,0.883147,1.30548,0.098735,0,1.30921
127,0.734384,2.24982,1.17333,0.956449,0.0677796,0,0.958847,0.17693,0.0445913,0,0.182463,0.649545,-0.782265,0.884476,1.30238,0.0922945,0,1.30565
128,0.736711,2.25611,1.16984,0.957533,0.0635835,0,0.959641,0.18914,0.0454289,0,0.194519,0.65244,-0.775804,0.885611,1.29974,0.0863072,0,1.3026
129,0.738905,2.26204,1.16655,0.958523,0.0596003,0,0.960374,0.20166,0.0462335,0,0.206892,0.655173,-0.769703,0.886681,1.29722,0.0806603,0,1.29973
130,0.741238,2.26836,1.16312,0.959552,0.0557803,0,0.961172,0.21447,0.0470039,0,0.21956,0.658069,-0.763238,0.887798,1.29453,0.0752529,0,1.29671
131,0.743803,2.27529,1.15933,0.960612,0.0520743,0,0.962023,0.22757,0.0477397,0,0.232524,0.661263,-0.75611,0.88903,1.29149,0.0700109,0,1.29338
132,0.746533,2.28267,1.15533,0.961707,0.0484352,0,0.962925,0.24094,0.0484388,0,0.245761,0.66466,-0.748526,0.890329,1.28823,0.0648802,0,1.28986
133,0.749197,2.28986,1.1514,0.962724,0.0448179,0,0.963767,0.25457,0.0490995,0,0.259262,0.667988,-0.741099,0.891604,1.28501,0.0598212,0,1.2864
134,0.751617,2.29639,1.14785,0.963642,0.0411878,0,0.964522,0.26845,0.0497195,0,0.273015,0.67101,-0.734353,0.892755,1.28209,0.054799,0,1.28326
135,0.753682,2.30196,1.1448,0.964408,0.0375094,0,0.965137,0.28255,0.0502954,0,0.286992,0.673599,-0.728574,0.893744,1.2796,0.0497682,0,1.28056
136,0.755381,2.30653,1.1423,0.965047,0.0337576,0,0.965637,0.29687,0.0508249,0,0.301189,0.67573,-0.723817,0.894555,1.27756,0.0446895,0,1.27834
137,0.756673,2.31001,1.1404,0.96555,0.0299079,0,0.966013,0.3114,0.0513046,0,0.315598,0.677351,-0.720198,0.89517,1.27605,0.0395256,0,1.27666
138,0.757481,2.31219,1.13922,0.965899,0.0259373,0,0.966247,0.32611,0.0517306,0,0.330187,0.678366,-0.717934,0.895555,1.27515,0.0342415,0,1.27561
139,0.7578,2.31305,1.13878,0.966111,0.0218277,0,0.966358,0.34099,0.0520992,0,0.344947,0.678759,-0.717056,0.895697,1.27489,0.028804,0,1.27521
140,0.757773,2.31299,1.13885,0.966216,0.0175656,0,0.966376,0.35604,0.0524068,0,0.359876,0.678716,-0.717152,0.895672,1.27507,0.0231805,0,1.27528
141,0.75767,2.31273,1.13906,0.966296,0.0131375,0,0.966385,0.37123,0.0526489,0,0.374945,0.678572,-0.717474,0.895604,1.27535,0.0173393,0,1.27547
142,0.757696,2.31281,1.13909,0.966396,0.00853221,0,0.966434,0.38654,0.0528215,0,0.390132,0.67859,-0.717432,0.895597,1.27544,0.0112607,0,1.27549
143,0.75802,2.3137,1.13868,0.966568,0.00374212,0,0.966576,0.40197,0.0529203,0,0.405439,0.678979,-0.716566,0.895727,1.27512,0.0049367,0,1.27513
144,0.758753,2.31566,1.13755,0.966744,-0.00124149,0,0.966745,0.4175,0.0529413,0,0.420843,0.679915,-0.714476,0.896095,1.27412,-0.00163622,0,1.27412
145,0.759542,2.31776,1.1363,0.966884,-0.00641996,0,0.966906,0.43311,0.0528804,0,0.436326,0.680929,-0.712213,0.896499,1.27298,-0.00845241,0,1.27301
146,0.758717,2.31557,1.13762,0.966674,-0.0117906,0,0.966746,0.44878,0.0527336,0,0.451868,0.679865,-0.714586,0.896072,1.27409,-0.0155401,0,1.27418
147,0.755422,2.30696,1.14351,0.966347,-0.0173446,0,0.966502,0.46451,0.0524974,0,0.467467,0.67547,-0.724398,0.894162,1.27921,-0.0229602,0,1.27942
148,0.755286,2.30676,1.14442,0.966663,-0.0230946,0,0.966939,0.48027,0.0521684,0,0.483095,0.675125,-0.725166,0.893867,1.27986,-0.0305773,0,1.28023
149,0.7729,2.35364,1.11675,0.969951,-0.0291097,0,0.970388,0.49605,0.0517438,0,0.498741,0.697789,-0.674577,0.902819,1.25495,-0.0376629,0,1.25551
150,0.821007,2.48089,1.04358,0.975025,-0.0353865,0,0.975667,0.51184,0.051221,0,0.514396,0.760465,-0.534677,0.926258,1.1876,-0.0431014,0,1.18838
151,0.869773,2.61001,0.976852,0.977531,-0.0417605,0,0.978423,0.52761,0.0505984,0,0.530031,0.823876,-0.393134,0.947231,1.12389,-0.0480131,0,1.12492
152,0.884608,2.64929,0.957728,0.977489,-0.0481554,0,0.978675,0.54336,0.0498744,0,0.545644,0.843166,-0.350075,0.953153,1.105,-0.054437,0,1.10634
153,0.878661,2.63351,0.965223,0.976986,-0.054617,0,0.978512,0.55906,0.0490491,0,0.561208,0.835463,-0.367269,0.950837,1.1119,-0.0621594,0,1.11364
154,0.871237,2.6139,0.974994,0.976592,-0.0611345,0,0.978504,0.57471,0.0481218,0,0.576721,0.825765,-0.388917,0.947808,1.12093,-0.0701697,0,1.12312
155,0.871324,2.61411,0.97481,0.976104,-0.0676646,0,0.978446,0.59028,0.0470947,0,0.592156,0.825897,-0.388622,0.947865,1.12025,-0.0776572,0,1.12294
156,0.878163,2.63214,0.96565,0.975507,-0.074161,0,0.978322,0.60576,0.0459694,0,0.607502,0.834874,-0.368586,0.950705,1.11085,-0.0844502,0,1.11405
157,0.887687,2.65714,0.952715,0.974408,-0.0805483,0,0.977732,0.62113,0.0447494,0,0.62274,0.847473,-0.340462,0.954698,1.09769,-0.0907395,0,1.10144
158,0.89716,2.68191,0.939704,0.972846,-0.086774,0,0.976708,0.63638,0.0434383,0,0.637861,0.860102,-0.312273,0.958694,1.08436,-0.0967208,0,1.08867
159,0.906228,2.70551,0.927024,0.970809,-0.0927798,0,0.975232,0.6515,0.0420405,0,0.652855,0.872305,-0.285034,0.962566,1.07126,-0.10238,0,1.07614
160,0.915627,2.72991,0.913875,0.968385,-0.0985158,0,0.973383,0.66647,0.0405626,0,0.667703,0.885008,-0.256679,0.96656,1.05762,-0.107594,0,1.06308
161,0.925484,2.75545,0.900109,0.965545,-0.103922,0,0.971122,0.68127,0.0390119,0,0.682386,0.89838,-0.226831,0.970714,1.04329,-0.112289,0,1.04931
162,0.935523,2.78142,0.886124,0.962341,-0.108946,0,0.968488,0.69589,0.0373961,0,0.696894,0.912046,-0.196326,0.974905,1.02867,-0.116454,0,1.03524
163,0.945498,2.80715,0.872169,0.958751,-0.11353,0,0.965449,0.71032,0.0357232,0,0.711218,0.925697,-0.165854,0.979058,1.01402,-0.120075,0,1.0211
164,0.955416,2.83268,0.858285,0.954836,-0.117635,0,0.962055,0.72453,0.0340047,0,0.725328,0.939325,-0.135436,0.983158,0.999393,-0.123125,0,1.00695
165,0.965269,2.85798,0.844448,0.95058,-0.12121,0,0.958277,0.73852,0.032249,0,0.739224,0.952926,-0.105076,0.987213,0.984782,-0.125571,0,0.992756
166,0.975023,2.88297,0.830721,0.946026,-0.12422,0,0.954147,0.75228,0.0304662,0,0.752897,0.966445,-0.0748988,0.991202,0.97026,-0.127402,0,0.978589
167,0.984635,2.90756,0.817201,0.941251,-0.126641,0,0.949732,0.76578,0.0286696,0,0.766316,0.979809,-0.04507,0.995099,0.955939,-0.128618,0,0.964553
168,0.994003,2.93144,0.803902,0.936195,-0.128437,0,0.944964,0.77901,0.0268698,0,0.779473,0.992908,-0.01583,0.998898,0.941843,-0.129212,0,0.950665
169,1.00315,2.95473,0.790933,0.93102,-0.129607,0,0.939998,0.79197,0.0250765,0,0.792367,1.00573,0.0127863,1.00257,0.928097,-0.1292,0,0.937047
170,1.01199,2.97719,0.778363,0.925746,-0.130143,0,0.934849,0.80464,0.0233019,0,0.804977,1.01816,0.0405333,1.0061,0.914781,-0.128601,0,0.923776
171,1.02045,2.99864,0.766253,0.920406,-0.13005,0,0.929549,0.81701,0.0215564,0,0.817294,1.03011,0.0672019,1.00947,0.901965,-0.127445,0,0.910924
172,1.02849,3.01901,0.75473,0.915138,-0.129376,0,0.924238,0.82905,0.0198528,0,0.829288,1.04149,0.0926167,1.01264,0.889789,-0.125793,0,0.898637
173,1.03604,3.03809,0.743859,0.909972,-0.128188,0,0.918957,0.84077,0.0181974,0,0.840967,1.05222,0.116552,1.01561,0.878319,-0.123729,0,0.886991
174,1.04309,3.0559,0.733694,0.904992,-0.126615,0,0.913806,0.85216,0.0165973,0,0.852322,1.06225,0.138955,1.01837,0.867605,-0.121385,0,0.876055
175,1.04964,3.0724,0.724223,0.900188,-0.124832,0,0.908803,0.86318,0.015062,0,0.863311,1.07159,0.159793,1.02091,0.85762,-0.118929,0,0.865827
176,1.05575,3.08781,0.715318,0.895494,-0.123061,0,0.90391,0.87385,0.0135895,0,0.873956,1.08034,0.179333,1.02329,0.848203,-0.116562,0,0.856175
177,1.06166,3.10264,0.706686,0.890745,-0.121509,0,0.898995,0.88415,0.0121803,0,0.884234,1.0888,0.198224,1.02557,0.839015,-0.114452,0,0.846786
178,1.06763,3.11761,0.697835,0.885612,-0.120264,0,0.89374,0.89406,0.0108326,0,0.894126,1.09741,0.217435,1.0279,0.829513,-0.112646,0,0.837127
179,1.0741,3.13381,0.688164,0.879748,-0.119172,0,0.887782,0.90358,0.00954172,0,0.90363,1.10677,0.238318,1.03041,0.819055,-0.11095,0,0.826536
180,1.08141,3.15205,0.677104,0.872776,-0.11768,0,0.880674,0.9127,0.0083076,0,0.912738,1.11738,0.262012,1.03326,0.807072,-0.108821,0,0.814376
181,1.08969,3.17268,0.6645,0.864654,-0.114842,0,0.872248,0.9214,0.00713897,0,0.921428,1.12943,0.288909,1.03647,0.79349,-0.10539,0,0.800458
182,1.09859,3.19484,0.650892,0.855809,-0.10949,0,0.862785,0.92969,0.00605101,0,0.92971,1.14242,0.317892,1.03989,0.779009,-0.0996647,0,0.785358
183,1.10724,3.21637,0.637704,0.84734,-0.100643,0,0.853296,0.93754,0.00507406,0,0.937554,1.15503,0.346048,1.04316,0.765274,-0.0908955,0,0.770653
184,1.11438,3.23419,0.626987,0.840827,-0.0880637,0,0.845426,0.94496,0.00423732,0,0.944969,1.1654,0.369194,1.04579,0.754527,-0.0790251,0,0.758654
185,1.11865,3.24495,0.620911,0.83789,-0.0726689,0,0.841035,0.95194,0.00356588,0,0.951947,1.17151,0.382846,1.04726,0.749019,-0.0649612,0,0.75183
186,1.11895,3.24587,0.621108,0.839598,-0.0566777,0,0.841508,0.95847,0.00306562,0,0.958475,1.17177,0.383426,1.04721,0.750345,-0.0506526,0,0.752052
187,1.11488,3.23592,0.627938,0.845896,-0.0432606,0,0.847002,0.96454,0.00271531,0,0.964544,1.16567,0.369803,1.04555,0.75873,-0.0388028,0,0.759721
188,1.10719,3.21684,0.639962,0.855304,-0.0357437,0,0.85605,0.97015,0.00246828,0,0.970153,1.15436,0.344553,1.04261,0.772502,-0.0322834,0,0.773177
189,1.09801,3.19394,0.653729,0.86503,-0.0364024,0,0.865796,0.97528,0.00226648,0,0.975283,1.14104,0.314818,1.03919,0.787815,-0.033153,0,0.788512
190,1.09052,3.17507,0.664387,0.871597,-0.0453872,0,0.872778,0.97995,0.00205588,0,0.979952,1.13033,0.290906,1.0365,0.79925,-0.0416198,0,0.800333
191,1.08782,3.16805,0.667456,0.872215,-0.0604529,0,0.874308,0.98413,0.00180562,0,0.984132,1.12668,0.282765,1.03572,0.801804,-0.0555727,0,0.803727
192,1.0918,3.1777,0.660343,0.865447,-0.0775646,0,0.868916,0.98784,0.00150902,0,0.987841,1.13277,0.29637,1.03752,0.792676,-0.0710426,0,0.795853
193,1.10259,3.20451,0.643687,0.852031,-0.0929094,0,0.857082,0.99105,0.00118543,0,0.991051,1.14856,0.331597,1.04169,0.772753,-0.0842645,0,0.777333
194,1.118,3.24251,0.61885,0.831527,-0.103611,0,0.837957,0.99378,0.000861298,0,0.99378,1.17139,0.382569,1.04775,0.743762,-0.0926749,0,0.749513
195,1.13835,3.29352,0.589191,0.80768,-0.109219,0,0.815031,0.99602,0.00056615,0,0.99602,1.2007,0.447989,1.05478,0.70952,-0.0959457,0,0.715978
196,1.16307,3.35471,0.549959,0.772876,-0.109209,0,0.780553,0.99776,0.0003231,0,0.99776,1.23712,0.529279,1.06367,0.664514,-0.0938972,0,0.671115
197,1.18048,3.39073,0.493105,0.70704,-0.101889,0,0.714344,0.999,0.00014507,0,0.999,1.26984,0.60232,1.0757,0.598942,-0.0863111,0,0.605129
198,1.31683,3.76632,0.429395,0.690592,-0.100186,0,0.697821,0.99975,3.63261e-05,0,0.99975,1.43257,0.965556,1.08789,0.524434,-0.0760808,0,0.529924
199,1.20919,3.40995,0.00277171,0,0.00421175,0,0.00421175,1,0,0,1,1.36398,0.812447,1.12801,0,0.00348311,0,0.00348311
200,0.999948,2.94788,0.800016,0.94633,0.0201502,0,0.946545,19.8423,2.50666,0,20,0.999952,-0.000107848,1,0.946379,0.0201513,0,0.946594
201,0.999959,2.94792,0.800083,0.946409,0.020145,0,0.946623,19.3717,4.9738,0,20,0.999941,-0.000131122,0.999982,0.946448,0.0201458,0,0.946662
202,0.999942,2.94788,0.800116,0.946428,0.0201432,0,0.946642,18.5955,7.36249,0,20,0.999916,-0.000187586,0.999974,0.946483,0.0201444,0,0.946697
203,0.999912,2.94781,0.800153,0.946441,0.0201282,0,0.946655,17.5261,9.63507,0,20,0.999878,-0.000272555,0.999966,0.946524,0.02013,0,0.946738
204,0.999883,2.94775,0.800203,0.946467,0.0201032,0,0.946681,16.1803,11.7557,0,20,0.999837,-0.000363007,0.999954,0.946578,0.0201056,0,0.946792
205,0.999849,2.94767,0.80026,0.946495,0.0200813,0,0.946708,14.5794,13.6909,0,20,0.999788,-0.000473486,0.999939,0.946638,0.0200843,0,0.946851
206,0.999802,2.94753,0.800312,0.946504,0.0200538,0,0.946716,12.7485,15.4103,0,20,0.999722,-0.0006216,0.999919,0.946691,0.0200578,0,0.946903
207,0.999737,2.94733,0.80037,0.946499,0.0200238,0,0.946711,10.7165,16.8866,0,20,0.999632,-0.000822182,0.999895,0.946749,0.0200291,0,0.946961
208,0.999663,2.94709,0.800424,0.946481,0.0200002,0,0.946692,8.51559,18.0965,0,20,0.99953,-0.00104988,0.999867,0.9468,0.0200069,0,0.947012
209,0.999602,2.94689,0.800471,0.946468,0.0199767,0,0.946679,6.18034,19.0211,0,20,0.999445,-0.00123888,0.999843,0.946845,0.0199847,0,0.947056
210,0.999563,2.94675,0.800499,0.946454,0.0200155,0,0.946665,3.74763,19.6458,0,20,0.999386,-0.00137125,0.999823,0.946868,0.0200242,0,0.94708
211,0.999578,2.94677,0.800459,0.946422,0.0201162,0,0.946636,1.25581,19.9605,0,20,0.999408,-0.00132115,0.99983,0.946821,0.0201247,0,0.947035
212,0.999644,2.9469,0.800325,0.946337,0.0202473,0,0.946553,-1.25581,19.9605,0,20,0.999502,-0.0011107,0.999858,0.946674,0.0202545,0,0.94689
213,0.999776,2.94727,0.800169,0.946299,0.0203976,0,0.946519,-3.74763,19.6457,0,20,0.999688,-0.00069672,0.999912,0.946511,0.0204022,0,0.946731
214,0.999889,2.94763,0.800078,0.946317,0.0205221,0,0.946539,-6.18034,19.0211,0,20,0.999846,-0.00034309,0.999957,0.946422,0.0205243,0,0.946644
215,0.99998,2.94795,0.800036,0.946367,0.0206276,0,0.946592,-8.51559,18.0965,0,20,0.999971,-6.48577e-05,0.999991,0.946386,0.020628,0,0.946611
216,1.00003,2.94811,0.799985,0.946363,0.0206735,0,0.946589,-10.7165,16.8866,0,20,1.00004,9.42086e-05,1.00001,0.946335,0.0206729,0,0.946561
217,1.00006,2.94819,0.799953,0.946359,0.0207002,0,0.946585,-12.7485,15.4103,0,20,1.00008,0.000187343,1.00002,0.946302,0.020699,0,0.946529
218,1.00008,2.94824,0.799933,0.946354,0.0207085,0,0.94658,-14.5794,13.6909,0,20,1.00011,0.000240563,1.00003,0.946281,0.0207069,0,0.946508
219,1.00008,2.94826,0.799919,0.946346,0.0207059,0,0.946572,-16.1803,11.7557,0,20,1.00012,0.000263219,1.00003,0.946266,0.0207042,0,0.946493
220,1.00009,2.94826,0.79991,0.946339,0.0206987,0,0.946565,-17.5261,9.63507,0,20,1.00012,0.000273469,1.00004,0.946256,0.0206969,0,0.946483
221,1.00009,2.94826,0.799904,0.946334,0.0206886,0,0.94656,-18.5955,7.36249,0,20,1.00012,0.000276257,1.00004,0.94625,0.0206867,0,0.946476
222,1.00009,2.94826,0.7999,0.94633,0.0206765,0,0.946556,-19.3717,4.9738,0,20,1.00012,0.000277664,1.00004,0.946246,0.0206747,0,0.946472
223,1.00009,2.94826,0.799896,0.946327,0.0206633,0,0.946552,-19.8423,2.50666,0,20,1.00013,0.000283875,1.00004,0.946241,0.0206614,0,0.946466
224,1.00009,2.94826,0.799892,0.946325,0.0206513,0,0.946551,-20,0,0,20,1.00013,0.000289174,1.00004,0.946238,0.0206494,0,0.946463
225,1.0001,2.94827,0.799891,0.946327,0.0206355,0,0.946552,-19.8423,-2.50667,0,20,1.00013,0.000297883,1.00004,0.946236,0.0206335,0,0.946461
226,1.0001,2.94829,0.799884,0.946326,0.0206222,0,0.946551,-19.3717,-4.9738,0,20,1.00014,0.000318381,1.00004,0.94623,0.0206201,0,0.946455
227,1.00011,2.94832,0.79988,0.94633,0.0206048,0,0.946555,-18.5955,-7.36249,0,20,1.00015,0.000342137,1.00004,0.946227,0.0206025,0,0.946451
228,1.00012,2.94836,0.799875,0.946338,0.0205803,0,0.946562,-17.5261,-9.63508,0,20,1.00017,0.000376073,1.00005,0.946224,0.0205778,0,0.946448
229,1.00014,2.94842,0.79987,0.94635,0.0205541,0,0.946573,-16.1803,-11.7557,0,20,1.00019,0.000424552,1.00005,0.946221,0.0205513,0,0.946444
230,1.00015,2.94848,0.799862,0.946361,0.0205254,0,0.946584,-14.5794,-13.6909,0,20,1.00021,0.000478542,1.00006,0.946216,0.0205223,0,0.946439
231,1.00018,2.94858,0.799856,0.946384,0.0204896,0,0.946606,-12.7485,-15.4103,0,20,1.00025,0.000557932,1.00007,0.946214,0.0204859,0,0.946436
232,1.0002,2.94866,0.799849,0.946403,0.0204512,0,0.946624,-10.7165,-16.8866,0,20,1.00028,0.000630901,1.00008,0.946212,0.0204471,0,0.946433
233,1.00023,2.9488,0.799856,0.946448,0.0204059,0,0.946668,-8.51558,-18.0965,0,20,1.00033,0.000731073,1.00009,0.946226,0.0204011,0,0.946446
234,1.00026,2.9489,0.799858,0.946476,0.0203703,0,0.946695,-6.18034,-19.0211,0,20,1.00036,0.000798545,1.0001,0.946234,0.0203651,0,0.946453
235,1.00027,2.94897,0.799868,0.946505,0.0203453,0,0.946724,-3.74762,-19.6458,0,20,1.00038,0.000846525,1.00011,0.946249,0.0203398,0,0.946468
236,1.00028,2.94902,0.799897,0.946546,0.0203316,0,0.946764,-1.25581,-19.9605,0,20,1.00039,0.000863011,1.00011,0.946286,0.020326,0,0.946504
237,1.00026,2.94898,0.799904,0.94654,0.0203367,0,0.946758,1.25581,-19.9605,0,20,1.00037,0.000821658,1.00011,0.946291,0.0203313,0,0.94651
238,1.00025,2.94894,0.799914,0.946538,0.0203418,0,0.946757,3.74763,-19.6457,0,20,1.00035,0.000787453,1.0001,0.9463,0.0203367,0,0.946518
239,1.00024,2.94887,0.799901,0.946507,0.0203344,0,0.946726,6.18034,-19.0211,0,20,1.00033,0.000741974,1.0001,0.946283,0.0203296,0,0.946501
240,1.00023,2.94881,0.799887,0.94648,0.0203157,0,0.946698,8.51559,-18.0965,0,20,1.00032,0.000713123,1.00009,0.946264,0.0203111,0,0.946482
241,1.00021,2.94871,0.799871,0.946439,0.0202952,0,0.946656,10.7165,-16.8866,0,20,1.00029,0.000649645,1.00008,0.946242,0.020291,0,0.94646
242,1.00019,2.94862,0.799865,0.946407,0.0202744,0,0.946624,12.7485,-15.4103,0,20,1.00026,0.000580178,1.00007,0.946231,0.0202706,0,0.946449
243,1.00016,2.94851,0.799867,0.94638,0.0202571,0,0.946597,14.5794,-13.6909,0,20,1.00022,0.000496874,1.00006,0.946229,0.0202539,0,0.946446
244,1.00013,2.9484,0.799883,0.946365,0.0202429,0,0.946581,16.1803,-11.7557,0,20,1.00018,0.000402691,1.00005,0.946242,0.0202402,0,0.946458
245,1.0001,2.94829,0.799908,0.946355,0.020231,0,0.946572,17.5261,-9.63507,0,20,1.00013,0.000298227,1.00004,0.946266,0.0202291,0,0.946482
246,1.00007,2.94822,0.799932,0.946358,0.0202273,0,0.946574,18.5955,-7.36249,0,20,1.0001,0.000225403,1.00003,0.94629,0.0202259,0,0.946506
247,1.00006,2.94818,0.799963,0.946375,0.0202312,0,0.946591,19.3717,-4.97379,0,20,1.00007,0.000166499,1.00002,0.946321,0.02023,0,0.946537
248,1,2.94802,0.799979,0.946338,0.0202371,0,0.946554,19.8423,-2.50666,0,20,1.00001,2.948e-05,1.00001,0.946337,0.020237,0,0.946554
249,0.999939,2.94784,0.799967,0.946268,0.0202006,0,0.946484,20,0,0,20,0.999957,-9.54579e-05,1.00002,0.946326,0.0202019,0,0.946542
250,0.89443,2.6748,0.943559,0.945582,-0.246279,0,0.977128,0.0604877,-0.052913,0,0.0803651,0.856428,-0.320474,0.957512,1.05719,-0.275348,0,1.09246
251,0.902272,2.69548,0.933502,0.972792,0.0879017,0,0.976756,0.660294,-0.0621214,0,0.66321,0.866714,-0.297514,0.960591,1.07816,0.0974227,0,1.08255
252,0.763888,2.32939,1.1297,0.967934,-0.00403,0,0.967942,0.425618,0.0671073,0,0.430876,0.686457,-0.699873,0.898635,1.26711,-0.00527564,0,1.26713
253,0.934128,2.77783,0.888092,0.9633,-0.104023,0,0.9689,0.689939,0.0514183,0,0.691853,0.910137,-0.200586,0.974317,1.03123,-0.111358,0,1.03722
254,0.887048,2.65611,0.955966,0.979662,0.0190834,0,0.979848,0.379248,-0.0775234,0,0.387091,0.845975,-0.343807,0.953696,1.10441,0.0215133,0,1.10462
255,1.15935,3.3281,0.484779,0.689793,0.0250392,0,0.690248,0.999468,-0.000728166,0,0.999468,1.24905,0.555912,1.07737,0.594982,0.0215976,0,0.595374
256,1.18465,3.41173,0.529721,0.762126,0.0894699,0,0.76736,0.998555,-0.00133244,0,0.998556,1.26528,0.592144,1.06807,0.643337,0.0755246,0,0.647755
257,0.948076,2.81408,0.869582,0.95869,0.115207,0,0.965587,0.7739,-0.0484197,0,0.775413,0.928948,-0.158599,0.979824,1.0112,0.121516,0,1.01847
258,0.913283,2.72411,0.918146,0.970069,0.0956785,0,0.974776,0.689965,-0.0589831,0,0.692481,0.881561,-0.264374,0.965265,1.06218,0.104763,0,1.06733
259,1.24168,3.54918,0.419473,0.33045,0.551957,0,0.643315,-0.0015073,0.00638414,0,0.00655966,1.35301,0.787969,1.08966,0.266131,0.444524,0,0.5181
260,0.936544,2.78434,0.885694,0.962944,0.109395,0,0.969138,0.746875,-0.0520919,0,0.748689,0.913162,-0.193835,0.975034,1.02819,0.116807,0,1.0348
261,0.876105,2.62699,0.969416,0.977133,-0.0641106,0,0.979234,0.583488,0.0616524,0,0.586736,0.831895,-0.375235,0.949538,1.11532,-0.0731769,0,1.11771
262,1.15413,3.333,0.565771,0.784872,0.129619,0,0.795503,0.992816,-0.0037383,0,0.992823,1.22354,0.498972,1.06014,0.680054,0.112308,0,0.689265
263,1.14715,3.3157,0.576753,0.791805,0.145649,0,0.805089,0.989936,-0.00474646,0,0.989948,1.21328,0.476062,1.05764,0.690237,0.126966,0,0.701817
264,0.879645,2.63617,0.964138,0.976117,-0.0707843,0,0.97868,0.599071,0.0604918,0,0.602117,0.836694,-0.364522,0.951172,1.10967,-0.0804692,0,1.11258
265,0.9248,2.75397,0.902093,0.966785,0.102882,0,0.972244,0.718866,-0.0556234,0,0.721014,0.897164,-0.229545,0.970117,1.0454,0.111248,0,1.0513
266,1.31717,3.72834,0.217301,0.141229,0.328966,0,0.358,-0.00170623,0.000676652,0,0.0018355,1.47188,1.0533,1.11745,0.107222,0.249752,0,0.271795
267,1.13823,3.29369,0.591115,0.801071,0.162736,0,0.817434,0.986573,-0.00590888,0,0.986591,1.20006,0.446571,1.05433,0.703789,0.142974,0,0.718165
268,1.12604,3.26353,0.61033,0.813646,0.179336,0,0.833175,0.982734,-0.00722881,0,0.982761,1.18212,0.406512,1.0498,0.722571,0.159262,0,0.739914
269,1.34105,3.7854,0.109468,0.168714,-0.0740794,0,0.184261,-0.0017181,-0.00752632,0,0.00771993,1.5091,1.13638,1.12531,0.125807,-0.0552399,0,0.1374
270,0.897044,2.68186,0.940801,0.973947,0.0838598,0,0.977551,0.645211,-0.0635975,0,0.648338,0.859689,-0.313194,0.958358,1.08573,0.0934846,0,1.08975
271,0.970216,2.87096,0.838554,0.949102,0.124985,0,0.957296,0.824546,-0.0408617,0,0.825558,0.959476,-0.0904563,0.98893,0.978237,0.128822,0,0.986683
272,0.959248,2.84282,0.853958,0.954105,0.120343,0,0.961665,0.799818,-0.0446707,0,0.801065,0.944312,-0.124303,0.98443,0.994639,0.125456,0,1.00252
273,0.761765,2.32371,1.13292,0.967241,0.0196169,0,0.967439,0.348512,0.0660415,0,0.354714,0.683755,-0.705903,0.897594,1.26974,0.025752,0,1.27
274,0.981134,2.89891,0.823195,0.943671,0.12917,0,0.952471,0.847955,-0.0370546,0,0.848764,0.974634,-0.0566206,0.993375,0.961817,0.131654,0,0.970786
275,0.751375,2.29569,1.148,0.963223,0.0457975,0,0.964311,0.247374,0.0613899,0,0.254877,0.670757,-0.734917,0.892707,1.28195,0.0609515,0,1.2834
276,0.992133,2.927,0.807691,0.937811,0.132464,0,0.94712,0.869983,-0.0332754,0,0.870619,0.989969,-0.0223903,0.997819,0.945247,0.133515,0,0.95463
277,0.916304,2.73121,0.911291,0.832654,0.500968,0,0.971742,0.0101128,0.0205316,0,0.0228871,0.886379,-0.253619,0.967341,0.908709,0.546726,0,1.0605
278,1.00228,2.95286,0.79333,0.932102,0.134202,0,0.941714,0.890526,-0.0295797,0,0.891017,1.00418,0.00933293,1.00189,0.92998,0.133896,0,0.939569
279,0.859442,2.58327,0.992764,0.959782,-0.197908,0,0.979974,0.0768315,-0.0574929,0,0.095961,0.809827,-0.424493,0.942271,1.11675,-0.230275,0,1.14024
280,1.00913,2.97028,0.783625,0.928028,0.135211,0,0.937826,0.909512,-0.0260183,0,0.909884,1.0138,0.030804,1.00463,0.91963,0.133987,0,0.929339
281,1.34578,3.79765,0.0912224,0.122606,0.0934295,0,0.154147,-0.00209917,-0.00369158,0,0.00424668,1.51553,1.15074,1.12613,0.0911039,0.0694239,0,0.114541
282,1.01353,2.98146,0.777461,0.921956,0.15744,0,0.935302,0.942491,-0.0191834,0,0.942686,1.01996,0.0445584,1.00635,0.909652,0.155339,0,0.92282
283,1.01102,2.97508,0.780981,0.926162,0.140463,0,0.936753,0.926861,-0.022587,0,0.927136,1.01644,0.0367015,1.00537,0.91607,0.138932,0,0.926546
284,1.09777,3.19334,0.654109,0.743332,-0.444447,0,0.866069,0.0175106,-0.0327989,0,0.0371804,1.14068,0.314026,1.03909,0.677128,-0.404863,0,0.788934
285,0.863696,2.59454,0.987122,0.979698,0.0294949,0,0.980142,0.425857,-0.0766063,0,0.432692,0.815357,-0.412149,0.944032,1.13431,0.0341497,0,1.13482
286,0.986644,2.91299,0.815434,0.940779,0.13098,0,0.949853,0.85915,-0.035156,0,0.859869,0.982308,-0.0394915,0.995605,0.953515,0.132753,0,0.962712
287,1.03152,3.02703,0.751659,0.904912,0.184711,0,0.923572,0.956341,-0.0156727,0,0.956469,1.04543,0.101402,1.01349,0.877263,0.179068,0,0.895352
288,1.11018,3.22421,0.635089,0.830184,0.192979,0,0.852319,0.97841,-0.00872777,0,0.978449,1.15881,0.354495,1.04381,0.747792,0.173827,0,0.76773
289,1.06984,3.12356,0.695967,0.870151,0.202534,0,0.89341,0.968333,-0.0120835,0,0.968408,1.10021,0.223685,1.02838,0.813343,0.189311,0,0.835084
290,0.78336,2.38166,1.10159,0.970148,-0.0716614,0,0.972791,0.158305,-0.0706781,0,0.173367,0.71106,-0.644956,0.907705,1.23844,-0.0914796,0,1.24182
291,1.0063,2.96308,0.787635,0.92976,0.134607,0,0.939454,0.900221,-0.0277806,0,0.900649,1.00982,0.0219258,1.0035,0.923938,0.133764,0,0.933571
292,0.942366,2.79936,0.877563,0.960859,0.112398,0,0.96741,0.760521,-0.0502695,0,0.76218,0.921122,-0.176068,0.977456,1.01962,0.119272,0,1.02658
293,1.16596,3.36125,0.542913,0.766569,0.0997424,0,0.77303,0.997136,-0.00208874,0,0.997138,1.242,0.54017,1.06521,0.657456,0.0855452,0,0.662998
294,0.882983,2.64516,0.960434,0.976599,0.0714288,0,0.979207,0.599155,-0.0676126,0,0.602958,0.84088,-0.355178,0.952318,1.10602,0.0808949,0,1.10898
295,0.861917,2.58987,0.989646,0.97966,0.0330005,0,0.980216,0.441557,-0.0761571,0,0.448076,0.812999,-0.417413,0.943245,1.13661,0.0382873,0,1.13725
296,0.869072,2.60872,0.97987,0.978621,0.0550554,0,0.980169,0.536424,-0.0719275,0,0.541225,0.822396,-0.396438,0.946292,1.12605,0.0633496,0,1.12783
297,0.862266,2.59084,0.989354,0.979558,0.0399121,0,0.980371,0.473124,-0.0750424,0,0.479038,0.813407,-0.416502,0.943336,1.13603,0.0462875,0,1.13697
298,0.86449,2.59669,0.986279,0.979201,0.0472731,0,0.980342,0.504782,-0.0736345,0,0.510125,0.816334,-0.40997,0.944295,1.13269,0.0546833,0,1.13401
299,0.86311,2.59307,0.988211,0.979414,0.0435219,0,0.980381,0.488941,-0.0743747,0,0.494566,0.81451,-0.41404,0.943693,1.13475,0.0504245,0,1.13587
300,0.801685,2.43054,1.07502,0.970049,-0.108359,0,0.976083,0.124915,-0.0666512,0,0.141584,0.734533,-0.592561,0.916236,1.21001,-0.135164,0,1.21754
301,1.025,3.01032,0.760267,0.839572,-0.393374,0,0.927159,0.0274445,-0.0391906,0,0.0478446,1.0364,0.0812411,1.01112,0.819097,-0.38378,0,0.904548
302,0.878353,2.63321,0.967493,0.979856,0.0221575,0,0.980107,0.39469,-0.0772898,0,0.402187,0.834553,-0.3693,0.950134,1.11556,0.0252262,0,1.11585
303,0.938341,2.78871,0.882219,0.919312,-0.302181,0,0.967702,0.0459008,-0.0478194,0,0.0662841,0.915887,-0.187752,0.97607,0.97972,-0.322038,0,1.03129
304,0.868961,2.60842,0.979991,0.979804,0.0258267,0,0.980145,0.410228,-0.0769849,0,0.417389,0.822258,-0.396746,0.946254,1.12756,0.0297213,0,1.12795
305,0.774936,2.35929,1.11457,0.971394,0.0067761,0,0.971418,0.318853,-0.0777486,0,0.328195,0.700174,-0.669255,0.903525,1.25352,0.00874408,0,1.25355
306,0.849944,2.55765,1.00376,0.977971,0.014921,0,0.978085,0.348745,-0.0777829,0,0.357314,0.79795,-0.451003,0.938828,1.15063,0.0175553,0,1.15076
307,0.993073,2.92915,0.80551,0.873267,-0.363114,0,0.945752,0.0331336,-0.0421836,0,0.0536404,0.991525,-0.018918,0.998441,0.879358,-0.365646,0,0.952349
308,0.770072,2.3462,1.12145,0.970082,-0.00284581,0,0.970087,0.289652,-0.0774231,0,0.299821,0.694068,-0.682884,0.901303,1.25973,-0.00369552,0,1.25974
309,1.01139,2.97602,0.780492,0.924934,0.147185,0,0.936571,0.934896,-0.0208901,0,0.935129,1.01695,0.0378379,1.0055,0.914522,0.145528,0,0.926028
310,0.7887,2.39592,1.09377,0.970296,-0.0826825,0,0.973812,0.146823,-0.0694481,0,0.162419,0.717892,-0.629705,0.910222,1.23025,-0.104834,0,1.23471
311,0.772345,2.35217,1.11764,0.969305,-0.0440207,0,0.970304,0.194741,-0.0737055,0,0.208223,0.697067,-0.676189,0.902534,1.25502,-0.0569962,0,1.25631
312,0.844802,2.54475,1.01345,0.963913,-0.176616,0,0.97996,0.0856382,-0.0595846,0,0.104328,0.790552,-0.467518,0.935783,1.14099,-0.209062,0,1.15999
313,0.820235,2.4798,1.04834,0.968426,-0.139339,0,0.978399,0.104493,-0.06338,0,0.122212,0.758508,-0.539044,0.924745,1.18067,-0.169877,0,1.19283
314,0.875365,2.62522,0.971087,0.977789,0.0631394,0,0.979826,0.567926,-0.0699271,0,0.572215,0.830739,-0.377815,0.94902,1.11701,0.0721293,0,1.11933
315,0.778633,2.36903,1.10851,0.969835,-0.0616968,0,0.971796,0.170129,-0.0717975,0,0.184659,0.705036,-0.658402,0.905479,1.24556,-0.0792373,0,1.24808
316,0.887348,2.65657,0.954337,0.975843,0.0756,0,0.978767,0.614633,-0.0663427,0,0.618203,0.846706,-0.342173,0.954198,1.09973,0.0851976,0,1.10302
317,0.997441,2.94053,0.800192,0.934863,0.133548,0,0.944354,0.880449,-0.0314146,0,0.881009,0.997393,-0.00581964,0.999952,0.937262,0.133891,0,0.946777
318,1.05994,3.09855,0.709971,0.796808,-0.42131,0,0.901335,0.0222478,-0.036061,0,0.0423717,1.08613,0.192249,1.02471,0.751747,-0.397484,0,0.850363
319,1.16074,3.3495,0.555824,0.778221,0.115979,0,0.786816,0.995222,-0.00287193,0,0.995226,1.23313,0.520376,1.06237,0.670453,0.099918,0,0.677858
320,1.22183,3.49912,0.449544,0.513132,-0.441162,0,0.676704,0.00627503,-0.0224243,0,0.0232858,1.32469,0.724756,1.08419,0.419971,-0.361067,0,0.553845
321,0.835077,2.51836,1.02447,0.897851,0.386218,0,0.977395,0.0181742,0.0254032,0,0.031235,0.778548,-0.494311,0.932308,1.07517,0.462495,0,1.17043
322,1.01061,2.97403,0.781543,0.926931,0.136807,0,0.936972,0.918395,-0.0242903,0,0.918716,1.01587,0.0354235,1.00521,0.917203,0.135371,0,0.927139
323,1.01968,2.99707,0.768657,0.915696,0.170627,0,0.931457,0.949647,-0.0174465,0,0.949807,1.02865,0.0639588,1.0088,0.898023,0.167334,0,0.91348
324,1.09104,3.17656,0.664339,0.849616,0.201281,0,0.873133,0.973611,-0.0103518,0,0.973666,1.13087,0.292132,1.03651,0.778724,0.184486,0,0.800279
325,1.17368,3.38251,0.539033,0.46125,0.620171,0,0.772893,-0.000170317,0.00944969,0,0.00945123,1.25121,0.560739,1.06606,0.392995,0.528398,0,0.658521
326,0.975665,2.88492,0.830897,0.94645,0.127152,0,0.954953,0.836418,-0.038956,0,0.837325,0.967032,-0.0735895,0.991151,0.970056,0.130324,0,0.978771
327,0.76976,2.34527,1.12154,0.969599,-0.0175087,0,0.969757,0.247462,-0.0763601,0,0.258975,0.693764,-0.683563,0.901273,1.25961,-0.0227456,0,1.25982
328,0.872061,2.61656,0.975705,0.978247,0.0590679,0,0.980029,0.552204,-0.0709687,0,0.556745,0.826353,-0.387605,0.947587,1.12177,0.0677337,0,1.12381
329,0.93066,2.76913,0.893907,0.964924,0.106231,0,0.970754,0.732984,-0.0538758,0,0.734961,0.905138,-0.211745,0.972576,1.03682,0.114146,0,1.04308
330,0.953693,2.82854,0.861729,0.956442,0.117848,0,0.963675,0.786999,-0.0465533,0,0.788375,0.936664,-0.141376,0.982144,1.00288,0.12357,0,1.01047
331,0.810159,2.45305,1.06274,0.969429,-0.123151,0,0.97722,0.11451,-0.0650853,0,0.131714,0.745475,-0.568135,0.920159,1.19659,-0.152008,0,1.20621
332,0.769975,2.34583,1.12116,0.96932,-0.0294382,0,0.969767,0.220554,-0.0752139,0,0.233026,0.694052,-0.682921,0.901395,1.2589,-0.0382327,0,1.25948
333,0.878995,2.63473,0.966016,0.977249,0.0672689,0,0.979562,0.583587,-0.0688077,0,0.587629,0.835566,-0.367041,0.950592,1.11178,0.0765293,0,1.11441
334,0.9077,2.7096,0.925937,0.971506,0.0918474,0,0.975838,0.675209,-0.0605823,0,0.677922,0.874022,-0.281201,0.962898,1.07029,0.101187,0,1.07507
335,0.915171,2.72874,0.914548,0.934339,-0.273376,0,0.973512,0.0529603,-0.0504411,0,0.0731375,0.88438,-0.258079,0.966356,1.02095,-0.298716,0,1.06375
336,1.26206,3.59671,0.368714,0.418276,-0.397438,0,0.576985,0.00351705,-0.018784,0,0.0191104,1.38593,0.861447,1.09815,0.331423,-0.314912,0,0.457177
337,1.13804,3.29345,0.592219,0.67818,-0.45868,0,0.818728,0.0132778,-0.0294553,0,0.0323097,1.19958,0.445485,1.05407,0.595918,-0.403042,0,0.719417
338,0.88205,2.64274,0.961791,0.979196,0.0168184,0,0.97934,0.363935,-0.0776897,0,0.372135,0.839622,-0.357986,0.951898,1.11014,0.0190674,0,1.1103
339,0.774897,2.35902,1.11394,0.969509,-0.0524879,0,0.970928,0.182287,-0.0728047,0,0.196288,0.700296,-0.668981,0.903729,1.25115,-0.0677353,0,1.25298
340,1.21635,3.50018,0.518674,0.770544,-0.0522328,0,0.772312,0.999938,-0.000381555,0,0.999938,1.302,0.674104,1.07041,0.633488,-0.0429423,0,0.634942
341,0.769616,2.34488,1.12176,0.969446,-0.0232079,0,0.969724,0.233869,-0.0758307,0,0.245855,0.693581,-0.683971,0.901204,1.25965,-0.0301552,0,1.26001
342,0.831796,2.51042,1.03193,0.966717,-0.157117,0,0.979402,0.0948637,-0.0615477,0,0.113081,0.773528,-0.505517,0.92995,1.16221,-0.188889,0,1.17745
343,0.768615,2.34241,1.1241,0.970078,0.00184535,0,0.97008,0.304155,-0.0776273,0,0.313905,0.692096,-0.687286,0.900446,1.26211,0.00240088,0,1.26211
344,0.770455,2.34713,1.1205,0.969835,-0.0122949,0,0.969913,0.261299,-0.0767897,0,0.272349,0.694649,-0.681587,0.901609,1.25878,-0.0159579,0,1.25888
345,0.861804,2.58961,0.989917,0.979635,0.0364237,0,0.980311,0.457317,-0.0756381,0,0.46353,0.812819,-0.417814,0.94316,1.13673,0.0422645,0,1.13751
346,0.918992,2.73892,0.910181,0.96849,0.0993606,0,0.973573,0.704509,-0.0573303,0,0.706838,0.889287,-0.247127,0.967677,1.05386,0.108119,0,1.05939
347,1.29324,3.67321,0.302742,0.221675,0.43425,0,0.487558,-0.00206573,0.00313689,0,0.00375597,1.43252,0.965452,1.1077,0.171411,0.335785,0,0.377006
348,1.32627,3.75103,0.191778,0.236241,-0.213564,0,0.318464,-0.000490081,-0.0113077,0,0.0113183,1.48512,1.08286,1.11977,0.178124,-0.161026,0,0.24012
349,0.884037,2.64785,0.958711,0.977797,-0.0462652,0,0.978891,0.536274,0.0644515,0,0.540133,0.842354,-0.351888,0.95285,1.10606,-0.052334,0,1.1073
350,1.33145,3.7621,0.157085,0.106226,0.239705,0,0.262188,-0.00169027,-0.00095476,0,0.00194128,1.49452,1.10383,1.12247,0.0797822,0.180032,0,0.196918
351,0.783592,2.38149,1.09808,0.924523,0.295432,0,0.970579,0.028151,0.0298864,0,0.041057,0.712157,-0.642507,0.908836,1.17985,0.377023,0,1.23863
352,0.73494,2.25079,1.17026,0.940015,0.182683,0,0.957601,0.0536509,0.0377643,0,0.0656092,0.650772,-0.779528,0.885476,1.27904,0.248568,0,1.30297
353,0.752717,2.29868,1.14344,0.93524,0.229529,0,0.962994,0.0400008,0.0339816,0,0.0524863,0.673069,-0.729757,0.894185,1.24249,0.304934,0,1.27936
354,0.725159,2.22462,1.18627,0.949996,0.097261,0,0.954962,0.114953,0.0488935,0,0.124919,0.638329,-0.807302,0.880261,1.31005,0.134124,0,1.3169
355,0.762933,2.32684,1.13115,0.967719,0.00101373,0,0.96772,0.409986,0.0670745,0,0.415436,0.685241,-0.702587,0.898166,1.26842,0.00132873,0,1.26842
356,1.14374,3.30585,0.57674,0.798416,-0.0826346,0,0.802681,0.997098,0.00202384,0,0.9971,1.20968,0.468026,1.05765,0.698073,-0.0722493,0,0.701802
357,0.852555,2.56426,0.9991,0.976386,-0.0421659,0,0.977296,0.520445,0.0651594,0,0.524509,0.801647,-0.442751,0.940288,1.14525,-0.0494583,0,1.14631
358,0.760137,2.31959,1.13634,0.967461,-0.0209842,0,0.967689,0.472912,0.0666126,0,0.47758,0.681452,-0.711044,0.896486,1.27275,-0.0276058,0,1.27305
359,1.10178,3.20297,0.646738,0.859168,-0.0419842,0,0.860193,0.973175,0.00717033,0,0.973201,1.14687,0.327836,1.04093,0.779803,-0.038106,0,0.780734
360,1.11111,3.22615,0.632279,0.847841,-0.0536847,0,0.849539,0.962028,0.00869895,0,0.962068,1.16055,0.35837,1.04449,0.763057,-0.0483163,0,0.764585
361,1.06396,3.10843,0.703325,0.889501,-0.116113,0,0.897048,0.890152,0.0206792,0,0.890392,1.09211,0.205599,1.02646,0.836029,-0.109133,0,0.843122
362,0.767465,2.33915,1.12506,0.968879,-0.0282191,0,0.96929,0.488742,0.0662377,0,0.49321,0.690822,-0.690129,0.900135,1.26244,-0.0367693,0,1.26298
363,0.764269,2.33042,1.12917,0.968016,-0.00920389,0,0.96806,0.441325,0.0670438,0,0.446388,0.686931,-0.698814,0.898808,1.26659,-0.0120427,0,1.26665
364,0.761999,2.32433,1.13254,0.967423,0.0107039,0,0.967482,0.379006,0.0667271,0,0.384835,0.684058,-0.705227,0.897715,1.26959,0.0140472,0,1.26966
365,1.09163,3.17767,0.662137,0.864581,-0.105079,0,0.870943,0.926351,0.0143933,0,0.926463,1.13209,0.294852,1.03707,0.792013,-0.0962595,0,0.797841
366,1.07679,3.14059,0.684348,0.878333,-0.112379,0,0.885493,0.90907,0.0174097,0,0.909237,1.1106,0.246875,1.0314,0.815696,-0.104365,0,0.822345
367,0.724893,2.22372,1.18592,0.944785,0.135073,0,0.954391,0.0774413,0.042886,0,0.0885232,0.638177,-0.80764,0.880375,1.30334,0.186335,0,1.3166
368,1.09675,3.19048,0.654512,0.864596,-0.0447417,0,0.865753,0.978052,0.00646015,0,0.978073,1.13951,0.311405,1.03899,0.788328,-0.0407949,0,0.789383
369,1.11225,3.22898,0.630526,0.845709,-0.0652873,0,0.848225,0.955767,0.00958874,0,0.955815,1.16222,0.362088,1.04492,0.760359,-0.0586984,0,0.762621
370,1.10566,3.21263,0.640747,0.851182,-0.0891862,0,0.855841,0.941927,0.0117418,0,0.942,1.15256,0.340532,1.04241,0.769838,-0.0806631,0,0.774053
371,0.724262,2.22212,1.18735,0.947668,0.113667,0,0.95446,0.0953974,0.0460012,0,0.105909,0.637284,-0.809635,0.879908,1.30846,0.156941,0,1.31784
372,0.729723,2.23669,1.17817,0.941621,0.164259,0,0.955841,0.0611548,0.0395267,0,0.0728167,0.644272,-0.794035,0.8829,1.29038,0.225097,0,1.30987
373,0.758081,2.31379,1.13826,0.965728,0.0351435,0,0.966367,0.289477,0.0637567,0,0.296415,0.679138,-0.71621,0.895865,1.27391,0.0463584,0,1.27475
374,0.753885,2.30247,1.14436,0.964176,0.0422696,0,0.965102,0.261178,0.0622295,0,0.268489,0.673889,-0.727928,0.893888,1.27894,0.056069,0,1.28017
375,0.737427,2.25796,1.16837,0.957134,0.0690956,0,0.959625,0.170317,0.0552555,0,0.179056,0.653427,-0.7736,0.88609,1.29794,0.0936982,0,1.30132
376,0.7608,2.32111,1.13429,0.966753,0.0276539,0,0.967148,0.318641,0.0650379,0,0.325211,0.682551,-0.708591,0.897149,1.2707,0.0363484,0,1.27122
377,0.762545,2.32591,1.13216,0.967802,-0.0148262,0,0.967916,0.457094,0.066882,0,0.461961,0.684642,-0.703923,0.897839,1.26917,-0.019443,0,1.26932
378,0.762301,2.32515,1.1321,0.967548,0.00591971,0,0.967566,0.394447,0.066946,0,0.400087,0.684438,-0.70438,0.897858,1.26925,0.00776558,0,1.26927
379,0.73199,2.24319,1.17629,0.954403,0.0783535,0,0.957614,0.147115,0.0528373,0,0.156316,0.646721,-0.78857,0.883511,1.30385,0.107042,0,1.30823
380,0.726731,2.22887,1.18387,0.951257,0.0901683,0,0.955521,0.125308,0.0502475,0,0.135007,0.640281,-0.802945,0.881042,1.30895,0.124074,0,1.31482
381,0.897087,2.68174,0.939869,0.973262,-0.0827674,0,0.976775,0.629923,0.0578502,0,0.632574,0.859987,-0.31253,0.958643,1.08491,-0.0922624,0,1.08883
382,0.741787,2.26978,1.16204,0.959255,0.0608597,0,0.961184,0.194827,0.0574832,0,0.20313,0.658817,-0.76157,0.888148,1.29317,0.0820447,0,1.29577
383,0.746222,2.28177,1.15554,0.961196,0.0530964,0,0.962662,0.220546,0.0595287,0,0.228439,0.664332,-0.749259,0.890261,1.28808,0.0711537,0,1.29005
384,0.9151,2.72857,0.914694,0.969031,-0.0938975,0,0.97357,0.660258,0.0548121,0,0.66253,0.884272,-0.258322,0.966312,1.05893,-0.102609,0,1.06389
385,0.879801,2.63688,0.96502,0.977931,-0.0572997,0,0.979608,0.567811,0.0627019,0,0.571263,0.836603,-0.364726,0.9509,1.11154,-0.065128,0,1.11344
386,0.972344,2.87614,0.834583,0.947966,-0.119016,0,0.955408,0.746832,0.0438412,0,0.748118,0.962701,-0.0832563,0.990083,0.974929,-0.122401,0,0.982583
387,0.953392,2.82749,0.861168,0.956231,-0.112491,0,0.962825,0.718839,0.047733,0,0.720422,0.936525,-0.141684,0.982309,1.00298,-0.117991,0,1.00989
388,1.00823,2.9677,0.78385,0.928809,-0.125374,0,0.937232,0.799698,0.0357613,0,0.800497,1.01284,0.0286495,1.00456,0.921222,-0.12435,0,0.929577
389,0.990737,2.92315,0.808638,0.938699,-0.123343,0,0.946768,0.773826,0.0398135,0,0.77485,0.988308,-0.0260976,0.997549,0.947475,-0.124497,0,0.95562
390,1.03905,3.04575,0.739675,0.908683,-0.122925,0,0.91696,0.847714,0.0278689,0,0.848172,1.05646,0.126026,1.01675,0.874529,-0.118305,0,0.882495
391,1.02447,3.00889,0.760675,0.918648,-0.125122,0,0.92713,0.824369,0.0317466,0,0.82498,1.03575,0.0797981,1.01101,0.896704,-0.122133,0,0.904983
392,1.07015,3.12396,0.694208,0.884234,-0.114407,0,0.891605,0.899813,0.0190164,0,0.900014,1.10101,0.22548,1.02884,0.826272,-0.106908,0,0.833159
393,1.05197,3.07831,0.720894,0.899119,-0.119572,0,0.907035,0.869676,0.0241688,0,0.870012,1.07491,0.167211,1.0218,0.854697,-0.113665,0,0.862222
394,1.11031,3.22416,0.633559,0.846954,-0.0777589,0,0.850516,0.949069,0.0105999,0,0.949128,1.15936,0.35572,1.04418,0.76281,-0.0700336,0,0.766018
395,1.08401,3.15865,0.673584,0.871731,-0.109522,0,0.878584,0.917919,0.0158646,0,0.918056,1.12104,0.270185,1.03416,0.804173,-0.101034,0,0.810495
396,1.10722,3.21649,0.638313,0.852839,-0.0452563,0,0.854039,0.967831,0.00790442,0,0.967864,1.15485,0.345642,1.04301,0.770251,-0.0408737,0,0.771335
397,1.0457,3.06251,0.730031,0.903851,-0.121329,0,0.911958,0.858877,0.0259914,0,0.85927,1.06594,0.147185,1.01936,0.864351,-0.116026,0,0.872104
398,1.05799,3.09344,0.712091,0.894389,-0.117822,0,0.902116,0.880108,0.0223981,0,0.880393,1.08354,0.186463,1.02414,0.845365,-0.111364,0,0.852669
399,1.01653,2.98877,0.772013,0.923718,-0.125512,0,0.932207,0.812192,0.0337445,0,0.812892,1.02453,0.0547605,1.00787,0.908694,-0.123471,0,0.917044
400,1.03198,3.02788,0.749883,0.913616,-0.124225,0,0.922022,0.836209,0.0297871,0,0.83674,1.0464,0.103565,1.01397,0.885304,-0.120375,0,0.89345
401,0.981637,2.89992,0.821499,0.94344,-0.121486,0,0.95123,0.760465,0.0418375,0,0.761615,0.975613,-0.0544344,0.993864,0.961088,-0.123759,0,0.969024
402,0.999634,2.94583,0.796083,0.933835,-0.124658,0,0.942119,0.786904,0.0377861,0,0.787811,1.00075,0.00167388,1.00112,0.934177,-0.124704,0,0.942464
403,0.943795,2.80277,0.874585,0.959914,-0.108498,0,0.966026,0.704485,0.0496095,0,0.70623,0.923354,-0.171085,0.978341,1.01708,-0.114959,0,1.02355
404,0.962906,2.85193,0.847822,0.952227,-0.116032,0,0.95927,0.732951,0.0458074,0,0.734381,0.949644,-0.112402,0.986227,0.988909,-0.120502,0,0.996224
405,0.906096,2.70519,0.927311,0.971332,-0.0884099,0,0.975347,0.645166,0.0563802,0,0.647625,0.872098,-0.285495,0.962479,1.072,-0.0975724,0,1.07643
406,0.924474,2.75285,0.901565,0.966337,-0.0991616,0,0.971412,0.67518,0.0531562,0,0.677269,0.896994,-0.229924,0.970276,1.04528,-0.107263,0,1.05077
407,0.887088,2.6561,0.955463,0.978125,-0.0510532,0,0.979456,0.552072,0.0636369,0,0.555727,0.84615,-0.343416,0.953851,1.10262,-0.0575515,0,1.10413
408,0.887766,2.65738,0.952749,0.974817,-0.0769464,0,0.977849,0.614563,0.0592219,0,0.61741,0.847539,-0.340314,0.954687,1.09806,-0.0866742,0,1.10147
409,0.743907,2.27552,1.15895,0.960223,0.0569226,0,0.961909,0.207546,0.058529,0,0.215641,0.661447,-0.755699,0.889153,1.29078,0.0765185,0,1.29305
410,0.748761,2.28863,1.15182,0.962218,0.049389,0,0.963485,0.233819,0.0604831,0,0.241515,0.667496,-0.742196,0.891467,1.28508,0.0659609,0,1.28677
411,0.734834,2.25092,1.17216,0.955863,0.0735385,0,0.958688,0.158545,0.0540685,0,0.167511,0.650221,-0.780756,0.884855,1.30079,0.100075,0,1.30463
412,0.739708,2.26415,1.16507,0.958264,0.0649021,0,0.96046,0.182423,0.0563934,0,0.190941,0.65624,-0.767321,0.887161,1.29546,0.0877402,0,1.29843
413,0.74248,2.27112,1.15882,0.938015,0.204191,0,0.959982,0.046606,0.0359103,0,0.058836,0.660208,-0.758464,0.889194,1.26335,0.275013,0,1.29294
414,0.729163,2.2355,1.18036,0.952815,0.0838423,0,0.956497,0.13604,0.0515673,0,0.145485,0.643257,-0.796301,0.882186,1.30672,0.114984,0,1.31177
415,0.87138,2.61392,0.973488,0.872065,0.441362,0,0.977394,0.0139083,0.023033,0,0.0269065,0.826308,-0.387704,0.948275,1.00079,0.506509,0,1.12166
416,0.766146,2.33476,1.12356,0.93105,0.259693,0,0.966589,0.0338456,0.0319681,0,0.0465562,0.690009,-0.691945,0.900622,1.21524,0.33896,0,1.26162
417,0.77082,2.34809,1.11989,0.969269,-0.0363311,0,0.969949,0.207508,-0.0745075,0,0.220479,0.69513,-0.680513,0.901806,1.25745,-0.0471331,0,1.25833
418,1.03367,3.03253,0.748758,0.692482,0.609167,0,0.922288,0.00399143,0.015229,0,0.0157434,1.04843,0.108106,1.01428,0.669924,0.589323,0,0.892245
419,1.04896,3.07105,0.72647,0.88933,0.196437,0,0.910766,0.962577,-0.0138731,0,0.962677,1.07027,0.156844,1.02031,0.847821,0.187268,0,0.868256
420,0.964751,2.85695,0.846232,0.951653,0.122715,0,0.959532,0.81234,-0.0427717,0,0.813465,0.951912,-0.10734,0.986692,0.986423,0.127199,0,0.994591
421,0.803026,2.43358,1.07104,0.974702,0.0115975,0,0.974771,0.33371,-0.0777986,0,0.342659,0.736783,-0.587537,0.917509,1.21379,0.0144422,0,1.21387
422,0.866503,2.60198,0.983467,0.978944,0.0511257,0,0.980278,0.520613,-0.072818,0,0.525681,0.818994,-0.404031,0.945172,1.12976,0.0590024,0,1.1313
423,1.10331,3.20796,0.648739,0.586101,0.6346,0,0.863847,0.00166783,0.0124041,0,0.0125157,1.14791,0.330165,1.04043,0.531223,0.575181,0,0.782963
424,0.806186,2.44175,1.06554,0.914277,0.337316,0,0.974517,0.0229372,0.0276979,0,0.0359623,0.741099,-0.577904,0.919265,1.13408,0.41841,0,1.2088
425,0.970393,2.87095,0.836646,0.774243,0.560038,0,0.95556,0.00680999,0.0179384,0,0.0191876,0.960189,-0.0888648,0.989484,0.797865,0.577125,0,0.984714
426,0.724328,2.22224,1.18701,0.946296,0.123571,0,0.95433,0.0862121,0.0444718,0,0.0970065,0.637424,-0.809321,0.880021,1.30645,0.170601,0,1.31754
427,0.72651,2.22803,1.1832,0.943186,0.14851,0,0.954806,0.0690847,0.0412383,0,0.0804567,0.640246,-0.803023,0.881262,1.29824,0.204416,0,1.31424
428,0.756141,2.30855,1.14108,0.96501,0.03874,0,0.965787,0.27522,0.0630204,0,0.282343,0.67671,-0.72163,0.894952,1.27623,0.0512339,0,1.27726
429,0.724465,2.22273,1.18728,0.948888,0.10503,0,0.954683,0.104983,0.0474736,0,0.115218,0.637479,-0.809199,0.879931,1.30978,0.144976,0,1.31778
430,1.09436,3.18456,0.658254,0.866807,-0.052809,0,0.868414,0.982457,0.00572543,0,0.982474,1.136,0.303572,1.03805,0.792068,-0.0482556,0,0.793536
431,1.09635,3.18953,0.65521,0.863923,-0.0640202,0,0.866292,0.986371,0.00498291,0,0.986383,1.13891,0.310064,1.03881,0.787997,-0.0583937,0,0.790157
432,0.759653,2.31802,1.13596,0.966306,0.031455,0,0.966818,0.30396,0.0644341,0,0.310714,0.681111,-0.711806,0.896608,1.27204,0.041407,0,1.27271
433,1.10337,3.207,0.64447,0.85534,-0.0753602,0,0.858653,0.989797,0.00421929,0,0.989806,1.14916,0.332939,1.04149,0.775203,-0.0682997,0,0.778206
434,1.11471,3.23515,0.626973,0.841512,-0.0836716,0,0.845662,0.992723,0.00345887,0,0.992729,1.16575,0.369981,1.04579,0.754916,-0.0750613,0,0.758638
435,0.761481,2.32295,1.13333,0.967064,0.0237287,0,0.967355,0.333486,0.065573,0,0.339872,0.683401,-0.706695,0.897463,1.26998,0.0311612,0,1.27036
436,0.761869,2.32399,1.13276,0.96734,0.0152807,0,0.967461,0.363696,0.0664265,0,0.369712,0.683889,-0.705605,0.897647,1.26969,0.0200569,0,1.26985
437,1.09912,3.19635,0.650767,0.857423,-0.0984075,0,0.863051,0.934355,0.0130109,0,0.934446,1.143,0.319207,1.03993,0.780098,-0.0895329,0,0.785219
438,1.21543,3.49698,0.51651,0.766288,0.0604774,0,0.768671,0.999929,0.000382707,0,0.999929,1.30157,0.67314,1.07087,0.630467,0.049758,0,0.632427
439,1.17063,3.37647,0.54979,0.781473,-0.0784338,0,0.785399,0.998531,0.00130599,0,0.998532,1.2452,0.547325,1.0637,0.667566,-0.0670014,0,0.67092
440,1.15196,3.30863,0.49226,0.695726,-0.0176114,0,0.695949,0.999453,0.000720757,0,0.999454,1.23936,0.534287,1.07587,0.603947,-0.0152881,0,0.604141
441,0.89205,2.66884,0.947766,0.974956,0.0797506,0,0.978212,0.62998,-0.0650038,0,0.633325,0.852996,-0.328134,0.95622,1.09294,0.0894015,0,1.09659
442,0.964233,2.85536,0.846051,0.899409,-0.332316,0,0.958838,0.0392882,-0.0450679,0,0.0597886,0.951452,-0.108367,0.986745,0.932771,-0.344642,0,0.994404
443,1.12933,3.27146,0.604361,0.823348,-0.0876055,0,0.827995,0.995162,0.00273309,0,0.995166,1.18717,0.417793,1.05122,0.729057,-0.0775729,0,0.733172
444,0.80051,2.42653,1.07325,0.972683,-0.0360325,0,0.97335,0.504598,0.0657552,0,0.508865,0.733909,-0.593954,0.916801,1.21508,-0.0450119,0,1.21591
445,1.2979,3.68302,0.281983,0.322727,-0.322588,0,0.456307,0.0012641,-0.0150775,0,0.0151304,1.44112,0.984646,1.11035,0.248653,-0.248547,0,0.351573
446,1.17988,3.39661,0.524118,0.601033,-0.45959,0,0.756614,0.00952636,-0.0259769,0,0.0276686,1.26161,0.583941,1.06926,0.5094,-0.389522,0,0.641261
447,0.87591,2.62644,0.969561,0.953845,-0.221122,0,0.97914,0.0684436,-0.0552686,0,0.0879724,0.831671,-0.375735,0.949493,1.08898,-0.252448,0,1.11785
448,0.794662,2.41183,1.08515,0.970292,-0.0948687,0,0.974919,0.135696,-0.06811,0,0.15183,0.725518,-0.612683,0.91299,1.22101,-0.119382,0,1.22683
449,0.770986,2.34856,1.11974,0.970026,-0.00747038,0,0.970054,0.27537,-0.077144,0,0.285972,0.695318,-0.680094,0.901855,1.25816,-0.00968938,0,1.2582
450,0.740763,2.26692,1.16319,0.949605,0.144978,0,0.960608,0.0714798,0.0506529,0,0.0876075,0.657629,-0.76422,0.887773,1.28193,0.195714,0,1.29678
451,1.22866,3.51813,0.447108,0.456614,0.499754,0,0.676942,-0.00368141,0.00900663,0,0.00972996,1.33266,0.74254,1.08464,0.371635,0.406747,0,0.550959
452,1.2784,3.63803,0.34178,0.358784,0.407279,0,0.542773,-0.00473979,0.00512327,0,0.00697951,1.40912,0.913218,1.10226,0.280651,0.318586,0,0.424573
453,0.775384,2.36032,1.11322,0.971024,-0.00518855,0,0.971038,0.282198,-0.0919231,0,0.296792,0.700916,-0.667599,0.90396,1.25231,-0.00669159,0,1.25233
454,0.919171,2.73949,0.910324,0.969121,0.0963125,0,0.973895,0.698977,-0.0729377,0,0.702772,0.889421,-0.246828,0.967634,1.05434,0.104782,0,1.05954
455,1.01144,2.97619,0.780473,0.926883,0.134596,0,0.936604,0.915851,-0.0340647,0,0.916485,1.01701,0.0379784,1.00551,0.916397,0.133073,0,0.926008
456,1.21209,3.47596,0.469924,0.58292,-0.388438,0,0.700485,0.00472701,-0.0271108,0,0.0275199,1.30942,0.690666,1.0803,0.48092,-0.320469,0,0.577914
457,0.882597,2.6443,0.961506,0.977873,-0.0598291,0,0.979702,0.576791,0.0779132,0,0.58203,0.840221,-0.35665,0.951986,1.10795,-0.0677875,0,1.11002
458,0.913645,2.72516,0.918046,0.970653,0.092709,0,0.975071,0.684276,-0.0747543,0,0.688348,0.881937,-0.263533,0.965295,1.0624,0.101472,0,1.06723
459,0.953087,2.82706,0.862871,0.957339,0.1146,0,0.964174,0.782387,-0.0608038,0,0.784746,0.935748,-0.14342,0.981807,1.00446,0.120241,0,1.01163
460,1.13601,3.28819,0.594551,0.807461,0.144421,0,0.820275,0.989314,-0.00880016,0,0.989353,1.19682,0.43933,1.05353,0.710784,0.127129,0,0.722064
461,0.790092,2.39949,1.09119,0.973614,0.0107008,0,0.973673,0.326264,-0.0930114,0,0.339262,0.719815,-0.625414,0.911051,1.23228,0.0135438,0,1.23235
462,0.985528,2.91022,0.817305,0.942124,0.127418,0,0.950701,0.85554,-0.0474726,0,0.856856,0.980668,-0.0431509,0.995069,0.955958,0.129289,0,0.964661
463,0.974814,2.88283,0.832397,0.947598,0.123663,0,0.955633,0.832474,-0.0519736,0,0.834094,0.965764,-0.0764189,0.990717,0.972081,0.126858,0,0.980323
464,0.856127,2.57493,0.998825,0.966543,-0.168762,0,0.981166,0.0880315,-0.0697554,0,0.112318,0.80508,-0.435089,0.940374,1.12897,-0.197123,0,1.14605
465,1.3232,3.7425,0.19319,0.301289,-0.10796,0,0.320048,-0.00417472,-0.0105539,0,0.0113496,1.48152,1.07481,1.11965,0.227698,-0.0815901,0,0.241875
466,0.777327,2.36548,1.11023,0.97079,-0.033619,0,0.971372,0.213183,-0.088216,0,0.230714,0.703423,-0.662003,0.904925,1.24888,-0.0432495,0,1.24963
467,1.13778,3.29365,0.595796,0.716176,-0.405813,0,0.823159,0.0122534,-0.035005,0,0.0370877,1.19835,0.442753,1.05323,0.629447,-0.356669,0,0.723475
468,1.04698,3.06612,0.729517,0.894886,0.178397,0,0.912495,0.961061,-0.0208742,0,0.961288,1.06739,0.150425,1.01949,0.85473,0.170392,0,0.871548
469,0.796943,2.41802,1.08229,0.972419,-0.0791169,0,0.975632,0.1511,-0.0817113,0,0.171779,0.728331,-0.606404,0.913906,1.22019,-0.0992754,0,1.22422
470,0.924793,2.75406,0.90248,0.967463,0.0997874,0,0.972595,0.713474,-0.0710471,0,0.717003,0.89705,-0.229799,0.97,1.04614,0.107902,0,1.05169
471,0.903011,2.69752,0.932916,0.97332,0.0850949,0,0.977032,0.654336,-0.0781757,0,0.658989,0.867585,-0.295569,0.96077,1.07786,0.0942347,0,1.08197
472,0.864903,2.59798,0.986448,0.980335,0.0347518,0,0.980951,0.450114,-0.0919852,0,0.459417,0.816678,-0.409201,0.944243,1.13346,0.04018,0,1.13417
473,0.871251,2.6147,0.977776,0.96257,-0.188552,0,0.980864,0.0788994,-0.0672665,0,0.103682,0.825026,-0.390568,0.946943,1.10481,-0.216415,0,1.12581
474,0.885776,2.65282,0.957828,0.979826,0.021088,0,0.980053,0.387313,-0.0932089,0,0.398371,0.844253,-0.347649,0.953122,1.10618,0.0238074,0,1.10643
475,1.00517,2.96026,0.789464,0.931014,0.132067,0,0.940334,0.897315,-0.0384794,0,0.89814,1.00817,0.0182335,1.00298,0.926227,0.131388,0,0.935499
476,0.958536,2.84107,0.855223,0.955045,0.117064,0,0.962193,0.795363,-0.0586422,0,0.797522,0.943256,-0.126662,0.984058,0.996358,0.122128,0,1.00381
477,0.999288,2.94723,0.8046,0.802665,0.509506,0,0.95072,0.00579835,0.0223304,0,0.023071,0.997989,-0.00448923,0.998699,0.803237,0.509869,0,0.951397
478,0.867705,2.60596,0.984837,0.910615,0.369653,0,0.982783,0.0180971,0.0311961,0,0.0360653,0.81976,-0.402322,0.944745,1.04945,0.426012,0,1.13262
479,0.92379,2.75112,0.902669,0.967125,-0.0943293,0,0.971715,0.6693,0.0689977,0,0.672848,0.896024,-0.232089,0.969943,1.04691,-0.102111,0,1.05188
480,1.0351,3.03582,0.745559,0.912327,-0.118682,0,0.920014,0.843678,0.0406282,0,0.844655,1.05078,0.113358,1.01515,0.881389,-0.114658,0,0.888815
481,0.733283,2.24666,1.17421,0.952538,0.101917,0,0.957975,0.108514,0.0585206,0,0.123288,0.648361,-0.78491,0.884189,1.299,0.138988,0,1.30642
482,0.933046,2.77507,0.889743,0.964262,-0.0989998,0,0.969331,0.684199,0.0671303,0,0.687484,0.908622,-0.203968,0.973823,1.03346,-0.106104,0,1.03889
483,0.740905,2.26738,1.16327,0.958243,0.0706289,0,0.960842,0.163353,0.0668048,0,0.176485,0.657737,-0.763981,0.887748,1.29334,0.0953278,0,1.29685
484,1.05429,3.0842,0.717749,0.898248,-0.113863,0,0.905436,0.87649,0.0340319,0,0.877151,1.07816,0.174463,1.02264,0.851995,-0.107999,0,0.858812
485,1.10452,3.20996,0.643098,0.855572,-0.0625828,0,0.857858,0.98894,0.00800364,0,0.988973,1.15073,0.33645,1.04183,0.774607,-0.0566604,0,0.776676
486,0.765849,2.33477,1.12728,0.968527,0.0216095,0,0.968768,0.340838,0.0810897,0,0.350352,0.688818,-0.694602,0.899418,1.26465,0.0282164,0,1.26496
487,0.833338,2.51348,1.02588,0.975527,-0.0428628,0,0.976468,0.513312,0.0813751,0,0.519722,0.776558,-0.498755,0.931863,1.17062,-0.051435,0,1.17175
488,1.10553,3.21235,0.641119,0.853365,-0.0696055,0,0.856199,0.953536,0.0172119,0,0.953691,1.15232,0.340002,1.04232,0.771904,-0.0629611,0,0.774468
489,1.06028,3.09926,0.708997,0.893509,-0.111961,0,0.900497,0.88668,0.0319116,0,0.887254,1.08674,0.193626,1.02496,0.842713,-0.105596,0,0.849303
490,1.11248,3.22969,0.630751,0.845957,-0.0678955,0,0.848678,0.992055,0.00670137,0,0.992077,1.16239,0.362477,1.04487,0.760428,-0.0610311,0,0.762873
491,1.10638,3.21444,0.639687,0.852965,-0.0602597,0,0.855091,0.959972,0.015765,0,0.960102,1.1536,0.342856,1.04267,0.770948,-0.0544655,0,0.77287
492,1.09874,3.19548,0.651561,0.862265,-0.0501946,0,0.863725,0.981202,0.010548,0,0.981259,1.1424,0.317847,1.03973,0.784773,-0.0456836,0,0.786102
493,0.753903,2.30256,1.14451,0.964083,0.0469289,0,0.965224,0.239918,0.0748474,0,0.251322,0.673869,-0.727972,0.89384,1.27879,0.0622479,0,1.2803
494,0.765234,2.33312,1.12816,0.968256,0.0255153,0,0.968592,0.325832,0.0804325,0,0.335613,0.688048,-0.696321,0.899134,1.26531,0.0333431,0,1.26575
495,0.751465,2.29599,1.1481,0.963162,0.0506425,0,0.964493,0.22644,0.0736548,0,0.238118,0.670814,-0.734791,0.892675,1.28171,0.0673918,0,1.28348
496,0.733918,2.2484,1.17337,0.95188,0.110462,0,0.958267,0.0986566,0.0566612,0,0.11377,0.649122,-0.78321,0.884461,1.29698,0.15051,0,1.30569
497,0.908253,2.71116,0.925594,0.972063,0.0889469,0,0.976124,0.669388,-0.0765035,0,0.673745,0.87465,-0.2798,0.963002,1.07026,0.0979318,0,1.07473
498,0.779303,2.3708,1.10743,0.971,-0.0411948,0,0.971873,0.20016,-0.0871524,0,0.21831,0.705913,-0.656444,0.905826,1.24598,-0.0528611,0,1.2471
499,0.948895,2.8177,0.873809,0.852054,0.464619,0,0.970498,0.00941067,0.0253813,0,0.0270698,0.928561,-0.159461,0.978571,0.897944,0.489642,0,1.02277
500,0.736599,2.25571,1.16957,0.955929,0.0806074,0,0.959322,0.140363,0.0636392,0,0.154116,0.652406,-0.77588,0.885699,1.29776,0.109432,0,1.30237
501,0.762437,2.32542,1.13154,0.946307,0.20068,0,0.967352,0.0480744,0.0440441,0,0.0651999,0.6847,-0.703796,0.898041,1.24116,0.263209,0,1.26876
502,1.10282,3.20556,0.645081,0.857636,-0.0479425,0,0.858975,0.971504,0.0130887,0,0.971593,1.14842,0.331284,1.04134,0.777673,-0.0434725,0,0.778887
503,1.12305,3.25586,0.614014,0.832653,-0.0704542,0,0.835628,0.994676,0.00549661,0,0.994691,1.17799,0.397298,1.04892,0.741419,-0.0627345,0,0.744068
504,1.0663,3.11438,0.700172,0.888568,-0.109983,0,0.895348,0.896476,0.029839,0,0.896972,1.09539,0.212923,1.02728,0.833321,-0.103145,0,0.83968
505,0.790874,2.40181,1.09098,0.972069,-0.0685767,0,0.974485,0.162879,-0.0832633,0,0.182927,0.72058,-0.623704,0.911119,1.22911,-0.0867099,0,1.23216
506,1.01921,2.92477,0.479633,0.600006,0.0279381,0,0.600656,1.0002,0.000237274,0,1.0002,1.09911,0.221226,1.07839,0.588696,0.0274114,0,0.589334
507,1.14833,3.3173,0.569863,0.794953,-0.0553485,0,0.796877,0.998469,0.00297509,0,0.998474,1.21632,0.482861,1.05921,0.692271,-0.0481993,0,0.693947
508,1.1374,3.29227,0.594763,0.818569,-0.0699447,0,0.821552,0.996821,0.00426043,0,0.99683,1.19823,0.442471,1.05348,0.719682,-0.061495,0,0.722305
509,1.05526,3.08932,0.725882,0.735747,0.544913,0,0.915562,0.00269006,0.0191568,0,0.0193447,1.07686,0.171554,1.02047,0.697221,0.51638,0,0.867621
510,1.17286,3.38197,0.54612,0.555646,0.550174,0,0.781942,-0.00205216,0.0124954,0,0.0126628,1.24852,0.554743,1.06451,0.473752,0.469086,0,0.666695
511,1.24741,3.56149,0.400659,0.507164,-0.353523,0,0.618219,0.00173646,-0.023044,0,0.0231093,1.36332,0.810975,1.09292,0.406574,-0.283406,0,0.495602
512,1.33406,3.76997,0.162445,0.209068,0.173399,0,0.271618,-0.00412732,-0.00203545,0,0.00460194,1.49693,1.10921,1.12209,0.156716,0.129978,0,0.203603
513,1.32105,3.73708,0.198782,0.194099,0.26528,0,0.328706,-0.00324705,-0.000208467,0,0.00325373,1.47847,1.06802,1.11916,0.146927,0.200809,0,0.248821
514,1.1013,3.203,0.651886,0.770086,-0.396426,0,0.866133,0.0167713,-0.0387729,0,0.0422447,1.14496,0.323582,1.03965,0.699251,-0.359962,0,0.786463
515,1.01472,2.91158,0.478123,0.596066,-0.0130842,0,0.59621,1.00021,-0.00022967,0,1.00021,1.09457,0.211093,1.07869,0.587418,-0.0128943,0,0.58756
516,0.906798,2.70761,0.928473,0.94908,-0.232514,0,0.977146,0.061913,-0.0618637,0,0.0875233,0.872453,-0.284703,0.962125,1.04663,-0.256412,0,1.07758
517,1.16379,3.35598,0.54681,0.772729,0.07959,0,0.776817,0.998548,-0.00303817,0,0.998552,1.23869,0.532784,1.06436,0.663977,0.0683888,0,0.66749
518,1.15111,3.32548,0.570329,0.79095,0.116096,0,0.799425,0.994863,-0.00576737,0,0.99488,1.21915,0.489182,1.05911,0.687117,0.100855,0,0.694479
519,0.768572,2.34207,1.12323,0.969426,-0.00167513,0,0.969427,0.418069,0.0828928,0,0.426208,0.692272,-0.686892,0.900726,1.26133,-0.00217954,0,1.26134
520,0.874044,2.62193,0.973551,0.97878,0.0569278,0,0.980434,0.545432,-0.0874831,0,0.552403,0.828817,-0.382104,0.948256,1.11983,0.0651315,0,1.12172
521,1.12582,3.26299,0.610713,0.818281,0.158532,0,0.833497,0.985804,-0.0105,0,0.98586,1.18178,0.405759,1.04971,0.726831,0.140815,0,0.740346
522,0.995999,2.93693,0.802491,0.936372,0.130264,0,0.94539,0.877191,-0.0429627,0,0.878242,0.995301,-0.0104885,0.999299,0.940134,0.130787,0,0.949187
523,0.882642,2.6442,0.960646,0.976752,-0.0664944,0,0.979013,0.592503,0.0767202,0,0.597449,0.840498,-0.356032,0.952252,1.10662,-0.0753357,0,1.10918
524,1.14442,3.30902,0.58132,0.798648,0.129838,0,0.809133,0.992321,-0.00717914,0,0.992347,1.20919,0.466945,1.0566,0.697862,0.113453,0,0.707024
525,1.33592,3.77427,0.152116,0.252895,0.0309777,0,0.254785,-0.00496372,-0.00604545,0,0.00782214,1.49999,1.11605,1.12281,0.189303,0.0231882,0,0.190718
526,0.865725,2.60013,0.985262,0.980399,0.0311834,0,0.980895,0.434304,-0.0924224,0,0.444029,0.817774,-0.406754,0.944612,1.13246,0.0360199,0,1.13303
527,0.767607,2.33949,1.12467,0.969192,0.00338649,0,0.969198,0.402399,0.0827408,0,0.410817,0.691048,-0.689625,0.900262,1.26261,0.00441175,0,1.26262
528,0.980172,2.89653,0.824851,0.94491,0.125611,0,0.953222,0.844174,-0.0497334,0,0.845637,0.973211,-0.0597976,0.992898,0.964025,0.128152,0,0.972505
529,0.760887,2.3214,1.13441,0.96665,0.0364326,0,0.967336,0.281884,0.0779593,0,0.292466,0.6826,-0.708481,0.897111,1.27042,0.0478818,0,1.27133
530,0.990834,2.92376,0.809804,0.939254,0.128976,0,0.948068,0.866548,-0.0452106,0,0.867726,0.988076,-0.0266169,0.997216,0.947943,0.13017,0,0.956839
531,1.00085,2.94928,0.795601,0.933579,0.131239,0,0.942758,0.88745,-0.0407137,0,0.888383,1.0021,0.00469519,1.00125,0.932786,0.131128,0,0.941958
532,0.888082,2.6588,0.954462,0.956955,-0.209809,0,0.979685,0.0701911,-0.064636,0,0.095418,0.847373,-0.340686,0.95416,1.07755,-0.23625,0,1.10315
533,1.00873,2.9693,0.784375,0.928773,0.133016,0,0.93825,0.906789,-0.0362664,0,0.907514,1.01318,0.0294229,1.00442,0.920737,0.131865,0,0.930132
534,1.0135,2.98141,0.777526,0.925186,0.13751,0,0.93535,0.924496,-0.0318782,0,0.925046,1.01992,0.0444615,1.00633,0.912862,0.135679,0,0.92289
535,1.02421,3.00856,0.762214,0.914836,0.159133,0,0.928573,0.9478,-0.0253123,0,0.948138,1.03505,0.0782376,1.01058,0.893211,0.155371,0,0.906623
536,1.03401,3.03399,0.750431,0.852518,-0.357501,0,0.924442,0.0272951,-0.0460514,0,0.0535327,1.0483,0.107814,1.01382,0.824478,-0.345742,0,0.894037
537,1.03359,3.03231,0.74881,0.906589,0.169368,0,0.922274,0.954665,-0.0230996,0,0.954945,1.04833,0.107889,1.01426,0.877126,0.163863,0,0.892301
538,1.06341,3.10746,0.705599,0.880195,0.183995,0,0.89922,0.966983,-0.0186591,0,0.967163,1.09091,0.202917,1.02586,0.827711,0.173024,0,0.845602
539,1.11306,3.23135,0.630619,0.831592,0.170844,0,0.84896,0.981841,-0.0123902,0,0.981919,1.16304,0.36392,1.0449,0.747122,0.15349,0,0.762726
540,0.811175,2.45595,1.06205,0.972386,-0.103988,0,0.977931,0.128596,-0.0782497,0,0.150532,0.746587,-0.565654,0.920378,1.19874,-0.128194,0,1.20557
541,0.941959,2.79841,0.87846,0.961673,0.109159,0,0.967849,0.755589,-0.0650439,0,0.758384,0.920472,-0.177517,0.977189,1.02093,0.115885,0,1.02749
542,0.947575,2.81288,0.870597,0.959547,0.111957,0,0.966057,0.76913,-0.0629379,0,0.771701,0.928172,-0.16033,0.979523,1.01263,0.118151,0,1.0195
543,1.15951,3.34711,0.560289,0.785205,0.102948,0,0.791925,0.996946,-0.00440098,0,0.996956,1.23067,0.514884,1.06137,0.677187,0.0887855,0,0.682983
544,0.865162,2.59868,0.986147,0.98025,0.0382105,0,0.980995,0.465984,-0.0914574,0,0.474875,0.817004,-0.408472,0.944337,1.13302,0.0441657,0,1.13389
545,0.865903,2.60063,0.985137,0.980106,0.0416784,0,0.980992,0.481871,-0.0908349,0,0.490358,0.817976,-0.406303,0.944652,1.13189,0.0481329,0,1.13291
546,0.867092,2.60374,0.983421,0.979859,0.0453207,0,0.980906,0.497771,-0.0901301,0,0.505865,0.819564,-0.402759,0.945186,1.13005,0.0522675,0,1.13126
547,1.06674,3.11652,0.703196,0.815314,-0.379341,0,0.899243,0.021775,-0.0424884,0,0.0477432,1.095,0.212052,1.02649,0.764304,-0.355608,0,0.842982
548,0.876302,2.62795,0.97077,0.980315,0.0238418,0,0.980605,0.402892,-0.0930407,0,0.413495,0.831714,-0.375638,0.949119,1.1187,0.0272073,0,1.11903
549,0.869069,2.60892,0.980641,0.980428,0.0274314,0,0.980812,0.418559,-0.092778,0,0.428718,0.822184,-0.39691,0.946052,1.12814,0.0315641,0,1.12858
550,0.829184,2.50271,1.03257,0.976691,0.0161037,0,0.976824,0.341293,-0.0931983,0,0.353789,0.770933,-0.51131,0.929749,1.17789,0.0194212,0,1.17805
551,0.97593,2.8861,0.832293,0.905835,-0.307553,0,0.956622,0.0397438,-0.052785,0,0.0660744,0.9669,-0.0738838,0.990747,0.928176,-0.315138,0,0.980215
552,1.0155,2.98649,0.774657,0.923186,0.142444,0,0.934111,0.932712,-0.0296942,0,0.933185,1.02275,0.0507764,1.00713,0.909091,0.140269,0,0.919849
553,1.01859,2.99431,0.770245,0.920072,0.149744,0,0.932178,0.940478,-0.0275055,0,0.94088,1.0271,0.0604961,1.00836,0.903283,0.147011,0,0.915168
554,0.803681,2.43597,1.07259,0.972473,-0.090975,0,0.976719,0.139677,-0.0800426,0,0.160986,0.736985,-0.587087,0.917011,1.21002,-0.113198,0,1.21531
555,0.842536,2.53906,1.01774,0.969145,-0.1505,0,0.980761,0.0975828,-0.072108,0,0.121334,0.787292,-0.474794,0.934432,1.15027,-0.178627,0,1.16406
556,0.877214,2.63022,0.969083,0.978295,0.0609147,0,0.98019,0.561262,-0.0864397,0,0.567879,0.833039,-0.372682,0.949642,1.11523,0.0694412,0,1.11739
557,0.888677,2.66018,0.952998,0.976338,0.0730749,0,0.979069,0.608296,-0.0826946,0,0.613891,0.848341,-0.338525,0.954611,1.09864,0.0822288,0,1.10172
558,1.08098,3.15147,0.679561,0.86373,0.184641,0,0.883245,0.972413,-0.0164845,0,0.972553,1.11625,0.259487,1.03263,0.799029,0.170809,0,0.817082
559,1.09794,3.1938,0.653996,0.847146,0.180024,0,0.866063,0.977359,-0.0143925,0,0.977465,1.14089,0.31448,1.03912,0.77158,0.163965,0,0.788809
560,0.930466,2.76873,0.894529,0.965648,0.103076,0,0.971134,0.727751,-0.0690944,0,0.731024,0.904775,-0.212555,0.97239,1.03781,0.110779,0,1.04371
561,0.936235,2.78364,0.886475,0.963728,0.106157,0,0.969557,0.741786,-0.0670974,0,0.744814,0.912642,-0.194996,0.9748,1.02937,0.113388,0,1.03559
562,0.830532,2.50734,1.03473,0.970931,-0.133735,0,0.980098,0.107529,-0.0743144,0,0.13071,0.771618,-0.509781,0.929065,1.16905,-0.161023,0,1.18008
563,0.820077,2.47966,1.04964,0.972041,-0.118237,0,0.979205,0.117884,-0.0763569,0,0.140453,0.758023,-0.540127,0.924331,1.1853,-0.144178,0,1.19404
564,0.880702,2.63935,0.964198,0.977751,0.06495,0,0.979906,0.577024,-0.0852848,0,0.583293,0.837683,-0.362314,0.951154,1.1102,0.0737481,0,1.11264
565,0.884507,2.64929,0.958839,0.977088,0.0690002,0,0.979522,0.592706,-0.0840349,0,0.598634,0.842767,-0.350968,0.95281,1.10467,0.0780099,0,1.10742
566,0.9507,2.82126,0.867429,0.924166,-0.281806,0,0.966177,0.0466572,-0.0559751,0,0.0728705,0.932124,-0.151508,0.980461,0.97209,-0.29642,0,1.01628
567,0.92767,2.76178,0.899459,0.938374,-0.256544,0,0.972811,0.0540728,-0.0590064,0,0.0800351,0.900684,-0.221688,0.970909,1.01154,-0.276546,0,1.04866
568,1.1749,3.38501,0.535048,0.653217,-0.404439,0,0.768286,0.00823868,-0.0310823,0,0.0321556,1.25352,0.565902,1.06692,0.555977,-0.344233,0,0.653917
569,0.871341,2.61419,0.974916,0.978371,0.0188929,0,0.978554,0.356504,-0.0932979,0,0.36851,0.825885,-0.38865,0.947832,1.12283,0.0216825,0,1.12304
570,0.888976,2.66105,0.952927,0.979136,0.0197839,0,0.979336,0.371849,-0.0932952,0,0.383374,0.848645,-0.337845,0.954633,1.10142,0.0222547,0,1.10165
571,0.785893,2.38847,1.09806,0.971641,-0.0587746,0,0.973417,0.175002,-0.0846853,0,0.194415,0.714252,-0.63783,0.908842,1.23635,-0.074787,0,1.23861
572,0.782083,2.37825,1.10347,0.971265,-0.0496442,0,0.972533,0.187431,-0.0859794,0,0.206211,0.709429,-0.648595,0.907103,1.2419,-0.0634769,0,1.24352
573,0.776032,2.36202,1.11213,0.970715,-0.0268294,0,0.971086,0.22647,-0.0891743,0,0.243394,0.701774,-0.665683,0.904311,1.25087,-0.0345725,0,1.25135
574,0.775317,2.36009,1.11313,0.970669,-0.0206989,0,0.970889,0.240032,-0.0900279,0,0.25636,0.700879,-0.667682,0.90399,1.25196,-0.0266974,0,1.25225
575,0.773714,2.35595,1.11608,0.970938,-0.000410506,0,0.970938,0.296686,-0.0923857,0,0.310738,0.698693,-0.672561,0.903037,1.25491,-0.000530566,0,1.25491
576,0.774729,2.35881,1.11515,0.971551,0.0047727,0,0.971563,0.311395,-0.0927483,0,0.324914,0.699841,-0.669997,0.903338,1.25405,0.00616048,0,1.25407
577,0.775305,2.36006,1.11316,0.970779,-0.0150935,0,0.970896,0.253873,-0.0907618,0,0.269609,0.70086,-0.667723,0.903979,1.25212,-0.0194678,0,1.25228
578,1.30918,3.71057,0.252951,0.26158,0.320271,0,0.413518,-0.00413167,0.00150731,0,0.00439803,1.45811,1.02256,1.11375,0.199804,0.244635,0,0.315861
579,1.27957,3.63889,0.328479,0.430413,-0.29637,0,0.522581,-0.000747792,-0.0189198,0,0.0189346,1.41287,0.921585,1.10418,0.336374,-0.231618,0,0.408405
580,0.775124,2.3596,1.11351,0.944365,0.2255,0,0.970915,0.0411736,0.0416484,0,0.058565,0.700608,-0.668285,0.903866,1.21834,0.290921,0,1.25259
581,1.09988,3.19833,0.649924,0.860802,-0.0558957,0,0.862615,0.985305,0.00925103,0,0.985349,1.14402,0.321484,1.04014,0.782633,-0.0508198,0,0.784281
582,0.876562,2.62803,0.968186,0.97753,-0.047813,0,0.978698,0.529237,0.0806927,0,0.535354,0.832663,-0.37352,0.94992,1.11519,-0.0545461,0,1.11652
583,0.788242,2.39436,1.0931,0.972172,-0.0340887,0,0.97277,0.49737,0.0819308,0,0.504073,0.717644,-0.630259,0.910436,1.23334,-0.0432465,0,1.2341
584,0.768832,2.34307,1.12409,0.970017,-0.0252044,0,0.970345,0.481443,0.082359,0,0.488437,0.692295,-0.686842,0.90045,1.26168,-0.0327827,0,1.2621
585,0.767215,2.33862,1.12602,0.969464,-0.0180349,0,0.969631,0.465534,0.082672,0,0.472818,0.69036,-0.691162,0.899826,1.26361,-0.023507,0,1.26383
586,1.10016,3.19895,0.64923,0.860692,-0.0471564,0,0.861983,0.976578,0.0118186,0,0.97665,1.1445,0.322554,1.04031,0.782335,-0.0428633,0,0.783509
587,1.10528,3.21166,0.641317,0.854629,-0.0525861,0,0.856246,0.965969,0.0143989,0,0.966076,1.152,0.339285,1.04227,0.773227,-0.0475773,0,0.774689
588,1.0856,3.16272,0.671575,0.871671,-0.100657,0,0.877464,0.923464,0.0239549,0,0.923774,1.12324,0.27509,1.03468,0.802943,-0.0927205,0,0.808279
589,0.769349,2.34421,1.12231,0.969692,-0.012159,0,0.969769,0.449646,0.08286,0,0.457217,0.693202,-0.684816,0.901025,1.26041,-0.0158043,0,1.26051
590,0.769568,2.34472,1.1217,0.969603,-0.00678429,0,0.969626,0.433823,0.0829299,0,0.441678,0.693551,-0.684038,0.901221,1.25993,-0.00881571,0,1.25996
591,0.767023,2.33792,1.12555,0.969033,0.00828046,0,0.969069,0.386823,0.0824757,0,0.395517,0.690302,-0.691289,0.899976,1.26337,0.0107956,0,1.26342
592,1.07897,3.14614,0.681454,0.87763,-0.104696,0,0.883853,0.914879,0.0258549,0,0.915244,1.11365,0.253689,1.03215,0.813397,-0.0970335,0,0.819165
593,1.10263,3.20515,0.645692,0.855915,-0.0792043,0,0.859572,0.946662,0.0187504,0,0.946847,1.14804,0.330449,1.04119,0.776252,-0.0718325,0,0.779568
594,0.745651,2.2801,1.15586,0.948623,0.160688,0,0.962136,0.0632529,0.0485029,0,0.0797086,0.663746,-0.750567,0.890157,1.27221,0.215501,0,1.29033
595,0.752721,2.29917,1.14539,0.947516,0.179132,0,0.9643,0.0554568,0.0463299,0,0.0722628,0.672596,-0.730813,0.893553,1.25879,0.23798,0,1.28109
596,0.756381,2.30925,1.14093,0.96502,0.043362,0,0.965994,0.253682,0.075959,0,0.26481,0.67696,-0.721071,0.895,1.27584,0.0573283,0,1.27713
597,0.758734,2.31559,1.1375,0.965865,0.0398997,0,0.966689,0.267669,0.0769824,0,0.27852,0.679909,-0.714489,0.89611,1.273,0.0525872,0,1.27408
598,0.738661,2.26129,1.16651,0.957072,0.0753166,0,0.960031,0.151681,0.0652462,0,0.165119,0.654966,-0.770164,0.886694,1.29568,0.101964,0,1.29969
599,0.734953,2.25124,1.17198,0.954785,0.0868636,0,0.958728,0.129385,0.0619781,0,0.143463,0.65037,-0.780425,0.884914,1.29911,0.118189,0,1.30448
600,0.73371,2.24782,1.17361,0.953517,0.0940654,0,0.958145,0.118773,0.0602884,0,0.133198,0.648882,-0.783745,0.884386,1.29958,0.128205,0,1.30589
601,1.0047,2.95877,0.789011,0.931689,-0.120279,0,0.939421,0.795108,0.0497899,0,0.796666,1.00783,0.0174807,1.00311,0.927327,-0.119716,0,0.935022
602,0.969945,2.87003,0.838072,0.949773,-0.113633,0,0.956547,0.741682,0.0588583,0,0.744014,0.959343,-0.0907512,0.98907,0.979203,-0.117154,0,0.986186
603,0.960838,2.84666,0.850831,0.953773,-0.11073,0,0.960179,0.727664,0.0610217,0,0.730219,0.946759,-0.118842,0.985346,0.992646,-0.115243,0,0.999314
604,0.996373,2.93757,0.800869,0.936462,-0.119457,0,0.944051,0.782183,0.052084,0,0.783915,0.996134,-0.00862857,0.99976,0.939871,-0.119892,0,0.947487
605,1.02804,3.01797,0.755714,0.91713,-0.119753,0,0.924915,0.832042,0.042883,0,0.833146,1.04076,0.0909812,1.01237,0.892115,-0.116487,0,0.899688
606,1.07249,3.1299,0.691014,0.883268,-0.107628,0,0.889802,0.905882,0.0278216,0,0.906309,1.10431,0.232842,1.02967,0.823569,-0.100354,0,0.829661
607,1.04816,3.06877,0.726656,0.902909,-0.115625,0,0.910283,0.865917,0.0361852,0,0.866672,1.0694,0.154906,1.02026,0.861423,-0.110312,0,0.868457
608,1.04177,3.05266,0.735893,0.907573,-0.117289,0,0.915121,0.854977,0.0383887,0,0.855838,1.06029,0.13458,1.01777,0.87118,-0.112586,0,0.878425
609,1.02065,2.99928,0.766346,0.92201,-0.120408,0,0.929839,0.820064,0.0451754,0,0.821307,1.03029,0.0676125,1.00944,0.903352,-0.117972,0,0.911023
610,1.01286,2.9795,0.777454,0.926872,-0.120542,0,0.934678,0.807743,0.0474862,0,0.809137,1.01929,0.043062,1.00635,0.915106,-0.119012,0,0.922813
611,0.987736,2.91552,0.813007,0.941036,-0.118004,0,0.948406,0.768968,0.0543687,0,0.770888,0.984081,-0.0355329,0.9963,0.952721,-0.119469,0,0.960182
612,0.978915,2.89298,0.825437,0.945488,-0.116148,0,0.952595,0.755461,0.0566373,0,0.757581,0.971797,-0.062953,0.992729,0.965853,-0.11865,0,0.973113
613,0.951666,2.82309,0.86371,0.957566,-0.10723,0,0.963551,0.713398,0.0631352,0,0.716186,0.934117,-0.14706,0.98156,1.0062,-0.112676,0,1.01249
614,0.942379,2.79916,0.876681,0.961037,-0.103373,0,0.966581,0.698903,0.0651769,0,0.701936,0.921382,-0.175487,0.977719,1.0198,-0.109694,0,1.02568
615,0.914833,2.72792,0.915216,0.969658,-0.0893027,0,0.973762,0.654233,0.0707656,0,0.658049,0.883869,-0.259221,0.966153,1.05993,-0.0976164,0,1.06441
616,0.906033,2.70505,0.927467,0.971781,-0.0841726,0,0.97542,0.638993,0.0724231,0,0.643084,0.871995,-0.285725,0.962432,1.07257,-0.0929024,0,1.07658
617,0.888497,2.66003,0.954408,0.978599,-0.0541444,0,0.980095,0.560998,0.078977,0,0.56653,0.847783,-0.339771,0.954177,1.10141,-0.0609394,0,1.10309
618,0.891888,2.66883,0.949492,0.978254,-0.0502491,0,0.979544,0.545133,0.0798938,0,0.550957,0.852368,-0.329536,0.95569,1.09684,-0.0563402,0,1.09828
619,0.897131,2.68187,0.939866,0.973639,-0.0787727,0,0.97682,0.623623,0.0739681,0,0.627994,0.860029,-0.312435,0.958644,1.08528,-0.0878051,0,1.08883
620,0.888482,2.65931,0.951941,0.975216,-0.0728622,0,0.977935,0.608122,0.0754036,0,0.612779,0.848444,-0.338296,0.954936,1.09762,-0.0820076,0,1.10068
621,0.749155,2.28975,1.15148,0.962224,0.0544986,0,0.963766,0.213245,0.0724019,0,0.225201,0.66793,-0.741228,0.891578,1.28441,0.0727467,0,1.28647
622,0.747058,2.2841,1.15459,0.961348,0.0584291,0,0.963122,0.200319,0.0710922,0,0.212561,0.665305,-0.747086,0.890567,1.28684,0.0782122,0,1.28922
623,0.745066,2.2787,1.15745,0.960403,0.0623863,0,0.962427,0.187693,0.0697273,0,0.200227,0.662839,-0.752591,0.889639,1.28902,0.0837327,0,1.29174
624,0.743072,2.27329,1.1603,0.959419,0.0664043,0,0.961715,0.175369,0.0682993,0,0.1882,0.660378,-0.758085,0.888713,1.29115,0.0893645,0,1.29424
625,0.90508,2.70393,0.933741,0.887147,0.416397,0,0.980009,0.0135129,0.0283639,0,0.0314183,0.869345,-0.29164,0.960518,0.980187,0.460067,0,1.08279
626,0.791385,2.40323,1.09047,0.940963,0.254408,0,0.974749,0.0347092,0.0391632,0,0.0523305,0.721174,-0.62238,0.911281,1.18901,0.321473,0,1.2317
627,0.811823,2.45787,1.0619,0.935221,0.28813,0,0.9786,0.0287067,0.0366331,0,0.046541,0.747222,-0.564236,0.920425,1.152,0.354917,0,1.20544
628,0.96398,2.85504,0.847565,0.952637,0.119362,0,0.960085,0.808053,-0.0564473,0,0.810022,0.950776,-0.109876,0.986302,0.988233,0.123822,0,0.99596
629,0.969418,2.86899,0.839951,0.95016,0.121561,0,0.957905,0.820433,-0.0542172,0,0.822223,0.958292,-0.0930976,0.988523,0.980135,0.125396,0,0.988124
630,0.868859,2.60836,0.980904,0.979566,0.0491004,0,0.980795,0.513681,-0.0893328,0,0.521391,0.821915,-0.397511,0.94597,1.12742,0.0565114,0,1.12883
631,0.871206,2.6145,0.977541,0.979183,0.0529654,0,0.980615,0.529572,-0.0884466,0,0.536907,0.825046,-0.390522,0.947016,1.12394,0.0607955,0,1.12558
632,1.11484,3.23876,0.638752,0.651982,0.561531,0,0.860464,7.28304e-05,0.0158824,0,0.0158825,1.16268,0.363118,1.04291,0.584819,0.503686,0,0.771825
633,0.836956,2.52472,1.0271,0.925687,0.326779,0,0.981673,0.023156,0.0339816,0,0.0411212,0.779605,-0.491952,0.931477,1.10602,0.390437,0,1.17291
634,0.735373,2.25233,1.17114,0.951177,0.120151,0,0.958736,0.0891861,0.0547273,0,0.104639,0.650944,-0.779144,0.885188,1.29346,0.163387,0,1.30374
635,0.737527,2.25815,1.1679,0.950391,0.131555,0,0.959453,0.0801259,0.0527268,0,0.0959181,0.653628,-0.773152,0.886242,1.28862,0.178373,0,1.30091
636,0.764202,2.33033,1.12962,0.967841,0.0292602,0,0.968283,0.310994,0.0796996,0,0.321045,0.686759,-0.699199,0.898662,1.26647,0.0382886,0,1.26705
637,0.762727,2.32635,1.13173,0.967296,0.0329029,0,0.967855,0.296325,0.0788725,0,0.306642,0.684911,-0.703323,0.897977,1.26821,0.0431385,0,1.26894
638,0.766614,2.33682,1.12613,0.968862,0.013022,0,0.96895,0.371365,0.082114,0,0.380335,0.689791,-0.692431,0.899789,1.26382,0.0169864,0,1.26393
639,0.766253,2.33586,1.12669,0.96872,0.0174783,0,0.968878,0.356033,0.081657,0,0.365277,0.689327,-0.693466,0.899608,1.26423,0.02281,0,1.26444
640,1.09797,3.19359,0.652875,0.860239,-0.0879439,0,0.864723,0.939357,0.0203861,0,0.939579,1.14123,0.315253,1.0394,0.783479,-0.0800965,0,0.787562
641,1.0921,3.17895,0.661801,0.8657,-0.0951476,0,0.870913,0.931628,0.0221275,0,0.931891,1.13268,0.29615,1.03716,0.792695,-0.0871238,0,0.797469
642,0.893173,2.6719,0.946683,0.975452,0.0771271,0,0.978496,0.62377,-0.0812682,0,0.629042,0.854368,-0.325072,0.956553,1.09212,0.0863518,0,1.09553
643,0.897976,2.68442,0.93997,0.97446,0.08114,0,0.977832,0.639116,-0.0797635,0,0.644074,0.860811,-0.310689,0.958612,1.08517,0.0903587,0,1.08893
644,1.00362,2.95686,0.793537,0.882376,-0.333199,0,0.943191,0.0332827,-0.0494586,0,0.0596145,1.00546,0.0121979,1.00184,0.879192,-0.331997,0,0.939787
645,1.3065,3.70343,0.255984,0.358354,-0.214328,0,0.417557,-0.00272106,-0.0147439,0,0.0149929,1.45468,1.01491,1.11342,0.274285,-0.164047,0,0.319599
646,0.775652,2.36098,1.1126,0.970887,-0.00992486,0,0.970938,0.267926,-0.0913779,0,0.28308,0.701314,-0.666709,0.904161,1.2517,-0.0127955,0,1.25177
647,1.31907,3.73422,0.221235,0.364543,-0.0170904,0,0.364943,-0.00796256,-0.0090425,0,0.0120486,1.4735,1.05691,1.11707,0.276364,-0.0129564,0,0.276667
648,0.884007,2.64865,0.961969,0.98141,0.0223806,0,0.981665,0.395413,-0.110791,0,0.410641,0.841436,-0.353937,0.951843,1.11018,0.0253173,0,1.11047
649,0.78023,2.37357,1.10727,0.972912,-0.00254376,0,0.972915,0.288893,-0.108562,0,0.308618,0.706793,-0.65448,0.905878,1.24696,-0.00326027,0,1.24696
650,0.958557,2.84149,0.856482,0.95672,0.11367,0,0.96345,0.791368,-0.0743805,0,0.794856,0.942921,-0.127409,0.983688,0.998084,0.118585,0,1.0051
651,0.876783,2.6295,0.97117,0.979956,0.0547444,0,0.981484,0.538751,-0.105865,0,0.549053,0.832062,-0.374861,0.948995,1.11767,0.0624378,0,1.11941
652,1.01509,2.98555,0.775672,0.925131,0.134239,0,0.93482,0.92273,-0.0425213,0,0.92371,1.02204,0.0491987,1.00685,0.911381,0.132244,0,0.920925
653,1.11097,3.22585,0.632671,0.84805,-0.0563755,0,0.849922,0.991921,0.0105664,0,0.991978,1.1603,0.357809,1.0444,0.76334,-0.0507443,0,0.765025
654,1.10514,3.21138,0.641772,0.855001,-0.0539047,0,0.856699,0.98857,0.0124871,0,0.988649,1.15173,0.338682,1.04216,0.773661,-0.0487765,0,0.775197
655,1.10179,3.20311,0.647101,0.858783,-0.0566568,0,0.86065,0.964694,0.0219642,0,0.964944,1.14679,0.327647,1.04084,0.779444,-0.0514225,0,0.781138
656,1.11558,3.23913,0.632356,0.69342,0.496852,0,0.853049,-0.00184448,0.0198793,0,0.0199647,1.16519,0.368735,1.04448,0.62158,0.445376,0,0.764671
657,1.11973,3.24801,0.620669,0.839553,-0.0578147,0,0.841541,0.994638,0.00877399,0,0.994676,1.17271,0.385512,1.04732,0.749783,-0.0516328,0,0.751558
658,1.17598,3.39107,0.54662,0.782767,-0.0549628,0,0.784694,0.999456,0.00175009,0,0.999458,1.25171,0.561849,1.0644,0.665632,-0.0467381,0,0.667271
659,1.18026,3.41015,0.572037,0.821831,0.0153003,0,0.821973,1.00019,0.000548549,0,1.00019,1.24957,0.557074,1.05872,0.696311,0.0129634,0,0.696431
660,1.15567,3.33683,0.563418,0.788997,0.0839085,0,0.793446,0.998903,-0.00510588,0,0.998916,1.22578,0.503973,1.06067,0.682719,0.0726061,0,0.686569
661,1.00581,2.85575,0.294599,0.369158,0.00322549,0,0.369172,1.00046,7.75442e-06,0,1.00046,1.1152,0.257146,1.10876,0.367027,0.00320687,0,0.367041
662,1.10239,3.20572,0.650237,0.789548,-0.353248,0,0.864968,0.0155211,-0.0455048,0,0.048079,1.14655,0.327124,1.04006,0.716214,-0.320437,0,0.784629
663,1.29433,3.67463,0.292665,0.372115,0.29038,0,0.472007,-0.00724534,0.00274172,0,0.00774674,1.43543,0.971936,1.10901,0.287496,0.224347,0,0.364672
664,0.868294,2.60728,0.983176,0.968685,-0.161538,0,0.982062,0.0899602,-0.0813198,0,0.121267,0.820766,-0.400075,0.945262,1.11562,-0.186041,0,1.13102
665,1.01823,2.99349,0.771042,0.922461,0.137928,0,0.932716,0.931127,-0.0398073,0,0.931978,1.02652,0.0591953,1.00814,0.905943,0.135458,0,0.916014
666,1.13385,3.28282,0.597939,0.813276,0.126562,0,0.823065,0.992429,-0.0112034,0,0.992492,1.19364,0.432224,1.05273,0.717271,0.111621,0,0.725904
667,0.889691,2.66264,0.950921,0.97675,-0.0564022,0,0.978377,0.570197,0.096071,0,0.578234,0.849877,-0.335096,0.95525,1.09785,-0.0633953,0,1.09968
668,1.18658,3.41824,0.533361,0.770123,0.0733872,0,0.773612,0.999501,-0.00176869,0,0.999503,1.26642,0.59469,1.06728,0.649026,0.0618475,0,0.651967
669,1.23219,3.52465,0.431298,0.576243,-0.312986,0,0.655756,-0.000411097,-0.027786,0,0.027789,1.34006,0.759066,1.08755,0.467658,-0.254009,0,0.532189
670,0.925617,2.75658,0.902723,0.968873,0.0966911,0,0.973686,0.708432,-0.08836,0,0.713921,0.897781,-0.228168,0.969927,1.04673,0.104461,0,1.05193
671,1.28647,3.65563,0.312311,0.456129,-0.204924,0,0.500047,-0.00525837,-0.0185912,0,0.0193206,1.42338,0.945038,1.10642,0.354559,-0.159292,0,0.388698
672,0.931084,2.77071,0.895042,0.967113,0.0998982,0,0.972259,0.722883,-0.0861891,0,0.728003,0.905233,-0.211533,0.972236,1.0387,0.107292,0,1.04422
673,1.13464,3.28576,0.60033,0.744744,-0.358904,0,0.826714,0.0108235,-0.0412059,0,0.0426037,1.19383,0.432667,1.05217,0.656369,-0.316315,0,0.728612
674,0.995071,2.93475,0.804478,0.938037,0.126887,0,0.94658,0.874485,-0.056047,0,0.876279,0.993811,-0.0138147,0.998734,0.942683,0.127516,0,0.951269
675,1.20064,3.44787,0.489962,0.636212,-0.341606,0,0.722122,0.00282943,-0.0323209,0,0.0324445,1.29228,0.652416,1.07633,0.529895,-0.28452,0,0.601449
676,0.812336,2.45872,1.05916,0.977018,0.0161841,0,0.977152,0.333607,-0.110164,0,0.351326,0.748406,-0.561595,0.9213,1.20273,0.019923,0,1.20289
677,0.990034,2.92193,0.811679,0.940911,0.125472,0,0.94924,0.863666,-0.0587263,0,0.865661,0.986747,-0.0295819,0.99668,0.950383,0.126735,0,0.958796
678,0.920186,2.74252,0.910354,0.970528,0.0932518,0,0.974998,0.693755,-0.0904423,0,0.699625,0.890395,-0.244654,0.967625,1.05471,0.10134,0,1.05957
679,1.14184,3.30283,0.586136,0.805455,0.114634,0,0.813571,0.995011,-0.0091615,0,0.995053,1.2052,0.458033,1.05548,0.705398,0.100393,0,0.712506
680,1.16798,3.36798,0.546455,0.693335,-0.355445,0,0.779137,0.00649698,-0.0368215,0,0.0373903,1.24324,0.542949,1.06444,0.593619,-0.304325,0,0.667081
681,1.10027,3.1992,0.648952,0.860346,-0.0488655,0,0.861733,0.980484,0.0162542,0,0.980619,1.1447,0.32299,1.04038,0.781939,-0.0444122,0,0.7832
682,0.862354,2.59099,0.988916,0.978901,-0.0486186,0,0.980107,0.522236,0.0987871,0,0.531497,0.813607,-0.416056,0.943473,1.13515,-0.056379,0,1.13655
683,1.09923,3.19681,0.651268,0.860819,-0.0710815,0,0.863749,0.951901,0.025979,0,0.952256,1.14298,0.319156,1.0398,0.78311,-0.0646647,0,0.785776
684,0.92421,2.75263,0.903603,0.968893,-0.0895492,0,0.973022,0.663667,0.0867402,0,0.669312,0.896171,-0.231761,0.969662,1.04835,-0.0968927,0,1.05281
685,1.1288,3.26982,0.604014,0.825365,-0.0544751,0,0.827161,0.996961,0.00694817,0,0.996985,1.1867,0.416746,1.0513,0.73119,-0.0482594,0,0.732781
686,0.818741,2.47563,1.04968,0.97672,-0.0424374,0,0.977641,0.506188,0.0994279,0,0.515861,0.756777,-0.542908,0.924318,1.19295,-0.0518325,0,1.19408
687,0.763813,2.32942,1.13074,0.967826,0.0375407,0,0.968554,0.273991,0.0935408,0,0.289518,0.686133,-0.700596,0.8983,1.2671,0.0491491,0,1.26805
688,0.770009,2.34611,1.12186,0.970011,0.0233446,0,0.970291,0.332949,0.0976858,0,0.346984,0.693909,-0.683239,0.90117,1.25974,0.0303173,0,1.2601
689,0.74553,2.2801,1.15738,0.960238,0.0726543,0,0.962983,0.155894,0.0792654,0,0.174888,0.663268,-0.751633,0.88966,1.288,0.0974533,0,1.29168
690,0.763156,2.32785,1.13248,0.955842,0.158569,0,0.968906,0.0648602,0.0587132,0,0.0874876,0.685114,-0.702871,0.897737,1.25249,0.207781,0,1.2696
691,1.16319,3.34903,0.52607,0.74854,-0.000780943,0,0.748541,1.00003,0.00104035,0,1.00003,1.24327,0.543015,1.06885,0.643524,-0.000671381,0,0.643524
692,1.30227,3.69235,0.262236,0.407522,-0.124902,0,0.426233,-0.00689362,-0.0139686,0,0.015577,1.44904,1.00232,1.1127,0.312932,-0.0959109,0,0.3273
693,1.20909,3.46853,0.474969,0.542556,0.451627,0,0.705927,-0.00608157,0.0120807,0,0.0135251,1.30498,0.680759,1.07931,0.448731,0.373527,0,0.583851
694,0.931546,2.77242,0.896234,0.892151,0.390468,0,0.973858,0.0127059,0.0344048,0,0.036676,0.90535,-0.211273,0.971878,0.95771,0.419161,0,1.04542
695,1.25819,3.58932,0.386664,0.465311,0.382621,0,0.602422,-0.00745202,0.00777654,0,0.0107707,1.37804,0.843839,1.09526,0.369826,0.304104,0,0.478801
696,1.05988,3.09859,0.710769,0.886425,0.167988,0,0.902202,0.966226,-0.0261935,0,0.966581,1.08584,0.191609,1.02449,0.836345,0.158497,0,0.851231
697,0.883681,2.64759,0.96169,0.964466,-0.179693,0,0.981063,0.0804913,-0.0783716,0,0.112343,0.841202,-0.354459,0.95193,1.09142,-0.203346,0,1.1102
698,1.3198,3.73599,0.218786,0.277952,0.230582,0,0.361144,-0.00543913,-0.00029536,0,0.00544714,1.47463,1.05945,1.11731,0.210601,0.174709,0,0.273635
699,0.805663,2.44147,1.07063,0.974713,-0.076015,0,0.977672,0.155027,-0.09561,0,0.182139,0.739307,-0.581904,0.917638,1.20983,-0.0943509,0,1.2135
700,0.868527,2.60784,0.982643,0.981192,0.0366866,0,0.981878,0.458812,-0.109675,0,0.471738,0.82113,-0.399263,0.945429,1.12972,0.04224,0,1.13051
701,1.07102,3.12734,0.697218,0.828579,-0.340607,0,0.895855,0.0208237,-0.0497726,0,0.0539531,1.10107,0.225595,1.02806,0.773638,-0.318022,0,0.836453
702,1.01662,2.99044,0.777023,0.815821,0.462266,0,0.937685,0.00443674,0.0273102,0,0.0276683,1.0232,0.051783,1.00647,0.802485,0.454709,0,0.922357
703,1.0316,3.02725,0.751615,0.916542,-0.113904,0,0.923593,0.840149,0.0550181,0,0.841948,1.04552,0.101606,1.0135,0.88847,-0.110415,0,0.895305
704,1.00194,2.95207,0.794127,0.935206,-0.114859,0,0.942233,0.790968,0.0655586,0,0.79368,1.00361,0.00806432,1.00167,0.933394,-0.114637,0,0.940408
705,0.933039,2.77546,0.891236,0.966169,-0.0939453,0,0.970726,0.678732,0.0847347,0,0.684001,0.908198,-0.204915,0.973377,1.03551,-0.100687,0,1.04039
706,1.10157,3.20243,0.646981,0.858825,-0.0508431,0,0.860328,0.984819,0.0143283,0,0.984923,1.14659,0.327203,1.04087,0.779639,-0.0461552,0,0.781004
707,1.1012,3.20168,0.648156,0.859143,-0.063448,0,0.861483,0.958519,0.0239415,0,0.958818,1.14588,0.325633,1.04058,0.780188,-0.0576171,0,0.782313
708,1.06233,3.10456,0.706509,0.893155,-0.10547,0,0.89936,0.893713,0.0421283,0,0.894705,1.08954,0.199877,1.02562,0.840751,-0.0992823,0,0.846593
709,1.05646,3.08984,0.715169,0.897928,-0.107554,0,0.904346,0.883763,0.0446525,0,0.88489,1.08111,0.181046,1.02333,0.849937,-0.101805,0,0.856012
710,0.769033,2.34348,1.12325,0.969645,0.0270657,0,0.970023,0.317936,0.0968076,0,0.332348,0.692684,-0.685973,0.90072,1.26086,0.0351944,0,1.26135
711,0.765861,2.33493,1.12776,0.968513,0.0341432,0,0.969115,0.288403,0.0947258,0,0.303561,0.68871,-0.694844,0.899262,1.26461,0.0445814,0,1.26539
712,0.75706,2.31122,1.14051,0.965382,0.0481463,0,0.966582,0.2321,0.0895578,0,0.248779,0.677671,-0.719484,0.895135,1.27517,0.0635964,0,1.27676
713,0.744383,2.27696,1.15889,0.956397,0.108109,0,0.962487,0.101474,0.0687727,0,0.122583,0.661884,-0.754724,0.889171,1.28482,0.145233,0,1.293
714,0.909644,2.71518,0.925125,0.9734,0.0860503,0,0.977196,0.663844,-0.0943429,0,0.670515,0.876118,-0.276521,0.963145,1.07009,0.0945978,0,1.07426
715,0.91486,2.72871,0.917801,0.97201,0.0897376,0,0.976144,0.678891,-0.0924359,0,0.685155,0.883178,-0.260764,0.96537,1.06247,0.098089,0,1.06699
716,0.786937,2.3914,1.09711,0.973271,-0.0383497,0,0.974026,0.205316,-0.102359,0,0.229417,0.715443,-0.635172,0.909149,1.23678,-0.0487329,0,1.23774
717,0.972159,2.87701,0.839623,0.859466,0.428327,0,0.960285,0.00825972,0.0309331,0,0.0320169,0.961094,-0.0868433,0.988619,0.88408,0.440594,0,0.987786
718,0.744164,2.27638,1.15927,0.959289,0.0779928,0,0.962454,0.144315,0.0772815,0,0.163704,0.661597,-0.755364,0.889048,1.28908,0.104806,0,1.29334
719,1.10052,3.19984,0.648692,0.860213,-0.048949,0,0.861605,0.975676,0.0181366,0,0.975845,1.14502,0.323716,1.04044,0.781645,-0.0444782,0,0.78291
720,1.14012,3.29823,0.587623,0.812757,-0.0495727,0,0.814267,0.998737,0.00500825,0,0.998749,1.20298,0.453083,1.05514,0.712872,-0.0434804,0,0.714197
721,1.06502,3.11275,0.707716,0.760617,0.486762,0,0.903037,0.00102947,0.023638,0,0.0236604,1.09196,0.205276,1.0253,0.714183,0.457046,0,0.847908
722,1.16468,3.36045,0.55418,0.618956,0.486534,0,0.787288,-0.00421586,0.0160213,0,0.0165667,1.23774,0.530676,1.06273,0.531438,0.41774,0,0.675969
723,1.2609,3.59394,0.371323,0.514854,-0.267991,0,0.580426,-0.00309657,-0.0232105,0,0.0234161,1.38414,0.857452,1.09774,0.408322,-0.212539,0,0.460325
724,1.32173,3.73998,0.207125,0.32004,0.122161,0,0.342562,-0.00731239,-0.00349297,0,0.00810382,1.47824,1.06749,1.11841,0.242137,0.0924251,0,0.259177
725,1.04067,3.051,0.741478,0.861293,-0.324524,0,0.920403,0.0266863,-0.0537642,0,0.0600229,1.05759,0.128556,1.01626,0.827633,-0.311842,0,0.884433
726,1.183,3.41814,0.57232,0.82426,0.00213531,0,0.824263,1.00021,-0.000541229,0,1.00021,1.25239,0.563376,1.05865,0.696752,0.00180499,0,0.696755
727,1.16864,3.36374,0.522151,0.746536,0.0172456,0,0.746735,1.00006,-0.00103917,0,1.00006,1.25007,0.558183,1.06968,0.638809,0.0147571,0,0.63898
728,1.07443,3.13513,0.689467,0.873351,0.169193,0,0.889589,0.971822,-0.0234995,0,0.972106,1.10674,0.238263,1.03008,0.812852,0.157473,0,0.827965
729,1.12527,3.26174,0.61205,0.823037,0.139543,0,0.834783,0.989249,-0.0134922,0,0.989341,1.18084,0.403656,1.04939,0.731416,0.124009,0,0.741854
730,0.887868,2.65792,0.953589,0.976686,-0.0626076,0,0.97869,0.586061,0.0948531,0,0.593687,0.847406,-0.340611,0.954429,1.10004,-0.0705146,0,1.10229
731,0.868879,2.60877,0.982205,0.981349,0.0331565,0,0.981909,0.44286,-0.110113,0,0.456344,0.821581,-0.398256,0.945565,1.12944,0.0381601,0,1.13009
732,0.773796,2.35627,1.11638,0.971252,0.000496455,0,0.971252,0.410407,0.100393,0,0.422508,0.69869,-0.672566,0.902939,1.25518,0.000641584,0,1.25518
733,0.979617,2.89535,0.826473,0.94648,0.122155,0,0.954331,0.840917,-0.0640557,0,0.843353,0.972201,-0.0620506,0.99243,0.966174,0.124696,0,0.974187
734,0.984861,2.90875,0.819062,0.943756,0.123925,0,0.951858,0.852473,-0.0614055,0,0.854682,0.979507,-0.0457428,0.994564,0.958263,0.12583,0,0.966489
735,0.9999,2.94704,0.797568,0.935205,0.128044,0,0.94393,0.884947,-0.0533525,0,0.886554,1.0006,0.0013303,1.0007,0.935298,0.128057,0,0.944024
736,1.00439,2.95845,0.79114,0.93248,0.129147,0,0.941381,0.895002,-0.0506449,0,0.896433,1.00691,0.0154337,1.00251,0.928403,0.128583,0,0.937265
737,0.919237,2.74028,0.912458,0.950907,-0.219543,0,0.975922,0.0628416,-0.0720195,0,0.0955818,0.888891,-0.248011,0.966988,1.03445,-0.238832,0,1.06167
738,0.900643,2.69188,0.938093,0.958602,-0.199153,0,0.979071,0.071448,-0.0752726,0,0.103782,0.863885,-0.303828,0.959187,1.06435,-0.221123,0,1.08708
739,1.00841,2.96864,0.78535,0.929913,0.130268,0,0.938993,0.904652,-0.0479413,0,0.905921,1.01259,0.0280966,1.00414,0.922157,0.129181,0,0.931161
740,1.01195,2.97762,0.780231,0.9275,0.131808,0,0.936819,0.913907,-0.0452318,0,0.915026,1.0176,0.0392791,1.00558,0.916544,0.130251,0,0.925752
741,1.03574,3.03772,0.74567,0.907243,0.156859,0,0.920703,0.953583,-0.031645,0,0.954108,1.0514,0.114732,1.01512,0.875938,0.151447,0,0.888934
742,1.04662,3.0652,0.729966,0.897933,0.163468,0,0.912691,0.960146,-0.0289138,0,0.960581,1.0669,0.149332,1.01937,0.857932,0.156186,0,0.872033
743,1.11497,3.23626,0.628266,0.833935,0.150887,0,0.847476,0.985676,-0.0157959,0,0.985803,1.16567,0.369801,1.04547,0.747945,0.135328,0,0.760089
744,0.947781,2.81377,0.871585,0.96109,0.108702,0,0.967218,0.764789,-0.0792758,0,0.768887,0.928096,-0.160499,0.979231,1.01404,0.114691,0,1.02051
745,0.953222,2.82778,0.863992,0.958964,0.111297,0,0.965401,0.77822,-0.0768474,0,0.782005,0.935565,-0.143829,0.981476,1.00602,0.116759,0,1.01278
746,1.14747,3.31603,0.574492,0.796382,0.0976887,0,0.802351,0.997219,-0.007158,0,0.997245,1.2142,0.478136,1.05816,0.694034,0.0851341,0,0.699236
747,0.869016,2.60911,0.981927,0.981013,0.0400453,0,0.98183,0.474803,-0.109122,0,0.487181,0.821786,-0.397799,0.945652,1.12888,0.0460812,0,1.12982
748,0.870173,2.61215,0.980314,0.980817,0.043546,0,0.981783,0.49079,-0.108463,0,0.502633,0.823317,-0.394381,0.946154,1.12715,0.0500429,0,1.12826
749,0.876033,2.62765,0.97265,0.981566,0.0256294,0,0.981901,0.411157,-0.110679,0,0.425793,0.830948,-0.377348,0.948536,1.12047,0.0292562,0,1.12085
750,0.870965,2.61429,0.979457,0.981514,0.029468,0,0.981956,0.42698,-0.110449,0,0.441034,0.824299,-0.392191,0.94642,1.12693,0.0338337,0,1.12744
751,1.01258,2.97984,0.781518,0.88777,-0.30524,0,0.938779,0.0329158,-0.0576963,0,0.0664252,1.01787,0.0398782,1.00522,0.876737,-0.301447,0,0.927113
752,1.0221,3.00325,0.765357,0.919008,0.143109,0,0.930084,0.939074,-0.0370848,0,0.939806,1.03203,0.0714999,1.00971,0.899135,0.140015,0,0.909971
753,1.02766,3.01729,0.757311,0.914153,0.149653,0,0.926322,0.946551,-0.0343679,0,0.947175,1.03992,0.089107,1.01193,0.889552,0.145626,0,0.901393
754,0.821808,2.4844,1.04775,0.974707,-0.0999485,0,0.979818,0.131895,-0.0913931,0,0.160464,0.760118,-0.53545,0.924934,1.18605,-0.12162,0,1.19227
755,0.81343,2.46218,1.05972,0.975012,-0.0870853,0,0.978894,0.143287,-0.0935669,0,0.171131,0.749267,-0.559671,0.921121,1.19864,-0.107059,0,1.20341
756,0.879828,2.63746,0.966881,0.979475,0.0586524,0,0.981229,0.554683,-0.104849,0,0.564506,0.836121,-0.365801,0.950324,1.11326,0.0666635,0,1.11525
757,0.883173,2.64621,0.962209,0.978944,0.0626285,0,0.980946,0.570599,-0.103676,0,0.579941,0.840577,-0.355856,0.951769,1.10844,0.070913,0,1.11071
758,1.08906,3.17177,0.667817,0.859758,0.166561,0,0.875743,0.976912,-0.0208711,0,0.977135,1.12787,0.285418,1.03563,0.789449,0.15294,0,0.804127
759,1.10272,3.20582,0.647092,0.846337,0.160214,0,0.861368,0.981536,-0.0183105,0,0.981707,1.14776,0.329822,1.04084,0.767497,0.145289,0,0.781128
760,0.936645,2.78506,0.887211,0.965211,0.102864,0,0.970677,0.737086,-0.0839537,0,0.741852,0.912836,-0.194562,0.974581,1.0305,0.109822,0,1.03633
761,0.942291,2.79961,0.87923,0.963117,0.105925,0,0.968925,0.751061,-0.0816533,0,0.755486,0.920581,-0.177275,0.97696,1.0221,0.112412,0,1.02826
762,0.854431,2.57088,1.00276,0.971758,-0.14445,0,0.982436,0.0998514,-0.0841151,0,0.130559,0.80243,-0.441003,0.93914,1.13732,-0.16906,0,1.14981
763,0.841775,2.53744,1.02027,0.973464,-0.128369,0,0.981891,0.110175,-0.0867441,0,0.140225,0.785909,-0.477881,0.933634,1.15644,-0.152498,0,1.16645
764,0.830843,2.50838,1.03508,0.974127,-0.113698,0,0.98074,0.120886,-0.0890946,0,0.150171,0.771814,-0.509343,0.928953,1.17246,-0.136846,0,1.18042
765,0.886833,2.65577,0.957054,0.978291,0.0665766,0,0.980553,0.586419,-0.102382,0,0.595289,0.845472,-0.344929,0.953361,1.10313,0.0750723,0,1.10568
766,0.890822,2.66618,0.951486,0.97757,0.0705632,0,0.980113,0.602148,-0.100974,0,0.610555,0.850803,-0.333029,0.955077,1.09738,0.0792113,0,1.10023
767,0.98671,2.91399,0.818277,0.909472,-0.284189,0,0.952839,0.0396614,-0.0615412,0,0.0732144,0.981569,-0.0411405,0.99479,0.921721,-0.288017,0,0.965673
768,0.96235,2.85163,0.852591,0.927059,-0.262206,0,0.963427,0.0469405,-0.0652517,0,0.0803816,0.947752,-0.116624,0.984831,0.963328,-0.272464,0,1.00112
769,0.939742,2.79342,0.884157,0.940707,-0.240602,0,0.970989,0.0547321,-0.0686687,0,0.0878123,0.916711,-0.185912,0.975492,1.00103,-0.25603,0,1.03325
770,0.853918,2.56858,0.999932,0.979327,0.0203011,0,0.979537,0.348847,-0.110492,0,0.365927,0.802706,-0.440388,0.940027,1.14686,0.0237741,0,1.14711
771,0.883606,2.64727,0.961343,0.98046,0.020831,0,0.980681,0.364261,-0.110702,0,0.380711,0.841225,-0.354408,0.952037,1.10961,0.023575,0,1.10986
772,0.890137,2.66469,0.953522,0.980918,0.020575,0,0.981134,0.379781,-0.110795,0,0.395612,0.849591,-0.335735,0.954449,1.10199,0.0231144,0,1.10223
773,0.799314,2.4245,1.0795,0.974288,-0.0655543,0,0.97649,0.167137,-0.097517,0,0.193505,0.731212,-0.599972,0.9148,1.2189,-0.0820131,0,1.22166
774,0.794287,2.41106,1.0866,0.97392,-0.0557799,0,0.975516,0.179569,-0.0992731,0,0.205183,0.724805,-0.614274,0.912523,1.22616,-0.0702264,0,1.22817
775,0.790221,2.40019,1.09241,0.973596,-0.0465933,0,0.974711,0.1923,-0.100883,0,0.217156,0.719622,-0.625844,0.910659,1.23206,-0.0589624,0,1.23347
776,0.784422,2.38468,1.10077,0.97303,-0.0308786,0,0.97352,0.218607,-0.103714,0,0.241962,0.712233,-0.642337,0.907972,1.24044,-0.0393648,0,1.24107
777,0.782634,2.37989,1.10333,0.972817,-0.0242153,0,0.973118,0.232169,-0.104947,0,0.254787,0.709965,-0.647399,0.907148,1.243,-0.0309408,0,1.24339
778,0.779656,2.37221,1.10877,0.973254,0.00289846,0,0.973258,0.303628,-0.109214,0,0.322673,0.705895,-0.656485,0.905393,1.24831,0.00371761,0,1.24832
779,0.786341,2.38994,1.0985,0.974236,0.00961108,0,0.974284,0.318551,-0.109742,0,0.336925,0.714549,-0.637168,0.908701,1.23895,0.0122225,0,1.23901
780,0.781664,2.37732,1.1048,0.972786,-0.0181356,0,0.972955,0.246028,-0.106052,0,0.267912,0.708715,-0.65019,0.906674,1.24451,-0.0232013,0,1.24472
781,0.798823,2.4235,1.08141,0.951619,0.222522,0,0.977289,0.0418147,0.0504018,0,0.065489,0.730275,-0.602065,0.914188,1.19128,0.278562,0,1.22341
782,0.7858,2.38829,1.09845,0.973052,-0.032022,0,0.973579,0.490139,0.0999256,0,0.500221,0.71407,-0.638236,0.908717,1.23829,-0.0407509,0,1.23896
783,0.775098,2.35992,1.1151,0.971723,-0.0228063,0,0.971991,0.474118,0.100287,0,0.484608,0.700188,-0.669223,0.903354,1.25368,-0.0294238,0,1.25402
784,1.10133,3.2019,0.64761,0.859364,-0.0516059,0,0.860912,0.970423,0.0200306,0,0.970629,1.14616,0.326259,1.04071,0.780299,-0.046858,0,0.781705
785,0.775115,2.35987,1.11468,0.971597,-0.0156277,0,0.971723,0.4581,0.100515,0,0.468998,0.700307,-0.668958,0.903488,1.25349,-0.0201618,0,1.25365
786,0.775749,2.3615,1.11348,0.971624,-0.00994216,0,0.971675,0.442128,0.100602,0,0.453429,0.701181,-0.667006,0.903877,1.2525,-0.0128162,0,1.25256
787,0.774941,2.35931,1.11457,0.971413,-0.0045675,0,0.971424,0.426235,0.100562,0,0.437937,0.700179,-0.669244,0.903525,1.25353,-0.00589399,0,1.25355
788,0.7729,2.35388,1.11771,0.971036,0.00557935,0,0.971052,0.394667,0.100088,0,0.407161,0.697551,-0.67511,0.902511,1.25635,0.00721872,0,1.25637
789,1.08009,3.14905,0.68013,0.877944,-0.0962125,0,0.883201,0.92116,0.0348357,0,0.921818,1.11518,0.2571,1.03249,0.812842,-0.089078,0,0.817708
790,0.772402,2.3528,1.11947,0.955425,0.176802,0,0.971646,0.0568076,0.0560223,0,0.0797847,0.696662,-0.677093,0.901943,1.23695,0.228899,0,1.25795
791,0.784202,2.38439,1.10227,0.95395,0.198159,0,0.974314,0.049072,0.0533339,0,0.0724746,0.711655,-0.643628,0.907489,1.21646,0.252689,0,1.24243
792,0.761578,2.32339,1.13394,0.967027,0.0409561,0,0.967894,0.259823,0.0922899,0,0.275727,0.683336,-0.706838,0.897264,1.26977,0.0537779,0,1.27091
793,0.759327,2.31734,1.13725,0.966251,0.0444534,0,0.967273,0.245832,0.0910053,0,0.262136,0.680503,-0.713164,0.896192,1.27251,0.0585432,0,1.27386
794,0.743374,2.27425,1.16047,0.958551,0.0839328,0,0.962219,0.13308,0.075237,0,0.152876,0.660604,-0.757581,0.888656,1.28946,0.112908,0,1.29439
795,0.743275,2.27405,1.16086,0.958034,0.0909344,0,0.96234,0.122222,0.0731385,0,0.142434,0.660424,-0.757982,0.888532,1.28894,0.122343,0,1.29473
796,0.743457,2.27452,1.16053,0.957236,0.0991874,0,0.962361,0.111661,0.0710597,0,0.132354,0.660665,-0.757443,0.88864,1.28755,0.133414,0,1.29444
797,0.96852,2.86677,0.841491,0.95244,-0.108101,0,0.958555,0.736899,0.0757065,0,0.740778,0.95697,-0.0960495,0.988075,0.983398,-0.111615,0,0.989711
798,1.07417,3.13426,0.689004,0.88319,-0.0999973,0,0.888833,0.912421,0.0372171,0,0.91318,1.10661,0.237965,1.0302,0.822204,-0.0930923,0,0.827458
799,1.06819,3.11925,0.697826,0.888259,-0.102886,0,0.894198,0.903261,0.0396518,0,0.904131,1.09799,0.218725,1.0279,0.831557,-0.0963186,0,0.837117
800,1.05052,3.07489,0.723878,0.902542,-0.109615,0,0.909174,0.873407,0.0472046,0,0.874682,1.07259,0.162021,1.02101,0.85914,-0.104344,0,0.865453
801,1.04448,3.0597,0.73274,0.907154,-0.111237,0,0.913949,0.862693,0.0497807,0,0.864129,1.06393,0.142711,1.01863,0.868522,-0.1065,0,0.875027
802,1.03824,3.04401,0.74192,0.911816,-0.112666,0,0.91875,0.851604,0.0523949,0,0.853214,1.055,0.122772,1.01614,0.87823,-0.108516,0,0.884908
803,1.02461,3.00955,0.761572,0.921099,-0.114877,0,0.928235,0.828375,0.0576472,0,0.830379,1.03564,0.0795437,1.01076,0.898975,-0.112118,0,0.90594
804,1.01737,2.99121,0.771943,0.925737,-0.11538,0,0.932899,0.816238,0.0602996,0,0.818462,1.0254,0.0566888,1.00789,0.90993,-0.11341,0,0.91697
805,1.00981,2.97207,0.782897,0.930573,-0.115214,0,0.937678,0.803751,0.0629434,0,0.806212,1.01469,0.0327818,1.00483,0.921534,-0.114095,0,0.92857
806,0.993913,2.93166,0.805595,0.939741,-0.114086,0,0.946641,0.777896,0.0681505,0,0.780876,0.992339,-0.0171001,0.998416,0.945496,-0.114784,0,0.952438
807,0.985637,2.91056,0.817357,0.944189,-0.112431,0,0.950859,0.764525,0.0707227,0,0.767789,0.980762,-0.042943,0.995054,0.957948,-0.114069,0,0.964715
808,0.977133,2.88881,0.829311,0.948347,-0.110688,0,0.954784,0.750842,0.0732521,0,0.754407,0.968935,-0.0693418,0.99161,0.97054,-0.113279,0,0.977129
809,0.959782,2.84434,0.853739,0.956196,-0.105369,0,0.961985,0.722719,0.0780915,0,0.726926,0.944899,-0.122993,0.984494,0.996264,-0.109785,0,1.0023
810,0.950946,2.82164,0.866168,0.959812,-0.101891,0,0.965205,0.708279,0.0804066,0,0.712829,0.93272,-0.150179,0.980834,1.00932,-0.107147,0,1.01499
811,0.942011,2.79861,0.878649,0.963084,-0.0982422,0,0.968082,0.693604,0.0826228,0,0.698508,0.92047,-0.177521,0.977133,1.02237,-0.10429,0,1.02768
812,0.915568,2.73026,0.91576,0.971352,-0.0847299,0,0.97504,0.648418,0.0886215,0,0.654446,0.884429,-0.257972,0.965989,1.06093,-0.0925435,0,1.06496
813,0.893858,2.67382,0.946192,0.977424,-0.0521639,0,0.978815,0.554234,0.0971337,0,0.562682,0.855157,-0.32331,0.956704,1.09349,-0.0583581,0,1.09505
814,0.889034,2.66128,0.953131,0.9783,-0.0500083,0,0.979578,0.538249,0.0980067,0,0.547099,0.848645,-0.337845,0.95457,1.10041,-0.0562501,0,1.10184
815,0.907018,2.70804,0.927642,0.973362,-0.079923,0,0.976637,0.63302,0.0903723,0,0.639438,0.872894,-0.283718,0.962378,1.07314,-0.0881162,0,1.07676
816,0.898635,2.68618,0.939184,0.974994,-0.0747414,0,0.977854,0.617492,0.0919975,0,0.624308,0.861659,-0.308796,0.958853,1.08497,-0.0831721,0,1.08815
817,0.891334,2.66701,0.948887,0.975991,-0.0687281,0,0.978408,0.601831,0.093494,0,0.60905,0.852005,-0.330346,0.955876,1.09498,-0.077107,0,1.09769
818,0.754881,2.30536,1.14373,0.964557,0.0519999,0,0.965958,0.218677,0.0880276,0,0.23573,0.674932,-0.725599,0.89409,1.27776,0.0688849,0,1.27962
819,0.752738,2.29957,1.14683,0.963659,0.0559733,0,0.965283,0.205536,0.0864251,0,0.222968,0.672259,-0.731565,0.893085,1.28021,0.0743596,0,1.28236
820,0.75074,2.2942,1.14984,0.962856,0.0599528,0,0.964721,0.192677,0.0847558,0,0.210494,0.669742,-0.737184,0.892108,1.28254,0.0798583,0,1.28503
821,0.74882,2.28901,1.15264,0.961981,0.0639382,0,0.964104,0.180108,0.083011,0,0.198317,0.667349,-0.742525,0.8912,1.28466,0.0853852,0,1.2875
822,0.747109,2.28442,1.15525,0.961211,0.068095,0,0.96362,0.167839,0.0811814,0,0.186441,0.665191,-0.747341,0.890353,1.28657,0.0911447,0,1.2898
823,0.816966,2.47193,1.0561,0.948017,0.249881,0,0.980397,0.0350606,0.0473721,0,0.0589352,0.753469,-0.550292,0.922277,1.16041,0.305865,0,1.20005
824,0.839126,2.53069,1.02495,0.941609,0.280538,0,0.982512,0.0287981,0.0442817,0,0.0528223,0.782198,-0.486165,0.932158,1.12213,0.334322,0,1.17087
825,0.963859,2.85507,0.848924,0.9543,0.11589,0,0.961311,0.804238,-0.0718647,0,0.807442,0.950273,-0.110997,0.985905,0.990083,0.120235,0,0.997357
826,0.969175,2.86867,0.841351,0.951761,0.118127,0,0.959063,0.816815,-0.0692913,0,0.819749,0.957656,-0.094517,0.988115,0.982032,0.121884,0,0.989567
827,0.974391,2.882,0.833897,0.94914,0.120273,0,0.95673,0.829047,-0.0666775,0,0.831724,0.964922,-0.0782984,0.990282,0.974085,0.123434,0,0.981874
828,0.871835,2.61653,0.978075,0.980641,0.0471349,0,0.981773,0.506797,-0.107701,0,0.518115,0.825497,-0.389515,0.94685,1.1248,0.054064,0,1.1261
829,0.874072,2.62239,0.974932,0.980318,0.0508446,0,0.981636,0.522793,-0.106832,0,0.533597,0.828469,-0.382881,0.947827,1.12155,0.0581698,0,1.12306
830,0.865477,2.60014,0.988062,0.931106,0.315003,0,0.982947,0.0228963,0.0411758,0,0.0471136,0.816785,-0.408963,0.943739,1.07583,0.363964,0,1.13573
831,0.895931,2.67986,0.945626,0.915074,0.352407,0,0.980587,0.0175127,0.0378134,0,0.0416719,0.857297,-0.318535,0.956878,1.02137,0.393341,0,1.09449
832,0.746956,2.28394,1.1552,0.956153,0.117874,0,0.963391,0.0917037,0.0663882,0,0.113212,0.665066,-0.747619,0.890369,1.28007,0.157806,0,1.28976
833,0.751062,2.29506,1.14932,0.956095,0.129222,0,0.964788,0.0823416,0.0639173,0,0.104238,0.670156,-0.736258,0.892278,1.27299,0.172053,0,1.28456
834,0.756279,2.30916,1.14185,0.955881,0.142754,0,0.966482,0.0733907,0.0613607,0,0.0956625,0.676644,-0.721777,0.894702,1.26393,0.188758,0,1.27794
835,0.767656,2.33977,1.12523,0.969163,0.0306506,0,0.969648,0.303069,0.095824,0,0.317857,0.690951,-0.689841,0.90008,1.2625,0.0399275,0,1.26313
836,0.772245,2.35213,1.1187,0.970859,0.0104187,0,0.970915,0.379047,0.0996625,0,0.39193,0.696713,-0.67698,0.902192,1.25719,0.0134914,0,1.25726
837,0.771555,2.35026,1.11963,0.970579,0.0150821,0,0.970696,0.363546,0.0991286,0,0.376818,0.695857,-0.678891,0.901889,1.25795,0.0195476,0,1.2581
838,0.77079,2.34821,1.12076,0.970316,0.0194269,0,0.97051,0.348157,0.0984686,0,0.361814,0.694888,-0.681054,0.901527,1.25886,0.0252039,0,1.25911
839,1.09585,3.1884,0.656437,0.863812,-0.0786796,0,0.867388,0.944853,0.0280796,0,0.94527,1.13805,0.308144,1.03851,0.788257,-0.0717977,0,0.79152
840,1.09129,3.17704,0.663336,0.867917,-0.0856119,0,0.872129,0.937391,0.0302551,0,0.937879,1.13142,0.293348,1.03677,0.795309,-0.0784498,0,0.799169
841,1.08593,3.16365,0.671399,0.872744,-0.0914805,0,0.877525,0.929489,0.0325137,0,0.930058,1.12364,0.27598,1.03472,0.803681,-0.0842414,0,0.808084
842,0.89514,2.67744,0.945421,0.976703,0.0745122,0,0.979541,0.617768,-0.0994615,0,0.625723,0.856596,-0.320099,0.956941,1.09112,0.0832408,0,1.09429
843,0.899743,2.68943,0.938992,0.975743,0.0784285,0,0.97889,0.633257,-0.0978528,0,0.640772,0.862774,-0.306308,0.958912,1.08447,0.0871677,0,1.08797
844,0.9046,2.70207,0.932176,0.974622,0.0822911,0,0.97809,0.648622,-0.0961494,0,0.65571,0.869316,-0.291705,0.960996,1.07741,0.0909696,0,1.08124
845,0.781345,2.37645,1.10521,0.972771,-0.0125622,0,0.972852,0.260132,-0.106958,0,0.281263,0.70832,-0.651071,0.90654,1.245,-0.0160777,0,1.2451
846,0.781191,2.37607,1.10557,0.97288,-0.0075334,0,0.97291,0.274397,-0.107804,0,0.294815,0.708092,-0.65158,0.906426,1.24538,-0.00964347,0,1.24542
847,1.29949,3.68737,0.281028,0.452871,-0.0473811,0,0.455343,-0.0112319,-0.0124662,0,0.0167798,1.44304,0.988923,1.11047,0.3485,-0.0364614,0,0.350402
848,0.880734,2.63999,0.966191,0.969408,-0.154538,0,0.981649,0.0912856,-0.0944214,0,0.131333,0.83717,-0.363459,0.950537,1.10068,-0.175465,0,1.11458
849,1.13175,3.27737,0.600302,0.823541,-0.0411775,0,0.82457,0.999318,0.00730946,0,0.999345,1.1908,0.425886,1.05217,0.727671,-0.036384,0,0.72858
850,1.10173,3.20291,0.646993,0.859167,-0.0473907,0,0.860473,0.984991,0.0201885,0,0.985198,1.14676,0.327582,1.04087,0.779832,-0.0430146,0,0.781018
851,0.882273,2.64428,0.965005,0.980719,0.0565317,0,0.982347,0.54817,-0.125314,0,0.562311,0.838957,-0.35947,0.950904,1.11158,0.064075,0,1.11343
852,1.27656,3.63476,0.352134,0.478527,0.287048,0,0.558019,-0.0109542,0.00492798,0,0.0120117,1.40512,0.904286,1.10071,0.374857,0.224861,0,0.437128
853,1.16065,3.34934,0.556225,0.783823,0.0737974,0,0.787289,0.999576,-0.00392966,0,0.999584,1.23293,0.519935,1.06228,0.675331,0.0635828,0,0.678318
854,1.0203,2.99896,0.768953,0.922786,0.13314,0,0.932341,0.93031,-0.0513221,0,0.931725,1.02919,0.0651598,1.00872,0.90443,0.130492,0,0.913795
855,1.02492,3.01062,0.762183,0.919064,0.136725,0,0.929179,0.938443,-0.0480041,0,0.93967,1.03577,0.0798474,1.01059,0.896722,0.133401,0,0.906591
856,1.04655,3.06596,0.733392,0.868131,-0.293796,0,0.916498,0.0253763,-0.062413,0,0.0673746,1.06586,0.147015,1.01845,0.829514,-0.280727,0,0.875729
857,1.11587,3.23806,0.625283,0.843096,-0.0473332,0,0.844423,0.995199,0.0124833,0,0.995277,1.16742,0.373705,1.0462,0.755552,-0.0424183,0,0.756741
858,0.813995,2.46384,1.05955,0.978591,-0.0407312,0,0.979438,0.499039,0.119522,0,0.513153,0.749834,-0.558406,0.921178,1.20221,-0.0500387,0,1.20325
859,1.28173,3.6433,0.318788,0.491587,-0.129402,0,0.508334,-0.00999776,-0.0177743,0,0.0203931,1.417,0.930802,1.10554,0.383535,-0.100959,0,0.3966
860,0.992347,2.9287,0.811468,0.865943,0.393702,0,0.95124,0.00662654,0.037254,0,0.0378388,0.989113,-0.0243019,0.996741,0.872621,0.396738,0,0.958576
861,1.21724,3.48838,0.46001,0.631382,-0.276387,0,0.689226,-0.00301609,-0.0330903,0,0.0332275,1.3173,0.708264,1.08221,0.5187,-0.227061,0,0.566221
862,1.09767,3.19302,0.653955,0.863839,-0.0583071,0,0.865805,0.964174,0.0306197,0,0.96466,1.14063,0.313896,1.03913,0.786973,-0.0531188,0,0.788763
863,1.12362,3.25734,0.613377,0.834081,-0.0440786,0,0.835245,0.997525,0.0100072,0,0.997575,1.17876,0.399014,1.04907,0.742314,-0.039229,0,0.74335
864,1.19635,3.43777,0.499096,0.609306,0.406264,0,0.732328,-0.0088452,0.0156129,0,0.0179444,1.28545,0.63717,1.07448,0.509304,0.339586,0,0.612135
865,0.924655,2.75442,0.90525,0.971296,-0.0850734,0,0.975015,0.658307,0.106602,0,0.666882,0.896144,-0.231822,0.969166,1.05044,-0.0920056,0,1.05446
866,1.15866,3.34582,0.564754,0.670141,0.431925,0,0.797275,-0.0067933,0.020055,0,0.0211743,1.22861,0.510283,1.06037,0.578375,0.372779,0,0.6881
867,1.1802,3.3834,0.465134,0.671141,-0.0756604,0,0.675392,1.00049,0.000365844,0,1.00049,1.27606,0.616206,1.08122,0.568666,-0.0641081,0,0.572269
868,1.18085,3.38455,0.462011,0.66477,0.0942061,0,0.671412,1.00051,-0.000349497,0,1.00051,1.27747,0.619353,1.08182,0.56296,0.0797783,0,0.568584
869,0.96387,2.85557,0.850601,0.956372,0.112629,0,0.962982,0.801015,-0.0892152,0,0.805968,0.949811,-0.112029,0.985414,0.992221,0.116851,0,0.999078
870,0.815843,2.46886,1.05736,0.977194,-0.0742246,0,0.980009,0.15851,-0.11132,0,0.193694,0.752104,-0.55334,0.921874,1.19777,-0.0909791,0,1.20122
871,1.1033,3.20823,0.649788,0.80632,-0.313521,0,0.865128,0.0136499,-0.0530648,0,0.0547922,1.14762,0.329504,1.04017,0.730827,-0.284167,0,0.784129
872,0.883409,2.64721,0.963288,0.981846,0.023875,0,0.982136,0.403558,-0.130482,0,0.424128,0.840507,-0.356012,0.951435,1.11143,0.027026,0,1.11176
873,0.896287,2.68063,0.944559,0.964933,-0.1714,0,0.980038,0.0814603,-0.0909424,0,0.122091,0.857931,-0.317119,0.957205,1.07659,-0.191233,0,1.09344
874,0.872643,2.61895,0.978056,0.982047,0.034891,0,0.982667,0.451557,-0.129887,0,0.469866,0.826267,-0.387796,0.946856,1.12537,0.0399831,0,1.12608
875,0.787267,2.39305,1.09964,0.976247,-0.000257399,0,0.976248,0.295426,-0.127264,0,0.321671,0.715101,-0.635934,0.908334,1.24005,-0.000326952,0,1.24005
876,1.10481,3.21054,0.64219,0.855633,-0.0476837,0,0.85696,0.988896,0.0176244,0,0.989053,1.15127,0.337666,1.04206,0.774462,-0.0431601,0,0.775663
877,0.898081,2.68527,0.941903,0.978293,-0.051623,0,0.979654,0.563679,0.116345,0,0.575561,0.860379,-0.311653,0.95802,1.08932,-0.0574814,0,1.09083
878,1.09597,3.1888,0.656662,0.865373,-0.0642476,0,0.867755,0.95782,0.0332651,0,0.958398,1.13811,0.308279,1.03845,0.789597,-0.0586217,0,0.79177
879,1.09336,3.18234,0.660747,0.867777,-0.0706017,0,0.870644,0.951021,0.0359449,0,0.9517,1.13428,0.299725,1.03742,0.793679,-0.0645731,0,0.796301
880,0.999875,2.94742,0.79919,0.939296,-0.109076,0,0.945609,0.78741,0.0832652,0,0.7918,1.00011,0.000249119,1.00024,0.939413,-0.10909,0,0.945726
881,0.752195,2.29835,1.14861,0.962779,0.0759746,0,0.965772,0.147777,0.0926537,0,0.174421,0.67134,-0.733617,0.892508,1.27996,0.101004,0,1.28394
882,0.767268,2.339,1.1269,0.969518,0.038925,0,0.970299,0.265688,0.11061,0,0.287793,0.69019,-0.691541,0.899543,1.2636,0.0507319,0,1.26462
883,1.1245,3.25993,0.613564,0.827222,0.121753,0,0.836134,0.993141,-0.015753,0,0.993266,1.17963,0.400955,1.04902,0.735635,0.108273,0,0.743561
884,0.791818,2.40446,1.09011,0.959027,0.175867,0,0.975019,0.0574725,0.0669826,0,0.0882596,0.721662,-0.62129,0.911398,1.21117,0.222105,0,1.23137
885,0.994875,2.93469,0.806292,0.940252,0.123145,0,0.948282,0.872493,-0.0708245,0,0.875362,0.993101,-0.0153989,0.998218,0.945096,0.123779,0,0.953167
886,1.14915,3.32081,0.574173,0.801944,-0.0432319,0,0.803109,0.999451,0.00387939,0,0.999458,1.21607,0.482296,1.05823,0.697858,-0.0376207,0,0.698872
887,1.10957,3.2224,0.634922,0.850291,-0.0480156,0,0.851646,0.992342,0.0150119,0,0.992455,1.15823,0.353182,1.04385,0.766322,-0.0432739,0,0.767543
888,1.14534,3.31111,0.579207,0.802558,0.084784,0,0.807023,0.999602,-0.00742398,0,0.99963,1.21072,0.470348,1.05708,0.700716,0.0740252,0,0.704616
889,1.08234,3.15495,0.67776,0.86882,0.153152,0,0.882216,0.977218,-0.0281796,0,0.977624,1.11816,0.263756,1.0331,0.802722,0.1415,0,0.815099
890,1.13164,3.2785,0.605695,0.768505,-0.317201,0,0.831394,0.00872009,-0.048092,0,0.0488762,1.18924,0.422411,1.0509,0.679107,-0.280302,0,0.734681
891,0.926512,2.75939,0.903246,0.970596,0.0937626,0,0.975114,0.703794,-0.107776,0,0.711998,0.898503,-0.226557,0.969769,1.04758,0.1012,0,1.05246
892,1.24307,3.55106,0.409932,0.582195,-0.240374,0,0.629866,-0.00590987,-0.0279872,0,0.0286044,1.35659,0.795969,1.09133,0.468354,-0.193372,0,0.506703
893,0.932374,2.77457,0.895127,0.968871,0.0967128,0,0.973686,0.718459,-0.105385,0,0.726147,0.906463,-0.208787,0.97221,1.03914,0.103727,0,1.04431
894,0.937199,2.78699,0.888218,0.967063,0.0998424,0,0.972204,0.732869,-0.102877,0,0.740055,0.913094,-0.193986,0.97428,1.03187,0.106533,0,1.03735
895,1.16115,3.35146,0.558847,0.726925,-0.312179,0,0.791123,0.00427407,-0.0432777,0,0.0434882,1.23278,0.519605,1.06169,0.626039,-0.268854,0,0.681328
896,1.13196,3.27817,0.600978,0.818214,0.110127,0,0.825592,0.9958,-0.0129414,0,0.995884,1.19084,0.425985,1.05202,0.722828,0.0972885,0,0.729346
897,1.19001,3.42214,0.509595,0.679935,-0.299619,0,0.743023,0.000324819,-0.0380729,0,0.0380742,1.27607,0.616227,1.07231,0.571367,-0.251778,0,0.624382
898,1.02836,3.01949,0.757746,0.92096,-0.109417,0,0.927437,0.837269,0.0712132,0,0.840293,1.04051,0.0904295,1.01181,0.89556,-0.106399,0,0.901858
899,0.846769,2.55023,1.0118,0.97965,-0.0497699,0,0.980914,0.515245,0.118933,0,0.528793,0.792832,-0.462429,0.936302,1.15693,-0.0587763,0,1.15842
900,0.773036,2.35452,1.1186,0.97142,0.0287078,0,0.971844,0.309661,0.11482,0,0.330263,0.69745,-0.675335,0.902222,1.25663,0.0371364,0,1.25718
901,1.239,3.54315,0.426882,0.546047,0.357868,0,0.652868,-0.0104091,0.0109032,0,0.0150741,1.34845,0.777801,1.08834,0.440716,0.288836,0,0.526932
902,1.03201,3.02953,0.755393,0.828074,0.419192,0,0.928132,0.00247486,0.032921,0,0.0330139,1.04487,0.100154,1.01246,0.802391,0.40619,0,0.899345
903,0.933985,2.77859,0.892349,0.968684,-0.0889278,0,0.972758,0.673597,0.104472,0,0.681651,0.908808,-0.203553,0.973043,1.03715,-0.0952133,0,1.04151
904,1.05869,3.09585,0.71335,0.898528,-0.100796,0,0.904164,0.891675,0.0560122,0,0.893432,1.0839,0.187282,1.02381,0.848714,-0.0952079,0,0.854037
905,0.774445,2.35831,1.11663,0.971917,0.0251572,0,0.972242,0.324738,0.115975,0,0.344826,0.699214,-0.671397,0.902859,1.25498,0.0324842,0,1.25541
906,0.771365,2.35004,1.12105,0.970909,0.0321326,0,0.971441,0.294742,0.113525,0,0.315849,0.695333,-0.680061,0.901431,1.25869,0.0416568,0,1.25938
907,0.769328,2.34454,1.12391,0.970192,0.0355499,0,0.970844,0.280077,0.11211,0,0.301682,0.692787,-0.685744,0.900509,1.26109,0.046209,0,1.26194
908,0.916079,2.73237,0.917871,0.973634,0.0869485,0,0.977508,0.673868,-0.112247,0,0.683152,0.884336,-0.25818,0.965349,1.06283,0.0949137,0,1.06706
909,0.92185,2.74736,0.9099,0.972159,0.0902814,0,0.976342,0.688915,-0.110073,0,0.697654,0.892131,-0.240779,0.967762,1.05457,0.097935,0,1.05911
910,1.10002,3.19871,0.649781,0.861222,-0.0478967,0,0.862553,0.980468,0.0228301,0,0.980734,1.14421,0.321907,1.04017,0.782912,-0.0435415,0,0.784122
911,1.07338,3.13376,0.695546,0.782678,0.435882,0,0.895867,-0.00108156,0.0287467,0,0.028767,1.10396,0.23206,1.02849,0.729172,0.406084,0,0.834624
912,1.11677,3.24229,0.631166,0.729501,0.441073,0,0.852477,-0.00421398,0.0244349,0,0.0247956,1.16677,0.372252,1.04477,0.653221,0.394953,0,0.763339
913,1.26602,3.60647,0.360941,0.533737,-0.191073,0,0.566907,-0.00822717,-0.0228754,0,0.0243099,1.39182,0.874596,1.09936,0.421585,-0.150924,0,0.447786
914,1.30579,3.70173,0.25811,0.4171,0.0553092,0,0.420751,-0.0112358,-0.00594118,0,0.0127099,1.45358,1.01245,1.11318,0.319422,0.0423568,0,0.322219
915,1.07441,3.13613,0.693284,0.840346,-0.305239,0,0.894065,0.0193466,-0.0579963,0,0.0611381,1.10565,0.235832,1.02908,0.782149,-0.2841,0,0.832148
916,1.06993,3.12386,0.69611,0.880112,0.154964,0,0.89365,0.971979,-0.0314372,0,0.972488,1.10026,0.223795,1.02835,0.822587,0.144835,0,0.835241
917,1.11568,3.23804,0.62728,0.836375,0.132332,0,0.846779,0.98992,-0.0187458,0,0.990098,1.16668,0.372051,1.04571,0.749657,0.118612,0,0.758983
918,0.895856,2.67947,0.945015,0.978175,-0.0592506,0,0.979968,0.579746,0.115112,0,0.591064,0.857392,-0.31832,0.957065,1.09189,-0.0661385,0,1.09389
919,0.984805,2.90905,0.8207,0.94587,0.120236,0,0.953482,0.850072,-0.0771214,0,0.853563,0.978988,-0.0469009,0.994093,0.960464,0.122091,0,0.968193
920,0.989814,2.92179,0.813472,0.943058,0.121724,0,0.950882,0.861483,-0.0739829,0,0.864654,0.98602,-0.0312049,0.996167,0.952763,0.122977,0,0.960667
921,0.999637,2.94678,0.799384,0.937377,0.124327,0,0.945586,0.883149,-0.0676449,0,0.885735,0.999819,-0.000404796,1.00018,0.937717,0.124372,0,0.945929
922,1.00421,2.95834,0.792688,0.934436,0.125637,0,0.942844,0.893427,-0.0644181,0,0.895747,1.00629,0.0140424,1.00208,0.930521,0.12511,0,0.938894
923,0.931457,2.7718,0.894962,0.950354,-0.206703,0,0.972573,0.0631273,-0.0834934,0,0.104672,0.905618,-0.210674,0.97226,1.02029,-0.221914,0,1.04414
924,0.913151,2.72448,0.920907,0.95878,-0.188533,0,0.977141,0.0720738,-0.0873023,0,0.113209,0.880667,-0.266368,0.964427,1.04997,-0.206465,0,1.07008
925,1.00844,2.96904,0.786465,0.931616,0.126783,0,0.940203,0.903271,-0.0611727,0,0.90534,1.0123,0.0274482,1.00383,0.923823,0.125722,0,0.932338
926,1.01249,2.97926,0.780462,0.928749,0.12824,0,0.937561,0.912714,-0.0579093,0,0.914549,1.01807,0.0403343,1.00551,0.917293,0.126658,0,0.925996
927,1.01638,2.98907,0.774706,0.925829,0.130389,0,0.934965,0.921735,-0.0546216,0,0.923352,1.02361,0.0527029,1.00712,0.910912,0.128288,0,0.919902
928,1.04692,3.06603,0.72984,0.900243,0.150939,0,0.912808,0.959993,-0.0380551,0,0.960747,1.06724,0.150085,1.01941,0.859895,0.144174,0,0.871898
929,1.0579,3.09366,0.71383,0.890815,0.154045,0,0.904036,0.966231,-0.0347378,0,0.966855,1.08295,0.185164,1.02368,0.842061,0.145615,0,0.854558
930,0.953301,2.82843,0.865464,0.960822,0.108344,0,0.966911,0.774611,-0.0948809,0,0.7804,0.935228,-0.144581,0.981042,1.00789,0.113651,0,1.01428
931,0.958987,2.84308,0.857598,0.958643,0.110382,0,0.964977,0.787945,-0.0920922,0,0.793308,0.943029,-0.127166,0.98336,0.999641,0.115102,0,1.00625
932,1.13911,3.29592,0.589908,0.81075,0.0967812,0,0.816506,0.997954,-0.0102649,0,0.998007,1.20131,0.449361,1.05461,0.71174,0.0849622,0,0.716794
933,0.872627,2.61895,0.978239,0.982061,0.0382124,0,0.982804,0.467682,-0.129431,0,0.485262,0.826203,-0.38794,0.946799,1.12541,0.0437901,0,1.12626
934,0.8736,2.62152,0.97694,0.981921,0.0415935,0,0.982801,0.48381,-0.128837,0,0.500671,0.827476,-0.385098,0.947203,1.12399,0.0476116,0,1.125
935,0.877288,2.63109,0.971429,0.981884,0.0275338,0,0.98227,0.419505,-0.130417,0,0.43931,0.832471,-0.373948,0.948914,1.11923,0.0313851,0,1.11967
936,0.873859,2.62209,0.976185,0.98196,0.0311942,0,0.982456,0.435501,-0.130212,0,0.454551,0.827927,-0.384091,0.947438,1.12371,0.035697,0,1.12427
937,1.03046,3.02457,0.753909,0.914231,0.141435,0,0.925106,0.946088,-0.044687,0,0.947143,1.04372,0.0975956,1.01287,0.887204,0.137254,0,0.897759
938,1.03765,3.04267,0.743331,0.908061,0.146471,0,0.919798,0.953267,-0.0413772,0,0.954164,1.054,0.12054,1.01576,0.875113,0.141156,0,0.886424
939,0.833477,2.51563,1.03245,0.97704,-0.0964266,0,0.981786,0.134685,-0.106248,0,0.171548,0.774956,-0.502331,0.929787,1.17225,-0.115692,0,1.17794
940,0.823649,2.48959,1.04631,0.977198,-0.0852715,0,0.980911,0.146409,-0.108856,0,0.182442,0.762197,-0.530811,0.92539,1.18642,-0.103529,0,1.19093
941,0.886202,2.65459,0.959638,0.980228,0.0604477,0,0.98209,0.564272,-0.124196,0,0.577778,0.844164,-0.347849,0.952563,1.1061,0.0682098,0,1.1082
942,1.09436,3.18498,0.659726,0.857429,0.148562,0,0.870204,0.981961,-0.02498,0,0.982278,1.1356,0.302675,1.03768,0.783496,0.135752,0,0.795169
943,1.10565,3.21311,0.64267,0.84647,0.14142,0,0.858202,0.986246,-0.0217726,0,0.986486,1.15202,0.339321,1.04194,0.765588,0.127907,0,0.776199
944,0.942981,2.80193,0.880192,0.965128,0.102476,0,0.970553,0.747028,-0.100307,0,0.753733,0.920985,-0.176373,0.976674,1.02349,0.108672,0,1.02924
945,0.948944,2.8173,0.871855,0.962914,0.10539,0,0.968665,0.760966,-0.0976372,0,0.767204,0.929159,-0.158127,0.979151,1.01472,0.11106,0,1.02078
946,0.866383,2.60227,0.985855,0.972262,-0.13891,0,0.982135,0.101572,-0.0977263,0,0.140951,0.818236,-0.405723,0.944428,1.12221,-0.160334,0,1.1336
947,0.853717,2.56893,1.00347,0.974256,-0.124627,0,0.982194,0.112405,-0.100789,0,0.150975,0.80157,-0.442925,0.938917,1.14119,-0.145982,0,1.15049
948,0.843224,2.54133,1.01846,0.975924,-0.110309,0,0.982138,0.123334,-0.103497,0,0.161006,0.787743,-0.473787,0.934204,1.15737,-0.130818,0,1.16474
949,0.889048,2.662,0.955605,0.979635,0.0642983,0,0.981743,0.5803,-0.122866,0,0.593165,0.847981,-0.339328,0.953808,1.10189,0.0723227,0,1.10426
950,0.893571,2.67384,0.949386,0.978926,0.0682078,0,0.9813,0.596197,-0.121406,0,0.608433,0.854006,-0.32588,0.955723,1.09552,0.0763317,0,1.09818
951,1.0214,3.00249,0.769898,0.891797,-0.278857,0,0.934379,0.0318636,-0.0669693,0,0.0741632,1.03004,0.0670543,1.00846,0.87311,-0.273014,0,0.914799
952,0.996783,2.93986,0.804684,0.911687,-0.261407,0,0.948424,0.0389411,-0.0714426,0,0.0813662,0.995463,-0.0101266,0.998676,0.914629,-0.262251,0,0.951484
953,0.972959,2.87884,0.837726,0.927857,-0.243086,0,0.959171,0.0467149,-0.0757533,0,0.0889992,0.962422,-0.083879,0.98917,0.953644,-0.249842,0,0.985829
954,0.951112,2.82254,0.867636,0.940235,-0.225061,0,0.966796,0.0546959,-0.0795647,0,0.0965515,0.93247,-0.150737,0.9804,0.988564,-0.236629,0,1.01649
955,0.836987,2.52508,1.02813,0.982294,0.0208969,0,0.982516,0.340866,-0.129418,0,0.364608,0.779364,-0.492492,0.931154,1.17361,0.0249668,0,1.17387
956,0.871418,2.61619,0.981438,0.983867,0.0228832,0,0.984133,0.356362,-0.129888,0,0.379296,0.82419,-0.392433,0.945804,1.12904,0.0262598,0,1.12935
957,0.88861,2.66129,0.957791,0.982925,0.0213027,0,0.983156,0.371997,-0.13021,0,0.394127,0.846964,-0.341599,0.953133,1.10614,0.0239731,0,1.1064
958,0.889621,2.66375,0.955702,0.982223,0.0216381,0,0.982461,0.387716,-0.130406,0,0.409059,0.848501,-0.338167,0.953778,1.10409,0.0243229,0,1.10436
959,0.809678,2.45249,1.06621,0.977152,-0.0638662,0,0.979237,0.170973,-0.11362,0,0.205284,0.744136,-0.571125,0.919052,1.20684,-0.0788785,0,1.20942
960,0.804279,2.43816,1.07404,0.977037,-0.0538796,0,0.978522,0.183744,-0.115746,0,0.217161,0.73716,-0.586697,0.916547,1.2148,-0.0669912,0,1.21664
961,0.799693,2.42596,1.08072,0.976815,-0.0449909,0,0.97785,0.196796,-0.117707,0,0.229311,0.731246,-0.599898,0.914408,1.22149,-0.0562602,0,1.22278
962,0.795717,2.41539,1.08657,0.976557,-0.0367037,0,0.977247,0.210114,-0.119522,0,0.24173,0.726119,-0.611342,0.912534,1.22727,-0.0461266,0,1.22813
963,0.792677,2.40729,1.09098,0.976265,-0.0293826,0,0.976707,0.22371,-0.121199,0,0.254431,0.722222,-0.62004,0.911118,1.23161,-0.0370675,0,1.23216
964,0.804883,2.44016,1.07473,0.979666,0.0140522,0,0.979767,0.325577,-0.128824,0,0.350137,0.737536,-0.585858,0.916326,1.21715,0.0174587,0,1.21728
965,0.790092,2.40064,1.09571,0.976905,0.00657606,0,0.976927,0.310433,-0.128116,0,0.335831,0.718666,-0.627977,0.909598,1.23644,0.00832315,0,1.23647
966,0.790428,2.40132,1.09437,0.976118,-0.0225964,0,0.976379,0.237603,-0.122731,0,0.267428,0.719311,-0.626537,0.910028,1.23492,-0.0285876,0,1.23525
967,0.790362,2.40116,1.09453,0.976008,-0.027978,0,0.976409,0.482875,0.119938,0,0.497547,0.719213,-0.626757,0.909979,1.23489,-0.035399,0,1.23539
968,1.09921,3.19675,0.651253,0.862276,-0.04983,0,0.863715,0.975509,0.0254077,0,0.97584,1.14296,0.319117,1.0398,0.784451,-0.0453325,0,0.785759
969,1.09861,3.19531,0.652351,0.862941,-0.0533493,0,0.864588,0.970079,0.0280013,0,0.970483,1.14204,0.317059,1.03953,0.785481,-0.0485605,0,0.786981
970,0.784006,2.38409,1.10343,0.974697,-0.0198315,0,0.974899,0.466714,0.120218,0,0.481948,0.711183,-0.64468,0.907114,1.24323,-0.0252951,0,1.24348
971,0.783159,2.38165,1.10398,0.97415,-0.0128325,0,0.974234,0.450564,0.120337,0,0.466357,0.710276,-0.646705,0.906938,1.24387,-0.0163855,0,1.24398
972,0.782399,2.37964,1.10516,0.974097,-0.00747505,0,0.974125,0.43449,0.1203,0,0.450837,0.70929,-0.648907,0.906558,1.24501,-0.00955401,0,1.24505
973,0.781045,2.37599,1.10701,0.973747,-0.00200765,0,0.973749,0.418486,0.120119,0,0.435384,0.707597,-0.652686,0.905961,1.24672,-0.00257047,0,1.24673
974,0.779877,2.37289,1.10882,0.973565,0.00301928,0,0.973569,0.402545,0.11978,0,0.419987,0.706083,-0.656064,0.905378,1.24836,0.00387148,0,1.24836
975,0.80604,2.44269,1.07092,0.958507,0.196026,0,0.978347,0.0495566,0.0638689,0,0.08084,0.739578,-0.581299,0.917545,1.18916,0.243196,0,1.21377
976,0.82296,2.48771,1.04707,0.955666,0.220051,0,0.980673,0.0418235,0.0603383,0,0.073416,0.76136,-0.532678,0.925149,1.16126,0.267389,0,1.19164
977,0.765114,2.33319,1.12993,0.968726,0.0424253,0,0.969654,0.251551,0.109114,0,0.274197,0.687501,-0.697543,0.89856,1.26612,0.0554496,0,1.26733
978,0.763135,2.32787,1.13284,0.96803,0.0460736,0,0.969126,0.237472,0.107431,0,0.260642,0.685005,-0.703113,0.89762,1.26849,0.060374,0,1.26993
979,0.752204,2.29837,1.1486,0.962241,0.0825598,0,0.965776,0.136269,0.090176,0,0.163404,0.671351,-0.733591,0.892512,1.27923,0.109757,0,1.28393
980,0.752971,2.30035,1.14712,0.96163,0.0893894,0,0.965775,0.125126,0.0876291,0,0.152759,0.672397,-0.731256,0.892992,1.27711,0.118716,0,1.28262
981,0.75435,2.30406,1.14504,0.961286,0.0968611,0,0.966153,0.114394,0.085195,0,0.142633,0.674137,-0.727373,0.893666,1.27432,0.128403,0,1.28078
982,0.756244,2.30923,1.14257,0.961045,0.106416,0,0.966919,0.103753,0.0824806,0,0.132544,0.676436,-0.72224,0.894469,1.27081,0.140717,0,1.27858
983,1.07532,3.13742,0.688387,0.884317,-0.0916147,0,0.88905,0.919607,0.047138,0,0.920814,1.10796,0.240975,1.03036,0.822379,-0.085198,0,0.826781
984,1.06984,3.12376,0.696674,0.889135,-0.0953841,0,0.894237,0.910697,0.0500619,0,0.912072,1.10001,0.223242,1.0282,0.831089,-0.089157,0,0.835858
985,1.06437,3.11009,0.704968,0.893947,-0.0979794,0,0.8993,0.901381,0.0530192,0,0.902939,1.09207,0.20551,1.02602,0.839884,-0.092054,0,0.844914
986,1.05302,3.08164,0.721838,0.903191,-0.102734,0,0.909015,0.881538,0.0590382,0,0.883513,1.07572,0.169008,1.02155,0.857714,-0.0975611,0,0.863244
987,1.04726,3.06719,0.730377,0.90767,-0.104923,0,0.913714,0.871023,0.0620621,0,0.873232,1.06744,0.150529,1.01926,0.866706,-0.100188,0,0.872477
988,1.04151,3.05276,0.738978,0.912186,-0.1062,0,0.918347,0.860151,0.0651058,0,0.862611,1.05915,0.13204,1.01694,0.875829,-0.101967,0,0.881745
989,1.03448,3.03492,0.74884,0.916756,-0.108042,0,0.9231,0.848887,0.068165,0,0.851619,1.04923,0.109882,1.01426,0.8862,-0.104441,0,0.892333
990,1.02232,3.00435,0.766982,0.925621,-0.109253,0,0.932046,0.825338,0.0742537,0,0.828671,1.03179,0.0709581,1.00927,0.905414,-0.106868,0,0.911699
991,1.01443,2.98432,0.778126,0.930377,-0.10997,0,0.936854,0.813005,0.0772985,0,0.816671,1.02069,0.0461751,1.00616,0.91714,-0.108405,0,0.923525
992,1.00732,2.96628,0.788338,0.9347,-0.110004,0,0.941151,0.800333,0.0803016,0,0.804351,1.01064,0.02376,1.0033,0.927909,-0.109205,0,0.934313
993,0.991893,2.92707,0.810449,0.943485,-0.108909,0,0.94975,0.77415,0.0861902,0,0.778933,0.988949,-0.0246667,0.997032,0.951196,-0.109799,0,0.957512
994,0.984179,2.90746,0.821612,0.947807,-0.106839,0,0.953809,0.760596,0.0890876,0,0.765796,0.978108,-0.048866,0.993831,0.963042,-0.108557,0,0.969142
995,0.975711,2.88578,0.833461,0.951753,-0.10553,0,0.957585,0.746689,0.0918909,0,0.752322,0.966352,-0.0751067,0.990409,0.975446,-0.108157,0,0.981423
996,0.967837,2.86567,0.844741,0.955621,-0.102641,0,0.961117,0.732583,0.0946144,0,0.738667,0.955378,-0.0996024,0.987127,0.987378,-0.106052,0,0.993057
997,0.958991,2.84293,0.857034,0.959192,-0.100344,0,0.964427,0.718187,0.0972317,0,0.724739,0.943192,-0.126803,0.983526,1.00021,-0.104635,0,1.00567
998,0.951067,2.82261,0.868354,0.962606,-0.096641,0,0.967445,0.703545,0.0997802,0,0.710585,0.932224,-0.151286,0.980188,1.01213,-0.101613,0,1.01722
999,0.941921,2.79902,0.881043,0.965771,-0.0933583,0,0.970273,0.688657,0.102167,0,0.696194,0.919711,-0.179216,0.976421,1.02532,-0.0991148,0,1.0301
1000,0.879516,2.63643,0.966507,0.979311,-0.0495034,0,0.980562,0.531404,0.118219,0,0.544395,0.835927,-0.366235,0.95044,1.11347,-0.0562848,0,1.11489
1001,0.896523,2.68123,0.944166,0.978723,-0.0490122,0,0.979949,0.547505,0.117339,0,0.559937,0.858265,-0.316373,0.957326,1.09169,-0.0546692,0,1.09306
1002,0.916677,2.73375,0.916415,0.97348,-0.0806959,0,0.976819,0.642861,0.108623,0,0.651973,0.885317,-0.255988,0.96579,1.06197,-0.0880309,0,1.06561
1003,0.90749,2.70979,0.928898,0.975268,-0.0766286,0,0.978273,0.627273,0.11045,0,0.636923,0.873001,-0.28348,0.961996,1.07469,-0.0844402,0,1.078
1004,0.900911,2.69264,0.937953,0.97658,-0.0721124,0,0.979239,0.611552,0.11218,0,0.621756,0.864181,-0.303167,0.95923,1.08399,-0.0800438,0,1.08694
1005,0.894797,2.67653,0.945844,0.977322,-0.0658416,0,0.979537,0.595702,0.113705,0,0.606456,0.856151,-0.321091,0.956811,1.09223,-0.0735828,0,1.0947
1006,0.761055,2.32224,1.13573,0.967161,0.0498972,0,0.968447,0.223767,0.105596,0,0.247431,0.682425,-0.708872,0.896683,1.27082,0.0655632,0,1.27251
1007,0.759071,2.31689,1.13859,0.966352,0.0538279,0,0.96785,0.210376,0.103666,0,0.234531,0.679944,-0.714411,0.895758,1.27307,0.0709128,0,1.27505
1008,0.756902,2.31099,1.14153,0.965328,0.0578574,0,0.96706,0.197273,0.101656,0,0.221925,0.67728,-0.720356,0.894807,1.27537,0.0764398,0,1.27766
1009,0.755021,2.30591,1.14425,0.964496,0.0619181,0,0.966482,0.184444,0.0995633,0,0.209601,0.674932,-0.725598,0.893924,1.27744,0.0820084,0,1.28007
1010,0.753316,2.30127,1.14656,0.963577,0.0660918,0,0.965841,0.171898,0.097366,0,0.197558,0.672842,-0.730263,0.893174,1.27911,0.0877346,0,1.28212
1011,0.752385,2.29883,1.14823,0.963173,0.0706789,0,0.965763,0.159657,0.0950596,0,0.185814,0.671602,-0.733031,0.892631,1.28016,0.0939399,0,1.2836
1012,0.841963,2.53791,1.01989,0.950571,0.245699,0,0.981811,0.0347339,0.0566682,0,0.066466,0.786185,-0.477266,0.933752,1.12899,0.291817,0,1.1661
1013,0.864706,2.59789,0.988305,0.943563,0.273035,0,0.982273,0.0281952,0.0529319,0,0.0599729,0.815991,-0.410734,0.943663,1.0912,0.315755,0,1.13596
1014,0.969352,2.86966,0.84299,0.954029,0.11449,0,0.960874,0.813806,-0.0862746,0,0.818367,0.957368,-0.0951598,0.987638,0.984193,0.11811,0,0.991255
1015,0.974821,2.88363,0.835179,0.95134,0.116474,0,0.958443,0.826266,-0.0832487,0,0.830449,0.964985,-0.0781573,0.98991,0.975912,0.119482,0,0.983199
1016,0.979752,2.89618,0.827993,0.948649,0.118374,0,0.956006,0.838332,-0.0801975,0,0.842159,0.971905,-0.0627125,0.991991,0.968255,0.120821,0,0.975764
1017,0.875307,2.626,0.974603,0.981695,0.0453791,0,0.982743,0.499932,-0.128123,0,0.516089,0.829729,-0.38007,0.947929,1.12154,0.0518436,0,1.12274
1018,0.876643,2.62949,0.972695,0.981401,0.0489838,0,0.982623,0.51607,-0.127285,0,0.531536,0.831515,-0.376083,0.948522,1.1195,0.0558765,0,1.12089
1019,0.879972,2.63826,0.968228,0.981122,0.0527965,0,0.982541,0.532152,-0.126334,0,0.546942,0.835891,-0.366315,0.949906,1.11495,0.0599979,0,1.11656
1020,0.891747,2.66876,0.950784,0.932779,0.302224,0,0.980518,0.0221056,0.0493521,0,0.0540767,0.851879,-0.330628,0.955292,1.04601,0.338912,0,1.09955
1021,0.921934,2.7473,0.908811,0.916388,0.334207,0,0.975429,0.0163092,0.0453208,0,0.0481661,0.892516,-0.239919,0.968091,0.993984,0.362507,0,1.05802
1022,0.955066,2.83297,0.862996,0.894521,0.365465,0,0.966298,0.0112305,0.041216,0,0.0427186,0.937656,-0.139162,0.98177,0.936606,0.382659,0,1.01176
1023,0.759356,2.31755,1.13775,0.96055,0.11696,0,0.967645,0.0936303,0.0795895,0,0.122887,0.680406,-0.713378,0.896031,1.26495,0.154026,0,1.2743
1024,0.764728,2.33191,1.1295,0.960328,0.128383,0,0.968871,0.0839445,0.0765849,0,0.113631,0.68726,-0.69808,0.898699,1.25578,0.167881,0,1.26695
1025,0.772362,2.35235,1.11813,0.960259,0.141763,0,0.970667,0.0746776,0.0734787,0,0.104766,0.696961,-0.676426,0.902376,1.24327,0.183545,0,1.25675
1026,0.781113,2.37569,1.10501,0.959521,0.157848,0,0.972418,0.0658306,0.070264,0,0.0962845,0.708162,-0.651424,0.906606,1.2284,0.202081,0,1.24491
1027,0.778837,2.3701,1.11029,0.97327,0.00805191,0,0.973303,0.386723,0.119287,0,0.404702,0.704773,-0.658989,0.904905,1.24964,0.0103384,0,1.24969
1028,0.777952,2.36774,1.11165,0.973069,0.0127094,0,0.973152,0.371034,0.11867,0,0.38955,0.703631,-0.661539,0.904466,1.25081,0.016337,0,1.25092
1029,0.776822,2.36469,1.11318,0.972659,0.0172132,0,0.972811,0.355433,0.117919,0,0.374483,0.702226,-0.664675,0.903972,1.2521,0.0221584,0,1.2523
1030,0.775521,2.36121,1.11511,0.972291,0.0214463,0,0.972528,0.339978,0.117012,0,0.359551,0.700567,-0.668377,0.903351,1.25373,0.0276541,0,1.25403
1031,1.08057,3.15054,0.68043,0.879614,-0.0874624,0,0.883951,0.928097,0.0442639,0,0.929152,1.1156,0.258025,1.03241,0.814024,-0.0809406,0,0.818038
1032,1.08978,3.17343,0.66624,0.871043,-0.0767767,0,0.87442,0.943812,0.0386585,0,0.944603,1.12905,0.288051,1.03603,0.799284,-0.0704517,0,0.802383
1033,1.08554,3.16291,0.672858,0.875082,-0.0824182,0,0.878955,0.936177,0.0414321,0,0.937094,1.12283,0.274166,1.03435,0.806127,-0.0759238,0,0.809695
1034,0.89702,2.68281,0.944489,0.978125,0.0720748,0,0.980777,0.612005,-0.119803,0,0.623621,0.858652,-0.31551,0.957227,1.09042,0.0803492,0,1.09337
1035,0.902126,2.69613,0.937453,0.977173,0.0758701,0,0.980114,0.627661,-0.118096,0,0.638675,0.865484,-0.300258,0.959383,1.08319,0.0841014,0,1.08645
1036,0.906138,2.70655,0.931762,0.976137,0.0796696,0,0.979383,0.643205,-0.116262,0,0.653628,0.870909,-0.288151,0.961122,1.07725,0.0879222,0,1.08083
1037,0.911667,2.72094,0.924138,0.974926,0.0832762,0,0.978477,0.658608,-0.114327,0,0.668457,0.878341,-0.271561,0.963445,1.06939,0.091345,0,1.07328
1038,0.78909,2.39774,1.0963,0.975972,-0.0163943,0,0.97611,0.251853,-0.124061,0,0.280751,0.717606,-0.630344,0.909409,1.23683,-0.0207762,0,1.23701
1039,0.788378,2.39589,1.09751,0.976037,-0.0109069,0,0.976097,0.266136,-0.12518,0,0.294107,0.716652,-0.632473,0.90902,1.23803,-0.0138346,0,1.23811
1040,0.78773,2.3942,1.09861,0.976066,-0.00560116,0,0.976082,0.280654,-0.126276,0,0.307753,0.715784,-0.63441,0.908667,1.23909,-0.0071105,0,1.23911
1041,1.1539,3.33368,0.570947,0.753823,-0.274289,0,0.802174,0.00135959,-0.0503534,0,0.0503717,1.22194,0.495404,1.05897,0.653283,-0.237706,0,0.695186
1042,1.12761,3.2672,0.607106,0.829442,-0.0361533,0,0.83023,0.99958,0.00941988,0,0.999624,1.18463,0.412112,1.05056,0.735576,-0.0320619,0,0.736274
1043,1.07748,3.1429,0.685396,0.876086,0.140633,0,0.887302,0.978425,-0.0363091,0,0.979098,1.11102,0.247814,1.03113,0.813088,0.13052,0,0.823498
1044,1.15821,3.34573,0.569425,0.802883,0.0208147,0,0.803153,1.00045,0.000804274,0,1.00045,1.2269,0.506476,1.05931,0.693213,0.0179715,0,0.693446
1045,1.17948,3.39654,0.528443,0.71579,-0.262107,0,0.76227,-0.00280087,-0.0444897,0,0.0445777,1.26009,0.580555,1.06834,0.606868,-0.222222,0,0.646275
1046,0.940895,2.79679,0.883956,0.967023,0.0981221,0,0.971988,0.736449,-0.122646,0,0.746592,0.917892,-0.183276,0.975552,1.02777,0.104286,0,1.03305
1047,0.893612,2.67364,0.948235,0.969,-0.148656,0,0.980336,0.0918686,-0.109214,0,0.142715,0.854361,-0.325087,0.956076,1.08436,-0.166354,0,1.09705
1048,1.20335,3.45469,0.485952,0.675826,-0.242744,0,0.718099,-0.00629348,-0.0388978,0,0.0394037,1.29617,0.661092,1.07713,0.561621,-0.201723,0,0.59675
1049,1.10054,3.20011,0.649414,0.861369,-0.0443087,0,0.862507,0.985954,0.0267733,0,0.986318,1.14485,0.323326,1.04026,0.782679,-0.0402609,0,0.783714
1050,1.24677,3.56013,0.402892,0.59608,-0.174994,0,0.621236,-0.0116381,-0.0275625,0,0.0299188,1.36214,0.808355,1.09254,0.4781,-0.140358,0,0.498277
1051,1.07632,3.14092,0.690439,0.84946,-0.273167,0,0.892302,0.0171555,-0.0670707,0,0.06923,1.10842,0.242005,1.02982,0.789227,-0.253797,0,0.829031
1052,0.82817,2.50214,1.04205,0.980343,-0.0721728,0,0.982997,0.161438,-0.129029,0,0.206666,0.767501,-0.518971,0.926743,1.18375,-0.0871473,0,1.18695
1053,0.761452,2.32337,1.13542,0.965373,0.0806807,0,0.968738,0.138799,0.106944,0,0.17522,0.682858,-0.707905,0.896785,1.26781,0.105956,0,1.27223
1054,1.04361,3.05875,0.738363,0.837458,0.379688,0,0.91951,-0.000104253,0.0392587,0,0.0392589,1.06147,0.1372,1.01711,0.80246,0.363821,0,0.881083
1055,1.15112,3.32699,0.576058,0.708938,0.385475,0,0.80696,-0.00979775,0.0245623,0,0.0264443,1.21765,0.485836,1.0578,0.61587,0.33487,0,0.701023
1056,1.25064,3.5703,0.398673,0.553544,0.272184,0,0.616843,-0.0147107,0.00808694,0,0.016787,1.36727,0.819803,1.09326,0.442607,0.217636,0,0.493221
1057,1.30201,3.69036,0.25367,0.348811,0.220025,0,0.412408,-0.00764676,0.000428518,0,0.00765876,1.45002,1.0045,1.11367,0.267902,0.168988,0,0.316747
1058,1.30352,3.69259,0.239224,0.3397,0.190862,0,0.389647,-0.00764712,-0.00114022,0,0.00773166,1.45374,1.01282,1.11524,0.260602,0.146421,0,0.298919
1059,1.29319,3.67233,0.298397,0.430676,0.21344,0,0.480665,-0.0110182,0.000787263,0,0.0110463,1.4332,0.966969,1.10827,0.333035,0.16505,0,0.37169
1060,1.26224,3.59687,0.366914,0.560233,-0.126445,0,0.574325,-0.0135065,-0.0219339,0,0.0257589,1.38649,0.862692,1.09843,0.44384,-0.100175,0,0.455004
1061,1.13999,3.29813,0.588651,0.81104,0.0852556,0,0.815508,0.999982,-0.00955945,0,1.00003,1.20258,0.452178,1.0549,0.711445,0.0747863,0,0.715365
1062,0.778972,2.37076,1.11131,0.973823,0.0267211,0,0.974189,0.316019,0.136091,0,0.344077,0.70464,-0.659286,0.904576,1.25014,0.0343031,0,1.25061
1063,1.08792,3.16897,0.669675,0.866298,0.136973,0,0.87706,0.983263,-0.0323622,0,0.983796,1.12617,0.281638,1.03516,0.796287,0.125904,0,0.806179
1064,1.12359,3.25764,0.614903,0.830514,0.105194,0,0.837149,0.997221,-0.0170667,0,0.997367,1.17831,0.398009,1.0487,0.739164,0.0936239,0,0.74507
1065,1.03268,3.03067,0.752438,0.915726,0.13398,0,0.925475,0.946611,-0.0563306,0,0.948286,1.04639,0.103548,1.01327,0.886744,0.129739,0,0.896185
1066,0.96661,2.86289,0.847776,0.956572,0.110339,0,0.962914,0.80505,-0.107007,0,0.812131,0.95331,-0.104219,0.986241,0.989615,0.114151,0,0.996177
1067,0.885507,2.65286,0.960948,0.982128,0.0251623,0,0.982451,0.411767,-0.152514,0,0.439104,0.843143,-0.350127,0.952159,1.10911,0.0284157,0,1.10948
1068,1.11855,3.24472,0.621108,0.840424,-0.036375,0,0.841211,0.998594,0.0132966,0,0.998682,1.17136,0.3825,1.04721,0.751349,-0.0325197,0,0.752053
1069,1.07621,3.14001,0.688374,0.885867,-0.0832617,0,0.889771,0.927644,0.0574559,0,0.929422,1.10888,0.243032,1.03036,0.823138,-0.077366,0,0.826766
1070,1.08804,3.16936,0.669839,0.874658,-0.0687086,0,0.877353,0.951085,0.047147,0,0.952253,1.12625,0.281808,1.03512,0.803885,-0.063149,0,0.806361
1071,0.896408,2.68164,0.946907,0.980933,-0.0505785,0,0.982236,0.54906,0.139367,0,0.566471,0.857401,-0.318302,0.956484,1.09429,-0.0564235,0,1.09575
1072,0.854728,2.57135,1.00116,0.980258,-0.048775,0,0.981471,0.516425,0.140973,0,0.535321,0.803138,-0.439424,0.939642,1.14687,-0.0570649,0,1.14828
1073,0.92971,2.76777,0.899157,0.971152,-0.0827157,0,0.974668,0.661021,0.127627,0,0.673229,0.902749,-0.217079,0.971,1.04457,-0.0889693,0,1.04836
1074,0.994054,2.93306,0.809088,0.944756,-0.103472,0,0.950406,0.777735,0.10476,0,0.784759,0.991489,-0.0189967,0.99742,0.950408,-0.104091,0,0.956091
1075,0.814271,2.46536,1.06217,0.981017,-0.0379459,0,0.98175,0.491857,0.141814,0,0.511893,0.749407,-0.559358,0.920341,1.20478,-0.046601,0,1.20568
1076,0.887001,2.65671,0.958639,0.980484,0.0565042,0,0.982111,0.549914,-0.147557,0,0.569367,0.845199,-0.345539,0.952872,1.10539,0.0637025,0,1.10723
1077,0.779755,2.37291,1.11036,0.974226,0.0231162,0,0.9745,0.331376,0.137454,0,0.358753,0.705586,-0.657173,0.904882,1.2494,0.0296454,0,1.24975
1078,1.11277,3.23034,0.630016,0.84706,-0.0395924,0,0.847984,0.996362,0.0165898,0,0.9965,1.16289,0.363602,1.04505,0.76122,-0.0355802,0,0.762051
1079,0.909209,2.71429,0.926589,0.964399,-0.162824,0,0.978047,0.0816358,-0.105115,0,0.133092,0.875295,-0.27836,0.962699,1.0607,-0.179083,0,1.07571
1080,1.16759,3.36859,0.553263,0.787563,-0.0268319,0,0.78802,1.00031,0.00185486,0,1.00031,1.24107,0.538097,1.06293,0.674523,-0.0229807,0,0.674914
1081,1.10353,3.20749,0.644591,0.857855,-0.0428446,0,0.858925,0.989995,0.0233573,0,0.990271,1.14929,0.333232,1.04146,0.777372,-0.038825,0,0.778341
1082,1.30235,3.69382,0.270392,0.412154,0.152115,0,0.439329,-0.0110228,-0.00159882,0,0.0111382,1.44789,0.999751,1.11175,0.31647,0.1168,0,0.337336
1083,1.16208,3.35679,0.568967,0.80523,-7.85759e-05,0,0.80523,1.00048,-0.000789937,0,1.00048,1.23113,0.515904,1.05942,0.692922,-6.76166e-05,0,0.692922
1084,1.17435,3.38609,0.545525,0.780522,0.050051,0,0.782126,1.00037,-0.00185127,0,1.00037,1.25026,0.558608,1.06464,0.664644,0.0426203,0,0.666009
1085,1.02629,3.01443,0.761375,0.920198,0.131458,0,0.929541,0.938775,-0.0603303,0,0.940711,1.03739,0.0834564,1.01082,0.896627,0.128091,0,0.90573
1086,1.05227,3.08052,0.725681,0.873316,-0.265362,0,0.912742,0.0232137,-0.0720567,0,0.0757037,1.07387,0.164878,1.02052,0.829936,-0.252181,0,0.867404
1087,1.27807,3.63559,0.333775,0.526397,-0.0634077,0,0.530202,-0.0148541,-0.0162165,0,0.0219913,1.41025,0.915729,1.10342,0.41187,-0.0496122,0,0.414847
1088,1.00854,2.96977,0.787955,0.869632,0.361784,0,0.941885,0.00430232,0.0442724,0,0.044481,1.01198,0.0267398,1.00341,0.862267,0.358721,0,0.933909
1089,1.22604,3.50989,0.443972,0.635876,-0.214056,0,0.670938,-0.00919537,-0.0332565,0,0.0345043,1.33052,0.737779,1.08523,0.518644,-0.174592,0,0.547242
1090,1.0933,3.18233,0.661325,0.869364,-0.0580201,0,0.871298,0.964579,0.0403687,0,0.965423,1.13406,0.299234,1.03728,0.795172,-0.0530687,0,0.796941
1091,1.18358,3.40631,0.52039,0.659448,0.365292,0,0.753863,-0.0119957,0.0195717,0,0.0229553,1.26649,0.594845,1.07005,0.557164,0.308634,0,0.636936
1092,1.15226,3.2812,0.354143,0.503697,-0.0531028,0,0.506488,1.00077,0.000162658,0,1.00077,1.26795,0.598106,1.10041,0.437138,-0.0460858,0,0.439561
1093,1.15279,3.28238,0.352263,0.499648,0.0668219,0,0.504096,1.00078,-0.000137465,0,1.00078,1.26886,0.600141,1.10069,0.433425,0.0579655,0,0.437284
1094,1.12837,3.27047,0.611049,0.787772,-0.279286,0,0.835814,0.00584277,-0.0557243,0,0.0560298,1.18437,0.411535,1.04963,0.698149,-0.247512,0,0.740726
1095,0.803362,2.43685,1.07978,0.981558,0.0129177,0,0.981643,0.317035,-0.149327,0,0.350442,0.734843,-0.591869,0.914709,1.22181,0.0160795,0,1.22192
1096,0.797622,2.42122,1.08675,0.979708,0.00447417,0,0.979718,0.301745,-0.148248,0,0.336196,0.727811,-0.607564,0.912476,1.22829,0.00560939,0,1.2283
1097,1.10752,3.21733,0.638161,0.853084,-0.0413096,0,0.854084,0.993463,0.019932,0,0.993663,1.1552,0.346438,1.04305,0.770262,-0.0372991,0,0.771165
1098,0.905247,2.70517,0.936395,0.980996,-0.0554222,0,0.982561,0.573573,0.137651,0,0.589859,0.868772,-0.29292,0.959707,1.08368,-0.0612233,0,1.08541
1099,1.09103,3.17676,0.66508,0.871741,-0.0631823,0,0.874028,0.958048,0.0437582,0,0.959047,1.13067,0.291672,1.03633,0.799004,-0.0579104,0,0.8011
1100,1.11581,3.23837,0.627059,0.838749,0.115061,0,0.846604,0.994577,-0.0207036,0,0.994793,1.16688,0.372496,1.04577,0.751695,0.103118,0,0.758735
1101,0.930758,2.77059,0.898064,0.970371,0.0922467,0,0.974746,0.707125,-0.128183,0,0.718649,0.904072,-0.214126,0.971328,1.04256,0.0991092,0,1.04726
1102,1.21894,3.49336,0.460404,0.607695,0.32841,0,0.690758,-0.0137069,0.0144256,0,0.0198992,1.31906,0.712177,1.08213,0.498543,0.269422,0,0.566686
1103,0.776574,2.36432,1.11475,0.973128,0.0302153,0,0.973597,0.300853,0.134595,0,0.329588,0.701609,-0.666052,0.903467,1.2531,0.0389085,0,1.25371
1104,0.775309,2.36092,1.11654,0.972684,0.0334909,0,0.97326,0.285856,0.13291,0,0.315244,0.700018,-0.669603,0.902889,1.25458,0.0431968,0,1.25532
1105,0.772636,2.35375,1.12042,0.971901,0.036959,0,0.972603,0.271212,0.13115,0,0.301258,0.696636,-0.677152,0.901635,1.2579,0.0478349,0,1.25881
1106,0.920588,2.74423,0.912166,0.973314,0.085807,0,0.977089,0.676923,-0.133213,0,0.689906,0.89028,-0.244912,0.967077,1.05727,0.0932089,0,1.06137
1107,1.07902,3.14771,0.686556,0.79927,0.391365,0,0.889943,-0.00385652,0.0344463,0,0.0346615,1.11228,0.250633,1.03083,0.740738,0.362704,0,0.824771
1108,1.11535,3.23846,0.632272,0.756432,0.393743,0,0.852774,-0.00704568,0.0295458,0,0.0303743,1.16498,0.368264,1.0445,0.6782,0.353021,0,0.764577
1109,1.28653,3.65514,0.30843,0.493584,0.0196446,0,0.493975,-0.0153001,-0.009316,0,0.0179131,1.42412,0.946707,1.10695,0.383654,0.0152694,0,0.383958
1110,1.10316,3.20821,0.651145,0.820962,-0.277797,0,0.866689,0.0111041,-0.0615554,0,0.0625489,1.1471,0.328358,1.03983,0.744189,-0.251818,0,0.78564
1111,0.990387,2.92374,0.81439,0.945062,0.117837,0,0.95238,0.860148,-0.0911437,0,0.864963,0.986331,-0.0305107,0.995904,0.954235,0.118981,0,0.961624
1112,0.994549,2.93428,0.808225,0.942402,0.119761,0,0.949981,0.871389,-0.0874449,0,0.875765,0.992228,-0.0173482,0.997667,0.947568,0.120418,0,0.955188
1113,0.999753,2.94754,0.800883,0.939558,0.120606,0,0.947267,0.882237,-0.0837409,0,0.886202,0.999509,-0.00109657,0.999756,0.939791,0.120636,0,0.947502
1114,1.00414,2.95864,0.794444,0.936718,0.122046,0,0.944635,0.892749,-0.0799329,0,0.896321,1.00573,0.0127804,1.00158,0.932856,0.121543,0,0.940741
1115,0.925695,2.75711,0.90379,0.958238,-0.178695,0,0.974758,0.0718943,-0.100845,0,0.123849,0.897559,-0.228663,0.969606,1.03516,-0.193038,0,1.053
1116,0.944212,2.80514,0.878596,0.950713,-0.193942,0,0.970293,0.0626031,-0.0963958,0,0.11494,0.922636,-0.172687,0.977149,1.00689,-0.2054,0,1.02762
1117,1.00903,2.97106,0.787484,0.933798,0.122796,0,0.941837,0.902834,-0.0760984,0,0.906035,1.0126,0.0281232,1.00354,0.925445,0.121697,0,0.933413
1118,1.01291,2.9808,0.781474,0.930741,0.124562,0,0.939039,0.912468,-0.0722015,0,0.91532,1.01821,0.0406474,1.00523,0.918875,0.122974,0,0.927067
1119,1.01756,2.99257,0.774809,0.927655,0.125923,0,0.936163,0.921695,-0.0682787,0,0.924221,1.02477,0.055292,1.00709,0.91165,0.123751,0,0.920011
1120,1.02238,3.0047,0.767562,0.923871,0.128285,0,0.932735,0.930464,-0.0643242,0,0.932684,1.03169,0.0707351,1.0091,0.903647,0.125476,0,0.912317
1121,1.0568,3.09112,0.716285,0.894713,0.141996,0,0.905911,0.967176,-0.0443125,0,0.968191,1.08114,0.181106,1.02303,0.846628,0.134365,0,0.857224
1122,1.06695,3.11657,0.701137,0.885672,0.142261,0,0.897025,0.973058,-0.0403018,0,0.973893,1.09579,0.213828,1.02703,0.830094,0.133334,0,0.840734
1123,0.957063,2.8384,0.861249,0.960786,0.105969,0,0.966612,0.778455,-0.113509,0,0.786687,0.940109,-0.133684,0.982285,1.00389,0.110723,0,1.00998
1124,1.13022,3.27399,0.604207,0.823037,0.094542,0,0.828449,0.999222,-0.01356,0,0.999314,1.18815,0.419969,1.05125,0.72821,0.0836492,0,0.732998
1125,0.875744,2.62728,0.974477,0.982426,0.037145,0,0.983127,0.46044,-0.151981,0,0.484874,0.830178,-0.379068,0.947968,1.12182,0.0424153,0,1.12262
1126,0.876821,2.63014,0.973102,0.982346,0.0402284,0,0.983169,0.476769,-0.151482,0,0.500255,0.831573,-0.375953,0.948395,1.12035,0.0458799,0,1.12129
1127,0.879427,2.63687,0.969116,0.98225,0.0294359,0,0.982691,0.427951,-0.152488,0,0.454307,0.835131,-0.368011,0.949631,1.11692,0.0334717,0,1.11742
1128,0.877501,2.63185,0.971896,0.982324,0.0337999,0,0.982905,0.444145,-0.1523,0,0.469532,0.832546,-0.373782,0.948769,1.11946,0.0385184,0,1.12012
1129,1.0397,3.0483,0.741961,0.909812,0.137128,0,0.920088,0.953927,-0.0523338,0,0.955362,1.05647,0.126058,1.01613,0.875069,0.131891,0,0.884952
1130,1.04745,3.06768,0.730124,0.902774,0.140193,0,0.913594,0.96079,-0.0483297,0,0.962005,1.0677,0.151122,1.01933,0.861874,0.133841,0,0.872204
1131,0.844832,2.54606,1.01805,0.979155,-0.0942588,0,0.983681,0.136819,-0.122992,0,0.183974,0.789356,-0.470188,0.934334,1.15899,-0.111571,0,1.16435
1132,0.833238,2.51554,1.03481,0.979846,-0.0829937,0,0.983355,0.148913,-0.126096,0,0.195129,0.774111,-0.504217,0.929039,1.17595,-0.0996038,0,1.18016
1133,1.09801,3.19412,0.654434,0.856649,0.131306,0,0.866653,0.987625,-0.0283761,0,0.988033,1.14084,0.314377,1.03901,0.780184,0.119586,0,0.789296
1134,1.10738,3.21746,0.640132,0.847392,0.123978,0,0.856414,0.991387,-0.0245046,0,0.99169,1.15452,0.344909,1.04257,0.76522,0.111956,0,0.773367
1135,0.949862,2.82001,0.871793,0.964184,0.101794,0,0.969543,0.757788,-0.1182,0,0.766951,0.930076,-0.15608,0.979169,1.01508,0.107167,0,1.02072
1136,0.878855,2.63524,0.969426,0.973201,-0.133506,0,0.982316,0.102743,-0.113116,0,0.152811,0.834504,-0.369411,0.949535,1.10735,-0.151909,0,1.11772
1137,0.864921,2.59896,0.989874,0.976544,-0.119445,0,0.983822,0.113998,-0.116489,0,0.162989,0.815771,-0.411226,0.943173,1.12906,-0.1381,0,1.13747
1138,0.857428,2.57932,1.0006,0.97832,-0.106603,0,0.984111,0.125107,-0.119732,0,0.173169,0.805826,-0.433424,0.939818,1.14099,-0.124329,0,1.14775
1139,0.893878,2.67469,0.949157,0.979344,0.0640621,0,0.981437,0.582433,-0.144959,0,0.600201,0.854363,-0.325083,0.955793,1.09561,0.0716676,0,1.09795
1140,1.02903,3.02175,0.75878,0.893989,-0.253282,0,0.929176,0.0299852,-0.077363,0,0.0829707,1.0409,0.091287,1.01153,0.868767,-0.246136,0,0.902961
1141,1.00576,2.96261,0.79162,0.912171,-0.239824,0,0.943171,0.0375452,-0.0826204,0,0.0907512,1.00815,0.0181916,1.00238,0.906947,-0.23845,0,0.93777
1142,0.983162,2.90487,0.823076,0.927296,-0.22549,0,0.954319,0.0457742,-0.0874223,0,0.098681,0.976682,-0.0520483,0.993409,0.943178,-0.229352,0,0.970663
1143,0.963434,2.85442,0.851109,0.93979,-0.210366,0,0.963047,0.0538265,-0.0917981,0,0.106415,0.949237,-0.113309,0.985265,0.975459,-0.21835,0,0.999598
1144,0.824613,2.49274,1.04721,0.982513,0.0215901,0,0.98275,0.332434,-0.150224,0,0.364801,0.762853,-0.529346,0.925105,1.19148,0.0261821,0,1.19177
1145,0.854451,2.57147,1.00473,0.983749,0.0248598,0,0.984063,0.348024,-0.151012,0,0.379375,0.801922,-0.442138,0.938523,1.15132,0.0290945,0,1.15169
1146,0.878503,2.63436,0.970091,0.98226,0.0212206,0,0.98249,0.363813,-0.151615,0,0.39414,0.833988,-0.370562,0.949329,1.11811,0.0241554,0,1.11837
1147,0.891568,2.66888,0.953155,0.982203,0.0191897,0,0.98239,0.37969,-0.152074,0,0.409012,0.851058,-0.33246,0.954563,1.10166,0.0215236,0,1.10187
1148,0.891206,2.66785,0.953355,0.981958,0.0202167,0,0.982166,0.395657,-0.15237,0,0.423982,0.850657,-0.333355,0.954501,1.10183,0.0226847,0,1.10206
1149,0.819468,2.47916,1.05478,0.980469,-0.0615652,0,0.9824,0.174265,-0.131766,0,0.218473,0.756119,-0.544377,0.922695,1.19647,-0.0751283,0,1.19883
1150,0.815463,2.46849,1.06035,0.980433,-0.0520918,0,0.981816,0.187419,-0.1343,0,0.230569,0.750977,-0.555855,0.92092,1.2023,-0.06388,0,1.204
1151,0.808211,2.44927,1.07094,0.980052,-0.043026,0,0.980996,0.200791,-0.136659,0,0.242884,0.741565,-0.576863,0.917539,1.21262,-0.0532361,0,1.21379
1152,0.805403,2.44173,1.0747,0.97975,-0.0350833,0,0.980378,0.214462,-0.138846,0,0.255485,0.738019,-0.584779,0.916336,1.21647,-0.0435599,0,1.21725
1153,0.800182,2.42789,1.08243,0.979317,-0.0274855,0,0.979703,0.228413,-0.140889,0,0.268369,0.731254,-0.599879,0.91386,1.22387,-0.0343491,0,1.22435
1154,1.09838,3.1948,0.652928,0.863864,-0.0464074,0,0.86511,0.981318,0.0302274,0,0.981784,1.14164,0.316166,1.03939,0.786488,-0.0422507,0,0.787622
1155,1.09673,3.19075,0.655668,0.865741,-0.0493689,0,0.867147,0.976231,0.033601,0,0.97681,1.13917,0.310655,1.0387,0.789384,-0.0450146,0,0.790666
1156,1.09515,3.18687,0.658284,0.867443,-0.0532778,0,0.869077,0.970645,0.0369845,0,0.971349,1.13681,0.305385,1.03804,0.792077,-0.0486489,0,0.793569
1157,0.796162,2.41731,1.08879,0.979053,-0.0264336,0,0.97941,0.475539,0.142186,0,0.49634,0.725958,-0.611702,0.911821,1.22972,-0.0332012,0,1.23016
1158,0.793693,2.41046,1.09134,0.978048,-0.0181652,0,0.978217,0.459157,0.142377,0,0.480725,0.723057,-0.618177,0.911003,1.23228,-0.022887,0,1.23249
1159,0.789982,2.40035,1.09589,0.976867,-0.0104024,0,0.976923,0.442872,0.142348,0,0.465186,0.71852,-0.628304,0.909539,1.23657,-0.0131679,0,1.23664
1160,0.789579,2.39925,1.09639,0.976764,-0.00537091,0,0.976779,0.426627,0.142162,0,0.44969,0.718028,-0.629402,0.909381,1.23707,-0.00680224,0,1.23709
1161,0.786933,2.39216,1.10012,0.976179,0.000374375,0,0.976179,0.410477,0.141785,0,0.434274,0.714676,-0.636884,0.908178,1.24048,0.000475739,0,1.24048
1162,0.828587,2.5023,1.0379,0.960375,0.196485,0,0.980269,0.049324,0.0755874,0,0.0902569,0.768978,-0.515674,0.92806,1.15905,0.237133,0,1.18306
1163,0.847056,2.55131,1.01259,0.957634,0.21687,0,0.981884,0.0411602,0.0715673,0,0.0825593,0.792889,-0.462302,0.936053,1.13054,0.256027,0,1.15917
1164,0.771386,2.35038,1.12219,0.971418,0.0403712,0,0.972256,0.256908,0.129309,0,0.287615,0.695067,-0.680654,0.901063,1.25931,0.052336,0,1.2604
1165,0.768782,2.34338,1.12594,0.970559,0.0440689,0,0.971559,0.242575,0.12749,0,0.274037,0.691789,-0.687972,0.89985,1.26246,0.057323,0,1.26376
1166,0.761532,2.32369,1.13572,0.965068,0.0877076,0,0.969045,0.127357,0.10391,0,0.164368,0.682856,-0.70791,0.896687,1.26727,0.115173,0,1.27249
1167,0.766054,2.3357,1.12849,0.965087,0.0960702,0,0.969857,0.116508,0.10094,0,0.154152,0.688703,-0.694859,0.899027,1.25982,0.125409,0,1.26604
1168,0.769715,2.34546,1.12287,0.964825,0.105866,0,0.970616,0.105493,0.0979377,0,0.143946,0.693393,-0.68439,0.900845,1.25348,0.13754,0,1.26101
1169,1.07081,3.12655,0.696525,0.890682,-0.08651,0,0.894873,0.91899,0.0609348,0,0.921008,1.10105,0.22556,1.02824,0.831781,-0.080789,0,0.835695
1170,1.06605,3.11466,0.703803,0.894766,-0.090829,0,0.899364,0.909905,0.0644935,0,0.912188,1.09412,0.210083,1.02633,0.83933,-0.0852017,0,0.843644
1171,1.06049,3.10078,0.712258,0.899657,-0.0928399,0,0.904435,0.900439,0.0680252,0,0.903005,1.08604,0.192061,1.0241,0.848344,-0.0875447,0,0.852849
1172,1.05535,3.08793,0.720004,0.903825,-0.0961653,0,0.908926,0.890528,0.0716252,0,0.893404,1.07861,0.175465,1.02204,0.856424,-0.0911219,0,0.861258
1173,1.04958,3.07348,0.728587,0.908485,-0.0975808,0,0.91371,0.880203,0.075192,0,0.883409,1.07031,0.156936,1.01974,0.865566,-0.0929708,0,0.870544
1174,1.04432,3.06029,0.736516,0.912569,-0.100229,0,0.918057,0.869508,0.0787631,0,0.873068,1.06271,0.139969,1.01761,0.873841,-0.0959754,0,0.879095
1175,1.03787,3.044,0.745774,0.917137,-0.101279,0,0.922712,0.858417,0.0823053,0,0.862354,1.05353,0.11949,1.01509,0.883675,-0.0975842,0,0.889046
1176,1.02868,3.02081,0.759146,0.923472,-0.10354,0,0.929258,0.841063,0.0876475,0,0.845618,1.04043,0.0902558,1.01143,0.897727,-0.100653,0,0.903352
1177,1.01962,2.99809,0.772926,0.930237,-0.103899,0,0.936021,0.822991,0.0929035,0,0.828218,1.02738,0.0611145,1.00761,0.912341,-0.1019,0,0.918014
1178,1.00825,2.96913,0.788722,0.936602,-0.104639,0,0.94243,0.804016,0.0980364,0,0.809971,1.01147,0.0256048,1.00319,0.928938,-0.103783,0,0.934717
1179,0.978787,2.89412,0.830779,0.952568,-0.100821,0,0.957889,0.750124,0.111198,0,0.758321,0.970159,-0.066609,0.991185,0.973213,-0.103006,0,0.978649
1180,0.963022,2.85373,0.852973,0.959656,-0.0963073,0,0.964476,0.72142,0.117196,0,0.730877,0.948305,-0.11539,0.984718,0.996505,-0.100005,0,1.00151
1181,0.94688,2.81221,0.87556,0.965931,-0.0900648,0,0.970121,0.691655,0.122706,0,0.702455,0.926097,-0.164961,0.978051,1.02012,-0.0951175,0,1.02454
1182,0.912738,2.72367,0.922454,0.97521,-0.0751514,0,0.978101,0.629681,0.131874,0,0.643342,0.87984,-0.268213,0.963957,1.06844,-0.0823362,0,1.07161
1183,0.90351,2.70009,0.936793,0.978854,-0.0653076,0,0.98103,0.597762,0.135429,0,0.612912,0.866995,-0.296887,0.959585,1.08339,-0.0722821,0,1.0858
1184,0.767666,2.34036,1.12746,0.970012,0.0478015,0,0.971189,0.228422,0.125296,0,0.260529,0.690409,-0.691051,0.899361,1.26359,0.0622686,0,1.26512
1185,0.765017,2.33321,1.13122,0.969034,0.0516952,0,0.970412,0.214735,0.123027,0,0.247481,0.687094,-0.698451,0.898142,1.26668,0.067574,0,1.26849
1186,0.763921,2.33023,1.13268,0.968416,0.0556617,0,0.970014,0.201346,0.120598,0,0.2347,0.68575,-0.701451,0.897671,1.26769,0.0728631,0,1.26978
1187,0.761213,2.3229,1.13645,0.967276,0.0599522,0,0.969132,0.188265,0.118143,0,0.222264,0.68239,-0.70895,0.896452,1.2707,0.0787588,0,1.27314
1188,0.76092,2.32207,1.13672,0.966791,0.0645417,0,0.968943,0.175416,0.115526,0,0.210041,0.682062,-0.709684,0.896364,1.27055,0.0848205,0,1.27338
1189,0.75981,2.319,1.13801,0.965877,0.0698968,0,0.968403,0.162854,0.112807,0,0.198108,0.680749,-0.712615,0.895946,1.27121,0.0919924,0,1.27453
1190,0.760235,2.32014,1.13737,0.965596,0.0750474,0,0.968508,0.150623,0.109935,0,0.186475,0.681287,-0.711412,0.896154,1.27013,0.0987161,0,1.27396
1191,0.867543,2.60536,0.984396,0.952194,0.241048,0,0.982231,0.0335928,0.0671299,0,0.0750659,0.819726,-0.402397,0.944883,1.09758,0.277851,0,1.1322
1192,0.889678,2.66324,0.95322,0.943724,0.265519,0,0.980365,0.0267517,0.0626371,0,0.0681106,0.849236,-0.336527,0.954542,1.06075,0.298444,0,1.10193
1193,0.97524,2.88509,0.835959,0.952984,0.112834,0,0.95964,0.824286,-0.101872,0,0.830557,0.965179,-0.0777253,0.989684,0.977179,0.115699,0,0.984004
1194,0.979993,2.89726,0.829269,0.950627,0.114833,0,0.957538,0.836586,-0.0983349,0,0.842346,0.971783,-0.0629839,0.991622,0.970034,0.117177,0,0.977086
1195,0.985041,2.91015,0.822123,0.948063,0.116275,0,0.955167,0.848509,-0.094782,0,0.853786,0.97882,-0.0472769,0.993684,0.962461,0.11804,0,0.969672
1196,0.878621,2.63483,0.970506,0.982022,0.0432884,0,0.982975,0.493088,-0.150814,0,0.515636,0.833987,-0.370564,0.949201,1.11769,0.0492686,0,1.11877
1197,0.881502,2.64232,0.966282,0.98136,0.049025,0,0.982583,0.517531,-0.149556,0,0.538707,0.837876,-0.361885,0.950509,1.11328,0.0556153,0,1.11467
1198,0.915642,2.73089,0.917236,0.9326,0.289376,0,0.976463,0.0205982,0.0584343,0,0.0619585,0.88409,-0.258728,0.965541,1.01852,0.316036,0,1.06643
1199,0.945234,2.80755,0.876367,0.916559,0.315093,0,0.969207,0.0144307,0.0538049,0,0.0557065,0.924261,-0.169061,0.977812,0.969664,0.333349,0,1.02536
1200,0.975713,2.88582,0.83357,0.894996,0.340834,0,0.957698,0.0089862,0.0488478,0,0.0496675,0.966324,-0.0751696,0.990377,0.917273,0.349318,0,0.981536
1201,0.774103,2.35742,1.11722,0.965157,0.11699,0,0.972222,0.0948366,0.0944751,0,0.133864,0.698759,-0.672413,0.902669,1.24681,0.15113,0,1.25593
1202,0.780637,2.37511,1.10843,0.965575,0.129661,0,0.974242,0.0847708,0.0908611,0,0.124265,0.70687,-0.654309,0.905504,1.23691,0.166096,0,1.24801
1203,0.790068,2.40032,1.09474,0.965656,0.143103,0,0.976202,0.0751685,0.0871238,0,0.115069,0.718889,-0.627479,0.909909,1.22225,0.181127,0,1.23559
1204,0.802229,2.43271,1.07703,0.965304,0.158515,0,0.978232,0.0659966,0.0832577,0,0.106242,0.734513,-0.592605,0.91559,1.20328,0.197593,0,1.21939
1205,0.814458,2.465,1.05861,0.963104,0.17732,0,0.979292,0.0573133,0.0792993,0,0.0978426,0.750503,-0.556913,0.921475,1.18251,0.217715,0,1.20238
1206,0.786588,2.39121,1.10053,0.976028,0.00528551,0,0.976043,0.394369,0.141229,0,0.418894,0.714259,-0.637814,0.908047,1.24084,0.00671954,0,1.24086
1207,0.784278,2.385,1.10377,0.975424,0.010258,0,0.975478,0.37848,0.140516,0,0.403723,0.711344,-0.644322,0.907005,1.24372,0.0130795,0,1.24379
1208,0.783972,2.38416,1.10412,0.975234,0.0146677,0,0.975344,0.362648,0.139668,0,0.388614,0.710978,-0.645138,0.906893,1.24397,0.0187095,0,1.24411
1209,0.781983,2.37885,1.10705,0.974755,0.0193224,0,0.974947,0.346905,0.138645,0,0.373584,0.708436,-0.650812,0.905948,1.24652,0.0247095,0,1.24676
1210,1.08469,3.16111,0.67525,0.878049,-0.0736484,0,0.881132,0.943713,0.0505429,0,0.945065,1.12129,0.270735,1.03374,0.80949,-0.0678978,0,0.812333
1211,1.07992,3.14913,0.682223,0.882019,-0.0789376,0,0.885544,0.935892,0.0539753,0,0.937447,1.11442,0.2554,1.03195,0.816746,-0.0730959,0,0.82001
1212,0.901857,2.69551,0.938111,0.977791,0.0715576,0,0.980406,0.614475,-0.14161,0,0.630582,0.865044,-0.301241,0.959181,1.0842,0.0793448,0,1.0871
1213,0.910849,2.71892,0.925657,0.97579,0.0788524,0,0.978971,0.64597,-0.137693,0,0.660482,0.877132,-0.274258,0.962983,1.0713,0.0865702,0,1.07479
1214,0.798914,2.42445,1.08404,0.979105,-0.0206033,0,0.979322,0.242801,-0.142722,0,0.281641,0.729686,-0.60338,0.913347,1.22554,-0.0257891,0,1.22582
1215,0.795806,2.41621,1.08871,0.978809,-0.0144661,0,0.978916,0.257353,-0.144215,0,0.295007,0.725652,-0.612383,0.911846,1.22996,-0.0181779,0,1.23009
1216,0.795881,2.41635,1.08836,0.978715,-0.00844722,0,0.978752,0.271823,-0.145644,0,0.308382,0.725811,-0.612029,0.911959,1.22973,-0.0106137,0,1.22977
1217,0.794119,2.41173,1.09124,0.978669,-0.00323257,0,0.978675,0.286638,-0.147026,0,0.322146,0.723468,-0.617258,0.911033,1.2324,-0.00407064,0,1.2324
1218,1.16204,3.3515,0.549043,0.776471,0.0580108,0,0.778636,0.999866,-0.00256499,0,0.999869,1.23625,0.527349,1.06387,0.668199,0.0499217,0,0.670061
1219,1.15166,3.32523,0.563323,0.789849,-0.033713,0,0.790568,0.99979,0.00254488,0,0.999793,1.22155,0.494535,1.06069,0.685836,-0.0292734,0,0.68646
1220,1.19055,3.42365,0.509439,0.71225,-0.212043,0,0.743144,-0.010207,-0.0452081,0,0.0463461,1.27669,0.617604,1.07235,0.598251,-0.178105,0,0.6242
1221,1.26836,3.61171,0.353621,0.514596,0.212436,0,0.556721,-0.0146737,0.00334504,0,0.0150502,1.39581,0.88351,1.10048,0.405717,0.167489,0,0.438929
1222,1.13854,3.27974,0.532944,0.741216,0.027906,0,0.741741,1.00082,-0.000540335,0,1.00082,1.21525,0.480465,1.06737,0.651023,0.0245103,0,0.651484
1223,1.09164,3.17831,0.664291,0.865086,0.121382,0,0.87356,0.989939,-0.0355131,0,0.990575,1.13152,0.293563,1.03653,0.792464,0.111192,0,0.800226
1224,1.10953,3.22238,0.635326,0.85144,-0.0338588,0,0.852113,0.998107,0.020965,0,0.998327,1.15807,0.352832,1.04375,0.767389,-0.0305164,0,0.767995
1225,1.2023,3.45289,0.490961,0.659499,0.300012,0,0.724532,-0.0175458,0.0183648,0,0.0253992,1.29383,0.655877,1.07613,0.54853,0.249532,0,0.60262
1226,1.0913,3.17748,0.66493,0.87252,-0.0517622,0,0.874054,0.972296,0.0469378,0,0.973429,1.13098,0.292368,1.03637,0.799527,-0.0474319,0,0.800933
1227,1.14164,3.30204,0.585325,0.808754,0.0766032,0,0.812374,1.00112,-0.00826068,0,1.00115,1.2052,0.458037,1.05567,0.708412,0.067099,0,0.711583
1228,1.10833,3.21986,0.638816,0.848695,0.107836,0,0.855519,0.996789,-0.0259408,0,0.997127,1.15587,0.347926,1.04289,0.765739,0.0972958,0,0.771896
1229,1.26777,3.61061,0.356594,0.560987,-0.00655511,0,0.561025,-0.0196477,-0.0131776,0,0.0236576,1.39459,0.880785,1.10003,0.442497,-0.00517056,0,0.442528
1230,1.0782,3.14559,0.687548,0.856368,-0.243956,0,0.890438,0.0138891,-0.0769643,0,0.0782075,1.11116,0.248123,1.03057,0.79426,-0.226263,0,0.825859
1231,1.16927,3.3716,0.546104,0.745237,-0.228641,0,0.779523,-0.00667032,-0.0515746,0,0.0520042,1.2447,0.546207,1.06451,0.637354,-0.195542,0,0.666676
1232,0.785182,2.38737,1.10224,0.975251,0.0225226,0,0.975511,0.330081,0.160065,0,0.366844,0.712552,-0.641625,0.907499,1.24207,0.0286845,0,1.2424
1233,1.13774,3.2777,0.534025,0.742622,-0.00571684,0,0.742644,1.00081,0.000566197,0,1.00081,1.21413,0.477972,1.06714,0.652716,-0.00502472,0,0.652735
1234,1.0833,3.15832,0.679776,0.812808,0.351118,0,0.885405,-0.00726657,0.0407148,0,0.0413582,1.1186,0.264723,1.03258,0.750304,0.324118,0,0.817318
1235,1.17286,3.38043,0.540194,0.700907,0.328154,0,0.773923,-0.0157492,0.0240022,0,0.0287079,1.25004,0.558117,1.0658,0.597607,0.279791,0,0.659861
1236,1.14697,3.31658,0.582084,0.775729,-0.239744,0,0.811931,-0.00245167,-0.0579937,0,0.0580455,1.21168,0.472496,1.05642,0.67633,-0.209024,0,0.707894
1237,1.0828,3.15635,0.677952,0.873779,0.126038,0,0.882822,0.985579,-0.0403916,0,0.986407,1.11859,0.264703,1.03305,0.806959,0.116399,0,0.81531
1238,0.888944,2.66145,0.954731,0.979475,0.0522655,0,0.980869,0.535657,-0.173396,0,0.563022,0.848121,-0.339016,0.954077,1.10184,0.0587951,0,1.10341
1239,1.10507,3.21138,0.642499,0.856789,-0.0359095,0,0.857541,0.995352,0.0252121,0,0.995671,1.15146,0.338076,1.04198,0.775328,-0.0324953,0,0.776008
1240,0.81409,2.46416,1.05969,0.979564,0.0140593,0,0.979665,0.315603,-0.171857,0,0.359361,0.749883,-0.558297,0.92113,1.20326,0.01727,0,1.20339
1241,1.0406,3.051,0.742175,0.912055,0.128943,0,0.921124,0.955791,-0.0644983,0,0.957965,1.05733,0.127966,1.01607,0.876467,0.123911,0,0.885182
1242,1.03082,3.02624,0.756139,0.919191,0.126681,0,0.92788,0.944296,-0.0716994,0,0.947014,1.04345,0.096987,1.01226,0.891713,0.122894,0,0.900141
1243,0.910863,2.71856,0.924194,0.974845,0.0742011,0,0.977665,0.633558,-0.163722,0,0.65437,0.877551,-0.273323,0.963428,1.07024,0.0814624,0,1.07334
1244,0.906277,2.70714,0.932412,0.969831,-0.141611,0,0.980115,0.0916247,-0.125889,0,0.155702,0.870862,-0.288253,0.960924,1.07013,-0.156256,0,1.08147
1245,0.834904,2.51979,1.03187,0.980923,-0.0641249,0,0.983017,0.170192,-0.150553,0,0.227225,0.776435,-0.499029,0.929969,1.17489,-0.0768051,0,1.1774
1246,1.24311,3.55088,0.408526,0.616456,-0.118792,0,0.627798,-0.0176312,-0.0264931,0,0.0318236,1.35694,0.796749,1.09157,0.495899,-0.0955605,0,0.505022
1247,0.885376,2.65246,0.960913,0.981828,0.029608,0,0.982275,0.428294,-0.176137,0,0.463099,0.843028,-0.350384,0.95217,1.10894,0.0334412,0,1.10944
1248,0.939613,2.79337,0.885363,0.957146,-0.169276,0,0.971999,0.0707029,-0.116011,0,0.135859,0.916247,-0.18695,0.975132,1.01866,-0.180155,0,1.03447
1249,0.92325,2.75113,0.908475,0.964036,-0.155588,0,0.976511,0.0808319,-0.121026,0,0.145537,0.893884,-0.236867,0.968193,1.04418,-0.168522,0,1.05769
1250,0.775067,2.35996,1.11564,0.968043,0.0912043,0,0.97233,0.123173,0.120367,0,0.17222,0.700025,-0.669587,0.90318,1.24898,0.117673,0,1.25451
1251,1.09823,3.19448,0.653407,0.86459,-0.0412458,0,0.865573,0.987849,0.0339842,0,0.988433,1.14135,0.315518,1.03927,0.787259,-0.0375566,0,0.788154
1252,1.07316,3.13261,0.69371,0.890211,-0.0769184,0,0.893528,0.932517,0.0700579,0,0.935145,1.10425,0.232704,1.02897,0.829523,-0.0716748,0,0.832614
1253,1.23004,3.52044,0.43987,0.615624,0.257081,0,0.667146,-0.0187157,0.0117568,0,0.022102,1.33581,0.749568,1.08598,0.50049,0.209002,0,0.542376
1254,1.05249,3.08092,0.724764,0.844783,0.343351,0,0.911892,-0.00341986,0.0463279,0,0.046454,1.07435,0.165964,1.02077,0.802649,0.326226,0,0.866412
1255,1.07382,3.13401,0.6918,0.882424,0.129204,0,0.891832,0.980689,-0.0452115,0,0.98173,1.10547,0.235417,1.02947,0.82176,0.120321,0,0.830522
1256,1.16042,3.34504,0.541996,0.768086,-0.00799859,0,0.768128,1.00041,0.00122305,0,1.00041,1.23632,0.527511,1.06541,0.661904,-0.00689285,0,0.66194
1257,1.10125,3.2019,0.648429,0.860996,-0.0385141,0,0.861857,0.991952,0.029631,0,0.992395,1.14586,0.325579,1.04051,0.781835,-0.0349731,0,0.782617
1258,1.30118,3.68989,0.266358,0.386937,0.193175,0,0.432478,-0.00984178,-0.000389307,0,0.00984947,1.44721,0.998232,1.11223,0.297374,0.148461,0,0.332373
1259,1.25715,3.58507,0.38045,0.588349,-0.0702238,0,0.592525,-0.0190264,-0.0203105,0,0.0278302,1.37817,0.844138,1.09627,0.468004,-0.0558597,0,0.471325
1260,1.11579,3.23838,0.627276,0.840867,0.100584,0,0.846862,0.999231,-0.0214072,0,0.999461,1.1668,0.372323,1.04571,0.753606,0.0901457,0,0.758978
1261,0.949015,2.81749,0.871777,0.96371,0.0978341,0,0.968663,0.751774,-0.142019,0,0.765071,0.929251,-0.157921,0.979174,1.01548,0.10309,0,1.0207
1262,0.84207,2.53791,1.01868,0.980011,-0.0432943,0,0.980967,0.505548,0.166011,0,0.532108,0.786608,-0.476322,0.934136,1.16381,-0.0514141,0,1.16495
1263,0.810343,2.45452,1.06627,0.979663,-0.0290004,0,0.980092,0.476368,0.165722,0,0.504371,0.74473,-0.5698,0.91903,1.20895,-0.0357878,0,1.20948
1264,1.11473,3.23529,0.627231,0.845432,-0.0310302,0,0.846001,1.00026,0.0167906,0,1.0004,1.1657,0.369877,1.04573,0.758417,-0.0278365,0,0.758927
1265,1.12834,3.21639,0.373006,0.521631,0.00802711,0,0.521693,1.0011,1.79673e-05,0,1.0011,1.23831,0.531952,1.09747,0.462301,0.00711411,0,0.462356
1266,1.13103,3.27559,0.601384,0.824849,-0.0310617,0,0.825433,1.00077,0.0082005,0,1.0008,1.18975,0.423559,1.05192,0.729289,-0.0274631,0,0.729806
1267,1.28671,3.65519,0.305855,0.480042,0.0982477,0,0.489993,-0.0148852,-0.00429386,0,0.0154922,1.42476,0.948119,1.10729,0.373078,0.076356,0,0.380812
1268,1.16533,3.35842,0.53898,0.76678,0.0287909,0,0.76732,1.00045,-0.00121189,0,1.00045,1.24232,0.540887,1.06607,0.657996,0.0247064,0,0.65846
1269,1.05718,3.09273,0.717957,0.876534,-0.237587,0,0.908162,0.0200362,-0.0827463,0,0.0851375,1.08106,0.180943,1.02259,0.829121,-0.224735,0,0.859038
1270,1.22843,3.51574,0.439473,0.646779,-0.157558,0,0.665694,-0.0156702,-0.0327033,0,0.0362638,1.33415,0.745865,1.08606,0.526507,-0.128259,0,0.541905
1271,1.21044,3.47214,0.473818,0.679333,-0.188792,0,0.705079,-0.0131958,-0.0388879,0,0.0410658,1.30672,0.684632,1.07954,0.561228,-0.15597,0,0.582497
1272,0.906282,2.70714,0.932348,0.978549,-0.054449,0,0.980063,0.563299,0.16295,0,0.586394,0.870885,-0.288203,0.960943,1.07974,-0.0600795,0,1.08141
1273,1.10144,3.20385,0.653509,0.832921,-0.245075,0,0.868228,0.00781601,-0.0710354,0,0.0714641,1.14466,0.322901,1.03924,0.756212,-0.222504,0,0.788267
1274,1.08916,3.17233,0.668758,0.875167,-0.05601,0,0.876957,0.966086,0.0511923,0,0.967441,1.12771,0.285072,1.03539,0.803522,-0.0514249,0,0.805166
1275,1.08589,3.16416,0.673625,0.878041,-0.0610682,0,0.880162,0.959399,0.0554126,0,0.960998,1.12298,0.274513,1.03415,0.808587,-0.0562377,0,0.810541
1276,0.882946,2.64537,0.961602,0.978791,-0.0520269,0,0.980172,0.534441,0.164635,0,0.559224,0.840527,-0.355967,0.951957,1.10855,-0.0589242,0,1.11012
1277,0.781544,2.37759,1.10735,0.974156,0.0296881,0,0.974608,0.299097,0.156753,0,0.337684,0.707963,-0.651868,0.905853,1.24645,0.0379865,0,1.24703
1278,0.777771,2.36748,1.11278,0.973034,0.0365331,0,0.97372,0.269136,0.152529,0,0.309353,0.703183,-0.662538,0.904101,1.25106,0.0469715,0,1.25194
1279,0.939712,2.7934,0.884411,0.966708,0.0932879,0,0.971198,0.72622,-0.147687,0,0.741085,0.916611,-0.186136,0.975417,1.02873,0.0992729,0,1.03351
1280,1.11424,3.23565,0.633845,0.77801,0.351871,0,0.853881,-0.010589,0.0351093,0,0.0366714,1.16339,0.364702,1.04411,0.698245,0.315796,0,0.766338
1281,1.14454,3.31082,0.586914,0.74025,0.344532,0,0.8165,-0.0134127,0.0295919,0,0.0324898,1.20783,0.463911,1.0553,0.646769,0.301023,0,0.71339
1282,1.12523,3.26303,0.617256,0.804936,-0.244857,0,0.841354,0.00212414,-0.0641966,0,0.0642317,1.17939,0.400433,1.04814,0.715354,-0.217607,0,0.747719
1283,0.997429,2.94176,0.804665,0.94188,0.116181,0,0.949018,0.876686,-0.103299,0,0.882751,0.996114,-0.00867421,0.998681,0.944307,0.116481,0,0.951464
1284,1.00658,2.96506,0.791712,0.936575,0.118478,0,0.944039,0.898205,-0.0946668,0,0.90318,1.00895,0.0199714,1.00235,0.930452,0.117704,0,0.937867
1285,0.956112,2.83581,0.862061,0.94889,-0.183362,0,0.966444,0.0610709,-0.110818,0,0.126532,0.938946,-0.136281,0.982046,0.992447,-0.191779,0,1.01081
1286,1.01582,2.98854,0.778571,0.93078,0.12103,0,0.938616,0.918038,-0.0856544,0,0.922025,1.02196,0.0490162,1.00604,0.916282,0.119145,0,0.923996
1287,1.02387,3.009,0.76732,0.92572,0.122799,0,0.933829,0.931764,-0.0787814,0,0.935089,1.03326,0.0742401,1.00917,0.904139,0.119936,0,0.912059
1288,1.0648,3.11149,0.705523,0.890734,0.130933,0,0.900306,0.975237,-0.0500589,0,0.976521,1.09235,0.206144,1.02588,0.83653,0.122966,0,0.845519
1289,1.12271,3.25551,0.616391,0.833355,0.0916698,0,0.838382,1.0011,-0.0170185,0,1.00124,1.17699,0.395073,1.04835,0.742268,0.0816501,0,0.746745
1290,0.879884,2.63784,0.967647,0.981246,0.0370901,0,0.981947,0.461246,-0.17578,0,0.493605,0.835965,-0.366149,0.950086,1.1152,0.0421534,0,1.116
1291,1.04839,3.07057,0.730695,0.905731,0.130285,0,0.915054,0.962752,-0.0597212,0,0.964602,1.06849,0.152883,1.01918,0.863929,0.124272,0,0.872821
1292,1.05611,3.08981,0.718754,0.898606,0.131323,0,0.908151,0.96925,-0.0548992,0,0.970804,1.07974,0.17799,1.02237,0.850864,0.124346,0,0.859902
1293,0.850477,2.56088,1.00985,0.979921,-0.0853617,0,0.983632,0.144343,-0.143662,0,0.203651,0.796826,-0.453514,0.936916,1.1522,-0.100369,0,1.15656
1294,1.10015,3.19944,0.651092,0.856554,0.115142,0,0.864259,0.993719,-0.0307216,0,0.994194,1.14399,0.321404,1.03984,0.778577,0.10466,0,0.78558
1295,0.957008,2.83816,0.860984,0.960986,0.10118,0,0.966298,0.773027,-0.136778,0,0.785034,0.94013,-0.133638,0.982363,1.00416,0.105725,0,1.00971
1296,0.96505,2.85876,0.849523,0.957317,0.105311,0,0.963092,0.796832,-0.130349,0,0.807423,0.951278,-0.108755,0.985729,0.991988,0.109125,0,0.997972
1297,0.885338,2.65255,0.961651,0.97547,-0.120374,0,0.982869,0.108923,-0.132231,0,0.171316,0.84279,-0.350915,0.951941,1.10181,-0.135964,0,1.11016
1298,0.869182,2.61011,0.983779,0.978067,-0.103903,0,0.98357,0.125958,-0.137945,0,0.186801,0.821442,-0.398567,0.945075,1.12527,-0.119541,0,1.1316
1299,0.895021,2.67729,0.946167,0.978243,0.0597622,0,0.980067,0.568553,-0.171031,0,0.59372,0.856277,-0.32081,0.956712,1.09298,0.0667718,0,1.09502
1300,1.0358,3.03883,0.748943,0.895353,-0.229886,0,0.924394,0.0272048,-0.0890013,0,0.0930662,1.05054,0.112809,1.01423,0.864406,-0.22194,0,0.892444
1301,1.01292,2.98112,0.782517,0.914598,-0.217758,0,0.940164,0.0354496,-0.0951845,0,0.101571,1.01792,0.0400069,1.00494,0.902929,-0.21498,0,0.928169
1302,0.991792,2.92754,0.813172,0.929225,-0.209148,0,0.952471,0.0436997,-0.100317,0,0.109422,0.988076,-0.0266168,0.996253,0.936915,-0.210878,0,0.960354
1303,0.977362,2.89098,0.834581,0.940216,-0.195555,0,0.960338,0.0519508,-0.105463,0,0.117565,0.96767,-0.0721655,0.990084,0.961994,-0.200084,0,0.982582
1304,0.851058,2.5609,1.00339,0.978784,0.0234417,0,0.979064,0.34711,-0.17403,0,0.388293,0.799096,-0.448447,0.938945,1.15008,0.0275442,0,1.15041
1305,0.888031,2.65904,0.955906,0.980652,0.0211997,0,0.980881,0.37926,-0.175407,0,0.417859,0.846928,-0.341678,0.953715,1.1043,0.0238727,0,1.10456
1306,0.894103,2.67546,0.949491,0.9817,0.023253,0,0.981975,0.403654,-0.176061,0,0.440379,0.854485,-0.32481,0.95569,1.09797,0.0260071,0,1.09828
1307,0.821542,2.48435,1.05062,0.980643,-0.0455787,0,0.981701,0.197254,-0.156436,0,0.251757,0.759122,-0.537674,0.924021,1.19366,-0.0554794,0,1.19495
1308,0.811296,2.45709,1.06504,0.979881,-0.0293093,0,0.98032,0.225457,-0.161652,0,0.27742,0.745925,-0.567131,0.919424,1.2078,-0.0361265,0,1.20834
1309,1.09574,3.18838,0.657548,0.867522,-0.0442416,0,0.86865,0.983177,0.0383676,0,0.983925,1.13763,0.307199,1.03823,0.791725,-0.0403761,0,0.792753
1310,1.09354,3.18301,0.66125,0.870091,-0.0477246,0,0.871399,0.978003,0.0426553,0,0.978933,1.13433,0.29984,1.0373,0.795662,-0.0436422,0,0.796858
1311,0.799332,2.42536,1.08263,0.978733,-0.0120675,0,0.978808,0.443214,0.165809,0,0.473214,0.730427,-0.601726,0.913796,1.22444,-0.015097,0,1.22453
1312,0.794668,2.41272,1.08858,0.977416,-0.000580695,0,0.977417,0.41034,0.165123,0,0.442317,0.72465,-0.61462,0.91189,1.22997,-0.000730739,0,1.22997
1313,0.870528,2.61333,0.980733,0.958894,0.214239,0,0.982536,0.0398103,0.0841615,0,0.0931022,0.82354,-0.393884,0.946023,1.10151,0.246103,0,1.12867
1314,0.774297,2.35816,1.11783,0.97191,0.0436717,0,0.972891,0.240107,0.148554,0,0.282347,0.698781,-0.672364,0.902472,1.25522,0.0564018,0,1.25648
1315,0.784286,2.38463,1.10219,0.968632,0.105547,0,0.974365,0.106705,0.11531,0,0.157106,0.711751,-0.643414,0.907514,1.23505,0.134577,0,1.24236
1316,1.01495,2.98632,0.779789,0.933948,-0.0984205,0,0.93912,0.818174,0.114771,0,0.826185,1.02074,0.0462901,1.0057,0.920189,-0.0969706,0,0.925284
1317,1.06422,3.1104,0.707586,0.898331,-0.0836087,0,0.902213,0.914815,0.0783228,0,0.918161,1.09119,0.20354,1.02533,0.844118,-0.078563,0,0.847766
1318,1.05407,3.08497,0.72279,0.906604,-0.0894436,0,0.911006,0.895406,0.0866395,0,0.899588,1.07652,0.170799,1.0213,0.860099,-0.0848556,0,0.864275
1319,1.04356,3.05859,0.738373,0.91469,-0.0936641,0,0.919474,0.874313,0.0948569,0,0.879444,1.06141,0.13707,1.0171,0.876511,-0.0897545,0,0.881094
1320,1.03363,3.03363,0.753054,0.922019,-0.0960324,0,0.927007,0.854671,0.102758,0,0.860826,1.04718,0.105303,1.0131,0.892019,-0.0929077,0,0.896844
1321,1.02474,3.01122,0.766112,0.928215,-0.0973504,0,0.933306,0.836876,0.108815,0,0.843921,1.03448,0.0769649,1.00951,0.905806,-0.0950002,0,0.910774
1322,1.00275,2.95523,0.796878,0.940759,-0.0983781,0,0.945889,0.79537,0.1215,0,0.804596,1.00364,0.00812268,1.00089,0.938183,-0.0981088,0,0.943299
1323,0.988777,2.91959,0.816521,0.948092,-0.0968667,0,0.953027,0.76823,0.128942,0,0.778976,0.984124,-0.0354386,0.995294,0.958853,-0.0979662,0,0.963844
1324,0.974073,2.88196,0.83708,0.955017,-0.0938839,0,0.959621,0.739823,0.135926,0,0.752206,0.963707,-0.0810102,0.989358,0.980437,-0.0963828,0,0.985163
1325,0.959115,2.84356,0.857965,0.961332,-0.0892365,0,0.965465,0.71032,0.14236,0,0.724445,0.943052,-0.127117,0.983252,1.00231,-0.0930404,0,1.00662
1326,0.943102,2.80222,0.879955,0.966871,-0.0832792,0,0.970451,0.679811,0.148165,0,0.69577,0.92117,-0.17596,0.976745,1.0252,-0.0883035,0,1.029
1327,0.925852,2.75747,0.90343,0.971592,-0.0763784,0,0.974589,0.648473,0.153248,0,0.666335,0.897811,-0.2281,0.969714,1.0494,-0.0824953,0,1.05264
1328,0.912939,2.7242,0.922183,0.975732,-0.067587,0,0.97807,0.616492,0.157565,0,0.636309,0.880109,-0.267614,0.96404,1.06878,-0.0740324,0,1.07134
1329,0.909711,2.71624,0.928241,0.978318,-0.0586949,0,0.980077,0.588113,0.160776,0,0.609693,0.87532,-0.278303,0.962196,1.07542,-0.0645203,0,1.07735
1330,0.770964,2.34918,1.12254,0.970596,0.051503,0,0.971962,0.211718,0.143166,0,0.255579,0.694601,-0.681694,0.900952,1.25894,0.0668034,0,1.26071
1331,0.768325,2.34208,1.12633,0.969385,0.06007,0,0.971244,0.18489,0.137424,0,0.230369,0.691282,-0.689103,0.899727,1.26169,0.0781832,0,1.26411
1332,0.768196,2.34173,1.12649,0.968807,0.0680947,0,0.971198,0.165392,0.132712,0,0.212055,0.691125,-0.689453,0.899672,1.26115,0.0886422,0,1.26426
1333,0.76731,2.33936,1.12781,0.968165,0.0738597,0,0.970978,0.152719,0.129349,0,0.200136,0.690002,-0.691961,0.899248,1.26177,0.096258,0,1.26543
1334,0.771222,2.34975,1.12163,0.968295,0.0808442,0,0.971664,0.140461,0.125795,0,0.188557,0.695059,-0.680672,0.901243,1.25553,0.104826,0,1.2599
1335,0.892322,2.67021,0.949808,0.951486,0.235918,0,0.980298,0.0315688,0.0788666,0,0.0849502,0.852696,-0.328803,0.955593,1.0663,0.264387,0,1.09859
1336,0.91412,2.72709,0.919908,0.942972,0.256631,0,0.977269,0.0243101,0.0734458,0,0.0773645,0.881879,-0.263662,0.964731,1.03156,0.280741,0,1.06908
1337,0.974105,2.88203,0.837016,0.953403,0.108764,0,0.959587,0.81991,-0.123652,0,0.829181,0.963757,-0.0808995,0.989377,0.978747,0.111656,0,0.985096
1338,0.982557,2.90375,0.82544,0.949576,0.111854,0,0.956141,0.841683,-0.11577,0,0.849608,0.975412,-0.0548849,0.992728,0.966434,0.113839,0,0.973116
1339,0.990542,2.92428,0.814658,0.945997,0.113704,0,0.952806,0.859652,-0.109693,0,0.866622,0.986409,-0.030337,0.995828,0.95503,0.114789,0,0.961904
1340,0.881023,2.64077,0.96588,0.980828,0.0414853,0,0.981705,0.486112,-0.174973,0,0.516644,0.83753,-0.362657,0.950633,1.11328,0.0470877,0,1.11428
1341,0.884338,2.64945,0.96128,0.980376,0.045672,0,0.981439,0.506909,-0.175115,0,0.536304,0.841939,-0.352815,0.952056,1.1086,0.0516455,0,1.1098
1342,0.937762,2.7883,0.886896,0.931296,0.276714,0,0.971536,0.0180278,0.0684216,0,0.0707568,0.914013,-0.191935,0.974675,0.993105,0.295079,0,1.03602
1343,0.965113,2.8588,0.848994,0.916156,0.295494,0,0.962631,0.0118103,0.0633157,0,0.0644078,0.95149,-0.108281,0.985884,0.949273,0.306176,0,0.997428
1344,0.993631,2.93169,0.808643,0.895516,0.315713,0,0.949539,0.00590496,0.0573767,0,0.0576798,0.991193,-0.0196575,0.997547,0.901257,0.317737,0,0.955626
1345,1.02218,3.00422,0.767908,0.871996,0.33164,0,0.932932,0.00108228,0.0519471,0,0.0519583,1.03139,0.0700741,1.00901,0.853071,0.324443,0,0.912684
1346,0.791342,2.40337,1.09153,0.968229,0.118522,0,0.975456,0.0952802,0.111229,0,0.146459,0.720867,-0.623064,0.910943,1.22353,0.149774,0,1.23266
1347,0.798607,2.42284,1.08141,0.968109,0.131694,0,0.977026,0.084654,0.106888,0,0.13635,0.730076,-0.602508,0.914188,1.21225,0.164905,0,1.22341
1348,0.808906,2.45067,1.0682,0.968864,0.145908,0,0.979789,0.0746621,0.102414,0,0.12674,0.742912,-0.573856,0.918417,1.19775,0.180377,0,1.21125
1349,0.822906,2.48813,1.0493,0.969074,0.160771,0,0.98232,0.0651509,0.0977923,0,0.117507,0.760727,-0.534092,0.92444,1.17763,0.19537,0,1.19372
1350,0.83953,2.53231,1.02647,0.968171,0.176837,0,0.984188,0.0561492,0.0930409,0,0.108671,0.782171,-0.486225,0.931678,1.15323,0.210639,0,1.17231
1351,0.849448,2.5584,1.01216,0.964783,0.19509,0,0.98431,0.0479704,0.0885614,0,0.100719,0.795243,-0.457046,0.936188,1.13578,0.229667,0,1.15876
1352,0.791348,2.40382,1.09324,0.976653,0.00959573,0,0.9767,0.377898,0.163544,0,0.411769,0.720437,-0.624025,0.910392,1.23416,0.0121258,0,1.23422
1353,0.789053,2.39767,1.09648,0.976049,0.0167762,0,0.976193,0.353842,0.162152,0,0.389227,0.717526,-0.630522,0.909351,1.23699,0.0212612,0,1.23717
1354,1.08377,3.15905,0.677556,0.880684,-0.0657416,0,0.883135,0.952292,0.0596094,0,0.954155,1.11969,0.267171,1.03315,0.812613,-0.0606602,0,0.814874
1355,1.07965,3.14885,0.684033,0.884727,-0.0697706,0,0.887474,0.944723,0.0637793,0,0.946874,1.11364,0.253661,1.03148,0.819456,-0.0646232,0,0.822
1356,0.902414,2.69656,0.935886,0.976731,0.0670922,0,0.979033,0.601388,-0.16776,0,0.624349,0.866193,-0.298676,0.959862,1.08235,0.0743474,0,1.0849
1357,0.920097,2.74256,0.911447,0.972537,0.0810267,0,0.975906,0.665162,-0.159028,0,0.683908,0.890004,-0.245526,0.967294,1.05699,0.0880632,0,1.06066
1358,0.92984,2.76784,0.898025,0.969819,0.0873807,0,0.973748,0.696113,-0.153668,0,0.712873,0.903191,-0.216092,0.97134,1.043,0.0939739,0,1.04722
1359,0.804757,2.43959,1.07401,0.978956,-0.0154272,0,0.979077,0.255034,-0.165539,0,0.304049,0.737606,-0.585701,0.916558,1.21646,-0.01917,0,1.21661
1360,0.803482,2.43637,1.07649,0.979357,-0.00312681,0,0.979362,0.284722,-0.169003,0,0.331102,0.7358,-0.589733,0.915763,1.21889,-0.00389158,0,1.2189
1361,1.11954,3.24739,0.620372,0.840572,-0.0277284,0,0.841029,1.00126,0.0141827,0,1.00136,1.1726,0.385259,1.04739,0.750816,-0.0247676,0,0.751225
1362,1.16176,3.3517,0.552914,0.782024,0.0500619,0,0.783625,1.00051,-0.0024813,0,1.00051,1.23497,0.524482,1.06301,0.673136,0.0430913,0,0.674514
1363,1.16127,3.35094,0.555519,0.784219,0.0632514,0,0.786765,1.00029,-0.00336962,0,1.00029,1.23377,0.521802,1.06243,0.675314,0.0544677,0,0.677507
1364,1.13761,3.29267,0.593999,0.820105,-0.0316914,0,0.820717,1.00069,0.0067134,0,1.00071,1.19865,0.443416,1.05365,0.7209,-0.0278578,0,0.721438
1365,1.01107,2.9767,0.786116,0.921938,-0.194776,0,0.942288,0.036244,-0.111782,0,0.117511,1.01504,0.0335761,1.00393,0.911842,-0.192643,0,0.931969
1366,1.11097,3.22582,0.632546,0.84934,-0.0269046,0,0.849766,1.00146,0.0200346,0,1.00166,1.16033,0.357888,1.04443,0.7645,-0.0242171,0,0.764884
1367,1.12829,3.232,0.453153,0.62965,-0.00903643,0,0.629715,1.0011,0.000369468,0,1.0011,1.22251,0.49667,1.08351,0.558059,-0.00800898,0,0.558116
1368,1.13648,3.28941,0.594013,0.816156,0.078456,0,0.819919,1.00166,-0.00988588,0,1.0017,1.19746,0.440749,1.05365,0.718143,0.069034,0,0.721453
1369,1.19579,3.43646,0.500382,0.714981,-0.16502,0,0.733777,-0.0179479,-0.0449893,0,0.0484372,1.28453,0.635111,1.07421,0.597917,-0.138002,0,0.613636
1370,1.14052,3.30081,0.592893,0.794488,-0.20848,0,0.821386,-0.00732369,-0.0662517,0,0.0666553,1.20201,0.450923,1.05391,0.696599,-0.182793,0,0.720183
1371,1.148,3.31844,0.577824,0.803733,0.0735151,0,0.807088,1.00095,-0.00675535,0,1.00098,1.2139,0.477444,1.0574,0.700115,0.0640375,0,0.703038
1372,1.1281,3.26899,0.608445,0.82804,0.084088,0,0.832299,1.00194,-0.0143095,0,1.00205,1.18478,0.412466,1.05025,0.734012,0.0745394,0,0.737787
1373,1.11221,3.23027,0.635718,0.794745,0.314356,0,0.854657,-0.0148824,0.0412132,0,0.0438179,1.16076,0.358834,1.04365,0.714565,0.282641,0,0.768433
1374,1.21058,3.47302,0.475813,0.666412,0.239089,0,0.708003,-0.0233282,0.0157699,0,0.0281584,1.30639,0.683917,1.07914,0.550488,0.197499,0,0.584845
1375,1.24883,3.56532,0.399559,0.616929,-0.0207662,0,0.617278,-0.0245938,-0.0172996,0,0.0300688,1.36511,0.814972,1.09311,0.494003,-0.0166285,0,0.494283
1376,1.09257,3.18072,0.663196,0.872003,-0.0412824,0,0.87298,0.986187,0.0471586,0,0.987314,1.13278,0.29639,1.0368,0.79812,-0.0377846,0,0.799014
1377,0.956661,2.83687,0.860032,0.960143,0.0968605,0,0.965016,0.768376,-0.162928,0,0.78546,0.940057,-0.133801,0.982644,1.00364,0.101249,0,1.00873
1378,0.792985,2.40785,1.08952,0.975843,0.0190994,0,0.976029,0.340466,0.187239,0,0.388555,0.722874,-0.618584,0.911587,1.23059,0.0240854,0,1.23083
1379,1.12676,3.26511,0.608441,0.830806,-0.0287944,0,0.831305,1.00122,0.0098251,0,1.00127,1.18338,0.409326,1.05025,0.73734,-0.025555,0,0.737783
1380,1.02315,3.0072,0.768391,0.926967,0.117145,0,0.93434,0.931923,-0.0961899,0,0.936874,1.03223,0.0719448,1.00887,0.905992,0.114495,0,0.913198
1381,1.0998,3.19972,0.655805,0.842442,-0.216209,0,0.869744,0.00344285,-0.08139,0,0.0814628,1.14233,0.317696,1.03867,0.765993,-0.196589,0,0.790818
1382,0.883103,2.64669,0.964709,0.962561,0.199502,0,0.983018,0.0412791,0.100495,0,0.108643,0.839828,-0.357527,0.950996,1.08997,0.225911,0,1.11314
1383,1.08613,3.16522,0.675006,0.823908,0.314816,0,0.882005,-0.0115823,0.047551,0,0.0489412,1.12284,0.274197,1.0338,0.758573,0.289852,0,0.812064
1384,1.17846,3.39417,0.53076,0.742291,-0.184052,0,0.764768,-0.0150271,-0.0520019,0,0.0541296,1.25841,0.576804,1.06784,0.629883,-0.15618,0,0.648957
1385,0.893948,2.67456,0.947903,0.98006,0.0263624,0,0.980415,0.41611,-0.203515,0,0.463212,0.854774,-0.324166,0.956178,1.09633,0.0294899,0,1.09672
1386,1.04834,3.07072,0.731718,0.908079,0.121483,0,0.916169,0.966019,-0.0720825,0,0.968705,1.06815,0.15213,1.0189,0.866207,0.115881,0,0.873924
1387,0.920098,2.74229,0.910447,0.97201,0.0761666,0,0.974989,0.653657,-0.187922,0,0.680134,0.890284,-0.244902,0.967597,1.05642,0.082781,0,1.05966
1388,0.896788,2.68165,0.942819,0.977488,0.0553151,0,0.979052,0.554521,-0.199889,0,0.589448,0.858889,-0.31498,0.957739,1.08999,0.0616813,0,1.09173
1389,1.08658,3.16597,0.672986,0.872833,0.11169,0,0.87995,0.993289,-0.0430614,0,0.994222,1.12387,0.276488,1.03432,0.803285,0.10279,0,0.809835
1390,1.0942,3.18486,0.660968,0.865054,0.10649,0,0.871584,0.996887,-0.0372519,0,0.997582,1.13509,0.301543,1.03737,0.790578,0.0973217,0,0.796546
1391,1.07966,3.14903,0.684549,0.861514,-0.215659,0,0.888096,0.00932338,-0.0877145,0,0.0882086,1.11351,0.253369,1.03135,0.797946,-0.199747,0,0.822567
1392,1.06175,3.10441,0.712002,0.879991,-0.212214,0,0.905218,0.0157288,-0.0945619,0,0.0958611,1.08741,0.195111,1.02417,0.828812,-0.199871,0,0.852572
1393,1.16386,3.36013,0.562086,0.797294,0.000139387,0,0.797294,1.0008,0.0010111,0,1.0008,1.23482,0.524146,1.06097,0.685043,0.000119763,0,0.685043
1394,1.10203,3.20395,0.647581,0.86085,-0.0315815,0,0.86143,0.998092,0.0307741,0,0.998566,1.14691,0.327918,1.04072,0.781148,-0.0286575,0,0.781673
1395,1.10604,3.21373,0.64077,0.855695,-0.0282976,0,0.856163,1.00074,0.025638,0,1.00107,1.15295,0.341398,1.04241,0.773656,-0.0255846,0,0.774078
1396,1.08762,3.16866,0.671743,0.877943,-0.0488483,0,0.879301,0.975208,0.0577934,0,0.976919,1.12529,0.27966,1.03463,0.807216,-0.0449131,0,0.808464
1397,0.784922,2.3863,1.10116,0.97387,0.0327824,0,0.974421,0.281528,0.17953,0,0.333899,0.712587,-0.641547,0.907845,1.24072,0.0417652,0,1.24143
1398,0.911919,2.72118,0.922295,0.975495,-0.055624,0,0.977079,0.578352,0.189031,0,0.60846,0.879095,-0.269878,0.964005,1.06972,-0.0609966,0,1.07145
1399,0.938901,2.79098,0.884406,0.966338,0.0882018,0,0.970355,0.716438,-0.175819,0,0.737696,0.915821,-0.1879,0.975418,1.02922,0.0939415,0,1.0335
1400,0.966565,2.86296,0.848504,0.948202,-0.171537,0,0.963593,0.0582926,-0.12682,0,0.139576,0.95306,-0.104777,0.986027,0.981001,-0.17747,0,0.996925
1401,1.15173,3.32701,0.569417,0.797926,-0.0339958,0,0.79865,1.00017,0.00335288,0,1.00018,1.22004,0.491161,1.05931,0.692808,-0.0295173,0,0.693437
1402,1.1541,3.33224,0.563221,0.791764,-0.0232786,0,0.792106,1.00042,0.00248306,0,1.00043,1.22416,0.500367,1.06071,0.686047,-0.0201704,0,0.686343
1403,1.28392,3.65051,0.324369,0.491601,0.163043,0,0.517933,-0.0137868,1.35441e-05,0,0.0137868,1.41842,0.933969,1.10476,0.382892,0.126989,0,0.403401
1404,1.07873,3.1465,0.685261,0.880592,0.115756,0,0.888168,0.989045,-0.0489859,0,0.990258,1.11234,0.250768,1.03116,0.816326,0.107308,0,0.823348
1405,1.08995,3.1743,0.667593,0.875025,-0.0451181,0,0.876188,0.980982,0.052478,0,0.982384,1.12885,0.287611,1.03569,0.802813,-0.0413947,0,0.803879
1406,1.12875,3.233,0.451674,0.627338,0.0287719,0,0.627997,1.00111,-0.000333727,0,1.00111,1.22332,0.498485,1.08379,0.555783,0.0254901,0,0.556367
1407,1.10164,3.20325,0.649189,0.857161,0.101033,0,0.863095,0.999844,-0.0313862,0,1.00034,1.14606,0.326024,1.04032,0.778077,0.0917118,0,0.783463
1408,1.18704,3.41541,0.516984,0.700504,0.271757,0,0.751371,-0.022062,0.0227072,0,0.0316598,1.27104,0.60501,1.07077,0.590128,0.228937,0,0.632979
1409,1.15951,3.34763,0.562229,0.769375,-0.198251,0,0.794507,-0.0114724,-0.0592473,0,0.0603478,1.23017,0.513772,1.06093,0.663532,-0.170977,0,0.685206
1410,0.891319,2.66735,0.950315,0.978431,0.0486251,0,0.979639,0.523325,-0.202034,0,0.560969,0.851599,-0.331252,0.955437,1.09773,0.054554,0,1.09909
1411,1.23749,3.53747,0.420757,0.639208,-0.0700706,0,0.643037,-0.0238845,-0.0247305,0,0.0343812,1.34816,0.777141,1.08943,0.516538,-0.0566234,0,0.519632
1412,0.954438,2.83205,0.866345,0.955902,-0.158307,0,0.968922,0.0682847,-0.132902,0,0.149418,0.936095,-0.142645,0.980781,1.00153,-0.165865,0,1.01518
1413,0.93505,2.78161,0.891824,0.962208,-0.147008,0,0.973373,0.0789258,-0.138811,0,0.15968,0.909991,-0.200913,0.9732,1.02904,-0.15722,0,1.04098
1414,1.09847,3.19521,0.653485,0.865176,-0.0344164,0,0.86586,0.994747,0.0362845,0,0.995409,1.14158,0.316033,1.03925,0.787618,-0.0313312,0,0.788241
1415,1.24883,3.56565,0.401185,0.584792,0.20508,0,0.619709,-0.0196167,0.00582773,0,0.0204641,1.36476,0.814191,1.09283,0.468272,0.164218,0,0.496232
1416,1.07091,3.1271,0.697508,0.888198,0.118762,0,0.896102,0.984163,-0.0547979,0,0.985687,1.10087,0.225161,1.02798,0.829388,0.110898,0,0.83677
1417,1.10871,3.22068,0.637859,0.849438,0.0939889,0,0.854622,1.00214,-0.0259835,0,1.00247,1.15652,0.349377,1.04313,0.766151,0.0847735,0,0.770827
1418,0.948198,2.815,0.871565,0.963133,0.0931182,0,0.967624,0.744619,-0.169182,0,0.763597,0.92851,-0.159575,0.979237,1.01575,0.0982055,0,1.02049
1419,1.26708,3.60749,0.35059,0.547927,0.0627433,0,0.551507,-0.0200805,-0.00690149,0,0.0212333,1.39499,0.881668,1.10094,0.432431,0.0495179,0,0.435257
1420,1.16788,3.3716,0.561508,0.79892,0.0238764,0,0.799277,1.00083,-0.000986492,0,1.00084,1.23924,0.534012,1.0611,0.684075,0.0204441,0,0.68438
1421,0.986247,2.91312,0.820024,0.936828,-0.181166,0,0.954185,0.0488617,-0.120566,0,0.13009,0.980613,-0.0432744,0.994288,0.949892,-0.183693,0,0.967491
1422,1.22507,3.50745,0.445391,0.663721,-0.108126,0,0.672471,-0.0224697,-0.0314854,0,0.0386809,1.32915,0.734715,1.08496,0.541783,-0.0882609,0,0.548925
1423,1.21135,3.47428,0.471802,0.688738,-0.139561,0,0.702736,-0.0204921,-0.038243,0,0.0433873,1.30818,0.687892,1.07993,0.568569,-0.115211,0,0.580125
1424,0.869928,2.61093,0.978531,0.978865,-0.0473365,0,0.980008,0.521826,0.192689,0,0.556266,0.823568,-0.393822,0.946708,1.12523,-0.0544143,0,1.12654
1425,1.12067,3.25163,0.623986,0.819147,-0.213146,0,0.846424,-0.00247636,-0.0736236,0,0.0736653,1.17279,0.385697,1.04651,0.730946,-0.190196,0,0.755286
1426,1.08446,3.16082,0.67663,0.880976,-0.0534102,0,0.882594,0.968888,0.0630564,0,0.970937,1.12067,0.269346,1.03338,0.812362,-0.0492504,0,0.813854
1427,0.89954,2.68862,0.938244,0.976588,-0.0526375,0,0.978006,0.550891,0.191058,0,0.583082,0.862785,-0.306283,0.959141,1.08565,-0.058516,0,1.08723
1428,0.788768,2.39657,1.09555,0.974835,0.0256671,0,0.975173,0.312805,0.184068,0,0.362944,0.717503,-0.630574,0.909651,1.2359,0.0325407,0,1.23632
1429,0.916076,2.73206,0.916783,0.974599,-0.0611285,0,0.976514,0.60551,0.186043,0,0.633447,0.884635,-0.257512,0.965679,1.06388,-0.0667287,0,1.06597
1430,1.13777,3.29376,0.596345,0.764434,0.307223,0,0.82386,-0.0178109,0.0351025,0,0.0393626,1.19819,0.442398,1.0531,0.671868,0.270021,0,0.724099
1431,1.16225,3.35424,0.557254,0.733181,0.293519,0,0.789752,-0.020204,0.0289355,0,0.0352912,1.23437,0.523145,1.06205,0.630827,0.252543,0,0.6795
1432,1.00467,2.96006,0.793916,0.937782,0.113099,0,0.944578,0.89441,-0.116005,0,0.901902,1.00641,0.0143041,1.00173,0.933422,0.112573,0,0.940186
1433,1.01397,2.98373,0.780879,0.932261,0.115392,0,0.939376,0.915221,-0.105555,0,0.921288,1.01944,0.0433831,1.0054,0.919421,0.113803,0,0.926438
1434,1.03105,3.02721,0.757108,0.921521,0.11891,0,0.929162,0.945145,-0.0878112,0,0.949215,1.04342,0.096912,1.01199,0.893766,0.115329,0,0.901177
1435,1.03953,3.04842,0.744215,0.914473,0.121015,0,0.922446,0.956998,-0.0793225,0,0.960279,1.05566,0.124232,1.01552,0.879703,0.116414,0,0.887372
1436,1.11607,3.23884,0.626007,0.840819,0.0886964,0,0.845484,1.00251,-0.0202405,0,1.00271,1.16744,0.373741,1.04602,0.753374,0.0794721,0,0.757554
1437,0.886755,2.65554,0.957075,0.979946,0.0325162,0,0.980485,0.445406,-0.203572,0,0.489723,0.845392,-0.345108,0.953354,1.10509,0.0366687,0,1.1057
1438,1.05565,3.08907,0.720933,0.902117,0.121383,0,0.910247,0.972649,-0.0664349,0,0.974916,1.07865,0.175566,1.02179,0.854563,0.114984,0,0.862264
1439,1.06305,3.1075,0.709515,0.895365,0.120588,0,0.903449,0.978689,-0.0606344,0,0.980565,1.08944,0.199642,1.02483,0.842261,0.113436,0,0.849866
1440,0.893772,2.6738,0.947054,0.979159,0.024961,0,0.979477,0.390922,-0.202893,0,0.440438,0.854838,-0.324022,0.956439,1.09554,0.0279277,0,1.09589
1441,0.981444,2.90057,0.825841,0.949481,0.106784,0,0.955467,0.838308,-0.139904,0,0.849902,0.974194,-0.0576037,0.992612,0.967433,0.108803,0,0.973532
1442,0.98953,2.92136,0.814912,0.945824,0.109088,0,0.952094,0.857351,-0.132154,0,0.867477,0.98533,-0.032746,0.995755,0.955831,0.110243,0,0.962168
1443,0.964524,2.85716,0.849341,0.957151,0.10026,0,0.962387,0.791219,-0.156205,0,0.806491,0.950811,-0.109797,0.985783,0.992355,0.103947,0,0.997784
1444,0.916104,2.7324,0.917701,0.968598,-0.130732,0,0.977381,0.0936309,-0.145725,0,0.173213,0.884407,-0.25802,0.9654,1.0573,-0.142704,0,1.06689
1445,0.896753,2.68191,0.944148,0.973606,-0.113369,0,0.980184,0.11106,-0.152613,0,0.188746,0.85849,-0.315871,0.957332,1.0857,-0.126421,0,1.09304
1446,0.878243,2.63345,0.969598,0.976891,-0.0978458,0,0.981779,0.128845,-0.159439,0,0.204993,0.833876,-0.370812,0.949482,1.11232,-0.111411,0,1.11789
1447,1.04023,3.05069,0.744959,0.900814,-0.205253,0,0.923902,0.02351,-0.102039,0,0.104712,1.05616,0.125357,1.01531,0.865976,-0.197315,0,0.888171
1448,0.83599,2.52138,1.02552,0.979132,0.0174622,0,0.979288,0.329586,-0.199138,0,0.385075,0.779124,-0.493026,0.931978,1.17122,0.0208881,0,1.17141
1449,0.871224,2.61394,0.975297,0.97842,0.0251958,0,0.978744,0.362182,-0.201504,0,0.414463,0.825671,-0.389127,0.947714,1.12304,0.0289201,0,1.12341
1450,0.860199,2.586,0.994444,0.979141,-0.0777457,0,0.982222,0.151353,-0.167085,0,0.225444,0.810089,-0.423909,0.941746,1.13827,-0.0903811,0,1.14186
1451,0.843651,2.54232,1.01734,0.98003,-0.057947,0,0.981742,0.178544,-0.174927,0,0.249955,0.78844,-0.472232,0.934557,1.16165,-0.068686,0,1.16368
1452,0.929378,2.76635,0.897598,0.969366,0.0824294,0,0.972865,0.685439,-0.182252,0,0.709255,0.902861,-0.216828,0.971469,1.04303,0.0886932,0,1.04679
1453,1.09536,3.18757,0.658572,0.868775,-0.0377792,0,0.869597,0.990784,0.041692,0,0.991661,1.13695,0.305701,1.03797,0.793139,-0.0344901,0,0.793889
1454,0.835211,2.51976,1.02824,0.979858,-0.0360497,0,0.980521,0.491277,0.193215,0,0.527906,0.77768,-0.496251,0.931117,1.17319,-0.0431623,0,1.17398
1455,0.81443,2.46508,1.05924,0.979519,-0.0204964,0,0.979733,0.460682,0.193,0,0.499477,0.750313,-0.557337,0.921274,1.20271,-0.0251666,0,1.20297
1456,0.798752,2.42366,1.08288,0.972576,0.105491,0,0.97828,0.109492,0.135609,0,0.174294,0.729832,-0.603053,0.913716,1.21762,0.13207,0,1.22476
1457,1.06663,3.11662,0.704702,0.897906,-0.0733984,0,0.9009,0.930043,0.0886242,0,0.934256,1.09446,0.210854,1.02609,0.841816,-0.0688134,0,0.844624
1458,1.05762,3.09404,0.718119,0.905225,-0.0795939,0,0.908718,0.911484,0.0985295,0,0.916793,1.08146,0.181825,1.02254,0.855912,-0.0752579,0,0.859214
1459,1.02044,3.00012,0.771594,0.930849,-0.091461,0,0.935331,0.833597,0.132619,0,0.844081,1.02858,0.0638023,1.00799,0.912208,-0.0896294,0,0.9166
1460,1.04787,3.06953,0.732393,0.912615,-0.0845215,0,0.916521,0.891115,0.108327,0,0.897675,1.06748,0.150635,1.01872,0.870925,-0.0806604,0,0.874652
1461,1.03831,3.04545,0.746303,0.919511,-0.0878362,0,0.923696,0.871347,0.117422,0,0.879223,1.05383,0.120163,1.01495,0.885582,-0.0845952,0,0.889614
1462,1.02939,3.02288,0.759126,0.925508,-0.0900147,0,0.929875,0.851999,0.125703,0,0.861222,1.04116,0.0918677,1.01144,0.899088,-0.0874451,0,0.90333
1463,1.01001,2.97355,0.786085,0.936736,-0.0921864,0,0.941261,0.812575,0.139906,0,0.824531,1.01398,0.0312048,1.00394,0.927457,-0.0912732,0,0.931937
1464,0.997615,2.94193,0.803335,0.943348,-0.0918172,0,0.947806,0.787386,0.14795,0,0.801166,0.996677,-0.0074178,0.999059,0.945603,-0.0920367,0,0.950072
1465,0.984017,2.90716,0.822264,0.950063,-0.0900232,0,0.954319,0.75929,0.156123,0,0.775175,0.977762,-0.0496377,0.993643,0.965495,-0.0914853,0,0.969819
1466,0.970013,2.87127,0.841785,0.956397,-0.0867884,0,0.960326,0.72998,0.163679,0,0.748105,0.958362,-0.0929423,0.987989,0.985963,-0.0894714,0,0.990014
1467,0.955392,2.83366,0.862002,0.962148,-0.0822699,0,0.965659,0.699574,0.170543,0,0.720061,0.938256,-0.137822,0.982063,1.00707,-0.0861111,0,1.01075
1468,0.939325,2.7921,0.88391,0.967287,-0.0766918,0,0.970322,0.668208,0.176632,0,0.691159,0.916373,-0.186667,0.975566,1.02977,-0.0816456,0,1.033
1469,0.924471,2.75368,0.904581,0.971731,-0.0693284,0,0.974201,0.636093,0.181866,0,0.661581,0.896152,-0.231805,0.969367,1.05112,-0.0749926,0,1.05379
1470,0.78155,2.37728,1.10604,0.972878,0.0397469,0,0.973689,0.252096,0.17482,0,0.306781,0.7083,-0.651117,0.906275,1.2448,0.0508564,0,1.24584
1471,0.778748,2.36976,1.11005,0.971864,0.0474781,0,0.973023,0.222234,0.169178,0,0.279301,0.704753,-0.659033,0.904982,1.24798,0.0609672,0,1.24947
1472,0.776829,2.36464,1.11291,0.970994,0.056449,0,0.972633,0.19414,0.162492,0,0.253168,0.702299,-0.664511,0.904059,1.24994,0.0726659,0,1.25206
1473,0.776986,2.36515,1.11305,0.970677,0.0661239,0,0.972926,0.170373,0.156133,0,0.231094,0.702406,-0.664272,0.904014,1.24928,0.0851031,0,1.25218
1474,0.779244,2.37132,1.11024,0.970727,0.0769725,0,0.973774,0.147844,0.147947,0,0.209155,0.705155,-0.658136,0.904922,1.24573,0.0987785,0,1.24964
1475,0.788027,2.39492,1.09791,0.971696,0.091055,0,0.975953,0.126246,0.141622,0,0.189723,0.71623,-0.633415,0.90889,1.23307,0.115548,0,1.23848
1476,0.914596,2.72871,0.92063,0.951564,0.227733,0,0.978436,0.0286733,0.092056,0,0.0964182,0.882138,-0.263085,0.964511,1.04042,0.248998,0,1.0698
1477,0.936975,2.78636,0.888342,0.940202,0.24693,0,0.972088,0.0207586,0.0854429,0,0.0879284,0.912841,-0.194552,0.974242,1.00344,0.263539,0,1.03747
1478,0.972809,2.87843,0.837811,0.953479,0.10377,0,0.959109,0.814832,-0.148656,0,0.828282,0.96225,-0.0842626,0.989146,0.980129,0.106671,0,0.985917
1479,0.996759,2.93991,0.805092,0.942322,0.110912,0,0.948827,0.875168,-0.124782,0,0.884019,0.995323,-0.0104386,0.998559,0.945386,0.111272,0,0.951912
1480,0.884123,2.64845,0.959964,0.979302,0.0387074,0,0.980067,0.474888,-0.203097,0,0.516495,0.842094,-0.352468,0.952463,1.10765,0.0437805,0,1.10852
1481,0.886707,2.65521,0.956379,0.978876,0.043215,0,0.979829,0.496605,-0.202849,0,0.536437,0.845536,-0.344785,0.953569,1.10395,0.0487365,0,1.10502
1482,0.958282,2.84138,0.859008,0.929239,0.262665,0,0.965649,0.0141762,0.0793566,0,0.0806129,0.941939,-0.1296,0.982945,0.969693,0.2741,0,1.00769
1483,0.982236,2.90286,0.825665,0.915243,0.276369,0,0.956059,0.00811483,0.0737732,0,0.0742181,0.975029,-0.0557377,0.992663,0.931795,0.281367,0,0.97335
1484,1.0084,2.96957,0.788718,0.896634,0.290651,0,0.942566,0.00194518,0.0668997,0,0.0669279,1.01162,0.0259422,1.00319,0.889164,0.28823,0,0.934713
1485,1.03375,3.0336,0.751709,0.874655,0.302927,0,0.925627,-0.00319641,0.0603258,0,0.0604105,1.04768,0.106428,1.01347,0.846097,0.293036,0,0.895405
1486,1.05966,3.0989,0.714158,0.85114,0.310242,0,0.905919,-0.00766526,0.0540627,0,0.0546034,1.08466,0.188983,1.0236,0.803219,0.292775,0,0.854914
1487,0.81071,2.45552,1.06583,0.972881,0.119583,0,0.980202,0.0949626,0.130064,0,0.161042,0.745183,-0.568789,0.919173,1.20004,0.147504,0,1.20907
1488,0.820684,2.48183,1.05093,0.971608,0.134813,0,0.980916,0.0834796,0.124837,0,0.150177,0.758247,-0.539628,0.923921,1.1839,0.164269,0,1.19524
1489,0.830254,2.50691,1.03628,0.969504,0.149588,0,0.980977,0.072948,0.119472,0,0.139982,0.770952,-0.511267,0.928574,1.16772,0.180171,0,1.18154
1490,0.843415,2.54179,1.01804,0.968348,0.163311,0,0.982022,0.0630523,0.113971,0,0.130249,0.788035,-0.473136,0.934338,1.14813,0.193631,0,1.16434
1491,0.861054,2.58852,0.994246,0.966746,0.17822,0,0.983037,0.0536769,0.108299,0,0.120871,0.810947,-0.421993,0.941807,1.12275,0.206979,0,1.14167
1492,0.80586,2.44229,1.0715,0.978528,-0.00733046,0,0.978556,0.427127,0.192538,0,0.468518,0.739265,-0.581998,0.917361,1.21427,-0.00909644,0,1.2143
1493,0.801071,2.42945,1.07804,0.977552,0.00403627,0,0.977561,0.39378,0.191114,0,0.437707,0.733195,-0.595547,0.915268,1.22031,0.00503859,0,1.22032
1494,0.797149,2.41899,1.08362,0.976771,0.0128206,0,0.976855,0.365131,0.189335,0,0.411301,0.72818,-0.606742,0.91348,1.22533,0.016083,0,1.22544
1495,1.08024,3.1504,0.683474,0.885268,-0.0598682,0,0.88729,0.958362,0.0705451,0,0.960955,1.1144,0.255353,1.03163,0.819514,-0.0554214,0,0.821386
1496,1.07414,3.1354,0.693408,0.8915,-0.0667102,0,0.893992,0.945074,0.0797562,0,0.948433,1.10535,0.235152,1.02905,0.829963,-0.0621055,0,0.832284
1497,0.903453,2.69902,0.933525,0.976054,0.0625314,0,0.978055,0.588127,-0.196885,0,0.620207,0.867843,-0.294994,0.960584,1.08036,0.0692137,0,1.08257
1498,0.911351,2.71956,0.922565,0.974239,0.0695076,0,0.976715,0.621261,-0.192814,0,0.650494,0.878472,-0.271267,0.963923,1.06901,0.0762687,0,1.07172
1499,0.829605,2.50511,1.03688,0.97985,-0.040284,0,0.980678,0.206733,-0.18174,0,0.27526,0.770192,-0.512965,0.928384,1.1811,-0.048558,0,1.1821
1500,0.819077,2.47718,1.05171,0.979283,-0.0243293,0,0.979585,0.236771,-0.187494,0,0.302017,0.756561,-0.543391,0.923675,1.19559,-0.0297033,0,1.19596
1501,0.81334,2.46199,1.06008,0.978996,-0.0104361,0,0.979052,0.266805,-0.191899,0,0.328649,0.749092,-0.560062,0.921008,1.20367,-0.0128311,0,1.20374
1502,0.815883,2.46872,1.05635,0.979285,0.00318861,0,0.97929,0.297727,-0.195905,0,0.356398,0.752404,-0.55267,0.922196,1.20028,0.00390817,0,1.20028
1503,1.15153,3.32663,0.570158,0.799125,-0.0241148,0,0.799488,1.00083,0.00307044,0,1.00083,1.21964,0.490263,1.05915,0.693968,-0.0209415,0,0.694284
1504,1.1533,3.33058,0.565657,0.791541,0.0716678,0,0.794779,1.00034,-0.00515432,0,1.00035,1.22269,0.497072,1.06016,0.686327,0.0621415,0,0.689134
1505,1.15065,3.32428,0.570913,0.796148,0.0770708,0,0.799869,0.999617,-0.00574857,0,0.999633,1.21851,0.487735,1.05897,0.691913,0.0669804,0,0.695148
1506,1.12329,3.25655,0.614079,0.835238,-0.0328467,0,0.835883,1.00028,0.0115681,0,1.00035,1.17822,0.397802,1.0489,0.743567,-0.0292416,0,0.744142
1507,1.17345,3.3819,0.539219,0.733236,0.24472,0,0.772996,-0.0272704,0.027449,0,0.0386927,1.25092,0.560094,1.06602,0.624852,0.208547,0,0.658735
1508,1.14184,3.30219,0.583779,0.809729,-0.0353789,0,0.810502,1.00015,0.00511333,0,1.00017,1.20581,0.459401,1.05603,0.709147,-0.0309842,0,0.709823
1509,1.13141,3.27783,0.605683,0.784863,0.273676,0,0.831209,-0.0230544,0.0411461,0,0.0471647,1.189,0.421874,1.0509,0.693704,0.241889,0,0.734667
1510,1.05467,3.08677,0.722937,0.904758,0.112218,0,0.911691,0.97734,-0.0787988,0,0.980511,1.07709,0.17207,1.02126,0.857861,0.106401,0,0.864434
1511,1.16281,3.35402,0.550231,0.780005,0.0338609,0,0.78074,1.00118,-0.000741498,0,1.00119,1.23677,0.528497,1.06361,0.670796,0.02912,0,0.671428
1512,1.12218,3.25417,0.617139,0.834843,0.0827046,0,0.838929,1.00363,-0.0163341,0,1.00376,1.17623,0.393378,1.04817,0.743946,0.0736998,0,0.747588
1513,1.11943,3.24717,0.620766,0.837855,0.0776002,0,0.84144,1.00525,-0.0171189,0,1.00539,1.17237,0.38476,1.04729,0.748464,0.0693211,0,0.751668
1514,1.07504,3.13755,0.69178,0.886463,0.106348,0,0.892819,0.993689,-0.0579815,0,0.995379,1.10672,0.238225,1.02947,0.824587,0.0989249,0,0.8305
1515,1.15911,3.34464,0.555267,0.784832,-0.0144937,0,0.784966,1.00079,0.00145415,0,1.00079,1.23154,0.516824,1.06249,0.677102,-0.0125043,0,0.677217
1516,1.0889,3.17177,0.669464,0.876781,-0.0378644,0,0.877598,0.990388,0.0564225,0,0.991994,1.12725,0.284035,1.03521,0.805196,-0.034773,0,0.805947
1517,0.788947,2.39702,1.09516,0.974436,0.0364721,0,0.975119,0.263349,0.204351,0,0.333335,0.717763,-0.629993,0.909774,1.23511,0.0462289,0,1.23598
1518,1.13804,3.29318,0.591293,0.814415,0.0712511,0,0.817526,1.00254,-0.00869207,0,1.00257,1.19981,0.446015,1.05429,0.715633,0.0626089,0,0.718366
1519,1.14172,3.30232,0.58553,0.809788,0.0687032,0,0.812697,1.00208,-0.00739841,0,1.00211,1.20523,0.458105,1.05562,0.709268,0.060175,0,0.711816
1520,1.13357,3.28352,0.603545,0.810404,-0.179554,0,0.830057,-0.0132893,-0.0753016,0,0.0764652,1.19185,0.428227,1.05141,0.714913,-0.158397,0,0.73225
1521,1.16053,3.34755,0.550548,0.779597,-0.0079347,0,0.779638,1.00116,0.000778611,0,1.00116,1.23427,0.52292,1.06354,0.671758,-0.00683712,0,0.671793
1522,1.08827,3.17076,0.672485,0.834373,0.281931,0,0.880717,-0.0169399,0.0549723,0,0.0575231,1.12575,0.280699,1.03444,0.766698,0.259064,0,0.809283
1523,0.888195,2.6595,0.955775,0.97674,-0.0907787,0,0.98095,0.132397,-0.184239,0,0.226877,0.847121,-0.341248,0.953755,1.09969,-0.102206,0,1.10443
1524,1.01484,2.98589,0.779428,0.922283,-0.174414,0,0.93863,0.0333546,-0.128633,0,0.132888,1.02073,0.0462698,1.0058,0.908795,-0.171864,0,0.924903
1525,1.03026,3.02508,0.757817,0.922458,0.111952,0,0.929227,0.947322,-0.105901,0,0.953223,1.04241,0.0946724,1.0118,0.895364,0.108664,0,0.901934
1526,0.96463,2.85725,0.848569,0.956959,0.0956623,0,0.961729,0.787477,-0.18501,0,0.808918,0.951134,-0.109077,0.986008,0.992047,0.0991699,0,0.996992
1527,1.13404,3.28341,0.598064,0.818846,0.0861379,0,0.823364,1.00081,-0.0117051,0,1.00088,1.1938,0.432595,1.0527,0.722062,0.0759568,0,0.726046
1528,1.13295,3.28049,0.598914,0.823301,-0.0245093,0,0.823666,1.00177,0.00739747,0,1.00179,1.19243,0.429537,1.0525,0.726687,-0.0216332,0,0.727009
1529,1.12941,3.27162,0.604072,0.827335,-0.024144,0,0.827687,1.00215,0.00869342,0,1.00219,1.18734,0.418159,1.05128,0.732534,-0.0213774,0,0.732846
1530,1.16413,3.35816,0.551498,0.782349,0.0390851,0,0.783324,1.00083,-0.00143215,0,1.00084,1.23785,0.530906,1.06333,0.672047,0.0335746,0,0.672885
1531,1.18209,3.40299,0.524281,0.744721,-0.142595,0,0.75825,-0.0236865,-0.051458,0,0.0566479,1.26392,0.589104,1.06923,0.630006,-0.12063,0,0.641451
1532,0.910833,2.7184,0.923931,0.975951,-0.0531152,0,0.977395,0.567233,0.220489,0,0.608579,0.877595,-0.273226,0.963508,1.07149,-0.0583149,0,1.07308
1533,0.929924,2.76779,0.896956,0.969721,0.0777903,0,0.972837,0.675119,-0.214273,0,0.708307,0.903571,-0.215242,0.971661,1.0428,0.0836523,0,1.04615
1534,0.894735,2.67651,0.946438,0.979562,0.0289927,0,0.979991,0.430983,-0.234214,0,0.490513,0.855929,-0.321587,0.956629,1.09481,0.0324037,0,1.09529
1535,0.918873,2.73929,0.912786,0.974175,-0.0569125,0,0.975836,0.595488,0.217701,0,0.634034,0.888449,-0.248998,0.966889,1.06018,-0.0619373,0,1.06199
1536,1.06836,3.12114,0.70282,0.897933,-0.0634021,0,0.900169,0.945689,0.0984509,0,0.950799,1.09677,0.215996,1.02659,0.840479,-0.0593453,0,0.842571
1537,1.05172,3.07924,0.726854,0.910508,-0.0750823,0,0.913598,0.909412,0.121434,0,0.917484,1.07297,0.162886,1.02021,0.865733,-0.0713901,0,0.868672
1538,0.796971,2.41846,1.08368,0.976422,0.0223182,0,0.976677,0.324257,0.214393,0,0.388725,0.728002,-0.607137,0.913462,1.22517,0.0280038,0,1.22549
1539,0.930587,2.77011,0.89818,0.950923,0.213859,0,0.974674,0.0266392,0.108165,0,0.111397,0.903873,-0.21457,0.971294,1.02185,0.229811,0,1.04738
1540,0.894396,2.67545,0.946285,0.978429,0.0454895,0,0.979486,0.511258,-0.233462,0,0.562041,0.855646,-0.322218,0.956675,1.09396,0.0508606,0,1.09514
1541,1.11009,3.22495,0.638742,0.809511,0.280665,0,0.856785,-0.0201651,0.0477732,0,0.0518547,1.15773,0.352065,1.04291,0.729228,0.25283,0,0.771814
1542,1.10246,3.20497,0.646849,0.860495,-0.0250994,0,0.860861,1.00263,0.029846,0,1.00308,1.14755,0.329348,1.0409,0.780526,-0.0227668,0,0.780858
1543,0.899488,2.68877,0.939354,0.977575,0.051536,0,0.978933,0.541463,-0.231877,0,0.589024,0.86243,-0.307076,0.958801,1.08681,0.0572948,0,1.08832
1544,1.13678,3.28962,0.591572,0.816065,-0.0387542,0,0.816985,0.999414,0.0056691,0,0.99943,1.19842,0.442899,1.05422,0.717874,-0.0340912,0,0.718683
1545,1.11567,3.23767,0.625933,0.844724,-0.0248858,0,0.845091,1.00281,0.0162648,0,1.00294,1.16704,0.372859,1.04604,0.757143,-0.0223056,0,0.757471
1546,1.11418,3.23375,0.627495,0.845666,-0.0203847,0,0.845911,1.00437,0.0171266,0,1.00452,1.16505,0.368424,1.04566,0.759003,-0.0182957,0,0.759224
1547,1.15916,3.3459,0.559502,0.788744,0.054742,0,0.790641,1.00094,-0.0030596,0,1.00094,1.2305,0.514516,1.06155,0.680443,0.0472255,0,0.68208
1548,1.19352,3.43129,0.505881,0.706466,0.220389,0,0.740044,-0.0285651,0.020102,0,0.0349293,1.28074,0.626661,1.07308,0.591919,0.184655,0,0.620053
1549,0.802073,2.43208,1.07643,0.977473,0.0155281,0,0.977596,0.351135,0.21756,0,0.413071,0.734526,-0.592576,0.915784,1.21868,0.0193599,0,1.21884
1550,1.13241,3.23639,0.417201,0.583604,0.00563718,0,0.583631,1.00147,0.000198933,0,1.00147,1.2344,0.523209,1.09006,0.515364,0.00497803,0,0.515388
1551,1.13264,3.2369,0.416469,0.582582,0.0143541,0,0.582759,1.00148,-0.00015046,0,1.00148,1.23479,0.524086,1.09019,0.514359,0.0126732,0,0.514515
1552,1.11622,3.24059,0.630799,0.831088,-0.185771,0,0.851598,-0.00820648,-0.0839277,0,0.084328,1.16629,0.371192,1.04486,0.744553,-0.166428,0,0.762927
1553,1.15041,3.32523,0.577197,0.789714,-0.170724,0,0.807957,-0.0174208,-0.0674068,0,0.0696215,1.2166,0.483488,1.05754,0.686465,-0.148403,0,0.702323
1554,0.896462,2.68093,0.943718,0.979139,0.0261653,0,0.979489,0.402964,-0.233609,0,0.465782,0.85833,-0.316228,0.957463,1.09223,0.0291873,0,1.09262
1555,1.08202,3.15486,0.680753,0.879535,0.102798,0,0.885522,0.997803,-0.0508979,0,0.999101,1.117,0.261166,1.03233,0.81286,0.0950051,0,0.818394
1556,1.08878,3.17146,0.669594,0.87202,0.0993271,0,0.877659,1.00098,-0.0439009,0,1.00194,1.12709,0.283683,1.03518,0.800912,0.0912275,0,0.80609
1557,1.09713,3.19296,0.659521,0.851705,-0.187744,0,0.872152,-0.00236034,-0.0924902,0,0.0925203,1.13852,0.309205,1.03773,0.776304,-0.171123,0,0.794941
1558,1.08129,3.1537,0.68427,0.868137,-0.19194,0,0.889103,0.00337319,-0.0994292,0,0.0994864,1.11527,0.25729,1.03142,0.802871,-0.17751,0,0.82226
1559,1.15545,3.33636,0.56401,0.79388,-0.0179247,0,0.794083,1.00082,0.00208521,0,1.00082,1.2254,0.503119,1.06053,0.687073,-0.0155132,0,0.687248
1560,1.09194,3.17924,0.664443,0.873319,-0.0341472,0,0.873986,0.994895,0.0497627,0,0.996138,1.13179,0.294169,1.03649,0.799783,-0.0312719,0,0.800395
1561,1.0863,3.16549,0.674168,0.880157,-0.0416074,0,0.88114,0.985314,0.0629382,0,0.987323,1.12325,0.275111,1.03402,0.810234,-0.0383019,0,0.811139
1562,0.792496,2.40651,1.0901,0.975404,0.0293597,0,0.975846,0.294104,0.209808,0,0.36127,0.722283,-0.619905,0.911402,1.2308,0.0370471,0,1.23136
1563,0.939053,2.79138,0.884199,0.966721,0.0834482,0,0.970316,0.707147,-0.207383,0,0.736929,0.916027,-0.18744,0.97548,1.02946,0.0888643,0,1.03329
1564,0.986751,2.91445,0.819484,0.940459,-0.160865,0,0.954118,0.0492548,-0.140605,0,0.148983,0.981268,-0.0418135,0.994443,0.953087,-0.163025,0,0.966929
1565,1.09541,3.18778,0.658825,0.864824,0.0942258,0,0.869942,1.00391,-0.0372085,0,1.0046,1.13693,0.305657,1.03791,0.789497,0.0860187,0,0.79417
1566,1.16711,3.36644,0.550218,0.767491,-0.158142,0,0.783615,-0.0208896,-0.0593007,0,0.0628724,1.24135,0.538732,1.06361,0.657598,-0.135498,0,0.671412
1567,1.22902,3.51696,0.437393,0.662383,-0.0280802,0,0.662978,-0.0301749,-0.0216623,0,0.0371454,1.33526,0.748343,1.08644,0.53895,-0.0228476,0,0.539434
1568,0.964422,2.8569,0.849497,0.950945,-0.148296,0,0.962439,0.0647744,-0.151048,0,0.164351,0.950666,-0.11012,0.985737,0.986026,-0.153767,0,0.997944
1569,0.945192,2.80734,0.876056,0.959257,-0.136129,0,0.968868,0.0776878,-0.159474,0,0.177391,0.924307,-0.168957,0.977904,1.01488,-0.144022,0,1.02505
1570,1.09834,3.19481,0.653412,0.865228,-0.0275825,0,0.865667,1.00184,0.036771,0,1.00251,1.14147,0.315773,1.03927,0.78776,-0.0251129,0,0.78816
1571,1.22496,3.50625,0.441476,0.636003,0.200047,0,0.666722,-0.0243259,0.00960646,0,0.026154,1.32992,0.736433,1.08569,0.519204,0.163309,0,0.544281
1572,1.27749,3.63514,0.340244,0.527,0.117785,0,0.540002,-0.0181107,-0.00238298,0,0.0182668,1.4084,0.911617,1.10248,0.412529,0.0922007,0,0.422707
1573,1.10241,3.20512,0.647903,0.857409,0.0899779,0,0.862117,1.00429,-0.0301251,0,1.00474,1.14721,0.328592,1.04064,0.77776,0.0816194,0,0.782031
1574,0.948167,2.81488,0.871476,0.963458,0.0884118,0,0.967506,0.737263,-0.199919,0,0.763888,0.928505,-0.159588,0.979263,1.01613,0.093245,0,1.0204
1575,0.956754,2.837,0.859526,0.960182,0.0923839,0,0.964616,0.763685,-0.192521,0,0.787578,0.940291,-0.133279,0.982793,1.00358,0.0965597,0,1.00822
1576,1.26747,3.61219,0.369032,0.562178,0.142446,0,0.579944,-0.0199066,-0.000459053,0,0.0199118,1.3918,0.874562,1.0981,0.443544,0.112386,0,0.457561
1577,1.24782,3.5605,0.390343,0.602397,0.026413,0,0.602976,-0.025102,-0.0107989,0,0.0273263,1.36593,0.816801,1.09465,0.482759,0.0211673,0,0.483223
1578,1.16151,3.35203,0.557071,0.787717,0.0449368,0,0.788998,1.00089,-0.00206619,0,1.00089,1.23362,0.521477,1.06209,0.678186,0.0386884,0,0.679289
1579,1.21936,3.49369,0.456603,0.682365,-0.065721,0,0.685522,-0.0294472,-0.0294781,0,0.0416665,1.3204,0.715168,1.08286,0.559607,-0.0538977,0,0.562196
1580,1.20792,3.46591,0.478049,0.70306,-0.0962641,0,0.70962,-0.0281697,-0.0368565,0,0.046389,1.30299,0.67631,1.0787,0.582043,-0.0796942,0,0.587473
1581,1.19554,3.43582,0.500606,0.723744,-0.121928,0,0.733943,-0.0261644,-0.0442462,0,0.0514033,1.28422,0.63441,1.07417,0.605368,-0.101986,0,0.613899
1582,0.891994,2.66908,0.949266,0.978215,-0.0494353,0,0.979463,0.538564,0.222329,0,0.582651,0.852531,-0.329171,0.955759,1.09666,-0.0554211,0,1.09806
1583,1.08344,3.15847,0.678907,0.883307,-0.0454822,0,0.884477,0.979571,0.0694342,0,0.982029,1.11898,0.26557,1.0328,0.815281,-0.0419795,0,0.816361
1584,1.15244,3.32989,0.572525,0.759401,0.261732,0,0.80324,-0.0255106,0.034325,0,0.0427668,1.21998,0.491036,1.05861,0.65895,0.227111,0,0.696989
1585,1.01216,2.97894,0.782709,0.933267,0.109452,0,0.939663,0.913635,-0.128164,0,0.922581,1.0171,0.0381776,1.00488,0.922053,0.108137,0,0.928372
1586,1.02147,3.00265,0.769823,0.927745,0.110933,0,0.934354,0.932358,-0.11647,0,0.939605,1.03012,0.0672418,1.00848,0.90825,0.108602,0,0.914719
1587,1.03862,3.04627,0.746008,0.916722,0.112852,0,0.923642,0.959777,-0.0958127,0,0.964548,1.05423,0.12105,1.01503,0.882634,0.108656,0,0.889297
1588,1.04704,3.06746,0.733684,0.910262,0.113011,0,0.917251,0.970021,-0.0864138,0,0.973863,1.06627,0.14793,1.01837,0.86937,0.107934,0,0.876044
1589,1.06125,3.10322,0.712964,0.899075,0.111018,0,0.905903,0.983579,-0.0719098,0,0.986204,1.08663,0.19337,1.02391,0.847183,0.10461,0,0.853617
1590,1.06825,3.12073,0.702509,0.893067,0.109153,0,0.899713,0.98898,-0.0649421,0,0.99111,1.09674,0.215936,1.02667,0.836011,0.10218,0,0.842232
1591,0.988969,2.91968,0.814834,0.945764,0.104086,0,0.951475,0.856754,-0.157561,0,0.871121,0.984793,-0.0339443,0.995777,0.956313,0.105247,0,0.962087
1592,0.980758,2.89862,0.826106,0.949623,0.10185,0,0.955069,0.835298,-0.167158,0,0.851859,0.973437,-0.0592913,0.992536,0.968254,0.103848,0,0.973807
1593,0.92605,2.75794,0.902986,0.966803,-0.121325,0,0.974386,0.0943957,-0.167929,0,0.192642,0.898127,-0.227395,0.969848,1.04401,-0.131013,0,1.0522
1594,0.906706,2.70768,0.929711,0.972282,-0.107055,0,0.978158,0.111937,-0.175565,0,0.208214,0.872022,-0.285665,0.961748,1.07232,-0.11807,0,1.0788
1595,1.06566,3.11505,0.709148,0.885709,-0.187052,0,0.905246,0.0102978,-0.107668,0,0.10816,1.09222,0.205854,1.02492,0.831134,-0.175527,0,0.849467
1596,1.0394,3.048,0.744023,0.903903,-0.182408,0,0.922124,0.0208447,-0.118154,0,0.119979,1.05559,0.124075,1.01557,0.869636,-0.175493,0,0.887167
1597,0.857365,2.57816,0.996985,0.98086,0.0204991,0,0.981074,0.343826,-0.229764,0,0.413531,0.806738,-0.431388,0.94095,1.14404,0.0239094,0,1.14429
1598,0.884321,2.64886,0.959311,0.979393,0.0254274,0,0.979723,0.375253,-0.232213,0,0.441291,0.842461,-0.351649,0.952664,1.10751,0.0287536,0,1.10788
1599,0.869684,2.61101,0.981547,0.979644,-0.0717322,0,0.982267,0.157832,-0.193628,0,0.249805,0.822521,-0.396158,0.94577,1.12644,-0.0824807,0,1.12945
1600,1.09499,3.18662,0.659037,0.869311,-0.0311366,0,0.869869,0.998479,0.0431317,0,0.99941,1.13644,0.304559,1.03785,0.793896,-0.0284354,0,0.794405
1601,0.861919,2.59015,0.990663,0.980187,-0.0413844,0,0.98106,0.507687,0.223476,0,0.554696,0.812727,-0.41802,0.942927,1.13721,-0.0480142,0,1.13823
1602,0.835252,2.52015,1.02927,0.980973,-0.0281131,0,0.981376,0.476507,0.223546,0,0.526338,0.777447,-0.49677,0.930793,1.17446,-0.0336583,0,1.17495
1603,1.06055,3.10151,0.714175,0.904015,-0.0697066,0,0.906698,0.928944,0.109707,0,0.9354,1.08557,0.191004,1.02359,0.852402,-0.0657269,0,0.854933
1604,1.04269,3.05643,0.739693,0.916786,-0.079105,0,0.920192,0.889593,0.132359,0,0.899385,1.06016,0.134275,1.01675,0.879247,-0.0758659,0,0.882514
1605,1.03377,3.03378,0.752108,0.922461,-0.0818733,0,0.926088,0.870009,0.142439,0,0.881592,1.04759,0.106223,1.01336,0.892324,-0.0791985,0,0.895832
1606,1.02524,3.01212,0.764087,0.927779,-0.0837887,0,0.931555,0.850606,0.151411,0,0.863977,1.03556,0.0793805,1.01007,0.904937,-0.0817258,0,0.908619
1607,1.01611,2.9889,0.776829,0.933137,-0.0851255,0,0.937011,0.830597,0.159645,0,0.8458,1.02275,0.0507744,1.00653,0.918338,-0.0837755,0,0.922151
1608,1.0054,2.96158,0.791759,0.939076,-0.085673,0,0.942976,0.807171,0.16845,0,0.824561,1.00775,0.0172893,1.00234,0.934037,-0.0852133,0,0.937916
1609,0.993186,2.93042,0.808814,0.945472,-0.0850754,0,0.949292,0.78019,0.177692,0,0.80017,0.990702,-0.0207545,0.997499,0.951958,-0.0856591,0,0.955804
1610,0.980221,2.89728,0.826991,0.951821,-0.0831408,0,0.955445,0.751018,0.18663,0,0.77386,0.972654,-0.0610402,0.99228,0.971027,-0.0848184,0,0.974725
1611,0.96678,2.86282,0.845752,0.95774,-0.0799752,0,0.961073,0.720654,0.194792,0,0.746516,0.954049,-0.102568,0.986832,0.990649,-0.0827232,0,0.994097
1612,0.95227,2.82545,0.865762,0.963183,-0.0757314,0,0.966156,0.68921,0.202092,0,0.718229,0.934133,-0.147025,0.980954,1.01146,-0.0795272,0,1.01458
1613,0.9374,2.78706,0.886338,0.968107,-0.0699836,0,0.970634,0.656871,0.208452,0,0.689153,0.913816,-0.192375,0.974841,1.03276,-0.0746571,0,1.03545
1614,0.925781,2.75709,0.902816,0.971909,-0.0629537,0,0.973946,0.624985,0.213706,0,0.660513,0.897914,-0.227871,0.969899,1.04983,-0.0680006,0,1.05203
1615,0.786564,2.39062,1.0985,0.973563,0.0440938,0,0.974561,0.232993,0.198389,0,0.306013,0.714752,-0.636715,0.908701,1.23774,0.0560588,0,1.23901
1616,0.791662,2.40437,1.09164,0.972919,0.076668,0,0.975935,0.151651,0.174038,0,0.23084,0.721129,-0.62248,0.910905,1.22896,0.0968443,0,1.23277
1617,0.800361,2.42774,1.07976,0.973765,0.0904876,0,0.97796,0.130943,0.165963,0,0.211399,0.732103,-0.597984,0.914716,1.21666,0.113059,0,1.2219
1618,0.785706,2.38831,1.09968,0.972877,0.053387,0,0.974341,0.202927,0.190897,0,0.278605,0.713673,-0.639122,0.908321,1.23822,0.0679478,0,1.24008
1619,0.787164,2.39226,1.09777,0.972669,0.0641854,0,0.974784,0.176418,0.183096,0,0.254258,0.71548,-0.635088,0.908935,1.23566,0.0815401,0,1.23835
1620,0.813235,2.46222,1.06216,0.974762,0.105898,0,0.980498,0.110861,0.158316,0,0.193272,0.748454,-0.561486,0.920342,1.19862,0.130218,0,1.20568
1621,0.956446,2.83672,0.861791,0.937909,0.233418,0,0.966518,0.0160684,0.0987737,0,0.100072,0.93935,-0.135379,0.982126,0.980619,0.244048,0,1.01053
1622,0.972446,2.87732,0.837689,0.953528,0.0987677,0,0.958629,0.810999,-0.176779,0,0.830042,0.961926,-0.0849875,0.989181,0.980545,0.101566,0,0.985791
1623,0.99625,2.93833,0.804818,0.942129,0.105842,0,0.948056,0.874852,-0.148948,0,0.887441,0.994892,-0.0114015,0.998637,0.945676,0.106241,0,0.951625
1624,1.00362,2.95718,0.794641,0.938211,0.107569,0,0.944357,0.893587,-0.139447,0,0.904402,1.00515,0.0115006,1.00152,0.934824,0.10718,0,0.940949
1625,0.890532,2.6654,0.951796,0.979453,0.0346312,0,0.980065,0.460966,-0.234182,0,0.517041,0.850441,-0.333837,0.954981,1.09985,0.0388882,0,1.10054
1626,0.8907,2.66578,0.951346,0.97904,0.0400034,0,0.979857,0.486377,-0.233935,0,0.539711,0.850725,-0.333203,0.955119,1.09918,0.0449123,0,1.1001
1627,0.976511,2.88804,0.833099,0.925496,0.247449,0,0.958005,0.00894305,0.0913348,0,0.0917716,0.967247,-0.0731093,0.990513,0.947758,0.253401,0,0.981049
1628,0.997096,2.94089,0.805064,0.913681,0.256931,0,0.949119,0.00300338,0.085066,0,0.085119,0.995668,-0.00966963,0.998567,0.916341,0.257679,0,0.951882
1629,1.02022,2.9998,0.772662,0.897526,0.266631,0,0.936293,-0.00313551,0.0773591,0,0.0774226,1.02807,0.0626486,1.00769,0.879735,0.261346,0,0.917734
1630,1.04302,3.05728,0.739369,0.877942,0.275364,0,0.920113,-0.00856404,0.0695567,0,0.0700819,1.06057,0.135209,1.01683,0.841734,0.264007,0,0.882165
1631,1.06542,3.11357,0.706447,0.857335,0.280018,0,0.901905,-0.0130595,0.0623771,0,0.0637295,1.09273,0.206991,1.02564,0.804692,0.262824,0,0.846526
1632,0.828258,2.50221,1.04132,0.975076,0.120839,0,0.982535,0.0950069,0.151692,0,0.178988,0.767774,-0.518362,0.926975,1.17726,0.145895,0,1.18627
1633,0.843163,2.54185,1.02112,0.974896,0.134926,0,0.984189,0.0813749,0.144594,0,0.16592,0.786979,-0.475492,0.933366,1.15624,0.160024,0,1.16726
1634,0.850342,2.56078,1.011,0.972977,0.149557,0,0.984404,0.0701524,0.137876,0,0.154697,0.796391,-0.454484,0.936554,1.14422,0.175879,0,1.15766
1635,0.865679,2.60065,0.987711,0.969059,0.164272,0,0.982883,0.0597307,0.131479,0,0.144411,0.81707,-0.408327,0.943849,1.11942,0.18976,0,1.13539
1636,0.882183,2.64371,0.963903,0.964937,0.178464,0,0.981302,0.0498112,0.125121,0,0.134671,0.839173,-0.358989,0.951245,1.09381,0.202298,0,1.11236
1637,0.903269,2.6989,0.935114,0.959984,0.193401,0,0.979272,0.0390379,0.117474,0,0.123791,0.867227,-0.296368,0.960098,1.06279,0.214113,0,1.08414
1638,0.820179,2.48033,1.05103,0.980278,-0.0145167,0,0.980386,0.444403,0.223064,0,0.497244,0.757756,-0.540724,0.923891,1.1952,-0.0176994,0,1.19533
1639,0.812567,2.46009,1.06175,0.979379,-0.00194681,0,0.979381,0.410169,0.221863,0,0.466328,0.747947,-0.562619,0.920474,1.20529,-0.00239588,0,1.20529
1640,0.807302,2.44606,1.06918,0.978546,0.00804305,0,0.978579,0.378536,0.21991,0,0.437779,0.741186,-0.577709,0.918103,1.21212,0.00996288,0,1.21216
1641,1.07953,3.14882,0.685196,0.887307,-0.0506732,0,0.888753,0.971219,0.077476,0,0.974304,1.11319,0.252657,1.03118,0.821939,-0.0469401,0,0.823278
1642,1.07461,3.13672,0.693256,0.892399,-0.0567564,0,0.894202,0.959967,0.0873428,0,0.963933,1.10587,0.23632,1.02909,0.830439,-0.0528158,0,0.832117
1643,0.905564,2.7046,0.930922,0.976275,0.0582436,0,0.978011,0.574526,-0.229235,0,0.61857,0.87059,-0.288862,0.961378,1.07808,0.0643174,0,1.08
1644,0.912829,2.72348,0.920774,0.9745,0.0651453,0,0.976675,0.608862,-0.225286,0,0.649204,0.880394,-0.266978,0.964468,1.06756,0.0713663,0,1.06994
1645,0.92109,2.74492,0.90927,0.97232,0.0716758,0,0.974958,0.642369,-0.220243,0,0.679077,0.891571,-0.242028,0.967952,1.05562,0.0778163,0,1.05848
1646,0.852659,2.56622,1.00527,0.980997,-0.0532178,0,0.98244,0.186277,-0.202567,0,0.275196,0.800095,-0.446217,0.938353,1.15052,-0.062414,0,1.15221
1647,0.838454,2.52873,1.02518,0.981254,-0.0358222,0,0.981907,0.216413,-0.210336,0,0.301787,0.781511,-0.4877,0.932085,1.17031,-0.0427241,0,1.17109
1648,0.828295,2.50184,1.03948,0.980942,-0.0200933,0,0.981148,0.247544,-0.216605,0,0.328931,0.768293,-0.517203,0.92756,1.18429,-0.0242587,0,1.18454
1649,0.82474,2.49244,1.04461,0.980885,-0.00538749,0,0.9809,0.278509,-0.221648,0,0.355943,0.763652,-0.527562,0.92593,1.18933,-0.00653235,0,1.18934
1650,0.833308,2.51505,1.03216,0.981323,0.00904409,0,0.981365,0.310705,-0.226194,0,0.384319,0.774874,-0.502514,0.929877,1.17762,0.0108532,0,1.17767
1651,1.17859,3.39459,0.53093,0.738366,0.200425,0,0.765085,-0.0345554,0.024739,0,0.0424982,1.2585,0.577018,1.06781,0.626484,0.170056,0,0.649154
1652,1.15502,3.33499,0.563499,0.790339,0.0662441,0,0.79311,1.00048,-0.00433873,0,1.00049,1.22507,0.502399,1.06065,0.684262,0.057353,0,0.686662
1653,1.09974,3.19834,0.651422,0.864059,-0.0219499,0,0.864338,1.00611,0.0337667,0,1.00667,1.14347,0.320244,1.03976,0.785694,-0.0199591,0,0.785947
1654,1.18074,3.39962,0.526246,0.752797,-0.104958,0,0.760079,-0.032872,-0.0505807,0,0.0603239,1.26199,0.5848,1.06881,0.637562,-0.088891,0,0.643729
1655,1.11891,3.24584,0.62139,0.841559,-0.0216295,0,0.841837,1.00352,0.0141197,0,1.00362,1.17166,0.383173,1.04714,0.752121,-0.0193308,0,0.752369
1656,1.08832,3.17042,0.670704,0.878085,-0.0306828,0,0.878621,0.999945,0.0580182,0,1.00163,1.1263,0.28193,1.0349,0.806824,-0.0281928,0,0.807316
1657,0.81301,2.46135,1.06146,0.979628,0.0112897,0,0.979693,0.362924,0.251545,0,0.441575,0.748432,-0.561537,0.920568,1.20494,0.0138863,0,1.20502
1658,0.988708,2.9189,0.81479,0.946011,0.0989971,0,0.951177,0.856969,-0.186418,0,0.877011,0.984545,-0.0344976,0.99579,0.956816,0.100128,0,0.962041
1659,1.12654,3.26598,0.614066,0.82402,-0.154014,0,0.83829,-0.0205007,-0.0851853,0,0.0876175,1.18163,0.405431,1.0489,0.73146,-0.136714,0,0.744127
1660,1.15487,3.33438,0.562939,0.792178,-0.0115074,0,0.792261,1.00125,0.00174815,0,1.00125,1.22505,0.502349,1.06078,0.685948,-0.00996432,0,0.686021
1661,1.06904,3.12284,0.701801,0.897979,-0.0531833,0,0.899553,0.962933,0.106198,0,0.968772,1.09775,0.218192,1.02686,0.839987,-0.0497487,0,0.841459
1662,1.14533,3.31097,0.578725,0.805755,-0.0320147,0,0.80639,1.00032,0.00431604,0,1.00033,1.21084,0.470619,1.05719,0.703511,-0.0279523,0,0.704066
1663,1.24637,3.56084,0.411516,0.616493,0.14753,0,0.6339,-0.0243901,0.00345436,0,0.0246335,1.35986,0.803251,1.09105,0.494631,0.118368,0,0.508597
1664,1.13427,3.28391,0.597362,0.819527,0.0714292,0,0.822634,1.00316,-0.0100786,0,1.00321,1.19424,0.433569,1.05287,0.722512,0.0629734,0,0.725251
1665,1.156,3.33766,0.562971,0.790864,0.0592484,0,0.79308,1.00098,-0.00397765,0,1.00099,1.22624,0.505009,1.06077,0.68414,0.0512531,0,0.686057
1666,0.980618,2.89822,0.826153,0.950076,0.096654,0,0.95498,0.833549,-0.197731,0,0.856681,0.973285,-0.0596313,0.992522,0.968855,0.0985644,0,0.973856
1667,1.20957,3.47044,0.4772,0.683638,0.189369,0,0.709382,-0.0296122,0.0134153,0,0.0325092,1.30497,0.680738,1.07887,0.565191,0.156559,0,0.586474
1668,1.15981,3.34739,0.558068,0.787698,0.0482192,0,0.789172,1.00107,-0.00261953,0,1.00108,1.23156,0.516874,1.06187,0.679163,0.0415752,0,0.680434
1669,1.13683,3.29027,0.593446,0.819069,-0.0246525,0,0.81944,1.00174,0.00623969,0,1.00176,1.19797,0.441908,1.05378,0.720484,-0.0216853,0,0.72081
1670,1.16933,3.37173,0.545976,0.769876,-0.121407,0,0.77939,-0.0305797,-0.058278,0,0.0658137,1.2448,0.54642,1.06454,0.658393,-0.103827,0,0.666529
1671,0.97281,2.87827,0.837265,0.953954,0.0938689,0,0.958561,0.808991,-0.208195,0,0.835351,0.962405,-0.0839182,0.989304,0.980618,0.0964926,0,0.985354
1672,0.897777,2.68462,0.942875,0.979671,0.0316224,0,0.980181,0.4463,-0.268479,0,0.520831,0.85982,-0.312901,0.957722,1.09122,0.035223,0,1.09179
1673,1.05936,3.09855,0.71608,0.902123,0.101989,0,0.90787,0.989778,-0.0839096,0,0.993328,1.08381,0.18708,1.02309,0.851577,0.0962747,0,0.857002
1674,0.898489,2.6865,0.941968,0.976611,-0.083292,0,0.980157,0.135789,-0.212551,0,0.252223,0.860752,-0.310821,0.958,1.08695,-0.0927023,0,1.09089
1675,0.89927,2.68851,0.940779,0.979571,0.0275024,0,0.979957,0.416471,-0.267933,0,0.495214,0.861828,-0.308419,0.958365,1.0893,0.0305831,0,1.08972
1676,1.08528,3.16303,0.675991,0.881849,-0.0337682,0,0.882495,0.995906,0.0659395,0,0.998086,1.12169,0.27163,1.03355,0.812553,-0.0311147,0,0.813149
1677,1.06226,3.10574,0.71143,0.903051,-0.0592704,0,0.904994,0.947503,0.119764,0,0.955042,1.0881,0.196642,1.02432,0.850121,-0.0557964,0,0.85195
1678,0.907128,2.70883,0.92934,0.977025,-0.0495349,0,0.97828,0.555515,0.255365,0,0.611399,0.872531,-0.284529,0.961861,1.07705,-0.0546062,0,1.07844
1679,0.79505,2.4134,1.08669,0.975657,0.0409263,0,0.976515,0.243201,0.231084,0,0.33548,0.725479,-0.612769,0.912496,1.22716,0.0514764,0,1.22824
1680,1.02883,3.02122,0.758983,0.923259,0.105082,0,0.92922,0.950618,-0.126467,0,0.958994,1.04064,0.0907105,1.01147,0.897385,0.102137,0,0.903178
1681,1.08929,3.17353,0.67177,0.843829,0.252095,0,0.880681,-0.0235295,0.0629215,0,0.067177,1.12701,0.283495,1.03463,0.774662,0.231431,0,0.808493
1682,0.795457,2.41449,1.08612,0.97529,0.0505581,0,0.9766,0.211702,0.222959,0,0.307455,0.725996,-0.611615,0.912679,1.22608,0.0635586,0,1.22772
1683,0.919578,2.74125,0.912295,0.974698,-0.0529412,0,0.976135,0.585022,0.252946,0,0.637364,0.889267,-0.247173,0.967038,1.05994,-0.0575711,0,1.0615
1684,1.14694,3.3148,0.575625,0.803032,-0.02634,0,0.803464,1.00083,0.00397915,0,1.00084,1.21335,0.476223,1.0579,0.700153,-0.0229655,0,0.700529
1685,1.12618,3.2636,0.609095,0.831414,-0.0221353,0,0.831709,1.0027,0.0100902,0,1.00275,1.18259,0.407575,1.05009,0.738259,-0.0196552,0,0.738521
1686,1.14519,3.31099,0.580353,0.805711,0.0660732,0,0.808416,1.002,-0.00622702,0,1.00202,1.21026,0.469331,1.05682,0.70356,0.0576961,0,0.705922
1687,1.12559,3.26273,0.612285,0.831777,0.0768469,0,0.835319,1.00422,-0.0141198,0,1.00432,1.18111,0.404266,1.04933,0.738972,0.0682728,0,0.742119
1688,1.11156,3.22782,0.633682,0.847363,0.0851118,0,0.851626,1.00504,-0.023298,0,1.00531,1.16063,0.358557,1.04415,0.76232,0.0765698,0,0.766156
1689,1.15302,3.33002,0.566655,0.795681,-0.0187769,0,0.795902,1.00098,0.00263995,0,1.00098,1.22213,0.495826,1.05994,0.690084,-0.016285,0,0.690277
1690,1.12246,3.25428,0.614615,0.835584,-0.0245236,0,0.835944,1.00224,0.0119037,0,1.00231,1.1772,0.395536,1.04877,0.744425,-0.0218482,0,0.744746
1691,1.15918,3.34773,0.56641,0.799819,-0.00355771,0,0.799827,1.00119,0.00123475,0,1.00119,1.22872,0.510532,1.05999,0.68999,-0.00306917,0,0.689996
1692,1.13859,3.29467,0.59089,0.81487,0.0642832,0,0.817401,1.00338,-0.00766699,0,1.00341,1.2005,0.447551,1.05438,0.715685,0.0564587,0,0.717909
1693,1.15958,3.34699,0.559054,0.789338,0.0396115,0,0.790331,1.00131,-0.00171187,0,1.00131,1.23106,0.515769,1.06165,0.680709,0.0341602,0,0.681566
1694,1.14145,3.30307,0.591351,0.807042,-0.145495,0,0.820052,-0.0246212,-0.0760886,0,0.079973,1.2034,0.454008,1.05427,0.707034,-0.127466,0,0.718432
1695,1.15034,3.30708,0.505589,0.712849,-0.00654143,0,0.712879,1.00148,0.000575687,0,1.00148,1.23448,0.523384,1.07314,0.619687,-0.00568654,0,0.619714
1696,1.15153,3.31038,0.504994,0.712116,0.0317228,0,0.712822,1.0015,-0.00052727,0,1.0015,1.2359,0.526571,1.07327,0.618406,0.0275482,0,0.619019
1697,1.12294,3.20782,0.409495,0.568315,0.0104247,0,0.568411,1.00189,3.15545e-05,0,1.00189,1.22558,0.503534,1.0914,0.506095,0.00928336,0,0.506181
1698,1.16301,3.35859,0.565534,0.800725,0.030542,0,0.801308,1.00123,-0.00119791,0,1.00124,1.23302,0.520125,1.06019,0.688493,0.0262611,0,0.688993
1699,1.05445,3.086,0.722425,0.908604,-0.0649577,0,0.910923,0.929447,0.133484,0,0.938983,1.07701,0.171907,1.02139,0.861681,-0.0616032,0,0.863881
1700,0.806792,2.44482,1.07035,0.978656,0.0186393,0,0.978833,0.334799,0.24818,0,0.416754,0.740415,-0.57943,0.917728,1.21302,0.023103,0,1.21324
1701,1.10785,3.21956,0.64282,0.822907,0.250194,0,0.8601,-0.0266078,0.0547728,0,0.0608936,1.15427,0.344361,1.0419,0.742794,0.225837,0,0.776367
1702,1.12531,3.2627,0.615157,0.80251,0.243904,0,0.838756,-0.0293347,0.0476046,0,0.0559171,1.18005,0.401891,1.04864,0.713146,0.216744,0,0.745356
1703,0.902679,2.69733,0.935817,0.978088,0.047866,0,0.979259,0.528562,-0.267229,0,0.592274,0.866467,-0.298065,0.959883,1.08354,0.0530266,0,1.08484
1704,1.10497,3.21105,0.642397,0.857066,-0.0215638,0,0.857337,1.00483,0.0263506,0,1.00518,1.15138,0.337904,1.04201,0.775649,-0.0195154,0,0.775894
1705,1.10817,3.21897,0.637337,0.853245,-0.0231058,0,0.853558,1.0038,0.0231836,0,1.00407,1.1561,0.348437,1.04325,0.769961,-0.0208504,0,0.770243
1706,1.13037,3.27409,0.602949,0.823369,0.0768924,0,0.826952,1.0028,-0.0119406,0,1.00287,1.18864,0.421072,1.05155,0.728407,0.0680241,0,0.731576
1707,1.13122,3.27624,0.601785,0.825877,-0.0185266,0,0.826084,1.00304,0.0077233,0,1.00307,1.18985,0.423762,1.05182,0.730076,-0.0163775,0,0.73026
1708,1.1562,3.3396,0.5682,0.788752,-0.134506,0,0.800139,-0.0279801,-0.0670398,0,0.0726444,1.22509,0.502442,1.05959,0.682196,-0.116334,0,0.692044
1709,1.07807,3.14526,0.687693,0.885429,0.0949685,0,0.890507,1.00323,-0.0588746,0,1.00496,1.11099,0.247746,1.03053,0.821308,0.0880911,0,0.826019
1710,1.08428,3.16047,0.677285,0.878431,0.0919226,0,0.883228,1.00608,-0.0505041,0,1.00735,1.1203,0.268517,1.03322,0.810152,0.0847776,0,0.814576
1711,1.11078,3.22725,0.639797,0.843631,-0.159774,0,0.858627,-0.0154051,-0.0948846,0,0.096127,1.15816,0.353027,1.04265,0.759492,-0.143839,0,0.772992
1712,1.08856,3.17194,0.67367,0.86684,-0.164859,0,0.882377,-0.00672727,-0.108166,0,0.108375,1.12573,0.280642,1.03414,0.796317,-0.151447,0,0.81059
1713,1.0397,3.04866,0.743302,0.907218,-0.162054,0,0.921578,0.0162925,-0.135741,0,0.136716,1.05609,0.125193,1.01577,0.872581,-0.155866,0,0.886393
1714,0.801287,2.43012,1.07808,0.977516,0.0257633,0,0.977856,0.305392,0.243537,0,0.390608,0.733381,-0.595131,0.915254,1.21993,0.0321524,0,1.22036
1715,0.79716,2.41905,1.08374,0.976396,0.0330784,0,0.976956,0.274287,0.23759,0,0.362881,0.728158,-0.606789,0.913441,1.22484,0.0414953,0,1.22555
1716,0.939819,2.7935,0.883638,0.967382,0.0786519,0,0.970574,0.698372,-0.242775,0,0.739367,0.916932,-0.18542,0.975647,1.02933,0.0836883,0,1.03272
1717,1.09054,3.17604,0.667635,0.872308,0.0878156,0,0.876717,1.00695,-0.0425684,0,1.00785,1.12945,0.288961,1.03568,0.799883,0.0805245,0,0.803926
1718,1.01656,2.99024,0.776873,0.924641,-0.154586,0,0.937474,0.0304083,-0.148348,0,0.151433,1.02319,0.0517577,1.00651,0.909574,-0.152067,0,0.922198
1719,0.993549,2.9315,0.808825,0.938462,-0.145334,0,0.949649,0.0459789,-0.161386,0,0.167808,0.99106,-0.0199544,0.997496,0.944556,-0.146278,0,0.955815
1720,0.97399,2.88143,0.83606,0.948749,-0.136464,0,0.958513,0.0596878,-0.172177,0,0.182229,0.963914,-0.0805492,0.989654,0.974084,-0.140108,0,0.984109
1721,1.2324,3.5244,0.427388,0.65002,0.0122763,0,0.650136,-0.0307006,-0.0146333,0,0.0340097,1.34117,0.761529,1.08825,0.527441,0.00996127,0,0.527535
1722,1.09825,3.19493,0.654815,0.863107,0.0852714,0,0.867309,1.00799,-0.0338802,0,1.00856,1.14099,0.314704,1.03891,0.785893,0.0776429,0,0.789719
1723,1.10636,3.21478,0.641264,0.852903,0.0838632,0,0.857016,1.00627,-0.026442,0,1.00661,1.15314,0.341827,1.04229,0.770912,0.0758013,0,0.77463
1724,0.94866,2.81627,0.871207,0.964133,0.0835896,0,0.96775,0.730183,-0.234544,0,0.766928,0.929064,-0.15834,0.979343,1.01631,0.0881133,0,1.02012
1725,0.957236,2.83833,0.859177,0.960767,0.0876868,0,0.96476,0.759073,-0.225984,0,0.791998,0.940863,-0.132001,0.982896,1.00369,0.0916041,0,1.00786
1726,0.965214,2.85882,0.847986,0.957419,0.0909871,0,0.961732,0.784821,-0.217339,0,0.814359,0.951874,-0.107425,0.986179,0.991924,0.0942663,0,0.996393
1727,1.25403,3.57875,0.392872,0.604377,0.0810495,0,0.609787,-0.0252081,-0.00526082,0,0.0257512,1.3722,0.830799,1.09423,0.481947,0.0646311,0,0.486261
1728,1.21144,3.47446,0.471569,0.701829,-0.0295961,0,0.702453,-0.0365174,-0.0262592,0,0.0449785,1.30832,0.688218,1.07997,0.579336,-0.0244306,0,0.579851
1729,1.20205,3.45152,0.488362,0.718259,-0.0594541,0,0.720716,-0.0359344,-0.0344347,0,0.0497698,1.29418,0.656661,1.07665,0.597531,-0.0494608,0,0.599574
1730,1.19202,3.42733,0.507217,0.736192,-0.0840584,0,0.740975,-0.0346902,-0.0426155,0,0.0549499,1.27881,0.622347,1.07281,0.617599,-0.0705174,0,0.621611
1731,1.08239,3.15599,0.680983,0.885295,-0.0376765,0,0.886096,0.991114,0.0738508,0,0.993862,1.11732,0.26187,1.03227,0.817906,-0.0348085,0,0.818647
1732,1.14325,3.30714,0.58704,0.781645,0.233401,0,0.815748,-0.0316304,0.0401634,0,0.0511232,1.20644,0.460812,1.05527,0.683704,0.204155,0,0.713534
1733,1.16086,3.35054,0.558501,0.759364,0.219557,0,0.790467,-0.0334004,0.0324799,0,0.046589,1.23257,0.519123,1.06177,0.654138,0.189133,0,0.680931
1734,1.01985,2.99833,0.771362,0.928674,0.104559,0,0.934542,0.933873,-0.139668,0,0.94426,1.02806,0.0626275,1.00805,0.910601,0.102524,0,0.916354
1735,1.03733,3.04284,0.747306,0.917932,0.105146,0,0.923935,0.96422,-0.114105,0,0.970948,1.05255,0.117296,1.01468,0.884902,0.101362,0,0.890689
1736,1.0455,3.06358,0.735891,0.912397,0.104771,0,0.918393,0.975246,-0.102483,0,0.980616,1.06409,0.14305,1.01778,0.872688,0.100211,0,0.878422
1737,1.05305,3.08269,0.725288,0.907071,0.10361,0,0.91297,0.983668,-0.0922934,0,0.987988,1.07477,0.166899,1.02063,0.861377,0.0983909,0,0.866978
1738,1.06559,3.11422,0.706926,0.897032,0.100182,0,0.902609,0.995237,-0.0754713,0,0.998095,1.09278,0.207091,1.02551,0.841814,0.0940147,0,0.847047
1739,1.07182,3.12975,0.697485,0.891548,0.0972599,0,0.896837,0.999625,-0.0671655,0,1.00188,1.10182,0.227267,1.02799,0.831809,0.0907429,0,0.836744
1740,0.955493,2.83412,0.862588,0.95831,-0.124259,0,0.966333,0.0757741,-0.182922,0,0.197995,0.93819,-0.137969,0.981891,1.00295,-0.130047,0,1.01134
1741,0.935926,2.78362,0.889695,0.965759,-0.112393,0,0.972277,0.0935611,-0.192617,0,0.214137,0.91144,-0.197678,0.973838,1.03187,-0.120087,0,1.03884
1742,0.917121,2.73489,0.915758,0.97162,-0.0994061,0,0.976691,0.112361,-0.20171,0,0.230893,0.885929,-0.254623,0.965989,1.05942,-0.108389,0,1.06495
1743,1.0634,3.10854,0.709562,0.888686,-0.164601,0,0.903801,0.00485385,-0.123249,0,0.123344,1.08979,0.200413,1.02481,0.835704,-0.154788,0,0.849918
1744,0.874248,2.62278,0.974439,0.981163,0.0222537,0,0.981415,0.357063,-0.264034,0,0.444081,0.828769,-0.382211,0.94798,1.12229,0.0254547,0,1.12258
1745,0.893002,2.67203,0.948998,0.979995,0.0258213,0,0.980335,0.387578,-0.26653,0,0.470378,0.853568,-0.326857,0.955842,1.09742,0.0289152,0,1.0978
1746,1.09507,3.18695,0.659437,0.870084,-0.0239578,0,0.870414,1.00454,0.0422548,0,1.00543,1.13641,0.304488,1.03775,0.794547,-0.0218778,0,0.794849
1747,1.09152,3.17814,0.664961,0.873843,-0.0273661,0,0.874272,1.00324,0.0499698,0,1.00448,1.1312,0.292867,1.03636,0.800575,-0.0250716,0,0.800968
1748,0.885337,2.65183,0.959037,0.979613,-0.0442344,0,0.980612,0.524977,0.256931,0,0.584478,0.843504,-0.349322,0.952749,1.10649,-0.0499634,0,1.10761
1749,0.859141,2.5832,0.995849,0.981576,-0.0342115,0,0.982172,0.492877,0.257519,0,0.556097,0.808715,-0.426976,0.941306,1.14251,-0.0398205,0,1.1432
1750,1.04623,3.06518,0.734017,0.914277,-0.0695557,0,0.916919,0.909903,0.14678,0,0.921665,1.06536,0.145883,1.01828,0.873878,-0.0664822,0,0.876403
1751,1.03789,3.04403,0.745627,0.919677,-0.0730199,0,0.922571,0.890324,0.158982,0,0.904407,1.0536,0.119642,1.01513,0.8861,-0.0703539,0,0.888888
1752,1.02969,3.02324,0.757187,0.924945,-0.0755287,0,0.928024,0.870503,0.170203,0,0.886986,1.04202,0.0937908,1.01197,0.898271,-0.0733506,0,0.901261
1753,1.0214,3.0022,0.768921,0.930105,-0.0773491,0,0.933315,0.850258,0.180356,0,0.869177,1.03031,0.0676655,1.00873,0.910618,-0.0757285,0,0.913761
1754,1.01211,2.97856,0.781945,0.935498,-0.078597,0,0.938794,0.828134,0.190268,0,0.84971,1.01726,0.038537,1.0051,0.924308,-0.0776569,0,0.927565
1755,1.0014,2.95129,0.797004,0.941442,-0.0789805,0,0.94475,0.802515,0.200653,0,0.82722,1.00225,0.00503282,1.00086,0.940128,-0.0788703,0,0.943431
1756,0.989596,2.92119,0.813637,0.947619,-0.0782209,0,0.950842,0.773916,0.211076,0,0.802184,0.985756,-0.0317936,0.99612,0.957582,-0.0790432,0,0.960839
1757,0.977199,2.88951,0.831099,0.953614,-0.0762687,0,0.956659,0.74351,0.220842,0,0.775615,0.968495,-0.0703236,0.991093,0.975864,-0.0780482,0,0.978981
1758,0.964094,2.8559,0.849421,0.959244,-0.0732565,0,0.962037,0.711897,0.229644,0,0.74802,0.950365,-0.110793,0.985759,0.994969,-0.0759848,0,0.997866
1759,0.950223,2.82021,0.868733,0.964488,-0.0690029,0,0.966953,0.679247,0.237392,0,0.719536,0.93129,-0.15337,0.980075,1.01501,-0.0726176,0,1.01761
1760,0.937337,2.78702,0.886842,0.968975,-0.063369,0,0.971045,0.646403,0.243934,0,0.690899,0.913613,-0.192827,0.974691,1.03375,-0.0676053,0,1.03596
1761,0.927611,2.76197,0.900765,0.972267,-0.0574793,0,0.973965,0.614964,0.249128,0,0.66351,0.900262,-0.22263,0.970516,1.04814,-0.0619648,0,1.04997
1762,0.815025,2.46666,1.05842,0.975576,0.0911409,0,0.979824,0.132529,0.193304,0,0.234372,0.751076,-0.555633,0.921538,1.19699,0.111826,0,1.2022
1763,0.798797,2.4234,1.08134,0.975211,0.062363,0,0.977203,0.182436,0.21375,0,0.281019,0.73027,-0.602076,0.914212,1.22085,0.0780712,0,1.22334
1764,0.805238,2.44058,1.07216,0.975317,0.0762719,0,0.978295,0.155478,0.203433,0,0.256044,0.738523,-0.583654,0.917148,1.21122,0.0947196,0,1.21491
1765,0.828296,2.5019,1.03969,0.975639,0.10537,0,0.981313,0.112613,0.184195,0,0.215892,0.768239,-0.517324,0.927493,1.17789,0.127212,0,1.18474
1766,0.970865,2.87398,0.842426,0.937033,0.216907,0,0.961811,0.011225,0.114522,0,0.115071,0.959022,-0.091468,0.987802,0.965153,0.223416,0,0.990674
1767,0.996226,2.93814,0.804416,0.942262,0.100574,0,0.947614,0.876708,-0.1759,0,0.89418,0.994983,-0.0111989,0.998752,0.945831,0.100955,0,0.951204
1768,1.0032,2.95591,0.794588,0.938371,0.102017,0,0.943901,0.895065,-0.165394,0,0.910218,1.00474,0.0105828,1.00154,0.935381,0.101692,0,0.940892
1769,1.011,2.97578,0.783671,0.933897,0.103449,0,0.939609,0.914578,-0.153163,0,0.927314,1.01566,0.0349577,1.00461,0.923738,0.102324,0,0.929388
1770,0.895529,2.67873,0.945875,0.979663,0.0371268,0,0.980366,0.474296,-0.268519,0,0.545031,0.856844,-0.319545,0.956801,1.09395,0.041458,0,1.09473
1771,0.898354,2.68611,0.941981,0.979106,0.0423446,0,0.980022,0.499773,-0.268275,0,0.567225,0.86062,-0.311116,0.957996,1.08989,0.0471357,0,1.09091
1772,0.991793,2.92708,0.811537,0.922586,0.229825,0,0.950781,0.00233059,0.104537,0,0.104563,0.988541,-0.0255787,0.996721,0.93022,0.231726,0,0.958648
1773,1.00941,2.97187,0.786305,0.910426,0.2377,0,0.940944,-0.00348374,0.0968852,0,0.0969478,1.01332,0.0297414,1.00387,0.901935,0.235483,0,0.932169
1774,1.02956,3.02344,0.759266,0.897821,0.243242,0,0.930187,-0.00965943,0.0885804,0,0.0891055,1.04129,0.0921738,1.0114,0.872043,0.236258,0,0.90348
1775,1.04979,3.07447,0.729912,0.880853,0.24909,0,0.915394,-0.0151684,0.0796857,0,0.0811165,1.07015,0.156577,1.01939,0.839072,0.237275,0,0.871975
1776,1.06955,3.12415,0.701131,0.863202,0.251886,0,0.899202,-0.0197113,0.0712981,0,0.0739727,1.09846,0.219787,1.02703,0.807069,0.235506,0,0.840728
1777,0.844782,2.5455,1.01651,0.974912,0.120986,0,0.98239,0.0941035,0.176084,0,0.199652,0.789718,-0.469379,0.934819,1.15404,0.143215,0,1.16289
1778,0.862739,2.59285,0.991513,0.973214,0.136199,0,0.982698,0.078171,0.167333,0,0.184691,0.813271,-0.416806,0.942662,1.12805,0.157869,0,1.13904
1779,0.879355,2.63666,0.969129,0.970361,0.154737,0,0.982621,0.0605222,0.154129,0,0.165586,0.835059,-0.368172,0.949627,1.10349,0.175966,0,1.11743
1780,0.902662,2.69761,0.936998,0.964538,0.175037,0,0.980292,0.0451949,0.1431,0,0.150068,0.866124,-0.298831,0.959522,1.06855,0.193912,0,1.086
1781,0.922323,2.74859,0.909274,0.957931,0.188321,0,0.976267,0.0341698,0.13549,0,0.139733,0.892764,-0.239367,0.967951,1.03861,0.204182,0,1.05849
1782,0.945547,2.80876,0.87739,0.949106,0.202698,0,0.97051,0.0227264,0.125864,0,0.127899,0.92428,-0.169019,0.977508,1.00376,0.214372,0,1.0264
1783,0.838855,2.52986,1.02489,0.981913,-0.0215999,0,0.98215,0.460797,0.257176,0,0.527706,0.78196,-0.486697,0.932175,1.17054,-0.0257492,0,1.17082
1784,0.826969,2.49847,1.04189,0.981409,-0.00870766,0,0.981448,0.427102,0.256106,0,0.498002,0.766429,-0.521363,0.926794,1.18675,-0.0105296,0,1.1868
1785,0.819494,2.47862,1.05241,0.980622,0.00249828,0,0.980625,0.393293,0.254157,0,0.468269,0.756761,-0.542945,0.923449,1.19662,0.00304857,0,1.19662
1786,1.07893,3.14748,0.68661,0.888946,-0.04201,0,0.889938,0.984419,0.0828615,0,0.987901,1.11218,0.250405,1.03082,0.823911,-0.0389366,0,0.824831
1787,1.07461,3.13681,0.69355,0.893298,-0.0473331,0,0.894551,0.975274,0.0935929,0,0.979755,1.10579,0.236145,1.02901,0.831273,-0.0440466,0,0.832439
1788,0.908274,2.71187,0.927924,0.976751,0.0540165,0,0.978243,0.561181,-0.265006,0,0.620606,0.874026,-0.281193,0.962293,1.07539,0.0594716,0,1.07703
1789,0.914952,2.72918,0.918511,0.975005,0.0606462,0,0.976889,0.596078,-0.261455,0,0.650898,0.88307,-0.261004,0.965154,1.06563,0.0662834,0,1.06769
1790,0.922662,2.74916,0.907682,0.972844,0.0671282,0,0.975158,0.631104,-0.256371,0,0.681189,0.893535,-0.237645,0.968432,1.05439,0.0727549,0,1.0569
1791,0.93107,2.77091,0.895911,0.970306,0.0731251,0,0.973058,0.665134,-0.250118,0,0.710607,0.904977,-0.212104,0.971975,1.04214,0.0785388,0,1.0451
1792,0.879708,2.63745,0.968163,0.980001,-0.0655627,0,0.982192,0.163452,-0.223644,0,0.277008,0.835658,-0.366834,0.949927,1.11401,-0.0745278,0,1.1165
1793,0.862542,2.59242,0.992118,0.981804,-0.0479601,0,0.982975,0.193795,-0.233857,0,0.30372,0.812922,-0.417584,0.942472,1.13827,-0.0556032,0,1.13962
1794,0.848533,2.55554,1.01177,0.982442,-0.0310417,0,0.982933,0.225742,-0.242545,0,0.331342,0.794491,-0.458725,0.936312,1.15781,-0.0365828,0,1.15839
1795,0.839554,2.53184,1.02443,0.982476,-0.0154821,0,0.982598,0.257863,-0.249289,0,0.358662,0.782735,-0.484967,0.932323,1.17024,-0.0184409,0,1.17038
1796,0.839126,2.53063,1.02471,0.982323,-0.000449011,0,0.982323,0.290076,-0.255148,0,0.386322,0.78226,-0.486027,0.932233,1.17065,-0.000535094,0,1.17065
1797,0.851626,2.5634,1.00635,0.982036,0.0132648,0,0.982125,0.323789,-0.260221,0,0.415397,0.798837,-0.449025,0.938014,1.15313,0.0155759,0,1.15324
1798,1.13475,3.28499,0.596283,0.818982,0.0654054,0,0.821589,1.00397,-0.00891497,0,1.00401,1.19503,0.435326,1.05312,0.72173,0.0576386,0,0.724028
1799,1.1024,3.20556,0.649536,0.860336,0.0807585,0,0.864118,1.00951,-0.0306006,0,1.00998,1.14676,0.32758,1.04023,0.780419,0.0732568,0,0.78385
1800,1.08461,3.16135,0.676997,0.882739,-0.0269492,0,0.883151,1.00654,0.0663826,0,1.00873,1.12072,0.269455,1.03329,0.813878,-0.0248469,0,0.814258
1801,1.19203,3.42712,0.506309,0.718289,0.176756,0,0.739717,-0.035574,0.0173906,0,0.0395973,1.27904,0.622862,1.073,0.602576,0.148281,0,0.620553
1802,1.22459,3.50717,0.450171,0.66208,0.15127,0,0.679141,-0.0301792,0.00646724,0,0.0308644,1.32754,0.731111,1.08407,0.540655,0.123527,0,0.554587
1803,1.07444,3.13636,0.693798,0.890391,0.0876383,0,0.894693,1.01019,-0.0668897,0,1.0124,1.10554,0.23558,1.02895,0.828706,0.0815669,0,0.83271
1804,0.941114,2.79696,0.882259,0.967784,0.0738801,0,0.9706,0.690096,-0.282428,0,0.745653,0.918582,-0.181736,0.976058,1.02834,0.0785028,0,1.03133
1805,0.988891,2.91944,0.814786,0.946726,0.0936884,0,0.95135,0.858437,-0.218955,0,0.88592,0.984729,-0.0340869,0.995791,0.957361,0.0947408,0,0.962037
1806,0.817839,2.47415,1.05445,0.980082,0.0147186,0,0.980193,0.34546,0.28596,0,0.448459,0.754703,-0.547539,0.922801,1.19838,0.0179969,0,1.19852
1807,1.09674,3.19075,0.655592,0.866795,-0.0214708,0,0.867061,1.00663,0.0389889,0,1.00739,1.1392,0.310719,1.03872,0.790339,-0.019577,0,0.790582
1808,1.14108,3.30076,0.586643,0.811332,0.0618363,0,0.813685,1.00306,-0.00674625,0,1.00308,1.20426,0.455937,1.05537,0.71102,0.0541909,0,0.713082
1809,1.14044,3.29897,0.586859,0.812976,-0.0294487,0,0.813509,1.00076,0.0054703,0,1.00078,1.20353,0.454306,1.05532,0.71286,-0.0258221,0,0.713327
1810,1.14984,3.32218,0.571855,0.79768,0.0676535,0,0.800543,1.00097,-0.00549034,0,1.00099,1.2174,0.485273,1.05876,0.693733,0.0588375,0,0.696223
1811,1.15848,3.34555,0.565693,0.797851,0.0295684,0,0.798399,1.0016,-0.000948663,0,1.0016,1.22817,0.509315,1.06016,0.688703,0.0255234,0,0.689176
1812,1.06082,3.10207,0.713355,0.894516,-0.143697,0,0.905985,-0.00209284,-0.140624,0,0.140639,1.08608,0.192137,1.02381,0.843231,-0.135459,0,0.854042
1813,1.12783,3.26766,0.606438,0.829357,-0.0174597,0,0.829541,1.00356,0.00898302,0,1.0036,1.18504,0.413025,1.05072,0.735357,-0.0154808,0,0.73552
1814,1.12951,3.23612,0.456049,0.633603,0.0289961,0,0.634266,1.0019,-0.000317843,0,1.0019,1.22322,0.498248,1.08296,0.560954,0.0256714,0,0.561541
1815,1.0565,3.09106,0.719157,0.907302,-0.0546914,0,0.908949,0.951054,0.143734,0,0.961854,1.08002,0.178626,1.02227,0.858781,-0.0517666,0,0.86034
1816,1.12143,3.25197,0.617055,0.838072,-0.0177851,0,0.838261,1.00432,0.012188,0,1.00439,1.17547,0.391669,1.04819,0.747324,-0.0158593,0,0.747493
1817,1.10703,3.2161,0.638866,0.854392,-0.017812,0,0.854578,1.00715,0.0238545,0,1.00743,1.1545,0.344866,1.04288,0.771785,-0.0160898,0,0.771953
1818,1.11082,3.22557,0.633309,0.850357,-0.0200641,0,0.850594,1.00467,0.0201091,0,1.00487,1.15996,0.357054,1.04424,0.765526,-0.0180625,0,0.765739
1819,1.15592,3.33811,0.565585,0.796485,-0.00064872,0,0.796486,1.00156,0.000999242,0,1.00156,1.22548,0.503304,1.06018,0.689051,-0.000561217,0,0.689051
1820,1.02717,3.01681,0.760647,0.924334,0.0982586,0,0.929542,0.955384,-0.149739,0,0.967047,1.03849,0.0859048,1.01102,0.899884,0.0956595,0,0.904954
1821,0.99646,2.93874,0.804099,0.942707,0.0952383,0,0.947506,0.880311,-0.206167,0,0.904131,0.995306,-0.0104774,0.998842,0.946056,0.0955766,0,0.950872
1822,1.21486,3.48168,0.460508,0.68859,0.001859,0,0.688593,-0.0369717,-0.0185589,0,0.0413683,1.31461,0.702256,1.08211,0.566808,0.00153022,0,0.56681
1823,1.13273,3.28145,0.60487,0.821994,-0.122967,0,0.831141,-0.0331887,-0.08532,0,0.0915478,1.19061,0.425469,1.0511,0.725673,-0.108558,0,0.733748
1824,0.982189,2.90299,0.82659,0.935499,0.201509,0,0.956955,0.00491479,0.13211,0,0.132201,0.97472,-0.0564275,0.992396,0.952463,0.205163,0,0.974309
1825,0.811198,2.45657,1.06418,0.977657,0.0609927,0,0.979558,0.188334,0.248461,0,0.311774,0.746057,-0.566837,0.919698,1.2052,0.0751884,0,1.20755
1826,1.11492,3.23625,0.628737,0.844282,0.0796492,0,0.84803,1.00573,-0.0201259,0,1.00593,1.1655,0.369412,1.04536,0.757254,0.0714391,0,0.760617
1827,1.06924,3.12331,0.701319,0.898113,-0.0434146,0,0.899162,0.980851,0.111601,0,0.98718,1.0981,0.218964,1.02698,0.839952,-0.0406031,0,0.840932
1828,0.981157,2.89973,0.825872,0.95083,0.0914691,0,0.955219,0.833765,-0.231813,0,0.865391,0.9739,-0.0582595,0.992604,0.96909,0.0932258,0,0.973564
1829,0.927126,2.76085,0.901932,0.970262,-0.091207,0,0.974539,0.112213,-0.231474,0,0.257239,0.899465,-0.224407,0.970165,1.04653,-0.0983761,0,1.05114
1830,1.09345,3.1827,0.661124,0.867067,0.0844383,0,0.871169,1.00883,-0.0391419,0,1.00959,1.13426,0.299695,1.03733,0.792967,0.0772221,0,0.796718
1831,1.11948,3.24864,0.625699,0.837552,-0.130635,0,0.847679,-0.0292059,-0.0957782,0,0.100132,1.17108,0.381882,1.0461,0.748164,-0.116693,0,0.757209
1832,0.902287,2.69635,0.936503,0.978761,0.0365787,0,0.979444,0.474102,-0.306171,0,0.564369,0.865901,-0.299328,0.959673,1.08476,0.0405399,0,1.08551
1833,1.08776,3.16887,0.670976,0.878164,-0.0241321,0,0.878496,1.00766,0.0564851,0,1.00924,1.12565,0.280468,1.03483,0.807312,-0.022185,0,0.807617
1834,0.918262,2.73777,0.913894,0.974995,-0.0485238,0,0.976201,0.573768,0.292069,0,0.643828,0.887549,-0.251006,0.966554,1.06178,-0.0528431,0,1.0631
1835,1.06284,3.10732,0.710984,0.900276,0.0921026,0,0.904975,1.00272,-0.0863685,0,1.00643,1.08882,0.198254,1.02444,0.847043,0.0866567,0,0.851465
1836,0.911226,2.71957,0.923944,0.976556,0.0498704,0,0.977829,0.547901,-0.304579,0,0.626868,0.87797,-0.272388,0.963504,1.07169,0.0547289,0,1.07309
1837,1.08915,3.17334,0.672533,0.852343,0.224793,0,0.881487,-0.0314934,0.0713976,0,0.078035,1.12665,0.282705,1.03443,0.782576,0.206393,0,0.809335
1838,0.831417,2.51022,1.03549,0.977472,0.0914103,0,0.981737,0.133027,0.224258,0,0.260745,0.77224,-0.508394,0.928824,1.17567,0.109945,0,1.1808
1839,0.9084,2.71228,0.928075,0.975551,-0.0760998,0,0.978515,0.138371,-0.244637,0,0.281059,0.874105,-0.281016,0.962246,1.07392,-0.0837734,0,1.07718
1840,0.902779,2.69771,0.9361,0.979189,0.0290268,0,0.979619,0.430962,-0.306244,0,0.528691,0.866485,-0.298026,0.959797,1.08464,0.0321527,0,1.08512
1841,0.825398,2.49422,1.04383,0.981054,0.0065371,0,0.981076,0.37591,0.289614,0,0.474536,0.764466,-0.525745,0.92618,1.18858,0.00791994,0,1.18861
1842,1.16716,3.36633,0.549206,0.777271,-0.0884702,0,0.782289,-0.0407894,-0.0571114,0,0.0701818,1.24166,0.539429,1.06383,0.665949,-0.0757994,0,0.670249
1843,1.15729,3.34219,0.565985,0.791446,-0.101787,0,0.797965,-0.0388002,-0.0654061,0,0.0760488,1.22684,0.50633,1.06009,0.683877,-0.0879525,0,0.689509
1844,1.15282,3.32966,0.567494,0.796735,-0.0147493,0,0.796872,1.00136,0.00226111,0,1.00136,1.2217,0.494865,1.05975,0.691119,-0.0127941,0,0.691237
1845,1.23649,3.53586,0.426359,0.64202,0.106404,0,0.650777,-0.0287525,-0.000654731,0,0.0287599,1.34584,0.771968,1.08844,0.519227,0.086053,0,0.526309
1846,1.06335,3.10843,0.709668,0.902548,-0.0491006,0,0.903883,0.967537,0.12735,0,0.975882,1.08971,0.200237,1.02479,0.848778,-0.0461753,0,0.850033
1847,0.805766,2.44205,1.07165,0.977356,0.048418,0,0.978555,0.220071,0.258959,0,0.33984,0.73914,-0.582278,0.917313,1.21295,0.0600893,0,1.21444
1848,1.15837,3.34409,0.561328,0.791256,0.0448718,0,0.792527,1.00144,-0.00222384,0,1.00144,1.22919,0.511587,1.06114,0.683076,0.038737,0,0.684174
1849,1.12786,3.26824,0.608231,0.828868,0.0703685,0,0.831849,1.00491,-0.0121202,0,1.00498,1.18459,0.412029,1.0503,0.734902,0.0623911,0,0.737546
1850,1.14555,3.31329,0.585102,0.806993,-0.113002,0,0.814866,-0.0364352,-0.0752222,0,0.0835817,1.20939,0.467382,1.05572,0.704457,-0.0986438,0,0.71133
1851,1.15633,3.34065,0.570734,0.803577,-0.00337262,0,0.803584,1.00167,0.00144519,0,1.00167,1.22457,0.501278,1.05902,0.694937,-0.00291665,0,0.694943
1852,1.13376,3.2825,0.597743,0.822544,-0.0182181,0,0.822746,1.00276,0.00679917,0,1.00279,1.19359,0.432124,1.05278,0.725504,-0.0160688,0,0.725682
1853,1.12892,3.23448,0.456362,0.63433,-0.00509529,0,0.63435,1.00189,0.000381183,0,1.00189,1.2225,0.496661,1.0829,0.561893,-0.00451343,0,0.561911
1854,1.16002,3.35098,0.569504,0.80382,0.0334169,0,0.804514,1.00172,-0.00139224,0,1.00172,1.2288,0.510713,1.05929,0.692938,0.0288072,0,0.693536
1855,1.10519,3.21315,0.647665,0.834874,0.222443,0,0.864,-0.0343885,0.062169,0,0.0710462,1.15017,0.335199,1.0407,0.755413,0.201272,0,0.781766
1856,1.11983,3.24934,0.624476,0.818133,0.216951,0,0.846409,-0.0368389,0.0543485,0,0.0656572,1.17179,0.383452,1.04639,0.730585,0.193735,0,0.755836
1857,1.10239,3.20508,0.647949,0.86195,-0.0189516,0,0.862158,1.00782,0.0306329,0,1.00828,1.14718,0.328519,1.04063,0.781893,-0.0171914,0,0.782082
1858,1.07986,3.14953,0.684237,0.883742,0.0857286,0,0.88789,1.0108,-0.0568134,0,1.0124,1.1138,0.254024,1.03143,0.818382,0.0793883,0,0.822224
1859,0.945211,2.80758,0.876718,0.963994,-0.10338,0,0.969521,0.0912707,-0.220241,0,0.238404,0.92414,-0.169331,0.977707,1.01987,-0.109372,0,1.02572
1860,0.811142,2.45638,1.06408,0.979161,0.0222582,0,0.979414,0.315491,0.281104,0,0.422557,0.746032,-0.566893,0.91973,1.20714,0.0274406,0,1.20745
1861,0.80635,2.44365,1.071,0.978319,0.0299441,0,0.978777,0.284293,0.274779,0,0.395381,0.739844,-0.580706,0.917522,1.21327,0.0371353,0,1.21384
1862,0.804301,2.43815,1.07376,0.977585,0.038305,0,0.978335,0.252699,0.267585,0,0.368047,0.737254,-0.586486,0.916639,1.21545,0.0476252,0,1.21638
1863,1.04008,3.04993,0.743826,0.911549,-0.141741,0,0.922503,0.0106294,-0.155696,0,0.156058,1.05633,0.125733,1.01562,0.876423,-0.13628,0,0.886955
1864,1.01928,2.99711,0.772964,0.925556,-0.13778,0,0.935755,0.0250933,-0.169807,0,0.171651,1.02703,0.0603372,1.0076,0.908048,-0.135174,0,0.918054
1865,1.00053,2.94936,0.799218,0.937091,-0.13139,0,0.946257,0.0391994,-0.183415,0,0.187557,1.00076,0.00169381,1.00023,0.936594,-0.13132,0,0.945756
1866,1.08604,3.16492,0.674848,0.878109,0.079969,0,0.881743,1.0149,-0.0474743,0,1.01601,1.12279,0.274087,1.03384,0.808544,0.0736337,0,0.81189
1867,1.10915,3.22171,0.63692,0.850255,0.0776912,0,0.853797,1.00844,-0.023779,0,1.00872,1.15724,0.350972,1.04336,0.766584,0.0700459,0,0.769778
1868,0.949668,2.819,0.870275,0.964671,0.0787375,0,0.967879,0.723634,-0.273446,0,0.773576,0.930312,-0.155553,0.979619,1.0158,0.0829106,0,1.01918
1869,0.958108,2.84071,0.858429,0.961342,0.0828673,0,0.964907,0.754848,-0.263735,0,0.799595,0.941931,-0.129617,0.983116,1.00337,0.0864905,0,1.0071
1870,0.966123,2.86128,0.847178,0.957964,0.0862053,0,0.961835,0.782965,-0.253732,0,0.823051,0.952998,-0.104914,0.986415,0.991556,0.0892281,0,0.995562
1871,0.973674,2.88063,0.836535,0.954544,0.0889551,0,0.95868,0.808682,-0.243322,0,0.844495,0.963467,-0.0815471,0.989516,0.980352,0.0913602,0,0.9846
1872,1.23581,3.53306,0.422489,0.642195,0.0569858,0,0.644719,-0.0309355,-0.00788827,0,0.0319254,1.34595,0.772217,1.08913,0.519655,0.0461121,0,0.521697
1873,1.17693,3.39042,0.533297,0.76386,-0.071873,0,0.767234,-0.0423528,-0.0485575,0,0.0644328,1.25614,0.571739,1.0673,0.649026,-0.0610681,0,0.651893
1874,1.19423,3.43237,0.501873,0.734365,-0.0281629,0,0.734904,-0.0438134,-0.0309337,0,0.0536331,1.2825,0.630575,1.07391,0.614926,-0.0235824,0,0.615378
1875,1.18613,3.41283,0.517064,0.749117,-0.0518366,0,0.750909,-0.0433815,-0.0397747,0,0.0588557,1.27006,0.602807,1.07075,0.631562,-0.0437021,0,0.633072
1876,1.08138,3.1535,0.68263,0.886718,-0.030041,0,0.887226,1.0027,0.0754783,0,1.00553,1.11581,0.258515,1.03184,0.819987,-0.0277802,0,0.820457
1877,1.13472,3.28619,0.601049,0.801081,0.20821,0,0.827697,-0.0389031,0.0462702,0,0.0604515,1.19373,0.432423,1.052,0.705971,0.18349,0,0.729427
1878,1.14971,3.32306,0.576567,0.782329,0.196561,0,0.806644,-0.0404803,0.0379488,0,0.0554866,1.21604,0.482223,1.05769,0.680456,0.170965,0,0.701605
1879,1.16463,3.35986,0.552505,0.763796,0.181259,0,0.785009,-0.0415049,0.0295287,0,0.0509372,1.23812,0.531511,1.0631,0.655829,0.155637,0,0.674044
1880,1.03556,3.03813,0.748987,0.919035,0.097808,0,0.924225,0.970287,-0.134496,0,0.979564,1.05028,0.11223,1.01422,0.887479,0.0944496,0,0.892491
1881,1.04351,3.05834,0.738047,0.913936,0.0969171,0,0.91906,0.982174,-0.120166,0,0.989497,1.06145,0.137155,1.01719,0.875832,0.0928765,0,0.880743
1882,1.05087,3.07706,0.727963,0.909117,0.0954939,0,0.914119,0.99126,-0.107213,0,0.997041,1.07179,0.16025,1.01991,0.865111,0.0908714,0,0.86987
1883,1.05724,3.09324,0.719222,0.90484,0.0935007,0,0.909658,0.997788,-0.0962346,0,1.00242,1.08076,0.18027,1.02225,0.855853,0.0884386,0,0.86041
1884,1.06847,3.12145,0.702774,0.895711,0.0898666,0,0.900207,1.00679,-0.0763226,0,1.00968,1.09689,0.216277,1.0266,0.838312,0.0841078,0,0.842521
1885,0.982847,2.90435,0.824539,0.947581,-0.122805,0,0.955506,0.0545231,-0.196487,0,0.203912,0.975955,-0.0536714,0.992988,0.964118,-0.124948,0,0.972181
1886,0.96389,2.85572,0.850921,0.95664,-0.113227,0,0.963317,0.0724608,-0.209176,0,0.221371,0.949741,-0.112186,0.98532,0.992478,-0.117469,0,0.999405
1887,1.10293,3.20756,0.651241,0.855749,-0.136843,0,0.866621,-0.0226648,-0.108849,0,0.111184,1.14683,0.327753,1.03981,0.775888,-0.124072,0,0.785746
1888,1.08247,3.15644,0.68175,0.875727,-0.141434,0,0.887075,-0.0135747,-0.124946,0,0.125681,1.11719,0.261575,1.03207,0.809008,-0.130658,0,0.819491
1889,0.886801,2.65574,0.957294,0.980454,0.0230507,0,0.980725,0.369404,-0.302335,0,0.477353,0.845375,-0.345144,0.953287,1.10561,0.0259931,0,1.10591
1890,0.899152,2.68817,0.940809,0.979502,0.0263091,0,0.979855,0.400383,-0.304879,0,0.503247,0.861707,-0.308689,0.958355,1.08936,0.0292599,0,1.08975
1891,1.09125,3.1775,0.665463,0.874453,-0.0190829,0,0.874661,1.01228,0.0475629,0,1.01339,1.13079,0.291933,1.03623,0.801332,-0.0174872,0,0.801523
1892,0.902833,2.69757,0.934998,0.977668,-0.0448329,0,0.978696,0.542715,0.294068,0,0.617265,0.86684,-0.297232,0.960134,1.08289,-0.0496581,0,1.08403
1893,0.881429,2.64162,0.964538,0.980273,-0.0379555,0,0.981007,0.510289,0.295195,0,0.589521,0.838283,-0.360976,0.951049,1.11214,-0.0430613,0,1.11297
1894,1.04908,3.07226,0.729492,0.912351,-0.0596308,0,0.914297,0.932502,0.159736,0,0.946084,1.06954,0.15522,1.0195,0.869666,-0.056841,0,0.871522
1895,1.04148,3.05301,0.740151,0.917435,-0.0635927,0,0.919637,0.913136,0.17466,0,0.92969,1.05879,0.131239,1.01662,0.880893,-0.0610597,0,0.883006
1896,1.03382,3.0336,0.75101,0.922507,-0.0666755,0,0.924913,0.893347,0.188421,0,0.913001,1.04794,0.107019,1.01366,0.892329,-0.0644943,0,0.894657
1897,1.02608,3.01399,0.762044,0.927517,-0.068993,0,0.93008,0.872802,0.201128,0,0.895677,1.03698,0.0825538,1.01063,0.903946,-0.0672396,0,0.906443
1898,1.01788,2.9932,0.773714,0.932593,-0.070766,0,0.935274,0.851035,0.212976,0,0.87728,1.0254,0.0567026,1.0074,0.916215,-0.0695232,0,0.918849
1899,1.00858,2.96957,0.786873,0.938018,-0.0719211,0,0.940771,0.826646,0.224815,0,0.856671,1.01233,0.0275126,1.00371,0.930038,-0.0713093,0,0.932768
1900,0.998094,2.94289,0.801735,0.943832,-0.0721737,0,0.946587,0.79896,0.23685,0,0.833328,0.997609,-0.00533718,0.999514,0.945634,-0.0723116,0,0.948395
1901,0.986766,2.91401,0.817774,0.949701,-0.0713472,0,0.952377,0.768709,0.248503,0,0.807878,0.981767,-0.0406984,0.994934,0.962437,-0.072304,0,0.96515
1902,0.974816,2.88346,0.834612,0.955345,-0.0694669,0,0.957867,0.73683,0.259183,0,0.781086,0.965141,-0.0778098,0.990075,0.980025,-0.0712616,0,0.982613
1903,0.962145,2.85095,0.852318,0.96065,-0.0665374,0,0.962952,0.703747,0.268669,0,0.753288,0.947627,-0.116904,0.984911,0.998446,-0.0691553,0,1.00084
1904,0.949393,2.81813,0.870087,0.965403,-0.0623933,0,0.967417,0.670028,0.276815,0,0.724958,0.930096,-0.156035,0.979675,1.01686,-0.0657191,0,1.01898
1905,0.938191,2.78927,0.885811,0.969263,-0.0572675,0,0.970953,0.636943,0.283468,0,0.697173,0.914735,-0.190324,0.974999,1.03312,-0.0610403,0,1.03492
1906,0.928732,2.76488,0.89923,0.972309,-0.0522328,0,0.973711,0.605066,0.288586,0,0.670363,0.901778,-0.219246,0.970978,1.04692,-0.056241,0,1.04843
1907,0.820046,2.4801,1.05169,0.977813,0.0756506,0,0.980735,0.158853,0.236583,0,0.284966,0.757459,-0.541386,0.923679,1.19239,0.0922517,0,1.19595
1908,0.845003,2.54609,1.0162,0.976668,0.10598,0,0.982402,0.111686,0.213046,0,0.240546,0.790006,-0.468736,0.934916,1.15582,0.125419,0,1.1626
1909,0.861674,2.59002,0.992904,0.975318,0.119689,0,0.982634,0.0930387,0.203744,0,0.223982,0.811892,-0.419883,0.942227,1.13189,0.138903,0,1.14038
1910,1.01852,2.99482,0.772698,0.92961,0.0981127,0,0.934773,0.9376,-0.165486,0,0.952092,1.02635,0.0588059,1.00768,0.912702,0.0963282,0,0.917772
1911,1.00338,2.95638,0.794314,0.938858,0.0963426,0,0.943788,0.899323,-0.193949,0,0.919999,1.00501,0.0111755,1.00162,0.935691,0.0960176,0,0.940605
1912,1.01046,2.97434,0.784165,0.934576,0.0974098,0,0.939638,0.918274,-0.180627,0,0.935871,1.01498,0.0334422,1.00447,0.9249,0.0964013,0,0.92991
1913,0.905966,2.70589,0.931229,0.977727,0.0440895,0,0.97872,0.515933,-0.306351,0,0.600031,0.870892,-0.288188,0.961285,1.07921,0.0486658,0,1.08031
1914,1.00329,2.9569,0.797127,0.922931,0.210646,0,0.946665,-0.00506931,0.119804,0,0.119911,1.00411,0.00918119,1.00082,0.919905,0.209955,0,0.943561
1915,1.01971,2.99803,0.771738,0.909119,0.217695,0,0.93482,-0.0120508,0.109237,0,0.1099,1.02781,0.0620766,1.00795,0.891548,0.213488,0,0.916753
1916,1.0362,3.03973,0.747977,0.8969,0.220802,0,0.923679,-0.0175183,0.100608,0,0.102122,1.05122,0.114327,1.01449,0.865565,0.213088,0,0.891408
1917,1.05459,3.08649,0.722712,0.883393,0.224082,0,0.91137,-0.0232696,0.0906156,0,0.0935557,1.07708,0.172042,1.02132,0.837662,0.212481,0,0.864191
1918,1.07184,3.12984,0.697609,0.868168,0.225585,0,0.896997,-0.0277408,0.0808485,0,0.0854753,1.1018,0.227229,1.02795,0.809983,0.210466,0,0.83688
1919,0.881088,2.64095,0.965815,0.972453,0.134581,0,0.981722,0.0744075,0.193127,0,0.206965,0.837609,-0.36248,0.950654,1.1037,0.152744,0,1.11422
1920,0.919609,2.74129,0.912109,0.961426,0.168017,0,0.975997,0.0405794,0.165465,0,0.170368,0.889348,-0.246991,0.967094,1.04547,0.182705,0,1.06132
1921,0.939046,2.79179,0.885735,0.955051,0.179458,0,0.971765,0.0283192,0.155357,0,0.157917,0.91559,-0.188416,0.975021,1.01704,0.191106,0,1.03484
1922,0.900666,2.69203,0.938407,0.967669,0.150975,0,0.979375,0.0558914,0.178964,0,0.187488,0.863821,-0.303971,0.959091,1.07439,0.167625,0,1.08739
1923,0.960055,2.84612,0.857186,0.94666,0.190548,0,0.965646,0.0162963,0.144784,0,0.145698,0.944196,-0.124563,0.983481,0.986048,0.198477,0,1.00582
1924,0.859765,2.58485,0.995031,0.981834,-0.0272227,0,0.982211,0.47722,0.295207,0,0.561147,0.809522,-0.425175,0.941562,1.14198,-0.031663,0,1.14242
1925,0.844108,2.54376,1.01758,0.982349,-0.0151156,0,0.982465,0.443689,0.294276,0,0.532408,0.788802,-0.471424,0.934481,1.16377,-0.0179073,0,1.16391
1926,0.83363,2.51608,1.03239,0.981918,-0.00331925,0,0.981924,0.409063,0.29241,0,0.502828,0.775112,-0.501981,0.929804,1.17788,-0.00398168,0,1.17789
1927,1.07811,3.14546,0.688017,0.890274,-0.0339445,0,0.890921,0.997762,0.0858262,0,1.00145,1.11094,0.247629,1.03045,0.825775,-0.0314852,0,0.826375
1928,1.07423,3.1359,0.694259,0.894257,-0.0380893,0,0.895068,0.990769,0.0976328,0,0.995568,1.1052,0.23483,1.02883,0.83246,-0.0354572,0,0.833215
1929,0.917534,2.73596,0.915179,0.974988,0.0561429,0,0.976603,0.582978,-0.301612,0,0.656379,0.886489,-0.253373,0.966165,1.06262,0.0611889,0,1.06438
1930,0.924742,2.75464,0.905115,0.972974,0.0625212,0,0.974981,0.619523,-0.296705,0,0.686908,0.896265,-0.231551,0.969206,1.05216,0.0676094,0,1.05433
1931,0.932714,2.77527,0.893991,0.970562,0.0684689,0,0.972974,0.655338,-0.290224,0,0.716727,0.907112,-0.20734,0.972551,1.04058,0.0734083,0,1.04317
1932,0.889604,2.66328,0.954196,0.97932,-0.0596249,0,0.981133,0.168374,-0.25757,0,0.307721,0.848898,-0.337282,0.954242,1.10085,-0.0670241,0,1.10289
1933,0.872691,2.61901,0.977753,0.981532,-0.0428217,0,0.982466,0.200895,-0.269162,0,0.335868,0.826395,-0.387512,0.94695,1.12472,-0.0490685,0,1.12579
1934,0.859483,2.58434,0.996262,0.982546,-0.026469,0,0.982903,0.234574,-0.278741,0,0.36431,0.808926,-0.426505,0.941177,1.14318,-0.0307964,0,1.1436
1935,0.852481,2.56592,1.00612,0.982862,-0.0111288,0,0.982925,0.267605,-0.286088,0,0.391738,0.799701,-0.447097,0.938086,1.15294,-0.0130545,0,1.15302
1936,0.855049,2.57257,1.0021,0.982596,0.00371927,0,0.982603,0.301563,-0.292808,0,0.420329,0.80319,-0.439308,0.939349,1.14917,0.00434977,0,1.14918
1937,0.868584,2.60797,0.9825,0.981693,0.0159315,0,0.981823,0.336304,-0.298342,0,0.449564,0.821223,-0.399057,0.945473,1.13022,0.0183419,0,1.13037
1938,0.918193,2.73775,0.914555,0.974307,-0.0688084,0,0.976734,0.139939,-0.280901,0,0.313828,0.887299,-0.251564,0.966354,1.06111,-0.0749389,0,1.06376
1939,1.15014,3.32312,0.572093,0.800906,-0.0160546,0,0.801066,1.00156,0.00283965,0,1.00156,1.21766,0.485847,1.05871,0.696356,-0.0139589,0,0.696495
1940,1.13546,3.28703,0.596187,0.819843,0.059272,0,0.821983,1.00478,-0.00776661,0,1.00481,1.1958,0.43706,1.05314,0.722034,0.0522007,0,0.723919
1941,1.1381,3.29348,0.591734,0.816119,0.0574871,0,0.818141,1.00426,-0.00683869,0,1.00429,1.19976,0.4459,1.05418,0.71709,0.0505116,0,0.718867
1942,1.15887,3.34809,0.571075,0.80524,0.0300638,0,0.805801,1.00211,-0.00104489,0,1.00211,1.22717,0.507085,1.05894,0.694848,0.0259423,0,0.695332
1943,1.11811,3.24372,0.622174,0.842069,-0.0156963,0,0.842216,1.00559,0.0138336,0,1.00568,1.17061,0.38082,1.04695,0.753119,-0.0140382,0,0.75325
1944,1.0177,2.99273,0.773883,0.930794,0.0916555,0,0.935295,0.944215,-0.193773,0,0.963894,1.02518,0.0562011,1.00735,0.914605,0.0900614,0,0.919029
1945,1.15623,3.33863,0.564116,0.793294,0.0481962,0,0.794756,1.00166,-0.00279893,0,1.00167,1.22619,0.504897,1.06051,0.686104,0.041684,0,0.687369
1946,1.08059,3.15133,0.683138,0.886858,-0.0238367,0,0.887179,1.01246,0.0742616,0,1.01518,1.11485,0.25637,1.03171,0.82072,-0.022059,0,0.821016
1947,0.936681,2.7856,0.888751,0.968653,-0.0826188,0,0.97217,0.111027,-0.26519,0,0.287494,0.91244,-0.195446,0.97412,1.03413,-0.0882037,0,1.03789
1948,1.10942,3.22213,0.635615,0.852271,-0.0138777,0,0.852384,1.00816,0.0205088,0,1.00837,1.15787,0.352391,1.04368,0.768216,-0.012509,0,0.768318
1949,1.11235,3.22933,0.630729,0.848417,-0.0154223,0,0.848557,1.00686,0.0183835,0,1.00703,1.16227,0.362203,1.04487,0.762723,-0.0138646,0,0.762849
1950,1.12337,3.25707,0.61515,0.834395,0.0696813,0,0.8373,1.00628,-0.0137178,0,1.00637,1.17801,0.397349,1.04864,0.742763,0.0620289,0,0.745348
1951,1.15688,3.34055,0.564279,0.794399,0.0402695,0,0.795419,1.00184,-0.00189242,0,1.00184,1.22684,0.506342,1.06047,0.686674,0.0348087,0,0.687556
1952,1.14412,3.3084,0.58228,0.808068,0.0583264,0,0.81017,1.00295,-0.0056247,0,1.00297,1.20862,0.465668,1.05637,0.706279,0.0509793,0,0.708116
1953,1.131,3.27575,0.602327,0.823875,0.067259,0,0.826616,1.00472,-0.0103071,0,1.00477,1.18947,0.422921,1.0517,0.728449,0.0594686,0,0.730872
1954,1.12428,3.25881,0.611778,0.833536,-0.0169364,0,0.833708,1.00423,0.0103933,0,1.00428,1.17988,0.401515,1.04945,0.741395,-0.0150642,0,0.741548
1955,1.16295,3.35609,0.556677,0.787202,-0.0595615,0,0.789452,-0.0513148,-0.0546019,0,0.0749305,1.23526,0.525123,1.06218,0.676902,-0.051216,0,0.678837
1956,1.14755,3.30653,0.536378,0.752151,-0.00449199,0,0.752165,1.00195,0.000702043,0,1.00195,1.22401,0.500025,1.06663,0.655443,-0.00391443,0,0.655454
1957,0.835151,2.52022,1.03071,0.979531,0.0748976,0,0.98239,0.161618,0.273971,0,0.318089,0.776972,-0.49783,0.930338,1.17288,0.0896815,0,1.1763
1958,1.05822,3.0956,0.717353,0.899852,-0.124041,0,0.908361,-0.0105391,-0.160169,0,0.160515,1.0823,0.183695,1.02275,0.850342,-0.117216,0,0.858383
1959,1.01051,2.97455,0.784383,0.935472,0.0912804,0,0.939915,0.92521,-0.210524,0,0.94886,1.01497,0.0334096,1.00441,0.925744,0.0903312,0,0.930141
1960,0.996912,2.94,0.803831,0.9434,0.0897087,0,0.947655,0.88568,-0.240171,0,0.917666,0.995834,-0.00929987,0.998918,0.946322,0.0899866,0,0.950591
1961,1.12686,3.26692,0.614107,0.817902,0.185076,0,0.83858,-0.0474951,0.0525642,0,0.0708433,1.18196,0.406157,1.04889,0.725823,0.16424,0,0.744173
1962,0.915649,2.73097,0.917453,0.975689,-0.0437271,0,0.976668,0.561434,0.335391,0,0.653984,0.884036,-0.258848,0.965475,1.06557,-0.0477553,0,1.06664
1963,0.822423,2.48613,1.04725,0.979991,0.0187225,0,0.980169,0.325018,0.323033,0,0.458243,0.760817,-0.53389,0.925093,1.19159,0.022765,0,1.19181
1964,1.03366,3.03319,0.75124,0.920572,0.0906261,0,0.925022,0.978243,-0.157205,0,0.990793,1.04771,0.106503,1.0136,0.890598,0.0876754,0,0.894904
1965,0.95103,2.82252,0.868419,0.964648,0.0738398,0,0.96747,0.717726,-0.317097,0,0.784653,0.932169,-0.151408,0.980168,1.01432,0.077642,0,1.01729
1966,0.904856,2.703,0.932783,0.978538,0.0270091,0,0.97891,0.413972,-0.347727,0,0.540636,0.869395,-0.29153,0.96081,1.08143,0.0298491,0,1.08184
1967,1.01071,2.97556,0.78586,0.92177,0.192612,0,0.941679,-0.0139595,0.136947,0,0.137657,1.01475,0.0329283,1.004,0.912001,0.190571,0,0.931699
1968,0.918349,2.73822,0.914573,0.96601,0.145564,0,0.976916,0.049718,0.206359,0,0.212264,0.887445,-0.251239,0.966348,1.0519,0.158507,0,1.06377
1969,0.954133,2.83057,0.864299,0.962069,-0.0937068,0,0.966622,0.0875404,-0.251312,0,0.266122,0.936373,-0.142025,0.981386,1.00832,-0.0982115,0,1.01309
1970,1.08454,3.16109,0.676784,0.882592,-0.0209776,0,0.882841,1.01417,0.0622816,0,1.01608,1.1207,0.26943,1.03335,0.813794,-0.0193424,0,0.814024
1971,1.08729,3.16777,0.671979,0.879144,-0.0175359,0,0.879319,1.0156,0.0549084,0,1.01708,1.12488,0.278759,1.03457,0.808563,-0.0161281,0,0.808724
1972,1.20623,3.46245,0.483849,0.70203,0.144972,0,0.716843,-0.0362067,0.0101448,0,0.0376011,1.29978,0.669153,1.07755,0.582003,0.120186,0,0.594283
1973,1.07692,3.14255,0.69001,0.883945,-0.121766,0,0.892293,-0.0223968,-0.143041,0,0.144784,1.10916,0.243654,1.02993,0.820809,-0.113069,0,0.82856
1974,0.942763,2.8012,0.879913,0.967599,0.0690844,0,0.970062,0.682207,-0.326829,0,0.756455,0.920851,-0.176673,0.976757,1.02634,0.0732786,0,1.02896
1975,0.989493,2.92111,0.814405,0.947437,0.0882354,0,0.951536,0.861898,-0.255317,0,0.898919,0.985436,-0.0325079,0.9959,0.957497,0.0891723,0,0.96164
1976,0.830366,2.50729,1.03641,0.981163,0.0103241,0,0.981217,0.356771,0.328247,0,0.484801,0.771021,-0.511115,0.92853,1.1816,0.0124331,0,1.18167
1977,1.13947,3.29643,0.587863,0.813835,-0.021443,0,0.814118,1.00177,0.00519272,0,1.00179,1.20224,0.451424,1.05508,0.714222,-0.0188184,0,0.714469
1978,1.14727,3.31581,0.575873,0.801761,0.0602031,0,0.804018,1.00198,-0.00516621,0,1.00199,1.21363,0.476851,1.05784,0.698845,0.0524752,0,0.700813
1979,1.14907,3.31097,0.536598,0.752716,0.0333043,0,0.753452,1.00197,-0.00063704,0,1.00197,1.22558,0.503521,1.06659,0.655067,0.0289838,0,0.655708
1980,1.12949,3.27202,0.604752,0.828516,-0.0124393,0,0.828609,1.00442,0.00788794,0,1.00445,1.18723,0.417928,1.05112,0.733532,-0.0110132,0,0.733614
1981,1.13208,3.27842,0.600655,0.825166,-0.0124876,0,0.825261,1.00395,0.00694641,0,1.00398,1.19105,0.426443,1.05209,0.728897,-0.0110307,0,0.728981
1982,1.15328,3.3308,0.566795,0.794476,0.0533421,0,0.796265,1.00159,-0.00349194,0,1.00159,1.22237,0.496353,1.05991,0.688886,0.0462526,0,0.690437
1983,1.10386,3.20848,0.644721,0.859183,-0.0164335,0,0.859341,1.00837,0.02729,0,1.00874,1.14959,0.333917,1.04143,0.778343,-0.0148873,0,0.778486
1984,1.14627,3.3131,0.576535,0.803949,-0.0194759,0,0.804185,1.00146,0.00352279,0,1.00146,1.2124,0.474108,1.05769,0.701362,-0.0169907,0,0.701568
1985,1.00385,2.95766,0.793959,0.939492,0.0906082,0,0.943852,0.906274,-0.225487,0,0.933904,1.00557,0.0124432,1.00172,0.935888,0.0902606,0,0.940231
1986,1.02567,3.01294,0.762558,0.925761,0.0914992,0,0.930272,0.962398,-0.175565,0,0.978281,1.03643,0.0813095,1.01049,0.902592,0.0892093,0,0.90699
1987,1.19985,3.44577,0.490612,0.722563,-0.0015082,0,0.722565,-0.0440505,-0.0225153,0,0.049471,1.29128,0.65018,1.0762,0.60221,-0.00125699,0,0.602211
1988,0.824166,2.49108,1.04604,0.97949,0.0598807,0,0.981319,0.193817,0.287582,0,0.346797,0.762746,-0.529585,0.925476,1.18846,0.0726561,0,1.19068
1989,1.1045,3.21043,0.645055,0.856826,0.0766915,0,0.860251,1.00986,-0.0271843,0,1.01023,1.15017,0.335203,1.04135,0.775757,0.0694353,0,0.778858
1990,1.0578,3.09426,0.716998,0.906495,-0.0445833,0,0.907591,0.97413,0.150851,0,0.985741,1.08196,0.182954,1.02284,0.856962,-0.0421471,0,0.857997
1991,1.09574,3.18834,0.657424,0.865021,0.0776267,0,0.868497,1.01255,-0.034895,0,1.01315,1.13766,0.307273,1.03826,0.789443,0.0708443,0,0.792615
1992,1.12393,3.25963,0.618576,0.835771,-0.102683,0,0.842055,-0.0432032,-0.0949791,0,0.104343,1.17768,0.396603,1.04782,0.743614,-0.0913605,0,0.749205
1993,0.914436,2.72783,0.919165,0.975855,0.0458605,0,0.976932,0.534651,-0.348419,0,0.63816,0.88239,-0.262522,0.964956,1.06717,0.0501517,0,1.06834
1994,0.839306,2.531,1.02406,0.982013,0.00142796,0,0.982014,0.390001,0.332201,0,0.512307,0.782602,-0.485264,0.93244,1.17003,0.00170135,0,1.17003
1995,0.848551,2.55563,1.01191,0.978849,0.0909723,0,0.983068,0.132718,0.259287,0,0.291279,0.79447,-0.458773,0.936267,1.15355,0.107209,0,1.15853
1996,1.13517,3.28749,0.601133,0.82278,-0.0939613,0,0.828128,-0.0463823,-0.0838789,0,0.0958487,1.19417,0.433415,1.05198,0.72481,-0.0827732,0,0.729521
1997,1.13724,3.29126,0.592739,0.818649,-0.0167454,0,0.81882,1.00271,0.00568717,0,1.00273,1.19859,0.443284,1.05395,0.719857,-0.0147246,0,0.720007
1998,1.21823,3.49161,0.461673,0.683035,0.112129,0,0.692178,-0.0346956,0.00168987,0,0.0347367,1.31799,0.709788,1.08189,0.56068,0.0920428,0,0.568185
1999,1.22157,3.49868,0.450884,0.673391,0.0830864,0,0.678498,-0.0349161,-0.00279792,0,0.035028,1.3241,0.72344,1.08394,0.551251,0.0680161,0,0.555432
2000,1.06391,3.1098,0.708682,0.902369,-0.0391536,0,0.903218,0.988232,0.131592,0,0.996955,1.09056,0.202141,1.02505,0.848161,-0.0368015,0,0.848959
2001,1.1545,3.33519,0.570002,0.798014,-0.07302,0,0.801348,-0.0500763,-0.0636896,0,0.0810185,1.22283,0.497388,1.05918,0.691218,-0.0632479,0,0.694105
2002,1.14584,3.314,0.58466,0.81017,-0.0837973,0,0.814493,-0.0484963,-0.0728417,0,0.0875089,1.20981,0.46832,1.05583,0.707054,-0.0731317,0,0.710826
2003,1.15241,3.32862,0.567982,0.797181,-0.00926817,0,0.797234,1.00177,0.00194673,0,1.00177,1.22114,0.493621,1.05964,0.691749,-0.0080424,0,0.691795
2004,1.12093,3.20769,0.437633,0.604866,0.0121765,0,0.604988,1.00236,4.01429e-05,0,1.00236,1.21777,0.486101,1.08639,0.53961,0.0108628,0,0.539719
2005,1.15616,3.34014,0.570722,0.803444,0.00163411,0,0.803446,1.00207,0.00111365,0,1.00207,1.22439,0.50087,1.05902,0.694927,0.0014134,0,0.694929
2006,1.10192,3.20516,0.653205,0.84558,0.197041,0,0.868235,-0.0436613,0.0699559,0,0.082463,1.14524,0.324201,1.03932,0.767371,0.178816,0,0.78793
2007,1.11436,3.23588,0.6334,0.831427,0.192502,0,0.853421,-0.0457401,0.0612328,0,0.0764304,1.16364,0.36526,1.04422,0.746103,0.172746,0,0.76584
2008,1.09779,3.19325,0.653523,0.865209,-0.0168094,0,0.865372,1.01059,0.0350366,0,1.0112,1.14087,0.314438,1.03924,0.788134,-0.015312,0,0.788283
2009,0.816645,2.47083,1.0556,0.97926,0.0270585,0,0.979634,0.293097,0.316274,0,0.431202,0.753303,-0.550664,0.922436,1.19913,0.0331337,0,1.19958
2010,0.814744,2.46596,1.05896,0.97924,0.0359279,0,0.979898,0.260976,0.308317,0,0.403941,0.750676,-0.556527,0.921364,1.2019,0.0440971,0,1.20271
2011,0.817247,2.47271,1.0558,0.979394,0.0467177,0,0.980507,0.227762,0.29924,0,0.376058,0.753806,-0.549539,0.922373,1.19841,0.0571647,0,1.19977
2012,1.03987,3.0492,0.743433,0.913578,-0.123408,0,0.921876,0.00281439,-0.1776,0,0.177622,1.05622,0.125499,1.01573,0.878554,-0.118677,0,0.886533
2013,1.02289,3.00617,0.767449,0.925191,-0.121071,0,0.933079,0.0162527,-0.192474,0,0.193159,1.03224,0.0719596,1.00914,0.904484,-0.118362,0,0.912196
2014,1.07661,3.14174,0.690337,0.888835,0.07994,0,0.892423,1.01757,-0.0622611,0,1.01947,1.10875,0.242737,1.02985,0.825587,0.0742516,0,0.828919
2015,1.08097,3.15239,0.682901,0.883907,0.0765569,0,0.887216,1.01859,-0.0547266,0,1.02006,1.11532,0.257411,1.03177,0.817695,0.0708221,0,0.820756
2016,1.11638,3.2398,0.626206,0.842802,0.0731463,0,0.84597,1.00782,-0.0182547,0,1.00799,1.16771,0.374349,1.04597,0.75494,0.0655209,0,0.757778
2017,1.11212,3.22931,0.633085,0.848266,0.0720021,0,0.851317,1.00925,-0.0203304,0,1.00945,1.16139,0.360242,1.0443,0.762744,0.0647428,0,0.765487
2018,0.959276,2.84374,0.856925,0.961453,0.0779323,0,0.964607,0.751279,-0.306223,0,0.811291,0.943504,-0.126107,0.983558,1.00227,0.0812408,0,1.00556
2019,0.967244,2.86421,0.845805,0.958146,0.0812752,0,0.961587,0.781981,-0.294709,0,0.835672,0.954492,-0.10158,0.986816,0.990594,0.0840276,0,0.994151
2020,0.974787,2.88355,0.835251,0.954798,0.0839576,0,0.958482,0.80989,-0.2827,0,0.857812,0.964931,-0.0782787,0.989889,0.979494,0.0861292,0,0.983274
2021,0.982088,2.90223,0.824953,0.951289,0.0862362,0,0.95519,0.836205,-0.269759,0,0.87864,0.975085,-0.0556149,0.992869,0.968639,0.0878091,0,0.972611
2022,1.22117,3.49823,0.453836,0.681327,0.0407375,0,0.682544,-0.0370962,-0.0112873,0,0.0387754,1.32299,0.72097,1.08338,0.557928,0.0333593,0,0.558924
2023,1.17861,3.39431,0.529547,0.762821,-0.0245246,0,0.763215,-0.0521756,-0.0358034,0,0.0632785,1.25888,0.577859,1.0681,0.647219,-0.020808,0,0.647553
2024,1.17102,3.37585,0.542983,0.775248,-0.0436987,0,0.776479,-0.0520155,-0.045245,0,0.06894,1.24737,0.552156,1.0652,0.662028,-0.0373168,0,0.663079
2025,1.13922,3.29725,0.593647,0.802381,0.175848,0,0.821425,-0.0487586,0.0436215,0,0.0654235,1.20044,0.447416,1.05374,0.704322,0.154358,0,0.721038
2026,1.17784,3.39268,0.531918,0.748592,0.162115,0,0.765944,-0.0423434,0.0214625,0,0.0474721,1.25745,0.574673,1.0676,0.635564,0.137637,0,0.650297
2027,1.15236,3.32966,0.572558,0.786547,0.162838,0,0.803227,-0.0495236,0.0345694,0,0.0603956,1.21989,0.490824,1.0586,0.682553,0.141308,0,0.697028
2028,1.04134,3.05271,0.740581,0.915643,0.089339,0,0.919991,0.990943,-0.139577,0,1.00073,1.05853,0.130637,1.0165,0.879294,0.0857925,0,0.88347
2029,1.04835,3.07051,0.730853,0.910995,0.0876597,0,0.915203,1.00048,-0.123391,0,1.00806,1.06841,0.152707,1.01913,0.868977,0.0836166,0,0.872991
2030,1.05467,3.08665,0.722472,0.907092,0.0860375,0,0.911163,1.00716,-0.109276,0,1.01307,1.07722,0.172372,1.02138,0.860071,0.0815776,0,0.863931
2031,1.06008,3.10032,0.714791,0.903032,0.0848487,0,0.907009,1.01184,-0.0971362,0,1.01649,1.08492,0.189551,1.02343,0.85185,0.0800397,0,0.855602
2032,1.06554,3.11418,0.707354,0.899184,0.0835861,0,0.90306,1.01347,-0.0849024,0,1.01702,1.0926,0.206699,1.0254,0.843876,0.0784448,0,0.847514
2033,1.07038,3.1261,0.699412,0.894149,0.0818985,0,0.897891,1.01645,-0.0745041,0,1.01918,1.0998,0.22277,1.02748,0.835354,0.0765133,0,0.83885
2034,1.00678,2.96534,0.790647,0.935929,-0.116056,0,0.943097,0.0308567,-0.208032,0,0.210308,1.00945,0.0210919,1.00265,0.929626,-0.115275,0,0.936746
2035,0.989425,2.92114,0.815221,0.945993,-0.109521,0,0.952312,0.0480824,-0.2238,0,0.228906,0.985137,-0.0331769,0.995666,0.956104,-0.110691,0,0.962491
2036,0.971479,2.87516,0.84017,0.954721,-0.102061,0,0.960161,0.0673761,-0.238435,0,0.247772,0.960268,-0.0886884,0.98846,0.98275,-0.105058,0,0.988349
2037,1.1111,3.22791,0.63888,0.850595,-0.11042,0,0.857732,-0.0389685,-0.108621,0,0.1154,1.15874,0.354321,1.04287,0.765544,-0.0993791,0,0.771968
2038,1.09497,3.18765,0.663017,0.866709,-0.117799,0,0.874678,-0.0315603,-0.12415,0,0.128099,1.13532,0.302047,1.03685,0.791538,-0.107582,0,0.798816
2039,0.896638,2.68149,0.943872,0.979536,0.0234443,0,0.979816,0.381605,-0.345136,0,0.51453,0.858456,-0.315948,0.957416,1.09245,0.0261469,0,1.09277
2040,0.901047,2.69301,0.937835,0.978529,-0.0383896,0,0.979281,0.528561,0.336995,0,0.626851,0.864344,-0.302805,0.959266,1.08599,-0.0426056,0,1.08683
2041,1.05118,3.07747,0.726175,0.911008,-0.0496164,0,0.912359,0.957171,0.170118,0,0.972171,1.07261,0.162084,1.02039,0.866654,-0.0472007,0,0.867938
2042,1.04434,3.06017,0.735853,0.915748,-0.0538567,0,0.917331,0.93862,0.188364,0,0.957334,1.06292,0.140438,1.01779,0.876866,-0.05157,0,0.878381
2043,1.03738,3.04257,0.745816,0.920539,-0.0573233,0,0.922322,0.919199,0.205246,0,0.941835,1.05302,0.118352,1.01508,0.887372,-0.0552579,0,0.889091
2044,1.03025,3.02455,0.756085,0.925357,-0.0601444,0,0.927309,0.898757,0.220972,0,0.925523,1.04289,0.0957344,1.01227,0.898189,-0.0583787,0,0.900085
2045,1.02282,3.00576,0.766758,0.930173,-0.06237,0,0.932262,0.876973,0.235654,0,0.908083,1.03236,0.0722349,1.00933,0.909419,-0.0609784,0,0.911461
2046,1.01473,2.98525,0.778357,0.935181,-0.0640923,0,0.937374,0.853251,0.249662,0,0.889027,1.02092,0.0466903,1.0061,0.921608,-0.0631621,0,0.92377
2047,1.00557,2.962,0.7914,0.940507,-0.0651637,0,0.942762,0.826549,0.263642,0,0.867577,1.00802,0.0179108,1.00244,0.935296,-0.0648026,0,0.937538
2048,0.995423,2.93618,0.805835,0.946074,-0.0653451,0,0.948328,0.796773,0.277444,0,0.843696,0.993778,-0.0138881,0.998348,0.950424,-0.0656456,0,0.952689
2049,0.984538,2.90842,0.821254,0.951604,-0.0645353,0,0.95379,0.764684,0.290433,0,0.817981,0.978566,-0.0478434,0.993934,0.966549,-0.0655488,0,0.968769
2050,0.972978,2.87884,0.837496,0.956902,-0.0627686,0,0.958959,0.731038,0.302126,0,0.79101,0.962506,-0.0836924,0.989237,0.983478,-0.0645118,0,0.985592
2051,0.960978,2.84803,0.854245,0.961813,-0.0599841,0,0.963682,0.696402,0.312308,0,0.763225,0.945934,-0.120683,0.984345,1.00087,-0.0624199,0,1.00281
2052,0.949693,2.81903,0.870098,0.96611,-0.056025,0,0.967733,0.661775,0.320797,0,0.73543,0.930387,-0.155385,0.979671,1.01729,-0.0589928,0,1.019
2053,0.939649,2.79319,0.884341,0.969716,-0.0511943,0,0.971067,0.627925,0.327552,0,0.708223,0.916569,-0.186231,0.975437,1.032,-0.0544824,0,1.03344
2054,0.928265,2.76372,0.900053,0.972857,-0.0469074,0,0.973987,0.594466,0.332516,0,0.681144,0.901096,-0.220769,0.970731,1.04804,-0.0505323,0,1.04926
2055,0.862762,2.59295,0.991652,0.977107,0.105992,0,0.982839,0.108755,0.245209,0,0.268245,0.813255,-0.416841,0.942618,1.13253,0.122851,0,1.13918
2056,0.87873,2.63486,0.969403,0.974975,0.118569,0,0.982158,0.0895198,0.234329,0,0.250846,0.834392,-0.369661,0.949542,1.10953,0.134932,0,1.1177
2057,0.907792,2.71067,0.928822,0.978015,0.03179,0,0.978531,0.452929,-0.348808,0,0.571675,0.873313,-0.282783,0.962019,1.07736,0.035019,0,1.07792
2058,0.90999,2.71631,0.925462,0.977087,0.0391459,0,0.977871,0.495233,-0.349159,0,0.605943,0.876359,-0.275985,0.963042,1.07373,0.0430179,0,1.0746
2059,1.02765,3.01873,0.76245,0.910791,0.197467,0,0.931951,-0.0222272,0.123368,0,0.125354,1.03846,0.0858482,1.01052,0.886285,0.192153,0,0.906876
2060,1.04235,3.0556,0.740337,0.898715,0.199578,0,0.920609,-0.0274868,0.112768,0,0.116069,1.05962,0.133082,1.01657,0.862203,0.19147,0,0.883207
2061,1.05683,3.09163,0.717733,0.885407,0.19949,0,0.907602,-0.0329498,0.102591,0,0.107753,1.08076,0.180278,1.02265,0.837794,0.188762,0,0.858795
2062,1.07282,3.13214,0.695542,0.872417,0.201564,0,0.895399,-0.0372398,0.0909079,0,0.0982397,1.10339,0.230789,1.02849,0.813197,0.187882,0,0.834619
2063,1.08758,3.1693,0.674438,0.859581,0.199842,0,0.882506,-0.0409643,0.0804243,0,0.090256,1.1245,0.277907,1.03395,0.790359,0.183749,0,0.811437
2064,0.897828,2.68484,0.943103,0.97164,0.131057,0,0.980438,0.0701284,0.22236,0,0.233157,0.859807,-0.31293,0.957652,1.08221,0.145971,0,1.09201
2065,0.953514,2.82879,0.864507,0.951178,0.169698,0,0.966198,0.0202648,0.177403,0,0.178557,0.935706,-0.143513,0.981324,0.997551,0.177972,0,1.0133
2066,0.936941,2.78619,0.888079,0.958544,0.159989,0,0.971804,0.0327815,0.1898,0,0.19261,0.912881,-0.194461,0.974321,1.02306,0.170757,0,1.03721
2067,0.991717,2.927,0.812048,0.932947,0.185631,0,0.951236,-0.00369948,0.151041,0,0.151087,0.98832,-0.0260722,0.996575,0.94074,0.187181,0,0.959181
2068,0.97188,2.87616,0.839506,0.943392,0.177211,0,0.959892,0.00833581,0.16562,0,0.165829,0.960852,-0.0873841,0.988653,0.970688,0.182338,0,0.987665
2069,0.880942,2.64055,0.96597,0.981222,-0.0303576,0,0.981692,0.494502,0.3375,0,0.598697,0.837429,-0.362882,0.950606,1.11383,-0.0344603,0,1.11437
2070,0.863248,2.59412,0.990589,0.982305,-0.0201255,0,0.982511,0.460141,0.336825,0,0.570246,0.813999,-0.41518,0.94295,1.13792,-0.0233137,0,1.13816
2071,0.84991,2.559,1.00921,0.982421,-0.009051,0,0.982462,0.425097,0.335072,0,0.541277,0.796464,-0.454321,0.937115,1.15591,-0.0106494,0,1.15596
2072,1.07769,3.14448,0.688896,0.891207,-0.0269486,0,0.891614,1.00881,0.08478,0,1.01237,1.11026,0.246117,1.03022,0.826961,-0.025006,0,0.827339
2073,1.07358,3.13416,0.694916,0.894779,-0.0302953,0,0.895291,1.00592,0.098706,0,1.01075,1.10434,0.232905,1.02866,0.833457,-0.0282191,0,0.833934
2074,1.06928,3.12344,0.701459,0.898699,-0.0342811,0,0.899353,0.998656,0.113889,0,1.00513,1.09809,0.218948,1.02695,0.840475,-0.0320601,0,0.841086
2075,0.920398,2.74332,0.910951,0.9744,0.0517118,0,0.975771,0.569466,-0.345947,0,0.666311,0.890433,-0.244568,0.967444,1.05867,0.0561842,0,1.06016
2076,0.927186,2.76092,0.901543,0.972521,0.0578644,0,0.974241,0.607387,-0.34163,0,0.696872,0.899632,-0.224036,0.970282,1.0489,0.0624086,0,1.05075
2077,0.934716,2.78041,0.891086,0.970238,0.0637495,0,0.97233,0.645389,-0.335075,0,0.727188,0.909872,-0.201178,0.973421,1.038,0.068202,0,1.04024
2078,0.899783,2.68986,0.940099,0.978451,-0.0535344,0,0.979914,0.172542,-0.295848,0,0.342486,0.862507,-0.306904,0.958573,1.08743,-0.059497,0,1.08906
2079,0.883624,2.64768,0.962644,0.981102,-0.0375875,0,0.981822,0.207389,-0.30889,0,0.372053,0.840887,-0.355162,0.951635,1.11032,-0.0425379,0,1.11113
2080,0.871752,2.61657,0.979145,0.982334,-0.0220369,0,0.982581,0.242615,-0.319236,0,0.400966,0.825129,-0.390338,0.946517,1.12685,-0.0252788,0,1.12713
2081,0.866837,2.60363,0.985866,0.982633,-0.00718746,0,0.982659,0.276893,-0.327491,0,0.42886,0.818662,-0.404772,0.944424,1.13358,-0.00829159,0,1.13361
2082,0.871127,2.61481,0.979573,0.982214,0.00675939,0,0.982237,0.312595,-0.335041,0,0.458223,0.824421,-0.391917,0.946384,1.12752,0.00775936,0,1.12755
2083,0.883279,2.64657,0.962344,0.981026,0.0173312,0,0.981179,0.347999,-0.340978,0,0.487205,0.840641,-0.355712,0.951728,1.11066,0.0196214,0,1.11084
2084,1.09162,3.1785,0.665218,0.871189,0.0778438,0,0.87466,1.01418,-0.040125,0,1.01497,1.13123,0.292934,1.03629,0.798072,0.0713106,0,0.801252
2085,1.11108,3.2261,0.632474,0.849693,-0.0103466,0,0.849756,1.00967,0.0181334,0,1.00983,1.16046,0.358171,1.04445,0.764747,-0.0093122,0,0.764804
2086,1.12661,3.26495,0.609516,0.830112,0.0637917,0,0.832559,1.00666,-0.011418,0,1.00673,1.18293,0.408324,1.04999,0.736823,0.0566228,0,0.738996
2087,1.09988,3.19907,0.652572,0.862783,0.07289,0,0.865857,1.01379,-0.0298599,0,1.01423,1.1433,0.319868,1.03948,0.784432,0.0662707,0,0.787226
2088,1.1191,3.24652,0.621873,0.839709,0.0695843,0,0.842588,1.00742,-0.0156532,0,1.00754,1.17173,0.383326,1.04702,0.750341,0.0621786,0,0.752912
2089,1.14977,3.32356,0.577864,0.806964,-0.0478778,0,0.808383,-0.0617325,-0.0606242,0,0.0865228,1.21575,0.48159,1.05739,0.70185,-0.0416413,0,0.703084
2090,0.921036,2.74505,0.910327,0.97505,-0.0400653,0,0.975873,0.565208,0.382318,0,0.682369,0.891225,-0.242801,0.967633,1.05864,-0.0435003,0,1.05954
2091,0.960733,2.84746,0.854776,0.961194,0.0729587,0,0.963958,0.748553,-0.353962,0,0.828022,0.945543,-0.121556,0.984189,1.00048,0.0759407,0,1.00336
2092,0.829739,2.50572,1.03763,0.981105,0.0251194,0,0.981426,0.300913,0.362582,0,0.471184,0.770117,-0.513131,0.928144,1.18243,0.0302738,0,1.18281
2093,1.10072,3.20087,0.650295,0.863625,-0.0132701,0,0.863727,1.01212,0.0301574,0,1.01257,1.1448,0.323203,1.04004,0.784602,-0.0120558,0,0.784694
2094,1.12972,3.27394,0.609363,0.819844,0.156593,0,0.834665,-0.0584354,0.0493484,0,0.076485,1.18624,0.415715,1.05003,0.725704,0.138612,0,0.738823
2095,0.978401,2.89287,0.830414,0.952826,-0.0907864,0,0.957141,0.0602354,-0.271015,0,0.277628,0.96988,-0.0672321,0.991291,0.97386,-0.0927906,0,0.978271
2096,1.0173,2.99183,0.774844,0.932082,0.0852004,0,0.935968,0.954306,-0.224304,0,0.980312,1.02451,0.0547009,1.00708,0.916228,0.0837512,0,0.920048
2097,1.13478,3.28517,0.596585,0.820257,0.0535413,0,0.822002,1.00556,-0.00672545,0,1.00558,1.19498,0.435222,1.05305,0.722832,0.047182,0,0.724371
2098,1.02439,3.00975,0.764546,0.927401,0.0849272,0,0.931281,0.972393,-0.203694,0,0.993499,1.03457,0.077172,1.00994,0.905319,0.0829051,0,0.909107
2099,0.865203,2.59945,0.98856,0.978965,0.0895244,0,0.98305,0.131454,0.298835,0,0.32647,0.816392,-0.40984,0.943584,1.13149,0.103472,0,1.13621
2100,1.08393,3.1597,0.678132,0.881053,0.0715992,0,0.883957,1.02213,-0.04831,0,1.02327,1.1197,0.267195,1.033,0.812829,0.066055,0,0.815509
2101,0.952737,2.82688,0.865909,0.96431,0.068946,0,0.966772,0.71242,-0.366038,0,0.800953,0.934549,-0.146095,0.98091,1.01215,0.0723662,0,1.01473
2102,1.12502,3.26229,0.616687,0.836934,-0.0771301,0,0.840481,-0.0579302,-0.0930803,0,0.109635,1.17933,0.400301,1.04828,0.743926,-0.0685586,0,0.747078
2103,1.14952,3.3214,0.572403,0.800958,-0.0114614,0,0.80104,1.00189,0.00253469,0,1.0019,1.21692,0.484195,1.05864,0.696778,-0.00997065,0,0.69685
2104,1.14589,3.29647,0.514745,0.722323,-0.00485692,0,0.722339,1.00243,0.000614498,0,1.00243,1.22752,0.507859,1.07124,0.630361,-0.00423857,0,0.630375
2105,1.15282,3.33184,0.575843,0.807869,-0.000415056,0,0.807869,1.00221,0.00163361,0,1.00221,1.21951,0.489975,1.05785,0.700778,-0.000360037,0,0.700778
2106,1.08867,3.17108,0.669436,0.877273,-0.0134082,0,0.877375,1.01947,0.0487898,0,1.02064,1.12701,0.283513,1.03522,0.805821,-0.0123161,0,0.805916
2107,0.982484,2.90325,0.824438,0.940802,0.164349,0,0.955049,-0.00223195,0.188012,0,0.188026,0.975623,-0.0544131,0.993017,0.957575,0.167279,0,0.972076
2108,1.07172,3.12952,0.697679,0.891026,-0.103202,0,0.896983,-0.0332209,-0.162802,0,0.166157,1.10166,0.226922,1.02794,0.831398,-0.0962954,0,0.836956
2109,1.18813,3.41767,0.513461,0.734078,0.139378,0,0.747193,-0.0428408,0.013733,0,0.0449881,1.27309,0.609574,1.07151,0.617844,0.117309,0,0.628882
2110,0.94477,2.80634,0.87698,0.967186,0.0642778,0,0.969319,0.674408,-0.376541,0,0.772405,0.923635,-0.170458,0.97763,1.02373,0.0680354,0,1.02598
2111,0.911149,2.71929,0.923736,0.977138,0.0286314,0,0.977557,0.432367,-0.395503,0,0.585973,0.877953,-0.272426,0.963567,1.07242,0.0314234,0,1.07288
2112,1.06269,3.10697,0.711361,0.901965,0.0773537,0,0.905276,1.02316,-0.0923826,0,1.02733,1.08855,0.197658,1.02434,0.848758,0.0727906,0,0.851874
2113,1.0673,3.11845,0.7043,0.897796,0.0758494,0,0.900995,1.02383,-0.0822666,0,1.02713,1.09526,0.212632,1.0262,0.841188,0.0710669,0,0.844185
2114,0.9276,2.76214,0.901507,0.972705,-0.0614135,0,0.974642,0.140352,-0.321804,0,0.351079,0.900044,-0.223116,0.970293,1.04863,-0.0662069,0,1.05071
2115,0.905103,2.70345,0.931755,0.977971,0.0237106,0,0.978258,0.394185,-0.39297,0,0.556603,0.869917,-0.290365,0.961124,1.08051,0.0261966,0,1.08083
2116,1.05535,3.0882,0.720955,0.903791,-0.106234,0,0.910013,-0.0209336,-0.18148,0,0.182684,1.07834,0.174867,1.02179,0.856392,-0.100663,0,0.862288
2117,1.08058,3.15121,0.682786,0.886574,-0.0179592,0,0.886756,1.02133,0.0694551,0,1.02369,1.11495,0.256576,1.0318,0.820461,-0.0166199,0,0.820629
2118,1.08439,3.16088,0.677628,0.883608,-0.0144135,0,0.883726,1.02188,0.0599669,0,1.02364,1.12031,0.268557,1.03313,0.814844,-0.0132918,0,0.814953
2119,1.05862,3.0963,0.715781,0.906216,-0.0349845,0,0.906891,0.997796,0.153675,0,1.00956,1.08314,0.185577,1.02317,0.856039,-0.0330475,0,0.856677
2120,0.844283,2.5442,1.01727,0.982395,0.00620771,0,0.982414,0.368945,0.375568,0,0.526471,0.789051,-0.470869,0.934581,1.16358,0.00735264,0,1.16361
2121,1.03893,3.04654,0.743696,0.917636,0.0825705,0,0.921343,1.00181,-0.160802,0,1.01464,1.0552,0.123221,1.01566,0.883247,0.0794761,0,0.886815
2122,1.03217,3.02968,0.75424,0.909636,0.178623,0,0.927008,-0.0336699,0.139432,0,0.14344,1.04536,0.101255,1.01278,0.881282,0.173055,0,0.898113
2123,0.951915,2.82504,0.868029,0.956286,0.150097,0,0.967994,0.0230533,0.216823,0,0.218045,0.933147,-0.149225,0.980284,1.00459,0.157679,0,1.01689
2124,0.854985,2.57238,1.00213,0.982556,-0.00302588,0,0.982561,0.404741,0.379759,0,0.555007,0.803119,-0.439466,0.939337,1.14921,-0.00353911,0,1.14921
2125,0.945528,2.80846,0.876503,0.966822,-0.0738714,0,0.96964,0.108461,-0.303251,0,0.322063,0.92451,-0.168504,0.977771,1.02252,-0.0781272,0,1.0255
2126,0.962295,2.85156,0.852932,0.960061,-0.0837476,0,0.963707,0.0821503,-0.286284,0,0.297838,0.947601,-0.116963,0.984731,0.997679,-0.087029,0,1.00147
2127,1.14052,3.2991,0.586459,0.812916,-0.0147287,0,0.813049,1.00263,0.0046963,0,1.00265,1.20372,0.454731,1.05541,0.712756,-0.012914,0,0.712873
2128,1.14698,3.29977,0.51536,0.723034,0.0343682,0,0.72385,1.00246,-0.00053136,0,1.00246,1.22855,0.510148,1.07111,0.630379,0.029964,0,0.631091
2129,1.11495,3.23585,0.626953,0.845707,-0.0137687,0,0.845819,1.00661,0.0158005,0,1.00673,1.16601,0.370554,1.04579,0.758515,-0.0123492,0,0.758616
2130,0.997499,2.94157,0.803253,0.943879,0.0840071,0,0.94761,0.893328,-0.278144,0,0.935628,0.996584,-0.00762499,0.999083,0.946246,0.0842177,0,0.949986
2131,1.15632,3.34162,0.574578,0.807968,0.0332005,0,0.80865,1.00227,-0.00156139,0,1.00227,1.22354,0.498982,1.05814,0.698744,0.0287123,0,0.699334
2132,1.15429,3.33369,0.566703,0.795602,0.044394,0,0.796839,1.00199,-0.00247883,0,1.00199,1.22346,0.498794,1.05993,0.689259,0.0384601,0,0.690331
2133,1.10543,3.21217,0.641582,0.856596,-0.0126882,0,0.85669,1.01062,0.0237717,0,1.0109,1.15208,0.339474,1.04221,0.7749,-0.0114781,0,0.774985
2134,1.14027,3.29875,0.587986,0.812941,0.0556653,0,0.814845,1.00401,-0.00609251,0,1.00403,1.20304,0.45322,1.05506,0.71294,0.0488178,0,0.71461
2135,1.13139,3.27671,0.601743,0.823858,0.0615078,0,0.826151,1.00552,-0.00903571,0,1.00556,1.19003,0.424174,1.05183,0.728186,0.0543651,0,0.730212
2136,1.12161,3.25233,0.616462,0.83756,-0.0120824,0,0.837647,1.00609,0.0115853,0,1.00616,1.17582,0.392447,1.04833,0.746748,-0.0107723,0,0.746826
2137,1.13002,3.27324,0.603586,0.827475,-0.00734225,0,0.827508,1.00524,0.00689384,0,1.00526,1.1881,0.419867,1.0514,0.732267,-0.00649746,0,0.732296
2138,0.850202,2.55999,1.00962,0.980353,0.073882,0,0.983133,0.163577,0.316065,0,0.355885,0.796627,-0.453958,0.936986,1.15308,0.0868993,0,1.15635
2139,1.11924,3.2481,0.626226,0.832141,0.164064,0,0.848161,-0.0575734,0.0589213,0,0.0823797,1.17069,0.381009,1.04597,0.743488,0.146585,0,0.7578
2140,0.836075,2.52255,1.02895,0.981978,0.0151839,0,0.982095,0.334556,0.36991,0,0.49876,0.778296,-0.494875,0.930893,1.17451,0.0181609,0,1.17465
2141,1.03168,3.02813,0.753905,0.922392,0.0838063,0,0.926192,0.988589,-0.182144,0,1.00523,1.04495,0.100342,1.01287,0.894072,0.0812332,0,0.897755
2142,0.89557,2.67861,0.945011,0.979487,0.0179294,0,0.979652,0.359218,-0.388641,0,0.529225,0.857121,-0.318927,0.957067,1.0937,0.0200201,0,1.09389
2143,1.01649,2.98983,0.776235,0.920307,0.174555,0,0.936715,-0.0250953,0.155594,0,0.157605,1.02329,0.0519853,1.00669,0.905381,0.171724,0,0.921522
2144,1.16303,3.35556,0.553703,0.771504,0.147803,0,0.785535,-0.0501369,0.0255768,0,0.056284,1.23611,0.527035,1.06284,0.663357,0.127085,0,0.675421
2145,1.2043,3.45665,0.482707,0.71352,0.028379,0,0.714084,-0.0439736,-0.0146121,0,0.0463378,1.29798,0.665125,1.07778,0.592475,0.0235646,0,0.592944
2146,1.13427,3.2838,0.59702,0.822101,-0.0121847,0,0.822191,1.00373,0.00619636,0,1.00375,1.19433,0.433763,1.05295,0.724784,-0.0107424,0,0.724864
2147,1.15106,3.32519,0.569808,0.796588,0.0580915,0,0.798703,1.00172,-0.00428048,0,1.00173,1.21923,0.489359,1.05923,0.692047,0.0504678,0,0.693884
2148,1.12592,3.26298,0.609596,0.832061,-0.0123449,0,0.832152,1.00509,0.00917776,0,1.00513,1.18219,0.406664,1.04997,0.739005,-0.0109642,0,0.739086
2149,1.14673,3.31453,0.576934,0.803227,0.0538262,0,0.805029,1.00283,-0.00462735,0,1.00284,1.21278,0.474959,1.0576,0.700452,0.046939,0,0.702023
2150,1.15147,3.32646,0.570193,0.798082,0.0474361,0,0.799491,1.00226,-0.00321507,0,1.00227,1.21956,0.490095,1.05914,0.6931,0.0411962,0,0.694324
2151,1.09502,3.18671,0.659026,0.86971,-0.0171441,0,0.869879,1.01193,0.040289,0,1.01273,1.13648,0.304637,1.03786,0.794238,-0.0156564,0,0.794393
2152,1.14311,3.30532,0.581673,0.808368,-0.0219683,0,0.808666,1.00155,0.0043075,0,1.00156,1.20771,0.463646,1.05651,0.707164,-0.019218,0,0.707425
2153,1.00437,2.95906,0.793528,0.940071,0.0847584,0,0.943884,0.915826,-0.260472,0,0.952146,1.00622,0.0138752,1.00184,0.935981,0.0843896,0,0.939777
2154,1.0108,2.97538,0.784337,0.936273,0.0851175,0,0.940134,0.935583,-0.242993,0,0.966624,1.01527,0.0340885,1.00443,0.926271,0.0842082,0,0.930091
2155,1.15694,3.34129,0.566414,0.797523,-0.035031,0,0.798292,-0.0620205,-0.0506908,0,0.0801006,1.22635,0.505252,1.05999,0.689336,-0.0302789,0,0.690001
2156,1.18467,3.40881,0.517865,0.75108,-0.00188037,0,0.751082,-0.0521451,-0.0264571,0,0.058473,1.26829,0.598852,1.07058,0.634001,-0.00158725,0,0.634003
2157,1.10636,3.21472,0.640995,0.853674,0.0717732,0,0.856686,1.0119,-0.0234935,0,1.01218,1.15322,0.342,1.04235,0.771607,0.0648734,0,0.774329
2158,1.14578,3.31193,0.577488,0.804991,-0.0124722,0,0.805087,1.00213,0.00327533,0,1.00214,1.21163,0.472393,1.05748,0.702571,-0.0108854,0,0.702655
2159,1.20799,3.46575,0.476489,0.701508,0.0914848,0,0.707449,-0.0400908,-0.000372886,0,0.0400925,1.30344,0.677321,1.07901,0.580721,0.0757328,0,0.585639
2160,1.14261,3.30587,0.589235,0.81603,-0.0587393,0,0.818142,-0.0607717,-0.0701939,0,0.0928461,1.20518,0.458001,1.05476,0.714181,-0.051408,0,0.716029
2161,1.1347,3.28646,0.602267,0.826481,-0.0676662,0,0.829247,-0.0598089,-0.0806236,0,0.100386,1.19338,0.431653,1.05171,0.728367,-0.0596333,0,0.730805
2162,1.10874,3.22199,0.642265,0.843078,0.170283,0,0.860102,-0.0560876,0.0681279,0,0.0882452,1.15535,0.346764,1.04204,0.760392,0.153582,0,0.775747
2163,0.837746,2.52706,1.02694,0.980723,0.0586339,0,0.982474,0.198579,0.33149,0,0.386418,0.780383,-0.490216,0.931527,1.17067,0.06999,0,1.17276
2164,0.827015,2.49841,1.04113,0.98029,0.035068,0,0.980917,0.267703,0.353724,0,0.443605,0.766671,-0.520824,0.927034,1.18533,0.0424031,0,1.18609
2165,0.829703,2.5056,1.03762,0.980327,0.0452977,0,0.981373,0.234226,0.344117,0,0.416267,0.770088,-0.513197,0.928148,1.18154,0.0545951,0,1.1828
2166,1.04039,3.05042,0.742353,0.91499,-0.106193,0,0.921132,-0.00833949,-0.200678,0,0.200852,1.05706,0.127365,1.01602,0.87947,-0.10207,0,0.885373
2167,1.11375,3.23322,0.630125,0.846282,0.0662167,0,0.848869,1.01062,-0.017849,0,1.01078,1.16389,0.365829,1.04502,0.75985,0.0594538,0,0.762172
2168,0.968562,2.86757,0.84388,0.957949,0.0762516,0,0.960979,0.782051,-0.340801,0,0.853082,0.956337,-0.0974623,0.987378,0.989043,0.0787266,0,0.992171
2169,0.976045,2.88677,0.83345,0.954651,0.0788592,0,0.957903,0.812618,-0.326893,0,0.875903,0.966686,-0.0743605,0.990412,0.978081,0.0807946,0,0.981413
2170,0.983226,2.90515,0.823412,0.951284,0.080959,0,0.954723,0.840889,-0.312063,0,0.896927,0.976651,-0.0521192,0.993313,0.967514,0.0823402,0,0.971011
2171,0.990348,2.92334,0.81338,0.947698,0.082703,0,0.951299,0.867912,-0.295733,0,0.916913,0.986578,-0.0299599,0.996194,0.956934,0.083509,0,0.960571
2172,1.20696,3.4631,0.477841,0.705872,0.0639059,0,0.708759,-0.0418484,-0.00560624,0,0.0422223,1.302,0.674105,1.07875,0.584836,0.0529479,0,0.587228
2173,1.16363,3.35758,0.554791,0.787146,-0.0198644,0,0.787396,-0.0617885,-0.040704,0,0.0739908,1.23647,0.527836,1.0626,0.676456,-0.017071,0,0.676671
2174,1.14097,3.30167,0.591271,0.80646,0.146212,0,0.819607,-0.0588113,0.0397055,0,0.0709598,1.20291,0.452935,1.05429,0.706819,0.128147,0,0.718342
2175,1.04565,3.06358,0.734353,0.913211,0.0809284,0,0.91679,1.01165,-0.140894,0,1.02142,1.06467,0.144356,1.01819,0.873343,0.0773953,0,0.876765
2176,1.05192,3.07959,0.725969,0.909324,0.079261,0,0.912772,1.01821,-0.123156,0,1.02563,1.07343,0.163912,1.02045,0.864438,0.0753485,0,0.867716
2177,1.05723,3.09299,0.718453,0.905371,0.0784824,0,0.908766,1.02064,-0.107512,0,1.02628,1.08096,0.180725,1.02245,0.856365,0.0742343,0,0.859577
2178,1.07799,3.14537,0.688928,0.889037,0.0714264,0,0.891901,1.02513,-0.0594705,0,1.02685,1.11056,0.24679,1.03021,0.824717,0.0662588,0,0.827374
2179,1.07258,3.1316,0.696146,0.892795,0.0745867,0,0.895905,1.02504,-0.0691108,0,1.02737,1.10297,0.229854,1.02834,0.83238,0.0695395,0,0.83528
2180,1.0261,3.01431,0.762944,0.925168,-0.104787,0,0.931083,0.00481832,-0.217258,0,0.217312,1.03675,0.0820335,1.01038,0.901637,-0.102122,0,0.907402
2181,1.01112,2.97641,0.784574,0.935215,-0.101348,0,0.940691,0.0208528,-0.23558,0,0.236501,1.01553,0.034669,1.00436,0.924927,-0.100233,0,0.930342
2182,0.994813,2.93486,0.80755,0.94461,-0.0965424,0,0.949531,0.0396729,-0.254156,0,0.257234,0.992683,-0.0163323,0.997859,0.949536,-0.0970458,0,0.954482
2183,1.11496,3.23753,0.632986,0.84915,-0.08473,0,0.853367,-0.0549563,-0.105905,0,0.119315,1.16438,0.366922,1.04432,0.761594,-0.0759935,0,0.765376
2184,1.1021,3.20542,0.652221,0.862196,-0.0927679,0,0.867173,-0.0500994,-0.123228,0,0.133023,1.1457,0.325229,1.03956,0.782321,-0.0841737,0,0.786836
2185,1.08776,3.1697,0.673949,0.87646,-0.0992897,0,0.882066,-0.0427907,-0.140888,0,0.147243,1.12483,0.278629,1.03407,0.805744,-0.0912787,0,0.810898
2186,1.05265,3.08115,0.723973,0.910266,-0.0396054,0,0.911127,0.983383,0.17648,0,0.999093,1.07474,0.16682,1.02098,0.864738,-0.0376245,0,0.865556
2187,1.04648,3.06556,0.732733,0.914629,-0.0440587,0,0.91569,0.966505,0.198652,0,0.986709,1.06597,0.147261,1.01863,0.874006,-0.0421018,0,0.875019
2188,1.04024,3.04983,0.741797,0.919136,-0.0477997,0,0.920378,0.948048,0.219393,0,0.973102,1.05707,0.127378,1.01617,0.883581,-0.0459507,0,0.884775
2189,1.03376,3.03347,0.751132,0.923597,-0.0509023,0,0.924999,0.92822,0.238763,0,0.958437,1.04785,0.106815,1.01363,0.893432,-0.0492398,0,0.894788
2190,1.02706,3.01657,0.760921,0.928197,-0.0535692,0,0.929742,0.906708,0.256984,0,0.942423,1.0383,0.0854854,1.01094,0.903741,-0.0521577,0,0.905245
2191,1.0199,2.99846,0.771299,0.932857,-0.0557275,0,0.93452,0.883263,0.274193,0,0.924843,1.02813,0.0627819,1.00807,0.914656,-0.0546403,0,0.916287
2192,1.01197,2.97838,0.782714,0.937737,-0.0574016,0,0.939492,0.857312,0.290794,0,0.905287,1.01691,0.0377502,1.00488,0.926643,-0.0567225,0,0.928377
2193,1.00308,2.9558,0.795454,0.942893,-0.0584138,0,0.9447,0.828209,0.307161,0,0.883334,1.00437,0.00976448,1.00129,0.940001,-0.0582346,0,0.941803
2194,0.993325,2.93099,0.809374,0.948199,-0.0585645,0,0.950006,0.796162,0.322911,0,0.859154,0.990682,-0.0207997,0.997339,0.95457,-0.058958,0,0.956389
2195,0.98285,2.90427,0.824241,0.953453,-0.0578163,0,0.955204,0.76193,0.337391,0,0.833288,0.976043,-0.0534761,0.993074,0.97009,-0.0588251,0,0.971872
2196,0.971767,2.87592,0.839851,0.958481,-0.0561778,0,0.960126,0.726273,0.350182,0,0.806288,0.960643,-0.0878513,0.988552,0.986328,-0.0578099,0,0.988021
2197,0.960893,2.84807,0.855256,0.96311,-0.053444,0,0.964592,0.690074,0.361046,0,0.778817,0.945566,-0.121505,0.984048,1.00231,-0.0556191,0,1.00385
2198,0.951056,2.82287,0.869387,0.96716,-0.0496524,0,0.968434,0.654202,0.369886,0,0.751529,0.931923,-0.151959,0.979882,1.01693,-0.0522076,0,1.01827
2199,0.939716,2.79357,0.884998,0.970682,-0.0457723,0,0.97176,0.618517,0.376732,0,0.724217,0.91645,-0.186495,0.975241,1.03295,-0.0487087,0,1.0341
2200,0.932944,2.77611,0.894569,0.963909,0.138137,0,0.973757,0.0422684,0.237014,0,0.240754,0.907173,-0.207202,0.972378,1.03319,0.148066,0,1.04375
2201,0.880608,2.63985,0.967062,0.976675,0.104533,0,0.982253,0.104089,0.281415,0,0.300048,0.836813,-0.364256,0.950268,1.10909,0.118706,0,1.11543
2202,0.895819,2.67953,0.945644,0.97355,0.116376,0,0.980481,0.0832822,0.268113,0,0.28075,0.857184,-0.318785,0.956872,1.08677,0.12991,0,1.09451
2203,0.914504,2.72802,0.91915,0.976388,0.0343125,0,0.976991,0.474003,-0.396634,0,0.61806,0.88246,-0.262365,0.964961,1.06767,0.0375204,0,1.06833
2204,0.918168,2.73748,0.91385,0.975195,0.0410932,0,0.976061,0.516186,-0.396675,0,0.650999,0.887471,-0.251181,0.966567,1.06211,0.0447557,0,1.06305
2205,1.05034,3.07671,0.732164,0.900619,0.179978,0,0.918427,-0.0398747,0.125394,0,0.131581,1.07007,0.156406,1.01878,0.857452,0.171351,0,0.874406
2206,1.0621,3.10633,0.715168,0.890776,0.181964,0,0.909172,-0.0443361,0.115018,0,0.123268,1.08688,0.193926,1.02333,0.838692,0.171325,0,0.856012
2207,1.07231,3.13064,0.695524,0.876904,0.178808,0,0.894949,-0.0487389,0.101599,0,0.112684,1.10287,0.229621,1.0285,0.817771,0.166751,0,0.834599
2208,1.08477,3.16186,0.677201,0.86551,0.177496,0,0.883523,-0.0520588,0.0900643,0,0.104027,1.12082,0.26969,1.03324,0.797878,0.163626,0,0.814483
2209,1.09786,3.19509,0.659502,0.855184,0.174027,0,0.872712,-0.0545707,0.0781624,0,0.0953274,1.13929,0.310913,1.03774,0.778955,0.158515,0,0.794921
2210,0.913166,2.72474,0.921686,0.969632,0.126608,0,0.977863,0.0636305,0.254699,0,0.262527,0.880466,-0.266817,0.96419,1.06184,0.138647,0,1.07085
2211,0.96737,2.86449,0.845458,0.94816,0.158807,0,0.961367,0.00900159,0.201229,0,0.20143,0.954714,-0.101084,0.986918,0.980142,0.164164,0,0.993795
2212,0.999542,2.94687,0.800693,0.931542,0.169678,0,0.946869,-0.0141174,0.171689,0,0.172269,0.999353,-0.00144524,0.99981,0.931968,0.169756,0,0.947302
2213,0.899387,2.68881,0.940579,0.979383,-0.0320519,0,0.979908,0.512925,0.384415,0,0.640989,0.861996,-0.308045,0.958426,1.08895,-0.0356375,0,1.08953
2214,0.880612,2.63975,0.966663,0.981617,-0.0242857,0,0.981917,0.477199,0.384197,0,0.612639,0.836926,-0.364005,0.950391,1.1147,-0.0275782,0,1.11504
2215,0.8683,2.60743,0.983674,0.982383,-0.014117,0,0.982485,0.441161,0.382618,0,0.583969,0.820637,-0.400364,0.945107,1.13139,-0.0162582,0,1.1315
2216,1.06416,3.11042,0.708369,0.902546,-0.0305608,0,0.903063,1.00861,0.131853,0,1.01719,1.0909,0.202896,1.02513,0.848132,-0.0287183,0,0.848618
2217,1.07734,3.14353,0.689082,0.891312,-0.0204735,0,0.891547,1.01942,0.082596,0,1.02276,1.10985,0.245205,1.03017,0.827324,-0.0190037,0,0.827543
2218,1.07361,3.13427,0.694964,0.895066,-0.0234961,0,0.895374,1.01792,0.0940317,0,1.02225,1.10436,0.232948,1.02865,0.8337,-0.0218852,0,0.833987
2219,1.06912,3.12299,0.701436,0.898794,-0.0269078,0,0.899197,1.01347,0.11173,0,1.01961,1.09794,0.218613,1.02695,0.840683,-0.0251681,0,0.84106
2220,0.923509,2.75133,0.906413,0.973729,0.0473787,0,0.974881,0.555791,-0.394968,0,0.681838,0.894709,-0.235024,0.968815,1.05438,0.0513029,0,1.05563
2221,0.929928,2.76798,0.897571,0.97196,0.0532158,0,0.973416,0.594241,-0.391451,0,0.711587,0.903403,-0.215619,0.971476,1.0452,0.0572257,0,1.04676
2222,0.937067,2.78645,0.887674,0.969759,0.0590049,0,0.971553,0.634873,-0.385166,0,0.742574,0.913117,-0.193934,0.974442,1.03489,0.0629677,0,1.0368
2223,0.910033,2.71657,0.925936,0.977199,-0.0473491,0,0.978346,0.175805,-0.338944,0,0.381826,0.876269,-0.276185,0.962898,1.07381,-0.05203,0,1.07507
2224,0.895011,2.67742,0.946732,0.980016,-0.032428,0,0.980552,0.213079,-0.353451,0,0.41271,0.856112,-0.321178,0.956538,1.09498,-0.0362319,0,1.09558
2225,0.884915,2.65105,0.960798,0.981499,-0.0180003,0,0.981664,0.249593,-0.364585,0,0.441836,0.84262,-0.351294,0.952205,1.10914,-0.0203413,0,1.10933
2226,0.881752,2.64276,0.965157,0.98189,-0.003912,0,0.981897,0.285586,-0.373972,0,0.470547,0.838421,-0.360668,0.950857,1.11357,-0.00443662,0,1.11358
2227,0.886079,2.65395,0.958672,0.981079,0.00878838,0,0.981118,0.322839,-0.38231,0,0.500386,0.84431,-0.347521,0.952862,1.10721,0.00991828,0,1.10726
2228,0.954797,2.83223,0.863214,0.964112,0.0640752,0,0.966239,0.707484,-0.420901,0,0.82322,0.93733,-0.139888,0.981706,1.00976,0.0671087,0,1.01198
2229,1.14176,3.30216,0.584492,0.811323,-0.00927783,0,0.811376,1.00308,0.00374101,0,1.00309,1.20555,0.458808,1.05586,0.710589,-0.00812589,0,0.710635
2230,1.05057,3.0761,0.727649,0.899554,0.159027,0,0.913503,-0.054073,0.139842,0,0.149932,1.07158,0.159769,1.02,0.856254,0.151372,0,0.869531
2231,1.1117,3.22934,0.637706,0.844395,0.144919,0,0.856741,-0.0693152,0.0653452,0,0.0952607,1.15969,0.356445,1.04316,0.759551,0.130357,0,0.770656
2232,1.10302,3.20783,0.651317,0.853692,0.150076,0,0.866784,-0.0683561,0.0749503,0,0.10144,1.1469,0.327908,1.03979,0.773963,0.13606,0,0.785831
2233,1.10925,3.22222,0.637749,0.85232,0.0663688,0,0.8549,1.01233,-0.0204309,0,1.01254,1.15711,0.350696,1.04315,0.768378,0.0598324,0,0.770704
2234,1.18883,3.41878,0.509816,0.74226,0.0220375,0,0.742587,-0.0516938,-0.0178161,0,0.0546778,1.27474,0.61326,1.07227,0.624364,0.0185372,0,0.624639
2235,0.970128,2.8716,0.841732,0.957743,0.0712142,0,0.960387,0.783367,-0.392594,0,0.876238,0.958491,-0.092655,0.988005,0.987234,0.0734071,0,0.989959
2236,0.96344,2.85468,0.851963,0.953776,0.139317,0,0.963897,0.0113856,0.247358,0,0.24762,0.949002,-0.113835,0.985015,0.989969,0.144604,0,1.00047
2237,0.998191,2.94334,0.802311,0.944046,0.0782354,0,0.947282,0.903873,-0.320263,0,0.958934,0.997543,-0.0054844,0.999351,0.945756,0.0783772,0,0.948998
2238,0.953645,2.8294,0.865275,0.964891,-0.0649984,0,0.967078,0.104266,-0.346125,0,0.361488,0.935619,-0.143707,0.981098,1.01179,-0.0681579,0,1.01409
2239,1.11414,3.23399,0.628773,0.847446,-0.00751631,0,0.847479,1.0095,0.0151971,0,1.00962,1.16467,0.367562,1.04535,0.760627,-0.00674629,0,0.760657
2240,1.08853,3.17094,0.670393,0.875447,0.0721457,0,0.878415,1.0195,-0.0427889,0,1.02039,1.1266,0.2826,1.03498,0.804247,0.0662781,0,0.806974
2241,1.10213,3.20392,0.64646,0.860061,-0.0108113,0,0.860129,1.01237,0.0273539,0,1.01274,1.14732,0.328832,1.041,0.780362,-0.00980949,0,0.780424
2242,1.11738,3.2418,0.622947,0.842582,-0.00943624,0,0.842635,1.00764,0.0131129,0,1.00772,1.16963,0.378639,1.04677,0.754072,-0.008445,0,0.754119
2243,0.864836,2.59843,0.988857,0.980242,0.0719498,0,0.982879,0.164484,0.363344,0,0.398841,0.815965,-0.410793,0.943491,1.13344,0.0831947,0,1.13649
2244,1.13708,3.29067,0.592221,0.817975,-0.0103667,0,0.81804,1.0036,0.00511205,0,1.00362,1.19857,0.443227,1.05407,0.719362,-0.00911691,0,0.71942
2245,1.09595,3.18878,0.656806,0.867828,-0.0120625,0,0.867912,1.01556,0.0351958,0,1.01617,1.13805,0.308139,1.03841,0.791853,-0.0110065,0,0.79193
2246,1.19124,3.42456,0.505165,0.735949,0.0498658,0,0.737636,-0.0499969,-0.00852071,0,0.0507177,1.27847,0.621591,1.07323,0.617802,0.0418605,0,0.619219
2247,1.12786,3.23299,0.463513,0.643278,0.000914747,0,0.643279,1.00292,0.000258214,0,1.00292,1.21982,0.490659,1.08154,0.570355,0.00081105,0,0.570356
2248,1.12844,3.23479,0.464119,0.643857,0.0269104,0,0.644419,1.00293,-0.000156539,0,1.00293,1.22032,0.491777,1.08142,0.570573,0.0238474,0,0.571071
2249,1.0937,3.18339,0.660949,0.868255,0.0710981,0,0.871161,1.01751,-0.0347778,0,1.0181,1.13458,0.300393,1.03737,0.793867,0.0650068,0,0.796524
2250,0.839286,2.5312,1.02503,0.982234,0.0323597,0,0.982767,0.272873,0.404454,0,0.487896,0.782324,-0.485883,0.932131,1.17032,0.0385562,0,1.17096
2251,1.1151,3.23768,0.632105,0.850091,-0.0623135,0,0.852372,-0.0710731,-0.102752,0,0.124937,1.16476,0.367775,1.04454,0.762345,-0.0558815,0,0.764391
2252,1.17478,3.38536,0.537767,0.761198,0.128093,0,0.7719,-0.0502925,0.0171634,0,0.0531405,1.25271,0.564076,1.06633,0.647949,0.109036,0,0.657059
2253,1.20174,3.4518,0.493126,0.718465,0.112612,0,0.727237,-0.0410367,0.00631892,0,0.0415204,1.2927,0.653349,1.07569,0.597855,0.0937077,0,0.605154
2254,1.06451,3.11158,0.70879,0.901137,0.0700352,0,0.903854,1.03379,-0.0879792,0,1.03752,1.09114,0.203448,1.02502,0.846524,0.0657908,0,0.849077
2255,1.06871,3.12185,0.701698,0.896504,0.0689731,0,0.899154,1.03349,-0.076534,0,1.03632,1.09744,0.217497,1.02688,0.838868,0.0645388,0,0.841347
2256,0.914033,2.72691,0.920188,0.977126,0.0244338,0,0.977431,0.409952,-0.446425,0,0.606099,0.881718,-0.264023,0.964646,1.06903,0.0267319,0,1.06936
2257,0.969608,2.87037,0.842821,0.958133,-0.0736538,0,0.96096,0.0748232,-0.325629,0,0.334115,0.957669,-0.0944881,0.987687,0.988165,-0.0759624,0,0.991081
2258,1.16969,3.37224,0.543804,0.776707,-0.000710415,0,0.776707,-0.0613214,-0.0303736,0,0.0684315,1.24575,0.548538,1.06502,0.664025,-0.000607351,0,0.664026
2259,0.859668,2.58491,0.99635,0.983181,0.00332489,0,0.983186,0.381849,0.42847,0,0.57393,0.809075,-0.426171,0.941149,1.14368,0.00386765,0,1.14368
2260,0.897125,2.68293,0.943813,0.97505,0.101289,0,0.980297,0.09789,0.322305,0,0.336843,0.858938,-0.31487,0.957434,1.08686,0.112904,0,1.09271
2261,1.02101,3.00147,0.770421,0.921269,0.1572,0,0.934585,-0.0383904,0.176219,0,0.180352,1.02949,0.0658349,1.00831,0.902313,0.153966,0,0.915354
2262,1.1208,3.25196,0.623762,0.834789,0.138761,0,0.846243,-0.069688,0.0549919,0,0.0887723,1.17299,0.386149,1.04657,0.744814,0.123805,0,0.755034
2263,1.006,2.96334,0.791716,0.930715,0.154769,0,0.943496,-0.0275398,0.193819,0,0.195766,1.00836,0.0186629,1.00235,0.925167,0.153846,0,0.937871
2264,0.87338,2.62103,0.977568,0.983061,-0.00675389,0,0.983085,0.419881,0.43277,0,0.602984,0.827098,-0.385943,0.947008,1.12558,-0.00773305,0,1.12561
2265,0.844087,2.54385,1.01819,0.982686,0.0215285,0,0.982922,0.308155,0.414312,0,0.516347,0.788622,-0.471825,0.934291,1.1642,0.0255051,0,1.16448
2266,1.08558,3.16341,0.67422,0.880533,-0.0125021,0,0.880622,1.02313,0.0553533,0,1.02463,1.12249,0.273424,1.034,0.811116,-0.0115165,0,0.811197
2267,0.962521,2.85208,0.85239,0.960997,0.0680027,0,0.9634,0.746715,-0.407549,0,0.850693,0.947977,-0.116124,0.984889,0.998416,0.0706506,0,1.00091
2268,1.02992,3.02376,0.756726,0.924515,0.0770199,0,0.927718,1.00191,-0.208985,0,1.02347,1.04237,0.0945848,1.0121,0.89766,0.0747826,0,0.900769
2269,0.984563,2.90865,0.821818,0.95107,-0.0795494,0,0.954391,0.0507169,-0.30727,0,0.311428,0.978431,-0.0481458,0.993772,0.965982,-0.0807967,0,0.969355
2270,1.10222,3.20442,0.647297,0.85839,0.069859,0,0.861228,1.01387,-0.0270177,0,1.01423,1.14718,0.32853,1.04079,0.778782,0.0633802,0,0.781357
2271,1.12155,3.25251,0.617727,0.836851,0.0627746,0,0.839202,1.0083,-0.0128809,0,1.00838,1.17542,0.391556,1.04803,0.746153,0.0559711,0,0.748249
2272,0.951081,2.82289,0.8692,0.967282,-0.043912,0,0.968278,0.646508,0.424688,0,0.77352,0.931999,-0.151787,0.979937,1.01703,-0.0461707,0,1.01808
2273,0.94709,2.81239,0.873971,0.96698,0.0594889,0,0.968808,0.666213,-0.432183,0,0.794116,0.92675,-0.163504,0.978523,1.021,0.0628122,0,1.02293
2274,1.02337,3.00725,0.76634,0.929003,0.0783933,0,0.932305,0.985956,-0.233775,0,1.01329,1.03303,0.073731,1.00944,0.90779,0.0766032,0,0.911016
2275,1.03661,3.04063,0.746952,0.919767,0.0759776,0,0.9229,1.01501,-0.183726,0,1.03151,1.05192,0.11589,1.01477,0.887287,0.0732946,0,0.890309
2276,0.880944,2.64073,0.966602,0.978354,0.0872355,0,0.982235,0.128984,0.34338,0,0.366806,0.837258,-0.363263,0.95041,1.11057,0.099025,0,1.11498
2277,1.1532,3.33329,0.577073,0.809741,0.00544643,0,0.809759,1.00266,0.00120659,0,1.00266,1.2196,0.490168,1.05757,0.702166,0.00472286,0,0.702181
2278,1.14906,3.32028,0.57318,0.801713,-0.00666097,0,0.801741,1.00234,0.00218072,0,1.00235,1.21623,0.482659,1.05846,0.697713,-0.0057969,0,0.697737
2279,1.05918,3.09774,0.714971,0.906043,-0.027072,0,0.906447,1.01793,0.150224,0,1.02896,1.08395,0.187384,1.02338,0.855416,-0.0255593,0,0.855798
2280,1.08006,3.15001,0.683887,0.884913,0.0694916,0,0.887637,1.02613,-0.0547552,0,1.02759,1.1141,0.254695,1.03152,0.819317,0.0643405,0,0.82184
2281,1.08035,3.15079,0.683741,0.887622,-0.0115226,0,0.887697,1.02961,0.0652071,0,1.03167,1.11444,0.255441,1.03156,0.821609,-0.0106657,0,0.821679
2282,0.936599,2.78544,0.889028,0.970853,-0.0538756,0,0.972347,0.139432,-0.367852,0,0.393391,0.912282,-0.195798,0.974037,1.03657,-0.0575226,0,1.03817
2283,0.907033,2.70862,0.929598,0.978248,0.017814,0,0.97841,0.370452,-0.441748,0,0.576521,0.872368,-0.284892,0.961782,1.07851,0.0196399,0,1.07869
2284,1.07402,3.13545,0.694918,0.893173,0.066713,0,0.895661,1.03307,-0.0643686,0,1.03507,1.10479,0.233914,1.02866,0.83162,0.0621155,0,0.833937
2285,1.0347,3.03571,0.749392,0.909982,0.159792,0,0.923905,-0.0471834,0.156773,0,0.16372,1.04929,0.110022,1.01411,0.879469,0.154434,0,0.892925
2286,1.13734,3.29278,0.597322,0.823979,-0.0369711,0,0.824808,-0.0737746,-0.0666366,0,0.0994139,1.19748,0.440808,1.05288,0.724476,-0.0325065,0,0.725205
2287,1.13132,3.27802,0.60731,0.831973,-0.0456466,0,0.833224,-0.0733363,-0.0765286,0,0.105995,1.18847,0.420697,1.05052,0.735399,-0.040348,0,0.736505
2288,1.15569,3.34065,0.577699,0.811819,0.028862,0,0.812332,1.00271,-0.00111561,0,1.00271,1.22206,0.495675,1.05743,0.702452,0.0249737,0,0.702895
2289,1.1504,3.32387,0.572112,0.799555,0.0524387,0,0.801272,1.00219,-0.00399301,0,1.0022,1.21793,0.486451,1.0587,0.695024,0.0455831,0,0.696517
2290,1.14231,3.30368,0.584216,0.809745,0.0519244,0,0.811408,1.00382,-0.00500452,0,1.00383,1.2062,0.460263,1.05593,0.708865,0.0454555,0,0.710321
2291,1.1531,3.33099,0.569514,0.798706,0.0403946,0,0.799727,1.00243,-0.00210552,0,1.00243,1.22146,0.494341,1.05929,0.692663,0.0350314,0,0.693548
2292,1.10763,3.21775,0.63858,0.854639,-0.00868552,0,0.854684,1.01122,0.0207747,0,1.01144,1.1552,0.346431,1.04295,0.771593,-0.00784153,0,0.771632
2293,1.13193,3.27827,0.601658,0.824578,0.055449,0,0.826441,1.00625,-0.00787715,0,1.00628,1.19063,0.425508,1.05185,0.72847,0.0489862,0,0.730116
2294,0.850046,2.55954,1.00967,0.982915,0.0123378,0,0.982992,0.344506,0.422379,0,0.545058,0.796468,-0.454313,0.93697,1.15631,0.0145143,0,1.1564
2295,1.12716,3.26624,0.608315,0.831409,-0.00742272,0,0.831442,1.00587,0.00806669,0,1.0059,1.18383,0.410345,1.05028,0.737611,-0.0065853,0,0.73764
2296,1.14686,3.3151,0.577662,0.804657,0.0477746,0,0.806074,1.00323,-0.00364519,0,1.00324,1.21273,0.474844,1.05744,0.701618,0.0416569,0,0.702853
2297,1.09209,3.17944,0.663624,0.873012,-0.0132842,0,0.873113,1.01713,0.043198,0,1.01804,1.13217,0.295015,1.0367,0.799395,-0.012164,0,0.799487
2298,1.00485,2.96031,0.792957,0.940433,0.0788127,0,0.94373,0.928247,-0.299236,0,0.975287,1.00686,0.0153081,1.002,0.935896,0.0784324,0,0.939177
2299,1.01108,2.97617,0.784137,0.936867,0.0789525,0,0.940188,0.94938,-0.278352,0,0.989344,1.01562,0.0348573,1.00448,0.926596,0.078087,0,0.929881
2300,1.01711,2.99145,0.775507,0.93318,0.0788171,0,0.936503,0.968291,-0.25694,0,1.0018,1.02412,0.053844,1.0069,0.917484,0.0774913,0,0.92075
2301,1.14993,3.32388,0.577321,0.807655,-0.0144179,0,0.807784,-0.0728318,-0.0454454,0,0.0858473,1.21607,0.48229,1.05751,0.702352,-0.0125381,0,0.702464
2302,1.14387,3.3091,0.587676,0.816588,-0.0264333,0,0.817016,-0.0735587,-0.0559743,0,0.0924338,1.20693,0.461891,1.05513,0.713883,-0.0231087,0,0.714257
2303,1.13071,3.27647,0.608116,0.823543,0.130415,0,0.833805,-0.0695677,0.044751,0,0.0827184,1.18762,0.418785,1.05032,0.728339,0.115339,0,0.737415
2304,1.11726,3.24208,0.625295,0.843183,0.0624086,0,0.845489,1.01029,-0.0148906,0,1.0104,1.16887,0.376938,1.0462,0.754691,0.0558588,0,0.756756
2305,1.14418,3.30823,0.580982,0.808371,-0.0155771,0,0.808521,1.00203,0.0040427,0,1.00204,1.20902,0.466571,1.05667,0.706507,-0.0136142,0,0.706638
2306,1.1238,3.25936,0.61899,0.840768,-0.0536787,0,0.842479,-0.0728701,-0.0888479,0,0.114909,1.17743,0.396045,1.04772,0.748147,-0.0477653,0,0.74967
2307,0.851955,2.56443,1.00648,0.980906,0.0577933,0,0.982607,0.20215,0.380552,0,0.430911,0.799111,-0.448412,0.937974,1.15136,0.0678361,0,1.15336
2308,0.843908,2.54327,1.018,0.981562,0.0443789,0,0.982565,0.238888,0.393931,0,0.460705,0.788506,-0.472086,0.93435,1.16312,0.0525873,0,1.1643
2309,1.06639,3.11599,0.704961,0.896807,-0.0868028,0,0.900998,-0.0462,-0.184338,0,0.19004,1.09414,0.21014,1.02603,0.840976,-0.0813989,0,0.844906
2310,1.05311,3.08248,0.723912,0.907035,-0.089667,0,0.911457,-0.0349182,-0.203919,0,0.206887,1.07522,0.167908,1.021,0.861292,-0.0851449,0,0.86549
2311,0.977466,2.8904,0.831442,0.954425,0.0737236,0,0.957268,0.817,-0.376496,0,0.899576,0.968663,-0.0699494,0.990993,0.976427,0.0754232,0,0.979336
2312,0.984502,2.9084,0.821586,0.95109,0.0756587,0,0.954095,0.847869,-0.359299,0,0.920858,0.978436,-0.0481328,0.993839,0.966062,0.0768497,0,0.969114
2313,0.991362,2.92592,0.811934,0.947642,0.0771574,0,0.950778,0.876779,-0.340583,0,0.940606,0.987999,-0.0267878,0.996608,0.955899,0.0778297,0,0.959062
2314,1.19603,3.43727,0.50075,0.729925,0.0813541,0,0.734444,-0.0473146,-0.000913691,0,0.0473234,1.28471,0.635509,1.07414,0.610287,0.0680199,0,0.614066
2315,1.15085,3.3256,0.573725,0.792548,0.133464,0,0.803707,-0.0590289,0.0297152,0,0.0660863,1.21798,0.486568,1.05833,0.688664,0.11597,0,0.698361
2316,1.04275,3.05615,0.738089,0.915355,0.0752838,0,0.918446,1.02208,-0.158419,0,1.03429,1.06067,0.135422,1.01718,0.877825,0.072197,0,0.880789
2317,1.04872,3.07133,0.729941,0.91152,0.0736384,0,0.91449,1.02924,-0.137299,0,1.03835,1.06904,0.154113,1.01938,0.869175,0.0702174,0,0.872007
2318,1.05963,3.09912,0.715238,0.904329,0.0713071,0,0.907136,1.03335,-0.101844,0,1.03835,1.08433,0.188236,1.02331,0.853438,0.0672943,0,0.856087
2319,1.0545,3.08606,0.722216,0.907855,0.0721664,0,0.910719,1.03272,-0.117339,0,1.03936,1.07711,0.172132,1.02145,0.860938,0.0684369,0,0.863653
2320,1.04096,3.05194,0.741794,0.916618,-0.0898812,0,0.921014,-0.0227369,-0.225143,0,0.226288,1.0578,0.129015,1.01618,0.88055,-0.0863445,0,0.884773
2321,0.999411,2.94658,0.801039,0.943378,-0.0839569,0,0.947107,0.0287828,-0.287706,0,0.289142,0.999123,-0.00195871,0.999712,0.943934,-0.0840065,0,0.947665
2322,1.02799,3.01916,0.760419,0.925735,-0.0893471,0,0.930036,-0.00887763,-0.244847,0,0.245008,1.03938,0.0879083,1.01108,0.900526,-0.086914,0,0.90471
2323,1.01409,2.98392,0.780303,0.934789,-0.0874512,0,0.938871,0.00882143,-0.265951,0,0.266097,1.01972,0.0440238,1.00556,0.921803,-0.0862363,0,0.925828
2324,1.1055,3.21401,0.647521,0.861275,-0.0693764,0,0.864064,-0.068365,-0.118773,0,0.137043,1.15053,0.336007,1.04073,0.779082,-0.0627557,0,0.781606
2325,1.09348,3.18384,0.664921,0.872393,-0.0771069,0,0.875794,-0.0635162,-0.138861,0,0.152698,1.13325,0.297429,1.03637,0.797813,-0.0705151,0,0.800923
2326,1.08072,3.15205,0.684341,0.884885,-0.0824263,0,0.888716,-0.0563164,-0.159442,0,0.169095,1.11465,0.255923,1.0314,0.818794,-0.07627,0,0.822339
2327,1.05357,3.08348,0.722636,0.909879,-0.0308414,0,0.910402,1.0099,0.17756,0,1.02539,1.07605,0.169765,1.02134,0.863613,-0.0292732,0,0.864109
2328,1.04794,3.06925,0.730663,0.913968,-0.0347223,0,0.914628,0.995896,0.203887,0,1.01655,1.06805,0.151886,1.01919,0.872157,-0.0331339,0,0.872786
2329,1.04222,3.0548,0.738905,0.918087,-0.0383316,0,0.918887,0.979421,0.229156,0,1.00587,1.05989,0.133686,1.01696,0.880899,-0.0367789,0,0.881666
2330,1.03654,3.04055,0.747381,0.922372,-0.0417313,0,0.923316,0.960968,0.252935,0,0.993698,1.05173,0.115464,1.01465,0.889859,-0.0402603,0,0.890769
2331,1.03052,3.02539,0.756197,0.926612,-0.0445116,0,0.92768,0.940373,0.275458,0,0.979887,1.04314,0.0962893,1.01224,0.899167,-0.0431932,0,0.900203
2332,1.02417,3.00938,0.765529,0.930965,-0.0470272,0,0.932152,0.917476,0.296819,0,0.964295,1.03407,0.0760495,1.00967,0.908995,-0.0459174,0,0.910154
2333,1.01728,2.99196,0.775566,0.935432,-0.0491234,0,0.936721,0.89204,0.31714,0,0.946738,1.02427,0.0541825,1.00688,0.919546,-0.0482892,0,0.920813
2334,1.00959,2.97247,0.786633,0.940084,-0.0507317,0,0.941452,0.863644,0.336787,0,0.926988,1.0134,0.0299163,1.00378,0.931159,-0.0502501,0,0.932514
2335,1.00102,2.95072,0.798881,0.944957,-0.0516669,0,0.946368,0.831932,0.355859,0,0.904846,1.00135,0.00300712,1.00032,0.943991,-0.0516141,0,0.945401
2336,0.991628,2.92678,0.812202,0.949898,-0.0518094,0,0.95131,0.797292,0.373803,0,0.88057,0.988187,-0.0263672,0.996531,0.957918,-0.0522468,0,0.959342
2337,0.981474,2.90083,0.826449,0.954746,-0.0511562,0,0.956115,0.760569,0.389951,0,0.854709,0.974051,-0.0579224,0.992437,0.972768,-0.0521218,0,0.974163
2338,0.971104,2.87429,0.841024,0.959367,-0.0495427,0,0.960645,0.722709,0.403903,0,0.827917,0.959656,-0.0900547,0.988211,0.987914,-0.0510168,0,0.98923
2339,0.961322,2.84925,0.854939,0.963571,-0.046882,0,0.964711,0.684635,0.415471,0,0.800838,0.946077,-0.120364,0.984141,1.00234,-0.0487682,0,1.00352
2340,0.936878,2.78612,0.888517,0.971349,-0.0395463,0,0.972153,0.597973,0.43205,0,0.737726,0.912697,-0.194872,0.97419,1.03679,-0.0422107,0,1.03765
2341,0.945353,2.80811,0.877132,0.961306,0.130047,0,0.970063,0.0324605,0.270771,0,0.27271,0.924162,-0.169281,0.977584,1.01688,0.137564,0,1.02614
2342,0.912119,2.72195,0.9229,0.97134,0.112582,0,0.977842,0.0742647,0.305586,0,0.314481,0.87912,-0.269821,0.963821,1.06493,0.123429,0,1.07205
2343,0.918664,2.73892,0.913712,0.976001,0.0300021,0,0.976462,0.451973,-0.448928,0,0.637037,0.887988,-0.250026,0.966609,1.06241,0.0326584,0,1.06292
2344,0.922634,2.74923,0.908242,0.974983,0.0359362,0,0.975645,0.495325,-0.449916,0,0.669157,0.893352,-0.238054,0.968263,1.05674,0.0389496,0,1.05746
2345,1.06911,3.12344,0.703237,0.88699,0.159882,0,0.901285,-0.0620695,0.113285,0,0.129175,1.09742,0.217448,1.02648,0.829656,0.149547,0,0.843026
2346,1.08139,3.15331,0.681781,0.871999,0.158169,0,0.886228,-0.0649038,0.0998341,0,0.119077,1.11607,0.259074,1.03206,0.806366,0.146264,0,0.819524
2347,1.09254,3.18149,0.666343,0.86328,0.153146,0,0.876759,-0.0672558,0.0868695,0,0.109862,1.13188,0.29437,1.03601,0.79016,0.140174,0,0.802497
2348,0.927658,2.76232,0.901527,0.967175,0.121056,0,0.974721,0.0540151,0.290087,0,0.295073,0.900094,-0.223004,0.970287,1.0426,0.130497,0,1.05073
2349,0.979087,2.89471,0.82975,0.945842,0.146629,0,0.95714,-0.00478214,0.227777,0,0.227827,0.970748,-0.0652939,0.991483,0.966045,0.149761,0,0.977584
2350,0.992311,2.92844,0.810907,0.938518,0.151232,0,0.950625,-0.0163334,0.211278,0,0.211908,0.989236,-0.0240265,0.996901,0.94579,0.152404,0,0.95799
2351,0.916809,2.73404,0.916054,0.976087,-0.0325546,0,0.97663,0.542108,0.436086,0,0.695739,0.885545,-0.255479,0.965899,1.06466,-0.0355086,0,1.06525
2352,0.891496,2.66813,0.95123,0.980396,-0.0215114,0,0.980632,0.476638,0.435949,0,0.645938,0.851518,-0.331434,0.955155,1.09972,-0.0241295,0,1.09998
2353,1.07672,3.1417,0.689106,0.890935,-0.0146741,0,0.891056,1.02943,0.0773849,0,1.03233,1.1092,0.243747,1.03017,0.827456,-0.0136286,0,0.827569
2354,1.07353,3.13411,0.695152,0.895372,-0.0170598,0,0.895535,1.02903,0.0897404,0,1.03294,1.10423,0.232665,1.0286,0.834041,-0.0158912,0,0.834193
2355,1.06454,3.11136,0.707771,0.90239,-0.0233825,0,0.902693,1.02483,0.125276,0,1.03245,1.09145,0.204139,1.02529,0.847683,-0.0219649,0,0.847968
2356,1.0695,3.12398,0.701099,0.898895,-0.0199917,0,0.899117,1.02729,0.105887,0,1.03273,1.09842,0.219679,1.02704,0.840485,-0.0186926,0,0.840693
2357,0.927331,2.76136,0.901577,0.973499,0.0424685,0,0.974425,0.538591,-0.449188,0,0.70132,0.899763,-0.223744,0.970272,1.04979,0.0457965,0,1.05078
2358,0.933072,2.7762,0.893531,0.971705,0.0485453,0,0.972917,0.580203,-0.446462,0,0.732095,0.907589,-0.206275,0.972689,1.0414,0.0520274,0,1.0427
2359,0.939716,2.79337,0.884256,0.969539,0.0542481,0,0.971056,0.623067,-0.440976,0,0.76333,0.916658,-0.186031,0.975463,1.03174,0.0577281,0,1.03335
2360,0.92018,2.74289,0.911748,0.97541,-0.0410041,0,0.976271,0.178,-0.387356,0,0.426297,0.890001,-0.245534,0.967203,1.06002,-0.044561,0,1.06096
2361,0.906833,2.70824,0.930391,0.978519,-0.0275106,0,0.978905,0.217523,-0.403327,0,0.458246,0.871957,-0.285811,0.96154,1.07905,-0.030337,0,1.07948
2362,0.898356,2.68612,0.942025,0.979959,-0.0141904,0,0.980062,0.255373,-0.41538,0,0.487602,0.860609,-0.31114,0.957983,1.09084,-0.015796,0,1.09095
2363,0.896145,2.68026,0.944759,0.980057,-0.00140889,0,0.980058,0.293387,-0.426043,0,0.51729,0.857739,-0.317546,0.957144,1.09364,-0.00157217,0,1.09364
2364,0.899795,2.68972,0.939454,0.97931,0.00943662,0,0.979356,0.332366,-0.435168,0,0.547575,0.862697,-0.306479,0.95877,1.08837,0.0104875,0,1.08842
2365,1.1093,3.22166,0.635092,0.851635,-0.00513709,0,0.85165,1.01238,0.0173162,0,1.01253,1.1579,0.35245,1.04381,0.76772,-0.00463091,0,0.767734
2366,1.08551,3.16336,0.674783,0.878802,0.065447,0,0.881236,1.02597,-0.0430625,0,1.02687,1.12226,0.272908,1.03386,0.809575,0.0602915,0,0.811817
2367,1.08938,3.17276,0.668038,0.873814,0.0654883,0,0.876265,1.02336,-0.0375691,0,1.02405,1.12814,0.28602,1.03558,0.802121,0.0601152,0,0.80437
2368,1.1726,3.37855,0.535671,0.767396,0.0189464,0,0.76763,-0.0604412,-0.0208285,0,0.0639294,1.25092,0.560081,1.06679,0.654438,0.0161576,0,0.654637
2369,1.13812,3.29324,0.590603,0.815114,0.0507794,0,0.816694,1.00491,-0.00538131,0,1.00492,1.20009,0.446619,1.05445,0.716194,0.0446169,0,0.717583
2370,1.12072,3.2518,0.624035,0.838585,0.115678,0,0.846526,-0.0819748,0.0495283,0,0.0957753,1.17284,0.385794,1.0465,0.748256,0.103217,0,0.755341
2371,0.85652,2.5765,1.00027,0.98213,0.036212,0,0.982797,0.259107,0.455273,0,0.523841,0.805062,-0.435129,0.939922,1.14665,0.042278,0,1.14743
2372,0.979044,2.89451,0.82947,0.954351,0.0686071,0,0.956814,0.823232,-0.432151,0,0.929767,0.970785,-0.065212,0.991564,0.974779,0.0700756,0,0.977294
2373,0.917272,2.73542,0.916058,0.976941,0.0190525,0,0.977127,0.383475,-0.501414,0,0.631244,0.885992,-0.254483,0.965898,1.06505,0.0207708,0,1.06525
2374,1.01165,2.97769,0.783613,0.929636,0.140246,0,0.940156,-0.0445277,0.216975,0,0.221497,1.01634,0.0364633,1.00463,0.918929,0.138631,0,0.929327
2375,1.1122,3.23065,0.637244,0.847756,0.122396,0,0.856546,-0.0826905,0.060455,0,0.102433,1.16033,0.357874,1.04328,0.762237,0.110049,0,0.77014
2376,0.875143,2.62546,0.97441,0.982395,-0.000522074,0,0.982395,0.395384,0.48635,0,0.626789,0.829626,-0.380299,0.947989,1.12255,-0.000596559,0,1.12255
2377,1.02243,3.00493,0.767889,0.930359,0.0719035,0,0.933134,1.00355,-0.265414,0,1.03805,1.03164,0.070635,1.00901,0.909951,0.0703261,0,0.912664
2378,1.12334,3.25677,0.614294,0.834213,0.0575802,0,0.836197,1.00866,-0.0108211,0,1.00872,1.17822,0.397803,1.04885,0.742617,0.051258,0,0.744384
2379,1.10962,3.2229,0.636293,0.851236,0.0604777,0,0.853382,1.01372,-0.0176537,0,1.01387,1.1579,0.352451,1.04351,0.767143,0.0545031,0,0.769077
2380,1.11281,3.23087,0.631548,0.84785,0.0593616,0,0.849925,1.01288,-0.0160998,0,1.01301,1.16252,0.362769,1.04467,0.761901,0.053344,0,0.763766
2381,0.926946,2.76035,0.902043,0.968539,0.107191,0,0.974453,0.0627317,0.347487,0,0.353104,0.89926,-0.224867,0.970132,1.04487,0.115639,0,1.05125
2382,0.987648,2.91661,0.817764,0.943793,0.133713,0,0.953218,-0.0207483,0.257475,0,0.25831,0.982647,-0.0387342,0.994937,0.955597,0.135385,0,0.965139
2383,1.13814,3.27809,0.530888,0.738767,-0.0035334,0,0.738775,1.00303,0.000795571,0,1.00303,1.21533,0.480644,1.06782,0.649098,-0.00310453,0,0.649105
2384,1.1506,3.32713,0.582256,0.814721,0.00306025,0,0.814727,1.00283,0.00180196,0,1.00283,1.21547,0.48096,1.05638,0.708084,0.0026597,0,0.708089
2385,1.05126,3.0778,0.726489,0.910337,0.0668183,0,0.912786,1.04564,-0.129834,0,1.05367,1.07261,0.162071,1.02031,0.865948,0.0635602,0,0.868278
2386,1.12782,3.26788,0.607387,0.828751,0.0574839,0,0.830742,1.00711,-0.00923299,0,1.00716,1.18477,0.412432,1.0505,0.734827,0.0509691,0,0.736592
2387,1.13157,3.27734,0.602121,0.825256,0.0499977,0,0.826769,1.007,-0.00664017,0,1.00702,1.19012,0.424381,1.05175,0.729302,0.0441844,0,0.730639
2388,1.12347,3.25692,0.613442,0.835183,-0.00750729,0,0.835217,1.00666,0.00945,0,1.0067,1.17858,0.398622,1.04905,0.743394,-0.00668222,0,0.743424
2389,1.1158,3.23788,0.625342,0.844438,-0.00393553,0,0.844447,1.01011,0.0127905,0,1.01019,1.16733,0.373513,1.04618,0.7568,-0.00352709,0,0.756808
2390,1.15388,3.33625,0.58092,0.81465,0.0323493,0,0.815293,1.0029,-0.00170619,0,1.0029,1.21929,0.489483,1.05669,0.706011,0.0280353,0,0.706567
2391,1.13965,3.28277,0.532264,0.740699,0.0358891,0,0.741568,1.00306,-0.000689519,0,1.00306,1.2166,0.483485,1.06752,0.649935,0.0314913,0,0.650698
2392,1.17609,3.38744,0.531134,0.762649,0.0407819,0,0.763738,-0.05944,-0.0117039,0,0.0605813,1.25578,0.57094,1.06776,0.648464,0.034676,0,0.64939
2393,1.181,3.40034,0.526206,0.757114,0.0682994,0,0.760188,-0.0556794,-0.00229763,0,0.0557268,1.26227,0.585432,1.06882,0.641079,0.0578318,0,0.643682
2394,0.895262,2.67808,0.946423,0.976977,0.0836974,0,0.980555,0.125014,0.393437,0,0.412821,0.856437,-0.320454,0.956633,1.09128,0.0934893,0,1.09527
2395,0.964553,2.8574,0.849913,0.960915,0.0630633,0,0.962982,0.745617,-0.467698,0,0.880163,0.950678,-0.110094,0.985615,0.996229,0.0653809,0,0.998372
2396,1.00525,2.96133,0.792351,0.94065,0.0729013,0,0.94347,0.94404,-0.341968,0,1.00407,1.00744,0.0165983,1.00217,0.935733,0.0725202,0,0.938539
2397,1.08603,3.16443,0.673172,0.879691,-0.00824431,0,0.87973,1.02694,0.0489778,0,1.02811,1.12325,0.27511,1.03427,0.810005,-0.00759122,0,0.810041
2398,1.10539,3.21364,0.647397,0.862415,-0.0492989,0,0.863823,-0.0864381,-0.113406,0,0.142592,1.15045,0.335819,1.04077,0.780194,-0.0445989,0,0.781468
2399,0.922655,2.74934,0.908395,0.975472,0.0256235,0,0.975808,0.427612,-0.506159,0,0.662607,0.89333,-0.238103,0.968217,1.05724,0.0277715,0,1.05761
2400,1.06434,3.11105,0.708666,0.892788,0.139138,0,0.903565,-0.076811,0.131977,0,0.152702,1.091,0.203135,1.02505,0.838816,0.130727,0,0.848942
2401,1.10456,3.21158,0.648608,0.855184,0.127726,0,0.86467,-0.0827572,0.0713608,0,0.109275,1.14926,0.333163,1.04046,0.774229,0.115635,0,0.782817
2402,1.09672,3.19202,0.660435,0.862984,0.131439,0,0.872937,-0.0825657,0.0821033,0,0.116439,1.13784,0.307689,1.0375,0.78688,0.119848,0,0.795955
2403,0.972594,2.87814,0.839064,0.951543,0.128308,0,0.960154,-0.00271794,0.281465,0,0.281478,0.961683,-0.0855289,0.988781,0.978355,0.131923,0,0.98721
2404,0.862596,2.59251,0.991862,0.982786,0.00861068,0,0.982824,0.355111,0.480312,0,0.59733,0.813043,-0.417316,0.942553,1.13933,0.00998229,0,1.13938
2405,1.06968,3.1244,0.700707,0.896676,0.0619203,0,0.898812,1.04225,-0.0701395,0,1.04461,1.09871,0.220338,1.02714,0.838269,0.057887,0,0.840265
2406,0.945039,2.80721,0.877211,0.968712,-0.0462811,0,0.969817,0.136991,-0.419596,0,0.441393,0.923833,-0.170015,0.977561,1.02505,-0.0489727,0,1.02622
2407,0.998949,2.94528,0.801275,0.944137,0.0725167,0,0.946918,0.917807,-0.36679,0,0.988385,0.998594,-0.0031374,0.999645,0.94513,0.072593,0,0.947913
2408,0.960913,2.84807,0.855065,0.962788,-0.0561277,0,0.964423,0.0981956,-0.394338,0,0.40638,0.945639,-0.121342,0.984105,1.00195,-0.0584108,0,1.00365
2409,0.97596,2.88666,0.83395,0.95621,-0.0636171,0,0.958324,0.0652917,-0.369872,0,0.375591,0.966461,-0.0748632,0.990267,0.979763,-0.0651841,0,0.981929
2410,0.98982,2.9221,0.814486,0.949464,-0.0685204,0,0.951934,0.0384941,-0.347611,0,0.349736,0.985739,-0.0318327,0.995877,0.959229,-0.0692251,0,0.961724
2411,0.957039,2.83811,0.860459,0.963999,0.0592121,0,0.965816,0.702452,-0.482415,0,0.852152,0.940309,-0.13324,0.982518,1.00727,0.06187,0,1.00917
2412,0.971916,2.87627,0.839544,0.95768,0.0661948,0,0.959965,0.786018,-0.450763,0,0.906097,0.960877,-0.0873282,0.988642,0.985353,0.0681075,0,0.987704
2413,1.00325,2.95638,0.795669,0.942364,-0.0717707,0,0.945093,0.0149505,-0.324641,0,0.324985,1.00449,0.0100224,1.00123,0.939308,-0.0715381,0,0.942029
2414,0.879468,2.63678,0.968336,0.97956,0.070172,0,0.98207,0.163964,0.416277,0,0.447405,0.835383,-0.367449,0.949873,1.11381,0.0797892,0,1.11666
2415,1.13748,3.29128,0.59021,0.815711,-0.00504991,0,0.815726,1.00414,0.00412296,0,1.00415,1.19951,0.445343,1.05454,0.717122,-0.00443957,0,0.717136
2416,1.1335,3.28174,0.597633,0.822392,-0.0069205,0,0.822421,1.00466,0.00553353,0,1.00468,1.19335,0.431593,1.0528,0.725532,-0.00610541,0,0.725557
2417,1.1199,3.21444,0.482986,0.66423,0.0151437,0,0.664402,1.00351,6.24198e-05,0,1.00351,1.20694,0.461926,1.07773,0.593117,0.0135224,0,0.593271
2418,1.11314,3.23283,0.635141,0.853639,-0.0417242,0,0.854658,-0.0878152,-0.0977328,0,0.13139,1.16189,0.361364,1.04379,0.766873,-0.0374832,0,0.767788
2419,1.16198,3.35362,0.557874,0.781752,0.116559,0,0.790394,-0.0587953,0.0204096,0,0.062237,1.23392,0.522146,1.06191,0.672774,0.100311,0,0.680211
2420,1.05992,3.09965,0.714093,0.905849,-0.0198722,0,0.906067,1.03673,0.142145,0,1.04643,1.08495,0.18962,1.02361,0.854638,-0.0187488,0,0.854843
2421,1.06545,3.11379,0.706926,0.900241,0.0635885,0,0.902484,1.04386,-0.0819828,0,1.04707,1.09263,0.206753,1.02551,0.844942,0.0596824,0,0.847047
2422,0.912046,2.72182,0.923201,0.973232,0.096824,0,0.978036,0.0900037,0.368459,0,0.379292,0.878966,-0.270164,0.96373,1.06709,0.106161,0,1.07235
2423,1.02396,3.00902,0.766492,0.922228,0.141408,0,0.933006,-0.0544409,0.198078,0,0.205423,1.03358,0.0749597,1.0094,0.900652,0.1381,0,0.911178
2424,1.15629,3.33954,0.566899,0.798484,0.00151089,0,0.798485,-0.071721,-0.0340748,0,0.079404,1.22554,0.503429,1.05988,0.690555,0.00130667,0,0.690556
2425,0.858416,2.58144,0.997429,0.982446,0.0195741,0,0.982641,0.315339,0.471959,0,0.567612,0.807607,-0.429448,0.940811,1.14449,0.0228026,0,1.14471
2426,1.06934,3.12363,0.70149,0.899336,-0.0136553,0,0.89944,1.03987,0.0991611,0,1.04458,1.09814,0.219069,1.02694,0.841023,-0.0127699,0,0.84112
2427,1.02831,3.01985,0.759515,0.926635,0.0707851,0,0.929335,1.01882,-0.237315,0,1.04609,1.03996,0.0892015,1.01133,0.901121,0.0688361,0,0.903746
2428,1.10377,3.20825,0.644914,0.857182,0.0631262,0,0.859504,1.01551,-0.0230086,0,1.01577,1.14944,0.333576,1.04138,0.776598,0.0571916,0,0.778701
2429,1.11881,3.2457,0.621953,0.84052,0.0572584,0,0.842468,1.01076,-0.0124303,0,1.01084,1.1714,0.382597,1.04701,0.751261,0.0511779,0,0.753002
2430,1.03419,3.03455,0.750492,0.922035,0.0698218,0,0.924675,1.03293,-0.208992,0,1.05387,1.04847,0.108191,1.0138,0.89155,0.0675133,0,0.894103
2431,1.14586,3.31223,0.577784,0.80549,-0.0077843,0,0.805528,1.00271,0.00286225,0,1.00271,1.21164,0.472401,1.05741,0.70296,-0.00679344,0,0.702993
2432,1.0816,3.15378,0.681292,0.883466,0.0645149,0,0.885819,1.02959,-0.0480976,0,1.03071,1.11642,0.25986,1.03219,0.816812,0.0596474,0,0.818987
2433,1.03679,3.04147,0.748031,0.913222,0.142434,0,0.924263,-0.0634978,0.175754,0,0.186873,1.0518,0.115624,1.01448,0.880817,0.13738,0,0.891466
2434,1.04882,3.0715,0.729564,0.902915,0.142859,0,0.914147,-0.0703859,0.156193,0,0.17132,1.06925,0.15457,1.01948,0.860891,0.13621,0,0.871599
2435,1.13154,3.27858,0.607023,0.832823,-0.0181984,0,0.833022,-0.0867961,-0.0610026,0,0.106089,1.18878,0.42139,1.05058,0.736006,-0.0160828,0,0.736181
2436,1.15029,3.32367,0.572526,0.800532,0.0440305,0,0.801742,1.00282,-0.00277629,0,1.00282,1.21771,0.485954,1.05861,0.695938,0.0382777,0,0.69699
2437,1.1416,3.30167,0.58441,0.809835,0.0462554,0,0.811155,1.00432,-0.00398445,0,1.00433,1.2054,0.458476,1.05588,0.709386,0.040518,0,0.710542
2438,1.10348,3.20716,0.644001,0.858125,-0.00712273,0,0.858154,1.01424,0.0234925,0,1.01451,1.14939,0.333459,1.04161,0.777656,-0.00645481,0,0.777683
2439,1.11963,3.24735,0.619261,0.839679,-0.00575384,0,0.839698,1.00811,0.0110957,0,1.00817,1.17299,0.386141,1.04766,0.749958,-0.00513904,0,0.749975
2440,1.12776,3.26775,0.607509,0.830852,-0.00242637,0,0.830856,1.00668,0.00687679,0,1.0067,1.18468,0.412225,1.05047,0.736727,-0.00215149,0,0.736731
2441,1.08928,3.17241,0.667847,0.875912,-0.00838252,0,0.875953,1.02359,0.0438168,0,1.02452,1.12808,0.285899,1.03563,0.804123,-0.00769549,0,0.80416
2442,1.09226,3.17967,0.66272,0.872114,-0.00803853,0,0.872151,1.02128,0.0382595,0,1.02199,1.13259,0.295953,1.03692,0.798452,-0.00735956,0,0.798486
2443,1.01121,2.97648,0.78393,0.937254,0.0728718,0,0.940083,0.966756,-0.316907,0,1.01737,1.0158,0.0352695,1.00454,0.926864,0.072064,0,0.929662
2444,1.01686,2.99086,0.775967,0.933959,0.0725513,0,0.936773,0.986263,-0.291748,0,1.02851,1.02374,0.0530012,1.00677,0.918471,0.0713481,0,0.921238
2445,1.13702,3.29207,0.598218,0.825681,-0.008473,0,0.825724,-0.0854658,-0.0498494,0,0.0989412,1.1969,0.4395,1.05266,0.726183,-0.00745197,0,0.726221
2446,1.12597,3.26465,0.615257,0.838942,-0.0269837,0,0.839376,-0.0874515,-0.0721564,0,0.113377,1.18071,0.403379,1.04862,0.745083,-0.0239648,0,0.745468
2447,1.12043,3.25104,0.624313,0.845977,-0.0339337,0,0.846657,-0.0878116,-0.0831395,0,0.120926,1.17246,0.384952,1.04643,0.755046,-0.0302863,0,0.755653
2448,0.866605,2.60311,0.986489,0.981339,0.0556696,0,0.982917,0.204038,0.435161,0,0.480621,0.818274,-0.405637,0.94423,1.13239,0.0642387,0,1.13421
2449,1.04053,3.05089,0.742504,0.918389,-0.0747761,0,0.921428,-0.040092,-0.251609,0,0.254783,1.05716,0.127596,1.01598,0.882615,-0.0718633,0,0.885535
2450,0.985889,2.912,0.819811,0.951018,0.0703885,0,0.95362,0.857287,-0.412091,0,0.951188,0.980318,-0.0439337,0.994349,0.96463,0.0713959,0,0.967269
2451,0.992478,2.9288,0.810451,0.947606,0.0716618,0,0.950312,0.888713,-0.390367,0,0.970668,0.989531,-0.0233672,0.997031,0.954788,0.0722049,0,0.957514
2452,1.18577,3.41257,0.520257,0.747772,0.104748,0,0.755073,-0.0495838,0.00771844,0,0.050181,1.26886,0.600143,1.07008,0.630624,0.0883379,0,0.636781
2453,1.14005,3.29922,0.59213,0.811229,0.119982,0,0.820053,-0.0691698,0.0336957,0,0.0769407,1.20171,0.450248,1.05409,0.711576,0.105243,0,0.719317
2454,1.06122,3.1032,0.713245,0.903902,0.0644612,0,0.906197,1.04505,-0.0952529,0,1.04938,1.08652,0.193114,1.02384,0.851759,0.0607427,0,0.853922
2455,1.04047,3.05044,0.74162,0.917779,0.0691566,0,0.920381,1.0374,-0.17622,0,1.05226,1.05735,0.128004,1.01622,0.882085,0.0664669,0,0.884585
2456,1.04554,3.06314,0.733923,0.91366,0.0682935,0,0.916208,1.04167,-0.15327,0,1.05289,1.06468,0.144375,1.01831,0.873864,0.0653189,0,0.876302
2457,1.05668,3.09165,0.719401,0.907028,0.0653738,0,0.909381,1.04606,-0.11008,0,1.05184,1.08014,0.178879,1.0222,0.858377,0.0618673,0,0.860604
2458,1.06173,3.1042,0.711469,0.901735,-0.0717699,0,0.904586,-0.0626537,-0.206498,0,0.215793,1.08754,0.195403,1.02431,0.849306,-0.0675971,0,0.851992
2459,1.05117,3.07761,0.726792,0.910041,-0.0740765,0,0.913051,-0.0524818,-0.22766,0,0.233631,1.07243,0.161674,1.02023,0.865741,-0.0704706,0,0.868605
2460,1.02863,3.02078,0.759475,0.926549,-0.0750043,0,0.92958,-0.0250419,-0.275817,0,0.276951,1.0403,0.0899488,1.01134,0.900757,-0.0729164,0,0.903704
2461,1.01619,2.98924,0.777221,0.934559,-0.0742471,0,0.937504,-0.00647961,-0.29941,0,0.29948,1.02271,0.0506977,1.00642,0.919669,-0.0730642,0,0.922566
2462,1.09603,3.19032,0.661512,0.871901,-0.0560036,0,0.873698,-0.0840501,-0.132936,0,0.157278,1.13683,0.305432,1.03723,0.795509,-0.0510968,0,0.797148
2463,1.08529,3.16336,0.677071,0.881548,-0.0629959,0,0.883796,-0.0789325,-0.155521,0,0.174405,1.1214,0.270988,1.03327,0.812268,-0.0580451,0,0.814339
2464,1.07391,3.13497,0.694369,0.892372,-0.0675321,0,0.894924,-0.0722709,-0.180027,0,0.193991,1.10483,0.234005,1.0288,0.83096,-0.0628846,0,0.833336
2465,1.05448,3.08577,0.721388,0.909459,-0.0233348,0,0.909758,1.03205,0.169448,0,1.04587,1.07733,0.17261,1.02167,0.862474,-0.0221292,0,0.862758
2466,1.04887,3.07151,0.729074,0.913241,-0.0268703,0,0.913636,1.02209,0.20115,0,1.04169,1.06944,0.154993,1.01961,0.870694,-0.0256185,0,0.871071
2467,1.04374,3.05871,0.736869,0.917469,-0.0295999,0,0.917946,1.01197,0.232698,0,1.03838,1.06202,0.138437,1.01751,0.879018,-0.0283594,0,0.879475
2468,1.03845,3.04541,0.744765,0.921533,-0.0324221,0,0.922103,0.996137,0.261544,0,1.0299,1.05441,0.121441,1.01537,0.887414,-0.0312217,0,0.887963
2469,1.03314,3.03207,0.752632,0.925413,-0.0356887,0,0.926101,0.977508,0.289143,0,1.01937,1.0468,0.104463,1.01322,0.895727,-0.0345438,0,0.896392
2470,1.02754,3.01799,0.760976,0.929449,-0.0382524,0,0.930236,0.955974,0.315573,0,1.00671,1.03877,0.0865294,1.01093,0.904539,-0.0372272,0,0.905305
2471,1.0215,3.00272,0.769781,0.933454,-0.0405929,0,0.934336,0.931409,0.340807,0,0.991802,1.03017,0.0673365,1.00849,0.913811,-0.0397387,0,0.914675
2472,1.01488,2.98596,0.77931,0.937568,-0.0425836,0,0.938535,0.903751,0.364896,0,0.974635,1.0208,0.0464191,1.00583,0.923826,-0.0419594,0,0.924778
2473,1.00747,2.96714,0.789801,0.941816,-0.0440882,0,0.942847,0.872642,0.38812,0,0.955061,1.01038,0.0231776,1.00289,0.93483,-0.0437612,0,0.935854
2474,0.999198,2.94605,0.801401,0.946216,-0.0449833,0,0.947285,0.837966,0.410303,0,0.933025,0.998807,-0.00266202,0.999609,0.946975,-0.0450194,0,0.948045
2475,0.990088,2.92276,0.814042,0.950662,-0.0451513,0,0.951733,0.800323,0.430744,0,0.908877,0.986132,-0.030956,0.996004,0.960179,-0.0456034,0,0.961261
2476,0.980597,2.8985,0.827373,0.955175,-0.0442855,0,0.956201,0.760759,0.448745,0,0.883247,0.972919,-0.0604489,0.99217,0.974075,-0.0451617,0,0.975121
2477,0.970991,2.87393,0.840931,0.959492,-0.0426727,0,0.96044,0.720303,0.463949,0,0.856787,0.95957,-0.0902452,0.988238,0.988157,-0.0439476,0,0.989134
2478,0.961199,2.84877,0.854525,0.963325,-0.0405755,0,0.964179,0.679179,0.475316,0,0.828981,0.946073,-0.120373,0.984263,1.00221,-0.0422134,0,1.0031
2479,0.949401,2.81837,0.870844,0.967431,-0.0374431,0,0.968155,0.63153,0.486393,0,0.797126,0.929891,-0.156494,0.97945,1.01899,-0.0394387,0,1.01975
2480,0.926,2.75806,0.903933,0.974701,0.0315511,0,0.975212,0.472499,-0.508557,0,0.69418,0.897815,-0.228092,0.969563,1.05259,0.0340724,0,1.05314
2481,1.07748,3.14379,0.688583,0.880306,0.138088,0,0.891071,-0.0801476,0.10987,0,0.135996,1.11013,0.245831,1.0303,0.817005,0.128158,0,0.826995
2482,1.08745,3.16871,0.673698,0.871088,0.135153,0,0.88151,-0.0819023,0.096013,0,0.1262,1.12457,0.278059,1.03413,0.801037,0.124284,0,0.810621
2483,0.940752,2.79606,0.882876,0.964011,0.114726,0,0.970814,0.0412472,0.328033,0,0.330616,0.918056,-0.18291,0.975874,1.02472,0.121952,0,1.03195
2484,0.956232,2.83613,0.861938,0.958822,0.121148,0,0.966445,0.019274,0.307391,0,0.307995,0.939098,-0.135941,0.982082,1.00271,0.126693,0,1.01068
2485,1.00043,2.94921,0.799691,0.936605,0.137617,0,0.946661,-0.0339631,0.235932,0,0.238364,1.00053,0.00117664,1.00009,0.9362,0.137557,0,0.946252
2486,0.933253,2.77662,0.893091,0.972158,-0.0322556,0,0.972693,0.575026,0.492759,0,0.757275,0.907888,-0.205608,0.972821,1.04169,-0.0345625,0,1.04226
2487,0.912728,2.72341,0.921593,0.977019,-0.0238741,0,0.97731,0.510334,0.494717,0,0.710764,0.88007,-0.267701,0.964219,1.07044,-0.0261568,0,1.07076
2488,0.892264,2.67027,0.950632,0.980891,-0.0111175,0,0.980954,0.44615,0.49244,0,0.66449,0.852415,-0.329431,0.955339,1.09933,-0.0124599,0,1.0994
2489,1.0761,3.14019,0.690125,0.891706,-0.00866835,0,0.891749,1.03855,0.071475,0,1.041,1.10828,0.241693,1.0299,0.828648,-0.00805535,0,0.828687
2490,1.0728,3.13206,0.695544,0.895306,-0.0114083,0,0.895379,1.03956,0.0839483,0,1.04295,1.10336,0.230722,1.02849,0.834554,-0.0106342,0,0.834622
2491,1.065,3.11263,0.707455,0.902568,-0.0166292,0,0.902721,1.0396,0.117427,0,1.04621,1.09202,0.205402,1.02537,0.84748,-0.0156143,0,0.847624
2492,0.93131,2.77184,0.896675,0.973309,0.037326,0,0.974024,0.518197,-0.509036,0,0.726392,0.904997,-0.212061,0.971746,1.0451,0.040079,0,1.04586
2493,0.949582,2.81892,0.870899,0.966852,0.0546219,0,0.968393,0.656754,-0.494408,0,0.822049,0.930053,-0.156132,0.979434,1.01819,0.057522,0,1.01981
2494,0.93685,2.78615,0.888928,0.971543,0.04341,0,0.972513,0.563548,-0.50723,0,0.758201,0.912555,-0.19519,0.974067,1.03703,0.0463361,0,1.03807
2495,0.942752,2.80135,0.880542,0.9694,0.0492693,0,0.970651,0.609496,-0.502861,0,0.790161,0.920663,-0.177092,0.97657,1.02827,0.0522612,0,1.02959
2496,0.930224,2.76893,0.897845,0.973359,-0.0348193,0,0.973981,0.178704,-0.441581,0,0.47637,0.903614,-0.215147,0.971394,1.04637,-0.0374311,0,1.04704
2497,0.918435,2.73831,0.91398,0.976201,-0.0226272,0,0.976464,0.220371,-0.459037,0,0.509194,0.887693,-0.250685,0.966528,1.0629,-0.0246367,0,1.06318
2498,0.911634,2.72062,0.923326,0.977641,-0.011433,0,0.977707,0.259757,-0.47224,0,0.538966,0.878535,-0.271128,0.963692,1.0724,-0.0125412,0,1.07248
2499,0.90985,2.71603,0.925963,0.978173,0.000767628,0,0.978173,0.300215,-0.484314,0,0.569815,0.876085,-0.276596,0.96289,1.07509,0.000843686,0,1.07509
2500,0.91089,2.7188,0.924767,0.978145,0.0113457,0,0.978211,0.341828,-0.49385,0,0.600612,0.877418,-0.273621,0.963254,1.07383,0.0124556,0,1.07391
2501,1.10548,3.21218,0.641005,0.856014,-0.00349806,0,0.856021,1.01464,0.0199219,0,1.01483,1.1523,0.339958,1.04235,0.774334,-0.00316428,0,0.774341
2502,0.939992,2.79418,0.884257,0.970581,0.0384164,0,0.971341,0.5437,-0.573745,0,0.790439,0.916927,-0.185432,0.975462,1.03254,0.0408689,0,1.03335
2503,1.11792,3.24326,0.622534,0.842525,-0.000104723,0,0.842525,1.01033,0.0105108,0,1.01039,1.17031,0.380159,1.04687,0.753654,-9.36763e-05,0,0.753654
2504,0.981308,2.90032,0.826352,0.954342,-0.0537584,0,0.955855,0.0532759,-0.419601,0,0.42297,0.973914,-0.0582277,0.992465,0.97252,-0.0547824,0,0.974062
2505,1.08253,3.15587,0.67911,0.883941,-0.00791433,0,0.883976,1.03108,0.055741,0,1.03258,1.11798,0.263345,1.03275,0.816553,-0.00731097,0,0.816586
2506,1.07213,3.13067,0.697504,0.888771,0.122128,0,0.897122,-0.097587,0.123667,0,0.157534,1.10213,0.227972,1.02798,0.828976,0.113911,0,0.836766
2507,1.05937,3.09837,0.715286,0.898393,0.124431,0,0.906969,-0.0948625,0.149488,0,0.177047,1.08405,0.187613,1.0233,0.848044,0.117457,0,0.85614
2508,0.891317,2.66741,0.950555,0.979841,-0.0032256,0,0.979846,0.414135,0.553391,0,0.691194,0.851532,-0.331403,0.955363,1.09932,-0.00361891,0,1.09932
2509,0.994096,2.93298,0.808368,0.947935,-0.0578181,0,0.949697,0.0232626,-0.39253,0,0.393218,0.991736,-0.0184473,0.997626,0.953565,-0.0581615,0,0.955337
2510,1.07349,3.13398,0.695215,0.893573,0.0597304,0,0.895567,1.04217,-0.0599419,0,1.04389,1.10417,0.232513,1.02858,0.832404,0.0556416,0,0.834261
2511,0.987299,2.91568,0.818096,0.950991,0.0651719,0,0.953221,0.869314,-0.471042,0,0.98873,0.982206,-0.0397181,0.994842,0.963225,0.0660103,0,0.965484
2512,1.0957,3.18953,0.662113,0.87335,-0.0377643,0,0.874166,-0.104264,-0.125282,0,0.162992,1.13633,0.304301,1.03708,0.79707,-0.0344659,0,0.797815
2513,1.12459,3.26123,0.6174,0.841055,-0.0030357,0,0.841061,-0.0998629,-0.0537517,0,0.11341,1.17869,0.398856,1.0481,0.747877,-0.00269938,0,0.747882
2514,0.908708,2.71312,0.927766,0.975305,0.0798495,0,0.978568,0.119135,0.449543,0,0.465061,0.874487,-0.280164,0.96234,1.07329,0.0878715,0,1.07688
2515,1.0786,3.14629,0.685816,0.888705,-0.00584844,0,0.888724,1.03902,0.0613923,0,1.04083,1.11206,0.250137,1.03102,0.823941,-0.00542224,0,0.823959
2516,1.10666,3.21576,0.641581,0.855489,0.0607679,0,0.857645,1.01566,-0.020369,0,1.01586,1.15337,0.342346,1.04221,0.773036,0.054911,0,0.774984
2517,1.12161,3.25246,0.616987,0.838306,-0.00157662,0,0.838308,1.00861,0.00919873,0,1.00865,1.17567,0.392125,1.0482,0.747415,-0.00140568,0,0.747416
2518,1.12475,3.26033,0.612341,0.834768,-0.00223467,0,0.834771,1.00747,0.00815243,0,1.0075,1.18022,0.402281,1.04932,0.742179,-0.00198681,0,0.742182
2519,1.12852,3.2699,0.607319,0.829588,0.0512899,0,0.831172,1.00786,-0.00788629,0,1.00789,1.18553,0.414122,1.05051,0.735111,0.0454488,0,0.736515
2520,1.10404,3.21033,0.649634,0.858742,0.108091,0,0.865518,-0.0975304,0.0656331,0,0.117558,1.14843,0.331312,1.04021,0.77782,0.0979056,0,0.783958
2521,0.939949,2.79406,0.884265,0.966109,0.100331,0,0.971305,0.0486705,0.394642,0,0.397632,0.916883,-0.18553,0.97546,1.02783,0.106741,0,1.03336
2522,1.02667,3.01574,0.762051,0.928347,0.065066,0,0.930625,1.04007,-0.266958,0,1.07378,1.03758,0.083887,1.01063,0.904232,0.0633758,0,0.90645
2523,1.15995,3.34758,0.557257,0.787999,0.0172168,0,0.788187,-0.0702585,-0.0236099,0,0.0741194,1.23192,0.51767,1.06205,0.679341,0.0148428,0,0.679504
2524,1.00563,2.96232,0.791941,0.941,0.0671021,0,0.943389,0.963731,-0.388825,0,1.03921,1.00793,0.0176987,1.00229,0.935732,0.0667264,0,0.938108
2525,1.0062,2.96388,0.791488,0.941521,-0.060244,0,0.943447,-0.00225788,-0.365223,0,0.36523,1.00863,0.0192679,1.00241,0.935717,-0.0598726,0,0.937631
2526,1.14276,3.30601,0.588138,0.816812,0.00455528,0,0.816824,-0.0834685,-0.0373805,0,0.0914565,1.20563,0.459005,1.05502,0.714771,0.00398621,0,0.714782
2527,0.893309,2.67299,0.949154,0.978541,0.0666618,0,0.980809,0.161442,0.475367,0,0.502033,0.853819,-0.326298,0.955794,1.09541,0.0746235,0,1.09795
2528,1.02612,3.01444,0.763218,0.922752,0.126629,0,0.9314,-0.0740666,0.220321,0,0.232437,1.03669,0.0819026,1.01031,0.899266,0.123406,0,0.907694
2529,1.05321,3.08284,0.724189,0.909859,0.0602986,0,0.911855,1.06051,-0.120219,0,1.06731,1.07524,0.16795,1.02092,0.863895,0.0572524,0,0.86579
2530,0.932188,2.77389,0.894667,0.972595,0.0301093,0,0.973061,0.470753,-0.573659,0,0.742087,0.906412,-0.208903,0.972348,1.04335,0.0322996,0,1.04385
2531,0.926542,2.75926,0.902459,0.974211,0.0199531,0,0.974415,0.398717,-0.56779,0,0.693802,0.898752,-0.226,0.970007,1.05145,0.021535,0,1.05167
2532,0.966608,2.86271,0.847142,0.960526,0.0581141,0,0.962283,0.744845,-0.535256,0,0.91722,0.953487,-0.103824,0.986426,0.993709,0.0601217,0,0.995526
2533,0.967386,2.8647,0.846046,0.960799,-0.0474036,0,0.961968,0.0900106,-0.44848,0,0.457423,0.954564,-0.10142,0.986746,0.993191,-0.0490018,0,0.994399
2534,1.08622,3.16482,0.672624,0.877223,0.0592586,0,0.879223,1.02965,-0.0379325,0,1.03035,1.12359,0.275876,1.03441,0.807595,0.0545551,0,0.809436
2535,1.08341,3.15826,0.67849,0.881968,0.0592248,0,0.883954,1.03276,-0.0419616,0,1.03361,1.11906,0.265757,1.03291,0.814069,0.0546653,0,0.815902
2536,1.0953,3.18721,0.657943,0.868765,-0.00540898,0,0.868782,1.02065,0.0326284,0,1.02117,1.13706,0.305941,1.03813,0.793175,-0.00493836,0,0.793191
2537,1.09974,3.19814,0.650683,0.863407,-0.00702752,0,0.863436,1.01655,0.0269772,0,1.01691,1.14367,0.320701,1.03995,0.7851,-0.00639016,0,0.785126
2538,1.16111,3.35046,0.555416,0.785773,0.034305,0,0.786521,-0.0694742,-0.0153331,0,0.0711461,1.23363,0.521489,1.06246,0.676744,0.0295451,0,0.677388
2539,1.10298,3.20757,0.650759,0.8655,-0.0314416,0,0.86607,-0.104647,-0.106981,0,0.149652,1.14702,0.328169,1.03993,0.784692,-0.028506,0,0.78521
2540,1.12889,3.27165,0.609802,0.8277,0.107197,0,0.834613,-0.0807259,0.0373181,0,0.0889343,1.18525,0.413509,1.04992,0.733195,0.0949577,0,0.739319
2541,0.874826,2.62431,0.973676,0.981353,0.0113523,0,0.981418,0.345479,0.538584,0,0.639867,0.829525,-0.380525,0.948217,1.12177,0.0129766,0,1.12184
2542,0.980676,2.89875,0.82742,0.954214,0.063519,0,0.956325,0.831455,-0.494593,0,0.96744,0.972985,-0.0603023,0.992157,0.973016,0.0647706,0,0.975169
2543,1.02153,3.0027,0.769301,0.931524,0.0658684,0,0.93385,1.02521,-0.298347,0,1.06774,1.03034,0.0677244,1.00862,0.911889,0.06448,0,0.914165
2544,1.1345,3.28428,0.596273,0.820003,0.0478761,0,0.821399,1.00623,-0.00552162,0,1.00625,1.19477,0.434753,1.05312,0.722786,0.0422001,0,0.724017
2545,1.12505,3.26126,0.612639,0.833745,0.0520421,0,0.835368,1.00906,-0.00888404,0,1.0091,1.18045,0.402791,1.04925,0.741076,0.0462577,0,0.742518
2546,0.95285,2.8272,0.865857,0.960853,0.107395,0,0.966836,0.0233718,0.369819,0,0.370557,0.934675,-0.145815,0.980926,1.0084,0.112709,0,1.01468
2547,0.993836,2.93241,0.809057,0.942394,0.121266,0,0.950165,-0.0394823,0.290438,0,0.29311,0.991281,-0.0194624,0.997429,0.94824,0.122018,0,0.956058
2548,1.14111,3.30001,0.583465,0.809574,-0.00302116,0,0.809579,1.00372,0.00309963,0,1.00373,1.20513,0.457876,1.0561,0.709461,-0.00264756,0,0.709466
2549,1.14938,3.32336,0.581363,0.812674,0.00573161,0,0.812694,1.00331,0.00137218,0,1.00331,1.21442,0.478608,1.05659,0.707055,0.00498671,0,0.707073
2550,1.11427,3.23448,0.629195,0.846213,0.0566219,0,0.848105,1.01273,-0.0140943,0,1.01283,1.16469,0.367611,1.04525,0.759432,0.0508152,0,0.76113
2551,1.1123,3.2294,0.631519,0.8495,-0.00222761,0,0.849503,1.01198,0.0145356,0,1.01208,1.162,0.361606,1.04468,0.763732,-0.00200271,0,0.763734
2552,1.138,3.29291,0.59067,0.815456,0.0449616,0,0.816695,1.00552,-0.00430397,0,1.00552,1.19994,0.446298,1.05443,0.71657,0.0395094,0,0.717659
2553,1.15179,3.33054,0.58218,0.814889,0.0307727,0,0.81547,1.00336,-0.00125622,0,1.00336,1.21675,0.483809,1.0564,0.707499,0.0267173,0,0.708003
2554,0.959268,2.84384,0.857363,0.963503,0.0542525,0,0.965029,0.696421,-0.551414,0,0.88829,0.943372,-0.126401,0.983429,1.00441,0.0565562,0,1.00601
2555,1.07735,3.14334,0.688367,0.888455,0.0632719,0,0.890705,1.03406,-0.0547121,0,1.03551,1.11005,0.245658,1.03036,0.82467,0.0587294,0,0.826759
2556,1.08997,3.17501,0.669905,0.871385,0.115384,0,0.878991,-0.0988721,0.0896732,0,0.13348,1.12823,0.286234,1.0351,0.799456,0.10586,0,0.806435
2557,1.0602,3.10045,0.713997,0.9061,-0.0133364,0,0.906198,1.05363,0.131724,0,1.06183,1.08527,0.190326,1.02364,0.854647,-0.0125791,0,0.85474
2558,1.06603,3.11529,0.706187,0.900304,0.0572446,0,0.902122,1.0531,-0.0746894,0,1.05574,1.09343,0.208558,1.0257,0.844537,0.0536987,0,0.846242
2559,0.973773,2.88109,0.837128,0.95742,0.0611868,0,0.959373,0.789934,-0.516105,0,0.943589,0.963397,-0.0817031,0.989344,0.983206,0.0628347,0,0.985212
2560,1.13079,3.275,0.601796,0.825782,-0.00228567,0,0.825785,1.00597,0.00573212,0,1.00599,1.18939,0.422751,1.05182,0.730269,-0.0020213,0,0.730272
2561,1.13447,3.28402,0.595622,0.82054,-0.00139916,0,0.820542,1.00532,0.00449204,0,1.00533,1.19491,0.435074,1.05327,0.723278,-0.00123331,0,0.723279
2562,1.16772,3.36795,0.549241,0.780445,0.059533,0,0.782712,-0.0653887,-0.00390871,0,0.0655054,1.24225,0.540743,1.06382,0.668347,0.050982,0,0.670288
2563,0.924763,2.75479,0.905425,0.97102,0.0911744,0,0.975291,0.0801039,0.420459,0,0.428021,0.8962,-0.231697,0.969113,1.05002,0.0985922,0,1.05464
2564,1.11123,3.22834,0.639053,0.851913,0.102443,0,0.85805,-0.0962065,0.0538959,0,0.110274,1.15883,0.354524,1.04283,0.766639,0.0921886,0,0.772162
2565,0.872671,2.61898,0.977846,0.981999,0.0320134,0,0.982521,0.271502,0.521165,0,0.587644,0.826351,-0.38761,0.946921,1.12528,0.0366844,0,1.12588
2566,1.05792,3.09487,0.717875,0.906781,0.0590723,0,0.908704,1.05842,-0.101756,0,1.0633,1.08184,0.182682,1.02261,0.857133,0.055838,0,0.85895
2567,1.09908,3.19685,0.653016,0.863356,0.0645718,0,0.865767,1.01803,-0.0263986,0,1.01837,1.14234,0.317734,1.03936,0.785526,0.0587508,0,0.78772
2568,1.09363,3.18335,0.661555,0.869582,0.0626668,0,0.871837,1.02242,-0.0319145,0,1.02292,1.13433,0.299853,1.03722,0.795134,0.0573016,0,0.797196
2569,1.12059,3.25011,0.619208,0.838731,0.0520941,0,0.840347,1.01086,-0.0101207,0,1.01091,1.17401,0.388405,1.04767,0.748473,0.0464882,0,0.749916
2570,1.03185,3.0287,0.754155,0.924385,0.064347,0,0.926622,1.04885,-0.234583,0,1.07476,1.04506,0.100573,1.0128,0.895854,0.0623609,0,0.898022
2571,1.14552,3.31135,0.578121,0.805722,-0.00418303,0,0.805733,1.00297,0.00248239,0,1.00297,1.21119,0.471415,1.05733,0.703367,-0.00365164,0,0.703377
2572,1.03693,3.04184,0.747916,0.915538,0.126639,0,0.924255,-0.082694,0.196451,0,0.213147,1.05197,0.116003,1.01451,0.882936,0.12213,0,0.891342
2573,1.04758,3.06857,0.73196,0.906989,0.126614,0,0.915784,-0.0888261,0.173554,0,0.194964,1.06732,0.150261,1.01884,0.86579,0.120863,0,0.874186
2574,1.12021,3.25049,0.624706,0.846912,-0.0108357,0,0.846981,-0.10182,-0.0656745,0,0.121163,1.17211,0.384185,1.04634,0.756033,-0.00967296,0,0.756094
2575,1.14925,3.32123,0.574671,0.802816,0.0404506,0,0.803834,1.00307,-0.00238369,0,1.00307,1.21605,0.482247,1.05812,0.698555,0.0351973,0,0.699441
2576,1.14476,3.30943,0.579211,0.805525,0.0419762,0,0.806618,1.00385,-0.00297314,0,1.00385,1.2101,0.468973,1.05708,0.703665,0.0366683,0,0.70462
2577,1.08687,3.16653,0.671921,0.8789,-0.00387756,0,0.878909,1.03043,0.0430822,0,1.03133,1.12446,0.27782,1.03459,0.808652,-0.00356764,0,0.80866
2578,1.08932,3.17233,0.667164,0.875155,-0.00327504,0,0.875162,1.02754,0.0389429,0,1.02828,1.12831,0.286411,1.0358,0.803399,-0.00300651,0,0.803405
2579,1.01125,2.97661,0.783961,0.93777,0.0669245,0,0.940155,0.988042,-0.358842,0,1.05119,1.01583,0.0353436,1.00453,0.927336,0.0661799,0,0.929695
2580,1.0165,2.98994,0.77654,0.934694,0.0664381,0,0.937053,1.00832,-0.328846,0,1.06059,1.02321,0.0518167,1.00661,0.919525,0.0653598,0,0.921845
2581,1.10969,3.22432,0.640697,0.858561,-0.0240671,0,0.858898,-0.104353,-0.090313,0,0.138007,1.15677,0.349935,1.04243,0.773693,-0.0216881,0,0.773997
2582,1.11505,3.2375,0.632008,0.852023,-0.0177979,0,0.852209,-0.103048,-0.0770738,0,0.128683,1.16473,0.367708,1.04456,0.764115,-0.0159616,0,0.764282
2583,1.09738,3.19359,0.659165,0.864678,0.112116,0,0.871916,-0.098188,0.0768498,0,0.124687,1.13888,0.31,1.03782,0.78795,0.102168,0,0.794546
2584,0.880127,2.63855,0.967586,0.980827,0.0512451,0,0.982165,0.212786,0.499682,0,0.543102,0.836213,-0.365596,0.950105,1.11442,0.0582247,0,1.11594
2585,0.993607,2.93175,0.809103,0.94768,0.0662659,0,0.949994,0.903944,-0.44567,0,1.00784,0.99104,-0.02,0.997416,0.953777,0.0666922,0,0.956106
2586,0.999743,2.94737,0.800389,0.944373,0.0669169,0,0.946741,0.935506,-0.418098,0,1.02468,0.999639,-0.000804993,0.999896,0.944615,0.0669341,0,0.946984
2587,1.17289,3.3812,0.542791,0.771873,0.0930538,0,0.777462,-0.0588612,0.00873118,0,0.0595052,1.24941,0.556723,1.06524,0.658093,0.079337,0,0.662858
2588,1.15001,3.32392,0.57657,0.799932,0.105476,0,0.806856,-0.0684003,0.0234523,0,0.0723092,1.21635,0.48292,1.05769,0.695587,0.0917178,0,0.701608
2589,1.03774,3.04352,0.745465,0.920045,0.0637358,0,0.922251,1.05688,-0.19537,0,1.07479,1.05348,0.119386,1.01518,0.88659,0.0614182,0,0.888715
2590,1.04315,3.05722,0.737801,0.916341,0.0624632,0,0.918468,1.05841,-0.168188,0,1.07169,1.06115,0.136494,1.01726,0.87844,0.0598796,0,0.880478
2591,1.04757,3.06825,0.730946,0.91254,0.0617541,0,0.914627,1.0602,-0.144324,0,1.06998,1.06759,0.150873,1.01911,0.871099,0.0589497,0,0.873091
2592,1.05759,3.09376,0.717377,0.905999,-0.0578988,0,0.907847,-0.0829449,-0.228929,0,0.243492,1.08164,0.18224,1.02274,0.856661,-0.0547459,0,0.858409
2593,1.04875,3.07155,0.730384,0.913063,-0.0598254,0,0.915021,-0.0734668,-0.253261,0,0.263701,1.06895,0.153909,1.01926,0.870618,-0.0570443,0,0.872485
2594,1.03916,3.04743,0.744532,0.920447,-0.0611389,0,0.922476,-0.0603192,-0.280494,0,0.286906,1.05519,0.123203,1.01543,0.885761,-0.0588349,0,0.887713
2595,1.02852,3.02049,0.759613,0.927572,-0.0618583,0,0.929633,-0.0442895,-0.309542,0,0.312694,1.04015,0.089616,1.0113,0.901847,-0.0601428,0,0.903851
2596,1.01762,2.99286,0.775201,0.934605,-0.0617656,0,0.936644,-0.0251405,-0.336388,0,0.337326,1.02472,0.0551854,1.00698,0.918423,-0.0606962,0,0.920427
2597,1.06745,3.11869,0.703562,0.898637,-0.0541448,0,0.900266,-0.0915722,-0.201636,0,0.221455,1.09562,0.213446,1.02639,0.841854,-0.0507235,0,0.843381
2598,1.0868,3.16713,0.674826,0.881223,-0.0443031,0,0.882336,-0.102388,-0.148709,0,0.180548,1.12359,0.27586,1.03385,0.810841,-0.0407647,0,0.811865
2599,1.0775,3.14389,0.688719,0.889833,-0.0502124,0,0.891249,-0.0976671,-0.173434,0,0.199043,1.11012,0.245794,1.03027,0.825831,-0.0466008,0,0.827144
2600,1.05526,3.08783,0.720593,0.909374,-0.0163808,0,0.909522,1.05242,0.159073,0,1.06437,1.07835,0.174888,1.02188,0.861756,-0.0155231,0,0.861896
2601,1.04985,3.074,0.72763,0.912646,-0.0196894,0,0.912859,1.04735,0.191883,0,1.06478,1.07085,0.158149,1.02,0.869308,-0.0187544,0,0.869511
2602,1.04496,3.06178,0.7351,0.91676,-0.0222419,0,0.917029,1.04066,0.224768,0,1.06466,1.06376,0.142325,1.01799,0.877312,-0.0212848,0,0.87757
2603,1.03963,3.04837,0.742931,0.920784,-0.0244341,0,0.921108,1.03395,0.263862,0,1.06709,1.05613,0.125285,1.01587,0.885682,-0.0235026,0,0.885994
2604,1.03497,3.03679,0.750319,0.924787,-0.0269935,0,0.925181,1.01671,0.295841,0,1.05887,1.04931,0.110069,1.01385,0.893536,-0.0260814,0,0.893917
2605,1.02996,3.02412,0.757566,0.928202,-0.0297056,0,0.928677,0.997926,0.328107,0,1.05048,1.04218,0.094145,1.01186,0.901204,-0.0288416,0,0.901666
2606,1.02471,3.0109,0.765312,0.931853,-0.0321554,0,0.932408,0.975349,0.359363,0,1.03945,1.03468,0.0774062,1.00973,0.909382,-0.03138,0,0.909923
2607,1.01897,2.99633,0.773476,0.935388,-0.0343349,0,0.936018,0.94899,0.389272,0,1.02573,1.02657,0.0593043,1.00746,0.917978,-0.0336958,0,0.918597
2608,1.01265,2.98027,0.782359,0.939042,-0.0361829,0,0.939739,0.918848,0.417908,0,1.00942,1.01769,0.0394894,1.00498,0.927314,-0.035731,0,0.928002
2609,1.00553,2.96211,0.792241,0.942862,-0.0376347,0,0.943613,0.884648,0.445365,0,0.99043,1.00774,0.017284,1.0022,0.937677,-0.0374278,0,0.938424
2610,0.997603,2.94187,0.803229,0.946901,-0.0385138,0,0.947683,0.84655,0.471157,0,0.968832,0.996694,-0.00737924,0.999089,0.949176,-0.0386064,0,0.949961
2611,0.98945,2.92113,0.814939,0.951279,-0.038193,0,0.952046,0.805439,0.494436,0,0.945092,0.985242,-0.0329418,0.995747,0.961422,-0.0386003,0,0.962197
2612,0.979744,2.89628,0.828431,0.955701,-0.0376673,0,0.956443,0.762504,0.514502,0,0.91985,0.971773,-0.0630066,0.991865,0.97546,-0.0384461,0,0.976217
2613,0.97009,2.8715,0.841763,0.959671,-0.0369099,0,0.960381,0.716471,0.529348,0,0.890808,0.958444,-0.0927582,0.987995,0.98926,-0.0380479,0,0.989992
2614,0.960733,2.84742,0.85467,0.963243,-0.0343042,0,0.963854,0.670448,0.544067,0,0.863428,0.945572,-0.12149,0.98422,1.00261,-0.0357063,0,1.00325
2615,1.08173,3.1544,0.682233,0.878982,0.119287,0,0.88704,-0.0985632,0.104973,0,0.143994,1.11628,0.259562,1.03195,0.812573,0.110275,0,0.820021
2616,0.97994,2.89695,0.828745,0.949773,0.117013,0,0.956954,-0.0202177,0.318838,0,0.319478,0.971879,-0.0627707,0.991774,0.969215,0.119408,0,0.976543
2617,0.965573,2.85997,0.848305,0.955827,0.112354,0,0.962407,0.00286394,0.347087,0,0.347099,0.952138,-0.106835,0.986086,0.989906,0.116359,0,0.996721
2618,1.00603,2.96344,0.791753,0.935378,0.124005,0,0.943562,-0.0543641,0.263356,0,0.268908,1.00838,0.018706,1.00234,0.929775,0.123262,0,0.93791
2619,1.01622,2.98927,0.777039,0.928838,0.125936,0,0.937336,-0.0654366,0.241031,0,0.249755,1.02279,0.050881,1.00647,0.914011,0.123926,0,0.922374
2620,0.947072,2.81227,0.873763,0.968112,-0.0304285,0,0.96859,0.61127,0.554811,0,0.82551,0.926791,-0.163414,0.978585,1.02222,-0.032129,0,1.02272
2621,0.930009,2.76813,0.897241,0.972899,-0.0238753,0,0.973192,0.545586,0.559224,0,0.781278,0.903574,-0.215237,0.971576,1.04612,-0.0256721,0,1.04643
2622,0.910789,2.7183,0.924053,0.977357,-0.0140177,0,0.977458,0.477034,0.558787,0,0.734714,0.877519,-0.273396,0.963471,1.07309,-0.0153907,0,1.0732
2623,1.0686,3.12164,0.7021,0.899494,-0.0081799,0,0.899531,1.05133,0.0913954,0,1.0553,1.09721,0.216996,1.02678,0.841751,-0.00765479,0,0.841786
2624,1.07198,3.12997,0.69656,0.895871,-0.00575947,0,0.89589,1.04924,0.0769362,0,1.05206,1.10224,0.228218,1.02823,0.835716,-0.00537274,0,0.835733
2625,1.06198,3.10506,0.711981,0.9035,0.0584086,0,0.905386,1.0558,-0.0875755,0,1.05943,1.08765,0.195641,1.02417,0.850773,0.0549999,0,0.852548
2626,1.06481,3.11224,0.708007,0.903141,-0.0104701,0,0.903202,1.05313,0.108597,0,1.05871,1.09167,0.204628,1.02522,0.848168,-0.00983276,0,0.848225
2627,0.945975,2.80965,0.876019,0.968632,0.0440696,0,0.969634,0.593026,-0.571197,0,0.823375,0.925083,-0.167225,0.977915,1.02395,0.0465864,0,1.02501
2628,0.952206,2.82568,0.867243,0.96626,0.0495147,0,0.967527,0.645041,-0.563805,0,0.856712,0.933654,-0.148094,0.980516,1.01476,0.052,0,1.01609
2629,0.952902,2.82745,0.866179,0.966422,-0.0388307,0,0.967202,0.13263,-0.47758,0,0.495654,0.934636,-0.145902,0.980831,1.01419,-0.0407499,0,1.01501
2630,0.939766,2.79354,0.884355,0.970776,-0.028733,0,0.971201,0.177484,-0.502159,0,0.532601,0.916679,-0.185983,0.975433,1.033,-0.0305746,0,1.03345
2631,0.929847,2.76788,0.898078,0.973625,-0.0187093,0,0.973804,0.221223,-0.521167,0,0.566176,0.903183,-0.21611,0.971324,1.04708,-0.0201208,0,1.04727
2632,0.924001,2.75285,0.906598,0.975542,-0.00756107,0,0.975571,0.262625,-0.53585,0,0.596747,0.895135,-0.234074,0.968759,1.05578,-0.00818297,0,1.05581
2633,0.921471,2.74616,0.909651,0.975676,0.00841365,0,0.975712,0.329376,-0.553739,0,0.644294,0.891834,-0.241443,0.967837,1.05882,0.00913067,0,1.05886
2634,1.11935,3.24667,0.619747,0.840093,0.00327986,0,0.840099,1.01053,0.00846907,0,1.01056,1.17257,0.385192,1.04754,0.750516,0.00293014,0,0.750522
2635,1.13034,3.27559,0.60887,0.834456,0.00767474,0,0.834492,-0.0972781,-0.0415503,0,0.10578,1.18702,0.417453,1.05014,0.738236,0.00678977,0,0.738267
2636,1.09196,3.17897,0.663317,0.872634,-0.00272187,0,0.872639,1.02589,0.0349008,0,1.02648,1.13212,0.294902,1.03677,0.799144,-0.00249264,0,0.799148
2637,1.10192,3.20359,0.647469,0.861202,-0.00162908,0,0.861203,1.01802,0.0226785,0,1.01827,1.14682,0.327723,1.04075,0.781547,-0.0014784,0,0.781549
2638,0.997506,2.94167,0.803524,0.946702,-0.0476306,0,0.9479,0.00473087,-0.442603,0,0.442628,0.996514,-0.00778092,0.999006,0.949069,-0.0477497,0,0.95027
2639,1.14879,3.32037,0.576468,0.805506,0.0241097,0,0.805866,-0.0809007,-0.0222582,0,0.0839068,1.21508,0.4801,1.05771,0.701178,0.020987,0,0.701492
2640,0.975531,2.88551,0.834383,0.956687,0.0562466,0,0.958339,0.794783,-0.589589,0,0.989594,0.965913,-0.0760864,0.990141,0.980684,0.0576575,0,0.982377
2641,1.00824,2.96899,0.788367,0.940739,-0.0495103,0,0.942041,-0.0229596,-0.409578,0,0.410221,1.01156,0.025803,1.00329,0.933052,-0.0491057,0,0.934343
2642,1.15839,3.3451,0.565021,0.793127,0.0828378,0,0.797441,-0.068598,0.00904053,0,0.0691912,1.22825,0.509478,1.06031,0.684682,0.0715113,0,0.688406
2643,1.0111,2.97627,0.784311,0.938387,0.0613475,0,0.94039,1.01362,-0.404229,0,1.09125,1.01559,0.0347882,1.00443,0.928083,0.0606738,0,0.930064
2644,0.994643,2.93442,0.807763,0.94763,0.0610052,0,0.949591,0.922628,-0.507178,0,1.05284,0.992453,-0.0168461,0.997798,0.952734,0.0613338,0,0.954706
2645,0.968508,2.86747,0.844072,0.959643,0.053211,0,0.961117,0.743531,-0.611232,0,0.962519,0.95623,-0.0977015,0.987322,0.990847,0.0549412,0,0.992369
2646,0.985775,2.91176,0.820182,0.952858,-0.0443266,0,0.953889,0.0384872,-0.475472,0,0.477027,0.980099,-0.0444217,0.994242,0.966609,-0.0449663,0,0.967654
2647,1.08631,3.16601,0.675977,0.882869,-0.0279729,0,0.883312,-0.124929,-0.13848,0,0.186505,1.12275,0.274003,1.03355,0.812727,-0.0257505,0,0.813134
2648,1.108,3.21855,0.637604,0.853757,0.000231484,0,0.853757,1.01516,0.016183,0,1.01529,1.15585,0.347873,1.04319,0.770542,0.000208921,0,0.770542
2649,0.942138,2.7995,0.880472,0.969404,0.0325864,0,0.969952,0.507265,-0.647262,0,0.822354,0.920083,-0.178386,0.976591,1.02894,0.0345877,0,1.02952
2650,1.08996,3.17504,0.670095,0.873706,0.0982525,0,0.879213,-0.115921,0.0821789,0,0.142095,1.12817,0.286099,1.03505,0.801591,0.0901428,0,0.806644
2651,1.09626,3.19001,0.657941,0.867628,0.0576885,0,0.869544,1.02347,-0.026543,0,1.02381,1.13806,0.308175,1.03813,0.791442,0.0526228,0,0.793189
2652,1.13079,3.27489,0.601452,0.824109,0.0450635,0,0.82534,1.00765,-0.00537314,0,1.00766,1.18948,0.42294,1.0519,0.728794,0.0398515,0,0.729882
2653,1.12784,3.26748,0.60565,0.828543,0.00196891,0,0.828545,1.00738,0.00565009,0,1.0074,1.18526,0.413523,1.05091,0.734628,0.00174574,0,0.73463
2654,1.13364,3.2819,0.5967,0.820211,0.0427393,0,0.821324,1.00683,-0.00435042,0,1.00684,1.19375,0.432475,1.05302,0.723519,0.0377009,0,0.724501
2655,1.1544,3.33511,0.570897,0.80086,0.050579,0,0.802455,-0.0764203,-0.00645752,0,0.0766926,1.22248,0.49661,1.05898,0.693747,0.0438142,0,0.695129
2656,0.963204,2.85391,0.851714,0.958336,0.098791,0,0.963415,0.00279744,0.416607,0,0.416616,0.94884,-0.114196,0.985088,0.994946,0.102565,0,1.00022
2657,0.935907,2.78361,0.889878,0.968698,0.0851112,0,0.97243,0.0677447,0.478895,0,0.483662,0.91137,-0.197834,0.973783,1.03504,0.0909398,0,1.03902
2658,1.08942,3.17283,0.667812,0.874059,0.0587231,0,0.876029,1.02778,-0.0339384,0,1.02834,1.12824,0.286261,1.03563,0.802313,0.0539029,0,0.804121
2659,1.11041,3.2249,0.635152,0.850845,0.0543108,0,0.852576,1.01533,-0.0149176,0,1.01544,1.15904,0.354999,1.04379,0.766241,0.0489104,0,0.7678
2660,1.14603,3.31512,0.586796,0.817401,0.00470349,0,0.817414,1.00352,0.00203977,0,1.00352,1.20944,0.467507,1.05533,0.713244,0.00410415,0,0.713256
2661,1.11584,3.23828,0.626389,0.844194,0.0519072,0,0.845789,1.01302,-0.0114781,0,1.01308,1.16709,0.372973,1.04593,0.756554,0.0465184,0,0.757983
2662,1.06153,3.10373,0.711915,0.903948,-0.042089,0,0.904927,-0.115281,-0.223772,0,0.251721,1.08721,0.194655,1.02419,0.851555,-0.0396495,0,0.852477
2663,1.09329,3.18348,0.665605,0.876185,-0.0223182,0,0.87647,-0.124274,-0.116377,0,0.170258,1.13286,0.296567,1.03619,0.80142,-0.0204138,0,0.80168
2664,1.08299,3.15751,0.680113,0.879702,0.101624,0,0.885553,-0.117435,0.0975108,0,0.152641,1.11818,0.263798,1.03249,0.812287,0.0938364,0,0.817689
2665,1.06591,3.11492,0.706196,0.895625,0.107253,0,0.902024,-0.118676,0.138784,0,0.182607,1.0933,0.20826,1.0257,0.840249,0.100621,0,0.846252
2666,1.13844,3.27972,0.534059,0.742222,0.0369858,0,0.743143,1.00377,-0.000679641,0,1.00377,1.21487,0.479612,1.06713,0.651965,0.0324882,0,0.652774
2667,1.08017,3.14971,0.681699,0.885122,-0.0026897,0,0.885126,1.03954,0.05234,0,1.04085,1.11482,0.2563,1.03208,0.81943,-0.00249007,0,0.819434
2668,0.961356,2.84906,0.853931,0.962491,0.0492798,0,0.963752,0.688108,-0.628757,0,0.93211,0.946395,-0.119654,0.984438,1.00118,0.0512607,0,1.00249
2669,1.02049,3.00006,0.770842,0.932606,0.060467,0,0.934564,1.05132,-0.332583,0,1.10268,1.02885,0.0643954,1.00819,0.913883,0.0592531,0,0.915802
2670,1.0059,2.96305,0.791742,0.941419,0.0615368,0,0.943428,0.987783,-0.440023,0,1.08136,1.00825,0.0184186,1.00234,0.935902,0.0611762,0,0.937899
2671,1.07557,3.13914,0.691907,0.887224,0.104942,0,0.893409,-0.117995,0.115208,0,0.164911,1.10723,0.239361,1.02944,0.824889,0.0975694,0,0.83064
2672,0.920732,2.74433,0.911012,0.973316,0.0747398,0,0.976181,0.110765,0.512211,0,0.524051,0.89074,-0.243884,0.967426,1.05711,0.0811743,0,1.06022
2673,1.0275,3.01784,0.760867,0.923221,0.112756,0,0.930081,-0.0979915,0.242432,0,0.261487,1.03876,0.0865135,1.01096,0.898511,0.109738,0,0.905188
2674,1.08355,3.15817,0.676661,0.881878,-0.00425786,0,0.881889,1.03467,0.0490952,0,1.03584,1.11972,0.267222,1.03338,0.813879,-0.00392954,0,0.813888
2675,1.06958,3.12424,0.70113,0.897506,0.055564,0,0.899225,1.0513,-0.0642665,0,1.05326,1.09849,0.219854,1.02703,0.83912,0.0519494,0,0.840726
2676,0.948604,2.81623,0.871637,0.967319,0.0390812,0,0.968108,0.572138,-0.643779,0,0.861275,0.928888,-0.158732,0.979216,1.01973,0.0411986,0,1.02056
2677,1.11334,3.23338,0.635127,0.854787,0.00217998,0,0.85479,-0.116169,-0.0571554,0,0.129468,1.1621,0.361823,1.0438,0.76777,0.00195806,0,0.767773
2678,1.11366,3.23249,0.628413,0.846662,0.00125508,0,0.846663,1.0124,0.0119612,0,1.01247,1.16426,0.366654,1.04544,0.760252,0.00112699,0,0.760253
2679,0.909053,2.71366,0.926001,0.977335,-0.00558925,0,0.977351,0.440452,0.628064,0,0.767113,0.875307,-0.278333,0.962878,1.07511,-0.00614844,0,1.07513
2680,1.09913,3.19796,0.656476,0.869883,-0.0161188,0,0.870033,-0.123159,-0.098204,0,0.157519,1.14145,0.315728,1.0385,0.791427,-0.014665,0,0.791563
2681,0.905847,2.70569,0.931819,0.977157,0.0619606,0,0.97912,0.161522,0.543643,0,0.56713,0.870613,-0.288809,0.961104,1.07872,0.0684008,0,1.08089
2682,1.02967,3.02326,0.757489,0.926448,0.0591478,0,0.928334,1.07207,-0.258099,0,1.1027,1.04191,0.0935475,1.01189,0.899752,0.0574434,0,0.901583
2683,1.10666,3.21562,0.641075,0.85522,0.05553,0,0.857021,1.01706,-0.0173064,0,1.01721,1.15351,0.342658,1.04233,0.772792,0.0501779,0,0.774419
2684,1.12236,3.25397,0.614499,0.835722,0.00217298,0,0.835725,1.00909,0.00753421,0,1.00912,1.17713,0.39538,1.0488,0.744612,0.00193608,0,0.744614
2685,1.12486,3.26012,0.610388,0.832374,0.00101244,0,0.832375,1.00826,0.00677998,0,1.00828,1.18086,0.403706,1.04978,0.739979,0.000900053,0,0.73998
2686,1.12776,3.26739,0.60623,0.827869,0.0473467,0,0.829222,1.00859,-0.00646762,0,1.00861,1.18501,0.412979,1.05077,0.734086,0.0419831,0,0.735285
2687,1.12508,3.2609,0.610891,0.83183,0.0473881,0,0.833178,1.00946,-0.00718547,0,1.00949,1.18096,0.403927,1.04966,0.739349,0.0421196,0,0.740548
2688,0.950331,2.82082,0.86976,0.963593,0.0928496,0,0.968056,0.0320517,0.447634,0,0.44878,0.931107,-0.153779,0.979771,1.01396,0.0977024,0,1.01865
2689,1.02515,3.01192,0.764369,0.929856,0.0597643,0,0.931775,1.06194,-0.296423,0,1.10254,1.03539,0.0789854,1.00999,0.907048,0.0582983,0,0.908919
2690,0.985848,2.91193,0.82001,0.947846,0.106263,0,0.953784,-0.0412432,0.359794,0,0.36215,0.980221,-0.04415,0.994292,0.961452,0.107788,0,0.967476
2691,0.974225,2.88209,0.835965,0.953057,0.103379,0,0.958647,-0.0197676,0.38845,0,0.388953,0.964172,-0.0799721,0.989682,0.978272,0.106114,0,0.984011
2692,1.06424,3.11078,0.708772,0.903587,-0.00516375,0,0.903602,1.06536,0.0987159,0,1.06992,1.09087,0.202836,1.02502,0.849043,-0.00485205,0,0.849057
2693,1.05435,3.08584,0.72299,0.909851,0.0543716,0,0.911474,1.07384,-0.109305,0,1.07939,1.07674,0.171304,1.02124,0.862953,0.051569,0,0.864492
2694,0.98861,2.91902,0.816231,0.950673,0.0600544,0,0.952568,0.884356,-0.537042,0,1.03465,0.984039,-0.0356269,0.995377,0.961626,0.0607463,0,0.963543
2695,1.09741,3.19247,0.654737,0.86655,-0.00161138,0,0.866552,1.02199,0.0273881,0,1.02235,1.14014,0.312809,1.03893,0.78963,-0.00146834,0,0.789632
2696,1.10267,3.2072,0.652703,0.863468,0.0906194,0,0.86821,-0.112387,0.0578277,0,0.126392,1.14616,0.326251,1.03944,0.783071,0.082182,0,0.787372
2697,0.982225,2.90267,0.825099,0.953678,0.0585079,0,0.955471,0.841688,-0.564701,0,1.01357,0.975179,-0.0554042,0.992827,0.970937,0.0595667,0,0.972762
2698,0.998276,2.94375,0.802847,0.941621,0.109133,0,0.947924,-0.0617766,0.326469,0,0.332262,0.997476,-0.00563441,0.999198,0.943247,0.109322,0,0.949561
2699,1.13688,3.2748,0.53225,0.739745,-0.00252623,0,0.739749,1.00374,0.000813682,0,1.00374,1.21365,0.476898,1.06752,0.650678,-0.00222207,0,0.650682
2700,1.12177,3.25288,0.616825,0.83687,0.0475896,0,0.838222,1.01095,-0.00805625,0,1.01098,1.17588,0.392594,1.04824,0.746029,0.0424238,0,0.747234
2701,1.13786,3.29267,0.591323,0.817436,0.00152494,0,0.817438,1.00486,0.00335814,0,1.00487,1.19962,0.445577,1.05428,0.7184,0.00134019,0,0.718401
2702,1.13078,3.27468,0.600709,0.824382,0.0026362,0,0.824386,1.00662,0.00459705,0,1.00663,1.18967,0.423373,1.05208,0.729038,0.00233131,0,0.729041
2703,1.14116,3.30126,0.587624,0.814019,0.0403192,0,0.815017,1.00501,-0.00318445,0,1.00501,1.20409,0.45555,1.05514,0.713324,0.0353316,0,0.714198
2704,1.07602,3.13981,0.689619,0.889303,0.0563072,0,0.891083,1.04225,-0.0508044,0,1.04349,1.10834,0.241822,1.03004,0.826476,0.0523293,0,0.828131
2705,1.0795,3.14848,0.6843,0.885713,0.0588201,0,0.887664,1.0373,-0.0478266,0,1.0384,1.11341,0.253145,1.03141,0.820485,0.0544883,0,0.822293
2706,0.893251,2.67256,0.948218,0.97989,0.00830738,0,0.979926,0.366249,0.614946,0,0.715749,0.854021,-0.325847,0.956082,1.09699,0.00930017,0,1.09703
2707,1.05999,3.1,0.714633,0.906716,-0.00741606,0,0.906746,1.06862,0.119963,0,1.07533,1.08487,0.189434,1.02347,0.855402,-0.00699636,0,0.85543
2708,1.07457,3.13626,0.692043,0.892735,-0.0032692,0,0.892741,1.04808,0.0663041,0,1.05018,1.10617,0.236985,1.02941,0.830783,-0.00304233,0,0.830788
2709,1.11812,3.24506,0.627005,0.842835,0.0960387,0,0.848289,-0.094319,0.0418694,0,0.103195,1.16931,0.37792,1.04578,0.753797,0.085893,0,0.758675
2710,0.887454,2.65768,0.957237,0.981039,0.0265466,0,0.981398,0.294067,0.596041,0,0.664635,0.846014,-0.343719,0.953304,1.10545,0.0299133,0,1.10586
2711,1.03654,3.0409,0.748607,0.91785,0.112175,0,0.92468,-0.105829,0.218221,0,0.242529,1.05138,0.114695,1.01432,0.885494,0.10822,0,0.892083
2712,1.04564,3.0638,0.735225,0.910904,0.112006,0,0.917764,-0.110992,0.191693,0,0.221507,1.06442,0.143785,1.01796,0.871144,0.107117,0,0.877705
2713,1.05486,3.08682,0.721177,0.903139,0.110243,0,0.909843,-0.11504,0.167128,0,0.202894,1.07778,0.173606,1.02173,0.856173,0.10451,0,0.862528
2714,1.149,3.32327,0.585144,0.816706,0.033025,0,0.817374,1.0036,-0.00191704,0,1.0036,1.21302,0.475482,1.05571,0.710797,0.0287423,0,0.711378
2715,1.08648,3.16522,0.671252,0.877793,0.00110705,0,0.877794,1.03384,0.0376585,0,1.03452,1.12425,0.277342,1.03476,0.807921,0.00101893,0,0.807922
2716,1.08357,3.15814,0.676331,0.879891,0.0534542,0,0.881513,1.03587,-0.036323,0,1.03651,1.11983,0.26748,1.03346,0.812027,0.0493314,0,0.813524
2717,1.01593,2.9885,0.777352,0.935419,0.06095,0,0.937403,1.03462,-0.368307,0,1.09823,1.02241,0.050027,1.00638,0.920752,0.0599944,0,0.922705
2718,1.10429,3.21073,0.64837,0.864109,-0.00991821,0,0.864165,-0.120913,-0.0819,0,0.14604,1.14904,0.332684,1.04052,0.7825,-0.00898151,0,0.782551
2719,1.10865,3.2215,0.641449,0.859015,-0.00381456,0,0.859024,-0.11878,-0.0695666,0,0.137652,1.15548,0.347056,1.04224,0.774829,-0.00344072,0,0.774836
2720,1.09558,3.18899,0.661403,0.868053,0.0947673,0,0.87321,-0.114372,0.0701004,0,0.134145,1.1364,0.30447,1.03726,0.792319,0.0864994,0,0.797027
2721,0.893428,2.67343,0.949474,0.980158,0.0456232,0,0.981219,0.220747,0.571871,0,0.612997,0.853845,-0.326239,0.955695,1.09708,0.0510653,0,1.09826
2722,1.00043,2.94918,0.799632,0.944596,0.0615214,0,0.946597,0.957331,-0.474659,0,1.06854,1.00054,0.0012086,1.00011,0.944189,0.0614949,0,0.94619
2723,1.13762,3.29321,0.595894,0.81759,0.0956763,0,0.823169,-0.0792083,0.0261365,0,0.083409,1.19816,0.442313,1.05321,0.718683,0.0841019,0,0.723587
2724,1.03485,3.03622,0.749593,0.922419,0.0583929,0,0.924265,1.07746,-0.219878,0,1.09966,1.04939,0.110245,1.01405,0.891355,0.0564265,0,0.89314
2725,1.0492,3.07249,0.729098,0.912259,0.0556076,0,0.913952,1.07692,-0.132439,0,1.08504,1.06977,0.155732,1.01961,0.869482,0.0530001,0,0.871096
2726,1.04045,3.0505,0.74195,0.918947,0.0574094,0,0.920739,1.07913,-0.182852,0,1.09451,1.05724,0.127766,1.01613,0.883218,0.0551773,0,0.88494
2727,1.04455,3.06064,0.735329,0.915185,0.0564864,0,0.916926,1.07833,-0.157627,0,1.08979,1.06328,0.141246,1.01793,0.87615,0.0540771,0,0.877817
2728,1.05349,3.08344,0.723363,0.910033,-0.0452482,0,0.911158,-0.107093,-0.251988,0,0.273801,1.07576,0.169114,1.02114,0.863829,-0.0429508,0,0.864896
2729,1.04578,3.0641,0.734885,0.916285,-0.0471795,0,0.917499,-0.0979624,-0.28145,0,0.298012,1.06465,0.144305,1.01805,0.876178,-0.0451144,0,0.877338
2730,1.01833,2.99467,0.774146,0.934816,-0.0501927,0,0.936163,-0.0475811,-0.377134,0,0.380124,1.02574,0.0574616,1.00728,0.917985,-0.049289,0,0.919308
2731,1.0371,3.04221,0.74739,0.922537,-0.0488653,0,0.923831,-0.0844831,-0.312289,0,0.323515,1.0523,0.116741,1.01465,0.889532,-0.047117,0,0.890779
2732,1.02792,3.01897,0.760548,0.928767,-0.0498929,0,0.930106,-0.0674806,-0.345849,0,0.35237,1.03927,0.0876494,1.01104,0.903545,-0.048538,0,0.904847
2733,1.07823,3.14564,0.68743,0.889674,-0.0340188,0,0.890324,-0.12308,-0.165221,0,0.206026,1.11122,0.248267,1.0306,0.825127,-0.0315507,0,0.82573
2734,1.07016,3.12552,0.699642,0.897146,-0.0385615,0,0.897974,-0.119942,-0.192649,0,0.226936,1.09951,0.222119,1.02742,0.838327,-0.0360333,0,0.839101
2735,1.05542,3.08835,0.720709,0.90974,-0.0101435,0,0.909796,1.07091,0.146355,0,1.08086,1.07849,0.17519,1.02185,0.861968,-0.00961089,0,0.862022
2736,1.05033,3.07524,0.727069,0.912543,-0.0130814,0,0.912637,1.07051,0.178865,0,1.08535,1.0715,0.159588,1.02015,0.868815,-0.0124546,0,0.868905
2737,1.04588,3.06408,0.73377,0.916202,-0.0153307,0,0.916331,1.06783,0.213393,0,1.08894,1.06507,0.145235,1.01835,0.876015,-0.0146583,0,0.876137
2738,1.0408,3.05128,0.74109,0.919915,-0.0177916,0,0.920087,1.0647,0.249307,0,1.09349,1.05784,0.129102,1.01637,0.883851,-0.0170941,0,0.884016
2739,1.03594,3.03915,0.748657,0.923984,-0.0198893,0,0.924198,1.05372,0.295367,0,1.09433,1.05076,0.113297,1.01431,0.891931,-0.0191994,0,0.892137
2740,1.03163,3.02843,0.755412,0.927554,-0.0219507,0,0.927813,1.04204,0.332463,0,1.09379,1.04448,0.0992894,1.01246,0.899113,-0.0212776,0,0.899365
2741,1.02695,3.01658,0.762077,0.930598,-0.0241653,0,0.930911,1.02252,0.369943,0,1.08739,1.03786,0.0845135,1.01062,0.906172,-0.023531,0,0.906478
2742,1.02199,3.00399,0.769137,0.933717,-0.0262603,0,0.934086,0.998924,0.406988,0,1.07865,1.03085,0.0688508,1.00867,0.913629,-0.0256954,0,0.91399
2743,1.01659,2.99024,0.776659,0.936834,-0.0283184,0,0.937262,0.97071,0.442576,0,1.06684,1.02327,0.0519402,1.00657,0.92155,-0.0278564,0,0.921971
2744,1.0106,2.97499,0.785014,0.940191,-0.0300786,0,0.940672,0.937752,0.476699,0,1.05196,1.01488,0.0332153,1.00424,0.93033,-0.0297632,0,0.930806
2745,1.00383,2.95774,0.794445,0.94382,-0.0315045,0,0.944346,0.899984,0.509181,0,1.03404,1.00542,0.0120913,1.00158,0.940218,-0.0313842,0,0.940742
2746,0.997012,2.94048,0.804476,0.94789,-0.0318202,0,0.948424,0.857932,0.539175,0,1.01329,0.995751,-0.00948424,0.998735,0.950731,-0.0319155,0,0.951266
2747,0.988197,2.91791,0.816628,0.952036,-0.0321214,0,0.952578,0.812721,0.565727,0,0.990234,0.983516,-0.0367958,0.995263,0.963407,-0.0325051,0,0.963956
2748,0.973952,2.88125,0.835839,0.957727,-0.0317375,0,0.958252,0.738197,0.596042,0,0.948789,0.963939,-0.0804942,0.989719,0.983341,-0.0325863,0,0.98388
2749,1.00953,2.97235,0.786792,0.934986,0.111161,0,0.941571,-0.0781157,0.294173,0,0.304368,1.0133,0.029693,1.00374,0.926159,0.110111,0,0.932682
2750,1.01918,2.99682,0.772963,0.928912,0.112187,0,0.935662,-0.0897409,0.267008,0,0.281685,1.02693,0.0601144,1.0076,0.91143,0.110076,0,0.918053
2751,0.959578,2.84449,0.856387,0.963983,-0.0277473,0,0.964383,0.654474,0.621088,0,0.902268,0.943953,-0.125105,0.983716,1.00459,-0.0289161,0,1.00501
2752,0.94483,2.80653,0.877014,0.969148,-0.022689,0,0.969414,0.584133,0.629966,0,0.859109,0.923684,-0.170347,0.977619,1.02574,-0.0240138,0,1.02602
2753,0.927896,2.76271,0.900385,0.97379,-0.0152859,0,0.97391,0.511831,0.631946,0,0.81322,0.900645,-0.221775,0.970631,1.04946,-0.0164737,0,1.04959
2754,1.05852,3.09637,0.716973,0.906606,0.0534959,0,0.908183,1.06967,-0.0923168,0,1.07365,1.08271,0.184619,1.02285,0.856481,0.0505382,0,0.857971
2755,1.06768,3.11926,0.703155,0.899984,-0.0027903,0,0.899989,1.06166,0.0825931,0,1.06486,1.09598,0.214236,1.0265,0.842933,-0.00261342,0,0.842937
2756,1.06233,3.10594,0.711453,0.903542,0.0526888,0,0.905077,1.06551,-0.0787892,0,1.06842,1.08816,0.196779,1.02431,0.85053,0.0495975,0,0.851975
2757,0.936191,2.78416,0.888803,0.971439,0.0230037,0,0.971711,0.428916,-0.643043,0,0.772964,0.911948,-0.196544,0.974105,1.03765,0.0245716,0,1.03794
2758,0.954665,2.83184,0.863217,0.965085,0.0444526,0,0.966108,0.629613,-0.640817,0,0.898364,0.9372,-0.140178,0.981705,1.01091,0.0465635,0,1.01199
2759,0.972974,2.87899,0.838084,0.958751,-0.0390399,0,0.959546,0.0794438,-0.508932,0,0.515095,0.962335,-0.0840726,0.989066,0.985382,-0.0401243,0,0.986199
2760,0.960227,2.84627,0.855887,0.96402,-0.0317895,0,0.964544,0.125872,-0.542369,0,0.556784,0.944732,-0.123365,0.983863,1.00395,-0.0331063,0,1.0045
2761,0.948818,2.81692,0.871847,0.968255,-0.023043,0,0.968529,0.173848,-0.569678,0,0.595614,0.929039,-0.158396,0.979153,1.02049,-0.024286,0,1.02077
2762,0.939969,2.79408,0.884127,0.971091,-0.0141795,0,0.971195,0.220462,-0.588492,0,0.628432,0.916941,-0.185398,0.975501,1.03311,-0.0150851,0,1.03322
2763,0.934207,2.77918,0.892081,0.972734,-0.0022422,0,0.972737,0.278313,-0.610158,0,0.670635,0.909099,-0.202904,0.973124,1.04124,-0.00240011,0,1.04124
2764,0.93286,2.7756,0.893636,0.972725,0.011569,0,0.972794,0.34995,-0.629897,0,0.720579,0.907353,-0.206801,0.972658,1.04273,0.0124016,0,1.04281
2765,1.04229,3.0553,0.739884,0.919336,-0.0362491,0,0.92005,-0.125424,-0.31142,0,0.335728,1.05969,0.133238,1.01669,0.882034,-0.0347783,0,0.88272
2766,0.995522,2.93662,0.80635,0.947308,0.0559683,0,0.948959,0.945398,-0.575502,0,1.10679,0.993731,-0.0139925,0.998201,0.951569,0.05622,0,0.953228
2767,1.14443,3.30969,0.583849,0.80813,0.0834829,0,0.812431,-0.0770239,0.0130988,0,0.0781297,1.20853,0.465464,1.05601,0.706145,0.0729474,0,0.709903
2768,0.983663,2.90626,0.822772,0.952983,0.0536863,0,0.954494,0.853704,-0.643564,0,1.06911,0.977266,-0.0507451,0.993497,0.968811,0.0545779,0,0.970347
2769,0.951234,2.82301,0.867992,0.966687,0.0334615,0,0.967266,0.544213,-0.727439,0,0.90848,0.93249,-0.150692,0.980295,1.01624,0.0351769,0,1.01685
2770,1.11775,3.24304,0.623469,0.842242,0.0473969,0,0.843574,1.01291,-0.00913264,0,1.01295,1.16988,0.379206,1.04664,0.753513,0.0424038,0,0.754705
2771,1.11167,3.22794,0.632946,0.849251,0.0512101,0,0.850793,1.01523,-0.0130487,0,1.01532,1.16095,0.359258,1.04433,0.763944,0.0460661,0,0.765332
2772,1.07227,3.13068,0.696114,0.894029,0.053133,0,0.895606,1.05045,-0.0548378,0,1.05188,1.10266,0.229156,1.02835,0.833774,0.0495519,0,0.835245
2773,1.1368,3.29063,0.595171,0.820747,0.0383121,0,0.821641,1.00618,-0.00331248,0,1.00619,1.19748,0.440809,1.05338,0.72198,0.0337017,0,0.722767
2774,1.08007,3.14984,0.683174,0.885113,0.0546728,0,0.8868,1.04007,-0.0415486,0,1.0409,1.11431,0.255165,1.0317,0.819494,0.0506196,0,0.821056
2775,0.910508,2.71762,0.924625,0.977655,0.00576059,0,0.977672,0.390676,0.699609,0,0.801299,0.877089,-0.274355,0.963297,1.07375,0.00632679,0,1.07377
2776,0.977163,2.8896,0.831794,0.95594,0.0515105,0,0.957327,0.799774,-0.672412,0,1.04488,0.968263,-0.0708415,0.990892,0.978281,0.0527143,0,0.9797
2777,1.08937,3.1736,0.671122,0.879923,-0.00936827,0,0.879972,-0.144301,-0.105904,0,0.178993,1.12728,0.284099,1.03479,0.807732,-0.00859968,0,0.807778
2778,1.07717,3.14302,0.689061,0.891158,-0.0198887,0,0.89138,-0.148067,-0.153282,0,0.213118,1.10968,0.244821,1.03018,0.827314,-0.0184638,0,0.82752
2779,1.12281,3.25521,0.614245,0.834633,0.0430097,0,0.83574,1.01104,-0.00618939,0,1.01106,1.17767,0.39659,1.04886,0.743342,0.0383054,0,0.744329
2780,1.00094,2.95046,0.798853,0.94458,0.0563398,0,0.946258,0.983499,-0.537082,0,1.12059,1.00127,0.0028336,1.00033,0.943695,0.056287,0,0.945372
2781,0.991104,2.92528,0.812358,0.946101,0.0960942,0,0.950969,-0.0682812,0.40266,0,0.408408,0.987622,-0.0276305,0.996486,0.954593,0.0969567,0,0.959505
2782,0.98154,2.90087,0.825885,0.950978,0.0939241,0,0.955605,-0.047178,0.433953,0,0.43651,0.974276,-0.0574198,0.9926,0.968864,0.0956906,0,0.973578
2783,1.01523,2.98676,0.778418,0.936271,0.0553447,0,0.937906,1.06606,-0.410606,0,1.1424,1.02141,0.0477866,1.00608,0.922224,0.0545143,0,0.923833
2784,0.989774,2.92191,0.814297,0.950096,0.0551427,0,0.951695,0.902252,-0.611028,0,1.08969,0.985746,-0.0318165,0.995931,0.959912,0.0557125,0,0.961528
2785,1.0833,3.1576,0.677251,0.882389,-0.000133507,0,0.882389,1.03776,0.0430302,0,1.03866,1.11929,0.26628,1.03323,0.814538,-0.000123241,0,0.814538
2786,1.07649,3.14074,0.688027,0.889594,-0.000814801,0,0.889595,1.04766,0.0567906,0,1.0492,1.10927,0.2439,1.03045,0.826385,-0.000756905,0,0.826385
2787,1.14458,3.31082,0.586471,0.813372,0.0648368,0,0.815952,-0.0814991,0.00576515,0,0.0817027,1.20799,0.464268,1.05541,0.710632,0.0566471,0,0.712886
2788,0.931215,2.77149,0.896452,0.971271,0.0689579,0,0.973715,0.102457,0.583826,0,0.592748,0.904966,-0.212129,0.971813,1.04301,0.0740515,0,1.04564
2789,0.91702,2.73478,0.916435,0.975596,0.056014,0,0.977202,0.161927,0.621134,0,0.641894,0.885643,-0.25526,0.965784,1.06388,0.0610826,0,1.06563
2790,1.0839,3.15999,0.679561,0.885518,-0.0143165,0,0.885633,-0.146948,-0.12656,0,0.193936,1.11927,0.266223,1.03263,0.816975,-0.0132083,0,0.817082
2791,1.10034,3.19998,0.651091,0.862534,0.0567955,0,0.864402,1.02083,-0.0226335,0,1.02108,1.14418,0.321831,1.03985,0.783881,0.0516165,0,0.785579
2792,0.945694,2.80875,0.875774,0.96877,0.0256768,0,0.969111,0.463725,-0.726431,0,0.861825,0.924877,-0.167685,0.977988,1.0244,0.0271513,0,1.02476
2793,1.03724,3.04236,0.746481,0.921444,0.052547,0,0.922942,1.10289,-0.202317,0,1.12129,1.0527,0.117625,1.0149,0.888361,0.0506604,0,0.889804
2794,1.03212,3.02936,0.753634,0.924744,0.0535067,0,0.926291,1.10278,-0.242793,0,1.1292,1.04548,0.101517,1.01294,0.895966,0.0518416,0,0.897464
2795,1.02336,3.0073,0.766545,0.930908,0.0548971,0,0.932525,1.09158,-0.324557,0,1.13881,1.03297,0.0735931,1.00939,0.909655,0.0536438,0,0.911235
2796,1.08863,3.17167,0.671984,0.876368,0.0842294,0,0.880407,-0.132914,0.0737091,0,0.151984,1.12626,0.281841,1.03457,0.805021,0.077372,0,0.80873
2797,1.07051,3.12618,0.698401,0.896812,-0.000616239,0,0.896812,1.05944,0.0702433,0,1.06176,1.10021,0.223686,1.02775,0.837745,-0.000575651,0,0.837745
2798,0.945509,2.8084,0.87649,0.966435,0.0783732,0,0.969608,0.0523287,0.544339,0,0.546849,0.924495,-0.168537,0.977775,1.02213,0.08289,0,1.02549
2799,1.00969,2.97268,0.786293,0.940356,-0.0395496,0,0.941187,-0.0485603,-0.458593,0,0.461157,1.0136,0.0303647,1.00388,0.931332,-0.0391701,0,0.932156
2800,0.989292,2.92072,0.815137,0.951435,-0.0355177,0,0.952097,0.0207956,-0.538221,0,0.538622,0.985028,-0.0334187,0.99569,0.961733,-0.0359022,0,0.962403
2801,1.10373,3.20777,0.643552,0.857798,0.00168327,0,0.857799,1.0181,0.0186448,0,1.01828,1.14978,0.334322,1.04172,0.777182,0.00152508,0,0.777183
2802,1.11817,3.24537,0.627579,0.84898,0.0109003,0,0.84905,-0.112883,-0.0445951,0,0.121373,1.16921,0.377697,1.04564,0.759256,0.00974826,0,0.759319
2803,1.09802,3.1937,0.652796,0.864656,0.00283251,0,0.864661,1.02295,0.0225867,0,1.0232,1.1413,0.315403,1.03942,0.787471,0.00257966,0,0.787475
2804,1.01841,2.99481,0.773856,0.935076,-0.0397133,0,0.935919,-0.0738927,-0.422144,0,0.428562,1.0259,0.057817,1.00736,0.918172,-0.0389953,0,0.919
2805,0.970331,2.87208,0.841306,0.958941,0.0484223,0,0.960162,0.740283,-0.696763,0,1.01661,0.958812,-0.0919366,0.988129,0.988261,0.0499029,0,0.98952
2806,1.01091,2.97587,0.784868,0.93913,0.0561375,0,0.940806,1.04392,-0.453091,0,1.138,1.01523,0.034004,1.00428,0.928994,0.0555316,0,0.930653
2807,1.0001,2.94832,0.799999,0.945905,-0.0380807,0,0.946671,-0.0174277,-0.498495,0,0.4988,1.00011,0.000241289,1.00001,0.945809,-0.0380768,0,0.946575
2808,1.10309,3.20661,0.646129,0.858636,0.0561316,0,0.860469,1.01926,-0.0201814,0,1.01946,1.1484,0.331257,1.04108,0.778394,0.0508859,0,0.780055
2809,1.0994,3.19852,0.655656,0.869243,0.00139825,0,0.869245,-0.13755,-0.0726105,0,0.155539,1.14195,0.316857,1.0387,0.790651,0.00127183,0,0.790652
2810,1.13082,3.27578,0.604423,0.828258,0.038705,0,0.829162,1.0082,-0.00409409,0,1.00821,1.18871,0.421239,1.0512,0.732443,0.0342275,0,0.733242
2811,1.12508,3.26098,0.611246,0.833601,0.00628339,0,0.833624,1.0089,0.00537719,0,1.00892,1.18086,0.403702,1.04958,0.740926,0.00558484,0,0.740947
2812,1.12588,3.2353,0.499182,0.689103,0.0166714,0,0.689305,1.00427,7.77797e-05,0,1.00427,1.20972,0.468114,1.07446,0.612056,0.0148074,0,0.612235
2813,1.10796,3.21984,0.642736,0.855803,0.0856337,0,0.860077,-0.10978,0.045392,0,0.118794,1.1544,0.344653,1.04192,0.772415,0.0772898,0,0.776273
2814,0.97112,2.87425,0.840715,0.956116,0.0901025,0,0.960352,-0.0210085,0.468933,0,0.469403,0.959759,-0.0898245,0.988301,0.98455,0.0927821,0,0.988912
2815,1.0916,3.17825,0.664525,0.871949,0.0569821,0,0.873808,1.02744,-0.0301335,0,1.02788,1.13141,0.293319,1.03647,0.798781,0.0522005,0,0.800485
2816,1.10759,3.21804,0.640021,0.854941,0.0505972,0,0.856437,1.01849,-0.0144537,0,1.01859,1.15477,0.345464,1.04259,0.771891,0.0456821,0,0.773242
2817,1.14586,3.31386,0.583913,0.813506,0.00656334,0,0.813533,1.00406,0.00150367,0,1.00406,1.21003,0.468807,1.056,0.709953,0.00572788,0,0.709976
2818,1.11038,3.22456,0.634273,0.851452,0.0027915,0,0.851456,1.01452,0.0136277,0,1.01461,1.15924,0.355448,1.04401,0.766813,0.00251401,0,0.766817
2819,1.14305,3.30806,0.592679,0.822901,0.00662497,0,0.822927,1.00442,0.00243401,0,1.00442,1.20473,0.456993,1.05396,0.719916,0.00579587,0,0.719939
2820,1.01958,2.9978,0.772237,0.933634,0.0549287,0,0.935248,1.07942,-0.367311,0,1.14021,1.02754,0.0614823,1.00781,0.9157,0.0538736,0,0.917283
2821,1.00602,2.96339,0.791666,0.941786,0.0562375,0,0.943463,1.01664,-0.49584,0,1.13111,1.0084,0.0187451,1.00236,0.936151,0.055901,0,0.937818
2822,1.06901,3.12274,0.701759,0.894746,0.0921222,0,0.899476,-0.140895,0.12623,0,0.18917,1.09773,0.218145,1.02687,0.836988,0.0861755,0,0.841413
2823,0.963498,2.85456,0.850909,0.961897,0.0442301,0,0.962914,0.67558,-0.715228,0,0.98385,0.949357,-0.113043,0.985323,0.998339,0.0459057,0,0.999394
2824,1.07622,3.14062,0.690446,0.887683,0.0899178,0,0.892225,-0.138438,0.105527,0,0.174071,1.10831,0.241765,1.02982,0.824818,0.0835498,0,0.829039
2825,1.11587,3.2381,0.625481,0.844657,0.00478627,0,0.84467,1.01242,0.00963177,0,1.01247,1.16736,0.373579,1.04615,0.756952,0.00428929,0,0.756964
2826,1.09469,3.1869,0.663237,0.874717,-0.00344411,0,0.874724,-0.141272,-0.0872955,0,0.166067,1.13497,0.301274,1.03679,0.799053,-0.00314619,0,0.799059
2827,1.08286,3.15725,0.680536,0.881742,0.0862477,0,0.88595,-0.136088,0.0877647,0,0.161934,1.11793,0.263235,1.03238,0.814269,0.0796477,0,0.818155
2828,1.02783,3.01871,0.760572,0.928483,0.0540068,0,0.930052,1.09831,-0.285382,0,1.13478,1.03917,0.0874324,1.01104,0.903346,0.0525447,0,0.904873
2829,1.12098,3.25064,0.61693,0.83774,0.00707534,0,0.83777,1.01072,0.00661946,0,1.01074,1.17503,0.390701,1.04822,0.747326,0.00631173,0,0.747352
2830,1.1272,3.26628,0.608127,0.830158,0.0421365,0,0.831227,1.00916,-0.00502688,0,1.00917,1.18392,0.410534,1.05032,0.73648,0.0373817,0,0.737428
2831,0.958926,2.84294,0.857746,0.961291,0.0852196,0,0.965061,0.0122486,0.507017,0,0.507165,0.942928,-0.127393,0.983317,1.00247,0.0888698,0,1.0064
2832,1.14048,3.30026,0.591332,0.818286,0.0413992,0,0.819333,-0.0891059,-0.0114989,0,0.0898448,1.20238,0.451743,1.05428,0.717493,0.0362998,0,0.718411
2833,1.13446,3.28496,0.599306,0.825005,0.0206891,0,0.825265,-0.094067,-0.0274087,0,0.0979787,1.19391,0.432843,1.05241,0.727224,0.018237,0,0.727453
2834,1.06589,3.11498,0.706592,0.901,0.0514562,0,0.902468,1.06243,-0.0671076,0,1.06454,1.09317,0.207967,1.0256,0.845306,0.0482755,0,0.846684
2835,1.09324,3.18201,0.660773,0.870582,-0.000916815,0,0.870582,1.02575,0.0311224,0,1.02622,1.13415,0.299439,1.03742,0.796329,-0.000838619,0,0.796329
2836,1.00138,2.95157,0.798184,0.940896,0.0978807,0,0.945973,-0.0879833,0.36583,0,0.376262,1.0019,0.00424432,1.00052,0.9396,0.0977459,0,0.94467
2837,1.12868,3.27038,0.607354,0.831295,0.00829704,0,0.831336,1.008,0.00440508,0,1.00801,1.18569,0.41448,1.05051,0.736518,0.00735108,0,0.736555
2838,1.13423,3.284,0.598242,0.823711,0.0056345,0,0.82373,1.00602,0.00353656,0,1.00603,1.19395,0.432935,1.05266,0.726231,0.0049677,0,0.726248
2839,1.14823,3.32099,0.584919,0.815905,0.032032,0,0.816534,1.00412,-0.00135737,0,1.00412,1.21227,0.473807,1.05577,0.710574,0.0278968,0,0.711121
2840,1.05958,3.09903,0.715477,0.907362,-0.0023736,0,0.907366,1.08179,0.107185,0,1.08709,1.08421,0.187966,1.02325,0.856344,-0.00224014,0,0.856346
2841,0.902906,2.69801,0.935825,0.979261,0.022148,0,0.979511,0.311876,0.679702,0,0.747838,0.866682,-0.297585,0.959881,1.08457,0.0245297,0,1.08484
2842,1.03529,3.03755,0.749744,0.919457,0.0994841,0,0.924823,-0.131861,0.239944,0,0.273789,1.04979,0.11114,1.01401,0.888117,0.0960933,0,0.893301
2843,1.04339,3.05823,0.738829,0.914554,0.0984544,0,0.919838,-0.137234,0.210548,0,0.251323,1.06111,0.136401,1.01698,0.876521,0.09436,0,0.881585
2844,1.05106,3.07742,0.727256,0.908236,0.097741,0,0.91348,-0.139618,0.183682,0,0.230721,1.07218,0.161126,1.0201,0.864116,0.092993,0,0.869106
2845,1.05957,3.09878,0.714651,0.901409,0.0950744,0,0.906409,-0.141209,0.155853,0,0.21031,1.08443,0.188468,1.02347,0.850731,0.0897292,0,0.855449
2846,1.14589,3.31585,0.591019,0.822114,0.0339657,0,0.822816,1.00452,-0.00227565,0,1.00452,1.20817,0.464672,1.05435,0.717444,0.0296412,0,0.718056
2847,1.10203,3.20512,0.651913,0.866703,0.00752512,0,0.866736,-0.13451,-0.0597352,0,0.147177,1.14571,0.325247,1.03964,0.786463,0.00682844,0,0.786493
2848,1.09325,3.18343,0.665881,0.873179,0.0792747,0,0.87677,-0.130647,0.0609998,0,0.144186,1.13274,0.296297,1.03612,0.798701,0.072513,0,0.801986
2849,0.905873,2.70582,0.931998,0.978522,0.0392182,0,0.979308,0.235367,0.654121,0,0.695178,0.87059,-0.288863,0.96105,1.0802,0.0432932,0,1.08107
2850,1.12508,3.26197,0.614878,0.833652,0.0875271,0,0.838234,-0.092253,0.0298322,0,0.0969566,1.17989,0.401531,1.04871,0.740968,0.077796,0,0.745041
2851,1.05032,3.07552,0.728207,0.912547,0.0500417,0,0.913918,1.09156,-0.118659,0,1.09799,1.07116,0.158846,1.01985,0.868828,0.0476443,0,0.870134
2852,1.0417,3.05358,0.739881,0.91807,0.051767,0,0.919529,1.10003,-0.169473,0,1.11301,1.05909,0.131906,1.01669,0.881317,0.0496946,0,0.882717
2853,1.05591,3.08954,0.719858,0.908691,-0.0316664,0,0.909243,-0.141614,-0.246397,0,0.284194,1.07922,0.17684,1.02208,0.860577,-0.0299897,0,0.861099
2854,1.0493,3.07298,0.729716,0.91411,-0.0340532,0,0.914744,-0.135773,-0.276633,0,0.308156,1.0697,0.155585,1.01944,0.871159,-0.0324532,0,0.871763
2855,1.02675,3.016,0.762143,0.929975,-0.0391623,0,0.9308,-0.0947195,-0.38468,0,0.39617,1.03764,0.0840133,1.0106,0.905746,-0.0381419,0,0.906548
2856,1.03473,3.03621,0.750778,0.924699,-0.0378405,0,0.925473,-0.112805,-0.347251,0,0.365114,1.04893,0.109229,1.01373,0.893661,-0.0365704,0,0.894409
2857,1.0704,3.12609,0.699197,0.897315,-0.024715,0,0.897656,-0.147897,-0.181658,0,0.234251,1.09988,0.222946,1.02754,0.838298,-0.0230895,0,0.838616
2858,1.06327,3.10817,0.709572,0.903266,-0.028148,0,0.903705,-0.146555,-0.212171,0,0.257866,1.08965,0.200117,1.02481,0.849516,-0.026473,0,0.849928
2859,1.05518,3.08784,0.721391,0.910358,-0.00453528,0,0.910369,1.08722,0.131803,0,1.09518,1.07805,0.174217,1.02167,0.862749,-0.0042981,0,0.86276
2860,1.04557,3.06321,0.733859,0.914747,0.0509497,0,0.916164,1.09649,-0.143919,0,1.1059,1.06473,0.144489,1.01832,0.874877,0.048729,0,0.876233
2861,1.05044,3.07563,0.727331,0.913001,-0.00716249,0,0.913029,1.09116,0.163042,0,1.10328,1.07153,0.159674,1.02008,0.86916,-0.00681856,0,0.869187
2862,1.04592,3.06409,0.73341,0.915912,-0.0093457,0,0.915959,1.09304,0.198199,0,1.11087,1.06521,0.145552,1.01845,0.875704,-0.00893543,0,0.875749
2863,1.0418,3.05388,0.739889,0.919557,-0.011355,0,0.919627,1.0935,0.233974,0,1.11825,1.05919,0.132131,1.01669,0.882658,-0.0108993,0,0.882725
2864,1.0369,3.04148,0.74694,0.923048,-0.0135198,0,0.923147,1.09014,0.279973,0,1.12551,1.05222,0.116557,1.01477,0.890201,-0.0130387,0,0.890297
2865,1.03257,3.03075,0.753862,0.926822,-0.0154137,0,0.92695,1.08209,0.324928,0,1.12982,1.04587,0.102399,1.01288,0.897584,-0.0149274,0,0.897709
2866,1.02846,3.02041,0.759995,0.929832,-0.0172582,0,0.929992,1.06806,0.370047,0,1.13035,1.03997,0.0892248,1.0112,0.904103,-0.0167806,0,0.904258
2867,1.02406,3.00922,0.766134,0.932514,-0.0190672,0,0.932709,1.052,0.415001,0,1.1309,1.03379,0.0754155,1.0095,0.910607,-0.0186192,0,0.910797
2868,1.01944,2.99747,0.772593,0.935265,-0.0208426,0,0.935497,1.02718,0.458587,0,1.1249,1.02729,0.0609238,1.00771,0.917433,-0.0204452,0,0.917661
2869,1.0144,2.98465,0.77962,0.938156,-0.0225847,0,0.938428,0.996991,0.501123,0,1.11585,1.02023,0.0451556,1.00575,0.924838,-0.0222641,0,0.925106
2870,1.00869,2.97011,0.787573,0.941308,-0.0243333,0,0.941623,0.960868,0.541895,0,1.10314,1.01224,0.0273253,1.00352,0.933195,-0.0241236,0,0.933506
2871,1.00279,2.95516,0.796192,0.944869,-0.0252948,0,0.945207,0.919,0.580324,0,1.08689,1.00388,0.00865543,1.00109,0.942241,-0.0252245,0,0.942578
2872,0.995748,2.93718,0.805989,0.94844,-0.0260991,0,0.948799,0.872298,0.615241,0,1.06744,0.994059,-0.0132614,0.998304,0.95249,-0.0262105,0,0.95285
2873,0.984972,2.90948,0.820468,0.953033,-0.0266871,0,0.953406,0.804667,0.651836,0,1.03556,0.97922,-0.0463842,0.99416,0.967573,-0.0270943,0,0.967952
2874,1.01152,2.97741,0.783936,0.935148,0.0990784,0,0.940382,-0.105636,0.328531,0,0.345097,1.01611,0.0359703,1.00454,0.924494,0.0979496,0,0.929668
2875,1.02049,3.00016,0.771197,0.929612,0.0997683,0,0.93495,-0.117354,0.294961,0,0.317449,1.02875,0.0641736,1.0081,0.910948,0.0977653,0,0.916179
2876,1.02811,3.01943,0.760114,0.924441,0.0997778,0,0.92981,-0.126262,0.26564,0,0.29412,1.03959,0.0883694,1.01116,0.899163,0.0970495,0,0.904385
2877,0.971447,2.87491,0.83963,0.959272,-0.0246508,0,0.959589,0.719792,0.685101,0,0.993712,0.960388,-0.0884192,0.988617,0.987467,-0.0253754,0,0.987793
2878,0.957655,2.83964,0.859421,0.965204,-0.0204925,0,0.965421,0.630217,0.706418,0,0.946678,0.941206,-0.131238,0.982824,1.00788,-0.0213986,0,1.00811
2879,0.942825,2.8014,0.879979,0.970075,-0.0148086,0,0.970188,0.551073,0.712312,0,0.900594,0.920892,-0.17658,0.976738,1.0289,-0.0157066,0,1.02902
2880,0.925878,2.75745,0.903048,0.97424,-0.00671473,0,0.974263,0.472711,0.71079,0,0.853626,0.897943,-0.227806,0.969829,1.05223,-0.00725228,0,1.05226
2881,1.05494,3.08737,0.72228,0.909845,0.0492068,0,0.911175,1.08564,-0.097357,0,1.09,1.07755,0.1731,1.02143,0.862463,0.0466443,0,0.863724
2882,1.05876,3.09697,0.716637,0.906716,0.0482467,0,0.907999,1.07971,-0.0817952,0,1.0828,1.08305,0.185369,1.02294,0.856395,0.045569,0,0.857606
2883,1.06329,3.10829,0.70984,0.904028,-4.97261e-05,0,0.904028,1.07621,0.087823,0,1.07979,1.08959,0.199981,1.02474,0.85022,-4.67664e-05,0,0.85022
2884,0.957265,2.83859,0.859801,0.964617,0.0388735,0,0.9654,0.605096,-0.724537,0,0.943978,0.940716,-0.13233,0.982712,1.00768,0.0406089,0,1.0085
2885,0.978037,2.89195,0.83096,0.956825,-0.0313492,0,0.957338,0.0654579,-0.576565,0,0.580269,0.969365,-0.0683812,0.991133,0.978311,-0.0320532,0,0.978836
2886,0.966869,2.86337,0.84675,0.961833,-0.0248514,0,0.962154,0.116147,-0.614556,0,0.625436,0.953855,-0.103002,0.98654,0.994791,-0.025703,0,0.995123
2887,0.956606,2.83695,0.860891,0.96564,-0.0176248,0,0.9658,0.170338,-0.644961,0,0.667075,0.939761,-0.134461,0.982391,1.00944,-0.0184243,0,1.00961
2888,0.942416,2.80033,0.880492,0.970143,0.0148958,0,0.970257,0.376283,-0.714883,0,0.807865,0.920349,-0.177792,0.976585,1.02942,0.015806,0,1.02954
2889,0.948749,2.81673,0.871883,0.968451,-0.00907782,0,0.968494,0.223254,-0.668388,0,0.704688,0.928961,-0.15857,0.979142,1.02077,-0.0095682,0,1.02081
2890,0.943699,2.80377,0.879135,0.970279,0.00240167,0,0.970282,0.293602,-0.693818,0,0.753383,0.921984,-0.174144,0.976989,1.02817,0.00254495,0,1.02817
2891,1.01044,2.97458,0.785238,0.940272,-0.0303545,0,0.940761,-0.0786144,-0.513555,0,0.519537,1.01466,0.0327129,1.00417,0.930558,-0.0300409,0,0.931043
2892,0.995484,2.93648,0.806286,0.944926,0.0862693,0,0.948856,-0.100835,0.44764,0,0.458856,0.993711,-0.0140379,0.998219,0.949213,0.0866607,0,0.953161
2893,0.917797,2.73667,0.914913,0.976468,0.018296,0,0.97664,0.33119,0.77351,0,0.84143,0.886817,-0.25264,0.966245,1.06393,0.0199347,0,1.06411
2894,1.07547,3.13834,0.690077,0.889745,0.0503965,0,0.891171,1.04979,-0.0456834,0,1.05078,1.10765,0.24028,1.02992,0.827308,0.0468599,0,0.828634
2895,1.04482,3.06168,0.736189,0.917805,-0.0244936,0,0.918131,-0.167994,-0.304768,0,0.348002,1.06331,0.141317,1.01769,0.878431,-0.0234428,0,0.878744
2896,1.14082,3.30278,0.597087,0.826383,0.0325986,0,0.827025,1.00561,-0.00232058,0,1.00561,1.20121,0.449119,1.05293,0.724376,0.0285747,0,0.724939
2897,1.07867,3.14607,0.684294,0.886975,0.00267174,0,0.886979,1.04744,0.0476656,0,1.04853,1.11256,0.251246,1.03141,0.822283,0.00247688,0,0.822287
2898,0.926478,2.75907,0.902477,0.974357,0.00361837,0,0.974364,0.420675,0.79352,0,0.898133,0.898685,-0.226151,0.970001,1.05168,0.00390551,0,1.05169
2899,1.01844,2.99491,0.773951,0.934722,0.049741,0,0.936045,1.12756,-0.40549,0,1.19825,1.0259,0.0578127,1.00733,0.917802,0.0488406,0,0.9191
2900,0.940097,2.79449,0.88422,0.969404,0.062473,0,0.971415,0.0937254,0.665354,0,0.671923,0.917039,-0.18518,0.975473,1.03117,0.0664538,0,1.03331
2901,0.9547,2.83197,0.863317,0.965833,0.0280721,0,0.966241,0.502802,-0.818063,0,0.960228,0.937206,-0.140166,0.981676,1.01166,0.0294041,0,1.01209
2902,1.03212,3.0296,0.754513,0.926834,-0.0280738,0,0.927259,-0.145937,-0.385889,0,0.412562,1.04523,0.100957,1.0127,0.897992,-0.0272002,0,0.898404
2903,1.10726,3.2183,0.644526,0.861625,0.0144244,0,0.861746,-0.130455,-0.0466793,0,0.138555,1.15319,0.341936,1.04148,0.77816,0.0130271,0,0.778269
2904,1.11177,3.22781,0.631311,0.84882,0.00594212,0,0.848841,1.01474,0.0108986,0,1.0148,1.16151,0.360503,1.04473,0.763482,0.00534472,0,0.763501
2905,1.01039,2.97451,0.785518,0.939611,0.0513339,0,0.941012,1.07968,-0.505737,0,1.19226,1.01452,0.0324209,1.00409,0.929951,0.0508062,0,0.931338
2906,1.12444,3.26041,0.616033,0.838415,0.0366429,0,0.839215,1.0109,-0.0043052,0,1.01091,1.1789,0.399321,1.04843,0.745631,0.0325877,0,0.746342
2907,1.12867,3.27185,0.613,0.837789,0.0348509,0,0.838514,1.00963,-0.00359051,0,1.00963,1.18415,0.411048,1.04916,0.742283,0.030878,0,0.742925
2908,1.14023,3.29829,0.586553,0.812912,0.00918534,0,0.812964,1.00498,0.0016906,0,1.00498,1.20339,0.453993,1.05539,0.712934,0.00805567,0,0.71298
2909,1.09631,3.18978,0.656604,0.866403,0.0518511,0,0.867953,1.02543,-0.0223631,0,1.02567,1.13848,0.309105,1.03847,0.790291,0.0472961,0,0.791705
2910,1.09261,3.18083,0.663179,0.87139,0.0528497,0,0.872992,1.02844,-0.0250037,0,1.02874,1.13283,0.296495,1.03681,0.797529,0.04837,0,0.798995
2911,0.97226,2.87717,0.83913,0.958902,0.0435485,0,0.95989,0.7329,-0.793046,0,1.07984,0.961334,-0.0863071,0.988762,0.986261,0.044791,0,0.987277
2912,0.958999,2.84314,0.857687,0.964468,0.0342591,0,0.965076,0.578825,-0.813943,0,0.99877,0.943016,-0.127196,0.983334,1.0057,0.0357239,0,1.00634
2913,1.00599,2.9633,0.791655,0.942021,0.0514154,0,0.943423,1.05049,-0.556692,0,1.18888,1.00837,0.0186834,1.00237,0.936413,0.0511093,0,0.937806
2914,1.06896,3.12246,0.701288,0.898796,-0.0125878,0,0.898884,-0.17527,-0.167371,0,0.242349,1.09781,0.218323,1.02699,0.840817,-0.0117758,0,0.840899
2915,1.13471,3.28699,0.604199,0.83098,0.0353009,0,0.83173,1.00738,-0.00316581,0,1.00738,1.19287,0.430506,1.05125,0.732329,0.0311101,0,0.73299
2916,1.00384,2.95778,0.794512,0.940369,0.0874519,0,0.944427,-0.120592,0.407242,0,0.424722,1.00541,0.0120716,1.00156,0.936771,0.0871173,0,0.940813
2917,1.13489,3.27173,0.543167,0.752031,0.03312,0,0.75276,1.0046,-0.000692466,0,1.0046,1.20883,0.466143,1.06516,0.662648,0.0291835,0,0.663291
2918,1.09411,3.18412,0.659357,0.869548,0.00232287,0,0.869552,1.02681,0.0259565,0,1.02714,1.13543,0.302306,1.03777,0.794757,0.00212308,0,0.79476
2919,1.02228,3.00464,0.768447,0.932284,0.0495628,0,0.933601,1.12445,-0.356815,0,1.17971,1.03133,0.069936,1.00886,0.91197,0.0484828,0,0.913258
2920,1.08034,3.15108,0.684828,0.888977,-0.00298264,0,0.888982,-0.168629,-0.11312,0,0.203056,1.11413,0.25475,1.03128,0.822868,-0.00276083,0,0.822873
2921,1.01246,2.97975,0.782463,0.935542,0.0880511,0,0.939676,-0.137415,0.366556,0,0.391467,1.01747,0.0390034,1.00495,0.924028,0.0869675,0,0.928112
2922,1.07477,3.13703,0.692746,0.893697,-0.00772773,0,0.89373,-0.173214,-0.138625,0,0.221856,1.10617,0.236996,1.02922,0.831527,-0.00719015,0,0.831558
2923,1.08739,3.16758,0.670252,0.875676,0.0537766,0,0.877326,1.03273,-0.0315907,0,1.03321,1.12547,0.280056,1.03501,0.8053,0.0494547,0,0.806817
2924,1.13353,3.28303,0.602114,0.824823,0.074656,0,0.828195,-0.0897574,0.0161456,0,0.0911979,1.19219,0.428996,1.05175,0.727657,0.0658613,0,0.730631
2925,1.03867,3.04616,0.745102,0.922293,-0.0265629,0,0.922675,-0.158717,-0.342851,0,0.377806,1.05454,0.12173,1.01528,0.887957,-0.025574,0,0.888325
2926,1.0252,3.01203,0.764173,0.931144,-0.0295519,0,0.931613,-0.127599,-0.426992,0,0.44565,1.0355,0.0792366,1.01004,0.908253,-0.0288254,0,0.908711
2927,1.03396,3.03401,0.751021,0.923796,0.0481539,0,0.92505,1.1307,-0.222471,0,1.15238,1.04808,0.107328,1.01366,0.893455,0.0465724,0,0.894668
2928,1.06625,3.11555,0.704808,0.900704,0.00191151,0,0.900706,1.0725,0.0741088,0,1.07505,1.09405,0.209927,1.02607,0.844737,0.00179273,0,0.844739
2929,1.06837,3.121,0.702154,0.898012,0.0500206,0,0.899404,1.06014,-0.0587376,0,1.06177,1.09697,0.216448,1.02676,0.840541,0.0468194,0,0.841844
2930,0.985002,2.9097,0.820953,0.952663,0.0491686,0,0.953931,0.866839,-0.732572,0,1.13493,0.979112,-0.0466255,0.994021,0.967169,0.0499173,0,0.968457
2931,0.963476,2.85459,0.85124,0.96314,-0.0123515,0,0.963219,0.164191,-0.729697,0,0.747941,0.949242,-0.113299,0.985226,0.999651,-0.0128197,0,0.999734
2932,0.951261,2.82316,0.868265,0.967387,0.0180912,0,0.967556,0.408152,-0.809344,0,0.906436,0.932439,-0.150805,0.980214,1.01695,0.0190181,0,1.01713
2933,0.996246,2.9384,0.805112,0.946973,0.0512435,0,0.948358,0.9722,-0.651702,0,1.17042,0.994805,-0.0115962,0.998554,0.950542,0.0514367,0,0.951932
2934,0.965343,2.85947,0.848935,0.962012,0.0389979,0,0.962802,0.652369,-0.810947,0,1.04078,0.951733,-0.107739,0.985901,0.996549,0.0403979,0,0.997368
2935,1.11873,3.24509,0.620621,0.839622,0.0431082,0,0.840728,1.01281,-0.00708526,0,1.01283,1.17167,0.383198,1.04733,0.750516,0.0385333,0,0.751504
2936,1.11321,3.23166,0.630162,0.847214,0.0467775,0,0.848504,1.01531,-0.0102912,0,1.01536,1.16332,0.364547,1.04501,0.761055,0.0420204,0,0.762214
2937,1.07266,3.13135,0.694427,0.893952,0.00120727,0,0.893953,1.05724,0.0611414,0,1.059,1.10354,0.231106,1.02879,0.833399,0.00112549,0,0.8334
2938,1.13255,3.28127,0.606131,0.832558,0.0104249,0,0.832624,1.00722,0.00344411,0,1.00723,1.19008,0.424295,1.0508,0.735115,0.0092048,0,0.735173
2939,0.978782,2.89382,0.829787,0.955727,0.0469334,0,0.956879,0.803528,-0.766008,0,1.11015,0.970436,-0.0659915,0.991473,0.976445,0.0479508,0,0.977622
2940,1.10642,3.21472,0.640396,0.85598,0.00465342,0,0.855992,1.01798,0.0147217,0,1.01808,1.15344,0.3425,1.0425,0.77365,0.00420584,0,0.773661
2941,1.12694,3.26721,0.614359,0.83885,0.0134013,0,0.838957,1.00944,0.00397014,0,1.00945,1.18197,0.406185,1.04883,0.744362,0.0118918,0,0.744457
2942,1.00127,2.95123,0.798133,0.944414,0.0514755,0,0.945816,1.01467,-0.605801,0,1.18175,1.00181,0.00403295,1.00054,0.943216,0.0514102,0,0.944616
2943,0.96604,2.86121,0.847796,0.95924,0.0775143,0,0.962367,-0.0113855,0.573376,0,0.573489,0.952743,-0.105485,0.986235,0.992961,0.0802392,0,0.996197
2944,1.01439,2.9847,0.779879,0.93733,0.0506522,0,0.938698,1.09899,-0.454573,0,1.18929,1.02015,0.0449754,1.00567,0.924031,0.0499336,0,0.92538
2945,0.990838,2.9246,0.812706,0.949731,0.0505258,0,0.951074,0.923009,-0.694143,0,1.15489,0.987257,-0.0284435,0.996386,0.958513,0.050993,0,0.959868
2946,1.0835,3.15782,0.675906,0.880938,0.00445986,0,0.880949,1.04097,0.0366125,0,1.04161,1.11988,0.267582,1.03357,0.813046,0.00411615,0,0.813056
2947,1.08086,3.15171,0.681614,0.884193,0.0497966,0,0.885594,1.04292,-0.0349203,0,1.04351,1.11556,0.257953,1.0321,0.818044,0.0460712,0,0.81934
2948,0.986966,2.91477,0.818351,0.9494,0.0846056,0,0.953162,-0.0785964,0.48519,0,0.491515,0.981803,-0.0406183,0.994769,0.961938,0.0857229,0,0.96575
2949,1.02973,3.02345,0.757598,0.927225,0.0487456,0,0.928505,1.13259,-0.267289,0,1.16371,1.04194,0.0936051,1.01186,0.900457,0.0473384,0,0.9017
2950,0.953555,2.82911,0.865215,0.964282,0.0714749,0,0.966928,0.0352138,0.618778,0,0.619779,0.935547,-0.143868,0.981115,1.01125,0.0749563,0,1.01402
2951,1.01816,2.9942,0.774277,0.93566,-0.0301989,0,0.936147,-0.105777,-0.470831,0,0.482567,1.02553,0.0569941,1.00724,0.918968,-0.0296602,0,0.919447
2952,1.0018,2.95262,0.797543,0.945237,-0.0293896,0,0.945693,-0.0433685,-0.561079,0,0.562752,1.0025,0.0055831,1.0007,0.943541,-0.0293369,0,0.943997
2953,1.10329,3.20724,0.646281,0.859297,0.0510561,0,0.860812,1.02061,-0.0170401,0,1.02075,1.14857,0.33163,1.04104,0.778851,0.0462763,0,0.780225
2954,1.11465,3.23628,0.631765,0.847966,0.0786286,0,0.851604,-0.107056,0.0332469,0,0.1121,1.16439,0.366936,1.04462,0.760746,0.070541,0,0.764009
2955,0.977264,2.88999,0.83211,0.954254,0.0816953,0,0.957744,-0.0486762,0.527287,0,0.529529,0.968273,-0.0708194,0.9908,0.976455,0.0835959,0,0.980026
2956,1.13346,3.26711,0.541053,0.749045,0.00352904,0,0.749053,1.00457,0.00086036,0,1.00457,1.20784,0.463929,1.06562,0.660845,0.0031135,0,0.660853
2957,1.06955,3.12403,0.700741,0.895269,0.0789484,0,0.898743,-0.162869,0.11298,0,0.198219,1.09857,0.220022,1.02714,0.837053,0.0738147,0,0.840302
2958,1.07556,3.13886,0.691045,0.889112,0.0763428,0,0.892383,-0.158725,0.093597,0,0.184266,1.10746,0.239873,1.02967,0.826653,0.0709799,0,0.829695
2959,1.123,3.25673,0.617866,0.840358,0.0128991,0,0.840457,1.01068,0.00474048,0,1.01069,1.17689,0.394846,1.04799,0.748317,0.0114863,0,0.748406
2960,1.08522,3.16315,0.677137,0.883811,0.0018557,0,0.883813,-0.164016,-0.0930411,0,0.188568,1.1213,0.270768,1.03325,0.81441,0.00170999,0,0.814412
2961,1.09183,3.17978,0.66762,0.877682,0.00913789,0,0.87773,-0.156817,-0.0683079,0,0.171048,1.13079,0.291936,1.03568,0.803865,0.00836935,0,0.803909
2962,1.09922,3.19835,0.656979,0.867387,0.0760401,0,0.870714,-0.127266,0.048015,0,0.136023,1.1414,0.315617,1.03837,0.789095,0.0691765,0,0.792121
2963,1.0256,3.01299,0.763419,0.929829,0.0496035,0,0.931151,1.13081,-0.310944,0,1.17278,1.03611,0.0806136,1.01025,0.906618,0.0483653,0,0.907907
2964,1.11704,3.24072,0.6226,0.841903,0.00814797,0,0.841942,1.01243,0.00759426,0,1.01246,1.16937,0.378053,1.04685,0.753694,0.00729428,0,0.753729
2965,1.127,3.26646,0.610932,0.833897,0.035389,0,0.834648,-0.104358,-0.015532,0,0.105508,1.18296,0.408387,1.04965,0.739928,0.0314011,0,0.740594
2966,1.12195,3.25409,0.619329,0.841268,0.0207026,0,0.841523,-0.108408,-0.0300914,0,0.112507,1.1754,0.39152,1.04764,0.749825,0.0184523,0,0.750052
2967,1.08961,3.17283,0.665831,0.873791,0.00135648,0,0.873792,1.03095,0.0328221,0,1.03147,1.12899,0.287916,1.03614,0.801929,0.00124492,0,0.80193
2968,1.13854,3.29654,0.59837,0.82697,0.00999074,0,0.82703,1.0055,0.00252518,0,1.00551,1.19847,0.443004,1.05263,0.726339,0.00877501,0,0.726392
2969,1.14221,3.30427,0.587634,0.815174,0.0312945,0,0.815774,1.00505,-0.00150673,0,1.00505,1.20518,0.457998,1.05514,0.713684,0.0273983,0,0.714209
2970,1.04032,3.05031,0.742647,0.917306,0.0867753,0,0.921401,-0.167422,0.23119,0,0.285445,1.05691,0.127026,1.01594,0.881752,0.0834121,0,0.885689
2971,1.06191,3.10475,0.711517,0.90113,0.081368,0,0.904796,-0.167181,0.140566,0,0.218422,1.08771,0.195788,1.0243,0.848592,0.076624,0,0.852044
2972,1.04738,3.06827,0.732994,0.912753,0.0857705,0,0.916774,-0.168617,0.199745,0,0.2614,1.06682,0.149147,1.01856,0.871462,0.0818904,0,0.875301
2973,1.05409,3.08502,0.722745,0.907057,0.0843606,0,0.910972,-0.168155,0.171204,0,0.239973,1.07655,0.170872,1.02131,0.860513,0.0800318,0,0.864227
2974,1.08376,3.15966,0.679851,0.882927,0.072085,0,0.885864,-0.152474,0.0699543,0,0.167755,1.11904,0.265719,1.03256,0.81469,0.066514,0,0.817401
2975,0.918064,2.7374,0.91469,0.976122,0.0341638,0,0.97672,0.248254,0.7459,0,0.786128,0.887137,-0.251926,0.966313,1.06324,0.0372128,0,1.06389
2976,0.926886,2.76035,0.902683,0.973728,0.0494799,0,0.974985,0.167084,0.710182,0,0.729573,0.899023,-0.225394,0.969939,1.05054,0.0533829,0,1.05189
2977,1.1336,3.28411,0.605451,0.83073,0.0545709,0,0.83252,-0.0958725,0.00165218,0,0.0958867,1.19136,0.427149,1.05096,0.732826,0.0481396,0,0.734405
2978,1.05071,3.07651,0.72766,0.913365,-0.0222653,0,0.913636,-0.173632,-0.267923,0,0.319266,1.07172,0.160079,1.01999,0.869284,-0.0211907,0,0.869543
2979,1.06296,3.10739,0.710002,0.903796,-0.0160912,0,0.903939,-0.177166,-0.197903,0,0.265619,1.08921,0.199138,1.0247,0.850262,-0.0151381,0,0.850397
2980,1.05661,3.09131,0.718932,0.908572,-0.0195674,0,0.908782,-0.176248,-0.233594,0,0.292625,1.0802,0.179012,1.02233,0.859896,-0.0185191,0,0.860095
2981,1.05482,3.08701,0.722236,0.911022,0.000201932,0,0.911022,1.10128,0.115941,0,1.10737,1.07744,0.172858,1.02145,0.863676,0.000191437,0,0.863676
2982,1.04637,3.06538,0.733226,0.915002,0.0458823,0,0.916152,1.11233,-0.127649,0,1.11963,1.06573,0.146708,1.01849,0.874452,0.0438489,0,0.87555
2983,1.05027,3.07534,0.728068,0.913715,-0.00186383,0,0.913717,1.10906,0.145092,0,1.11851,1.07115,0.158821,1.01988,0.869982,-0.00177462,0,0.869983
2984,1.04234,3.05509,0.738659,0.917531,0.0466866,0,0.918718,1.11921,-0.153715,0,1.12971,1.06008,0.134117,1.01703,0.880263,0.0447903,0,0.881402
2985,1.04575,3.06369,0.733735,0.91617,-0.0040089,0,0.916179,1.1156,0.179569,0,1.12996,1.06494,0.144966,1.01836,0.876091,-0.00383353,0,0.8761
2986,1.03848,3.0455,0.744695,0.920841,0.0473554,0,0.922058,1.12564,-0.183649,0,1.14052,1.05446,0.121571,1.01539,0.886716,0.0456005,0,0.887888
2987,1.04177,3.05372,0.739677,0.919342,-0.00582713,0,0.919361,1.12025,0.215969,0,1.14088,1.05922,0.132192,1.01675,0.882479,-0.00559348,0,0.882497
2988,1.03759,3.04326,0.746015,0.922703,-0.00761396,0,0.922735,1.12305,0.259529,0,1.15265,1.05318,0.118714,1.01503,0.889274,-0.00733811,0,0.889304
2989,1.03326,3.03239,0.752559,0.926075,-0.00950271,0,0.926123,1.12133,0.309002,0,1.16312,1.04694,0.104768,1.01324,0.896267,-0.00919685,0,0.896315
2990,1.02942,3.02285,0.758645,0.929314,-0.0110698,0,0.92938,1.11385,0.359774,0,1.17051,1.04133,0.0922528,1.01157,0.902754,-0.0107534,0,0.902818
2991,1.02545,3.01274,0.764153,0.931725,-0.0127638,0,0.931812,1.1028,0.408044,0,1.17587,1.03575,0.079799,1.01005,0.908604,-0.0124471,0,0.90869
2992,1.02136,3.00233,0.769818,0.934139,-0.0143924,0,0.93425,1.08316,0.461801,0,1.17749,1.03002,0.0670031,1.00848,0.914606,-0.0140914,0,0.914714
2993,1.01706,2.99141,0.775834,0.936681,-0.015858,0,0.936816,1.06085,0.514646,0,1.1791,1.02399,0.0535381,1.0068,0.920966,-0.0155919,0,0.921098
2994,1.01233,2.97935,0.782434,0.939363,-0.0174003,0,0.939524,1.02829,0.56538,0,1.17347,1.01735,0.0387278,1.00496,0.927922,-0.0171884,0,0.928082
2995,1.0072,2.96633,0.78973,0.942336,-0.0186392,0,0.942521,0.988605,0.614191,0,1.16386,1.01013,0.0226222,1.00291,0.935596,-0.0185059,0,0.935779
2996,1.00141,2.95157,0.797878,0.945473,-0.0197413,0,0.945679,0.942,0.659706,0,1.15003,1.00202,0.00450492,1.00061,0.944143,-0.0197135,0,0.944349
2997,0.993306,2.93084,0.809028,0.949399,-0.0208235,0,0.949628,0.877892,0.705932,0,1.12651,0.99076,-0.0206241,0.997438,0.955798,-0.0209638,0,0.956028
2998,1.02056,3.00032,0.771022,0.930636,0.088383,0,0.934823,-0.150041,0.32535,0,0.358281,1.02887,0.0644389,1.00814,0.91189,0.0866027,0,0.915993
2999,1.02768,3.01837,0.760916,0.926113,0.0880901,0,0.930293,-0.158603,0.291514,0,0.331866,1.03892,0.0868737,1.01094,0.901173,0.0857178,0,0.905241
3000,1.03393,3.03414,0.751789,0.921701,0.0878019,0,0.925874,-0.163463,0.26031,0,0.307378,1.04783,0.106774,1.01345,0.891455,0.0849207,0,0.895491
3001,0.982306,2.90279,0.824683,0.954905,-0.0205613,0,0.955127,0.794378,0.749318,0,1.09202,0.975377,-0.0549616,0.992946,0.972106,-0.0209317,0,0.972331
3002,0.969395,2.86979,0.842999,0.960756,-0.0180689,0,0.960926,0.696521,0.783368,0,1.04824,0.957409,-0.0950689,0.987635,0.991088,-0.0186394,0,0.991264
3003,0.955811,2.83491,0.862035,0.966023,-0.0133148,0,0.966115,0.598169,0.799949,0,0.998861,0.938658,-0.136924,0.982054,1.01068,-0.0139303,0,1.01078
3004,0.940907,2.7964,0.882452,0.970545,-0.00680194,0,0.970569,0.511003,0.802026,0,0.950983,0.918326,-0.182309,0.976001,1.0315,-0.00722914,0,1.03153
3005,1.05103,3.07749,0.727743,0.912892,0.0452955,0,0.914015,1.1041,-0.103642,0,1.10895,1.07202,0.160768,1.01997,0.868565,0.0430961,0,0.869633
3006,1.06235,3.10612,0.711895,0.904365,0.0473125,0,0.905601,1.07498,-0.0692841,0,1.07721,1.08805,0.19654,1.0242,0.851291,0.0445359,0,0.852455
3007,1.05514,3.08791,0.722107,0.910072,0.0442941,0,0.911149,1.0959,-0.0844878,0,1.09915,1.0778,0.173663,1.02148,0.862515,0.0419795,0,0.863536
3008,1.05876,3.09698,0.716645,0.908008,0.00251779,0,0.908011,1.09318,0.0935303,0,1.09717,1.08305,0.185373,1.02294,0.857611,0.00237805,0,0.857615
3009,0.992255,2.92828,0.810937,0.950204,-0.0274835,0,0.950602,-0.00124081,-0.608395,0,0.608397,0.989171,-0.0241711,0.996892,0.957621,-0.027698,0,0.958022
3010,0.982391,2.90311,0.824927,0.955157,-0.0239519,0,0.955457,0.0478237,-0.652191,0,0.653942,0.975393,-0.0549274,0.992876,0.972278,-0.0243812,0,0.972584
3011,0.972414,2.87757,0.838912,0.959644,-0.0185484,0,0.959823,0.105825,-0.695795,0,0.703797,0.961548,-0.08583,0.988826,0.986868,-0.0190746,0,0.987052
3012,0.951813,2.82464,0.867692,0.967538,0.00701479,0,0.967564,0.313377,-0.788076,0,0.848097,0.933142,-0.149237,0.980383,1.01652,0.00736992,0,1.01655
3013,0.956455,2.8366,0.86124,0.965981,-0.00389486,0,0.965989,0.22989,-0.759247,0,0.793288,0.939515,-0.135011,0.982288,1.00996,-0.00407218,0,1.00997
3014,1.07427,3.13507,0.690955,0.891197,0.00420528,0,0.891207,1.05615,0.0514369,0,1.0574,1.10616,0.236965,1.02969,0.829587,0.00391456,0,0.829596
3015,1.00976,2.97285,0.786194,0.939972,0.0469739,0,0.941145,1.11806,-0.561304,0,1.25105,1.0137,0.0305803,1.0039,0.93089,0.04652,0,0.932051
3016,1.06246,3.10619,0.710948,0.901934,0.0694931,0,0.904607,-0.19114,0.122553,0,0.227054,1.08844,0.197401,1.02445,0.848909,0.0654076,0,0.851426
3017,1.13118,3.2784,0.610273,0.836229,0.0335746,0,0.836903,1.00871,-0.00281321,0,1.00871,1.18752,0.418581,1.04981,0.739254,0.0296811,0,0.73985
3018,1.02091,3.00126,0.770742,0.933744,0.0452202,0,0.934838,1.171,-0.37784,0,1.23045,1.0293,0.0654006,1.00822,0.914623,0.0442942,0,0.915695
3019,1.02384,3.00854,0.765948,0.931239,0.0446961,0,0.932311,1.16805,-0.339292,0,1.21633,1.03362,0.0750482,1.00955,0.909553,0.0436552,0,0.9106
3020,0.931621,2.77247,0.895607,0.973233,0.0149978,0,0.973349,0.355697,0.878626,0,0.947894,0.905597,-0.210721,0.972066,1.04467,0.0160987,0,1.04479
3021,0.980325,2.89788,0.828002,0.955636,0.0423571,0,0.956574,0.803742,-0.872014,0,1.18592,0.972471,-0.0614477,0.991989,0.974816,0.0432072,0,0.975773
3022,1.13075,3.26146,0.549797,0.758601,0.00899245,0,0.758654,1.00551,0.000914908,0,1.00551,1.20278,0.452639,1.0637,0.670881,0.00795263,0,0.670928
3023,1.13908,3.29562,0.589128,0.814811,0.0328639,0,0.815474,1.00606,-0.00140254,0,1.00606,1.20149,0.44975,1.05479,0.715325,0.0288513,0,0.715907
3024,1.09058,3.17546,0.665114,0.873685,0.00600834,0,0.873705,1.03313,0.0268567,0,1.03348,1.13019,0.290605,1.03632,0.801118,0.00550929,0,0.801136
3025,0.960116,2.84601,0.85612,0.962501,0.0645079,0,0.964661,0.016447,0.703581,0,0.703773,0.944557,-0.123756,0.983795,1.00248,0.0671875,0,1.00473
3026,0.986245,2.91297,0.819536,0.952627,0.0448462,0,0.953682,0.879817,-0.833468,0,1.21192,0.980749,-0.0429698,0.994428,0.965913,0.0454717,0,0.966983
3027,1.12066,3.25084,0.62114,0.841983,0.0379396,0,0.842837,1.01269,-0.00509879,0,1.0127,1.17356,0.387412,1.0472,0.751326,0.0338546,0,0.752088
3028,1.10913,3.22172,0.63715,0.85276,0.0472709,0,0.854069,1.01778,-0.0117445,0,1.01785,1.15716,0.350796,1.0433,0.768854,0.0426198,0,0.770034
3029,0.962856,2.85303,0.852252,0.963597,0.00109568,0,0.963598,0.240731,-0.862204,0,0.89518,0.948346,-0.1153,0.98493,1.00077,0.00113795,0,1.00077
3030,1.00578,2.96272,0.791769,0.942176,0.0470495,0,0.94335,1.08986,-0.622737,0,1.25523,1.00813,0.0181467,1.00233,0.93676,0.046779,0,0.937927
3031,1.08073,3.15121,0.68124,0.88503,0.00412981,0,0.88504,1.04559,0.0428822,0,1.04647,1.11553,0.257875,1.0322,0.81892,0.00382132,0,0.818929
3032,1.06492,3.11246,0.707638,0.90169,0.0460781,0,0.902867,1.07129,-0.0601929,0,1.07298,1.09189,0.20511,1.02532,0.846718,0.0432689,0,0.847823
3033,0.947496,2.81357,0.873915,0.967568,0.0557014,0,0.96917,0.0876192,0.75947,0,0.764507,0.927162,-0.162585,0.97854,1.02118,0.058788,0,1.02288
3034,0.977164,2.8897,0.832119,0.957569,-0.0128725,0,0.957656,0.0919074,-0.786294,0,0.791647,0.968172,-0.0710454,0.990798,0.979947,-0.0131734,0,0.980036
3035,1.09973,3.19831,0.651449,0.862806,0.0518556,0,0.864362,1.02301,-0.0193968,0,1.0232,1.14345,0.3202,1.03976,0.784562,0.047153,0,0.785978
3036,1.12587,3.23981,0.518656,0.714606,0.0182214,0,0.714838,1.00514,9.5855e-05,0,1.00514,1.20515,0.457925,1.07042,0.634715,0.0161843,0,0.634921
3037,1.09536,3.18719,0.657188,0.867888,0.00697004,0,0.867916,1.02761,0.0211689,0,1.02783,1.13734,0.306555,1.03832,0.792328,0.00636322,0,0.792353
3038,1.06135,3.10336,0.712458,0.905384,-0.00576736,0,0.905403,-0.20694,-0.180438,0,0.274558,1.08687,0.193911,1.02405,0.85305,-0.00543399,0,0.853067
3039,1.11163,3.22857,0.635597,0.85378,0.0221368,0,0.854066,-0.124441,-0.0310569,0,0.128258,1.16019,0.357571,1.04368,0.76804,0.0199138,0,0.768298
3040,1.13231,3.26653,0.552142,0.762148,0.0303649,0,0.762753,1.00555,-0.000707391,0,1.00555,1.20385,0.455026,1.06318,0.673092,0.0268168,0,0.673626
3041,1.04555,3.06354,0.735177,0.917526,-0.0140714,0,0.917634,-0.21029,-0.292017,0,0.359855,1.06434,0.14362,1.01797,0.87755,-0.0134583,0,0.877653
3042,1.12087,3.25193,0.622958,0.843964,0.0471422,0,0.84528,-0.109215,-0.00247977,0,0.109244,1.17328,0.386785,1.04676,0.752958,0.0420587,0,0.754132
3043,0.930024,2.7684,0.898061,0.973522,0.0296537,0,0.973974,0.261092,0.848753,0,0.888004,0.903359,-0.215716,0.971329,1.04677,0.0318849,0,1.04726
3044,0.998608,2.94447,0.801941,0.944141,0.0771805,0,0.94729,-0.139094,0.495995,0,0.51513,0.998064,-0.00432082,0.999456,0.945457,0.0772881,0,0.948611
3045,1.12352,3.25862,0.619267,0.84001,0.0662486,0,0.842618,-0.103854,0.0168101,0,0.105206,1.17706,0.395217,1.04765,0.747661,0.0589654,0,0.749982
3046,1.08366,3.15806,0.675114,0.878817,0.0480457,0,0.88013,1.03906,-0.030784,0,1.03952,1.12026,0.268434,1.03377,0.810972,0.0443365,0,0.812183
3047,1.06191,3.10476,0.711608,0.904887,0.00454332,0,0.904898,1.08808,0.0775901,0,1.09084,1.08768,0.19572,1.02427,0.852133,0.00427844,0,0.852143
3048,0.94074,2.79596,0.882642,0.970576,0.00235134,0,0.970578,0.457377,0.897373,0,1.00721,0.91811,-0.182791,0.975944,1.03172,0.00249946,0,1.03172
3049,0.982034,2.90218,0.825352,0.952703,0.0736295,0,0.955544,-0.0815529,0.59271,0,0.598295,0.974918,-0.0559875,0.992753,0.970132,0.0749765,0,0.973025
3050,1.01058,2.97493,0.785032,0.940408,-0.0221581,0,0.940669,-0.113251,-0.575486,0,0.586524,1.01485,0.0331502,1.00423,0.930567,-0.0219262,0,0.930825
3051,1.04928,3.07301,0.730102,0.912133,0.0743613,0,0.915159,-0.199673,0.184886,0,0.272125,1.06957,0.155282,1.01934,0.869297,0.0708691,0,0.872181
3052,1.04034,3.05035,0.742619,0.921241,-0.0163686,0,0.921387,-0.205137,-0.333612,0,0.391636,1.05693,0.127086,1.01595,0.88552,-0.0157339,0,0.885659
3053,0.973095,2.87929,0.837883,0.958675,0.0388544,0,0.959462,0.714723,-0.901173,0,1.15019,0.962512,-0.0836782,0.989125,0.985182,0.0399287,0,0.985991
3054,0.96937,2.86975,0.843114,0.960991,-0.00708513,0,0.961017,0.159832,-0.826467,0,0.84178,0.957351,-0.0951976,0.987602,0.991356,-0.00730901,0,0.991383
3055,1.01737,2.99218,0.775376,0.936347,-0.0218764,0,0.936602,-0.142284,-0.523549,0,0.542539,1.02442,0.0545147,1.00693,0.92036,-0.0215029,0,0.920611
3056,0.959393,2.8441,0.856951,0.964511,0.0214663,0,0.96475,0.44604,-0.913729,0,1.01679,0.943612,-0.125867,0.983551,1.00533,0.0223749,0,1.00558
3057,1.03503,3.03697,0.75039,0.925132,-0.0179286,0,0.925306,-0.197573,-0.377349,0,0.425943,1.04934,0.110142,1.01383,0.893825,-0.0173219,0,0.893993
3058,1.10839,3.21956,0.637121,0.853434,0.00690623,0,0.853462,1.01713,0.0124625,0,1.01721,1.15639,0.349083,1.04331,0.769977,0.00623088,0,0.770003
3059,1.12952,3.27371,0.610753,0.836174,0.0135772,0,0.836284,1.00856,0.0031538,0,1.00857,1.18565,0.414393,1.0497,0.740294,0.0120204,0,0.740392
3060,1.10341,3.20729,0.64517,0.858311,0.0459982,0,0.859543,1.02194,-0.0137812,0,1.02203,1.149,0.332595,1.04132,0.777871,0.0416872,0,0.778987
3061,0.991776,2.92706,0.811617,0.949721,0.0462332,0,0.950846,0.946156,-0.787911,0,1.23127,0.988501,-0.0256676,0.996698,0.957597,0.0466166,0,0.958731
3062,1.05058,3.07615,0.727781,0.91358,-0.011932,0,0.913658,-0.211415,-0.2532,0,0.329859,1.07154,0.159697,1.01996,0.8696,-0.0113576,0,0.869674
3063,1.13841,3.29746,0.603258,0.832604,0.0323186,0,0.833231,1.00671,-0.00226155,0,1.00671,1.19701,0.439758,1.05148,0.731374,0.0283893,0,0.731925
3064,1.00572,2.96257,0.7919,0.940211,0.0778367,0,0.943428,-0.159201,0.451432,0,0.478681,1.00803,0.0179198,1.0023,0.934867,0.0773942,0,0.938065
3065,1.10228,3.20429,0.646219,0.859929,0.00591099,0,0.859949,1.02117,0.0165773,0,1.0213,1.14754,0.329323,1.04106,0.780137,0.00536252,0,0.780156
3066,1.09336,3.18248,0.661297,0.870006,0.0475908,0,0.871306,1.02973,-0.0204724,0,1.02994,1.13412,0.299377,1.03728,0.79572,0.0435273,0,0.79691
3067,1.02712,3.01685,0.761275,0.929113,0.0447016,0,0.930188,1.16777,-0.290411,0,1.20334,1.03826,0.0854048,1.01084,0.904577,0.0435211,0,0.905623
3068,1.01985,2.9985,0.771964,0.931928,0.0780898,0,0.935194,-0.187601,0.359574,0,0.405571,1.02789,0.0622464,1.00788,0.913791,0.0765701,0,0.916993
3069,1.01274,2.98041,0.78187,0.936039,0.0782449,0,0.939303,-0.174628,0.405956,0,0.441922,1.01792,0.0400095,1.00512,0.924262,0.0772605,0,0.927486
3070,1.09617,3.19062,0.66109,0.873139,0.0167961,0,0.8733,-0.150074,-0.0477071,0,0.157474,1.1371,0.306029,1.03734,0.796533,0.0153225,0,0.79668
3071,1.02923,3.02221,0.758399,0.928722,-0.0197872,0,0.928932,-0.183104,-0.426702,0,0.464329,1.0412,0.0919666,1.01164,0.90235,-0.0192253,0,0.902555
3072,1.07083,3.12685,0.69743,0.894651,0.0481349,0,0.895945,1.05859,-0.0490667,0,1.05973,1.10081,0.22503,1.028,0.835476,0.0449511,0,0.836684
3073,0.959065,2.84327,0.857468,0.964866,0.0109022,0,0.964928,0.33914,-0.893823,0,0.955999,0.943144,-0.126912,0.983399,1.00605,0.0113675,0,1.00611
3074,0.996879,2.94004,0.804326,0.946983,0.0468512,0,0.948141,1.00314,-0.736967,0,1.24475,0.99566,-0.00968773,0.998778,0.949948,0.0469979,0,0.95111
3075,0.964093,2.85608,0.850061,0.962128,0.0322885,0,0.96267,0.582926,-0.915913,0,1.08568,0.950183,-0.111198,0.985572,0.997962,0.033491,0,0.998524
3076,1.11502,3.23609,0.627107,0.844954,0.0433286,0,0.846064,1.01489,-0.00801022,0,1.01493,1.16604,0.370619,1.04576,0.757793,0.0388591,0,0.758789
3077,1.06856,3.12109,0.700591,0.897726,0.00375484,0,0.897734,1.06852,0.0632625,0,1.07039,1.09759,0.217843,1.02717,0.84013,0.00351394,0,0.840138
3078,1.12564,3.26332,0.613872,0.836651,0.0348108,0,0.837375,1.01099,-0.00265443,0,1.01099,1.18074,0.403444,1.04895,0.743265,0.0309253,0,0.743908
3079,1.00151,2.95183,0.797718,0.944435,0.0470937,0,0.945608,1.05099,-0.681692,0,1.25271,1.00217,0.00483391,1.00065,0.94301,0.0470227,0,0.944182
3080,0.971768,2.87589,0.839725,0.957444,0.0700227,0,0.960001,-0.0382748,0.648443,0,0.649572,0.96068,-0.0877689,0.988589,0.985259,0.072057,0,0.987891
3081,1.01668,2.99043,0.776311,0.935856,0.0458376,0,0.936978,1.15741,-0.455782,0,1.24392,1.02347,0.0523796,1.00667,0.920499,0.0450855,0,0.921603
3082,1.01352,2.98254,0.781316,0.938289,0.0463171,0,0.939431,1.14149,-0.499524,0,1.24601,1.01886,0.0421061,1.00527,0.925773,0.0456992,0,0.9269
3083,1.08898,3.17184,0.668937,0.875665,0.0488027,0,0.877024,1.03473,-0.0255859,0,1.03505,1.12747,0.284533,1.03535,0.804117,0.0448151,0,0.805365
3084,0.990958,2.92498,0.812816,0.948275,0.0758317,0,0.951302,-0.114703,0.543001,0,0.554984,0.987346,-0.0282458,0.996355,0.956928,0.0765236,0,0.959983
3085,1.02354,3.00782,0.766608,0.932515,-0.0209466,0,0.93275,-0.166461,-0.473199,0,0.501624,1.03313,0.0739409,1.00937,0.911072,-0.0204649,0,0.911302
3086,1.08131,3.15347,0.683207,0.887776,0.0119996,0,0.887857,-0.181782,-0.0742878,0,0.196375,1.11558,0.258001,1.03169,0.821017,0.0110972,0,0.821092
3087,1.09033,3.17628,0.670697,0.877699,0.0667705,0,0.880236,-0.146948,0.0496252,0,0.155101,1.12839,0.286577,1.0349,0.804983,0.0612386,0,0.807309
3088,1.12436,3.25937,0.613033,0.835242,0.0137957,0,0.835356,1.01084,0.00310164,0,1.01085,1.17962,0.400941,1.04915,0.742861,0.0122698,0,0.742962
3089,1.1194,3.24766,0.622901,0.844005,0.0129195,0,0.844104,1.01241,0.00561366,0,1.01243,1.17176,0.383399,1.04678,0.753979,0.0115414,0,0.754067
3090,1.06847,3.12118,0.701782,0.896517,0.06749,0,0.899054,-0.184634,0.0980489,0,0.209053,1.09717,0.216905,1.02686,0.839065,0.063165,0,0.841439
3091,1.07626,3.14078,0.690601,0.892417,0.00645223,0,0.89244,-0.189884,-0.0975153,0,0.21346,1.10831,0.241759,1.02978,0.829186,0.00599507,0,0.829208
3092,1.05539,3.08829,0.720889,0.907092,0.072341,0,0.909972,-0.196311,0.154774,0,0.249986,1.0784,0.174998,1.0218,0.859488,0.0685445,0,0.862216
3093,1.10455,3.21118,0.647276,0.860183,0.0699173,0,0.86302,-0.123766,0.0356366,0,0.128795,1.14961,0.333949,1.0408,0.778765,0.0632994,0,0.781333
3094,1.11383,3.23301,0.628478,0.846826,0.00901917,0,0.846874,1.01446,0.00861443,0,1.0145,1.16442,0.367014,1.04542,0.760283,0.00809744,0,0.760326
3095,1.11451,3.23551,0.630427,0.849187,0.0329138,0,0.849824,-0.120717,-0.0189235,0,0.122191,1.1646,0.367416,1.04495,0.761938,0.0295321,0,0.762511
3096,1.08606,3.1639,0.670955,0.877078,0.00554463,0,0.877095,1.03733,0.0323263,0,1.03783,1.12389,0.276547,1.03483,0.807578,0.00510527,0,0.807594
3097,1.1365,3.28763,0.587046,0.810884,0.00963262,0,0.810941,1.00599,0.00163042,0,1.006,1.19932,0.444916,1.05527,0.71349,0.00847566,0,0.71354
3098,1.13621,3.29112,0.603332,0.831632,0.0120745,0,0.83172,1.0066,0.00251426,0,1.0066,1.19468,0.43456,1.05146,0.731933,0.010627,0,0.73201
3099,1.07162,3.12919,0.69759,0.896789,0.00237195,0,0.896792,-0.19665,-0.12103,0,0.230911,1.10158,0.226737,1.02796,0.836857,0.00221343,0,0.83686
3100,1.06641,3.11606,0.704956,0.90101,-0.00222814,0,0.901013,-0.202363,-0.150781,0,0.252361,1.09417,0.210201,1.02603,0.844898,-0.00208938,0,0.8449
3101,1.04325,3.05777,0.738658,0.916433,0.0753387,0,0.919524,-0.202037,0.216735,0,0.296299,1.06102,0.136196,1.01703,0.878438,0.0722152,0,0.881401
3102,1.07494,3.13756,0.692792,0.891648,0.0638712,0,0.893933,-0.177377,0.0758159,0,0.192901,1.10634,0.237377,1.02921,0.829483,0.0594181,0,0.831609
3103,0.936139,2.78425,0.889688,0.971513,0.0436166,0,0.972492,0.172398,0.810444,0,0.828578,0.91165,-0.19721,0.97384,1.03779,0.046592,0,1.03883
3104,1.05584,3.08941,0.720135,0.909457,-0.00890149,0,0.909501,-0.211276,-0.216299,0,0.302362,1.07908,0.176509,1.02201,0.861358,-0.00843071,0,0.861399
3105,1.05002,3.07485,0.728963,0.914509,0.00256052,0,0.914512,1.12414,0.125628,0,1.13113,1.07064,0.157682,1.01964,0.870947,0.00243855,0,0.870951
3106,1.04277,3.05619,0.738126,0.917534,0.0420561,0,0.918498,1.13602,-0.135255,0,1.14404,1.06067,0.135424,1.01717,0.879905,0.0403313,0,0.880829
3107,1.04548,3.06311,0.734494,0.916796,0.00080306,0,0.916796,1.135,0.158237,0,1.14598,1.06445,0.143869,1.01815,0.876917,0.000768129,0,0.876918
3108,1.03907,3.0469,0.743613,0.920375,0.042768,0,0.921368,1.1459,-0.163517,0,1.15751,1.05536,0.123574,1.01568,0.88577,0.04116,0,0.886726
3109,1.04144,3.05283,0.740003,0.91943,-0.000981744,0,0.919431,1.14432,0.194609,0,1.16075,1.05879,0.131227,1.01666,0.882847,-0.000942682,0,0.882847
3110,1.03507,3.03685,0.749494,0.923337,0.0433738,0,0.924355,1.15538,-0.199356,0,1.17245,1.04964,0.110812,1.01408,0.89205,0.0419041,0,0.893034
3111,1.03756,3.04312,0.745888,0.92256,-0.00255056,0,0.922564,1.15246,0.236026,0,1.17638,1.05319,0.118719,1.01506,0.889164,-0.00245824,0,0.889168
3112,1.03099,3.02659,0.75554,0.926338,0.0439627,0,0.927381,1.16348,-0.243356,0,1.18866,1.0438,0.0977668,1.01242,0.898491,0.0426411,0,0.899502
3113,1.03357,3.03313,0.751958,0.925728,-0.00417597,0,0.925738,1.15761,0.285767,0,1.19236,1.04742,0.105852,1.0134,0.895662,-0.00404034,0,0.895672
3114,1.0298,3.02375,0.757866,0.928851,-0.00565156,0,0.928868,1.15786,0.340569,0,1.20691,1.04194,0.0936057,1.01178,0.90197,-0.005488,0,0.901987
3115,1.02628,3.0149,0.763111,0.931404,-0.00707776,0,0.931431,1.15291,0.394348,0,1.21848,1.03689,0.0823414,1.01034,0.907553,-0.00689651,0,0.907579
3116,1.02263,3.00557,0.768036,0.93344,-0.00854168,0,0.933479,1.14073,0.452589,0,1.22723,1.03181,0.0709984,1.00897,0.912783,-0.00835265,0,0.912821
3117,1.01886,2.99595,0.773244,0.935617,-0.00999255,0,0.93567,1.12404,0.510412,0,1.2345,1.02653,0.0592119,1.00753,0.918299,-0.00980759,0,0.918351
3118,1.01485,2.98576,0.778838,0.937937,-0.0113713,0,0.938006,1.09669,0.573617,0,1.23765,1.02091,0.0466657,1.00597,0.924211,-0.0112049,0,0.924279
3119,1.01054,2.9748,0.784951,0.940465,-0.0125659,0,0.940549,1.06497,0.63585,0,1.24035,1.01484,0.0331201,1.00425,0.930656,-0.0124349,0,0.930739
3120,1.00576,2.96265,0.791765,0.943225,-0.01367,0,0.943324,1.02138,0.694392,0,1.23507,1.00811,0.0180987,1.00234,0.937824,-0.0135917,0,0.937923
3121,0.99956,2.94686,0.800478,0.946544,-0.0148475,0,0.94666,0.961052,0.753502,0,1.22122,0.999431,-0.0012711,0.999871,0.946961,-0.014854,0,0.947077
3122,1.02625,3.01472,0.76282,0.927824,0.0778712,0,0.931086,-0.195112,0.318814,0,0.37378,1.03694,0.0824562,1.01042,0.904091,0.0758794,0,0.90727
3123,1.03205,3.02942,0.754644,0.924117,0.0772301,0,0.927339,-0.199901,0.282028,0,0.345688,1.04512,0.100711,1.01267,0.895423,0.074832,0,0.898545
3124,1.03734,3.04276,0.746852,0.920263,0.0765882,0,0.923444,-0.201658,0.250626,0,0.321682,1.05269,0.117621,1.0148,0.887135,0.0738311,0,0.890202
3125,0.991091,2.92532,0.812609,0.951088,-0.0156044,0,0.951216,0.879517,0.810473,0,1.196,0.987537,-0.0278195,0.996414,0.959638,-0.0157446,0,0.959767
3126,0.979964,2.89685,0.828147,0.956255,-0.0148051,0,0.956369,0.778319,0.859214,0,1.15932,0.972072,-0.0623389,0.991947,0.975806,-0.0151078,0,0.975923
3127,0.96741,2.86468,0.845743,0.961621,-0.0115043,0,0.96169,0.664887,0.89129,0,1.11197,0.954673,-0.101176,0.986834,0.994017,-0.0118919,0,0.994088
3128,0.954026,2.83026,0.864318,0.966514,-0.00606345,0,0.966533,0.557787,0.901976,0,1.06051,0.936262,-0.142272,0.98138,1.01309,-0.00635564,0,1.01311
3129,1.04707,3.06737,0.733041,0.915608,0.0416045,0,0.916552,1.1256,-0.109614,0,1.13092,1.06649,0.148406,1.01854,0.874449,0.0397343,0,0.875351
3130,1.05872,3.09699,0.71714,0.907509,0.0432858,0,0.908541,1.08957,-0.0704188,0,1.09184,1.08286,0.184959,1.0228,0.857177,0.0408851,0,0.858151
3131,1.05134,3.0784,0.72778,0.913415,0.0407381,0,0.914323,1.1146,-0.0877566,0,1.11805,1.07233,0.161444,1.01996,0.868809,0.0387487,0,0.869673
3132,1.0542,3.08556,0.723516,0.911936,0.0047912,0,0.911948,1.11311,0.0991334,0,1.11751,1.07645,0.170642,1.0211,0.865049,0.00454486,0,0.865061
3133,1.00298,2.95562,0.795875,0.944801,-0.0216679,0,0.945049,-0.0741586,-0.630278,0,0.634626,1.00415,0.00927276,1.00118,0.941998,-0.0216036,0,0.942246
3134,0.994649,2.9344,0.807623,0.949238,-0.0201224,0,0.949451,-0.0275247,-0.686572,0,0.687124,0.992499,-0.0167441,0.997838,0.954345,-0.0202306,0,0.954559
3135,0.985873,2.912,0.819987,0.953629,-0.0172506,0,0.953785,0.0283265,-0.73779,0,0.738334,0.980251,-0.0440816,0.994298,0.967294,-0.0174978,0,0.967452
3136,1.0798,3.14847,0.681134,0.88412,0.00734904,0,0.884151,1.04892,0.0356424,0,1.04952,1.1146,0.255796,1.03223,0.818784,0.00680595,0,0.818812
3137,0.9925,2.92894,0.810706,0.949658,0.042253,0,0.950597,0.970667,-0.894367,0,1.31988,0.989482,-0.0234785,0.996958,0.956834,0.0425723,0,0.95778
3138,1.12158,3.23485,0.549255,0.751251,0.0286401,0,0.751797,1.00655,-0.000500361,0,1.00655,1.19315,0.431149,1.06382,0.669818,0.0255356,0,0.670305
3139,1.11054,3.22477,0.633348,0.849336,0.0431034,0,0.850429,1.01759,-0.00881702,0,1.01762,1.15966,0.356382,1.04423,0.764798,0.0388131,0,0.765782
3140,1.01626,2.98935,0.776953,0.937163,-0.0145474,0,0.937276,-0.18607,-0.581572,0,0.610613,1.02285,0.0510145,1.00649,0.922171,-0.0143147,0,0.922283
3141,0.97621,2.88728,0.833539,0.956088,0.0628989,0,0.958155,-0.0682865,0.73386,0,0.73703,0.966825,-0.074052,0.990386,0.979388,0.0644317,0,0.981505
3142,1.09827,3.19395,0.651025,0.862668,0.00716033,0,0.862698,1.02417,0.0182268,0,1.02433,1.14205,0.317076,1.03986,0.785478,0.00651964,0,0.785505
3143,1.01253,2.97999,0.782576,0.938907,0.0424361,0,0.939866,1.188,-0.552204,0,1.31007,1.01752,0.0390965,1.00492,0.927285,0.0419108,0,0.928231
3144,1.00553,2.96208,0.792123,0.9425,0.04313,0,0.943487,1.1329,-0.693082,0,1.32809,1.00778,0.0173573,1.00224,0.937318,0.0428929,0,0.938299
3145,1.08977,3.17366,0.667143,0.874395,0.0440217,0,0.875502,1.0356,-0.0197184,0,1.03579,1.12879,0.287477,1.0358,0.802366,0.0403953,0,0.803382
3146,1.1019,3.20417,0.649813,0.863595,0.0284436,0,0.864063,-0.140426,-0.0254225,0,0.142708,1.14616,0.326243,1.04016,0.783733,0.0258133,0,0.784158
3147,1.11243,3.23099,0.635977,0.853149,0.0584812,0,0.855151,-0.119675,0.0152042,0,0.120637,1.16092,0.359195,1.04359,0.766923,0.0525706,0,0.768723
3148,0.985626,2.91133,0.820187,0.951459,0.0660786,0,0.953751,-0.118965,0.667162,0,0.677685,0.979949,-0.0447566,0.994241,0.965335,0.0670423,0,0.96766
3149,0.965309,2.85936,0.848903,0.961005,0.0577,0,0.962736,-0.00190429,0.801478,0,0.80148,0.951709,-0.107793,0.985911,0.995542,0.0597736,0,0.997334
3150,0.941054,2.7969,0.882693,0.970614,0.0255415,0,0.97095,0.277545,0.96453,0,1.00367,0.918402,-0.182139,0.975929,1.03141,0.0271414,0,1.03177
3151,1.07031,3.12523,0.697049,0.89505,0.00571496,0,0.895068,1.06629,0.0552169,0,1.06772,1.10039,0.224085,1.0281,0.83625,0.00533952,0,0.836268
3152,0.965572,2.86002,0.848496,0.96248,0.014848,0,0.962594,0.372201,-1.01175,0,1.07804,0.952083,-0.106959,0.98603,0.996798,0.0153775,0,0.996916
3153,0.968391,2.86724,0.844511,0.961423,0.00548367,0,0.961438,0.25726,-0.978561,0,1.01181,0.95599,-0.0982366,0.987194,0.992804,0.00566266,0,0.99282
3154,1.04492,3.06193,0.736038,0.918033,-0.00526238,0,0.918049,-0.251935,-0.273445,0,0.371811,1.06345,0.141639,1.01774,0.878566,-0.00503615,0,0.878581
3155,1.11533,3.23714,0.627655,0.846893,0.0126448,0,0.846987,1.01434,0.00645704,0,1.01436,1.16622,0.371018,1.04562,0.759319,0.0113372,0,0.759404
3156,1.1,3.19903,0.651236,0.863021,0.0472305,0,0.864312,1.02431,-0.0162286,0,1.02444,1.14379,0.320953,1.03981,0.784566,0.0429369,0,0.78574
3157,1.02435,3.00992,0.76551,0.929759,0.0687765,0,0.932299,-0.237797,0.347887,0,0.421394,1.03426,0.0764799,1.00967,0.907653,0.0671413,0,0.910133
3158,0.980713,2.89875,0.827015,0.955178,0.0384067,0,0.95595,0.793927,-0.992546,0,1.27101,0.973136,-0.0599647,0.992274,0.973963,0.039162,0,0.97475
3159,1.11626,3.23945,0.626221,0.844991,0.039153,0,0.845897,1.01466,-0.00585123,0,1.01468,1.16758,0.374057,1.04597,0.756983,0.0350751,0,0.757795
3160,1.10062,3.20008,0.648501,0.861443,0.00336057,0,0.86145,1.02154,0.0204145,0,1.02175,1.14518,0.324068,1.04049,0.782691,0.00305335,0,0.782697
3161,1.0007,2.9498,0.79903,0.943717,0.0687618,0,0.946219,-0.18403,0.549568,0,0.579562,1.00098,0.0021887,1.00028,0.943058,0.0687138,0,0.945558
3162,1.08077,3.151,0.680077,0.882552,0.0447902,0,0.883688,1.04551,-0.0286041,0,1.0459,1.11589,0.258686,1.0325,0.816598,0.041443,0,0.817649
3163,1.04047,3.05068,0.742408,0.921237,-0.00739663,0,0.921266,-0.251689,-0.317905,0,0.405476,1.05713,0.127515,1.01601,0.885404,-0.00710893,0,0.885433
3164,1.05423,3.08543,0.7227,0.911045,2.96294e-05,0,0.911045,-0.243559,-0.193865,0,0.311296,1.07671,0.171226,1.02132,0.864178,2.81052e-05,0,0.864178
3165,1.10944,3.22178,0.63403,0.850378,0.010047,0,0.850438,1.0171,0.00954801,0,1.01714,1.15833,0.353418,1.04407,0.766491,0.00905594,0,0.766545
3166,1.0863,3.16596,0.675813,0.882903,0.0193605,0,0.883116,-0.173598,-0.0506777,0,0.180844,1.1228,0.274103,1.03359,0.812758,0.0178224,0,0.812954
3167,1.00687,2.96551,0.790309,0.940279,0.0692021,0,0.942822,-0.204199,0.498822,0,0.539,1.00964,0.0215078,1.00275,0.933864,0.0687299,0,0.936389
3168,1.05728,3.09317,0.718522,0.908867,0.00687336,0,0.908893,1.1061,0.0811737,0,1.10907,1.081,0.180811,1.02244,0.859626,0.00650097,0,0.859651
3169,1.01524,2.98681,0.77857,0.937142,0.0418054,0,0.938074,1.20341,-0.497134,0,1.30205,1.02137,0.0477024,1.00604,0.923076,0.0411779,0,0.923994
3170,1.01858,2.99525,0.773627,0.934908,0.0415655,0,0.935831,1.21473,-0.425322,0,1.28703,1.02614,0.0583502,1.00742,0.917851,0.0408072,0,0.918757
3171,1.04527,3.06278,0.735441,0.91767,0.00482312,0,0.917683,1.15103,0.134985,0,1.15891,1.06398,0.142808,1.0179,0.877926,0.00461423,0,0.877938
3172,1.04446,3.06084,0.736948,0.916337,0.0654333,0,0.918671,-0.23591,0.198164,0,0.308095,1.06273,0.140026,1.01749,0.877327,0.0626476,0,0.879561
3173,0.944038,2.80453,0.878272,0.969726,0.0123882,0,0.969805,0.387596,0.995931,0,1.0687,0.922557,-0.172864,0.977245,1.02721,0.0131226,0,1.02729
3174,1.06711,3.11766,0.703436,0.898703,0.0450431,0,0.899831,1.06884,-0.052412,0,1.07013,1.09531,0.21274,1.02643,0.842186,0.0422105,0,0.843244
3175,1.06153,3.1039,0.71247,0.904568,0.0426068,0,0.905571,1.08381,-0.0603945,0,1.08549,1.08705,0.194316,1.02404,0.852135,0.0401371,0,0.85308
3176,0.988711,2.91923,0.815908,0.952265,-0.0113208,0,0.952332,0.00500529,-0.833572,0,0.833587,0.984232,-0.0351971,0.99547,0.963138,-0.01145,0,0.963206
3177,1.03605,3.03954,0.748899,0.92452,-0.00913195,0,0.924565,-0.248979,-0.363304,0,0.440432,1.0508,0.113398,1.01424,0.892352,-0.00881421,0,0.892396
3178,1.00905,2.971,0.786996,0.940361,0.0429615,0,0.941342,1.1664,-0.620318,0,1.3211,1.01276,0.028491,1.00368,0.931926,0.0425761,0,0.932898
3179,0.953307,2.82837,0.865188,0.966647,0.00180973,0,0.966649,0.503281,1.01163,0,1.12991,0.935311,-0.144394,0.981123,1.01399,0.00189837,0,1.014
3180,0.987289,2.91566,0.81814,0.952388,0.0407177,0,0.953258,0.890373,-0.948397,0,1.30085,0.982184,-0.0397685,0.994829,0.964649,0.0412419,0,0.96553
3181,1.12649,3.26434,0.608457,0.830398,0.0348289,0,0.831128,1.01004,-0.00216673,0,1.01004,1.18309,0.408691,1.05024,0.737152,0.030918,0,0.7378
3182,1.12225,3.25578,0.622405,0.84492,0.034456,0,0.845623,1.01257,-0.00356741,0,1.01257,1.17487,0.390345,1.0469,0.752884,0.0307028,0,0.75351
3183,1.07653,3.14075,0.687627,0.887998,0.0453924,0,0.889157,1.05245,-0.0363983,0,1.05308,1.10942,0.244246,1.03055,0.824869,0.0421654,0,0.825946
3184,1.07244,3.13048,0.693619,0.891714,0.0444212,0,0.89282,1.05706,-0.0397183,0,1.05781,1.10353,0.231104,1.029,0.831483,0.0414207,0,0.832514
3185,0.974101,2.88188,0.836515,0.959077,-0.00205871,0,0.95908,0.158923,-0.937094,0,0.950474,0.963895,-0.0805924,0.989522,0.984577,-0.00211344,0,0.984579
3186,1.1043,3.2094,0.643434,0.858039,0.00995801,0,0.858097,1.02066,0.0128192,0,1.02074,1.1504,0.335722,1.04175,0.776998,0.00901749,0,0.777051
3187,1.12325,3.23524,0.531027,0.729032,0.0194036,0,0.72929,1.00613,0.000116917,0,1.00613,1.19939,0.445075,1.06779,0.649036,0.0172745,0,0.649266
3188,1.09512,3.18763,0.661417,0.870607,0.0625957,0,0.872854,-0.142539,0.0367979,0,0.147212,1.13591,0.303376,1.03725,0.794991,0.057159,0,0.797043
3189,0.954023,2.83036,0.86471,0.965646,0.0494543,0,0.966911,0.0820162,0.866492,0,0.870365,0.936149,-0.142524,0.981264,1.01218,0.0518376,0,1.01351
3190,1.02647,3.01523,0.762381,0.930717,-0.0124411,0,0.9308,-0.228458,-0.468716,0,0.521428,1.03728,0.0832182,1.01054,0.906721,-0.0121203,0,0.906802
3191,1.01278,2.98054,0.781924,0.936834,0.0693746,0,0.939399,-0.219412,0.446759,0,0.49773,1.01795,0.0400677,1.0051,0.92501,0.068499,0,0.927543
3192,0.981177,2.89998,0.826535,0.955884,-0.00757711,0,0.955914,0.0767809,-0.88865,0,0.891961,0.973733,-0.0586328,0.992412,0.974221,-0.00772246,0,0.974252
3193,0.972788,2.87835,0.837747,0.95843,0.0337526,0,0.959024,0.661104,-1.02113,0,1.21646,0.962247,-0.0842692,0.989164,0.98524,0.0346967,0,0.985851
3194,1.0216,3.00293,0.769386,0.933908,-0.0135574,0,0.934006,-0.210561,-0.524878,0,0.565538,1.03039,0.0678292,1.0086,0.914159,-0.0132707,0,0.914255
3195,1.12481,3.25907,0.607041,0.827989,0.0125699,0,0.828084,1.00992,0.00257147,0,1.00993,1.1817,0.405579,1.05058,0.736117,0.0111751,0,0.736201
3196,1.08305,3.15639,0.67556,0.880121,0.00871992,0,0.880164,1.0439,0.0304737,0,1.04434,1.1195,0.266743,1.03366,0.812634,0.00805129,0,0.812674
3197,1.13295,3.28163,0.603218,0.828545,0.0325049,0,0.829182,1.00794,-0.00204887,0,1.00794,1.19128,0.42696,1.05149,0.731318,0.0286906,0,0.73188
3198,1.12959,3.26581,0.580044,0.796294,0.0337136,0,0.797007,1.0072,-0.00122402,0,1.0072,1.19386,0.432714,1.05689,0.704938,0.0298458,0,0.70557
3199,1.09642,3.18991,0.655934,0.865934,0.0472799,0,0.867223,1.02721,-0.0184349,0,1.02738,1.13878,0.309767,1.03863,0.789785,0.0431221,0,0.790961
3200,1.02246,3.00524,0.768683,0.933135,0.0407044,0,0.934022,1.21461,-0.354838,0,1.26538,1.03145,0.0701953,1.00879,0.91264,0.0398104,0,0.913508
3201,1.0247,3.01062,0.764395,0.930519,0.0405,0,0.9314,1.20882,-0.314412,0,1.24904,1.03493,0.0779693,1.00998,0.908087,0.0395237,0,0.908947
3202,1.01862,2.99534,0.773577,0.933243,0.0692312,0,0.935808,-0.229999,0.396594,0,0.458461,1.02619,0.0584579,1.00743,0.916186,0.0679659,0,0.918704
3203,1.03124,3.02734,0.755611,0.927621,-0.0107691,0,0.927683,-0.242104,-0.416759,0,0.481977,1.04403,0.0982847,1.0124,0.899518,-0.0104428,0,0.899578
3204,0.997353,2.94132,0.803886,0.947159,0.0429398,0,0.948132,1.03793,-0.832887,0,1.33079,0.996259,-0.00835004,0.998903,0.949673,0.0430538,0,0.950648
3205,0.966839,2.86318,0.846386,0.961435,0.0250835,0,0.961762,0.512552,-1.02725,0,1.14802,0.953929,-0.102838,0.986647,0.994411,0.0259438,0,0.994749
3206,1.0646,3.11127,0.706824,0.901621,0.00651788,0,0.901645,1.08147,0.0647241,0,1.0834,1.09178,0.204869,1.02554,0.846914,0.00612239,0,0.846936
3207,1.00164,2.95221,0.7977,0.944728,0.0431752,0,0.945714,1.0927,-0.765832,0,1.33435,1.0023,0.00514219,1.00066,0.943177,0.0431043,0,0.944162
3208,0.993743,2.93208,0.808849,0.947437,0.0677925,0,0.949859,-0.155953,0.606901,0,0.626618,0.991247,-0.0195369,0.997489,0.953403,0.0682193,0,0.95584
3209,1.05887,3.09713,0.716047,0.907414,0.00278087,0,0.907419,-0.236067,-0.16052,0,0.285472,1.08333,0.185999,1.02309,0.856962,0.00262625,0,0.856966
3210,1.12093,3.25193,0.622261,0.844304,0.0158243,0,0.844452,1.01237,0.00408383,0,1.01238,1.17354,0.387361,1.04693,0.753216,0.0141171,0,0.753349
3211,1.08143,3.15397,0.683753,0.886617,0.0594001,0,0.888605,-0.170183,0.0528895,0,0.178212,1.11555,0.257934,1.03155,0.819855,0.0549273,0,0.821693
3212,1.07248,3.13138,0.696382,0.895974,0.0150176,0,0.8961,-0.209609,-0.07746,0,0.223463,1.10281,0.229481,1.02828,0.83542,0.0140026,0,0.835538
3213,1.06141,3.10343,0.712094,0.903065,0.0596303,0,0.905032,-0.214413,0.103115,0,0.237919,1.08703,0.194269,1.02414,0.850819,0.0561804,0,0.852672
3214,1.04975,3.07416,0.729324,0.912428,0.064228,0,0.914686,-0.230139,0.166117,0,0.283829,1.07026,0.156839,1.01955,0.86919,0.0611843,0,0.87134
3215,1.10849,3.22105,0.641529,0.857891,0.0435337,0,0.858995,-0.128898,-0.000819143,0,0.128901,1.15529,0.346625,1.04222,0.77393,0.039273,0,0.774926
3216,1.08607,3.16387,0.670753,0.876809,0.00933908,0,0.876858,1.03963,0.0262424,0,1.03997,1.12396,0.276688,1.03489,0.807325,0.00859899,0,0.80737
3217,1.0847,3.16087,0.67432,0.878918,0.0440971,0,0.880023,1.04114,-0.0246294,0,1.04143,1.12155,0.271323,1.03398,0.810288,0.0406538,0,0.811307
3218,1.12104,3.23295,0.547843,0.74953,0.0111974,0,0.749613,1.00652,0.000752135,0,1.00653,1.19293,0.430647,1.06413,0.668604,0.0099884,0,0.668679
3219,1.12834,3.26177,0.578411,0.793968,0.00943908,0,0.794024,1.00714,0.00150248,0,1.00714,1.19296,0.430709,1.05726,0.703658,0.00836542,0,0.703708
3220,1.13105,3.27589,0.602257,0.826461,0.0131802,0,0.826566,1.00784,0.0023576,0,1.00784,1.18954,0.423091,1.05171,0.7307,0.011653,0,0.730793
3221,1.06777,3.11946,0.70297,0.899785,0.0104208,0,0.899845,-0.219402,-0.101569,0,0.241772,1.09612,0.214547,1.02655,0.842678,0.00975944,0,0.842735
3222,1.0634,3.10853,0.709504,0.903714,0.00645897,0,0.903737,-0.228167,-0.130201,0,0.262702,1.0898,0.200457,1.02483,0.849833,0.00607387,0,0.849854
3223,1.05554,3.08873,0.720866,0.907963,0.0619935,0,0.910077,-0.222938,0.133788,0,0.260001,1.07856,0.175359,1.02181,0.860189,0.0587316,0,0.862192
3224,1.06736,3.1185,0.703841,0.898711,0.0569328,0,0.900513,-0.205143,0.0788628,0,0.21978,1.09545,0.21306,1.02632,0.841997,0.05334,0,0.843685
3225,0.944948,2.80697,0.877354,0.9691,0.0383841,0,0.96986,0.177333,0.923057,0,0.939937,0.923704,-0.170304,0.977518,1.02556,0.0406203,0,1.02636
3226,1.04934,3.07303,0.729514,0.914545,-0.00294821,0,0.914549,-0.249016,-0.234314,0,0.341924,1.0698,0.155801,1.01949,0.871541,-0.00280958,0,0.871545
3227,1.03932,3.04749,0.743055,0.920162,0.0385941,0,0.920971,1.16341,-0.141423,0,1.17197,1.05578,0.124502,1.01583,0.885349,0.037134,0,0.886127
3228,1.04101,3.05177,0.74068,0.919805,0.00335513,0,0.919811,1.16504,0.170136,0,1.1774,1.05816,0.129831,1.01648,0.88357,0.00322295,0,0.883575
3229,1.03568,3.03835,0.74855,0.923014,0.0392086,0,0.923847,1.17682,-0.174365,0,1.18967,1.05052,0.112775,1.01434,0.891219,0.0378579,0,0.892023
3230,1.03724,3.04227,0.746155,0.922576,0.00181964,0,0.922578,1.17826,0.2097,0,1.19678,1.05279,0.11783,1.01499,0.889452,0.00175431,0,0.889454
3231,1.03179,3.02857,0.754245,0.925821,0.0397011,0,0.926672,1.19032,-0.215483,0,1.20967,1.04498,0.100392,1.01278,0.897294,0.0384778,0,0.898118
3232,1.03346,3.03281,0.751892,0.925571,0.000425993,0,0.925572,1.18985,0.257566,0,1.21741,1.04733,0.105657,1.01342,0.895601,0.0004122,0,0.895601
3233,1.02813,3.01939,0.759814,0.928622,0.04032,0,0.929497,1.20134,-0.263439,0,1.22989,1.03969,0.0885997,1.01125,0.903214,0.0392168,0,0.904065
3234,1.02981,3.0237,0.757575,0.928558,-0.000917391,0,0.928558,1.19825,0.31325,0,1.23852,1.04203,0.0938153,1.01186,0.901675,-0.000890832,0,0.901676
3235,1.02647,3.01536,0.762779,0.931239,-0.00218284,0,0.931242,1.20086,0.371895,0,1.25713,1.03717,0.0829793,1.01043,0.907224,-0.00212655,0,0.907226
3236,1.02323,3.00711,0.767323,0.93324,-0.00338664,0,0.933246,1.19724,0.434249,0,1.27356,1.03261,0.0727883,1.00917,0.912057,-0.00330976,0,0.912063
3237,1.01995,2.99874,0.771747,0.93504,-0.00468445,0,0.935051,1.18746,0.497628,0,1.28751,1.02805,0.0626128,1.00794,0.916751,-0.00459282,0,0.916762
3238,1.01653,2.99001,0.776465,0.936982,-0.00594824,0,0.937001,1.16841,0.567327,0,1.29886,1.02327,0.0519323,1.00663,0.921747,-0.00585153,0,0.921766
3239,1.01287,2.98071,0.7816,0.939106,-0.00715987,0,0.939133,1.14309,0.636677,0,1.30844,1.01813,0.0404687,1.00519,0.927173,-0.00706889,0,0.9272
3240,1.00889,2.97062,0.787319,0.941501,-0.00829247,0,0.941537,1.10422,0.710684,0,1.31315,1.01251,0.0279306,1.00359,0.933202,-0.00821938,0,0.933238
3241,1.0041,2.95846,0.79421,0.944304,-0.00932423,0,0.94435,1.05422,0.788239,0,1.31632,1.00575,0.0128389,1.00165,0.940449,-0.00928616,0,0.940495
3242,1.03915,3.04737,0.744369,0.91988,0.0665939,0,0.922287,-0.239654,0.234058,0,0.334988,1.05523,0.123289,1.01548,0.885221,0.0640848,0,0.887538
3243,1.02955,3.02308,0.758127,0.926417,0.0682207,0,0.928925,-0.240741,0.306093,0,0.389422,1.0416,0.0928684,1.01171,0.899828,0.0662627,0,0.902264
3244,1.03432,3.03517,0.751316,0.923237,0.0675169,0,0.925703,-0.241569,0.268631,0,0.361273,1.04837,0.107965,1.01358,0.892601,0.0652764,0,0.894984
3245,0.997649,2.94206,0.803432,0.947883,-0.0103054,0,0.94794,0.977023,0.862888,0,1.30351,0.996683,-0.00740379,0.999032,0.950117,-0.0103297,0,0.950173
3246,0.988787,2.91941,0.815767,0.9522,-0.0107515,0,0.952261,0.875344,0.930364,0,1.27742,0.984348,-0.0349382,0.99551,0.962998,-0.0108734,0,0.963059
3247,0.977798,2.8913,0.831149,0.957251,-0.00915871,0,0.957295,0.752466,0.982142,0,1.23726,0.969074,-0.0690314,0.991078,0.978987,-0.00936667,0,0.979032
3248,0.965587,2.85998,0.848202,0.962305,-0.00504648,0,0.962319,0.623294,1.00873,0,1.18576,0.952181,-0.106739,0.986116,0.996601,-0.00522633,0,0.996615
3249,1.0433,3.05777,0.738124,0.918175,0.0381472,0,0.918967,1.14998,-0.114555,0,1.15567,1.06122,0.136644,1.01717,0.880067,0.0365639,0,0.880826
3250,1.05489,3.08733,0.722586,0.910621,0.0396795,0,0.911485,1.1067,-0.0713626,0,1.109,1.07742,0.172803,1.02135,0.863236,0.0376148,0,0.864055
3251,1.04748,3.06867,0.733337,0.916485,0.0374698,0,0.91725,1.13627,-0.0904673,0,1.13987,1.06682,0.149162,1.01846,0.87494,0.0357712,0,0.875671
3252,1.04956,3.07391,0.73031,0.915619,0.00684226,0,0.915645,1.1364,0.10515,0,1.14126,1.0698,0.155804,1.01928,0.87238,0.00651915,0,0.872405
3253,1.01035,2.97438,0.785409,0.940747,-0.0149112,0,0.940865,-0.15378,-0.645153,0,0.663227,1.01452,0.0324164,1.00413,0.931106,-0.0147583,0,0.931223
3254,1.00369,2.95743,0.794834,0.94451,-0.014781,0,0.944625,-0.111121,-0.707699,0,0.71637,1.00517,0.0115332,1.00147,0.941036,-0.0147266,0,0.941151
3255,0.996401,2.93886,0.805118,0.948416,-0.0135632,0,0.948513,-0.057426,-0.774575,0,0.776701,0.994958,-0.0112541,0.998552,0.951841,-0.0136122,0,0.951939
3256,1.04346,3.05823,0.738123,0.919103,0.00220522,0,0.919105,-0.29272,-0.250404,0,0.385211,1.06138,0.137003,1.01717,0.880822,0.00211337,0,0.880825
3257,1.03975,3.0489,0.743592,0.920125,0.0579712,0,0.92195,-0.276646,0.212001,0,0.348536,1.05606,0.125134,1.01569,0.884949,0.055755,0,0.886704
3258,0.97396,2.88145,0.836468,0.958494,0.0276539,0,0.958892,0.591683,-1.14968,0,1.293,0.963768,-0.0808744,0.989536,0.984121,0.0283933,0,0.98453
3259,0.997606,2.94195,0.803492,0.947142,0.0394078,0,0.947961,1.07596,-0.941678,0,1.42984,0.996623,-0.00753749,0.999015,0.949414,0.0395024,0,0.950236
3260,0.979537,2.89581,0.828937,0.955093,0.0563725,0,0.956755,-0.0995959,0.83196,0,0.8379,0.971425,-0.0637835,0.991718,0.975045,0.0575501,0,0.976742
3261,1.03183,3.02886,0.754886,0.927407,-0.0030611,0,0.927412,-0.299439,-0.396509,0,0.496873,1.04483,0.100071,1.0126,0.898798,-0.00296667,0,0.898803
3262,1.00189,2.95283,0.797351,0.943594,0.0612208,0,0.945577,-0.234902,0.610453,0,0.654089,1.00265,0.00590936,1.00076,0.941815,0.0611054,0,0.943795
3263,0.955024,2.83282,0.862892,0.966098,0.0103877,0,0.966154,0.429723,1.12609,0,1.2053,0.937644,-0.139188,0.981801,1.0116,0.0108769,0,1.01165
3264,1.07646,3.14032,0.686875,0.888182,0.00652076,0,0.888206,1.05508,0.0420885,0,1.05592,1.10955,0.244539,1.03075,0.825099,0.00605762,0,0.825121
3265,1.12507,3.25639,0.594043,0.811049,0.0331489,0,0.811726,1.0092,-0.00154813,0,1.00921,1.18543,0.413897,1.05364,0.720886,0.0294638,0,0.721488
3266,1.11892,3.24179,0.606196,0.82207,0.0317692,0,0.822684,1.0126,-0.00169122,0,1.0126,1.17574,0.392283,1.05078,0.734698,0.0283927,0,0.735246
3267,1.06946,3.12327,0.69896,0.895572,0.0426686,0,0.896588,1.06652,-0.0424604,0,1.06736,1.09898,0.220932,1.0276,0.837407,0.0398973,0,0.838357
3268,0.991011,2.9251,0.812694,0.951208,-0.00605786,0,0.951227,-0.0214076,-0.941551,0,0.941794,0.987434,-0.0280497,0.99639,0.959836,-0.0061128,0,0.959855
3269,0.973145,2.87945,0.837912,0.959492,0.00969356,0,0.959541,0.281299,-1.10952,0,1.14462,0.962554,-0.0835856,0.989117,0.98597,0.00996106,0,0.986021
3270,0.971358,2.87486,0.840375,0.960061,0.0188894,0,0.960246,0.428474,-1.1424,0,1.22011,0.96009,-0.0890838,0.9884,0.988369,0.0194464,0,0.988561
3271,1.09948,3.19749,0.651138,0.862741,0.0424394,0,0.863784,1.02556,-0.0126487,0,1.02563,1.14327,0.319808,1.03983,0.784683,0.0385996,0,0.785632
3272,0.995584,2.93674,0.806135,0.946854,0.0606481,0,0.948794,-0.203376,0.678041,0,0.707885,0.993854,-0.013719,0.998262,0.951054,0.0609171,0,0.953003
3273,0.997664,2.94207,0.803305,0.947788,-0.0078581,0,0.947821,-0.0920783,-0.873096,0,0.877937,0.996734,-0.00728985,0.999068,0.950007,-0.0078765,0,0.95004
3274,1.10594,3.2131,0.639517,0.854456,0.0117941,0,0.854537,1.01978,0.01097,0,1.01984,1.15318,0.341926,1.04272,0.772606,0.0106643,0,0.772679
3275,1.10663,3.21526,0.640104,0.854732,0.0426525,0,0.855795,1.02035,-0.0101136,0,1.0204,1.15374,0.343174,1.04257,0.772374,0.0385427,0,0.773335
3276,0.95303,2.82779,0.866038,0.966609,0.0336581,0,0.967195,0.184455,1.0499,0,1.06598,0.934801,-0.145534,0.980872,1.01425,0.035317,0,1.01486
3277,1.11221,3.2292,0.631738,0.848813,0.0389968,0,0.849709,1.01695,-0.00670364,0,1.01698,1.16185,0.361271,1.04463,0.763174,0.0350623,0,0.763979
3278,1.08619,3.16549,0.675294,0.880645,0.0556552,0,0.882402,-0.163531,0.0365359,0,0.167563,1.12283,0.274163,1.03373,0.810764,0.0512389,0,0.812381
3279,1.07677,3.14193,0.689361,0.89117,0.0203247,0,0.891402,-0.199076,-0.0529578,0,0.205999,1.10918,0.243713,1.0301,0.827633,0.0188757,0,0.827848
3280,1.02677,3.01602,0.762037,0.92874,0.0603435,0,0.930699,-0.288069,0.330519,0,0.438437,1.03769,0.0841183,1.01063,0.904528,0.0587703,0,0.906435
3281,1.09628,3.18932,0.655216,0.866175,0.010927,0,0.866244,1.02846,0.0167264,0,1.02859,1.13883,0.309899,1.03881,0.790101,0.0099673,0,0.790164
3282,1.06426,3.11072,0.708348,0.902953,0.0177744,0,0.903128,-0.240786,-0.0786776,0,0.253314,1.09101,0.203149,1.02513,0.848431,0.0167011,0,0.848596
3283,1.07198,3.12899,0.693125,0.891818,0.00820948,0,0.891855,1.0645,0.0446889,0,1.06543,1.1032,0.230349,1.02912,0.831939,0.00765827,0,0.831974
3284,1.05189,3.07954,0.726116,0.91288,0.00728811,0,0.912909,-0.274703,-0.169064,0,0.322559,1.07336,0.163744,1.02041,0.867846,0.00692857,0,0.867874
3285,1.04445,3.0608,0.736921,0.916872,0.0568044,0,0.91863,-0.268816,0.17562,0,0.321098,1.06273,0.140018,1.0175,0.877848,0.0543867,0,0.879532
3286,0.950929,2.82235,0.868861,0.967547,0.0219456,0,0.967796,0.30085,1.09478,0,1.13536,0.931946,-0.151906,0.980037,1.01748,0.0230781,0,1.01774
3287,1.0195,2.99758,0.772313,0.935225,-0.00732015,0,0.935254,-0.261393,-0.580005,0,0.636186,1.02744,0.0612482,1.00779,0.917335,-0.00718013,0,0.917363
3288,1.04079,3.0514,0.741626,0.92065,0.00699706,0,0.920676,1.18196,0.143243,0,1.19061,1.05767,0.128737,1.01622,0.884567,0.00672283,0,0.884592
3289,1.0052,2.96126,0.792719,0.942974,0.0396094,0,0.943805,1.1867,-0.769845,0,1.41454,1.00727,0.0162343,1.00207,0.9381,0.0394046,0,0.938927
3290,0.964352,2.85677,0.849795,0.962663,0.00163339,0,0.962665,0.567101,1.13529,0,1.26905,0.950513,-0.110463,0.98565,0.998249,0.00169377,0,0.998251
3291,1.04758,3.06863,0.732164,0.916001,0.00458499,0,0.916013,-0.284654,-0.208603,0,0.352907,1.06726,0.15013,1.01878,0.874395,0.00437673,0,0.874406
3292,1.05262,3.08145,0.725294,0.912566,0.00885202,0,0.912609,1.12735,0.0844807,0,1.13051,1.07434,0.165929,1.02063,0.866944,0.00840948,0,0.866985
3293,0.977984,2.89183,0.831076,0.957401,0.00241745,0,0.957404,0.163142,-1.0634,0,1.07584,0.969279,-0.0685727,0.9911,0.978953,0.00247187,0,0.978957
3294,1.01499,2.98615,0.77884,0.938096,-0.0080818,0,0.938131,-0.236974,-0.646831,0,0.688873,1.02104,0.0469662,1.00597,0.924246,-0.00796248,0,0.92428
3295,1.05821,3.0955,0.717112,0.907227,0.0392401,0,0.908075,1.09776,-0.0590231,0,1.09934,1.08235,0.183821,1.02281,0.85732,0.0370815,0,0.858122
3296,0.993101,2.93046,0.809837,0.94949,0.0385329,0,0.950271,0.994519,-1.01619,0,1.42187,0.990327,-0.0215925,0.997207,0.956086,0.0388006,0,0.956873
3297,0.969655,2.8705,0.842805,0.959608,0.0515221,0,0.96099,-0.0206046,0.913592,0,0.913824,0.95772,-0.0943752,0.987692,0.989639,0.0531345,0,0.991064
3298,1.01138,2.97698,0.78388,0.939387,0.0388937,0,0.940192,1.24405,-0.607125,0,1.38429,1.01599,0.0356921,1.00455,0.928813,0.0384559,0,0.929609
3299,1.09089,3.17597,0.663721,0.872211,0.0102598,0,0.872271,1.03482,0.021132,0,1.03503,1.1309,0.292176,1.03667,0.79954,0.00940499,0,0.799595
3300,0.988281,2.91813,0.816509,0.950699,0.0591482,0,0.952537,-0.160865,0.752356,0,0.769362,0.983634,-0.036532,0.995297,0.961972,0.0598495,0,0.963832
3301,1.06676,3.11641,0.702539,0.898467,0.00748805,0,0.898498,1.07779,0.0563799,0,1.07927,1.09521,0.212517,1.02666,0.842235,0.00701941,0,0.842265
3302,1.11151,3.22741,0.632618,0.850158,0.0137702,0,0.85027,1.01658,0.00741615,0,1.01661,1.16088,0.359103,1.04441,0.764865,0.0123887,0,0.764965
3303,1.10053,3.20006,0.649294,0.862291,0.0107125,0,0.862357,1.02424,0.0143296,0,1.02434,1.14488,0.323391,1.04029,0.783519,0.00973391,0,0.78358
3304,1.0937,3.18313,0.660076,0.86904,0.0428733,0,0.870097,1.03108,-0.0162178,0,1.0312,1.13481,0.300916,1.03759,0.79459,0.0392004,0,0.795556
3305,1.097,3.19147,0.655408,0.865979,0.0430241,0,0.867047,1.02802,-0.0143466,0,1.02812,1.13953,0.311448,1.03877,0.789404,0.0392196,0,0.790377
3306,1.02212,3.00422,0.768623,0.931659,0.0608976,0,0.933647,-0.286255,0.380746,0,0.47635,1.03112,0.0694683,1.00881,0.911499,0.0595799,0,0.913445
3307,0.98026,2.8975,0.827361,0.955252,0.0340828,0,0.95586,0.753714,-1.12947,0,1.35786,0.972588,-0.0611876,0.992174,0.974488,0.0347692,0,0.975108
3308,1.11748,3.24323,0.627131,0.847218,0.0354748,0,0.847961,1.01446,-0.00419403,0,1.01447,1.1686,0.376347,1.04575,0.758152,0.0317454,0,0.758816
3309,1.08149,3.15283,0.679028,0.882113,0.0403539,0,0.883035,1.04739,-0.0221341,0,1.04762,1.11693,0.261015,1.03277,0.815642,0.0373131,0,0.816495
3310,1.03955,3.04836,0.743735,0.921936,0.000213265,0,0.921936,-0.297934,-0.295578,0,0.41968,1.05582,0.124597,1.01565,0.886858,0.000205151,0,0.886858
3311,1.00731,2.9666,0.789625,0.940492,0.0615553,0,0.942504,-0.25596,0.549078,0,0.605807,1.01027,0.0229166,1.00294,0.933671,0.0611089,0,0.935669
3312,1.01404,2.98382,0.780472,0.938222,0.0383301,0,0.939004,1.25753,-0.541737,0,1.36926,1.01962,0.0438002,1.00551,0.925235,0.0377995,0,0.926007
3313,1.01647,2.98985,0.776469,0.936183,0.0379959,0,0.936954,1.26614,-0.469989,0,1.35055,1.02321,0.0518058,1.00663,0.921012,0.0373801,0,0.92177
3314,1.06372,3.10916,0.708384,0.901735,0.0419877,0,0.902712,1.08027,-0.0531088,0,1.08157,1.09045,0.201893,1.02512,0.847716,0.0394724,0,0.848635
3315,1.03577,3.03882,0.749245,0.924698,-0.00161188,0,0.924699,-0.30005,-0.343192,0,0.455863,1.05042,0.112544,1.01415,0.892765,-0.00155621,0,0.892766
3316,1.00839,2.96933,0.787998,0.940968,0.0393403,0,0.94179,1.21945,-0.688498,0,1.40039,1.01182,0.0263744,1.0034,0.93314,0.0390129,0,0.933955
3317,0.987453,2.91597,0.817543,0.952076,0.0371759,0,0.952802,0.892572,-1.08051,0,1.40149,0.982516,-0.0390264,0.995001,0.964174,0.0376483,0,0.964909
3318,1.11773,3.23777,0.604028,0.818893,0.0170271,0,0.81907,1.0125,0.00221491,0,1.0125,1.17506,0.390768,1.05129,0.732638,0.0152336,0,0.732797
3319,0.984322,2.90803,0.822156,0.9545,-0.00270836,0,0.954504,0.0626868,-1.00557,0,1.00752,0.978096,-0.0488929,0.993675,0.969703,-0.0027515,0,0.969707
3320,1.10251,3.20648,0.651789,0.86528,0.0539711,0,0.866961,-0.136365,0.0173699,0,0.137467,1.14624,0.326437,1.03967,0.78483,0.0489531,0,0.786355
3321,0.960086,2.84595,0.856226,0.963736,0.0438705,0,0.964734,0.0757243,0.987411,0,0.99031,0.944497,-0.12389,0.983764,1.0038,0.0456944,0,1.00484
3322,1.02767,3.01828,0.760651,0.929986,-0.00476041,0,0.929998,-0.292097,-0.457267,0,0.542599,1.03899,0.087033,1.01101,0.904945,-0.00463223,0,0.904957
3323,1.01242,2.97964,0.78248,0.937649,0.0614357,0,0.939659,-0.271453,0.490497,0,0.560601,1.01743,0.0389072,1.00495,0.926144,0.0606819,0,0.92813
3324,1.0237,3.00823,0.766386,0.932635,-0.00607014,0,0.932655,-0.280516,-0.515767,0,0.587116,1.03335,0.0744432,1.00943,0.911047,-0.00592962,0,0.911066
3325,1.0829,3.15595,0.675479,0.879859,0.012579,0,0.879949,1.04604,0.0240873,0,1.04632,1.11937,0.266457,1.03368,0.812502,0.011616,0,0.812585
3326,1.0796,3.14771,0.680482,0.883135,0.011782,0,0.883213,1.0513,0.0283635,0,1.05168,1.11457,0.255742,1.0324,0.818022,0.0109133,0,0.818095
3327,1.12591,3.25411,0.575938,0.788454,0.0328345,0,0.789138,1.00842,-0.000874305,0,1.00842,1.19102,0.426395,1.05783,0.70028,0.0291626,0,0.700887
3328,1.02009,2.9992,0.771963,0.934662,0.0374244,0,0.935411,1.26581,-0.389651,0,1.32443,1.02813,0.0627853,1.00788,0.916257,0.0366874,0,0.916991
3329,1.0173,2.99202,0.775495,0.934654,0.0614121,0,0.936669,-0.280565,0.433681,0,0.516523,1.02432,0.0542884,1.0069,0.918757,0.0603676,0,0.920738
3330,1.05997,3.09955,0.713228,0.905071,0.00861723,0,0.905112,1.09819,0.0654193,0,1.10014,1.08524,0.190273,1.02384,0.853865,0.00812969,0,0.853904
3331,1.00162,2.95218,0.797854,0.945019,0.0397163,0,0.945853,1.13608,-0.856805,0,1.42295,1.00224,0.00498963,1.00062,0.943491,0.0396521,0,0.944324
3332,1.0963,3.19042,0.659032,0.869938,0.0409152,0,0.8709,-0.150165,-0.00599262,0,0.150284,1.1378,0.307588,1.03785,0.793522,0.0373212,0,0.794399
3333,1.11659,3.24078,0.627554,0.847669,0.015923,0,0.847818,1.01423,0.00479803,0,1.01424,1.16756,0.374025,1.04565,0.759156,0.0142603,0,0.75929
3334,1.09035,3.17571,0.668488,0.877108,0.0290044,0,0.877588,-0.1684,-0.0222996,0,0.16987,1.12902,0.287983,1.03546,0.804428,0.026601,0,0.804868
3335,1.07303,3.1328,0.695756,0.894204,0.0538163,0,0.895822,-0.195353,0.0550443,0,0.20296,1.10355,0.231128,1.02844,0.833345,0.0501536,0,0.834853
3336,1.04943,3.07339,0.729911,0.913397,0.0553597,0,0.915073,-0.259194,0.142527,0,0.295796,1.06977,0.155742,1.01939,0.870377,0.0527524,0,0.871974
3337,1.08553,3.16296,0.673111,0.878345,0.0399394,0,0.879253,1.04184,-0.0182319,0,1.042,1.12275,0.273995,1.03428,0.809138,0.0367924,0,0.809974
3338,1.12128,3.23491,0.552909,0.756034,0.0205534,0,0.756314,1.00753,0.000226053,0,1.00753,1.19194,0.42843,1.06301,0.674259,0.0183303,0,0.674508
3339,1.12475,3.25025,0.574022,0.785782,0.0110855,0,0.78586,1.00837,0.00120822,0,1.00837,1.19028,0.424737,1.05827,0.69863,0.00985602,0,0.6987
3340,1.12362,3.2517,0.592187,0.808212,0.0127327,0,0.808313,1.00912,0.00191627,0,1.00912,1.18438,0.411572,1.05408,0.719292,0.0113319,0,0.719382
3341,1.05596,3.08982,0.720343,0.909785,0.0100985,0,0.909841,-0.263977,-0.136839,0,0.297336,1.07914,0.176647,1.02195,0.861572,0.00956336,0,0.861625
3342,1.05989,3.09969,0.714535,0.906452,0.013485,0,0.906553,-0.253074,-0.106735,0,0.274661,1.0848,0.189281,1.0235,0.855229,0.012723,0,0.855324
3343,1.05448,3.086,0.72215,0.909071,0.0532807,0,0.910631,-0.248509,0.109969,0,0.271754,1.07712,0.172142,1.02147,0.862103,0.0505278,0,0.863582
3344,1.0601,3.10021,0.714239,0.904972,0.0506304,0,0.906387,-0.23648,0.0806018,0,0.249839,1.08509,0.189934,1.02357,0.853667,0.0477601,0,0.855002
3345,1.03678,3.04106,0.746672,0.922724,0.00569965,0,0.922742,1.2001,0.180663,0,1.21363,1.05217,0.116457,1.01485,0.889992,0.00549746,0,0.890009
3346,1.03592,3.03891,0.747987,0.922758,0.0354634,0,0.92344,1.19491,-0.147655,0,1.204,1.05093,0.113685,1.01449,0.890761,0.0342337,0,0.891419
3347,1.0323,3.02981,0.753399,0.925492,0.0359894,0,0.926191,1.21299,-0.185079,0,1.22703,1.04573,0.102067,1.01301,0.896536,0.0348634,0,0.897213
3348,1.03318,3.03203,0.752095,0.92553,0.00435151,0,0.92554,1.21762,0.225782,0,1.23838,1.04699,0.104882,1.01337,0.895809,0.00421177,0,0.895819
3349,1.0229,3.00623,0.767567,0.932486,0.0369214,0,0.933217,1.25674,-0.327951,0,1.29883,1.03221,0.0719063,1.0091,0.911608,0.0360947,0,0.912322
3350,1.02872,3.02086,0.758848,0.928256,0.0364866,0,0.928973,1.23042,-0.231313,0,1.25197,1.04057,0.090549,1.01151,0.902338,0.0354679,0,0.903034
3351,1.0296,3.02308,0.757586,0.928373,0.00317338,0,0.928379,1.23372,0.279716,0,1.26503,1.04181,0.0933287,1.01186,0.901682,0.00308215,0,0.901687
3352,1.02533,3.01221,0.763466,0.930235,0.0367139,0,0.930959,1.24545,-0.282787,0,1.27715,1.03583,0.079979,1.01024,0.907251,0.0358068,0,0.907958
3353,1.02633,3.01496,0.762777,0.931113,0.00201818,0,0.931115,1.24516,0.340809,0,1.29096,1.03704,0.0826733,1.01043,0.907222,0.00196639,0,0.907224
3354,1.02328,3.00728,0.767309,0.933284,0.000999353,0,0.933285,1.25091,0.406337,0,1.31525,1.03267,0.0729304,1.00917,0.912047,0.000976612,0,0.912048
3355,1.02033,2.99972,0.771304,0.934919,-7.72136e-05,0,0.934919,1.2499,0.475068,0,1.33714,1.02856,0.0637461,1.00807,0.916292,-7.56752e-05,0,0.916292
3356,1.01739,2.9922,0.77528,0.936512,-0.00117597,0,0.936513,1.24018,0.549713,0,1.35655,1.02447,0.0546104,1.00696,0.920509,-0.00115588,0,0.92051
3357,1.01435,2.98447,0.77953,0.938282,-0.00227762,0,0.938284,1.22286,0.626731,0,1.37411,1.0202,0.0451001,1.00577,0.925008,-0.0022454,0,0.925011
3358,1.01105,2.97611,0.784227,0.94025,-0.00337605,0,0.940256,1.19294,0.710249,0,1.38836,1.01556,0.0347318,1.00446,0.92997,-0.00333914,0,0.929976
3359,1.00726,2.9665,0.789716,0.942551,-0.00441189,0,0.942561,1.15177,0.79644,0,1.40032,1.0102,0.0227627,1.00291,0.935755,-0.00438008,0,0.935765
3360,1.03532,3.03771,0.749962,0.923217,0.0589006,0,0.925094,-0.282911,0.248995,0,0.376878,1.04976,0.111078,1.01395,0.891722,0.0568912,0,0.893534
3361,1.03107,3.02693,0.755927,0.92596,0.0596094,0,0.927877,-0.287422,0.288404,0,0.407171,1.04377,0.0976974,1.01231,0.898056,0.0578131,0,0.899915
3362,1.00238,2.9541,0.796759,0.945399,-0.00533436,0,0.945414,1.0863,0.898616,0,1.40981,1.0033,0.00737127,1.00092,0.943159,-0.00532172,0,0.943174
3363,0.995668,2.937,0.806191,0.948913,-0.00611777,0,0.948933,0.988499,0.990135,0,1.39911,0.993923,-0.0135654,0.998247,0.953041,-0.00614438,0,0.953061
3364,0.986635,2.9139,0.818734,0.953216,-0.0060695,0,0.953236,0.861139,1.0672,0,1.3713,0.981365,-0.041596,0.994658,0.966129,-0.00615172,0,0.966148
3365,0.97579,2.88614,0.833908,0.958107,-0.00363751,0,0.958114,0.713776,1.11787,0,1.32631,0.966305,-0.075213,0.990279,0.981878,-0.00372776,0,0.981885
3366,1.03974,3.04874,0.743095,0.920722,0.0350355,0,0.921388,1.17773,-0.117357,0,1.18356,1.05619,0.125432,1.01582,0.885529,0.0336963,0,0.88617
3367,1.05095,3.07739,0.728243,0.913784,0.0364339,0,0.91451,1.12627,-0.0723199,0,1.12859,1.0718,0.160268,1.01984,0.869481,0.0346675,0,0.870172
3368,1.04374,3.05919,0.738631,0.919277,0.0344689,0,0.919923,1.16086,-0.0923233,0,1.16453,1.06152,0.137317,1.01703,0.880753,0.0330244,0,0.881372
3369,1.04498,3.06235,0.736893,0.919023,0.00874879,0,0.919065,1.16363,0.110513,0,1.16886,1.06328,0.14124,1.0175,0.879461,0.00837217,0,0.879501
3370,1.00976,2.97287,0.786197,0.941115,-0.00869158,0,0.941155,-0.200292,-0.722113,0,0.749375,1.0137,0.0305913,1.0039,0.932015,-0.00860755,0,0.932055
3371,1.00399,2.95817,0.794344,0.944347,-0.0087109,0,0.944387,-0.153119,-0.795718,0,0.810316,1.0056,0.0125061,1.00161,0.940596,-0.00867629,0,0.940636
3372,0.976713,2.88854,0.832735,0.95758,0.0221675,0,0.957836,0.503505,-1.28472,0,1.37987,0.967551,-0.0724311,0.990619,0.98041,0.022696,0,0.980673
3373,0.982132,2.90245,0.825279,0.954226,0.050542,0,0.955564,-0.133839,0.945195,0,0.954624,0.975035,-0.0557247,0.992775,0.971587,0.0514615,0,0.972949
3374,1.03131,3.02755,0.755615,0.927745,0.00329999,0,0.927751,-0.355685,-0.370072,0,0.513289,1.0441,0.098442,1.0124,0.899577,0.0031998,0,0.899582
3375,1.07558,3.13795,0.687533,0.888199,0.0105465,0,0.888261,1.05849,0.0343529,0,1.05905,1.10847,0.242117,1.03058,0.825785,0.00980537,0,0.825843
3376,1.07746,3.14282,0.685368,0.886289,0.041252,0,0.887249,1.05277,-0.027246,0,1.05312,1.111,0.247778,1.03114,0.822576,0.0382864,0,0.823466
3377,0.992729,2.92949,0.810287,0.950382,-0.00142243,0,0.950383,-0.0492489,-1.06455,0,1.06568,0.989829,-0.0227039,0.997078,0.957342,-0.00143284,0,0.957343
3378,0.986754,2.91425,0.818728,0.953343,0.00160436,0,0.953344,0.0517414,-1.13975,0,1.14093,0.981485,-0.0413276,0.99466,0.966141,0.0016259,0,0.966142
3379,1.00152,2.95191,0.79795,0.945152,0.0365544,0,0.945859,1.19048,-0.958549,0,1.52842,1.00211,0.00470379,1.00059,0.943719,0.0364989,0,0.944425
3380,0.993157,2.93056,0.809618,0.949437,0.0354257,0,0.950097,1.01258,-1.15751,0,1.53791,0.990445,-0.0213286,0.997269,0.955979,0.0356698,0,0.956644
3381,0.990126,2.92287,0.814016,0.950269,0.0529522,0,0.951743,-0.206826,0.851888,0,0.876636,0.986177,-0.0308552,0.996011,0.959746,0.0534803,0,0.961235
3382,1.11768,3.2327,0.5852,0.795003,0.0160752,0,0.795165,1.01039,0.00118003,0,1.01039,1.17994,0.401647,1.0557,0.711296,0.0143826,0,0.711441
3383,1.09211,3.18031,0.666577,0.875322,0.049113,0,0.876699,-0.156342,0.0188072,0,0.157469,1.13137,0.293238,1.03595,0.801495,0.0449707,0,0.802756
3384,1.03274,3.03085,0.752442,0.925502,0.00781007,0,0.925535,1.2406,0.191182,0,1.25525,1.04645,0.103682,1.01327,0.896158,0.00756245,0,0.89619
3385,0.959672,2.84482,0.856578,0.96448,0.0188345,0,0.964664,0.334441,1.24122,0,1.28549,0.943991,-0.12502,0.98366,1.00501,0.0196259,0,1.0052
3386,1.00403,2.95828,0.794309,0.944384,-0.00350124,0,0.94439,-0.200801,-0.895381,0,0.917621,1.00566,0.0126236,1.00162,0.940592,-0.00348718,0,0.940599
3387,0.965553,2.85997,0.848529,0.961823,0.0388922,0,0.962609,0.0703188,1.12441,0,1.12661,0.952055,-0.10702,0.98602,0.996136,0.0402797,0,0.99695
3388,1.06785,3.1188,0.699712,0.896075,0.00899511,0,0.89612,1.07525,0.0482703,0,1.07634,1.09712,0.216783,1.0274,0.839136,0.00842354,0,0.839178
3389,1.05435,3.08571,0.722504,0.910218,0.0357776,0,0.910921,1.11541,-0.0566412,0,1.11685,1.07688,0.171616,1.02137,0.863299,0.0339334,0,0.863966
3390,0.980543,2.89831,0.827255,0.955578,0.0293314,0,0.956028,0.68969,-1.27855,0,1.45271,0.972899,-0.060494,0.992204,0.97454,0.0299134,0,0.974999
3391,1.09799,3.1941,0.654507,0.866592,0.0154239,0,0.866729,1.02819,0.012328,0,1.02826,1.1408,0.314295,1.03899,0.789251,0.0140474,0,0.789376
3392,0.996824,2.93991,0.804438,0.946653,0.0542455,0,0.948206,-0.25793,0.759189,0,0.801808,0.995573,-0.00988125,0.998746,0.949669,0.0544184,0,0.951227
3393,1.11482,3.23319,0.618497,0.834503,0.0323568,0,0.83513,1.01423,-0.00240044,0,1.01424,1.16815,0.375341,1.04784,0.748554,0.0290243,0,0.749116
3394,1.09048,3.1754,0.66599,0.873801,0.0392055,0,0.87468,1.03683,-0.0142709,0,1.03692,1.12984,0.289825,1.0361,0.8013,0.0359525,0,0.802106
3395,1.00769,2.9676,0.789183,0.941697,0.0361606,0,0.942391,1.28355,-0.761171,0,1.49227,1.01077,0.024047,1.00306,0.934514,0.0358848,0,0.935203
3396,1.02778,3.01856,0.760545,0.929976,0.00177114,0,0.929978,-0.355898,-0.433731,0,0.561059,1.03913,0.0873364,1.01104,0.904843,0.00172327,0,0.904845
3397,0.997777,2.94237,0.803179,0.947104,0.0362174,0,0.947796,1.11562,-1.06641,0,1.54332,0.996882,-0.00695872,0.999104,0.949214,0.0362981,0,0.949908
3398,1.11419,3.23522,0.632756,0.851762,0.0352022,0,0.852489,1.01664,-0.00477933,0,1.01665,1.16364,0.365259,1.04438,0.764467,0.0315945,0,0.765119
3399,1.00727,2.96653,0.789746,0.941006,0.054794,0,0.9426,-0.316106,0.604379,0,0.682053,1.0102,0.022762,1.00291,0.934214,0.0543984,0,0.935796
3400,1.11865,3.23593,0.586934,0.797472,0.0305367,0,0.798056,1.01044,-0.000752106,0,1.01044,1.18051,0.402913,1.0553,0.712891,0.0272979,0,0.713413
3401,1.03543,3.03801,0.749851,0.923633,0.0515865,0,0.925072,-0.323034,0.223148,0,0.392614,1.04991,0.111403,1.01398,0.892026,0.0498212,0,0.893416
3402,1.06316,3.10715,0.707115,0.900713,0.0097285,0,0.900766,1.09061,0.0557512,0,1.09204,1.09023,0.201398,1.02546,0.847204,0.00915056,0,0.847254
3403,1.08125,3.15302,0.682284,0.886228,0.0291233,0,0.886706,-0.188266,-0.0256944,0,0.190011,1.11577,0.258422,1.03193,0.819635,0.026935,0,0.820078
3404,1.11335,3.23284,0.632939,0.851905,0.0171645,0,0.852078,1.01637,0.00548582,0,1.01638,1.16271,0.363198,1.04433,0.765169,0.0154169,0,0.765324
3405,1.06842,3.12108,0.701932,0.898913,0.0222334,0,0.899188,-0.227315,-0.0524125,0,0.233279,1.09708,0.216701,1.02682,0.841345,0.0208095,0,0.841602
3406,1.03252,3.03031,0.752819,0.925179,0.0326469,0,0.925754,1.23147,-0.152886,0,1.24092,1.04612,0.102948,1.01317,0.896035,0.0316185,0,0.896593
3407,0.964731,2.85776,0.849312,0.962525,0.0087981,0,0.962565,0.489975,1.26891,0,1.36022,0.951024,-0.109322,0.985791,0.997713,0.00911974,0,0.997754
3408,0.974072,2.8817,0.836182,0.958714,0.00186988,0,0.958716,0.657628,1.26508,0,1.42579,0.96396,-0.0804463,0.989619,0.984233,0.00191965,0,0.984235
3409,1.0553,3.08773,0.719747,0.908535,0.0104641,0,0.908595,1.11741,0.0668429,0,1.11941,1.07864,0.175528,1.02211,0.860922,0.00991571,0,0.860979
3410,0.998559,2.94436,0.80207,0.947375,-0.00294117,0,0.947379,-0.131548,-0.98383,0,0.992586,0.997979,-0.00451193,0.999419,0.948742,-0.00294541,0,0.948746
3411,1.01988,2.99856,0.771813,0.933491,0.0541699,0,0.935061,-0.342168,0.413677,0,0.536849,1.02796,0.0624203,1.00792,0.915293,0.0531138,0,0.916832
3412,1.04162,3.05359,0.740806,0.920451,0.00849111,0,0.92049,-0.331517,-0.220918,0,0.398382,1.05875,0.131132,1.01644,0.883673,0.00815184,0,0.883711
3413,1.00238,2.95405,0.796552,0.943614,0.0547331,0,0.9452,-0.291648,0.678492,0,0.738519,1.00336,0.00751085,1.00098,0.941374,0.0546031,0,0.942957
3414,1.07217,3.12965,0.693451,0.891496,0.0401825,0,0.892401,1.06409,-0.0329328,0,1.0646,1.10331,0.230596,1.02904,0.831486,0.0374777,0,0.83233
3415,1.11625,3.22961,0.589294,0.798981,0.0239864,0,0.799341,1.01255,0.000262348,0,1.01255,1.17736,0.395903,1.05475,0.715774,0.0214884,0,0.716096
3416,0.981165,2.89999,0.826678,0.956025,0.00654902,0,0.956048,0.174761,-1.20682,0,1.21941,0.97368,-0.0587508,0.992371,0.974378,0.00667474,0,0.974401
3417,0.977193,2.88981,0.832219,0.957686,0.0137768,0,0.957785,0.325088,-1.25721,0,1.29856,0.968172,-0.0710456,0.990768,0.980038,0.0140983,0,0.98014
3418,1.1027,3.20588,0.64757,0.861067,0.038696,0,0.861936,1.02428,-0.00861695,0,1.02432,1.1476,0.329475,1.04072,0.780872,0.0350921,0,0.78166
3419,1.10865,3.22108,0.639928,0.856339,0.0370014,0,0.857138,1.01986,-0.00707004,0,1.01989,1.15589,0.347977,1.04262,0.772418,0.0333753,0,0.773139
3420,0.960246,2.84633,0.855913,0.964137,0.0294966,0,0.964588,0.196943,1.19325,0,1.20939,0.944744,-0.12334,0.983855,1.00405,0.0307177,0,1.00452
3421,1.02389,3.00873,0.766128,0.93101,0.0535818,0,0.932551,-0.342036,0.357719,0,0.494926,1.03362,0.0750443,1.0095,0.909286,0.0523316,0,0.910791
3422,1.06539,3.11362,0.706963,0.901187,0.0482247,0,0.902476,-0.223829,0.0544362,0,0.230353,1.09255,0.206594,1.0255,0.845877,0.045265,0,0.847088
3423,1.00476,2.96017,0.793395,0.943405,0.0364811,0,0.94411,1.24303,-0.860458,0,1.51179,1.00664,0.0148307,1.00188,0.938936,0.0363083,0,0.939638
3424,1.04539,3.06311,0.735408,0.917684,0.0107848,0,0.917747,-0.318351,-0.178806,0,0.365129,1.0641,0.143091,1.01791,0.877842,0.0103165,0,0.877903
3425,1.0394,3.04801,0.74407,0.920786,0.0505678,0,0.922173,-0.312626,0.185144,0,0.363336,1.05557,0.12404,1.01556,0.885882,0.048651,0,0.887217
3426,1.04808,3.07005,0.732054,0.916259,0.0106274,0,0.916321,1.15185,0.0873991,0,1.15516,1.06779,0.151325,1.01881,0.874228,0.0101399,0,0.874287
3427,1.01743,2.99233,0.775288,0.936561,-0.0019028,0,0.936562,-0.321828,-0.639433,0,0.715855,1.02451,0.0547036,1.00696,0.920517,-0.00187021,0,0.920519
3428,0.973515,2.88039,0.837364,0.958252,0.0460018,0,0.959355,-0.0407958,1.04104,0,1.04184,0.963075,-0.0824217,0.989276,0.984321,0.0472532,0,0.985455
3429,1.01027,2.97412,0.78537,0.940065,0.0357359,0,0.940744,1.30718,-0.670269,0,1.469,1.01445,0.032248,1.00414,0.93051,0.0353727,0,0.931182
3430,1.10907,3.22231,0.63998,0.857384,0.0156947,0,0.857528,1.01946,0.00792398,0,1.01949,1.15632,0.348925,1.0426,0.773066,0.0141513,0,0.773196
3431,1.0944,3.18513,0.659882,0.869572,0.0384667,0,0.870423,1.03163,-0.0118632,0,1.0317,1.1356,0.302668,1.03764,0.794564,0.0351486,0,0.795341
3432,1.09751,3.19282,0.654959,0.866066,0.0380044,0,0.866899,1.02885,-0.0104895,0,1.02891,1.14018,0.312898,1.03888,0.789119,0.0346278,0,0.789878
3433,1.08626,3.16439,0.670623,0.876752,0.0135779,0,0.876857,1.04109,0.0199383,0,1.04128,1.12419,0.277209,1.03492,0.80713,0.0124997,0,0.807227
3434,1.08222,3.1548,0.678511,0.882275,0.0360394,0,0.883011,1.04796,-0.0153887,0,1.04808,1.11783,0.263007,1.0329,0.815246,0.0333014,0,0.815926
3435,1.01267,2.9803,0.78225,0.938981,0.0352219,0,0.939641,1.32146,-0.588722,0,1.44666,1.01774,0.0396051,1.00501,0.927234,0.0347813,0,0.927886
3436,1.01483,2.98574,0.779003,0.937515,0.0348852,0,0.938164,1.32689,-0.513415,0,1.42275,1.02084,0.046517,1.00592,0.923814,0.0343753,0,0.924453
3437,1.06549,3.11339,0.705012,0.899398,0.0403223,0,0.900302,1.07738,-0.0452023,0,1.07832,1.09321,0.208061,1.02601,0.844113,0.0378437,0,0.844961
3438,1.03802,3.04448,0.74595,0.923016,0.00653191,0,0.92304,-0.342584,-0.267193,0,0.434461,1.05363,0.119714,1.01504,0.889213,0.0062927,0,0.889235
3439,1.02772,3.01843,0.760645,0.92853,0.0529754,0,0.93004,-0.338544,0.308698,0,0.458155,1.03905,0.0871546,1.01102,0.903482,0.0515464,0,0.904951
3440,0.986934,2.91462,0.818157,0.952334,0.0337635,0,0.952932,0.86858,-1.23407,0,1.50909,0.981826,-0.040567,0.994824,0.964942,0.0342105,0,0.965548
3441,1.11388,3.23003,0.616908,0.832238,0.0180128,0,0.832433,1.01409,0.00299979,0,1.0141,1.16759,0.374091,1.04822,0.747153,0.0161712,0,0.747328
3442,1.02097,3.0013,0.770263,0.934373,-0.000749378,0,0.934373,-0.341057,-0.568282,0,0.66277,1.0295,0.065838,1.00836,0.915186,-0.00073399,0,0.915186
3443,1.01161,2.97756,0.783542,0.938451,0.0547116,0,0.940044,-0.330268,0.53765,0,0.630987,1.01632,0.0364204,1.00465,0.927677,0.0540835,0,0.929252
3444,1.02437,3.00995,0.765446,0.932247,0.000404171,0,0.932247,-0.351074,-0.498906,0,0.610049,1.0343,0.0765607,1.00969,0.910066,0.000394555,0,0.910066
3445,1.07995,3.14885,0.680931,0.883892,0.0158186,0,0.884034,1.05287,0.0211275,0,1.05308,1.11481,0.256272,1.03228,0.818458,0.0146476,0,0.818589
3446,1.01757,2.99272,0.775178,0.935945,0.0343934,0,0.936577,1.32387,-0.429282,0,1.39173,1.02468,0.0550983,1.00699,0.919781,0.0337995,0,0.920402
3447,1.01586,2.98836,0.777604,0.936024,0.054455,0,0.937606,-0.339272,0.472483,0,0.581675,1.02227,0.0497028,1.00631,0.921414,0.053605,0,0.922972
3448,1.08642,3.16591,0.674475,0.880718,0.0394713,0,0.881602,-0.172109,0.000617374,0,0.17211,1.12328,0.275189,1.03394,0.810664,0.0363317,0,0.811478
3449,1.07779,3.14461,0.688304,0.889591,0.0500435,0,0.890997,-0.18754,0.0360885,0,0.190981,1.11053,0.246716,1.03038,0.825384,0.0464316,0,0.826689
3450,1.04384,3.05929,0.737968,0.91794,0.0493353,0,0.919265,-0.300175,0.148446,0,0.334875,1.06181,0.137959,1.01721,0.879389,0.0472634,0,0.880659
3451,1.05658,3.0914,0.719504,0.909201,0.0197497,0,0.909415,-0.276198,-0.0797156,0,0.287471,1.08001,0.178591,1.02217,0.860513,0.0186921,0,0.860716
3452,1.1156,3.22218,0.567614,0.770979,0.0220363,0,0.771294,1.00944,0.000244033,0,1.00944,1.18222,0.406744,1.05972,0.691092,0.019753,0,0.691374
3453,1.04919,3.07276,0.730118,0.915004,0.0133893,0,0.915102,-0.304464,-0.141008,0,0.335532,1.06947,0.155078,1.01933,0.872104,0.0127615,0,0.872197
3454,1.04823,3.07031,0.731404,0.914464,0.0479116,0,0.915719,-0.286835,0.115239,0,0.309118,1.06813,0.152081,1.01899,0.872389,0.0457071,0,0.873585
3455,1.05271,3.08163,0.725022,0.912233,0.0160612,0,0.912375,-0.290738,-0.109933,0,0.310828,1.0745,0.166298,1.0207,0.866556,0.015257,0,0.866691
3456,1.05318,3.08275,0.724093,0.910588,0.0454988,0,0.911724,-0.272311,0.0828717,0,0.284642,1.07524,0.167957,1.02095,0.864607,0.0432013,0,0.865685
3457,1.03658,3.04073,0.747541,0.923491,0.00898135,0,0.923535,1.2176,0.149327,0,1.22672,1.05173,0.115467,1.01461,0.890898,0.00866438,0,0.890941
3458,1.02909,3.02174,0.758128,0.927922,0.0331832,0,0.928515,1.25449,-0.195636,0,1.26966,1.04114,0.0918397,1.01171,0.901689,0.0322451,0,0.902265
3459,1.0293,3.02224,0.757728,0.92824,0.00664222,0,0.928263,1.26365,0.241717,0,1.28656,1.04147,0.0925599,1.01182,0.901816,0.00645314,0,0.901839
3460,1.02304,3.00646,0.766924,0.93204,0.03359,0,0.932645,1.2954,-0.294059,0,1.32835,1.03254,0.0726288,1.00928,0.911047,0.0328334,0,0.911638
3461,1.02574,3.01326,0.762916,0.930132,0.0333959,0,0.930732,1.2768,-0.245471,0,1.30019,1.0364,0.0812537,1.01039,0.906788,0.0325577,0,0.907372
3462,1.02602,3.01407,0.762884,0.930931,0.00562891,0,0.930948,1.28407,0.302197,0,1.31915,1.03669,0.0818985,1.0104,0.907321,0.00548615,0,0.907337
3463,1.02064,3.00059,0.771115,0.934384,0.0339867,0,0.935001,1.31191,-0.351044,0,1.35807,1.02893,0.0645694,1.00812,0.915487,0.0332994,0,0.916092
3464,1.02308,3.00674,0.767538,0.933334,0.00470655,0,0.933346,1.29993,0.36931,0,1.35138,1.0324,0.0723232,1.00911,0.912279,0.00460037,0,0.912291
3465,1.02028,2.99964,0.771482,0.935062,0.00381473,0,0.93507,1.30928,0.441834,0,1.38183,1.02846,0.0635313,1.00802,0.916473,0.00373889,0,0.916481
3466,1.01761,2.99278,0.775022,0.936436,0.00288815,0,0.93644,1.31012,0.521113,0,1.40996,1.02476,0.0552751,1.00703,0.920232,0.00283817,0,0.920236
3467,1.015,2.98614,0.778612,0.937901,0.00194854,0,0.937903,1.30281,0.604489,0,1.43622,1.02112,0.0471477,1.00603,0.924038,0.00191974,0,0.92404
3468,1.01229,2.97923,0.782459,0.939511,0.000972412,0,0.939511,1.28356,0.695818,0,1.46003,1.0173,0.0386156,1.00495,0.928108,0.000960609,0,0.928108
3469,1.00934,2.9718,0.786775,0.94138,3.28235e-05,0,0.94138,1.25249,0.791838,0,1.4818,1.01312,0.0292868,1.00374,0.932665,3.25197e-05,0,0.932665
3470,1.03157,3.02821,0.755309,0.926173,0.0522091,0,0.927644,-0.332241,0.263342,0,0.423949,1.04445,0.0992142,1.01248,0.897829,0.0506113,0,0.899255
3471,1.03463,3.03593,0.750826,0.925425,0.00475848,0,0.925437,-0.350295,-0.316751,0,0.472269,1.04882,0.108972,1.01371,0.894448,0.0045992,0,0.89446
3472,1.00567,2.9625,0.792131,0.94363,-0.000938821,0,0.943631,1.20188,0.900871,0,1.50203,1.00792,0.0176741,1.00223,0.938308,-0.000933526,0,0.938308
3473,1.00059,2.94957,0.799302,0.946404,-0.00185918,0,0.946405,1.11782,1.03026,0,1.52018,1.0008,0.00178248,1.0002,0.945842,-0.00185808,0,0.945844
3474,0.993667,2.93189,0.808974,0.949914,-0.00246117,0,0.949917,0.991333,1.13812,0,1.50932,0.991136,-0.0197866,0.997453,0.955968,-0.00247686,0,0.955971
3475,0.984547,2.90855,0.821637,0.954189,-0.00161217,0,0.95419,0.832385,1.22161,0,1.47824,0.978466,-0.0480672,0.993824,0.969166,-0.00163748,0,0.969167
3476,1.03631,3.04004,0.748003,0.923237,0.0322396,0,0.9238,1.20934,-0.119311,0,1.21522,1.05132,0.114544,1.01448,0.890893,0.0311101,0,0.891436
3477,1.04707,3.0676,0.733795,0.916794,0.0335839,0,0.917409,1.14853,-0.0722191,0,1.1508,1.06628,0.147945,1.01834,0.875577,0.032074,0,0.876164
3478,1.04016,3.05013,0.743689,0.921876,0.0317162,0,0.922422,1.18856,-0.0917374,0,1.19209,1.05645,0.126003,1.01566,0.886283,0.0304917,0,0.886808
3479,1.04059,3.05123,0.743117,0.922106,0.0105176,0,0.922166,1.19486,0.114754,0,1.20036,1.05705,0.127343,1.01582,0.886136,0.0101073,0,0.886194
3480,1.0135,2.98237,0.78095,0.939015,-0.00266534,0,0.939018,-0.294743,-0.720958,0,0.77888,1.01895,0.0422885,1.00538,0.926509,-0.00262984,0,0.926513
3481,1.00895,2.97078,0.787275,0.941537,-0.00341898,0,0.941543,-0.253442,-0.80748,0,0.846319,1.01258,0.0280858,1.0036,0.933185,-0.00338865,0,0.933191
3482,0.980868,2.89921,0.827031,0.955959,0.017352,0,0.956117,0.390639,-1.42105,0,1.47377,0.973285,-0.0596316,0.992269,0.974605,0.0176905,0,0.974766
3483,1.08338,3.15753,0.676183,0.88101,0.0170937,0,0.881175,1.04718,0.0172439,0,1.04732,1.11967,0.267116,1.0335,0.813208,0.0157782,0,0.813361
3484,1.0271,3.01686,0.761554,0.930444,0.00717867,0,0.930472,-0.418133,-0.401276,0,0.579532,1.03816,0.0851772,1.01077,0.905893,0.00698925,0,0.90592
3485,0.992626,2.9292,0.810331,0.949769,0.03262,0,0.950329,1.00949,-1.32525,0,1.66594,0.989713,-0.0229619,0.997066,0.956825,0.0328623,0,0.957389
3486,1.01771,2.99307,0.774943,0.935206,0.0482873,0,0.936452,-0.406991,0.446536,0,0.604182,1.02489,0.0555604,1.00705,0.918929,0.0474468,0,0.920153
3487,1.11155,3.21931,0.60192,0.81144,0.0269915,0,0.811889,1.01423,-0.000532997,0,1.01423,1.16912,0.377499,1.05179,0.730008,0.0242828,0,0.730412
3488,1.05031,3.0755,0.728174,0.913288,0.0327789,0,0.913876,1.1356,-0.055104,0,1.13693,1.07117,0.158856,1.01985,0.869538,0.0312086,0,0.870098
3489,0.966608,2.86266,0.84699,0.961785,0.0258131,0,0.962131,0.218411,1.35533,0,1.37282,0.95353,-0.103728,0.98647,0.995011,0.0267049,0,0.995369
3490,0.973312,2.87975,0.837214,0.958975,0.00766146,0,0.959005,0.5781,1.42172,0,1.53476,0.962917,-0.0827755,0.989319,0.985269,0.00787153,0,0.985301
3491,0.967417,2.86471,0.845753,0.961572,0.0160942,0,0.961707,0.386486,1.40451,0,1.45671,0.954678,-0.101166,0.986832,0.993958,0.0166363,0,0.994097
3492,1.04357,3.05867,0.738506,0.919555,0.0121829,0,0.919636,1.18007,0.0890731,0,1.18343,1.06139,0.13702,1.01707,0.88116,0.0116742,0,0.881237
3493,1.07424,3.13487,0.690522,0.88991,0.0369281,0,0.890676,1.06181,-0.0232249,0,1.06206,1.10625,0.237173,1.0298,0.828409,0.034376,0,0.829122
3494,1.00251,2.95438,0.79637,0.943854,0.0490881,0,0.94513,-0.358144,0.754172,0,0.83489,1.00355,0.00791426,1.00104,0.941493,0.0489653,0,0.942765
3495,1.0081,2.96863,0.788521,0.942073,0.00109273,0,0.942074,-0.315446,-0.903644,0,0.95712,1.01138,0.0253923,1.00325,0.934505,0.00108395,0,0.934505
3496,1.0704,3.12503,0.695357,0.89308,0.0121782,0,0.893163,1.07106,0.0362613,0,1.07167,1.10096,0.22535,1.02854,0.834339,0.0113772,0,0.834417
3497,0.981804,2.90154,0.825491,0.955143,0.024672,0,0.955461,0.601312,-1.43662,0,1.55739,0.97465,-0.056584,0.992714,0.972844,0.0251292,0,0.973169
3498,1.00134,2.95143,0.798121,0.945265,0.0337956,0,0.945869,1.24953,-1.07883,0,1.65082,1.00188,0.0041946,1.00054,0.944001,0.0337504,0,0.944604
3499,1.10109,3.20158,0.648932,0.862207,0.0156634,0,0.862349,1.02467,0.0102958,0,1.02472,1.14556,0.324902,1.04038,0.783048,0.0142254,0,0.783177
3500,1.09336,3.18225,0.660433,0.870134,0.0149339,0,0.870262,1.03236,0.0142674,0,1.03246,1.13436,0.299914,1.0375,0.795835,0.0136588,0,0.795953
3501,1.00433,2.95907,0.794003,0.943746,0.0336547,0,0.944345,1.31113,-0.959602,0,1.62478,1.00604,0.0134788,1.0017,0.93968,0.0335098,0,0.940277
3502,1.03483,3.03646,0.750664,0.924319,0.0453322,0,0.92543,-0.361693,0.192071,0,0.409528,1.04906,0.109514,1.01376,0.893213,0.0438067,0,0.894286
3503,1.05067,3.07611,0.726659,0.912382,0.0123643,0,0.912465,1.13963,0.0675793,0,1.14164,1.07196,0.160619,1.02026,0.868381,0.011768,0,0.868461
3504,1.02446,3.01017,0.7653,0.930965,0.0473406,0,0.932168,-0.397127,0.32922,0,0.515845,1.03443,0.0768539,1.00973,0.908736,0.0462102,0,0.90991
3505,1.10441,3.21005,0.644689,0.859027,0.0346425,0,0.859725,1.02301,-0.00511684,0,1.02303,1.15017,0.335203,1.04144,0.777818,0.0313675,0,0.77845
3506,1.09145,3.17791,0.66485,0.87338,0.0350313,0,0.874083,1.03605,-0.00907923,0,1.03609,1.13116,0.292777,1.03639,0.800201,0.0320961,0,0.800845
3507,1.04255,3.056,0.739674,0.919032,0.0431135,0,0.920043,-0.329807,0.11711,0,0.349982,1.06001,0.133958,1.01675,0.881524,0.0413539,0,0.882493
3508,1.01063,2.97508,0.784985,0.939402,0.0488575,0,0.940671,-0.398868,0.587383,0,0.71001,1.01492,0.0333058,1.00424,0.929519,0.0483436,0,0.930776
3509,1.07838,3.14515,0.684088,0.885742,0.0364442,0,0.886491,1.05435,-0.0196029,0,1.05453,1.11231,0.250695,1.03147,0.821365,0.0337954,0,0.82206
3510,1.03137,3.02771,0.75565,0.926695,0.0460309,0,0.927837,-0.375502,0.232284,0,0.44154,1.04415,0.0985394,1.01239,0.898512,0.044631,0,0.89962
3511,1.05875,3.09609,0.713586,0.904408,0.0117505,0,0.904484,1.10492,0.0524417,0,1.10617,1.0839,0.187266,1.02375,0.854221,0.0110984,0,0.854293
3512,1.0766,3.14119,0.688497,0.889493,0.036484,0,0.890241,-0.199002,-0.000966134,0,0.199004,1.10925,0.243859,1.03033,0.826206,0.0338882,0,0.826901
3513,1.03953,3.04833,0.743853,0.921947,0.0136611,0,0.922048,-0.367843,-0.186133,0,0.412255,1.05576,0.124473,1.01562,0.886887,0.0131416,0,0.886984
3514,1.08972,3.17322,0.666101,0.874075,0.015056,0,0.874205,1.03704,0.0156867,0,1.03716,1.12902,0.288001,1.03607,0.80211,0.0138164,0,0.802229
3515,1.07225,3.13045,0.695418,0.894348,0.0277794,0,0.894779,-0.215273,-0.0285638,0,0.21716,1.10284,0.22956,1.02853,0.834082,0.0259075,0,0.834484
3516,1.02891,3.02115,0.75793,0.928084,0.00969117,0,0.928135,1.28769,0.200554,0,1.30321,1.04102,0.0915532,1.01176,0.902006,0.00941886,0,0.902055
3517,0.982562,2.90346,0.824367,0.955049,0.00266743,0,0.955053,0.782812,1.39291,0,1.59781,0.975721,-0.0541933,0.993038,0.971999,0.00271477,0,0.972003
3518,1.02128,3.00213,0.769864,0.934221,0.00477449,0,0.934233,-0.419475,-0.543713,0,0.686719,1.02993,0.0668103,1.00847,0.914751,0.00467499,0,0.914763
3519,1.06129,3.10273,0.710855,0.902699,0.0380154,0,0.903499,1.08926,-0.0453458,0,1.09021,1.08726,0.19477,1.02447,0.850571,0.0358201,0,0.851325
3520,1.02414,3.00937,0.765775,0.932376,0.00584667,0,0.932395,-0.421493,-0.470926,0,0.632002,1.03397,0.0758328,1.0096,0.910397,0.00570885,0,0.910415
3521,0.98426,2.90786,0.822198,0.953407,0.0453755,0,0.954486,-0.170999,1.07548,0,1.08899,0.978022,-0.0490585,0.993662,0.968654,0.0461011,0,0.969751
3522,1.06028,3.10053,0.713544,0.90543,0.0236931,0,0.90574,-0.259767,-0.0497814,0,0.264494,1.08547,0.190778,1.02376,0.853956,0.0223462,0,0.854248
3523,1.05768,3.09371,0.716329,0.90605,0.0347706,0,0.906716,1.10469,-0.0444668,0,1.10559,1.08202,0.183091,1.02302,0.856641,0.0328745,0,0.857271
3524,1.08656,3.16564,0.672035,0.878076,0.0354399,0,0.878791,1.04255,-0.0120216,0,1.04261,1.12411,0.277025,1.03456,0.808128,0.0326167,0,0.808786
3525,0.993969,2.93265,0.808534,0.949745,0.00258123,0,0.949748,-0.0765709,-1.20572,0,1.20815,0.991562,-0.0188344,0.997579,0.955507,0.00259689,0,0.955511
3526,0.991336,2.92594,0.812275,0.949916,0.0475557,0,0.951106,-0.256286,0.966551,0,0.999952,0.987876,-0.0270629,0.99651,0.958218,0.0479714,0,0.959418
3527,1.01421,2.98416,0.779894,0.937282,0.0486341,0,0.938543,-0.405404,0.515054,0,0.655464,1.01996,0.0445489,1.00567,0.924153,0.0479529,0,0.925396
3528,0.999099,2.94573,0.801291,0.947076,0.00123981,0,0.947076,-0.174472,-1.10913,0,1.12277,0.99874,-0.00281233,0.99964,0.947929,0.00124093,0,0.94793
3529,0.970392,2.87238,0.841731,0.960027,0.0345245,0,0.960647,0.0685982,1.28028,0,1.28212,0.958752,-0.0920715,0.988005,0.989319,0.0355779,0,0.989958
3530,0.997534,2.94176,0.803556,0.946714,0.0485856,0,0.94796,-0.318974,0.853972,0,0.911599,0.996533,-0.00773808,0.998996,0.949054,0.0487057,0,0.950303
3531,1.1141,3.23354,0.62751,0.845678,0.018147,0,0.845873,1.01617,0.00374126,0,1.01617,1.16497,0.368239,1.04566,0.759066,0.0162884,0,0.759241
3532,1.00686,2.9655,0.790401,0.942317,0.0333987,0,0.942909,1.35407,-0.847459,0,1.5974,1.0096,0.0214223,1.00272,0.935899,0.0331712,0,0.936487
3533,0.997687,2.94214,0.803321,0.94727,0.033424,0,0.94786,1.15321,-1.2123,0,1.67319,0.996753,-0.00724894,0.999063,0.949467,0.0335015,0,0.950058
3534,1.11536,3.23757,0.62898,0.848008,0.0333126,0,0.848662,1.01634,-0.00304225,0,1.01635,1.16588,0.37027,1.0453,0.760303,0.0298672,0,0.760889
3535,1.00677,2.96524,0.790379,0.94153,0.0490054,0,0.942804,-0.383646,0.668111,0,0.770426,1.00952,0.0212422,1.00273,0.935198,0.0486758,0,0.936463
3536,1.11077,3.22687,0.63856,0.856879,0.0186163,0,0.857081,1.01882,0.00618865,0,1.01884,1.15848,0.353751,1.04295,0.771428,0.0167598,0,0.77161
3537,1.03296,3.03162,0.752852,0.925708,0.029753,0,0.926186,1.2456,-0.119312,0,1.2513,1.04656,0.103922,1.01316,0.896166,0.0288035,0,0.896629
3538,1.00386,2.95785,0.794583,0.944516,0.000915247,0,0.944517,-0.254667,-1.00815,0,1.03982,1.0054,0.0120625,1.00154,0.940887,0.00091173,0,0.940887
3539,1.03307,3.03198,0.753067,0.926461,0.0100052,0,0.926515,-0.398782,-0.283487,0,0.489277,1.0466,0.104019,1.0131,0.896806,0.0096849,0,0.896858
3540,0.988622,2.91903,0.816144,0.952474,0.00543706,0,0.952489,0.0468228,-1.29396,0,1.2948,0.984076,-0.0355441,0.995402,0.963436,0.00549964,0,0.963452
3541,0.983704,2.90648,0.823112,0.954824,0.0104064,0,0.954881,0.203,-1.37039,0,1.38534,0.977211,-0.0508684,0.993399,0.970642,0.0105788,0,0.9707
3542,1.11123,3.22817,0.63841,0.856574,0.0340579,0,0.857251,1.01913,-0.00536325,0,1.01915,1.159,0.354917,1.04299,0.770833,0.0306488,0,0.771442
3543,1.02111,3.00167,0.770087,0.933085,0.0479047,0,0.934313,-0.403261,0.385655,0,0.557987,1.02969,0.0662711,1.0084,0.913796,0.0469144,0,0.914999
3544,1.01835,2.99466,0.773946,0.935956,0.00362419,0,0.935963,-0.40864,-0.624272,0,0.746125,1.02582,0.0576269,1.00733,0.919089,0.00355888,0,0.919096
3545,0.976911,2.88907,0.83256,0.95697,0.0411242,0,0.957853,-0.0617705,1.1861,0,1.18771,0.967796,-0.0718847,0.99067,0.979588,0.0420962,0,0.980492
3546,1.0092,2.97144,0.787008,0.940915,0.0329761,0,0.941493,1.38163,-0.737762,0,1.56627,1.01291,0.0288177,1.00368,0.932337,0.0326754,0,0.93291
3547,1.10416,3.20932,0.644577,0.859249,0.0160536,0,0.859399,1.02245,0.00914613,0,1.02249,1.14995,0.334707,1.04147,0.77819,0.0145391,0,0.778326
3548,1.09473,3.18584,0.658983,0.868923,0.034136,0,0.869593,1.03197,-0.00765489,0,1.032,1.13618,0.303982,1.03787,0.793732,0.0311822,0,0.794345
3549,1.09975,3.19864,0.652462,0.864912,0.0348805,0,0.865615,1.02786,-0.00636982,0,1.02788,1.14319,0.319622,1.0395,0.786465,0.0317168,0,0.787104
3550,1.01128,2.97672,0.784063,0.939726,0.0325143,0,0.940289,1.39402,-0.643136,0,1.53522,1.01583,0.0353395,1.0045,0.929246,0.0321517,0,0.929802
3551,1.01325,2.98175,0.781312,0.93863,0.032152,0,0.93918,1.39789,-0.556107,0,1.50444,1.0186,0.0415113,1.00527,0.926352,0.0317314,0,0.926896
3552,1.06737,3.11759,0.700437,0.895732,0.0385193,0,0.89656,1.0742,-0.0349698,0,1.07477,1.09642,0.215223,1.02721,0.839194,0.036088,0,0.83997
3553,0.986486,2.91348,0.818819,0.952704,0.0301008,0,0.953179,0.816154,-1.4062,0,1.62589,0.981192,-0.0419811,0.994634,0.965755,0.0305131,0,0.966237
3554,1.1113,3.21825,0.600656,0.809816,0.0220981,0,0.810117,1.01419,0.00113686,0,1.01419,1.16919,0.377656,1.05209,0.72871,0.0198849,0,0.728981
3555,1.07617,3.13931,0.686227,0.887087,0.0145976,0,0.887207,1.05942,0.0259301,0,1.05974,1.10944,0.244289,1.03091,0.824298,0.0135644,0,0.82441
3556,1.01546,2.98734,0.778118,0.937255,0.0317522,0,0.937792,1.39145,-0.468675,0,1.46826,1.02172,0.0484841,1.00617,0.922987,0.0312689,0,0.923516
3557,1.06976,3.12436,0.699691,0.896569,0.0449273,0,0.897694,-0.214587,0.0357644,0,0.217547,1.09908,0.221165,1.02741,0.838103,0.0419976,0,0.839155
3558,1.08164,3.15384,0.681069,0.884382,0.0461554,0,0.885586,-0.179252,0.0214021,0,0.180525,1.11652,0.260091,1.03225,0.817628,0.0426715,0,0.818741
3559,1.03864,3.04614,0.745357,0.921873,0.0442005,0,0.922932,-0.34647,0.1531,0,0.378789,1.05443,0.121499,1.01521,0.887579,0.0425563,0,0.888599
3560,1.04293,3.05694,0.73903,0.919522,0.0159717,0,0.919661,-0.350461,-0.145292,0,0.379384,1.06059,0.135236,1.01693,0.881669,0.0153142,0,0.881802
3561,1.05836,3.09593,0.717157,0.907228,0.0430842,0,0.908251,-0.256985,0.052474,0,0.262288,1.08249,0.184122,1.0228,0.857204,0.0407085,0,0.85817
3562,1.04626,3.06539,0.734383,0.917178,0.0183413,0,0.917361,-0.332828,-0.109695,0,0.350438,1.06529,0.145729,1.01818,0.876623,0.0175303,0,0.876798
3563,1.04693,3.06703,0.733297,0.915796,0.0411371,0,0.91672,-0.312585,0.0840237,0,0.323681,1.06627,0.147928,1.01848,0.874745,0.0392931,0,0.875627
3564,1.04949,3.0735,0.729643,0.914578,0.0212244,0,0.914824,-0.315743,-0.0791352,0,0.325509,1.06991,0.156055,1.01946,0.87145,0.0202235,0,0.871684
3565,1.03261,3.03067,0.75321,0.9262,0.0107792,0,0.926262,1.2585,0.154391,0,1.26793,1.0461,0.102893,1.01306,0.89695,0.0104388,0,0.897011
3566,1.02928,3.02213,0.757556,0.927565,0.0302022,0,0.928056,1.27342,-0.157656,0,1.28314,1.0415,0.0926241,1.01187,0.901178,0.029343,0,0.901655
3567,1.02313,3.00663,0.766576,0.931844,0.0306697,0,0.932348,1.32837,-0.253345,0,1.35231,1.03273,0.0730543,1.00938,0.910774,0.0299762,0,0.911267
3568,1.02602,3.01393,0.76244,0.929956,0.0305684,0,0.930459,1.30221,-0.203943,0,1.31809,1.03681,0.0821694,1.01052,0.906375,0.0297932,0,0.906865
3569,1.02569,3.01314,0.762982,0.930719,0.00866007,0,0.930759,1.31647,0.257883,0,1.34149,1.03633,0.0810998,1.01037,0.907403,0.00844312,0,0.907442
3570,1.02074,3.00073,0.770576,0.933992,0.0310421,0,0.934507,1.35289,-0.307993,0,1.38751,1.02918,0.0651321,1.00827,0.915014,0.0304114,0,0.91552
3571,1.02273,3.00579,0.767758,0.933236,0.00785743,0,0.933269,1.34259,0.324114,0,1.38115,1.03199,0.071403,1.00905,0.912493,0.00768278,0,0.912525
3572,1.01813,2.99419,0.774586,0.935924,0.0313749,0,0.936449,1.37509,-0.381096,0,1.42693,1.02541,0.0567241,1.00715,0.919257,0.0308162,0,0.919774
3573,1.02005,2.99908,0.771884,0.935268,0.00706819,0,0.935295,1.36337,0.398293,0,1.42036,1.02812,0.062759,1.0079,0.916882,0.00692924,0,0.916908
3574,1.0175,2.99255,0.775303,0.936626,0.00629892,0,0.936647,1.3762,0.481043,0,1.45785,1.02458,0.0548597,1.00695,0.920514,0.00619057,0,0.920535
3575,1.01512,2.98644,0.778472,0.937845,0.0055025,0,0.937861,1.38067,0.569571,0,1.49354,1.02128,0.047503,1.00607,0.923875,0.00542053,0,0.923891
3576,1.01278,2.98049,0.781728,0.939179,0.00467739,0,0.93919,1.3737,0.667368,0,1.52723,1.01801,0.0401946,1.00516,0.927324,0.00461835,0,0.927335
3577,1.0104,2.97445,0.785226,0.940701,0.00386048,0,0.940709,1.35494,0.772193,0,1.55953,1.01462,0.0326243,1.00418,0.931022,0.00382076,0,0.93103
3578,1.02787,3.01883,0.760519,0.92886,0.0467121,0,0.930033,-0.38758,0.278776,0,0.477424,1.03923,0.0875627,1.01105,0.903675,0.0454456,0,0.904817
3579,1.03621,3.03991,0.748567,0.924263,0.0117797,0,0.924338,-0.38474,-0.232311,0,0.449437,1.05106,0.113964,1.01433,0.891968,0.0113681,0,0.892041
3580,1.03012,3.02453,0.757315,0.928509,0.00858433,0,0.928548,-0.410375,-0.337224,0,0.531156,1.04241,0.0946728,1.01193,0.901359,0.00833333,0,0.901398
3581,1.00773,2.96774,0.78927,0.942517,0.00304898,0,0.942522,1.31892,0.889194,0,1.59066,1.01079,0.0240846,1.00304,0.93529,0.0030256,0,0.935295
3582,1.00393,2.95805,0.794545,0.944543,0.00194238,0,0.944545,1.25354,1.02675,0,1.62037,1.00549,0.0122478,1.00155,0.940845,0.00193477,0,0.940847
3583,0.998778,2.94491,0.801745,0.947247,0.00115444,0,0.947247,1.13535,1.17883,0,1.63666,0.99829,-0.00381705,0.999511,0.948405,0.00115585,0,0.948406
3584,0.991692,2.92682,0.811644,0.950794,0.00110498,0,0.950795,0.980128,1.30914,0,1.63539,0.98841,-0.0258705,0.99669,0.958759,0.00111424,0,0.95876
3585,1.04336,3.05821,0.739103,0.919599,0.030894,0,0.920117,1.1732,-0.0707091,0,1.17533,1.061,0.136157,1.01691,0.881382,0.0296101,0,0.881879
3586,1.03674,3.04151,0.748655,0.924453,0.0292114,0,0.924914,1.21983,-0.0896383,0,1.22312,1.05158,0.115123,1.01431,0.89169,0.0281762,0,0.892135
3587,1.03647,3.04081,0.749,0.924975,0.012166,0,0.925055,1.23049,0.11636,0,1.23597,1.0512,0.11429,1.01421,0.892427,0.0117379,0,0.892505
3588,1.01535,2.98707,0.778284,0.93787,0.00266744,0,0.937874,-0.390963,-0.707087,0,0.807976,1.02157,0.0481433,1.00612,0.923688,0.0026271,0,0.923692
3589,1.01189,2.97826,0.783137,0.939868,0.00176081,0,0.93987,-0.358929,-0.804127,0,0.880597,1.01671,0.0373019,1.00476,0.928822,0.00174011,0,0.928824
3590,1.08741,3.16774,0.670616,0.877593,0.0180848,0,0.87778,1.0424,0.013901,0,1.0425,1.12538,0.279877,1.03492,0.807048,0.0166311,0,0.80722
3591,1.11103,3.22109,0.614345,0.826867,0.0195627,0,0.827098,1.01611,0.00216922,0,1.01611,1.16529,0.368954,1.04884,0.744233,0.0176077,0,0.744441
3592,0.97461,2.88319,0.83583,0.958399,0.0306935,0,0.95889,0.0742333,1.45802,0,1.45991,0.964592,-0.0790356,0.989721,0.983367,0.0314931,0,0.983871
3593,1.06543,3.11273,0.703318,0.898183,0.0131754,0,0.89828,1.0854,0.04042,0,1.08615,1.09362,0.208974,1.02646,0.843024,0.0123663,0,0.843114
3594,0.997128,2.94071,0.804098,0.947627,0.0311818,0,0.94814,1.17664,-1.38957,0,1.82082,0.995974,-0.00898766,0.998842,0.950357,0.0312716,0,0.950871
3595,1.09968,3.19554,0.641848,0.85197,0.0317433,0,0.852561,1.02622,-0.0026497,0,1.02623,1.14602,0.325939,1.04214,0.774745,0.028866,0,0.775282
3596,0.984346,2.90807,0.822029,0.954179,0.0203504,0,0.954396,0.482855,-1.59925,0,1.67055,0.978156,-0.0487594,0.993711,0.969354,0.020674,0,0.969574
3597,1.03735,3.04286,0.74714,0.923595,0.018006,0,0.92377,-0.401951,-0.147214,0,0.428061,1.05262,0.117451,1.01472,0.890342,0.0173577,0,0.890511
3598,1.05183,3.07943,0.726377,0.912346,0.0383771,0,0.913153,-0.294499,0.0480986,0,0.298401,1.07322,0.16344,1.02034,0.867389,0.036486,0,0.868156
3599,1.04128,3.05283,0.741651,0.920376,0.037375,0,0.921134,-0.357384,0.0815364,0,0.366567,1.05816,0.129823,1.01621,0.883891,0.0358934,0,0.884619
3600,1.05383,3.08403,0.721937,0.909269,0.0318178,0,0.909826,1.12247,-0.0407545,0,1.12321,1.07651,0.17079,1.02153,0.862824,0.0301925,0,0.863352
3601,1.04608,3.06452,0.733239,0.915805,0.013807,0,0.91591,1.16493,0.0672525,0,1.16687,1.06542,0.14603,1.01849,0.875465,0.0131989,0,0.875565
3602,0.98103,2.89954,0.826511,0.95572,0.00713494,0,0.955746,0.705124,1.57791,0,1.7283,0.973593,-0.0589442,0.992419,0.9742,0.00727291,0,0.974227
3603,0.986116,2.9126,0.819566,0.95271,0.0409032,0,0.953588,-0.210779,1.22515,0,1.24315,0.980613,-0.0432736,0.99442,0.966124,0.041479,0,0.967014
3604,1.01849,2.99504,0.773822,0.93497,0.043023,0,0.93596,-0.473716,0.412036,0,0.627838,1.026,0.0580251,1.00737,0.917993,0.0422418,0,0.918964
3605,0.98589,2.91207,0.820052,0.953767,0.0138417,0,0.953868,0.253267,-1.55482,0,1.57531,0.980251,-0.0440829,0.99428,0.967417,0.0140398,0,0.967519
3606,1.00607,2.96344,0.791335,0.942126,0.0441259,0,0.943159,-0.460734,0.738137,0,0.870128,1.00854,0.0190618,1.00246,0.936444,0.0438598,0,0.93747
3607,1.02084,3.001,0.770485,0.934454,0.00928558,0,0.934501,-0.497091,-0.508988,0,0.711455,1.02931,0.0654159,1.00829,0.915378,0.00909601,0,0.915423
3608,1.04641,3.06565,0.733772,0.916312,0.0300002,0,0.916803,1.1581,-0.0521169,0,1.15928,1.06561,0.146454,1.01835,0.87567,0.0286696,0,0.876139
3609,1.00351,2.95695,0.795062,0.944679,0.00460157,0,0.94469,-0.314995,-1.13763,0,1.18043,1.00492,0.010972,1.00141,0.941379,0.0045855,0,0.94139
3610,0.991795,2.92706,0.811433,0.9502,0.0300092,0,0.950674,0.97722,-1.51964,0,1.80672,0.988572,-0.0255085,0.996751,0.958061,0.0302575,0,0.958539
3611,1.02333,3.0073,0.766945,0.932869,0.0103417,0,0.932926,-0.490021,-0.432283,0,0.653444,1.03282,0.0732551,1.00928,0.911604,0.0101059,0,0.91166
3612,1.03734,3.04283,0.747129,0.922928,0.0389747,0,0.92375,-0.378038,0.1165,0,0.395582,1.05261,0.11744,1.01472,0.889706,0.0375717,0,0.890499
3613,1.06954,3.12293,0.69688,0.89351,0.035704,0,0.894223,1.07099,-0.0257314,0,1.0713,1.09964,0.222415,1.02815,0.835416,0.0333826,0,0.836082
3614,1.0072,2.96635,0.789848,0.942628,0.00490988,0,0.942641,-0.385645,-1.01366,0,1.08454,1.0101,0.0225355,1.00288,0.935891,0.00487479,0,0.935904
3615,1.07276,3.13086,0.691646,0.890658,0.0139579,0,0.890767,1.06714,0.031004,0,1.06759,1.10441,0.233063,1.02951,0.830252,0.0130112,0,0.830354
3616,1.06362,3.10862,0.707501,0.901163,0.0282766,0,0.901607,-0.245469,-0.0282703,0,0.247092,1.0906,0.202221,1.02536,0.847257,0.0265852,0,0.847674
3617,1.02593,3.01389,0.763254,0.931194,0.0116039,0,0.931266,-0.478598,-0.361055,0,0.599513,1.03649,0.0814493,1.0103,0.907662,0.0113106,0,0.907732
3618,1.02973,3.02348,0.75763,0.928137,0.0275514,0,0.928546,1.28711,-0.118242,0,1.29253,1.04193,0.093601,1.01185,0.901337,0.0267558,0,0.901734
3619,1.02888,3.02127,0.758646,0.92881,0.0123688,0,0.928893,1.30564,0.15723,0,1.31508,1.04078,0.0910307,1.01157,0.902739,0.0120216,0,0.902819
3620,1.02323,3.00681,0.766262,0.931664,0.0282237,0,0.932092,1.35504,-0.207338,0,1.37081,1.03291,0.0734619,1.00946,0.910516,0.027583,0,0.910934
3621,1.03935,3.04799,0.744558,0.922569,0.0136675,0,0.92267,1.21175,0.0890157,0,1.21502,1.05538,0.123607,1.01542,0.887644,0.0131501,0,0.887741
3622,1.02236,3.0047,0.76779,0.932906,0.010477,0,0.932964,1.37755,0.272412,0,1.40423,1.0316,0.0705449,1.00904,0.912501,0.0102479,0,0.912559
3623,0.989645,2.92154,0.814344,0.951609,0.00439013,0,0.951619,0.946931,1.5044,0,1.77761,0.985605,-0.0321312,0.995918,0.961565,0.00443607,0,0.961576
3624,1.07958,3.14752,0.67999,0.882404,0.0192619,0,0.882614,1.05368,0.0138963,0,1.05377,1.11469,0.256006,1.03252,0.817359,0.017842,0,0.817554
3625,1.01555,2.98757,0.778008,0.936754,0.0433514,0,0.937757,-0.480634,0.482705,0,0.681185,1.02184,0.0487559,1.0062,0.922412,0.0426876,0,0.923399
3626,0.972212,2.87705,0.839203,0.959653,0.0224954,0,0.959916,0.256982,1.53832,0,1.55964,0.961266,-0.0864594,0.988741,0.987081,0.0231383,0,0.987352
3627,0.974278,2.88227,0.836043,0.958681,0.0137439,0,0.958779,0.467829,1.58322,0,1.65089,0.964204,-0.0799022,0.989659,0.98399,0.0141067,0,0.984092
3628,1.00105,2.95071,0.798604,0.945579,0.0313773,0,0.946099,1.30979,-1.22314,0,1.7921,1.00145,0.00323309,1.0004,0.944591,0.0313446,0,0.945111
3629,1.00382,2.95777,0.794638,0.944025,0.0312637,0,0.944542,1.38829,-1.07446,0,1.75551,1.00535,0.0119511,1.00153,0.940429,0.0311446,0,0.940945
3630,1.03397,3.03434,0.752044,0.925329,0.0399885,0,0.926193,-0.398047,0.155314,0,0.427275,1.0478,0.106707,1.01338,0.894928,0.0386747,0,0.895764
3631,1.06116,3.10189,0.709181,0.901352,0.0138604,0,0.901458,1.09498,0.0420284,0,1.09579,1.0876,0.195529,1.02491,0.849403,0.0130615,0,0.849503
3632,1.00945,2.97207,0.78664,0.940311,0.0438619,0,0.941333,-0.476776,0.644191,0,0.801435,1.01326,0.0296059,1.00378,0.931509,0.0434513,0,0.932522
3633,1.07546,3.13794,0.688766,0.888989,0.0333861,0,0.889616,1.06122,-0.0148478,0,1.06132,1.108,0.241068,1.03026,0.826614,0.0310436,0,0.827197
3634,1.07902,3.14669,0.682886,0.884983,0.0328985,0,0.885594,1.05469,-0.0121013,0,1.05476,1.11331,0.252919,1.03178,0.820173,0.0304893,0,0.820739
3635,1.05452,3.0856,0.720369,0.908519,0.0140619,0,0.908628,1.12585,0.0504413,0,1.12698,1.07766,0.173342,1.02194,0.86155,0.013335,0,0.861653
3636,1.0683,3.12063,0.701613,0.898011,0.0354849,0,0.898712,-0.228436,0.00471681,0,0.228485,1.09704,0.216616,1.02691,0.840598,0.0332163,0,0.841254
3637,1.03065,3.02589,0.756652,0.927398,0.0408016,0,0.928295,-0.416786,0.195599,0,0.460401,1.04314,0.0962839,1.01212,0.89982,0.0395883,0,0.90069
3638,1.03423,3.03492,0.751396,0.925571,0.0160794,0,0.92571,-0.423785,-0.19151,0,0.465048,1.04825,0.107709,1.01356,0.894935,0.0155472,0,0.89507
3639,1.09171,3.17838,0.663848,0.872887,0.0182157,0,0.873077,1.03602,0.0106944,0,1.03608,1.13171,0.293985,1.03664,0.799562,0.0166855,0,0.799736
3640,1.06391,3.10902,0.705898,0.899258,0.0363868,0,0.899994,1.08571,-0.0370456,0,1.08634,1.09134,0.203888,1.02578,0.845236,0.0342009,0,0.845927
3641,1.00236,2.95403,0.796683,0.944286,0.0441557,0,0.945317,-0.433699,0.841979,0,0.947113,1.00331,0.00738049,1.00095,0.942065,0.0440518,0,0.943094
3642,1.06243,3.10601,0.71063,0.90331,0.0403586,0,0.904211,-0.244955,0.0320667,0,0.247045,1.08849,0.197526,1.02453,0.850231,0.0379871,0,0.851079
3643,1.08306,3.15658,0.676087,0.880202,0.0325532,0,0.880804,1.04824,-0.00886351,0,1.04828,1.11937,0.266446,1.03352,0.8127,0.0300567,0,0.813255
3644,1.0877,3.16763,0.667158,0.873248,0.0326028,0,0.873857,1.04129,-0.00611816,0,1.0413,1.12664,0.282681,1.0358,0.802839,0.0299741,0,0.803398
3645,0.999379,2.94644,0.800876,0.946895,0.0047944,0,0.946907,-0.220908,-1.25321,0,1.27253,0.999138,-0.0019249,0.999758,0.947483,0.00479738,0,0.947495
3646,0.992223,2.92819,0.810971,0.949633,0.0429928,0,0.950606,-0.30923,1.09665,0,1.13941,0.98913,-0.0242631,0.996883,0.957076,0.0433298,0,0.958057
3647,1.01256,2.97998,0.782247,0.938523,0.0436773,0,0.939539,-0.482029,0.558695,0,0.737897,1.01764,0.0393671,1.00501,0.92688,0.0431355,0,0.927883
3648,0.997751,2.9423,0.803227,0.94681,0.0437954,0,0.947822,-0.385697,0.965581,0,1.03976,0.996843,-0.00704728,0.99909,0.948944,0.0438941,0,0.949959
3649,1.11037,3.22362,0.630901,0.847052,0.0186117,0,0.847257,1.01853,0.00434994,0,1.01854,1.16015,0.357473,1.04483,0.762857,0.0167618,0,0.763041
3650,1.00607,2.96351,0.791519,0.94285,0.0309615,0,0.943359,1.436,-0.942694,0,1.71778,1.00849,0.0189594,1.00241,0.937159,0.0307746,0,0.937664
3651,1.11244,3.22589,0.616993,0.830899,0.0307133,0,0.831467,1.0162,-0.00147199,0,1.0162,1.16607,0.370682,1.0482,0.746913,0.0276088,0,0.747423
3652,1.03133,3.02758,0.755565,0.9276,0.0143587,0,0.927711,-0.444455,-0.243107,0,0.506598,1.04413,0.0985105,1.01241,0.899421,0.0139225,0,0.899529
3653,1.0244,3.01003,0.765472,0.931347,0.0420465,0,0.932296,-0.450444,0.293031,0,0.537371,1.03432,0.0765974,1.00968,0.909167,0.0410451,0,0.910093
3654,0.994823,2.93484,0.80736,0.949324,0.00602755,0,0.949343,-0.100594,-1.36865,0,1.37235,0.992747,-0.0161899,0.997914,0.954265,0.00605892,0,0.954284
3655,0.98997,2.92247,0.814249,0.951792,0.00889285,0,0.951833,0.0556257,-1.47232,0,1.47337,0.985956,-0.0313489,0.995945,0.961435,0.00898295,0,0.961477
3656,1.11065,3.22471,0.631968,0.848135,0.0335191,0,0.848797,1.01874,-0.00353626,0,1.01875,1.16015,0.357475,1.04457,0.763641,0.0301798,0,0.764237
3657,1.01837,2.99472,0.773955,0.935954,0.00822458,0,0.93599,-0.496086,-0.594563,0,0.774342,1.02583,0.0576639,1.00733,0.91907,0.00807622,0,0.919106
3658,1.01039,2.97445,0.78526,0.940725,0.00548288,0,0.940741,-0.434585,-0.895795,0,0.995647,1.0146,0.032591,1.00417,0.931051,0.00542649,0,0.931067
3659,0.979878,2.89667,0.828405,0.955836,0.0368945,0,0.956548,-0.0813422,1.35195,0,1.3544,0.971914,-0.0626928,0.991872,0.975464,0.0376522,0,0.976191
3660,1.00808,2.9686,0.788637,0.941681,0.0306217,0,0.942179,1.46576,-0.816794,0,1.67797,1.01132,0.025274,1.00322,0.934134,0.0303763,0,0.934628
3661,1.09135,3.17593,0.658774,0.866059,0.0320624,0,0.866653,1.0354,-0.00434962,0,1.03541,1.13273,0.296272,1.03792,0.79357,0.0293788,0,0.794113
3662,1.09517,3.18695,0.65834,0.868966,0.018596,0,0.869165,1.03197,0.00969511,0,1.03201,1.13682,0.305406,1.03803,0.79345,0.01698,0,0.793632
3663,1.09532,3.18542,0.651251,0.860062,0.0318904,0,0.860653,1.03101,-0.0034532,0,1.03102,1.13892,0.310081,1.03981,0.785217,0.0291153,0,0.785757
3664,1.09873,3.19573,0.652653,0.864838,0.0190167,0,0.865047,1.0282,0.00827527,0,1.02823,1.14208,0.317142,1.03946,0.787126,0.0173079,0,0.787316
3665,1.00997,2.97341,0.785943,0.940594,0.0301729,0,0.941078,1.47861,-0.701978,0,1.63678,1.01399,0.0312197,1.00398,0.931307,0.029875,0,0.931787
3666,1.02532,3.01205,0.763072,0.930445,0.0113621,0,0.930514,1.34179,0.209628,0,1.35807,1.03593,0.0801925,1.01035,0.90747,0.0110815,0,0.907538
3667,1.0117,2.97778,0.783467,0.939568,0.0298161,0,0.940041,1.4788,-0.603005,0,1.59702,1.01642,0.0366544,1.00467,0.928705,0.0294714,0,0.929173
3668,1.06102,3.10182,0.710445,0.90218,0.0333288,0,0.902795,1.09621,-0.0328493,0,1.0967,1.0871,0.194411,1.02458,0.850298,0.0314121,0,0.850878
3669,0.986624,2.91384,0.818657,0.95278,0.0263982,0,0.953146,0.732555,-1.59236,0,1.75278,0.981376,-0.0415712,0.994681,0.965697,0.0267561,0,0.966068
3670,1.10841,3.21098,0.60484,0.812875,0.0248727,0,0.813256,1.01617,0.000349235,0,1.01617,1.16505,0.368419,1.0511,0.733371,0.02244,0,0.733714
3671,1.07641,3.13992,0.685959,0.886895,0.0182266,0,0.887083,1.06046,0.0177042,0,1.06061,1.10976,0.244991,1.03098,0.823942,0.0169328,0,0.824116
3672,1.07426,3.13556,0.692766,0.892335,0.0421981,0,0.893332,-0.203476,0.0172102,0,0.204203,1.10565,0.235819,1.02922,0.830652,0.0392811,0,0.83158
3673,1.0403,3.05027,0.742758,0.921283,0.0202197,0,0.921505,-0.380388,-0.108055,0,0.395437,1.05685,0.126906,1.01591,0.885595,0.0194364,0,0.885808
3674,1.05294,3.08199,0.723906,0.910966,0.0247736,0,0.911303,-0.296203,-0.0462498,0,0.299792,1.07505,0.167526,1.021,0.865163,0.023528,0,0.865483
3675,1.04345,3.05832,0.738563,0.919313,0.0225051,0,0.919589,-0.359416,-0.074587,0,0.367074,1.06124,0.136698,1.01705,0.881034,0.0215681,0,0.881298
3676,1.02617,3.01427,0.762015,0.929715,0.0279799,0,0.930135,1.3214,-0.159651,0,1.33101,1.03709,0.0827897,1.01064,0.906002,0.0272663,0,0.906412
3677,1.0207,3.00051,0.770191,0.933622,0.0284609,0,0.934055,1.38736,-0.259407,0,1.4114,1.02925,0.0652907,1.00837,0.914686,0.0278837,0,0.915111
3678,1.0183,2.99457,0.774195,0.935737,0.0288223,0,0.936181,1.41932,-0.327418,0,1.45659,1.02569,0.0573458,1.00726,0.918924,0.0283044,0,0.91936
3679,1.0197,2.99812,0.772182,0.935241,0.0097916,0,0.935292,1.41007,0.345544,0,1.45179,1.02767,0.0617719,1.00782,0.917174,0.00960245,0,0.917225
3680,1.01581,2.98827,0.777764,0.937285,0.0291028,0,0.937737,1.44844,-0.412373,0,1.506,1.02218,0.0494989,1.00627,0.922697,0.0286498,0,0.923142
3681,1.01726,2.99196,0.775802,0.936912,0.0091346,0,0.936957,1.43606,0.429694,0,1.49897,1.02419,0.0539868,1.00681,0.92102,0.00897965,0,0.921064
3682,1.01358,2.98257,0.780802,0.938472,0.0294686,0,0.938935,1.46951,-0.506567,0,1.55437,1.01907,0.0425659,1.00542,0.925899,0.0290738,0,0.926356
3683,1.01498,2.9861,0.778792,0.938032,0.00846334,0,0.93807,1.45399,0.52178,0,1.54478,1.02104,0.0469715,1.00598,0.924192,0.00833847,0,0.92423
3684,1.01284,2.98062,0.781638,0.939112,0.00775991,0,0.939144,1.46097,0.624705,0,1.58892,1.01809,0.0403734,1.00518,0.927208,0.00766155,0,0.92724
3685,1.01078,2.97542,0.784602,0.940378,0.00708503,0,0.940404,1.45655,0.736556,0,1.63219,1.01518,0.0338902,1.00435,0.930345,0.00700944,0,0.930371
3686,1.0275,3.01793,0.761124,0.929441,0.0414618,0,0.930366,-0.434395,0.241787,0,0.497152,1.03869,0.0863572,1.01088,0.904562,0.040352,0,0.905462
3687,1.02859,3.02066,0.759488,0.929469,0.0129175,0,0.929558,-0.462758,-0.297436,0,0.550103,1.04025,0.0898535,1.01134,0.90363,0.0125584,0,0.903717
3688,1.02138,3.00235,0.769673,0.933143,0.0425519,0,0.934113,-0.464611,0.350495,0,0.581988,1.03008,0.0671454,1.00852,0.91361,0.0416611,0,0.91456
3689,1.00867,2.97012,0.787839,0.941862,0.00639465,0,0.941883,1.43636,0.861582,0,1.67495,1.01214,0.0271043,1.00344,0.933765,0.00633968,0,0.933787
3690,1.00603,2.96343,0.791694,0.943487,0.00548431,0,0.943503,1.38999,1.00758,0,1.71677,1.0084,0.0187493,1.00236,0.937832,0.00545144,0,0.937848
3691,1.00229,2.95386,0.796777,0.945345,0.00442703,0,0.945355,1.29601,1.18187,0,1.75399,1.00322,0.00717642,1.00092,0.943182,0.00441691,0,0.943192
3692,0.997434,2.9415,0.80369,0.947994,0.00455099,0,0.948005,1.16867,1.37624,0,1.8055,0.996395,-0.00804609,0.998958,0.950432,0.0045627,0,0.950443
3693,1.03986,3.04937,0.744154,0.922232,0.0284754,0,0.922671,1.20103,-0.0665195,0,1.20287,1.05601,0.125019,1.01553,0.886885,0.027384,0,0.887307
3694,1.03342,3.03312,0.753482,0.926893,0.0269743,0,0.927286,1.2552,-0.0847542,0,1.25805,1.04684,0.104544,1.01299,0.896922,0.0261021,0,0.897302
3695,1.0326,3.03105,0.754593,0.927683,0.0136426,0,0.927784,1.27107,0.116109,0,1.27637,1.0457,0.102006,1.01268,0.898392,0.0132119,0,0.898489
3696,1.01593,2.98853,0.777444,0.937476,0.00726453,0,0.937504,-0.487859,-0.683964,0,0.840127,1.02239,0.0499713,1.00636,0.922775,0.00715062,0,0.922803
3697,1.0133,2.98186,0.781166,0.939049,0.00635365,0,0.93907,-0.468212,-0.785813,0,0.914727,1.01869,0.0417181,1.00531,0.92672,0.00627023,0,0.926741
3698,1.10157,3.19852,0.632553,0.842017,0.0308855,0,0.842583,1.02281,-0.00154592,0,1.02282,1.15051,0.335965,1.04443,0.764378,0.0280377,0,0.764892
3699,1.0053,2.9615,0.792493,0.942815,0.0399588,0,0.943661,-0.54972,0.817185,0,0.984877,1.00744,0.0166071,1.00213,0.937846,0.0397482,0,0.938688
3700,1.03532,3.03774,0.750101,0.925127,0.0149696,0,0.925248,1.24796,0.0858553,0,1.25091,1.04972,0.110986,1.01391,0.893567,0.0144589,0,0.893684
3701,1.05903,3.09715,0.714501,0.905154,0.0335027,0,0.905774,-0.259699,0.00357395,0,0.259723,1.08392,0.187324,1.02351,0.854702,0.0316353,0,0.855287
3702,1.02119,3.00189,0.770018,0.933538,0.038097,0,0.934315,-0.52188,0.305959,0,0.604954,1.02979,0.0665001,1.00842,0.914166,0.0373065,0,0.914927
3703,0.996375,2.93875,0.804989,0.94791,0.0289843,0,0.948353,1.17298,-1.60152,0,1.98514,0.99497,-0.0112282,0.998589,0.951358,0.0290898,0,0.951803
3704,1.04991,3.07418,0.727727,0.912554,0.0290332,0,0.913016,1.14268,-0.0366032,0,1.14326,1.07088,0.158212,1.01997,0.869176,0.0276531,0,0.869616
3705,0.991033,2.9252,0.812824,0.951307,0.0119351,0,0.951382,0.0853264,-1.6774,0,1.67957,0.987418,-0.0280837,0.996353,0.959915,0.0120431,0,0.959991
3706,1.03777,3.04387,0.746346,0.922951,0.0239424,0,0.923262,-0.408171,-0.0671099,0,0.413651,1.05327,0.11891,1.01494,0.88936,0.023071,0,0.889659
3707,0.982413,2.90317,0.824882,0.954856,0.0332336,0,0.955434,-0.0961395,1.5423,0,1.54529,0.975427,-0.0548499,0.992889,0.971949,0.0338285,0,0.972538
3708,1.07234,3.12965,0.691643,0.89026,0.016925,0,0.890421,1.06786,0.022192,0,1.06809,1.10399,0.232116,1.02951,0.8302,0.0157831,0,0.83035
3709,1.05585,3.0896,0.720684,0.90939,0.0369511,0,0.91014,-0.277544,0.0263864,0,0.278796,1.07893,0.176193,1.02186,0.861284,0.0349964,0,0.861994
3710,0.992953,2.93004,0.809899,0.949391,0.0390602,0,0.950194,-0.36963,1.2458,0,1.29948,0.990162,-0.0219609,0.997189,0.956129,0.0393374,0,0.956938
3711,1.04184,3.05382,0.739374,0.918954,0.0150758,0,0.919077,1.19359,0.065123,0,1.19536,1.05937,0.132526,1.01683,0.882053,0.0144704,0,0.882171
3712,1.02066,3.0003,0.769856,0.933286,0.026278,0,0.933656,1.41453,-0.206167,0,1.42948,1.02931,0.0654142,1.00847,0.914392,0.0257461,0,0.914754
3713,0.98781,2.91693,0.817195,0.952517,0.0227525,0,0.952789,0.612466,-1.7867,0,1.88876,0.982971,-0.0380122,0.995101,0.964271,0.0230333,0,0.964547
3714,1.02677,3.01606,0.762192,0.930129,0.0370402,0,0.930866,-0.478856,0.198343,0,0.518308,1.03764,0.0840147,1.01059,0.905882,0.0360747,0,0.9066
3715,1.0135,2.98237,0.780922,0.93817,0.039243,0,0.938991,-0.56444,0.519368,0,0.767031,1.01896,0.0423124,1.00538,0.925673,0.0387202,0,0.926483
3716,1.00818,2.96883,0.788389,0.941171,0.0397532,0,0.94201,-0.56466,0.707843,0,0.905474,1.01149,0.0256583,1.00329,0.933534,0.0394306,0,0.934367
3717,1.01575,2.98808,0.777702,0.937552,0.0110724,0,0.937617,-0.58483,-0.647321,0,0.872382,1.02214,0.04941,1.00628,0.923011,0.0109007,0,0.923075
3718,0.98058,2.89843,0.827276,0.95601,0.0119501,0,0.956085,0.591465,1.77142,0,1.86756,0.97293,-0.0604249,0.992198,0.974944,0.0121868,0,0.97502
3719,0.987881,2.91712,0.817137,0.952648,0.0168571,0,0.952797,0.332146,-1.75936,0,1.79043,0.983057,-0.0378192,0.995117,0.964335,0.0170639,0,0.964486
3720,1.01782,2.99332,0.774762,0.936275,0.0119771,0,0.936351,-0.582085,-0.552325,0,0.802425,1.02505,0.0559066,1.0071,0.919886,0.0117674,0,0.919961
3721,1.02218,3.0044,0.768598,0.933572,0.0139887,0,0.933677,-0.555868,-0.384784,0,0.676053,1.03119,0.0696261,1.00882,0.913315,0.0136851,0,0.913418
3722,1.00192,2.95293,0.797322,0.944734,0.0399874,0,0.94558,-0.517822,0.946373,0,1.07878,1.00269,0.00600477,1.00077,0.942921,0.0399106,0,0.943765
3723,1.10656,3.20849,0.615733,0.824973,0.0294653,0,0.825499,1.01839,-0.000527125,0,1.01839,1.16023,0.357661,1.0485,0.745529,0.0266279,0,0.746005
3724,1.09011,3.17161,0.656185,0.862268,0.0214154,0,0.862534,1.03504,0.0060495,0,1.03505,1.13215,0.29498,1.03857,0.790996,0.0196452,0,0.79124
3725,1.09072,3.17183,0.650376,0.855544,0.0274336,0,0.855984,1.03401,8.95942e-05,0,1.03401,1.13438,0.299955,1.04002,0.784381,0.0251517,0,0.784784
3726,1.09481,3.18147,0.642175,0.848785,0.0260092,0,0.849183,1.02918,0.000405462,0,1.02918,1.14085,0.314407,1.04206,0.775283,0.0237569,0,0.775647
3727,1.01935,2.9971,0.772176,0.934891,0.0120145,0,0.934968,1.44722,0.285603,0,1.47513,1.02733,0.0609987,1.00782,0.917142,0.0117864,0,0.917218
3728,1.01855,2.99516,0.773711,0.935091,0.0385793,0,0.935887,-0.539726,0.370878,0,0.65487,1.02608,0.0582114,1.0074,0.918065,0.0378769,0,0.918846
3729,1.02671,3.01593,0.762295,0.930576,0.0256149,0,0.930929,1.3343,-0.113799,0,1.33914,1.03755,0.0838261,1.01056,0.906366,0.0249485,0,0.90671
3730,1.00625,2.96393,0.791193,0.943143,0.0080291,0,0.943177,-0.46474,-1.14006,0,1.23114,1.00876,0.019556,1.0025,0.937287,0.00797924,0,0.937321
3731,0.995079,2.9355,0.807018,0.949207,0.0069751,0,0.949232,1.14607,1.59261,0,1.96211,0.9931,-0.0154025,0.998011,0.953901,0.0070096,0,0.953926
3732,0.987653,2.91642,0.817025,0.952434,0.00751416,0,0.952463,0.881468,1.72201,0,1.9345,0.982862,-0.0382538,0.995149,0.96434,0.0076081,0,0.96437
3733,1.05815,3.09441,0.713914,0.904205,0.015955,0,0.904345,1.10954,0.0382032,0,1.1102,1.08318,0.18568,1.02366,0.854516,0.0150783,0,0.854649
3734,1.01996,2.99877,0.771742,0.934968,0.0129703,0,0.935058,-0.572307,-0.462929,0,0.736097,1.02806,0.0626435,1.00794,0.916669,0.0127165,0,0.916758
3735,1.10679,3.21534,0.638718,0.853529,0.0339246,0,0.854203,1.02146,-0.00391351,0,1.02146,1.15428,0.34438,1.04291,0.771178,0.0306515,0,0.771787
3736,0.97828,2.89262,0.830776,0.957002,0.0272728,0,0.95739,0.0948783,1.66127,0,1.66397,0.969658,-0.0677275,0.991186,0.978249,0.0278783,0,0.978646
3737,1.07137,3.12772,0.694867,0.892783,0.033141,0,0.893398,1.0695,-0.0185229,0,1.06966,1.10209,0.22788,1.02867,0.833307,0.0309332,0,0.833881
3738,1.02975,3.02363,0.758019,0.928275,0.0363282,0,0.928986,-0.455412,0.153061,0,0.480446,1.04184,0.0933828,1.01174,0.90146,0.0352788,0,0.90215
3739,1.04524,3.06275,0.735694,0.917259,0.0352792,0,0.917937,-0.33501,0.0466663,0,0.338244,1.06387,0.142567,1.01783,0.877562,0.0337524,0,0.878211
3740,1.04653,3.06582,0.733146,0.915823,0.0262952,0,0.916201,-0.336883,-0.0402333,0,0.339277,1.06591,0.147116,1.01852,0.875104,0.0251261,0,0.875465
3741,1.05616,3.08973,0.718007,0.906894,0.0282968,0,0.907336,-0.278002,-0.0220329,0,0.278874,1.08,0.178564,1.02257,0.858675,0.0267922,0,0.859092
3742,0.987715,2.91669,0.817329,0.952115,0.0370346,0,0.952835,-0.251711,1.3976,0,1.42009,0.982837,-0.0383094,0.995062,0.963957,0.0374952,0,0.964686
3743,1.01604,2.98883,0.777316,0.93666,0.0389318,0,0.937469,-0.55395,0.440008,0,0.707438,1.02254,0.050303,1.00639,0.921872,0.0383171,0,0.922668
3744,1.03229,3.03006,0.754362,0.927037,0.0197216,0,0.927246,-0.459789,-0.145922,0,0.482389,1.04544,0.101439,1.01274,0.89804,0.0191048,0,0.898243
3745,1.04278,3.05645,0.738894,0.918952,0.0277329,0,0.91937,1.18276,-0.0473839,0,1.18371,1.06047,0.13497,1.01696,0.881253,0.0265952,0,0.881654
3746,1.009,2.97092,0.787274,0.941549,0.00859855,0,0.941588,-0.52117,-1.00014,0,1.12778,1.01263,0.0281959,1.0036,0.933152,0.00852187,0,0.933191
3747,0.991054,2.92513,0.812324,0.950493,0.0273003,0,0.950885,0.908634,-1.73733,0,1.9606,0.987581,-0.0277201,0.996496,0.959073,0.0275467,0,0.959469
3748,1.03278,3.03132,0.753747,0.926323,0.0356332,0,0.927008,-0.4317,0.113263,0,0.446311,1.04612,0.102936,1.01291,0.896922,0.0345023,0,0.897586
3749,1.0828,3.155,0.6731,0.876802,0.0198513,0,0.877027,1.0479,0.0105558,0,1.04795,1.11993,0.267696,1.03429,0.809754,0.0183333,0,0.809962
3750,1.05702,3.09178,0.716316,0.905604,0.0311083,0,0.906138,1.11083,-0.031068,0,1.11126,1.08135,0.181595,1.02302,0.856753,0.0294302,0,0.857258
3751,1.07534,3.13584,0.682419,0.881764,0.021385,0,0.882023,1.06057,0.00965901,0,1.06061,1.10964,0.244739,1.0319,0.819984,0.0198867,0,0.820226
3752,0.977152,2.8897,0.832262,0.95759,0.0194837,0,0.957789,0.324519,1.74266,0,1.77262,0.96812,-0.0711617,0.990756,0.979981,0.0199393,0,0.980184
3753,1.00046,2.94925,0.799515,0.946044,0.0295484,0,0.946506,1.36171,-1.40047,0,1.95335,1.00061,0.00135772,1.00014,0.945606,0.0295347,0,0.946067
3754,1.0033,2.95648,0.795502,0.944512,0.0292091,0,0.944963,1.47144,-1.21283,0,1.90685,1.00459,0.0102398,1.00128,0.941403,0.029113,0,0.941853
3755,1.04921,3.07202,0.727302,0.911794,0.0156241,0,0.911928,1.14925,0.0485311,0,1.15028,1.07029,0.156893,1.02009,0.869029,0.0148912,0,0.869156
3756,1.07524,3.13613,0.684575,0.883985,0.0297338,0,0.884485,1.06068,-0.00692552,0,1.0607,1.10894,0.243164,1.03134,0.82213,0.0276533,0,0.822595
3757,1.06602,3.11446,0.703417,0.898248,0.0338856,0,0.898887,1.08167,-0.0266559,0,1.082,1.09419,0.210252,1.02643,0.842622,0.0317872,0,0.843222
3758,1.07852,3.14379,0.677666,0.878497,0.0293894,0,0.878989,1.05427,-0.00485518,0,1.05428,1.11424,0.255001,1.03312,0.814539,0.0272497,0,0.814995
3759,1.08709,3.16508,0.664365,0.86977,0.0202522,0,0.870005,1.04145,0.00790498,0,1.04148,1.12678,0.282984,1.03651,0.800091,0.0186298,0,0.800307
3760,1.08305,3.15449,0.668612,0.871383,0.0289437,0,0.871863,1.04675,-0.00240098,0,1.04675,1.12143,0.271041,1.03543,0.804562,0.0267242,0,0.805005
3761,1.00305,2.95579,0.795676,0.944882,0.00765302,0,0.944913,-0.379861,-1.28572,0,1.34066,1.00429,0.00957507,1.00123,0.942005,0.00762971,0,0.942036
3762,1.01091,2.97578,0.78458,0.939668,0.0394738,0,0.940497,-0.569495,0.607254,0,0.832515,1.01531,0.0341845,1.00436,0.929528,0.0390478,0,0.930348
3763,0.997762,2.94232,0.803172,0.946942,0.039742,0,0.947775,-0.459826,1.09735,0,1.1898,0.99687,-0.00698669,0.999106,0.949066,0.0398311,0,0.949901
3764,1.10536,3.21114,0.638473,0.852609,0.0182216,0,0.852804,1.02122,0.00485732,0,1.02123,1.15287,0.341221,1.04297,0.771337,0.0164847,0,0.771513
3765,1.00528,2.96147,0.792566,0.943278,0.0289215,0,0.943721,1.53043,-1.05091,0,1.85651,1.0074,0.0165194,1.00211,0.938324,0.0287696,0,0.938765
3766,1.02697,3.01656,0.761819,0.930499,0.0164827,0,0.930645,-0.511836,-0.250298,0,0.569759,1.03795,0.084718,1.01069,0.90606,0.0160498,0,0.906202
3767,0.999436,2.94658,0.800788,0.946837,0.00777685,0,0.946868,-0.267286,-1.42094,0,1.44586,0.99922,-0.00174204,0.999783,0.947371,0.00778123,0,0.947403
3768,0.995301,2.93606,0.80668,0.949049,0.00901468,0,0.949091,-0.114851,-1.55843,0,1.56266,0.993417,-0.0146943,0.998107,0.95353,0.00905724,0,0.953573
3769,1.00703,2.96593,0.790128,0.942347,0.0285776,0,0.942781,1.56195,-0.905577,0,1.80548,1.00985,0.0219811,1.0028,0.935769,0.0283781,0,0.936199
3770,1.08677,3.16262,0.65878,0.862585,0.0275681,0,0.863025,1.03967,-0.000737965,0,1.03967,1.12798,0.285663,1.03792,0.793715,0.025367,0,0.79412
3771,1.09386,3.18103,0.650627,0.8585,0.0208507,0,0.858753,1.03145,0.0054004,0,1.03147,1.13758,0.30709,1.03996,0.784832,0.0190615,0,0.785064
3772,1.00868,2.97012,0.787789,0.941414,0.0282083,0,0.941837,1.57529,-0.770532,0,1.75364,1.01216,0.0271503,1.00346,0.933315,0.0279657,0,0.933734
3773,1.01025,2.97411,0.785538,0.940492,0.0278299,0,0.940904,1.57264,-0.65233,0,1.70256,1.01438,0.0320948,1.00409,0.930952,0.0275476,0,0.93136
3774,1.1062,3.20733,0.615257,0.824332,0.0224794,0,0.824638,1.01834,0.00133108,0,1.01834,1.15998,0.357103,1.04862,0.745192,0.0203213,0,0.745469
3775,1.03607,3.03965,0.749015,0.924084,0.034247,0,0.924718,-0.407203,0.0755107,0,0.414145,1.0508,0.113384,1.01421,0.891908,0.0330545,0,0.89252
3776,1.035,3.03691,0.750432,0.925082,0.021543,0,0.925333,-0.433526,-0.104055,0,0.445839,1.04931,0.110065,1.01382,0.893795,0.0208144,0,0.894038
3777,1.02334,3.0071,0.766128,0.931685,0.0259296,0,0.932045,1.37462,-0.157535,0,1.38362,1.03306,0.0737939,1.0095,0.910439,0.0253383,0,0.910791
3778,1.02541,3.01254,0.763797,0.931291,0.0137511,0,0.931393,1.35979,0.158923,0,1.36905,1.03582,0.0799488,1.01015,0.908211,0.0134103,0,0.90831
3779,1.01827,2.99437,0.773775,0.935323,0.0266183,0,0.935702,1.45554,-0.268552,0,1.48011,1.02578,0.0575506,1.00738,0.918542,0.0261407,0,0.918914
3780,1.02204,3.00377,0.767848,0.932645,0.0128431,0,0.932733,1.40407,0.21612,0,1.42061,1.03126,0.0697798,1.00902,0.912535,0.0125661,0,0.912621
3781,1.01595,2.98863,0.777562,0.937265,0.0268946,0,0.937651,1.49656,-0.348048,0,1.5365,1.02238,0.0499476,1.00632,0.922547,0.0264723,0,0.922927
3782,1.01694,2.99113,0.776164,0.936983,0.0114628,0,0.937053,1.48736,0.368098,0,1.53224,1.02376,0.0530404,1.00671,0.921378,0.0112719,0,0.921447
3783,1.01375,2.98302,0.780669,0.938554,0.0271838,0,0.938947,1.53275,-0.442611,0,1.59538,1.01927,0.0430235,1.00545,0.925827,0.0268153,0,0.926216
3784,1.01474,2.98556,0.779339,0.938375,0.0109166,0,0.938438,1.5201,0.461437,0,1.5886,1.02065,0.0460934,1.00583,0.924746,0.010758,0,0.924808
3785,1.01184,2.97814,0.783237,0.939525,0.0275228,0,0.939928,1.55826,-0.546363,0,1.65127,1.01663,0.037123,1.00473,0.928531,0.0272008,0,0.928929
3786,1.01267,2.98022,0.781946,0.939261,0.0103073,0,0.939318,1.54272,0.567755,0,1.64388,1.01783,0.0398021,1.0051,0.927509,0.0101783,0,0.927565
3787,1.01081,2.97548,0.784519,0.940292,0.00975204,0,0.940342,1.55449,0.684701,0,1.6986,1.01523,0.0340046,1.00437,0.930234,0.00964772,0,0.930284
3788,1.02395,3.00892,0.766187,0.93191,0.037666,0,0.932671,-0.500931,0.249086,0,0.559442,1.03366,0.0751419,1.00949,0.910111,0.036785,0,0.910854
3789,1.02948,3.0229,0.758169,0.92874,0.0179396,0,0.928914,-0.486853,-0.195853,0,0.52477,1.04153,0.0926951,1.0117,0.902142,0.0174258,0,0.90231
3790,1.02452,3.01034,0.765281,0.932079,0.0152116,0,0.932203,-0.535577,-0.312693,0,0.620177,1.0345,0.0770022,1.00974,0.909769,0.0148475,0,0.90989
3791,1.00897,2.97084,0.787265,0.941511,0.00914291,0,0.941556,1.5519,0.816383,0,1.75353,1.01261,0.0281455,1.0036,0.933138,0.00906159,0,0.933182
3792,1.00705,2.96606,0.790344,0.942992,0.00846636,0,0.94303,1.52572,0.970627,0,1.8083,1.00981,0.0218937,1.00274,0.936388,0.00840707,0,0.936426
3793,1.00427,2.95891,0.793994,0.944259,0.00732043,0,0.944287,1.45956,1.15783,0,1.86303,1.00599,0.0133683,1.00171,0.94024,0.00728927,0,0.940268
3794,1.00137,2.95153,0.798163,0.945915,0.00690353,0,0.94594,1.35683,1.36115,0,1.9219,1.0019,0.00423094,1.00053,0.944623,0.0068941,0,0.944648
3795,1.03644,3.04068,0.748834,0.924469,0.0263323,0,0.924844,1.23221,-0.0602431,0,1.23368,1.05122,0.114329,1.01426,0.891964,0.0254064,0,0.892326
3796,1.03025,3.02513,0.758116,0.929207,0.025084,0,0.929545,1.2955,-0.0780675,0,1.29785,1.04232,0.0944569,1.01171,0.901924,0.0243475,0,0.902253
3797,1.02891,3.02169,0.759788,0.930056,0.0149272,0,0.930176,1.31738,0.112644,0,1.32219,1.04049,0.0903822,1.01125,0.903921,0.0145077,0,0.904037
3798,1.01141,2.97703,0.78383,0.940114,0.00934573,0,0.94016,-0.556461,-0.872332,0,1.0347,1.01603,0.0357758,1.00457,0.92951,0.00924032,0,0.929556
3799,1.01366,2.98276,0.78067,0.93881,0.0102246,0,0.938866,-0.577713,-0.75356,0,0.949528,1.01919,0.0428251,1.00545,0.926161,0.0100868,0,0.926216
3800,0.995582,2.9368,0.80636,0.948957,0.0115496,0,0.949027,-0.111668,-1.77948,0,1.78298,0.993789,-0.0138639,0.998199,0.953168,0.0116008,0,0.953238
3801,1.04465,3.06043,0.733553,0.914857,0.0169098,0,0.915013,1.17514,0.0449787,0,1.176,1.06388,0.14259,1.01841,0.875753,0.016187,0,0.875903
3802,0.989055,2.92013,0.81551,0.951655,0.0337481,0,0.952254,-0.291014,1.59708,0,1.62338,0.984687,-0.0341808,0.995584,0.962186,0.0341215,0,0.962791
3803,1.03261,3.03075,0.753468,0.926224,0.0245031,0,0.926549,-0.46261,-0.0567157,0,0.466074,1.04602,0.102733,1.01299,0.896973,0.0237292,0,0.897287
3804,1.02089,3.00113,0.770452,0.934356,0.0169483,0,0.934509,-0.617683,-0.328091,0,0.699411,1.02937,0.0655483,1.0083,0.915237,0.0166015,0,0.915387
3805,1.05304,3.0812,0.720104,0.906885,0.017274,0,0.90705,1.13153,0.032802,0,1.13201,1.07622,0.170132,1.02201,0.861209,0.016404,0,0.861366
3806,1.04598,3.06408,0.732677,0.914794,0.0269346,0,0.91519,1.16501,-0.0306673,0,1.16541,1.06548,0.146163,1.01864,0.874579,0.0257506,0,0.874958
3807,0.997694,2.94213,0.803214,0.947055,0.0363924,0,0.947754,-0.537566,1.24683,0,1.35778,0.99679,-0.00716607,0.999094,0.949245,0.0364765,0,0.949945
3808,1.01158,2.97749,0.783648,0.939445,0.0357894,0,0.940126,-0.660366,0.55816,0,0.864653,1.01625,0.036281,1.00462,0.92869,0.0353797,0,0.929363
3809,1.00698,2.96577,0.790119,0.942022,0.0362871,0,0.94272,-0.666143,0.777746,0,1.02403,1.0098,0.021867,1.0028,0.935495,0.0360357,0,0.936189
3810,1.09908,3.19148,0.633243,0.841149,0.0252782,0,0.841529,1.02541,0.000979357,0,1.02541,1.14773,0.329749,1.04426,0.765319,0.0229993,0,0.765664
3811,1.03299,3.03176,0.753068,0.926129,0.0244466,0,0.926451,1.26768,-0.0507288,0,1.26869,1.04653,0.103854,1.0131,0.896547,0.0236658,0,0.896859
3812,0.986263,2.9129,0.81911,0.953199,0.0110269,0,0.953263,0.772652,1.9557,0,2.1028,0.980888,-0.0426605,0.99455,0.966475,0.0111805,0,0.96654
3813,1.0404,3.05049,0.742469,0.920914,0.0257442,0,0.921273,-0.382658,-0.0345558,0,0.384215,1.05704,0.127321,1.01599,0.885152,0.0247445,0,0.885498
3814,1.06825,3.11964,0.698645,0.895054,0.0163103,0,0.895202,1.07879,0.0280688,0,1.07915,1.09782,0.218345,1.02768,0.837873,0.0152683,0,0.838012
3815,1.05344,3.08273,0.721389,0.908431,0.0279985,0,0.908863,1.12757,-0.0240961,0,1.12783,1.07627,0.170239,1.02167,0.862349,0.0265782,0,0.862759
3816,1.07238,3.12911,0.689331,0.887505,0.0200395,0,0.887731,1.06833,0.0134195,0,1.06841,1.10467,0.233631,1.03011,0.827605,0.018687,0,0.827816
3817,0.98172,2.90142,0.82595,0.955698,0.0168386,0,0.955846,0.436281,1.96578,0,2.01361,0.974436,-0.0570614,0.992581,0.973494,0.0171522,0,0.973645
3818,1.07977,3.14592,0.672224,0.873143,0.0258873,0,0.873527,1.05236,0.00214645,0,1.05236,1.11703,0.261233,1.03451,0.808639,0.0239748,0,0.808995
3819,1.00972,2.97276,0.786246,0.941096,0.0118042,0,0.94117,-0.658689,-0.968682,0,1.17142,1.01365,0.0304712,1.00389,0.932033,0.0116905,0,0.932107
3820,0.99188,2.92735,0.811576,0.950791,0.014677,0,0.950905,0.144531,-1.9095,0,1.91497,0.988617,-0.025409,0.99671,0.958575,0.0147972,0,0.958689
3821,1.08342,3.15511,0.666909,0.869803,0.0235639,0,0.870122,1.04559,0.00382675,0,1.0456,1.12228,0.272946,1.03586,0.802828,0.0217495,0,0.803122
3822,1.10241,3.19855,0.623593,0.831891,0.0207196,0,0.832149,1.02035,0.00210099,0,1.02035,1.15379,0.343287,1.04661,0.75461,0.0187948,0,0.754844
3823,1.04048,3.05024,0.740823,0.919012,0.0299188,0,0.919499,-0.375699,0.00340249,0,0.375715,1.05758,0.128526,1.01644,0.883262,0.0287549,0,0.88373
3824,1.04915,3.07246,0.729494,0.913757,0.0331693,0,0.914358,-0.313378,0.0158117,0,0.313777,1.06961,0.155373,1.0195,0.87095,0.0316154,0,0.871524
3825,1.01658,2.99008,0.776115,0.93658,0.0133762,0,0.936676,1.52768,0.297861,0,1.55645,1.02342,0.0522828,1.00673,0.921301,0.0131579,0,0.921395
3826,0.999118,2.94584,0.801473,0.947255,0.00734024,0,0.947284,1.27712,1.53078,0,1.99357,0.998707,-0.0028862,0.999589,0.948092,0.00734672,0,0.94812
3827,1.03911,3.04692,0.743201,0.92059,0.0256561,0,0.920948,1.21019,-0.0395336,0,1.21084,1.05552,0.123933,1.01579,0.88594,0.0246904,0,0.886284
3828,1.01514,2.98652,0.778583,0.937888,0.0141424,0,0.937995,-0.679843,-0.59656,0,0.904472,1.02127,0.0474669,1.00604,0.923903,0.0139315,0,0.924008
3829,1.00768,2.96757,0.789154,0.942288,0.0111269,0,0.942354,-0.619277,-1.12028,0,1.28005,1.01077,0.0240502,1.00307,0.935108,0.0110421,0,0.935173
3830,1.00443,2.95931,0.79375,0.943474,0.0364646,0,0.944178,-0.650337,0.911042,0,1.11935,1.00622,0.0138764,1.00178,0.93931,0.0363037,0,0.940011
3831,1.01823,2.99415,0.773428,0.934964,0.024675,0,0.935289,1.48302,-0.205478,0,1.49718,1.02584,0.0576758,1.00747,0.918227,0.0242333,0,0.918547
3832,1.01158,2.97748,0.7836,0.939992,0.0125498,0,0.940076,-0.679053,-0.832418,0,1.07426,1.01627,0.0363111,1.00463,0.929231,0.0124061,0,0.929313
3833,0.99504,2.93535,0.806886,0.948679,0.0267954,0,0.949057,1.13318,-1.84842,0,2.16813,0.993098,-0.0154052,0.998049,0.953408,0.026929,0,0.953788
3834,0.984563,2.90869,0.821967,0.954071,0.0300378,0,0.954544,-0.0993516,1.76192,0,1.76472,0.978389,-0.0482392,0.993729,0.96903,0.0305088,0,0.96951
3835,1.06153,3.10248,0.707451,0.8996,0.0175073,0,0.89977,1.09918,0.0282392,0,1.09954,1.08846,0.19745,1.02537,0.847459,0.0164926,0,0.847619
3836,0.993573,2.93162,0.809025,0.949208,0.0357038,0,0.94988,-0.434884,1.41916,0,1.48429,0.991028,-0.0200275,0.997438,0.955349,0.0359348,0,0.956024
3837,1.03768,3.04314,0.744741,0.92125,0.0161674,0,0.921392,1.22545,0.0608155,0,1.22696,1.05363,0.11971,1.01537,0.887801,0.0155804,0,0.887937
3838,0.989966,2.92249,0.814363,0.951749,0.0194214,0,0.951948,0.451311,-1.98178,0,2.03252,0.985919,-0.03143,0.995912,0.961396,0.0196182,0,0.961596
3839,1.01694,2.9911,0.776017,0.936778,0.015007,0,0.936898,-0.665638,-0.497505,0,0.831014,1.02381,0.053142,1.00675,0.921173,0.0147571,0,0.921291
3840,1.00136,2.9515,0.798094,0.945158,0.036505,0,0.945863,-0.612071,1.06986,0,1.23257,1.00191,0.00426383,1.00055,0.943872,0.0364554,0,0.944576
3841,1.10235,3.20428,0.645492,0.858896,0.0191284,0,0.859109,1.02471,0.00617536,0,1.02472,1.14781,0.329922,1.04124,0.779153,0.0173524,0,0.779346
3842,1.09819,3.1914,0.642554,0.852011,0.0210255,0,0.85227,1.02748,0.00419249,0,1.02749,1.14428,0.322045,1.04197,0.775833,0.0191456,0,0.776069
3843,1.03141,3.02766,0.755035,0.927057,0.0160915,0,0.927196,1.28882,0.0801891,0,1.29131,1.04436,0.0990232,1.01256,0.898826,0.0156015,0,0.898962
3844,1.0239,3.00888,0.766596,0.932762,0.0238749,0,0.933068,1.38682,-0.105526,0,1.39083,1.03349,0.0747628,1.00937,0.910991,0.0233176,0,0.91129
3845,1.01338,2.98205,0.781069,0.938939,0.0133685,0,0.939034,-0.686161,-0.706939,0,0.98518,1.01879,0.0419422,1.00534,0.926545,0.0131921,0,0.926639
3846,0.99327,2.93088,0.809566,0.950109,0.00902719,0,0.950152,1.10273,1.83847,0,2.14382,0.990572,-0.021045,0.997284,0.956547,0.00908836,0,0.95659
3847,1.01379,2.98311,0.780515,0.93815,0.0355639,0,0.938823,-0.644531,0.468551,0,0.796844,1.01936,0.0432214,1.0055,0.925388,0.0350801,0,0.926053
3848,1.10229,3.19806,0.62308,0.830889,0.0297232,0,0.83142,1.02063,-0.000368651,0,1.02063,1.1538,0.343305,1.04673,0.753786,0.026965,0,0.754268
3849,0.981437,2.90071,0.82639,0.955715,0.024115,0,0.956019,0.143119,1.89229,0,1.89769,0.974031,-0.0579661,0.992454,0.973791,0.0245711,0,0.974101
3850,1.07201,3.1286,0.691364,0.889317,0.0298017,0,0.889816,1.06862,-0.00987551,0,1.06866,1.10372,0.231523,1.02958,0.829579,0.0277999,0,0.830045
3851,1.03946,3.04811,0.743839,0.921371,0.0331041,0,0.921966,-0.37956,0.0382585,0,0.381483,1.05569,0.124314,1.01562,0.886397,0.0318475,0,0.886969
3852,1.05281,3.0817,0.724228,0.911027,0.0310956,0,0.911557,-0.30434,-0.0093329,0,0.304483,1.07483,0.167028,1.02091,0.865327,0.0295358,0,0.865831
3853,1.01886,2.99599,0.773316,0.935618,0.01594,0,0.935754,-0.643943,-0.406625,0,0.761582,1.02651,0.0591799,1.00751,0.918294,0.0156448,0,0.918428
3854,1.01597,2.98864,0.777391,0.936819,0.0352683,0,0.937483,-0.625263,0.389401,0,0.736605,1.02244,0.0500953,1.00637,0.922093,0.0347139,0,0.922746
3855,1.02588,3.01384,0.763513,0.930915,0.0332899,0,0.93151,-0.519761,0.148385,0,0.540527,1.03637,0.0811906,1.01022,0.907427,0.03245,0,0.908007
3856,1.02776,3.01861,0.760826,0.930038,0.0210227,0,0.930275,-0.524991,-0.142555,0,0.544002,1.03904,0.087133,1.01097,0.904913,0.0204548,0,0.905144
3857,0.991144,2.92543,0.812439,0.950774,0.0246039,0,0.951092,0.795017,-1.97129,0,2.12557,0.987639,-0.027592,0.996463,0.959269,0.0248237,0,0.95959
3858,1.02863,3.02079,0.759587,0.929127,0.0325885,0,0.929698,-0.490913,0.104828,0,0.501981,1.04026,0.0898684,1.01131,0.903267,0.0316815,0,0.903823
3859,1.03172,3.02867,0.755316,0.927247,0.0317572,0,0.927791,-0.462573,0.0662168,0,0.467288,1.0446,0.0995585,1.01248,0.898736,0.0307807,0,0.899263
3860,1.05871,3.09564,0.712403,0.902616,0.0292338,0,0.90309,1.10194,-0.0197395,0,1.10212,1.08419,0.187917,1.02406,0.85256,0.0276126,0,0.853007
3861,1.06337,3.10754,0.706277,0.899467,0.0302464,0,0.899976,1.09318,-0.0196688,0,1.09335,1.09068,0.202412,1.02568,0.845862,0.0284438,0,0.84634
3862,1.07896,3.14437,0.675146,0.876055,0.022775,0,0.876351,1.05382,0.00646824,0,1.05384,1.11539,0.257568,1.03376,0.811944,0.0211083,0,0.812218
3863,0.999824,2.94751,0.800032,0.946029,0.0279833,0,0.946443,1.39543,-1.62066,0,2.13864,0.999822,-0.000397482,0.999998,0.946195,0.0279882,0,0.946609
3864,1.00254,2.95455,0.796635,0.945029,0.0277784,0,0.945438,1.55239,-1.38544,0,2.08072,1.0035,0.00781481,1.00096,0.942637,0.0277081,0,0.943044
3865,1.06789,3.11915,0.700578,0.896588,0.0320879,0,0.897162,1.07915,-0.0203238,0,1.07934,1.09692,0.216331,1.02718,0.839586,0.0300478,0,0.840124
3866,1.07515,3.13447,0.679527,0.878066,0.0257369,0,0.878444,1.05957,0.000698509,0,1.05957,1.11024,0.246076,1.03264,0.816694,0.023938,0,0.817045
3867,1.0053,2.96151,0.792512,0.943625,0.0105441,0,0.943684,-0.551239,-1.28719,0,1.40026,1.00744,0.0165998,1.00213,0.93865,0.0104885,0,0.938709
3868,1.0093,2.97169,0.786831,0.94071,0.0360383,0,0.941401,-0.668604,0.662678,0,0.941368,1.01306,0.0291581,1.00373,0.93204,0.0357062,0,0.932724
3869,1.00457,2.95973,0.793751,0.943921,0.0272148,0,0.944313,1.63561,-1.18039,0,2.01707,1.00636,0.0141932,1.00178,0.939622,0.0270909,0,0.940013
3870,1.02528,3.01226,0.764172,0.931481,0.0194062,0,0.931683,-0.557074,-0.196247,0,0.59063,1.03558,0.0794162,1.01004,0.908512,0.0189277,0,0.908709
3871,1.02071,3.00069,0.77078,0.934062,0.0344593,0,0.934697,-0.5759,0.253785,0,0.629339,1.02909,0.0649269,1.00821,0.915114,0.0337603,0,0.915736
3872,1.00254,2.95448,0.796388,0.945124,0.0101099,0,0.945178,-0.447124,-1.45534,0,1.52248,1.00357,0.00797328,1.00103,0.94273,0.0100843,0,0.942784
3873,0.999314,2.94627,0.800968,0.946885,0.0102698,0,0.946941,-0.308065,-1.61825,0,1.64731,0.999046,-0.00212857,0.999732,0.947535,0.0102769,0,0.947591
3874,1.00603,2.96338,0.791476,0.942891,0.0268871,0,0.943274,1.67315,-1.00531,0,1.95194,1.00846,0.0188946,1.00242,0.937237,0.0267259,0,0.937618
3875,1.00748,2.96707,0.789494,0.942153,0.0265305,0,0.942526,1.68543,-0.849183,0,1.88727,1.01048,0.0233831,1.00298,0.935161,0.0263336,0,0.935531
3876,1.00886,2.97058,0.787515,0.941352,0.0262001,0,0.941716,1.68043,-0.708655,0,1.82374,1.01243,0.027736,1.00353,0.933083,0.02597,0,0.933445
3877,1.03018,3.02471,0.757271,0.928282,0.0226486,0,0.928558,-0.492711,-0.0958218,0,0.501942,1.04249,0.094846,1.01195,0.901083,0.021985,0,0.901351
3878,1.01905,2.99623,0.772243,0.934655,0.0141536,0,0.934763,1.47489,0.220687,0,1.49131,1.027,0.0602745,1.0078,0.917184,0.013889,0,0.917289
3879,1.01589,2.98833,0.777153,0.936818,0.0250178,0,0.937152,1.53477,-0.277625,0,1.55967,1.02243,0.0500637,1.00644,0.922165,0.0246265,0,0.922494
3880,1.02218,3.00439,0.768557,0.933512,0.0150064,0,0.933632,1.42181,0.157082,0,1.43047,1.0312,0.0696504,1.00883,0.913256,0.0146808,0,0.913374
3881,1.02081,3.00079,0.77005,0.933689,0.0241732,0,0.934002,1.43372,-0.149396,0,1.44148,1.0294,0.0656262,1.00841,0.914654,0.0236804,0,0.91496
3882,1.01379,2.98312,0.780602,0.938573,0.0252905,0,0.938914,1.58541,-0.367863,0,1.62753,1.01934,0.0431594,1.00547,0.925808,0.0249466,0,0.926144
3883,1.01443,2.98475,0.779702,0.938451,0.0128966,0,0.93854,1.57635,0.389655,0,1.6238,1.02023,0.0451631,1.00572,0.925105,0.0127132,0,0.925193
3884,1.01187,2.97825,0.783282,0.93966,0.0255743,0,0.940008,1.62852,-0.473726,0,1.69602,1.01665,0.0371673,1.00472,0.928634,0.0252742,0,0.928978
3885,1.01245,2.97972,0.782476,0.939599,0.012408,0,0.939681,1.61608,0.496905,0,1.69074,1.01746,0.0389723,1.00495,0.928045,0.0122554,0,0.928126
3886,1.01027,2.97416,0.785477,0.940505,0.0258723,0,0.940861,1.66054,-0.586087,0,1.76093,1.01442,0.0321859,1.00411,0.930943,0.0256092,0,0.931295
3887,1.01065,2.97507,0.784784,0.940397,0.0119397,0,0.940473,1.64574,0.616768,0,1.75752,1.015,0.0334715,1.0043,0.930488,0.0118139,0,0.930563
3888,1.02323,3.00709,0.767255,0.932555,0.0339537,0,0.933173,-0.548261,0.198283,0,0.583015,1.03263,0.0728323,1.00919,0.911387,0.033183,0,0.911991
3889,1.02306,3.00664,0.767393,0.932991,0.0181568,0,0.933168,-0.588242,-0.256557,0,0.641756,1.03242,0.0723651,1.00915,0.911964,0.0177476,0,0.912137
3890,1.01826,2.99444,0.774163,0.935459,0.0348939,0,0.936109,-0.602136,0.31884,0,0.681341,1.02566,0.0572747,1.00727,0.918687,0.0342683,0,0.919326
3891,1.00896,2.97077,0.78714,0.941341,0.0114125,0,0.94141,1.66251,0.753003,0,1.82509,1.01263,0.0281954,1.00364,0.932981,0.0113111,0,0.933049
3892,1.00741,2.96695,0.789793,0.942714,0.0109,0,0.942777,1.65831,0.914082,0,1.89355,1.01032,0.0230349,1.00289,0.935783,0.0108199,0,0.935846
3893,1.00529,2.96151,0.792601,0.943714,0.0100238,0,0.943768,1.62098,1.10989,0,1.96454,1.0074,0.0165184,1.0021,0.938749,0.00997109,0,0.938802
3894,1.00299,2.9556,0.795657,0.944786,0.00960553,0,0.944835,1.54458,1.32886,0,2.03755,1.00423,0.00944634,1.00124,0.941968,0.00957688,0,0.942016
3895,1.02706,3.01693,0.762213,0.93086,0.0234841,0,0.931156,1.34093,-0.0673667,0,1.34262,1.03793,0.0846654,1.01058,0.906334,0.0228654,0,0.906623
3896,1.02541,3.01272,0.764488,0.932006,0.0159619,0,0.932143,1.37041,0.107044,0,1.37458,1.03562,0.0794996,1.00996,0.908913,0.0155664,0,0.909046
3897,0.994107,2.93301,0.808356,0.949127,0.0328486,0,0.949695,-0.502417,1.6219,0,1.69794,0.99175,-0.0184143,0.997629,0.954753,0.0330433,0,0.955325
3898,1.0098,2.97296,0.786161,0.940571,0.0329605,0,0.941148,-0.769541,0.602352,0,0.977252,1.01375,0.0306923,1.00391,0.931445,0.0326407,0,0.932016
3899,1.06931,3.12191,0.695593,0.892328,0.0189566,0,0.892529,1.07686,0.0182247,0,1.07702,1.09977,0.2227,1.02848,0.834486,0.0177278,0,0.834675
3900,1.00353,2.95701,0.795023,0.944077,0.0335621,0,0.944674,-0.763926,1.02294,0,1.27671,1.00495,0.0110537,1.00142,0.940755,0.033444,0,0.94135
3901,1.05691,3.09057,0.713095,0.902161,0.0184379,0,0.90235,1.11351,0.02379,0,1.11377,1.08215,0.183371,1.02388,0.853581,0.017445,0,0.853759
3902,1.03539,3.03766,0.749088,0.923795,0.0269098,0,0.924187,-0.427952,-0.0148969,0,0.428211,1.05008,0.111784,1.01419,0.89222,0.02599,0,0.892599
3903,0.998237,2.94356,0.802587,0.947231,0.0269403,0,0.947614,1.26756,-1.78622,0,2.19028,0.99751,-0.00555735,0.999272,0.948904,0.0269879,0,0.949288
3904,1.04011,3.04861,0.738846,0.916791,0.0177919,0,0.916964,1.2039,0.0390791,0,1.20454,1.05777,0.128941,1.01698,0.881437,0.0171058,0,0.881603
3905,0.99817,2.94349,0.803057,0.947999,0.00912412,0,0.948042,1.29038,1.72731,0,2.15608,0.99731,-0.00600533,0.999138,0.949737,0.00914085,0,0.949781
3906,1.10134,3.1973,0.630449,0.839512,0.0225675,0,0.839815,1.02332,0.00161425,0,1.02333,1.15084,0.336698,1.04494,0.76226,0.0204908,0,0.762536
3907,1.01592,2.98837,0.776946,0.936672,0.023272,0,0.936961,1.5623,-0.202838,0,1.57541,1.02252,0.0502694,1.00649,0.921991,0.0229073,0,0.922275
3908,1.03363,3.03261,0.749462,0.922874,0.0171414,0,0.923033,1.26152,0.0527422,0,1.26262,1.04819,0.107572,1.01409,0.892846,0.0165837,0,0.893
3909,0.999092,2.94572,0.801341,0.947041,0.0123323,0,0.947121,-0.335911,-1.85109,0,1.88133,0.998719,-0.00286035,0.999626,0.947902,0.0123435,0,0.947982
3910,1.04888,3.07057,0.725573,0.909306,0.0260566,0,0.90968,1.14732,-0.0171472,0,1.14745,1.07044,0.157224,1.02055,0.866931,0.0248423,0,0.867287
3911,1.00079,2.95004,0.798869,0.945541,0.0336413,0,0.946139,-0.716992,1.21878,0,1.41403,1.00112,0.00250303,1.00033,0.944791,0.0336146,0,0.945389
3912,0.994396,2.93369,0.807726,0.948984,0.0251608,0,0.949317,1.04245,-2.12625,0,2.36805,0.992218,-0.0173708,0.997809,0.954332,0.0253026,0,0.954667
3913,0.984365,2.90825,0.822461,0.954621,0.021251,0,0.954857,0.235,2.15048,0,2.16328,0.978051,-0.0489922,0.993587,0.969784,0.0215886,0,0.970024
3914,1.02819,3.0195,0.759597,0.928963,0.025374,0,0.929309,-0.522067,-0.0418711,0,0.523743,1.03981,0.088863,1.01131,0.903496,0.0246784,0,0.903833
3915,1.00758,2.96734,0.789336,0.942131,0.0248357,0,0.942458,1.80333,-0.774229,0,1.96251,1.01063,0.0237221,1.00302,0.93504,0.0246488,0,0.935365
3916,1.01565,2.98783,0.777883,0.937161,0.0322171,0,0.937715,-0.692658,0.328287,0,0.766516,1.02198,0.04906,1.00623,0.922722,0.0317207,0,0.923267
3917,1.01415,2.98395,0.779735,0.93821,0.0145427,0,0.938323,1.62004,0.308106,0,1.64908,1.01995,0.04453,1.00572,0.925117,0.0143397,0,0.925228
3918,1.01276,2.98048,0.781956,0.939275,0.0158755,0,0.939409,-0.791572,-0.645028,0,1.0211,1.01792,0.0399916,1.00509,0.927443,0.0156755,0,0.927576
3919,1.05625,3.08939,0.71585,0.904527,0.0273622,0,0.904941,1.11674,-0.0173024,0,1.11687,1.0807,0.180123,1.02315,0.85636,0.0259051,0,0.856752
3920,1.00518,2.96126,0.792853,0.943588,0.0254763,0,0.943932,1.79925,-1.1234,0,2.12116,1.00722,0.016116,1.00203,0.938726,0.025345,0,0.939068
3921,1.00582,2.96284,0.791774,0.9428,0.0334024,0,0.943392,-0.781898,0.859434,0,1.16189,1.00817,0.0182339,1.00233,0.937343,0.033209,0,0.937932
3922,1.03497,3.03666,0.749955,0.924269,0.0304287,0,0.92477,-0.429295,0.0255836,0,0.430057,1.0494,0.110278,1.01395,0.893044,0.0294007,0,0.893527
3923,1.01778,2.99324,0.774913,0.935934,0.0318538,0,0.936476,-0.660152,0.257621,0,0.708639,1.02496,0.0557199,1.00706,0.919588,0.0312975,0,0.92012
3924,0.992889,2.93003,0.810513,0.950616,0.017035,0,0.950769,0.244973,-2.16724,0,2.18104,0.989924,-0.0224909,0.997014,0.957425,0.017157,0,0.957579
3925,1.0277,3.01801,0.759408,0.928505,0.0169576,0,0.92866,1.33578,0.0705654,0,1.33764,1.03937,0.0878768,1.01136,0.903481,0.0165005,0,0.903632
3926,1.0184,2.99475,0.773756,0.935527,0.0227307,0,0.935803,1.50118,-0.139427,0,1.50764,1.02592,0.0578589,1.00738,0.918623,0.02232,0,0.918894
3927,1.02236,3.0049,0.768489,0.933213,0.030843,0,0.933723,-0.591494,0.140424,0,0.607934,1.03141,0.0701006,1.00885,0.912803,0.0301685,0,0.913302
3928,1.00065,2.94966,0.799024,0.94612,0.00933133,0,0.946166,1.47513,1.51378,0,2.11366,1.00093,0.00208352,1.00028,0.945506,0.00932527,0,0.945552
3929,1.03538,3.03705,0.747013,0.921575,0.0236031,0,0.921877,1.24087,-0.0291267,0,1.24121,1.05066,0.113075,1.01475,0.890083,0.0227966,0,0.890375
3930,1.01927,2.99706,0.772839,0.935477,0.01597,0,0.935613,1.49237,0.152615,0,1.50015,1.02706,0.0604005,1.00764,0.917788,0.015668,0,0.917922
3931,0.990115,2.92285,0.814094,0.95131,0.0309271,0,0.951812,-0.322915,1.82932,0,1.85761,0.986144,-0.0309295,0.995989,0.960807,0.0312359,0,0.961315
3932,1.01429,2.98438,0.779782,0.938357,0.0165996,0,0.938503,-0.771379,-0.532432,0,0.937289,1.02008,0.0448165,1.0057,0.925132,0.0163656,0,0.925277
3933,1.04784,3.06793,0.726984,0.910192,0.0185133,0,0.91038,1.15586,0.0279373,0,1.1562,1.06898,0.153979,1.02017,0.868633,0.017668,0,0.868813
3934,0.997636,2.94198,0.803281,0.947174,0.0335896,0,0.947769,-0.626902,1.41755,0,1.54998,0.996713,-0.00733636,0.999075,0.949418,0.0336692,0,0.950015
3935,0.991328,2.92584,0.812002,0.95075,0.0111967,0,0.950815,1.01521,2.11437,0,2.34547,0.987945,-0.0269079,0.996588,0.959067,0.0112947,0,0.959133
3936,0.985964,2.91219,0.819724,0.953487,0.0148478,0,0.953603,0.612162,2.19535,0,2.27911,0.980417,-0.0437114,0.994374,0.967061,0.0150592,0,0.967178
3937,1.00976,2.97287,0.786196,0.941043,0.014434,0,0.941154,-0.796242,-0.918976,0,1.21594,1.01371,0.0305939,1.0039,0.931944,0.0142945,0,0.932053
3938,0.995663,2.937,0.806238,0.948877,0.0138214,0,0.948978,-0.0810594,-2.03481,0,2.03642,0.993905,-0.0136058,0.998233,0.95301,0.0138816,0,0.953111
3939,1.04184,3.05307,0.736727,0.915774,0.0247798,0,0.916109,1.18918,-0.0227591,0,1.1894,1.06012,0.134194,1.01755,0.879,0.0237848,0,0.879322
3940,1.0082,2.9689,0.788405,0.941949,0.0137841,0,0.942049,-0.775356,-1.07922,0,1.32887,1.01151,0.0257001,1.00328,0.934284,0.013672,0,0.934384
3941,1.0294,3.02224,0.75665,0.926894,0.0227158,0,0.927172,1.30753,-0.0385743,0,1.3081,1.04188,0.0934757,1.01212,0.900417,0.0220669,0,0.900688
3942,1.01125,2.97664,0.784078,0.940156,0.0151394,0,0.940277,-0.801049,-0.775854,0,1.11518,1.0158,0.0352645,1.0045,0.929697,0.014971,0,0.929818
3943,0.986325,2.91322,0.819569,0.953407,0.0271316,0,0.953793,-0.0785899,2.01577,0,2.0173,0.98082,-0.0428124,0.994419,0.966626,0.0275078,0,0.967017
3944,1.06473,3.11012,0.701357,0.895204,0.0191173,0,0.895408,1.08916,0.0175835,0,1.08931,1.09345,0.208587,1.02697,0.840782,0.0179551,0,0.840974
3945,1.01174,2.9779,0.783424,0.939465,0.0327649,0,0.940036,-0.747885,0.49666,0,0.897776,1.01648,0.0367811,1.00468,0.928563,0.0323847,0,0.929127
3946,1.07223,3.12772,0.685873,0.883128,0.0270355,0,0.883542,1.06746,-0.00158966,0,1.06746,1.10548,0.235441,1.03101,0.823636,0.0252142,0,0.824022
3947,1.01593,2.98854,0.777472,0.937372,0.0174406,0,0.937534,-0.744147,-0.430286,0,0.859594,1.02238,0.0499541,1.00635,0.922673,0.0171671,0,0.922833
3948,1.01364,2.98273,0.780691,0.938314,0.0325008,0,0.938877,-0.723324,0.407539,0,0.830233,1.01917,0.0427818,1.00545,0.925684,0.0320633,0,0.926239
3949,1.0177,2.99304,0.774996,0.936315,0.0183411,0,0.936495,-0.710689,-0.340233,0,0.787932,1.02486,0.0554938,1.00704,0.920032,0.0180221,0,0.920209
3950,0.991967,2.92757,0.811426,0.950585,0.021673,0,0.950832,0.629767,-2.21088,0,2.29883,0.988746,-0.0251207,0.996753,0.958283,0.0218485,0,0.958532
3951,1.0249,3.01138,0.764975,0.93173,0.0301033,0,0.932216,-0.556821,0.0923975,0,0.564435,1.03497,0.0780563,1.00982,0.90909,0.0293718,0,0.909564
3952,1.02747,3.01783,0.761129,0.929885,0.0290829,0,0.93034,-0.522514,0.0517367,0,0.525069,1.03865,0.0862765,1.01088,0.905024,0.0283054,0,0.905467
3953,1.07162,3.12593,0.685849,0.882687,0.0238894,0,0.88301,1.06776,0.00439768,0,1.06777,1.10485,0.23405,1.03101,0.823693,0.0222928,0,0.823995
3954,1.00164,2.95212,0.797375,0.945004,0.026348,0,0.945372,1.62447,-1.60283,0,2.2821,1.0024,0.00534656,1.00075,0.943454,0.0263048,0,0.943821
3955,1.06825,3.11964,0.698588,0.894616,0.0306051,0,0.89514,1.07779,-0.013364,0,1.07787,1.09784,0.218392,1.0277,0.83746,0.0286497,0,0.83795
3956,1.00645,2.96445,0.790886,0.942951,0.0131465,0,0.943043,-0.728378,-1.26127,0,1.45648,1.00905,0.020206,1.00258,0.936907,0.0130622,0,0.936998
3957,1.00784,2.96796,0.788915,0.941661,0.0332033,0,0.942247,-0.781416,0.722907,0,1.06452,1.011,0.0245523,1.00314,0.93434,0.0329452,0,0.934921
3958,1.0037,2.95751,0.794985,0.944438,0.0259671,0,0.944795,1.74496,-1.34361,0,2.20231,1.00513,0.0114605,1.00143,0.940955,0.0258713,0,0.94131
3959,1.02156,3.00283,0.76948,0.933842,0.0205654,0,0.934069,-0.636081,-0.19326,0,0.664792,1.03032,0.0676741,1.00857,0.914133,0.0201313,0,0.914355
3960,1.00441,2.95924,0.793765,0.944085,0.0125613,0,0.944169,-0.645752,-1.46116,0,1.59749,1.00619,0.0138073,1.00177,0.939944,0.0125062,0,0.940027
3961,1.002,2.9531,0.797149,0.945392,0.0121235,0,0.94547,-0.51648,-1.65435,0,1.7331,1.00282,0.00628381,1.00081,0.943506,0.0120993,0,0.943584
3962,1.00635,2.96419,0.791013,0.94275,0.0251521,0,0.943086,1.81269,-0.937285,0,2.04067,1.00892,0.019906,1.00255,0.936798,0.0249933,0,0.937132
3963,1.02582,3.01363,0.763416,0.931054,0.0233785,0,0.931347,-0.559063,-0.0841983,0,0.565368,1.03634,0.0811086,1.01025,0.907619,0.02279,0,0.907905
3964,1.01373,2.98286,0.780311,0.938244,0.0237119,0,0.938544,1.62604,-0.285319,0,1.65088,1.01936,0.043204,1.00555,0.925541,0.0233909,0,0.925836
3965,1.01642,2.98965,0.77632,0.936619,0.0152986,0,0.936744,1.55637,0.222051,0,1.57213,1.0232,0.0517806,1.00667,0.921489,0.0150514,0,0.921612
3966,1.02124,3.0021,0.770257,0.934346,0.0224958,0,0.934617,1.44451,-0.0904924,0,1.44734,1.02977,0.0664552,1.00836,0.914915,0.022028,0,0.91518
3967,1.01183,2.97814,0.783321,0.939703,0.0239891,0,0.940009,1.68659,-0.387983,0,1.73064,1.0166,0.0370483,1.00471,0.928716,0.0237086,0,0.929018
3968,1.01218,2.97902,0.782834,0.939705,0.0140862,0,0.93981,1.67807,0.413319,0,1.72823,1.01708,0.0381329,1.00485,0.9284,0.0139167,0,0.928504
3969,1.0102,2.974,0.785628,0.940645,0.0242307,0,0.940957,1.73824,-0.502821,0,1.8095,1.01431,0.0319367,1.00406,0.931145,0.023986,0,0.931454
3970,1.01044,2.9746,0.785253,0.940683,0.0137147,0,0.940783,1.72711,0.533368,0,1.80759,1.01466,0.0327167,1.00417,0.93096,0.0135729,0,0.931059
3971,1.00882,2.97047,0.787548,0.941393,0.0245391,0,0.941713,1.77802,-0.629533,0,1.88618,1.01238,0.027623,1.00352,0.933163,0.0243246,0,0.93348
3972,1.02005,2.99906,0.771805,0.934682,0.0313951,0,0.935209,-0.625962,0.194197,0,0.655394,1.02814,0.0628079,1.00793,0.916308,0.030778,0,0.916824
3973,1.02376,3.00845,0.766514,0.932595,0.0219486,0,0.932853,-0.597505,-0.13533,0,0.612639,1.03338,0.0745049,1.00939,0.91095,0.0214392,0,0.911202
3974,1.01958,2.99781,0.772341,0.935153,0.0193673,0,0.935354,-0.674317,-0.262579,0,0.723638,1.02751,0.0614025,1.00778,0.917196,0.0189954,0,0.917393
3975,1.00881,2.97038,0.787307,0.941356,0.013279,0,0.941449,1.76486,0.67159,0,1.88833,1.01244,0.0277586,1.00359,0.933133,0.013163,0,0.933225
3976,1.00742,2.96693,0.789612,0.942507,0.0128338,0,0.942595,1.7845,0.837084,0,1.97108,1.01038,0.0231724,1.00294,0.935569,0.0127393,0,0.935655
3977,1.0058,2.96284,0.791966,0.943499,0.012216,0,0.943578,1.77689,1.03847,0,2.05809,1.0081,0.0180705,1.00228,0.938055,0.0121455,0,0.938134
3978,1.00403,2.95823,0.794145,0.94414,0.0118595,0,0.944214,1.73112,1.27153,0,2.14792,1.0057,0.0127189,1.00166,0.940353,0.0118119,0,0.940427
3979,1.02397,3.00878,0.76551,0.931684,0.0221822,0,0.931948,1.39163,-0.0527316,0,1.39263,1.03387,0.0756078,1.00967,0.909876,0.021663,0,0.910134
3980,1.02216,3.00432,0.768529,0.933435,0.0167202,0,0.933584,1.43078,0.0969479,0,1.43406,1.03119,0.0696238,1.00884,0.913199,0.0163577,0,0.913345
3981,0.99761,2.94193,0.803371,0.947324,0.0312242,0,0.947839,-0.724183,1.61769,0,1.77239,0.996662,-0.00745166,0.999049,0.949594,0.031299,0,0.950109
3982,1.00028,2.94873,0.799558,0.945862,0.0313201,0,0.946381,-0.827191,1.389,0,1.61665,1.00042,0.000926745,1.00013,0.945594,0.0313112,0,0.946113
3983,1.00268,2.95485,0.796219,0.94462,0.0311856,0,0.945135,-0.890639,1.1574,0,1.46042,1.00376,0.00839914,1.00108,0.942093,0.0311021,0,0.942607
3984,0.998793,2.94499,0.801866,0.947282,0.0140948,0,0.947387,-0.34066,-2.12482,0,2.15195,0.998271,-0.00385947,0.999477,0.948427,0.0141119,0,0.948532
3985,0.996817,2.94001,0.804844,0.948561,0.0108396,0,0.948623,1.28547,2.00321,0,2.38019,0.995451,-0.0101531,0.99863,0.95159,0.0108742,0,0.951652
3986,1.05026,3.07352,0.721672,0.906208,0.0206923,0,0.906445,1.14054,0.0140824,0,1.14063,1.07294,0.162823,1.0216,0.862839,0.019702,0,0.863064
3987,0.994475,2.93396,0.807897,0.949082,0.030428,0,0.949569,-0.56748,1.86063,0,1.94525,0.992247,-0.0173049,0.99776,0.954355,0.0305971,0,0.954845
3988,1.05249,3.0789,0.717646,0.903428,0.0249789,0,0.903773,1.1299,-0.00827436,0,1.12993,1.07635,0.170418,1.02267,0.858373,0.0237332,0,0.858701
3989,1.03133,3.02756,0.755468,0.927187,0.0277983,0,0.927604,-0.482685,0.00121275,0,0.482686,1.04416,0.0985736,1.01244,0.899021,0.0269538,0,0.899425
3990,1.0043,2.95902,0.794152,0.944158,0.0244424,0,0.944475,1.93689,-1.27359,0,2.3181,1.00597,0.0133182,1.00166,0.940119,0.0243378,0,0.940434
3991,1.024,3.00822,0.763177,0.929266,0.0177258,0,0.929435,1.3889,0.0578802,0,1.39011,1.03457,0.0771595,1.01032,0.907485,0.0173103,0,0.90765
3992,1.03829,3.04373,0.740414,0.916826,0.0228799,0,0.917111,1.21582,-0.0112148,0,1.21588,1.05548,0.123829,1.01655,0.883014,0.0220362,0,0.883289
3993,1.01157,2.97746,0.783643,0.939625,0.0302595,0,0.940112,-0.832571,0.425443,0,0.934974,1.01624,0.03626,1.00462,0.928877,0.0299133,0,0.929359
3994,1.04299,3.05526,0.732416,0.912073,0.0196044,0,0.912283,1.18214,0.0210091,0,1.18232,1.06251,0.139536,1.01871,0.874475,0.0187963,0,0.874677
3995,1.04472,3.05956,0.729689,0.910424,0.0232993,0,0.910722,1.16908,-0.00824804,0,1.1691,1.06504,0.14518,1.01945,0.871449,0.0223019,0,0.871734
3996,1.03169,3.02717,0.750383,0.922053,0.0219739,0,0.922315,1.27554,-0.014755,0,1.27562,1.04596,0.102592,1.01383,0.893732,0.0212989,0,0.893986
3997,1.01718,2.99176,0.775834,0.936465,0.0293168,0,0.936924,-0.713146,0.188076,0,0.737529,1.0241,0.0538042,1.0068,0.920646,0.0288215,0,0.921097
3998,1.01198,2.97851,0.783061,0.939702,0.017854,0,0.939872,-0.892144,-0.568399,0,1.05783,1.01682,0.0375498,1.00478,0.928577,0.0176426,0,0.928744
3999,0.986858,2.91442,0.818249,0.952771,0.0186121,0,0.952953,0.393993,2.42772,0,2.45948,0.981724,-0.0407951,0.994798,0.965459,0.0188599,0,0.965644
4000,0.987902,2.91727,0.817456,0.952831,0.0244891,0,0.953146,-0.0167698,2.30627,0,2.30633,0.982987,-0.0379745,0.995026,0.9645,0.024789,0,0.964818
4001,1.0054,2.9618,0.792482,0.943439,0.0240282,0,0.943745,1.95835,-1.04085,0,2.21777,1.00754,0.016841,1.00213,0.938373,0.0238991,0,0.938677
4002,1.0683,3.11788,0.69171,0.886738,0.0268448,0,0.887144,1.07627,-0.00261126,0,1.07628,1.09981,0.22279,1.02949,0.830043,0.0251284,0,0.830424
4003,0.995888,2.93767,0.806254,0.949077,0.0157209,0,0.949207,-0.00996803,-2.32513,0,2.32515,0.994124,-0.0131162,0.998229,0.952996,0.0157859,0,0.953127
4004,1.00006,2.94817,0.799899,0.946168,0.0260584,0,0.946527,1.50669,-1.81675,0,2.36024,1.0001,0.000213177,1.00004,0.946111,0.0260569,0,0.94647
4005,1.00144,2.95168,0.797941,0.945675,0.0137584,0,0.945775,-0.579293,-1.89209,0,1.97878,1.00203,0.00453254,1.00059,0.944316,0.0137386,0,0.944416
4006,0.99413,2.93298,0.80801,0.949086,0.0227215,0,0.949358,0.887974,-2.42261,0,2.58022,0.991872,-0.018143,0.997729,0.95469,0.0228557,0,0.954964
4007,1.01174,2.97784,0.783214,0.939539,0.0225615,0,0.93981,1.73041,-0.292528,0,1.75496,1.01654,0.0369109,1.00474,0.928637,0.0222998,0,0.928905
4008,1.02401,3.00889,0.765413,0.931526,0.0258234,0,0.931884,-0.587742,-0.0214435,0,0.588133,1.03395,0.0757754,1.0097,0.909681,0.0252178,0,0.91003
4009,1.01372,2.98282,0.780268,0.938232,0.0220405,0,0.938491,1.65371,-0.197626,0,1.66548,1.01936,0.0432137,1.00557,0.925536,0.0217422,0,0.925791
4010,1.05944,3.09632,0.707229,0.897517,0.0203407,0,0.897747,1.10272,0.014605,0,1.10281,1.08638,0.192817,1.02543,0.84716,0.0191994,0,0.847378
4011,1.05839,3.09373,0.709016,0.898535,0.0260075,0,0.898911,1.10717,-0.0060367,0,1.10719,1.0848,0.189285,1.02496,0.848968,0.0245729,0,0.849323
4012,1.03602,3.03797,0.743681,0.918545,0.0187916,0,0.918738,1.23548,0.0305032,0,1.23586,1.05224,0.116612,1.01566,0.886614,0.0181384,0,0.886799
4013,1.06711,3.11503,0.693984,0.888531,0.0222938,0,0.888811,1.07968,0.0081753,0,1.07972,1.09795,0.218639,1.0289,0.832652,0.0208917,0,0.832914
4014,1.02972,3.02235,0.753799,0.924141,0.0180882,0,0.924318,1.30222,0.041544,0,1.30288,1.043,0.0959838,1.0129,0.897469,0.0175662,0,0.897641
4015,1.05278,3.07963,0.71723,0.903298,0.021088,0,0.903544,1.12927,0.0150745,0,1.12937,1.07676,0.171334,1.02278,0.858016,0.0200308,0,0.85825
4016,1.00641,2.96433,0.790945,0.942765,0.0237238,0,0.943064,1.94529,-0.84743,0,2.12186,1.00899,0.0200699,1.00257,0.936763,0.0235727,0,0.93706
4017,1.01066,2.97515,0.784918,0.940472,0.0171876,0,0.940629,-0.918772,-0.701046,0,1.15568,1.01497,0.0334184,1.00426,0.930549,0.0170062,0,0.930705
4018,1.01195,2.9784,0.782976,0.939625,0.0155746,0,0.939754,1.72574,0.318827,0,1.75495,1.01682,0.0375406,1.00481,0.928526,0.0153906,0,0.928654
4019,1.00473,2.96006,0.793323,0.943496,0.0310421,0,0.944006,-0.913472,0.957034,0,1.32301,1.00664,0.0148107,1.0019,0.939054,0.0308959,0,0.939562
4020,1.0082,2.96888,0.788424,0.941562,0.0306707,0,0.942062,-0.893091,0.651237,0,1.10531,1.0115,0.0256697,1.00328,0.933908,0.0304214,0,0.934403
4021,1.01337,2.98205,0.781101,0.938881,0.0185638,0,0.939064,-0.857194,-0.454411,0,0.970191,1.01878,0.0419136,1.00533,0.926491,0.0183188,0,0.926672
4022,1.02597,3.01301,0.75964,0.927108,0.0214352,0,0.927356,1.35194,-0.0217298,0,1.35212,1.03756,0.0838407,1.01129,0.903638,0.0208925,0,0.903879
4023,1.0187,2.99546,0.773161,0.935185,0.0215422,0,0.935433,1.50974,-0.0718106,0,1.51144,1.02639,0.0589043,1.00755,0.918019,0.0211468,0,0.918263
4024,1.01489,2.98592,0.778971,0.937987,0.0194001,0,0.938187,-0.816323,-0.351791,0,0.888898,1.02091,0.0466759,1.00593,0.924222,0.0191154,0,0.924419
4025,1.01333,2.98195,0.781165,0.938617,0.0299833,0,0.939096,-0.794931,0.334347,0,0.862382,1.01872,0.0417827,1.00531,0.926268,0.0295888,0,0.92674
4026,0.99993,2.94793,0.800403,0.94687,0.0108253,0,0.946932,1.52889,1.74712,0,2.32162,0.999822,-0.000397144,0.999892,0.946937,0.0108261,0,0.946999
4027,1.01396,2.98343,0.779907,0.938186,0.0162704,0,0.938327,1.64983,0.219963,0,1.66442,1.01971,0.0439855,1.00567,0.92527,0.0160464,0,0.925409
4028,0.990979,2.9251,0.813017,0.951102,0.0285141,0,0.95153,-0.336187,2.1014,0,2.12813,0.98731,-0.0283269,0.996298,0.959761,0.0287737,0,0.960192
4029,1.00989,2.97319,0.786042,0.940614,0.0304695,0,0.941108,-0.86565,0.527762,0,1.01385,1.01388,0.0309725,1.00395,0.931403,0.0301711,0,0.931892
4030,0.989983,2.92231,0.813556,0.951029,0.0139237,0,0.951131,0.865357,2.40964,0,2.56031,0.986165,-0.0308815,0.996143,0.960651,0.0140646,0,0.960754
4031,1.00941,2.97196,0.786703,0.941216,0.0165326,0,0.941361,-0.931919,-0.851338,0,1.26224,1.0132,0.0294733,1.00376,0.932445,0.0163785,0,0.932588
4032,1.00817,2.96881,0.788462,0.941939,0.015936,0,0.942074,-0.930499,-1.0173,0,1.37867,1.01146,0.0255787,1.00327,0.93431,0.0158069,0,0.934444
4033,1.0235,3.00771,0.766652,0.932345,0.0278432,0,0.932761,-0.588414,0.0308433,0,0.589222,1.03307,0.0738207,1.00936,0.910942,0.027204,0,0.911348
4034,0.993646,2.93186,0.809079,0.949809,0.0193676,0,0.950007,0.407766,-2.44397,0,2.47775,0.991086,-0.0198969,0.997423,0.955883,0.0194914,0,0.956081
4035,1.02143,3.00252,0.769729,0.933794,0.0282102,0,0.93422,-0.629453,0.0763744,0,0.63407,1.03012,0.0672219,1.0085,0.914202,0.0276183,0,0.914619
4036,1.00685,2.96545,0.79033,0.942697,0.0153289,0,0.942821,-0.906748,-1.20945,0,1.51161,1.00961,0.0214398,1.00274,0.936288,0.0152247,0,0.936411
4037,1.00651,2.9646,0.790804,0.942506,0.0308575,0,0.943011,-0.910763,0.790998,0,1.2063,1.00914,0.0203923,1.00261,0.936409,0.0306578,0,0.93691
4038,1.00286,2.95526,0.795776,0.944514,0.0248176,0,0.94484,1.8548,-1.55165,0,2.41824,1.00407,0.00908549,1.0012,0.941817,0.0247468,0,0.942142
4039,1.01653,2.99008,0.776665,0.936998,0.0203013,0,0.937218,-0.771263,-0.264115,0,0.815232,1.02321,0.0518118,1.00657,0.921761,0.0199712,0,0.921978
4040,1.00535,2.96163,0.792446,0.943542,0.0147421,0,0.943657,-0.849544,-1.42749,0,1.66116,1.0075,0.0167452,1.00214,0.938525,0.0146637,0,0.938639
4041,1.00359,2.95715,0.794919,0.944511,0.01416,0,0.944617,-0.743784,-1.66574,0,1.82426,1.00504,0.0112468,1.00145,0.941134,0.0141094,0,0.94124
4042,1.02015,2.99926,0.771488,0.934684,0.0226253,0,0.934958,-0.67837,-0.122948,0,0.689421,1.02833,0.0632355,1.00801,0.916219,0.0221783,0,0.916488
4043,1.01651,2.98993,0.776341,0.936702,0.0167282,0,0.936851,1.57297,0.14307,0,1.57946,1.02328,0.0519743,1.00666,0.921487,0.0164564,0,0.921634
4044,1.01612,2.98899,0.77711,0.937068,0.0216086,0,0.937317,1.57871,-0.125426,0,1.58368,1.02267,0.0506029,1.00645,0.922204,0.0212659,0,0.922449
4045,1.00232,2.95395,0.79678,0.945317,0.0114726,0,0.945387,1.68114,1.47326,0,2.23534,1.00324,0.00724099,1.00092,0.943127,0.011446,0,0.943196
4046,1.0101,2.97373,0.785753,0.940715,0.0228903,0,0.940993,1.80209,-0.404644,0,1.84696,1.01417,0.0316226,1.00403,0.93131,0.0226615,0,0.931586
4047,1.01022,2.97406,0.785619,0.940845,0.0151409,0,0.940967,1.79532,0.43585,0,1.84746,1.01433,0.0319886,1.00407,0.931324,0.0149877,0,0.931444
4048,1.0087,2.97016,0.787741,0.941517,0.0231606,0,0.941802,1.86394,-0.532547,0,1.93852,1.0122,0.0272213,1.00347,0.933401,0.0229609,0,0.933683
4049,1.02203,3.00401,0.768801,0.933456,0.0237414,0,0.933758,-0.632272,-0.068872,0,0.636012,1.03098,0.0691553,1.00876,0.913338,0.0232297,0,0.913633
4050,1.01929,2.99712,0.772916,0.935262,0.0288716,0,0.935707,-0.671221,0.127182,0,0.683164,1.02705,0.0603802,1.00762,0.917566,0.0283253,0,0.918003
4051,1.01829,2.99453,0.774181,0.935911,0.0213772,0,0.936155,-0.725457,-0.188805,0,0.749624,1.02568,0.0573289,1.00727,0.919105,0.0209934,0,0.919345
4052,1.01521,2.98672,0.778575,0.93758,0.0297185,0,0.938051,-0.754723,0.25693,0,0.797258,1.02134,0.0476277,1.00604,0.923537,0.0292733,0,0.924
4053,1.00864,2.96998,0.787671,0.94156,0.0147958,0,0.941676,1.85541,0.572953,0,1.94186,1.01216,0.0271409,1.00349,0.933494,0.0146691,0,0.93361
4054,1.00751,2.96714,0.789435,0.942197,0.0234518,0,0.942489,1.91215,-0.680226,0,2.02954,1.01052,0.0234834,1.00299,0.935179,0.0232771,0,0.935468
4055,1.00726,2.96649,0.789642,0.942374,0.0143986,0,0.942484,1.90056,0.739718,0,2.03944,1.01022,0.0228125,1.00293,0.935578,0.0142948,0,0.935687
4056,1.00595,2.9632,0.791765,0.943397,0.0139118,0,0.9435,1.92371,0.943496,0,2.14263,1.0083,0.0185175,1.00234,0.937821,0.0138295,0,0.937923
4057,1.00451,2.95947,0.793495,0.943884,0.0136391,0,0.943983,1.91235,1.18644,0,2.25049,1.00637,0.0142135,1.00185,0.939645,0.0135778,0,0.939743
4058,1.02081,3.0002,0.767994,0.931534,0.0209918,0,0.93177,1.44682,-0.0309244,0,1.44715,1.02998,0.066923,1.00898,0.912544,0.0205639,0,0.912775
4059,1.01886,2.99553,0.771689,0.933833,0.0172825,0,0.933993,1.4995,0.0833644,0,1.50181,1.02697,0.0602068,1.00796,0.916544,0.0169626,0,0.916701
4060,0.995169,2.93568,0.806715,0.948914,0.0129531,0,0.949002,1.21092,2.33639,0,2.63155,0.993275,-0.015011,0.998097,0.953521,0.013016,0,0.953609
4061,1.03482,3.0346,0.744144,0.917949,0.0211543,0,0.918193,1.24545,0.00331677,0,1.24545,1.0509,0.113611,1.01554,0.887062,0.0204425,0,0.887297
4062,1.00886,2.97057,0.787479,0.9415,0.0181801,0,0.941676,-1.06277,-0.763652,0,1.30868,1.01243,0.0277545,1.00354,0.933233,0.0180204,0,0.933407
4063,0.997577,2.94187,0.8035,0.947491,0.0292261,0,0.947942,-0.825152,1.85563,0,2.03082,0.996592,-0.00760733,0.999013,0.949793,0.0292971,0,0.950244
4064,0.989608,2.9213,0.813898,0.950973,0.0168875,0,0.951123,0.641342,2.70593,0,2.78089,0.985695,-0.0319308,0.996046,0.960959,0.0170648,0,0.961111
4065,0.998354,2.94394,0.802719,0.947512,0.0258191,0,0.947863,1.3584,-2.01372,0,2.42905,0.99759,-0.00537886,0.999235,0.949074,0.0258617,0,0.949426
4066,0.994767,2.93474,0.8076,0.949114,0.0284464,0,0.94954,-0.620496,2.1441,0,2.23208,0.992623,-0.016467,0.997845,0.954107,0.0285961,0,0.954535
4067,1.04677,3.06447,0.725882,0.90795,0.0212327,0,0.908198,1.16036,0.00769083,0,1.16039,1.0682,0.152221,1.02047,0.867384,0.020284,0,0.867621
4068,0.996868,2.93999,0.804256,0.947742,0.024465,0,0.948058,1.20417,-2.39601,0,2.68158,0.995669,-0.00966637,0.998798,0.95072,0.0245419,0,0.951036
4069,1.02849,3.01875,0.753816,0.923005,0.0205362,0,0.923233,1.31418,0.00272082,0,1.31418,1.04175,0.0931946,1.01289,0.897437,0.0199673,0,0.897659
4070,1.03205,3.0277,0.748531,0.920375,0.0197256,0,0.920587,1.27085,0.0175089,0,1.27097,1.04685,0.104566,1.01434,0.891797,0.0191131,0,0.892002
4071,1.03865,3.04418,0.738347,0.914891,0.0203114,0,0.915117,1.2107,0.0114971,0,1.21075,1.05642,0.125933,1.01711,0.88085,0.0195557,0,0.881067
4072,1.00094,2.95045,0.798772,0.946058,0.0150872,0,0.946179,-0.629493,-2.18094,0,2.26996,1.0013,0.00289767,1.00036,0.945167,0.015073,0,0.945288
4073,1.00159,2.95205,0.797715,0.945346,0.0250299,0,0.945677,1.76473,-1.79324,0,2.51595,1.00224,0.00500833,1.00065,0.943847,0.0249903,0,0.944178
4074,1.02053,2.99899,0.766629,0.929848,0.0185545,0,0.930033,1.44957,0.0396064,0,1.45011,1.03008,0.0671517,1.00936,0.911143,0.0181812,0,0.911324
4075,1.00372,2.9575,0.794736,0.944105,0.0291142,0,0.944554,-1.06209,1.07585,0,1.51178,1.00523,0.0116681,1.0015,0.940601,0.0290062,0,0.941049
4076,1.02587,3.01224,0.757995,0.925265,0.0190673,0,0.925461,1.34871,0.0254982,0,1.34895,1.03792,0.084641,1.01175,0.901933,0.0185865,0,0.902124
4077,1.04905,3.07015,0.722324,0.905837,0.0233267,0,0.906138,1.14594,0.00187348,0,1.14594,1.07152,0.159646,1.02142,0.863484,0.0222361,0,0.863771
4078,1.00973,2.97279,0.786258,0.940762,0.0284309,0,0.941191,-0.956858,0.441863,0,1.05395,1.01366,0.0304856,1.00389,0.931693,0.0281569,0,0.932119
4079,0.999058,2.94563,0.801362,0.947031,0.0123034,0,0.947111,1.56836,2.02851,0,2.5641,0.998678,-0.00295009,0.99962,0.947924,0.012315,0,0.948004
4080,1.02096,3.00126,0.770141,0.933884,0.0258227,0,0.93424,-0.660553,0.00390111,0,0.660565,1.02953,0.0659136,1.00839,0.914707,0.0252925,0,0.915057
4081,1.00284,2.95524,0.795974,0.944896,0.0154199,0,0.945022,-0.842676,-1.90962,0,2.08729,1.00399,0.00890034,1.00115,0.942224,0.0153763,0,0.942349
4082,1.02289,3.0048,0.76267,0.927658,0.0199182,0,0.927871,1.40029,-0.000217764,0,1.40029,1.03359,0.0749682,1.01046,0.9069,0.0194725,0,0.907109
4083,1.01398,2.98329,0.77919,0.937422,0.0170707,0,0.937577,1.66513,0.128345,0,1.67007,1.01993,0.0444857,1.00587,0.924498,0.0168353,0,0.924651
4084,1.01001,2.97348,0.785782,0.940802,0.016404,0,0.940945,1.84711,0.326309,0,1.87571,1.01407,0.0314131,1.00402,0.931476,0.0162413,0,0.931617
4085,1.01128,2.97672,0.784076,0.939879,0.0282017,0,0.940302,-0.910162,0.340092,0,0.971626,1.01583,0.035329,1.0045,0.929398,0.0278872,0,0.929816
4086,0.999895,2.94775,0.800137,0.946164,0.0294106,0,0.946621,-0.953034,1.58378,0,1.84842,0.999863,-0.000305784,0.999968,0.946263,0.0294137,0,0.94672
4087,1.00192,2.95291,0.797278,0.945077,0.0292931,0,0.945531,-1.0292,1.32031,0,1.67406,1.0027,0.00602581,1.00078,0.943266,0.0292369,0,0.943719
4088,1.00679,2.96531,0.790422,0.942429,0.0287881,0,0.942868,-1.03463,0.704546,0,1.25173,1.00952,0.0212598,1.00271,0.936072,0.028594,0,0.936508
4089,1.01182,2.97797,0.782876,0.93937,0.0167913,0,0.93952,1.75712,0.216623,0,1.77043,1.01671,0.0372959,1.00484,0.9284,0.0165952,0,0.928549
4090,1.00344,2.95677,0.79506,0.944339,0.0235172,0,0.944632,2.082,-1.46702,0,2.54694,1.00486,0.0108376,1.00141,0.941097,0.0234364,0,0.941389
4091,1.01387,2.9831,0.779706,0.937788,0.0211554,0,0.938027,1.668,-0.107258,0,1.67145,1.01967,0.0439063,1.00572,0.924961,0.020866,0,0.925197
4092,1.04093,3.04988,0.734793,0.912883,0.0219555,0,0.913147,1.19241,0.00279675,0,1.19241,1.05974,0.133357,1.01807,0.876986,0.0210921,0,0.87724
4093,1.01245,2.97972,0.782429,0.939419,0.020147,0,0.939635,-0.935455,-0.363369,0,1.00355,1.01748,0.0390125,1.00496,0.927863,0.0198992,0,0.928076
4094,1.00997,2.97338,0.785908,0.940848,0.0187921,0,0.941036,-1.02994,-0.609231,0,1.19664,1.01399,0.0312303,1.00399,0.931564,0.0186066,0,0.93175
4095,0.989124,2.92014,0.814818,0.951353,0.0219705,0,0.951607,0.11044,2.6342,0,2.63652,0.984951,-0.0335906,0.995782,0.961814,0.0222121,0,0.962071
4096,1.0045,2.95953,0.793854,0.944063,0.023207,0,0.944348,2.12203,-1.17277,0,2.42454,1.00625,0.0139522,1.00175,0.939837,0.0231031,0,0.940121
4097,1.0645,3.10907,0.699967,0.893168,0.027827,0,0.893602,1.08655,-0.0067216,0,1.08657,1.0936,0.208932,1.02734,0.839049,0.0261409,0,0.839456
4098,0.998499,2.94429,0.802444,0.947585,0.0156498,0,0.947714,-0.310376,-2.44623,0,2.46584,0.997813,-0.0048808,0.999313,0.949009,0.0156733,0,0.949139
4099,0.995787,2.93723,0.805737,0.94841,0.0176506,0,0.948574,0.122096,-2.65138,0,2.65419,0.99417,-0.0130127,0.998376,0.952422,0.0177253,0,0.952587
4100,0.994777,2.9346,0.806974,0.948671,0.0207572,0,0.948898,0.660004,-2.71986,0,2.7988,0.992811,-0.0160463,0.998024,0.953652,0.0208662,0,0.95388
4101,1.05567,3.08674,0.712427,0.900242,0.0222997,0,0.900519,1.11674,0.00914296,0,1.11678,1.08106,0.180937,1.02406,0.852772,0.0211238,0,0.853034
4102,1.06243,3.1034,0.701263,0.89307,0.023153,0,0.893371,1.0927,0.00537931,0,1.09272,1.09112,0.203388,1.027,0.840589,0.0217924,0,0.840871
4103,1.00539,2.96175,0.792436,0.94341,0.0228394,0,0.943687,2.10861,-0.93307,0,2.30583,1.00755,0.0168474,1.00215,0.938354,0.0227169,0,0.938628
4104,1.00334,2.95657,0.795421,0.94482,0.0133286,0,0.944914,1.88894,1.40179,0,2.35226,1.00465,0.010378,1.0013,0.941674,0.0132842,0,0.941768
4105,1.01177,2.97789,0.783097,0.939468,0.0213556,0,0.939711,1.75872,-0.190751,0,1.76903,1.0166,0.0370473,1.00477,0.928542,0.0211072,0,0.928782
4106,1.01387,2.98333,0.780432,0.938576,0.0210006,0,0.938811,-0.880915,-0.262754,0,0.919267,1.01947,0.0434602,1.00552,0.925733,0.0207132,0,0.925964
4107,0.991466,2.92628,0.812111,0.950702,0.0261192,0,0.951061,-0.316936,2.42433,0,2.44496,0.988052,-0.0266696,0.996557,0.958885,0.0263441,0,0.959247
4108,1.00825,2.96902,0.788361,0.941608,0.0286192,0,0.942043,-0.998784,0.563094,0,1.14658,1.01157,0.0258262,1.0033,0.933905,0.0283851,0,0.934336
4109,1.01116,2.97642,0.784237,0.940164,0.0194301,0,0.940365,-0.985746,-0.476884,0,1.09504,1.01566,0.0349649,1.00445,0.929787,0.0192156,0,0.929986
4110,1.00531,2.96155,0.792497,0.943239,0.0289383,0,0.943682,-1.05855,0.871923,0,1.37142,1.00746,0.0166421,1.00213,0.938252,0.0287853,0,0.938693
4111,1.00782,2.96792,0.788962,0.942115,0.017627,0,0.94228,-1.0823,-0.935015,0,1.43025,1.01097,0.0244813,1.00313,0.934807,0.0174903,0,0.934971
4112,1.00677,2.96526,0.790437,0.94271,0.0170917,0,0.942865,-1.08301,-1.133,0,1.56735,1.0095,0.0212037,1.00271,0.936371,0.0169768,0,0.936525
4113,1.01658,2.99024,0.776748,0.936957,0.027136,0,0.93735,-0.760648,0.110367,0,0.768613,1.02324,0.0518644,1.00655,0.921679,0.0266935,0,0.922065
4114,1.01292,2.98091,0.781788,0.938967,0.0279403,0,0.939383,-0.860662,0.25107,0,0.896535,1.01813,0.0404655,1.00514,0.926989,0.0275838,0,0.927399
4115,1.00565,2.96241,0.792019,0.943348,0.0165353,0,0.943493,-1.05418,-1.36384,0,1.72376,1.00793,0.0176998,1.00226,0.938046,0.0164424,0,0.93819
4116,1.00438,2.95916,0.793816,0.94406,0.0159877,0,0.944196,-0.984512,-1.62905,0,1.90344,1.00614,0.0137091,1.00176,0.939946,0.015918,0,0.940081
4117,1.01591,2.98788,0.775404,0.935059,0.0205801,0,0.935286,1.58385,-0.0471349,0,1.58455,1.02294,0.0512069,1.00692,0.920419,0.0202579,0,0.920642
4118,1.00149,2.95192,0.798226,0.946044,0.0125625,0,0.946127,1.78006,1.7079,0,2.46689,1.00201,0.00447568,1.00051,0.944632,0.0125438,0,0.944715
4119,1.00998,2.97338,0.785793,0.940672,0.0216608,0,0.940922,1.84936,-0.294968,0,1.87274,1.01403,0.0313239,1.00402,0.931381,0.0214469,0,0.931628
4120,1.00857,2.96984,0.787944,0.941641,0.0220158,0,0.941898,1.93406,-0.419281,0,1.97898,1.01201,0.0268074,1.00341,0.933642,0.0218287,0,0.933897
4121,1.01889,2.99603,0.773201,0.935335,0.0243517,0,0.935652,-0.713198,-0.0462421,0,0.714696,1.02657,0.0593084,1.00754,0.917995,0.0239002,0,0.918306
4122,1.01867,2.99553,0.773672,0.935581,0.0266527,0,0.935961,-0.709438,0.0531047,0,0.711422,1.02622,0.0585203,1.00741,0.918433,0.0261641,0,0.918805
4123,1.01702,2.99131,0.775883,0.936547,0.023066,0,0.936831,-0.769574,-0.107172,0,0.777,1.02393,0.0534149,1.00679,0.92087,0.02268,0,0.92115
4124,1.01541,2.98725,0.778266,0.937653,0.0219502,0,0.93791,-0.825238,-0.179331,0,0.844499,1.02163,0.0482891,1.00613,0.92342,0.021617,0,0.923673
4125,1.01468,2.98542,0.7794,0.938048,0.0276157,0,0.938454,-0.810574,0.176172,0,0.829498,1.02058,0.0459345,1.00581,0.924473,0.027216,0,0.924873
4126,1.00849,2.96965,0.788042,0.941797,0.0160157,0,0.941933,1.93053,0.4587,0,1.98428,1.01191,0.0265767,1.00338,0.933866,0.0158808,0,0.934001
4127,1.00735,2.96674,0.789651,0.942309,0.022304,0,0.942572,2.00756,-0.566946,0,2.08608,1.0103,0.0229956,1.00293,0.935435,0.0221413,0,0.935697
4128,1.0071,2.96606,0.789857,0.942427,0.0156848,0,0.942557,2.00251,0.622956,0,2.09717,1.00999,0.0223048,1.00287,0.935784,0.0155742,0,0.935914
4129,1.00631,2.96407,0.791087,0.942849,0.0225694,0,0.943119,2.06696,-0.735987,0,2.19408,1.00885,0.0197542,1.00253,0.93694,0.022428,0,0.937209
4130,1.00588,2.96301,0.791744,0.943296,0.0152355,0,0.943419,2.05742,0.825424,0,2.21683,1.00824,0.0183904,1.00234,0.937779,0.0151464,0,0.937901
4131,1.00468,2.95992,0.793345,0.943862,0.0150541,0,0.943982,2.08326,1.07302,0,2.34336,1.00658,0.0146858,1.00189,0.939465,0.014984,0,0.939585
4132,1.0181,2.99302,0.770755,0.932075,0.0197316,0,0.932284,1.50863,-0.00412793,0,1.50864,1.02647,0.0590778,1.00822,0.915505,0.0193808,0,0.91571
4133,1.01603,2.98806,0.774746,0.934515,0.0180767,0,0.93469,1.57743,0.0631922,0,1.57869,1.02325,0.0519004,1.00711,0.919771,0.0177915,0,0.919944
4134,0.994668,2.93436,0.807273,0.948738,0.0263929,0,0.949106,-0.652357,2.48434,0,2.56857,0.992617,-0.0164788,0.997938,0.953824,0.0265344,0,0.954193
4135,1.00054,2.94938,0.799165,0.946112,0.0137994,0,0.946213,1.86721,1.99592,0,2.73316,1.00079,0.00175413,1.00024,0.945599,0.0137919,0,0.9457
4136,1.00468,2.95993,0.793349,0.943849,0.0161616,0,0.943987,2.23852,0.931979,0,2.42478,1.00658,0.0146842,1.00189,0.939452,0.0160863,0,0.939589
4137,1.00425,2.95884,0.794005,0.943878,0.0273879,0,0.944275,-1.22694,0.971282,0,1.56486,1.00596,0.0133053,1.0017,0.939884,0.027272,0,0.940279
4138,1.00284,2.95526,0.795977,0.94463,0.0275662,0,0.945032,-1.22662,1.22277,0,1.73198,1.00399,0.00891407,1.00115,0.941951,0.0274881,0,0.942352
4139,1.00555,2.96217,0.792169,0.943167,0.0272461,0,0.94356,-1.1967,0.766985,0,1.42139,1.00779,0.0173865,1.00222,0.937957,0.0270956,0,0.938348
4140,1.00841,2.96939,0.787982,0.94156,0.020994,0,0.941794,1.98505,-0.293037,0,2.00656,1.01184,0.0264341,1.0034,0.933706,0.0208188,0,0.933938
4141,1.00824,2.96899,0.788355,0.941827,0.0194669,0,0.942028,-1.18584,-0.656297,0,1.35534,1.01156,0.025809,1.0033,0.934131,0.0193078,0,0.934331
4142,1.01036,2.9744,0.785402,0.940635,0.0206996,0,0.940862,-1.07033,-0.371067,0,1.13283,1.01453,0.0324303,1.00413,0.93099,0.0204874,0,0.931216
4143,1.00732,2.96666,0.789663,0.94237,0.0189445,0,0.942561,-1.22789,-0.831082,0,1.48271,1.01027,0.0229299,1.00293,0.93552,0.0188068,0,0.935709
4144,0.991135,2.92548,0.812738,0.951182,0.0199794,0,0.951392,0.334803,2.98088,0,2.99962,0.987545,-0.0278018,0.996377,0.95969,0.0201581,0,0.959901
4145,1.00987,2.97296,0.785389,0.940237,0.0173223,0,0.940397,1.88006,0.208089,0,1.89154,1.01405,0.0313523,1.00413,0.931044,0.0171529,0,0.931202
4146,0.996177,2.93819,0.805098,0.948005,0.0228059,0,0.948279,1.04197,-2.72516,0,2.91756,0.994741,-0.0117382,0.998558,0.951643,0.0228934,0,0.951918
4147,0.99624,2.93842,0.80524,0.948295,0.0190333,0,0.948486,0.350502,-2.99587,0,3.0163,0.994763,-0.0116892,0.998518,0.951875,0.0191052,0,0.952066
4148,1.00832,2.96917,0.788149,0.941729,0.0170671,0,0.941884,1.98669,0.33128,0,2.01412,1.0117,0.0261181,1.00335,0.93396,0.0169263,0,0.934114
4149,1.01091,2.9758,0.784623,0.940172,0.026521,0,0.940546,-0.979985,0.242976,0,1.00966,1.01531,0.0341643,1.00435,0.930024,0.0262348,0,0.930394
4150,0.997493,2.94167,0.803669,0.947638,0.0275558,0,0.948038,-0.92189,2.14187,0,2.33185,0.99646,-0.00790182,0.998965,0.95002,0.027625,0,0.950421
4151,1.00352,2.95699,0.795013,0.944504,0.016919,0,0.944655,-1.11822,-1.87191,0,2.18047,1.00495,0.0110418,1.00142,0.941188,0.0168596,0,0.941339
4152,0.999594,2.947,0.800616,0.946429,0.0278123,0,0.946837,-1.09018,1.81491,0,2.11716,0.999426,-0.00128152,0.999832,0.946813,0.0278236,0,0.947222
4153,1.00055,2.94954,0.799673,0.946421,0.0249961,0,0.946751,1.63348,-2.03912,0,2.61272,1.00065,0.00144379,1.0001,0.945904,0.0249824,0,0.946234
4154,1.00221,2.95368,0.796946,0.945319,0.0163631,0,0.94546,-0.933634,-2.19946,0,2.38941,1.00309,0.00689507,1.00087,0.94323,0.0163269,0,0.943371
4155,1.00993,2.97313,0.785427,0.940259,0.0207651,0,0.940488,1.87831,-0.177677,0,1.8867,1.01409,0.0314479,1.00412,0.931016,0.020561,0,0.931243
4156,1.00369,2.95743,0.794858,0.944533,0.0147712,0,0.944648,2.09131,1.29684,0,2.46077,1.00516,0.0115126,1.00146,0.941061,0.0147169,0,0.941176
4157,1.00698,2.9658,0.790167,0.942627,0.0167536,0,0.942776,2.08631,0.488697,0,2.14279,1.00979,0.0218459,1.00279,0.936092,0.0166374,0,0.93624
4158,0.993209,2.93058,0.809134,0.949534,0.0145321,0,0.949645,1.045,2.69696,0,2.89234,0.990634,-0.0209068,0.997407,0.956026,0.0146314,0,0.956138
4159,0.999251,2.94613,0.801129,0.946732,0.0245107,0,0.94705,1.51225,-2.29536,0,2.74874,0.998938,-0.002371,0.999687,0.947442,0.0245291,0,0.94776
4160,0.997531,2.94171,0.803409,0.947715,0.0129185,0,0.947803,1.40727,2.2552,0,2.65826,0.996571,-0.00765332,0.999038,0.950061,0.0129505,0,0.950149
4161,1.01157,2.97749,0.783698,0.939928,0.0214577,0,0.940173,-1.00519,-0.260071,0,1.03829,1.01623,0.036231,1.00461,0.929175,0.0212122,0,0.929417
4162,1.00131,2.95136,0.798155,0.945472,0.027727,0,0.945879,-1.18506,1.50855,0,1.91835,1.00184,0.00410951,1.00053,0.944234,0.0276907,0,0.94464
4163,1.00253,2.95445,0.796394,0.944876,0.023764,0,0.945174,2.02604,-1.72781,0,2.66274,1.00356,0.00794582,1.00103,0.942492,0.023704,0,0.942791
4164,1.00947,2.97213,0.786636,0.940971,0.0267479,0,0.941351,-1.04026,0.342027,0,1.09505,1.01329,0.0296617,1.00378,0.932141,0.0264969,0,0.932518
4165,1.00925,2.97156,0.786936,0.941246,0.0200624,0,0.94146,-1.13231,-0.501014,0,1.2382,1.01298,0.0289661,1.0037,0.932623,0.0198786,0,0.932834
4166,1.00682,2.9654,0.790381,0.942465,0.0271148,0,0.942855,-1.15093,0.599947,0,1.29791,1.00957,0.0213592,1.00273,0.936078,0.0269311,0,0.936465
4167,1.00364,2.95729,0.794867,0.944343,0.0224796,0,0.94461,2.3006,-1.34639,0,2.66562,1.0051,0.0113915,1.00146,0.94092,0.0223981,0,0.941186
4168,1.00037,2.949,0.79958,0.946347,0.0163043,0,0.946487,-0.645042,-2.52281,0,2.60397,1.0005,0.00111191,1.00013,0.945995,0.0162982,0,0.946135
4169,0.998146,2.94328,0.802546,0.947335,0.0169119,0,0.947486,-0.22133,-2.81518,0,2.82387,0.997432,-0.00573225,0.999284,0.949095,0.0169433,0,0.949246
4170,1.00448,2.95948,0.793834,0.944053,0.0222108,0,0.944314,2.29529,-1.04234,0,2.52088,1.00624,0.0139364,1.00175,0.939839,0.0221116,0,0.940099
4171,1.0115,2.97681,0.782087,0.938209,0.0179928,0,0.938381,1.77129,0.110294,0,1.77472,1.01661,0.0370819,1.00506,0.927544,0.0177882,0,0.927715
4172,1.01151,2.9769,0.782244,0.938346,0.0201764,0,0.938563,1.77096,-0.0859706,0,1.77305,1.01658,0.0370172,1.00501,0.927666,0.0199467,0,0.92788
4173,0.992037,2.92767,0.811068,0.950218,0.0243045,0,0.950529,-0.233035,2.79502,0,2.80472,0.988917,-0.0247379,0.996855,0.957845,0.0244996,0,0.958158
4174,1.00811,2.96867,0.78855,0.941732,0.0269461,0,0.942117,-1.09838,0.460846,0,1.19114,1.01138,0.0254043,1.00324,0.934153,0.0267293,0,0.934536
4175,1.00645,2.96443,0.7909,0.942872,0.0184612,0,0.943052,-1.2541,-1.03275,0,1.62461,1.00904,0.0201866,1.00258,0.936832,0.0183429,0,0.937012
4176,1.01589,2.98842,0.777404,0.937097,0.0248712,0,0.937427,-0.800484,-0.00168923,0,0.800486,1.02236,0.0499164,1.00637,0.922435,0.024482,0,0.92276
4177,1.00557,2.9622,0.79214,0.943373,0.0179656,0,0.943544,-1.25557,-1.27103,0,1.78661,1.00781,0.017439,1.00223,0.938148,0.0178661,0,0.938318
4178,1.00462,2.95979,0.793476,0.943905,0.0174691,0,0.944067,-1.22028,-1.54831,0,1.97138,1.00648,0.0144738,1.00185,0.939562,0.0173887,0,0.939723
4179,1.01361,2.98193,0.778258,0.936037,0.0191843,0,0.936233,1.65933,0.0106063,0,1.65936,1.01982,0.0442398,1.00613,0.92347,0.0189267,0,0.923664
4180,1.01288,2.9808,0.781809,0.939102,0.0223235,0,0.939367,-0.937369,-0.164387,0,0.951675,1.01808,0.0403635,1.00513,0.927159,0.0220396,0,0.92742
4181,1.0125,2.97988,0.782516,0.939405,0.0261926,0,0.93977,-0.919147,0.157714,0,0.93258,1.0175,0.0390603,1.00494,0.927807,0.0258692,0,0.928167
4182,1.01423,2.9842,0.779781,0.938156,0.0232413,0,0.938443,-0.870578,-0.0864499,0,0.87486,1.02001,0.0446753,1.0057,0.924992,0.0229152,0,0.925276
4183,1.01408,2.98388,0.780246,0.938447,0.0258656,0,0.938803,-0.859224,0.0872828,0,0.863645,1.01973,0.0440411,1.00557,0.925417,0.0255065,0,0.925768
4184,1.00721,2.96639,0.789902,0.942466,0.0213353,0,0.942707,2.08497,-0.435837,0,2.13003,1.01009,0.0225224,1.00286,0.935721,0.0211826,0,0.935961
4185,1.00245,2.95435,0.796883,0.945504,0.0142579,0,0.945611,2.02917,1.62455,0,2.59936,1.00334,0.00745203,1.00089,0.943197,0.0142231,0,0.943304
4186,1.00616,2.9637,0.791343,0.943,0.0216188,0,0.943248,2.17301,-0.603309,0,2.25521,1.00863,0.0192531,1.00246,0.937232,0.0214865,0,0.937478
4187,1.00575,2.96265,0.79184,0.943254,0.0163295,0,0.943396,2.17369,0.685547,0,2.27924,1.00808,0.018032,1.00231,0.937862,0.0162362,0,0.938002
4188,1.00526,2.96142,0.79257,0.943456,0.0218776,0,0.943709,2.24551,-0.800713,0,2.384,1.00738,0.016477,1.00211,0.938518,0.0217631,0,0.93877
4189,0.998887,2.94511,0.801324,0.946807,0.0139284,0,0.946909,1.72048,2.27536,0,2.8526,0.998519,-0.00330663,0.999631,0.947862,0.0139439,0,0.947964
4190,1.0096,2.97247,0.786506,0.941078,0.0217544,0,0.94133,-1.14477,-0.252366,0,1.17226,1.01345,0.0300253,1.00382,0.932132,0.0215476,0,0.932381
4191,1.00601,2.96333,0.791516,0.943097,0.019517,0,0.943299,-1.41692,-0.908472,0,1.68315,1.00843,0.0188257,1.00241,0.93746,0.0194004,0,0.937661
4192,0.991476,2.92634,0.812219,0.950919,0.0223687,0,0.951182,0.0707979,3.00209,0,3.00293,0.988032,-0.0267151,0.996526,0.959094,0.022561,0,0.95936
4193,1.00285,2.95533,0.796193,0.945133,0.015594,0,0.945262,2.26917,1.50064,0,2.72048,1.00393,0.00878136,1.00109,0.942451,0.0155498,0,0.942579
4194,0.997379,2.94132,0.803612,0.947512,0.0260815,0,0.94787,-1.00943,2.48882,0,2.68573,0.996363,-0.00811938,0.998981,0.950001,0.02615,0,0.950361
4195,1.0107,2.97525,0.784837,0.940312,0.0225304,0,0.940582,-1.06445,-0.14581,0,1.07439,1.01504,0.0335635,1.00429,0.930353,0.0222917,0,0.93062
4196,1.00814,2.96848,0.787568,0.940931,0.0178147,0,0.9411,2.02098,0.194335,0,2.0303,1.01169,0.0260884,1.00352,0.933333,0.0176708,0,0.9335
4197,0.996364,2.93873,0.805045,0.948164,0.0211939,0,0.948401,0.786482,-3.07424,0,3.17325,0.994942,-0.0112893,0.998574,0.951625,0.0212712,0,0.951862
4198,1.00058,2.94952,0.7993,0.946089,0.0237913,0,0.946388,1.80566,-2.27579,0,2.9051,1.00078,0.00174805,1.00021,0.945543,0.0237776,0,0.945842
4199,1.00332,2.95648,0.795313,0.944421,0.0261552,0,0.944783,-1.4155,1.0975,0,1.79113,1.00466,0.0104031,1.00133,0.941294,0.0260686,0,0.941655
4200,0.997029,2.94042,0.804065,0.947844,0.0178591,0,0.948012,0.0894164,-3.01878,0,3.0201,0.995885,-0.00918454,0.998852,0.950668,0.0179123,0,0.950837
4201,0.998184,2.94333,0.802327,0.946999,0.0235893,0,0.947292,1.41242,-2.64648,0,2.9998,0.997532,-0.00550956,0.999346,0.948722,0.0236322,0,0.949016
4202,1.0083,2.96892,0.787501,0.940958,0.020238,0,0.941176,2.01387,-0.158797,0,2.02012,1.01186,0.0264822,1.00354,0.933215,0.0200715,0,0.933431
4203,0.99488,2.93504,0.807466,0.949175,0.0251578,0,0.949509,-0.626964,2.88999,0,2.95722,0.992774,-0.0161288,0.997883,0.95406,0.0252872,0,0.954395
4204,0.992394,2.92861,0.810665,0.950303,0.0168699,0,0.950452,0.77887,3.05726,0,3.15491,0.989387,-0.0236889,0.99697,0.957586,0.0169992,0,0.957737
4205,1.00435,2.95913,0.793941,0.944061,0.0214108,0,0.944304,2.45159,-0.88369,0,2.60599,1.00608,0.0135758,1.00172,0.93997,0.0213181,0,0.940212
4206,1.00789,2.96811,0.788863,0.941898,0.0255726,0,0.942245,-1.18818,0.343302,0,1.23678,1.01107,0.0247116,1.00315,0.934522,0.0253724,0,0.934867
4207,1.00918,2.97141,0.787096,0.941226,0.0253643,0,0.941568,-1.11422,0.229117,0,1.13754,1.01287,0.0287168,1.00365,0.932664,0.0251335,0,0.933003
4208,1.00683,2.96534,0.790168,0.942468,0.0175647,0,0.942632,2.14805,0.339796,0,2.17476,1.00963,0.0214971,1.00279,0.936079,0.0174456,0,0.936241
4209,1.00378,2.95764,0.794687,0.944416,0.015928,0,0.94455,2.28111,1.1583,0,2.55834,1.00529,0.011816,1.00151,0.940862,0.0158681,0,0.940996
4210,1.00212,2.95341,0.797006,0.945065,0.0263093,0,0.945431,-1.41262,1.39606,0,1.98607,1.00297,0.00664007,1.00086,0.943068,0.0262537,0,0.943433
4211,1.00559,2.96226,0.792124,0.943191,0.0258855,0,0.943546,-1.32514,0.642133,0,1.47253,1.00784,0.0174969,1.00223,0.937947,0.0257416,0,0.9383
4212,1.00702,2.96584,0.789883,0.942289,0.0205297,0,0.942513,2.1404,-0.290201,0,2.15998,1.00991,0.0221155,1.00287,0.935719,0.0203866,0,0.935941
4213,1.00678,2.96528,0.790428,0.942652,0.0199679,0,0.942864,-1.36408,-0.705353,0,1.53566,1.00951,0.0212281,1.00271,0.936305,0.0198334,0,0.936515
4214,1.00447,2.9594,0.793699,0.943799,0.0260037,0,0.944157,-1.38232,0.844082,0,1.61966,1.00627,0.0139861,1.00179,0.939601,0.025888,0,0.939958
4215,1.01059,2.97501,0.785221,0.940545,0.0250677,0,0.940879,-1.04036,0.135466,0,1.04914,1.01481,0.0330519,1.00418,0.930694,0.0248051,0,0.931024
4216,0.999263,2.94614,0.801039,0.9466,0.0263893,0,0.946967,-1.24053,2.09972,0,2.4388,0.998975,-0.002287,0.999712,0.947297,0.0264088,0,0.947665
4217,1.00157,2.95209,0.798032,0.945688,0.0239914,0,0.945992,1.9286,-2.00655,0,2.78312,1.00213,0.00476361,1.00056,0.944207,0.0239538,0,0.944511
4218,1.00282,2.95521,0.796049,0.944921,0.0175988,0,0.945085,-1.25448,-2.16353,0,2.50091,1.00395,0.00881408,1.00113,0.942265,0.0175493,0,0.942428
4219,1.01034,2.9739,0.783887,0.939033,0.0190531,0,0.939226,1.86495,0.0107967,0,1.86498,1.01494,0.0333389,1.00455,0.929425,0.0188582,0,0.929617
4220,1.00962,2.97209,0.784931,0.939467,0.0196816,0,0.939673,1.88798,-0.0567243,0,1.88883,1.01392,0.0310729,1.00426,0.930515,0.019494,0,0.930719
4221,1.0051,2.96101,0.792816,0.943584,0.0210833,0,0.943819,2.36396,-0.644711,0,2.4503,1.00715,0.0159622,1.00204,0.938795,0.0209763,0,0.939029
4222,1.00085,2.9502,0.798863,0.945815,0.0264525,0,0.946185,-1.35822,1.73049,0,2.19985,1.00118,0.00262884,1.00033,0.945013,0.0264301,0,0.945383
4223,1.00761,2.9674,0.789245,0.942164,0.0204892,0,0.942387,-1.29934,-0.529844,0,1.40322,1.01068,0.0238424,1.00305,0.935047,0.0203345,0,0.935268
4224,1.00295,2.95553,0.795788,0.944664,0.0226612,0,0.944936,2.28378,-1.62156,0,2.80091,1.00416,0.00927855,1.0012,0.941883,0.0225945,0,0.942154
4225,1.00158,2.95205,0.79783,0.94563,0.0172076,0,0.945787,-1.00383,-2.55138,0,2.74175,1.0022,0.0049075,1.00062,0.944143,0.0171806,0,0.944299
4226,0.999954,2.9479,0.800042,0.946422,0.0171464,0,0.946577,-0.610956,-2.92498,0,2.9881,0.99995,-0.000112443,0.999995,0.946465,0.0171472,0,0.94662
4227,1.00365,2.95733,0.794919,0.944426,0.0216577,0,0.944675,2.50431,-1.19026,0,2.77277,1.0051,0.0113841,1.00145,0.940993,0.0215789,0,0.94124
4228,1.0095,2.97172,0.784854,0.9393,0.0183873,0,0.93948,1.89296,0.085294,0,1.89488,1.01382,0.0308553,1.00428,0.930459,0.0182142,0,0.930638
4229,1.00672,2.96513,0.790534,0.942566,0.0257542,0,0.942918,-1.25884,0.479756,0,1.34716,1.00942,0.0210234,1.00268,0.936277,0.0255824,0,0.936626
4230,1.00856,2.96982,0.787944,0.941655,0.0210852,0,0.941891,-1.2237,-0.377212,0,1.28052,1.012,0.0267872,1.00341,0.933663,0.0209063,0,0.933897
4231,1.00374,2.95755,0.794722,0.94438,0.0181615,0,0.944554,-1.40339,-1.78301,0,2.26905,1.00525,0.0117166,1.0015,0.940859,0.0180938,0,0.941033
4232,1.00528,2.96147,0.79255,0.943515,0.0190724,0,0.943708,-1.44981,-1.15002,0,1.85053,1.00741,0.0165349,1.00211,0.938558,0.0189722,0,0.938749
4233,1.00455,2.9596,0.793589,0.94393,0.018637,0,0.944114,-1.45111,-1.43599,0,2.04152,1.00638,0.0142305,1.00182,0.939659,0.0185527,0,0.939842
4234,1.01203,2.97861,0.782961,0.939513,0.0234605,0,0.939806,-0.983118,-0.0571935,0,0.98478,1.0169,0.0377131,1.00481,0.928349,0.0231817,0,0.928638
4235,1.01202,2.97865,0.783146,0.939672,0.0247984,0,0.939999,-0.968209,0.0552501,0,0.969784,1.01684,0.0375852,1.00476,0.92851,0.0245039,0,0.928833
4236,1.01338,2.98204,0.78105,0.938696,0.0244238,0,0.939014,-0.909824,0.00314827,0,0.909829,1.0188,0.0419558,1.00535,0.926305,0.0241014,0,0.926618
4237,1.00599,2.9633,0.791606,0.943145,0.0208133,0,0.943375,2.25842,-0.451038,0,2.30302,1.00839,0.0187235,1.00238,0.937527,0.0206893,0,0.937755
4238,1.00567,2.96249,0.792053,0.943392,0.0172321,0,0.94355,2.26811,0.526184,0,2.32835,1.00794,0.0177267,1.00225,0.93807,0.0171349,0,0.938226
4239,1.00462,2.95978,0.793444,0.943877,0.017054,0,0.944031,2.37275,0.765233,0,2.49309,1.00649,0.0144891,1.00186,0.939536,0.0169756,0,0.93969
4240,0.999627,2.94701,0.800333,0.946277,0.0236388,0,0.946572,1.67575,-2.56251,0,3.06179,0.999539,-0.00102903,0.999913,0.946631,0.0236477,0,0.946926
4241,1.00028,2.94869,0.799458,0.946155,0.0149613,0,0.946274,2.0282,2.25931,0,3.03612,1.00044,0.000985119,1.00016,0.94589,0.014957,0,0.946008
4242,0.992973,2.93017,0.810145,0.950274,0.0192199,0,0.950469,0.497575,3.36871,0,3.40526,0.990112,-0.0220713,0.997119,0.956999,0.0193559,0,0.957195
4243,1.00789,2.96812,0.788908,0.942035,0.0218977,0,0.942289,-1.30274,-0.23945,0,1.32457,1.01105,0.0246757,1.00314,0.934661,0.0217263,0,0.934914
4244,1.00302,2.95571,0.795767,0.944789,0.0186416,0,0.944973,-1.58325,-2.072,0,2.60766,1.00423,0.00943366,1.00121,0.941948,0.0185855,0,0.942131
4245,0.997184,2.94088,0.804105,0.947991,0.0199405,0,0.948201,0.504742,-3.38392,0,3.42135,0.996029,-0.00886433,0.998841,0.950668,0.0199968,0,0.950878
4246,0.995002,2.93525,0.80694,0.948949,0.0156239,0,0.949077,1.18292,3.08007,0,3.29941,0.993045,-0.0155242,0.998033,0.953715,0.0157024,0,0.953845
4247,1.00255,2.95452,0.796404,0.944873,0.0251525,0,0.945208,-1.63004,1.24906,0,2.05358,1.00358,0.00799258,1.00103,0.942467,0.0250884,0,0.942801
4248,0.998665,2.94462,0.801892,0.947127,0.0177407,0,0.947294,-0.286999,-3.19546,0,3.20833,0.998136,-0.00416039,0.99947,0.948393,0.0177644,0,0.94856
4249,1.00355,2.95708,0.795059,0.944495,0.0210085,0,0.944728,2.68684,-1.00058,0,2.8671,1.00496,0.0110697,1.00141,0.941155,0.0209343,0,0.941388
4250,1.00491,2.96052,0.793085,0.943709,0.019922,0,0.943919,-1.63319,-1.00143,0,1.91577,1.00688,0.0153558,1.00196,0.939102,0.0198247,0,0.939311
4251,0.997641,2.94198,0.803229,0.94745,0.0225773,0,0.947719,1.2415,-3.04895,0,3.29202,0.996733,-0.00729188,0.99909,0.949691,0.0226307,0,0.949961
4252,0.997866,2.94261,0.803106,0.947698,0.0142194,0,0.947805,1.54803,2.53727,0,2.97223,0.996992,-0.00671396,0.999124,0.949725,0.0142498,0,0.949832
4253,1.00306,2.95581,0.79564,0.944631,0.0218011,0,0.944883,2.53028,-1.47319,0,2.9279,1.00431,0.00961391,1.00124,0.941748,0.0217346,0,0.941999
4254,1.00452,2.95953,0.793635,0.94381,0.0248923,0,0.944138,-1.5252,0.694659,0,1.67595,1.00634,0.0141434,1.00181,0.939563,0.0247803,0,0.93989
4255,1.00624,2.96391,0.791189,0.942937,0.0207775,0,0.943166,-1.4886,-0.559277,0,1.59019,1.00875,0.019542,1.0025,0.937089,0.0206486,0,0.937317
4256,1.00167,2.95232,0.797774,0.945693,0.015502,0,0.94582,2.21202,1.83664,0,2.87511,1.00231,0.00516269,1.00064,0.944113,0.0154761,0,0.944239
4257,1.00353,2.95702,0.795019,0.94434,0.0250161,0,0.944672,-1.59384,0.945388,0,1.85313,1.00496,0.0110609,1.00142,0.941016,0.0249281,0,0.941346
4258,0.993716,2.93211,0.809263,0.949977,0.0233727,0,0.950265,-0.311419,3.17265,0,3.1879,0.991103,-0.0198591,0.997371,0.955984,0.0235205,0,0.956274
4259,1.00143,2.95169,0.798095,0.945648,0.0229608,0,0.945927,2.11072,-2.25131,0,3.08603,1.00198,0.00441385,1.00055,0.944298,0.022928,0,0.944577
4260,1.00155,2.95198,0.797836,0.945432,0.0252892,0,0.94577,-1.6216,1.602,0,2.27947,1.00217,0.00485003,1.00062,0.943967,0.0252501,0,0.944305
4261,0.999029,2.94552,0.80128,0.946659,0.02531,0,0.946997,-1.37874,2.44555,0,2.80743,0.998673,-0.00296232,0.999644,0.947579,0.0253346,0,0.947918
4262,0.996207,2.93834,0.805295,0.948165,0.0256642,0,0.948512,-0.829107,2.79133,0,2.91187,0.994714,-0.011799,0.998502,0.951775,0.0257619,0,0.952124
4263,1.00223,2.95376,0.797002,0.945259,0.0229556,0,0.945538,2.22688,-1.92282,0,2.94214,1.00309,0.00690441,1.00086,0.943152,0.0229044,0,0.94343
4264,1.00702,2.96589,0.790109,0.942507,0.0213122,0,0.942748,-1.39894,-0.384988,0,1.45094,1.00984,0.0219628,1.0028,0.93594,0.0211637,0,0.936179
4265,1.00552,2.96208,0.792229,0.943264,0.0247813,0,0.94359,-1.44237,0.499575,0,1.52644,1.00774,0.0172695,1.00221,0.938087,0.0246453,0,0.938411
4266,1.00767,2.96756,0.789235,0.942114,0.0244174,0,0.94243,-1.26642,0.211527,0,1.28396,1.01074,0.0239766,1.00305,0.934944,0.0242316,0,0.935258
4267,1.00879,2.97036,0.787493,0.941352,0.0225836,0,0.941623,-1.20645,-0.121923,0,1.21259,1.01236,0.0275828,1.00354,0.933153,0.0223869,0,0.933421
4268,1.00494,2.96062,0.793064,0.943713,0.0204252,0,0.943934,2.45849,-0.467088,0,2.50247,1.00692,0.0154559,1.00197,0.939069,0.0203247,0,0.939289
4269,1.00554,2.96205,0.791945,0.943135,0.0179171,0,0.943305,2.33646,0.350726,0,2.36263,1.00783,0.0174853,1.00229,0.937943,0.0178184,0,0.938112
4270,1.00421,2.95877,0.794154,0.944168,0.0207567,0,0.944396,2.58396,-0.6991,0,2.67686,1.00588,0.0131242,1.00166,0.940209,0.0206696,0,0.940436
4271,1.00296,2.95559,0.795911,0.944929,0.0165755,0,0.945075,2.49314,1.33734,0,2.82917,1.00413,0.00922154,1.00117,0.942138,0.0165265,0,0.942283
4272,1.00656,2.96442,0.789665,0.941672,0.0183143,0,0.94185,2.18439,0.180244,0,2.19182,1.00951,0.0212254,1.00293,0.935534,0.018195,0,0.935711
4273,1.00678,2.96504,0.789514,0.941692,0.0197794,0,0.941899,2.16998,-0.134542,0,2.17415,1.00978,0.0218198,1.00297,0.935346,0.0196462,0,0.935552
4274,1.00555,2.96214,0.792172,0.943336,0.0203325,0,0.943555,-1.56806,-0.760189,0,1.74262,1.00778,0.0173659,1.00222,0.938133,0.0202204,0,0.938351
4275,1.0089,2.97072,0.787613,0.941544,0.0242002,0,0.941855,-1.17601,0.104335,0,1.18063,1.01243,0.0277559,1.00351,0.93324,0.0239868,0,0.933549
4276,1.01008,2.97369,0.78577,0.9407,0.0236892,0,0.940998,-1.09996,-0.0032886,0,1.09997,1.01415,0.0315792,1.00402,0.931309,0.0234528,0,0.931605
4277,1.00812,2.96826,0.787016,0.940301,0.0190252,0,0.940494,2.02651,0.0160514,0,2.02657,1.01182,0.0263901,1.00367,0.932728,0.0188719,0,0.932919
4278,1.0004,2.94904,0.799464,0.946051,0.0253254,0,0.94639,-1.55158,1.99604,0,2.52816,1.00056,0.00124189,1.00016,0.945675,0.0253153,0,0.946014
4279,1.00218,2.95359,0.796945,0.945255,0.0181703,0,0.94543,-1.38169,-2.51961,0,2.87359,1.00306,0.00682837,1.00087,0.943195,0.0181307,0,0.943369
4280,1.0011,2.95081,0.798435,0.945804,0.0177996,0,0.945971,-1.03416,-2.97527,0,3.14988,1.00155,0.00345969,1.00045,0.944766,0.0177801,0,0.944934
4281,1.00654,2.96469,0.790781,0.942696,0.0246411,0,0.943018,-1.35551,0.343142,0,1.39827,1.00917,0.0204778,1.00261,0.936567,0.0244809,0,0.936887
4282,1.00368,2.9574,0.794809,0.944397,0.0191227,0,0.944591,-1.66921,-1.64187,0,2.34137,1.00516,0.0115286,1.00148,0.940932,0.0190525,0,0.941125
4283,1.0043,2.95897,0.793941,0.944052,0.0195188,0,0.944254,-1.67271,-1.29128,0,2.11314,1.00603,0.0134555,1.00172,0.940012,0.0194353,0,0.940212
4284,1.00581,2.96273,0.791542,0.942917,0.0202018,0,0.943133,2.31855,-0.282624,0,2.33572,1.00822,0.0183491,1.0024,0.937473,0.0200851,0,0.937688
4285,1.00454,2.95959,0.793574,0.943929,0.0178098,0,0.944097,2.48069,0.575881,0,2.54666,1.00638,0.0142376,1.00183,0.939659,0.0177293,0,0.939826
4286,1.00378,2.95763,0.794649,0.944361,0.0168419,0,0.944511,2.45143,0.987583,0,2.64289,1.00531,0.0118418,1.00152,0.940807,0.0167785,0,0.940956
4287,0.997522,2.94172,0.803538,0.947689,0.021361,0,0.94793,0.978401,-3.45202,0,3.588,0.996527,-0.00775262,0.999003,0.950043,0.021414,0,0.950285
4288,0.999128,2.94578,0.801164,0.946852,0.0150176,0,0.946971,1.88268,2.5586,0,3.17662,0.998805,-0.00266775,0.999676,0.947678,0.0150307,0,0.947797
4289,0.993131,2.93058,0.809928,0.950153,0.0214346,0,0.950395,0.0242796,3.41599,0,3.41608,0.990331,-0.0215819,0.997181,0.956725,0.0215828,0,0.956968
4290,1.00105,2.95069,0.798536,0.945715,0.0244018,0,0.946029,-1.85662,1.84733,0,2.61909,1.00147,0.00327955,1.00042,0.944725,0.0243762,0,0.94504
4291,0.999288,2.94616,0.800826,0.946491,0.0229362,0,0.946768,1.63735,-2.90009,0,3.33038,0.999061,-0.00209493,0.999773,0.947164,0.0229525,0,0.947443
4292,1.00276,2.95504,0.796118,0.944788,0.0242226,0,0.945098,-1.83354,1.07087,0,2.12335,1.00387,0.00862853,1.00111,0.942191,0.024156,0,0.9425
4293,1.00451,2.95951,0.793642,0.943912,0.0205749,0,0.944136,-1.80193,-0.825923,0,1.9822,1.00632,0.014118,1.00181,0.939674,0.0204825,0,0.939897
4294,1.00048,2.9492,0.799114,0.945824,0.0230385,0,0.946105,1.99302,-2.54438,0,3.23203,1.00074,0.00165786,1.00026,0.945366,0.0230274,0,0.945647
4295,1.00004,2.94813,0.799938,0.946382,0.0178949,0,0.946551,-0.728,-3.31708,0,3.39602,1.00007,0.000147667,1.00002,0.946342,0.0178942,0,0.946512
4296,0.997887,2.94266,0.803072,0.947606,0.0186961,0,0.94779,0.0562668,-3.43239,0,3.43285,0.997024,-0.00664302,0.999135,0.949612,0.0187357,0,0.949797
4297,1.00741,2.96692,0.789637,0.942326,0.0234856,0,0.942619,-1.3295,0.0665736,0,1.33117,1.01037,0.0231505,1.00294,0.935391,0.0233128,0,0.935682
4298,1.00102,2.95059,0.79846,0.945787,0.01611,0,0.945924,2.37147,2.15759,0,3.2061,1.00146,0.00326863,1.00044,0.944822,0.0160935,0,0.944959
4299,1.00475,2.96002,0.792939,0.94341,0.0199334,0,0.94362,2.52389,-0.271594,0,2.53846,1.00677,0.0151026,1.002,0.938948,0.0198391,0,0.939158
4300,1.00228,2.95389,0.797012,0.945444,0.0166133,0,0.94559,2.50207,1.65984,0,3.00257,1.00314,0.00699849,1.00085,0.943294,0.0165755,0,0.943439
4301,1.00298,2.95562,0.795816,0.944792,0.01944,0,0.944992,-1.9034,-1.91148,0,2.69754,1.00418,0.00932203,1.00119,0.941984,0.0193823,0,0.942183
4302,1.00169,2.95232,0.797602,0.945472,0.0185805,0,0.945655,-1.48206,-2.95537,0,3.30616,1.00238,0.00530953,1.00069,0.943877,0.0185492,0,0.944059
4303,1.00539,2.96176,0.792406,0.943358,0.0238757,0,0.943661,-1.54604,0.33961,0,1.58291,1.00756,0.0168769,1.00216,0.938297,0.0237476,0,0.938598
4304,1.00533,2.96131,0.791534,0.942491,0.0185535,0,0.942673,2.37516,0.163781,0,2.3808,1.00774,0.0172771,1.0024,0.937498,0.0184552,0,0.937679
4305,1.00303,2.95574,0.79573,0.944712,0.0211308,0,0.944949,2.75768,-1.28375,0,3.04185,1.00425,0.00949038,1.00122,0.941857,0.0210669,0,0.942093
4306,1.00194,2.95296,0.797289,0.945243,0.0243354,0,0.945557,-1.87319,1.43162,0,2.35762,1.00271,0.00605382,1.00078,0.943417,0.0242884,0,0.94373
4307,0.994287,2.93348,0.808137,0.949483,0.0172955,0,0.949641,0.937337,3.44897,0,3.57407,0.991992,-0.0178746,0.997692,0.954939,0.0173949,0,0.955097
4308,1.0055,2.96174,0.791235,0.942318,0.0195462,0,0.942521,2.34896,-0.102754,0,2.35121,1.008,0.0178568,1.00249,0.937163,0.0194393,0,0.937365
4309,1.00398,2.95816,0.794399,0.944221,0.0202015,0,0.944437,-1.88062,-1.11468,0,2.18615,1.00558,0.0124522,1.00159,0.940478,0.0201214,0,0.940694
4310,0.996426,2.93886,0.80487,0.948165,0.0146556,0,0.948278,1.40529,2.78401,0,3.11858,0.995054,-0.0110399,0.998623,0.951566,0.0147082,0,0.951679
4311,0.998036,2.94308,0.803007,0.94753,0.0251046,0,0.947862,-1.21403,2.79406,0,3.04642,0.99719,-0.00627147,0.999153,0.949395,0.025154,0,0.949728
4312,1.00192,2.95295,0.797399,0.945399,0.0222289,0,0.94566,2.43181,-2.1792,0,3.26537,1.00267,0.00595314,1.00074,0.943586,0.0221863,0,0.943846
4313,1.00254,2.95451,0.796524,0.94506,0.0220801,0,0.945318,2.51942,-1.7903,0,3.09073,1.00353,0.00787868,1.00099,0.94267,0.0220243,0,0.942928
4314,1.00448,2.95944,0.793691,0.943859,0.0239919,0,0.944164,-1.65344,0.525086,0,1.73482,1.00628,0.0140271,1.00179,0.939646,0.0238849,0,0.939949
4315,1.00573,2.96261,0.791927,0.943224,0.0214169,0,0.943467,-1.59748,-0.392651,0,1.64503,1.00803,0.017931,1.00229,0.937851,0.0212949,0,0.938093
4316,1.00638,2.96428,0.791088,0.942888,0.0237004,0,0.943185,-1.43788,0.191263,0,1.45055,1.00892,0.0199088,1.00253,0.936914,0.0235503,0,0.93721
4317,1.00645,2.96445,0.790909,0.942809,0.0219753,0,0.943065,-1.48317,-0.224379,0,1.50005,1.00904,0.0201869,1.00258,0.936767,0.0218345,0,0.937022
4318,1.00734,2.96672,0.78964,0.942283,0.0226303,0,0.942555,-1.36629,-0.0888158,0,1.36918,1.0103,0.0229898,1.00294,0.935415,0.0224653,0,0.935684
4319,1.00342,2.95677,0.795264,0.944604,0.0204738,0,0.944826,2.84065,-0.779323,0,2.94561,1.00478,0.0106609,1.00135,0.941382,0.020404,0,0.941603
4320,1.00447,2.95931,0.793404,0.943666,0.0183252,0,0.943844,2.55749,0.368253,0,2.58386,1.00635,0.0141679,1.00187,0.939471,0.0182437,0,0.939648
4321,1.00403,2.95829,0.794334,0.944202,0.0201884,0,0.944418,2.68943,-0.49165,0,2.734,1.00565,0.0126082,1.00161,0.940411,0.0201074,0,0.940626
4322,1.00508,2.96097,0.792814,0.943568,0.0209727,0,0.943801,-1.70478,-0.589471,0,1.80381,1.00714,0.0159276,1.00204,0.938794,0.0208666,0,0.939026
4323,1.0036,2.9572,0.79493,0.944336,0.0241056,0,0.944644,-1.75543,0.766426,0,1.91545,1.00505,0.0112738,1.00144,0.940946,0.024019,0,0.941252
4324,1.00007,2.9482,0.799869,0.946192,0.0244632,0,0.946508,-1.75135,2.33131,0,2.91586,1.00012,0.00026341,1.00004,0.946122,0.0244614,0,0.946438
4325,1.00241,2.95416,0.79663,0.945119,0.0190069,0,0.94531,-1.76837,-2.42366,0,3.00021,1.00337,0.00752834,1.00096,0.942848,0.0189612,0,0.943039
4326,1.00347,2.95686,0.795102,0.944493,0.0198397,0,0.944701,-1.92512,-1.46835,0,2.42119,1.00487,0.0108701,1.00139,0.941226,0.0197711,0,0.941433
4327,1.00836,2.9693,0.788227,0.941716,0.023283,0,0.942004,-1.2453,-0.0258776,0,1.24556,1.01172,0.0261571,1.00333,0.933911,0.02309,0,0.934196
4328,1.00372,2.9575,0.794711,0.944363,0.0175862,0,0.944526,2.59562,0.787477,0,2.71245,1.00523,0.0116843,1.0015,0.940858,0.0175209,0,0.941022
4329,1.00302,2.95572,0.795799,0.944849,0.0173699,0,0.945008,2.69377,1.13629,0,2.92362,1.00422,0.00941301,1.0012,0.942007,0.0173176,0,0.942166
4330,0.997883,2.94266,0.803105,0.947601,0.0204051,0,0.94782,0.683355,-3.81374,0,3.87448,0.997011,-0.00667177,0.999126,0.949611,0.0204484,0,0.949831
4331,0.998089,2.9432,0.802844,0.947543,0.0195251,0,0.947744,0.323781,-3.80198,0,3.81574,0.997291,-0.00604771,0.9992,0.949357,0.0195625,0,0.949558
4332,0.994604,2.93421,0.807402,0.948906,0.0227361,0,0.949179,-0.366311,3.60353,0,3.6221,0.992517,-0.0167028,0.997902,0.954054,0.0228595,0,0.954328
4333,0.998672,2.94464,0.801888,0.947036,0.0221849,0,0.947296,1.48945,-3.37418,0,3.68829,0.998144,-0.00414332,0.999471,0.948295,0.0222144,0,0.948556
4334,1.00328,2.95641,0.795439,0.944669,0.0200006,0,0.944881,2.96079,-0.532131,0,3.00823,1.00459,0.0102399,1.0013,0.941576,0.0199351,0,0.941787
4335,1.00069,2.94978,0.799038,0.945923,0.0237138,0,0.946221,-2.11453,2.15718,0,3.0207,1.00097,0.00216739,1.00028,0.94527,0.0236974,0,0.945567
4336,0.993788,2.93217,0.808718,0.949552,0.0201965,0,0.949767,0.299809,3.78658,0,3.79843,0.99133,-0.0193525,0.997526,0.955487,0.0203228,0,0.955703
4337,0.994498,2.93403,0.807863,0.94937,0.0188548,0,0.949557,0.646728,3.8027,0,3.8573,0.992281,-0.0172305,0.99777,0.954622,0.0189591,0,0.95481
4338,0.999312,2.9463,0.801079,0.946738,0.0245055,0,0.947055,-1.63182,2.7339,0,3.18388,0.999012,-0.00220426,0.9997,0.94739,0.0245224,0,0.947707
4339,1.00192,2.95292,0.797291,0.945351,0.0192812,0,0.945547,-1.94233,-2.85929,0,3.45661,1.0027,0.0060259,1.00078,0.943536,0.0192442,0,0.943733
4340,1.00609,2.96356,0.791475,0.943057,0.0227855,0,0.943332,-1.52518,-0.0129066,0,1.52524,1.00853,0.0190346,1.00242,0.937344,0.0226475,0,0.937617
4341,1.00141,2.95161,0.798022,0.945534,0.0236359,0,0.94583,-2.1484,1.65092,0,2.70946,1.00198,0.00440916,1.00057,0.944206,0.0236027,0,0.944501
4342,1.00017,2.94842,0.799638,0.946223,0.0160174,0,0.946358,2.25621,2.5171,0,3.38028,1.00028,0.000627089,1.00011,0.94606,0.0160146,0,0.946196
4343,0.995623,2.93691,0.806321,0.948723,0.0239676,0,0.949025,-0.704643,3.29548,0,3.36997,0.993841,-0.0137479,0.99821,0.952893,0.024073,0,0.953197
4344,1.0013,2.9513,0.798096,0.945539,0.0223213,0,0.945802,2.33473,-2.50976,0,3.4278,1.00184,0.00411513,1.00055,0.944315,0.0222924,0,0.944578
4345,1.00097,2.9505,0.798644,0.945893,0.0184198,0,0.946072,-1.21655,-3.36628,0,3.57936,1.00136,0.00304447,1.00039,0.944975,0.0184019,0,0.945154
4346,0.998152,2.94328,0.802509,0.947329,0.0153559,0,0.947453,1.69734,2.8559,0,3.32222,0.997448,-0.0056967,0.999294,0.949082,0.0153844,0,0.949207
4347,0.996928,2.94028,0.804654,0.948212,0.02455,0,0.94853,-1.02085,3.137,0,3.29893,0.995616,-0.00978542,0.998684,0.951134,0.0246257,0,0.951453
4348,0.999217,2.94602,0.801089,0.946802,0.0182363,0,0.946977,-0.368438,-3.6255,0,3.64417,0.998916,-0.0024197,0.999698,0.947543,0.0182505,0,0.947719
4349,1.00292,2.95548,0.795906,0.944808,0.0206101,0,0.945033,2.95849,-1.05501,0,3.14098,1.00409,0.00913855,1.00117,0.942054,0.02055,0,0.942278
4350,1.0036,2.95719,0.79495,0.94437,0.023373,0,0.944659,-1.89772,0.564012,0,1.97976,1.00504,0.0112477,1.00144,0.940985,0.0232893,0,0.941273
4351,1.00284,2.95525,0.796009,0.944768,0.0234803,0,0.94506,-2.0177,0.861312,0,2.19385,1.00398,0.00888014,1.00114,0.942095,0.0234139,0,0.942385
4352,1.00528,2.96147,0.792584,0.943484,0.021954,0,0.943739,-1.68747,-0.208196,0,1.70027,1.00739,0.0165034,1.0021,0.938531,0.0218388,0,0.938785
4353,1.00426,2.95853,0.79276,0.942788,0.0187559,0,0.942975,2.59903,0.14806,0,2.60324,1.00633,0.0141268,1.00206,0.938784,0.0186762,0,0.93897
4354,0.996295,2.93859,0.80527,0.948427,0.0165558,0,0.948571,1.37851,3.47874,0,3.74191,0.99481,-0.0115849,0.998509,0.951953,0.0166174,0,0.952098
4355,1.00213,2.95344,0.797015,0.945155,0.0235746,0,0.945449,-2.10749,1.22334,0,2.43682,1.00298,0.00665297,1.00085,0.94315,0.0235246,0,0.943443
4356,1.00282,2.9552,0.796044,0.944866,0.0200344,0,0.945079,-2.216,-1.7039,0,2.79534,1.00395,0.00881508,1.00113,0.942211,0.0199781,0,0.942423
4357,1.00449,2.95914,0.792599,0.942812,0.0193633,0,0.943011,2.55528,-0.063399,0,2.55606,1.0066,0.014722,1.0021,0.938602,0.0192769,0,0.9388
4358,1.00365,2.95731,0.79487,0.944395,0.0207205,0,0.944622,-2.0704,-0.907323,0,2.26048,1.00511,0.0114105,1.00146,0.940963,0.0206453,0,0.941189
4359,1.00242,2.9542,0.796624,0.94511,0.0196783,0,0.945315,-2.1504,-2.24966,0,3.1121,1.00339,0.00755808,1.00096,0.942828,0.0196308,0,0.943033
4360,1.0061,2.96313,0.789883,0.941459,0.0190139,0,0.941651,2.25098,0.0242329,0,2.25111,1.00898,0.0200554,1.00287,0.93575,0.0188986,0,0.935941
4361,0.997235,2.94096,0.80387,0.947871,0.0158122,0,0.948003,1.56252,3.1352,0,3.50299,0.996145,-0.00860481,0.998907,0.9505,0.015856,0,0.950632
4362,1.0021,2.95339,0.797132,0.945298,0.0215842,0,0.945544,2.75847,-2.04773,0,3.43546,1.00292,0.00651406,1.00082,0.94332,0.021539,0,0.943566
4363,1.00258,2.95462,0.79641,0.945002,0.0213785,0,0.945244,2.79707,-1.60865,0,3.22666,1.00361,0.00806045,1.00102,0.942566,0.0213234,0,0.942807
4364,1.00439,2.9592,0.793812,0.943916,0.0232564,0,0.944203,-1.76483,0.336661,0,1.79665,1.00616,0.0137407,1.00176,0.939791,0.0231547,0,0.940076
4365,1.00525,2.9614,0.792665,0.943513,0.0231368,0,0.943797,-1.63225,0.16299,0,1.64037,1.00734,0.0163867,1.00208,0.938587,0.023016,0,0.93887
4366,1.00372,2.95752,0.794798,0.944443,0.0181764,0,0.944618,2.70737,0.562145,0,2.76511,1.00521,0.0116262,1.00148,0.940939,0.018109,0,0.941113
4367,1.00231,2.95393,0.796798,0.945238,0.0172644,0,0.945396,2.75704,1.4494,0,3.11481,1.00323,0.00720533,1.00091,0.943058,0.0172246,0,0.943215
4368,1.00387,2.95779,0.79419,0.94391,0.0198186,0,0.944118,2.76175,-0.264473,0,2.77438,1.00553,0.0123496,1.00165,0.940266,0.0197422,0,0.940474
4369,1.00466,2.95989,0.793432,0.94381,0.0214893,0,0.944055,-1.82341,-0.396735,0,1.86608,1.00653,0.0145842,1.00187,0.939433,0.0213897,0,0.939676
4370,1.00411,2.95849,0.79418,0.944095,0.0210818,0,0.944331,-1.95276,-0.625283,0,2.05043,1.00577,0.0128884,1.00165,0.940229,0.0209954,0,0.940463
4371,1.00321,2.9562,0.795486,0.944638,0.0203872,0,0.944858,-2.16338,-1.25809,0,2.5026,1.0045,0.0100408,1.00129,0.941617,0.020322,0,0.941836
4372,1.00159,2.95209,0.79788,0.945696,0.0170062,0,0.945848,2.70974,1.98078,0,3.35651,1.00219,0.00489741,1.00061,0.944198,0.0169792,0,0.944351
4373,1.00298,2.95563,0.795815,0.944822,0.0180082,0,0.944994,2.86351,0.900534,0,3.00178,1.00418,0.00933018,1.00119,0.942011,0.0179546,0,0.942182
4374,0.998342,2.94382,0.802435,0.947251,0.0240029,0,0.947555,-1.45396,3.13165,0,3.45272,0.997659,-0.00522607,0.999315,0.948824,0.0240428,0,0.949129
4375,0.998455,2.94411,0.802254,0.947231,0.0214216,0,0.947473,1.22691,-3.85621,0,4.04668,0.997824,-0.00485794,0.999368,0.948697,0.0214547,0,0.94894
4376,0.999819,2.94756,0.80026,0.946416,0.0222743,0,0.946678,1.90678,-3.24154,0,3.76077,0.999753,-0.000551786,0.999934,0.946587,0.0222784,0,0.946849
4377,0.998603,2.94446,0.801968,0.947173,0.0163412,0,0.947314,1.94445,3.14869,0,3.70069,0.998052,-0.0043486,0.999448,0.948498,0.0163641,0,0.94864
4378,1.0003,2.9488,0.799649,0.946308,0.0184583,0,0.946488,-0.870779,-3.75934,0,3.85887,1.0004,0.000900211,1.00011,0.946028,0.0184529,0,0.946208
4379,0.999207,2.94594,0.80092,0.946653,0.0160516,0,0.946789,2.08705,2.86988,0,3.54852,0.998952,-0.0023385,0.999746,0.947405,0.0160644,0,0.947541
4380,1.00282,2.95523,0.796147,0.94497,0.020167,0,0.945186,3.12377,-0.79121,0,3.22242,1.00392,0.00874561,1.0011,0.942316,0.0201104,0,0.942531
4381,0.998822,2.94507,0.801845,0.947205,0.0189149,0,0.947394,-0.141801,-3.85442,0,3.85703,0.998307,-0.00377956,0.999484,0.948322,0.0189372,0,0.948511
4382,0.997983,2.94291,0.802957,0.947614,0.0166362,0,0.947761,1.8058,3.4882,0,3.92791,0.997152,-0.00635736,0.999167,0.94953,0.0166698,0,0.949676
4383,0.994874,2.93494,0.80717,0.948992,0.0196271,0,0.949195,0.452795,4.2363,0,4.26043,0.992853,-0.0159535,0.997968,0.953881,0.0197282,0,0.954085
4384,1.00166,2.95224,0.797659,0.945435,0.0216619,0,0.945683,2.69944,-2.41935,0,3.62494,1.00233,0.00519629,1.00067,0.943872,0.021626,0,0.944119
4385,1.00331,2.95645,0.795324,0.944547,0.0211192,0,0.944783,-2.23808,-0.671357,0,2.3366,1.00465,0.0103703,1.00133,0.941431,0.0210495,0,0.941666
4386,1.00195,2.95299,0.79728,0.945351,0.0198603,0,0.94556,-2.40091,-2.67458,0,3.59413,1.00273,0.00608966,1.00078,0.943513,0.0198217,0,0.943721
4387,1.00145,2.95171,0.797975,0.945625,0.0190439,0,0.945817,-1.7348,-3.33117,0,3.75583,1.00203,0.00452892,1.00058,0.944259,0.0190164,0,0.944451
4388,1.00511,2.96063,0.791391,0.942126,0.0189484,0,0.942317,2.42316,0.0555062,0,2.42379,1.00756,0.0168759,1.00244,0.93734,0.0188521,0,0.937529
4389,1.00431,2.95901,0.794016,0.944085,0.0219613,0,0.94434,-1.91946,-0.183883,0,1.92825,1.00601,0.0134254,1.0017,0.940036,0.0218671,0,0.940291
4390,1.00355,2.95671,0.7938,0.9432,0.0193031,0,0.943398,2.77982,-0.0103171,0,2.77984,1.00531,0.0118612,1.00176,0.939867,0.0192349,0,0.940064
4391,1.0005,2.94925,0.799141,0.945881,0.0224484,0,0.946148,2.12161,-2.9032,0,3.5958,1.00075,0.00167456,1.00025,0.945409,0.0224372,0,0.945675
4392,0.995726,2.93713,0.806044,0.948672,0.0176243,0,0.948836,1.12343,3.88516,0,4.04433,0.994022,-0.0133431,0.998289,0.952744,0.0177,0,0.952908
4393,1.0016,2.9521,0.797754,0.945449,0.0230249,0,0.945729,-2.4198,1.4092,0,2.80023,1.00224,0.0050083,1.00064,0.943939,0.0229881,0,0.944219
4394,1.00221,2.95366,0.796879,0.945174,0.0201681,0,0.945389,-2.51764,-2.01635,0,3.22555,1.00311,0.0069377,1.00089,0.943085,0.0201235,0,0.9433
4395,1.00306,2.95566,0.795141,0.944148,0.0197163,0,0.944354,3.04153,-0.263834,0,3.05295,1.00445,0.00992579,1.00138,0.941268,0.0196562,0,0.941473
4396,1.00299,2.95563,0.795797,0.944796,0.0184718,0,0.944976,2.99282,0.635835,0,3.05962,1.00419,0.00934479,1.0012,0.941983,0.0184168,0,0.942163
4397,0.998431,2.94405,0.80229,0.947278,0.020008,0,0.947489,0.488837,-4.25056,0,4.27858,0.99779,-0.00493419,0.999358,0.948766,0.0200394,0,0.948978
4398,1.0001,2.9483,0.79993,0.946302,0.0237457,0,0.9466,-2.05455,2.59233,0,3.30777,1.00013,0.000289125,1.00003,0.946205,0.0237432,0,0.946503
4399,0.99448,2.93393,0.807707,0.949143,0.0210834,0,0.949377,0.00340576,3.87713,0,3.87714,0.992307,-0.0171722,0.997815,0.954411,0.0212005,0,0.954647
4400,1.00103,2.95065,0.798562,0.945758,0.0230916,0,0.94604,-2.45661,1.92594,0,3.12157,1.00144,0.0032243,1.00041,0.944785,0.0230678,0,0.945067
4401,0.996137,2.93813,0.805295,0.948162,0.023211,0,0.948446,-0.805259,3.74728,0,3.83283,0.994645,-0.0119529,0.998502,0.951838,0.023301,0,0.952124
4402,0.997026,2.94039,0.804015,0.947661,0.0236461,0,0.947956,-1.03673,3.56239,0,3.71018,0.995895,-0.0091621,0.998866,0.950488,0.0237166,0,0.950784
4403,1.00221,2.95365,0.796892,0.945119,0.0229675,0,0.945398,-2.31879,0.978664,0,2.51685,1.0031,0.00691805,1.00089,0.943035,0.0229168,0,0.943314
4404,1.00351,2.95679,0.794409,0.943826,0.0186407,0,0.94401,2.78094,0.317283,0,2.79898,1.00511,0.0114032,1.00159,0.940521,0.0185754,0,0.940705
4405,1.00258,2.9546,0.796374,0.944983,0.0204757,0,0.945205,-2.48682,-1.44521,0,2.87627,1.00362,0.00808006,1.00103,0.942548,0.0204229,0,0.942769
4406,1.00211,2.9534,0.797086,0.945271,0.0210407,0,0.945506,3.07698,-1.85384,0,3.59229,1.00294,0.00656478,1.00083,0.943284,0.0209965,0,0.943518
4407,1.00252,2.95446,0.796484,0.945035,0.0208321,0,0.945264,3.05053,-1.37911,0,3.34779,1.00353,0.00787657,1.001,0.942656,0.0207797,0,0.942885
4408,1.00432,2.95904,0.793954,0.944019,0.0226117,0,0.94429,-1.85488,0.130337,0,1.85945,1.00605,0.013501,1.00172,0.939956,0.0225144,0,0.940225
4409,1.00503,2.96087,0.793022,0.943702,0.0224855,0,0.94397,-1.73392,-0.0203369,0,1.73404,1.00702,0.0156744,1.00198,0.938979,0.0223729,0,0.939245
4410,1.00087,2.95022,0.798688,0.945873,0.0169344,0,0.946024,2.64851,2.38691,0,3.56538,1.00125,0.00279528,1.00038,0.945047,0.0169197,0,0.945199
4411,1.00196,2.95308,0.797496,0.945636,0.0173604,0,0.945796,2.80251,1.76161,0,3.31019,1.00267,0.0059699,1.00072,0.943789,0.0173265,0,0.943948
4412,1.00354,2.95703,0.795027,0.944407,0.0227833,0,0.944681,-2.01853,0.340702,0,2.04708,1.00496,0.0110609,1.00142,0.94108,0.022703,0,0.941353
4413,1.00377,2.95763,0.794684,0.944296,0.0215208,0,0.944541,-2.08207,-0.400814,0,2.1203,1.00529,0.0118053,1.00151,0.940749,0.02144,0,0.940993
4414,1.00285,2.95529,0.796001,0.944787,0.022888,0,0.945064,-2.17832,0.623436,0,2.26578,1.00399,0.00891317,1.00114,0.942101,0.022823,0,0.942378
4415,1.00293,2.95549,0.795882,0.944786,0.020795,0,0.945015,-2.37905,-1.01267,0,2.58561,1.00411,0.00916989,1.00117,0.942025,0.0207342,0,0.942253
4416,1.00237,2.95407,0.796669,0.945147,0.0179239,0,0.945316,2.97807,1.20201,0,3.2115,1.00333,0.0074221,1.00095,0.94291,0.0178815,0,0.943079
4417,1.00096,2.95048,0.798684,0.945915,0.0189141,0,0.946104,-1.43294,-3.80666,0,4.06743,1.00134,0.00299733,1.00038,0.945006,0.0188959,0,0.945195
4418,0.99727,2.94108,0.803907,0.94792,0.0171997,0,0.948076,1.59408,3.89981,0,4.21303,0.99617,-0.0085483,0.998897,0.950514,0.0172468,0,0.950671
4419,1.00266,2.95479,0.796261,0.94492,0.0211076,0,0.945155,-2.56748,-0.73463,0,2.67051,1.00373,0.00831555,1.00107,0.942416,0.0210517,0,0.942651
4420,0.998868,2.94517,0.801699,0.947086,0.0193889,0,0.947285,0.0616426,-4.22569,0,4.22614,0.998394,-0.00358386,0.999525,0.948159,0.0194109,0,0.948358
4421,1.00284,2.95527,0.796038,0.94483,0.0223878,0,0.945096,-2.3138,0.360025,0,2.34164,1.00397,0.00887155,1.00113,0.942152,0.0223243,0,0.942417
4422,0.998352,2.94381,0.802273,0.947107,0.0233965,0,0.947396,-1.54198,3.63467,0,3.94823,0.997715,-0.00510143,0.999361,0.94867,0.0234351,0,0.948959
4423,1.00176,2.95252,0.79755,0.945431,0.0211276,0,0.945667,3.07099,-2.25763,0,3.81154,1.00246,0.00549973,1.0007,0.943769,0.0210905,0,0.944005
4424,1.00353,2.95703,0.795079,0.944473,0.0222166,0,0.944734,-2.11311,0.0978973,0,2.11538,1.00494,0.0110216,1.0014,0.941148,0.0221384,0,0.941408
4425,0.999366,2.94641,0.800926,0.946653,0.0235576,0,0.946946,-1.93107,3.05508,0,3.61421,0.99911,-0.00198631,0.999744,0.947254,0.0235725,0,0.947547
4426,0.998562,2.94438,0.802096,0.947182,0.020762,0,0.94741,1.00519,-4.21669,0,4.33484,0.997976,-0.00451758,0.999413,0.948546,0.0207919,0,0.948774
4427,1.00177,2.95253,0.797508,0.945414,0.0202328,0,0.94563,-2.84208,-2.41242,0,3.72789,1.00248,0.00554134,1.00071,0.943745,0.0201971,0,0.943961
4428,0.999493,2.94672,0.800689,0.946668,0.0168903,0,0.946818,2.3432,3.17762,0,3.94814,0.999305,-0.00155199,0.999811,0.947147,0.0168988,0,0.947298
4429,1.00057,2.94948,0.799264,0.946058,0.023109,0,0.94634,-2.46446,2.37936,0,3.42563,1.00078,0.00174759,1.00022,0.945521,0.0230959,0,0.945803
4430,0.999657,2.94719,0.800643,0.94674,0.0187534,0,0.946925,-0.561905,-4.04139,0,4.08027,0.999482,-0.00115584,0.999825,0.947065,0.0187598,0,0.94725
4431,0.999446,2.94664,0.800869,0.946712,0.0217942,0,0.946963,1.76887,-3.74652,0,4.1431,0.999207,-0.00176905,0.999761,0.947236,0.0218063,0,0.947487
4432,0.995733,2.93717,0.806116,0.948655,0.0222687,0,0.948916,-0.445376,4.08675,0,4.11095,0.994008,-0.0133744,0.998268,0.95272,0.0223641,0,0.952983
4433,1.00122,2.95114,0.798303,0.945678,0.0225982,0,0.945948,-2.77404,1.64359,0,3.22439,1.00171,0.00381514,1.00049,0.944525,0.0225707,0,0.944795
4434,1.00161,2.95213,0.797744,0.945528,0.0196168,0,0.945731,-2.26826,-3.20208,0,3.92407,1.00226,0.0050454,1.00065,0.944006,0.0195852,0,0.944209
4435,1.00111,2.95084,0.79841,0.945791,0.0176747,0,0.945956,2.99984,2.23256,0,3.73943,1.00157,0.00349929,1.00046,0.944743,0.0176551,0,0.944907
4436,1.00338,2.95664,0.795269,0.944539,0.0218229,0,0.944791,-2.1844,-0.154296,0,2.18984,1.00473,0.0105634,1.00135,0.941357,0.0217493,0,0.941608
4437,1.00207,2.95329,0.797101,0.945261,0.0205328,0,0.945484,-2.84916,-1.71156,0,3.32372,1.0029,0.00646894,1.00083,0.943311,0.0204904,0,0.943533
4438,1.00263,2.95469,0.796199,0.944857,0.019839,0,0.945065,3.24747,-0.498461,0,3.28551,1.00372,0.00829523,1.00108,0.942378,0.0197869,0,0.942586
4439,1.0019,2.95288,0.797429,0.9455,0.017855,0,0.945669,3.06644,1.53687,0,3.43002,1.00263,0.00588129,1.00074,0.943709,0.0178211,0,0.943877
4440,1.00008,2.94818,0.799688,0.94618,0.0168189,0,0.946329,2.52035,2.80661,0,3.77216,1.00018,0.000401263,1.0001,0.9461,0.0168175,0,0.946249
4441,0.999058,2.94566,0.80148,0.947082,0.0170289,0,0.947235,2.23932,3.46848,0,4.12855,0.998645,-0.00302343,0.999587,0.947974,0.017045,0,0.948128
4442,0.995745,2.93719,0.806038,0.948664,0.0186733,0,0.948847,0.886785,4.24796,0,4.33954,0.994043,-0.0132962,0.998291,0.952717,0.0187531,0,0.952901
4443,1.00052,2.94934,0.799209,0.945988,0.021948,0,0.946242,2.331,-3.27215,0,4.01752,1.00076,0.00168906,1.00023,0.945491,0.0219365,0,0.945746
4444,1.00113,2.95088,0.798302,0.945612,0.0218404,0,0.945864,2.56508,-2.83326,0,3.82191,1.00162,0.0036208,1.00049,0.944542,0.0218157,0,0.944794
4445,1.00223,2.95371,0.796859,0.945118,0.0224936,0,0.945385,-2.50184,0.700605,0,2.59809,1.00313,0.00698977,1.0009,0.943012,0.0224435,0,0.943279
4446,1.00239,2.95412,0.796687,0.94517,0.018451,0,0.945351,3.15859,0.918428,0,3.28941,1.00334,0.0074471,1.00095,0.942918,0.0184071,0,0.943098
4447,1.00235,2.95401,0.796705,0.945103,0.0208256,0,0.945333,-2.73225,-1.15382,0,2.96588,1.00329,0.007347,1.00094,0.942889,0.0207768,0,0.943117
4448,1.00293,2.9552,0.794873,0.943751,0.0192485,0,0.943948,3.03278,0.0882395,0,3.03406,1.00439,0.00980176,1.00146,0.940996,0.0191923,0,0.941191
4449,1.00285,2.95512,0.795477,0.944319,0.018787,0,0.944506,3.07934,0.348752,0,3.09902,1.00414,0.00923379,1.00129,0.94164,0.0187337,0,0.941827
4450,1.00169,2.95233,0.797618,0.945405,0.0225327,0,0.945673,-2.66399,1.1246,0,2.89164,1.00237,0.00530061,1.00068,0.943808,0.0224946,0,0.944076
4451,1.00204,2.95323,0.797157,0.945294,0.0206141,0,0.945519,3.3733,-1.59865,0,3.73294,1.00286,0.00637426,1.00081,0.943368,0.0205722,0,0.943593
4452,1.00241,2.95418,0.796655,0.94512,0.0203957,0,0.94534,3.27041,-1.10453,0,3.45189,1.00337,0.00752097,1.00095,0.942845,0.0203467,0,0.943065
4453,1.00302,2.95572,0.795746,0.944714,0.0214781,0,0.944958,-2.3798,-0.40898,0,2.41469,1.00424,0.00946036,1.00121,0.941866,0.0214134,0,0.94211
4454,0.995526,2.93664,0.806392,0.948779,0.0208117,0,0.949007,-0.0451666,4.41188,0,4.41211,0.993724,-0.0140085,0.99819,0.953042,0.0209052,0,0.953272
4455,1.00129,2.95131,0.798211,0.945716,0.0194461,0,0.945916,-2.03237,-3.75198,0,4.26707,1.0018,0.00402514,1.00051,0.9445,0.0194211,0,0.944699
4456,1.00017,2.9485,0.799883,0.946369,0.0217194,0,0.946618,2.08796,-3.6575,0,4.21152,1.00021,0.000477461,1.00004,0.946205,0.0217157,0,0.946454
4457,1.00161,2.95213,0.797772,0.945544,0.0200854,0,0.945757,-2.79246,-2.97451,0,4.0799,1.00225,0.0050185,1.00064,0.944025,0.0200531,0,0.944238
4458,1,2.94803,0.79999,0.946291,0.0229889,0,0.94657,-2.4069,2.87785,0,3.75169,1.00001,3.20154e-05,1.00001,0.946286,0.0229888,0,0.946565
4459,0.995872,2.93749,0.805788,0.948508,0.0194385,0,0.948707,0.656805,4.73779,0,4.7831,0.99424,-0.0128565,0.998362,0.95244,0.0195191,0,0.95264
4460,1.00037,2.94899,0.799541,0.946257,0.0189369,0,0.946447,-1.0679,-4.23698,0,4.36949,1.00051,0.00113849,1.00014,0.945905,0.0189299,0,0.946095
4461,1.00188,2.95282,0.79737,0.945362,0.0208182,0,0.945592,-3.13795,-1.35933,0,3.41972,1.00263,0.00588109,1.00075,0.943587,0.0207791,0,0.943816
4462,1.0015,2.95189,0.798017,0.945748,0.0178234,0,0.945916,3.13339,1.88052,0,3.65438,1.00207,0.00463003,1.00057,0.944327,0.0177966,0,0.944495
4463,0.999181,2.94594,0.801171,0.946787,0.0213797,0,0.947028,1.55077,-4.26057,0,4.53402,0.998857,-0.00255201,0.999676,0.947563,0.0213972,0,0.947804
4464,0.996824,2.93994,0.804511,0.948113,0.0179307,0,0.948282,1.37218,4.34053,0,4.55226,0.995553,-0.00992588,0.998725,0.951134,0.0179878,0,0.951304
4465,0.999604,2.94703,0.800621,0.946658,0.0192503,0,0.946853,-0.386148,-4.59266,0,4.60886,0.999436,-0.00125841,0.999832,0.947032,0.0192579,0,0.947228
4466,1.00175,2.95249,0.797583,0.945464,0.0207016,0,0.94569,3.43097,-2.02171,0,3.98232,1.00244,0.00545244,1.00069,0.943813,0.0206654,0,0.944039
4467,0.998975,2.94541,0.801449,0.946918,0.0197822,0,0.947124,0.246642,-4.72883,0,4.73526,0.998572,-0.00318772,0.999597,0.947889,0.0198025,0,0.948096
4468,1.00239,2.95406,0.796481,0.944947,0.0187678,0,0.945133,3.29112,0.604371,0,3.34615,1.00339,0.00757575,1.001,0.942696,0.0187231,0,0.942882
4469,1.00195,2.95303,0.797346,0.945456,0.0183855,0,0.945635,3.30392,1.25295,0,3.53352,1.00272,0.00606098,1.00076,0.943611,0.0183496,0,0.94379
4470,1.0024,2.95415,0.796617,0.945051,0.0213679,0,0.945293,-2.72438,-0.426993,0,2.75764,1.00337,0.00752709,1.00097,0.942784,0.0213166,0,0.943025
4471,0.996897,2.94014,0.804453,0.948021,0.0226524,0,0.948291,-0.937364,4.2494,0,4.35156,0.995643,-0.00972519,0.998742,0.950971,0.0227229,0,0.951243
4472,0.999295,2.94622,0.800966,0.946641,0.0230391,0,0.946921,-2.09736,3.58743,0,4.15555,0.999028,-0.0021705,0.999733,0.947309,0.0230554,0,0.947589
4473,0.998861,2.94513,0.801625,0.946981,0.0203843,0,0.947201,0.779136,-4.72673,0,4.79052,0.998408,-0.00355258,0.999547,0.948061,0.0204075,0,0.948281
4474,1.00181,2.95263,0.797422,0.94536,0.0204036,0,0.94558,-2.93692,-2.14287,0,3.63558,1.00255,0.00569221,1.00074,0.943651,0.0203667,0,0.94387
4475,0.998468,2.94414,0.802229,0.947302,0.0173114,0,0.94746,2.06166,3.89601,0,4.40787,0.997843,-0.00481373,0.999374,0.948755,0.017338,0,0.948913
4476,1.00082,2.95013,0.79887,0.9459,0.022583,0,0.946169,-2.84734,2.10172,0,3.53901,1.00115,0.00257185,1.00033,0.945121,0.0225644,0,0.94539
4477,1.00281,2.95519,0.796085,0.944857,0.021979,0,0.945112,-2.40181,0.0558941,0,2.40246,1.00393,0.00876548,1.00112,0.942211,0.0219174,0,0.942466
4478,1.00061,2.94953,0.798998,0.945939,0.0174942,0,0.9461,2.94597,2.66519,0,3.97265,1.0009,0.00200781,1.00029,0.945363,0.0174836,0,0.945525
4479,1.00007,2.94818,0.799827,0.946301,0.0174873,0,0.946462,2.78181,3.15976,0,4.20982,1.00013,0.00028505,1.00006,0.946233,0.017486,0,0.946394
4480,0.999705,2.94731,0.800565,0.946727,0.0175227,0,0.946889,2.67933,3.46255,0,4.37814,0.999552,-0.00100089,0.999846,0.947006,0.0175278,0,0.947169
4481,1.00094,2.9504,0.79858,0.945736,0.0214526,0,0.945979,2.79613,-3.23725,0,4.27763,1.00135,0.00302352,1.00041,0.944844,0.0214324,0,0.945087
4482,1.00139,2.95156,0.797966,0.94552,0.0212857,0,0.945759,3.00107,-2.70146,0,4.03786,1.00198,0.0044181,1.00058,0.944203,0.021256,0,0.944442
4483,1.00132,2.95138,0.798165,0.945633,0.0221964,0,0.945893,-3.05906,1.31175,0,3.32845,1.00184,0.00411528,1.00053,0.94439,0.0221673,0,0.94465
4484,1.0024,2.9539,0.795783,0.944209,0.0195596,0,0.944412,3.31134,-0.147063,0,3.3146,1.00361,0.00804965,1.0012,0.941947,0.0195127,0,0.942149
4485,1.00238,2.95385,0.795832,0.944248,0.0191299,0,0.944442,3.30324,0.173058,0,3.30777,1.00357,0.00796833,1.00119,0.942006,0.0190845,0,0.9422
4486,1.00212,2.95344,0.797013,0.94521,0.0210722,0,0.945445,-2.94833,-0.826497,0,3.06199,1.00298,0.00665137,1.00085,0.943206,0.0210275,0,0.94344
4487,1.00173,2.95242,0.797559,0.945384,0.0221503,0,0.945644,-2.87466,0.800651,0,2.98408,1.00243,0.00541685,1.0007,0.943755,0.0221122,0,0.944014
4488,1.00193,2.95296,0.797315,0.945367,0.0202524,0,0.945583,3.63392,-1.28609,0,3.85479,1.0027,0.00603356,1.00077,0.943542,0.0202133,0,0.943758
4489,1.00233,2.95401,0.796881,0.945288,0.020059,0,0.945501,3.44654,-0.790522,0,3.53604,1.00322,0.00719624,1.00089,0.943089,0.0200123,0,0.943302
4490,1.00271,2.95492,0.796165,0.944856,0.0216993,0,0.945105,-2.48942,-0.122197,0,2.49242,1.00381,0.00849758,1.00109,0.942301,0.0216406,0,0.94255
4491,1.00227,2.95381,0.796865,0.945166,0.0220718,0,0.945423,-2.65318,0.394298,0,2.68232,1.00316,0.00706253,1.0009,0.943028,0.0220219,0,0.943285
4492,1.00168,2.95231,0.797663,0.945483,0.0206535,0,0.945708,-3.28651,-1.81536,0,3.75455,1.00235,0.00524474,1.00067,0.943898,0.0206189,0,0.944123
4493,0.997946,2.94279,0.802921,0.947522,0.0177521,0,0.947688,1.86804,4.3479,0,4.73221,0.997126,-0.00641625,0.999177,0.949472,0.0177886,0,0.949638
4494,1.00137,2.95151,0.798081,0.945647,0.019906,0,0.945856,-2.64573,-3.58576,0,4.45618,1.00192,0.00428829,1.00055,0.944354,0.0198787,0,0.944563
4495,0.999841,2.94762,0.800234,0.9464,0.0226249,0,0.946671,-2.66464,3.41306,0,4.33005,0.999782,-0.000487344,0.99994,0.946551,0.0226285,0,0.946821
4496,0.996706,2.93964,0.804695,0.948177,0.0187508,0,0.948362,1.03579,4.7922,0,4.90286,0.995384,-0.0103037,0.998673,0.95131,0.0188128,0,0.951496
4497,1.00083,2.95015,0.798843,0.945952,0.0193334,0,0.946149,-1.69657,-4.29496,0,4.6179,1.00117,0.00260903,1.00034,0.945165,0.0193173,0,0.945362
4498,1.00153,2.95196,0.797995,0.945739,0.0182542,0,0.945915,3.41988,1.62115,0,3.78467,1.0021,0.00469736,1.00058,0.944296,0.0182263,0,0.944472
4499,0.996451,2.939,0.80509,0.948281,0.021829,0,0.948532,-0.546379,4.63111,0,4.66323,0.995017,-0.0111229,0.99856,0.951658,0.0219067,0,0.95191
4500,1.00098,2.95052,0.798651,0.945824,0.0221964,0,0.946085,-3.19707,1.76729,0,3.65302,1.00137,0.00305285,1.00039,0.9449,0.0221747,0,0.94516
4501,1.00058,2.94954,0.799261,0.946112,0.0214064,0,0.946354,2.58092,-3.68367,0,4.49784,1.0008,0.00178936,1.00022,0.945559,0.0213939,0,0.945801
4502,0.999149,2.94587,0.801235,0.946835,0.0208623,0,0.947065,1.29923,-4.70827,0,4.88424,0.998807,-0.00266329,0.999658,0.947642,0.0208801,0,0.947872
4503,0.997522,2.94172,0.803536,0.947646,0.023106,0,0.947927,-1.22885,4.03437,0,4.21737,0.996527,-0.00775237,0.999003,0.95,0.0231634,0,0.950282
4504,0.998673,2.94467,0.801979,0.947117,0.022855,0,0.947392,-1.86099,4.07499,0,4.47982,0.998119,-0.0041988,0.999445,0.948375,0.0228854,0,0.948651
4505,1.00177,2.95254,0.797537,0.945411,0.0218004,0,0.945662,-3.04631,0.442954,0,3.07835,1.00248,0.00552816,1.0007,0.94374,0.0217618,0,0.943991
4506,0.999254,2.94614,0.801143,0.946904,0.0176296,0,0.947068,2.51372,3.87981,0,4.62296,0.998937,-0.00237376,0.999682,0.947611,0.0176428,0,0.947775
4507,1.00195,2.95286,0.796784,0.94485,0.0190601,0,0.945042,3.58033,0.394906,0,3.60204,1.00287,0.00641146,1.00092,0.943008,0.019023,0,0.9432
4508,1.00211,2.95332,0.796804,0.945002,0.0197673,0,0.945208,3.56959,-0.427983,0,3.59515,1.00302,0.00674253,1.00091,0.943015,0.0197257,0,0.943221
4509,1.00046,2.94921,0.799396,0.946109,0.0225473,0,0.946377,-2.8674,2.62021,0,3.88426,1.00064,0.00142541,1.00018,0.945673,0.0225369,0,0.945942
4510,1.00194,2.95296,0.797268,0.945351,0.0187959,0,0.945538,3.49489,0.91966,0,3.61387,1.00272,0.006075,1.00078,0.943522,0.0187595,0,0.943708
4511,1.00023,2.94862,0.799731,0.946313,0.0192866,0,0.946509,-0.965864,-4.87085,0,4.96569,1.00031,0.000696509,1.00008,0.946097,0.0192822,0,0.946294
4512,1.00167,2.95229,0.797682,0.945504,0.0203758,0,0.945723,3.76198,-1.71401,0,4.13404,1.00234,0.00521903,1.00066,0.943924,0.0203417,0,0.944143
4513,0.999573,2.94695,0.800654,0.946655,0.0196162,0,0.946858,-0.183457,-5.18784,0,5.19108,0.999395,-0.00134947,0.999823,0.947059,0.0196246,0,0.947263
4514,0.996297,2.93858,0.805226,0.948304,0.0204964,0,0.948526,0.0843042,5.05539,0,5.05609,0.994824,-0.0115535,0.998522,0.951829,0.0205726,0,0.952052
4515,0.99921,2.94601,0.801116,0.946785,0.0201243,0,0.946998,0.514843,-5.27555,0,5.30061,0.998902,-0.0024506,0.999692,0.947533,0.0201402,0,0.947747
4516,1.0011,2.95082,0.798439,0.945802,0.0182104,0,0.945977,3.39249,2.1794,0,4.03222,1.00155,0.00345917,1.00045,0.944763,0.0181904,0,0.944938
4517,1.00082,2.95009,0.798773,0.945892,0.0180748,0,0.946064,3.34055,2.4952,0,4.16957,1.00118,0.00262567,1.00035,0.945116,0.0180599,0,0.945288
4518,1.00039,2.94896,0.799319,0.946055,0.0180048,0,0.946226,3.24751,3.04025,0,4.44853,1.00059,0.00130678,1.0002,0.94569,0.0179979,0,0.945862
4519,1.00007,2.94823,0.799989,0.946462,0.0180095,0,0.946633,3.14291,3.45131,0,4.66791,1.00008,0.000184894,1.00001,0.946393,0.0180082,0,0.946564
4520,1.00114,2.95091,0.79829,0.945629,0.0210206,0,0.945863,3.28231,-3.11518,0,4.52525,1.00164,0.00365481,1.00049,0.944548,0.0209966,0,0.944781
4521,1.00147,2.95176,0.797909,0.945541,0.0208499,0,0.945771,3.43044,-2.4939,0,4.24116,1.00207,0.00462428,1.0006,0.944152,0.0208193,0,0.944382
4522,1.00169,2.95234,0.797616,0.94544,0.021021,0,0.945673,-3.38779,-0.96985,0,3.52388,1.00238,0.00530607,1.00068,0.943841,0.0209855,0,0.944075
4523,1.00136,2.95149,0.798092,0.945607,0.0218796,0,0.94586,-3.30427,0.934021,0,3.43374,1.00191,0.00426356,1.00055,0.944321,0.0218498,0,0.944574
4524,1.00192,2.95292,0.7973,0.945316,0.0212777,0,0.945556,-3.12514,-0.464579,0,3.15949,1.00269,0.0060148,1.00077,0.943504,0.0212369,0,0.943743
4525,1.00186,2.95281,0.79751,0.94551,0.0200002,0,0.945721,3.84544,-0.922415,0,3.95453,1.00258,0.00575243,1.00071,0.943751,0.019963,0,0.943962
4526,1.00197,2.9528,0.796379,0.944433,0.0194193,0,0.944632,3.58724,0.018396,0,3.58729,1.00301,0.00670848,1.00103,0.942575,0.0193811,0,0.942774
4527,1.00223,2.95372,0.796918,0.945197,0.0216454,0,0.945445,-2.84321,-0.0924558,0,2.84472,1.00311,0.00694776,1.00088,0.943094,0.0215972,0,0.943341
4528,0.99799,2.94293,0.80294,0.947481,0.0225659,0,0.947749,-1.37706,4.54064,0,4.74486,0.997164,-0.00632974,0.999172,0.949388,0.0226114,0,0.949658
4529,1.00153,2.95192,0.797856,0.945532,0.0212059,0,0.94577,-3.59062,-0.543243,0,3.63149,1.00214,0.00478707,1.00061,0.944088,0.0211735,0,0.944326
4530,1.00146,2.95175,0.797958,0.945595,0.0203639,0,0.945815,-3.26014,-2.73176,0,4.25336,1.00205,0.00457464,1.00059,0.944214,0.0203341,0,0.944433
4531,0.997566,2.94182,0.803419,0.947671,0.0182908,0,0.947848,1.62385,4.87293,0,5.13637,0.996605,-0.00757904,0.999036,0.949983,0.0183354,0,0.95016
4532,0.999671,2.94718,0.800457,0.946507,0.0211881,0,0.946744,1.87068,-4.73223,0,5.08856,0.999549,-0.00100646,0.999878,0.946819,0.0211951,0,0.947056
4533,1.00166,2.9522,0.797511,0.945322,0.0197819,0,0.945529,3.99494,-0.51437,0,4.02792,1.00237,0.00529528,1.00071,0.943757,0.0197491,0,0.943963
4534,1.00172,2.95223,0.796967,0.944812,0.019608,0,0.945015,3.89249,-0.219252,0,3.89866,1.00259,0.00577643,1.00087,0.943189,0.0195743,0,0.943392
4535,1.00008,2.94827,0.799999,0.946412,0.0214195,0,0.946654,2.30824,-4.12586,0,4.72766,1.00009,0.000205431,1.00001,0.946333,0.0214177,0,0.946575
4536,1.00106,2.95073,0.798532,0.945786,0.021878,0,0.946039,-3.50848,1.3791,0,3.76979,1.00148,0.00331353,1.00042,0.944783,0.0218548,0,0.945036
4537,0.999277,2.94618,0.801029,0.946747,0.0205699,0,0.94697,1.10847,-5.25805,0,5.37362,0.998993,-0.00224712,0.999716,0.947432,0.0205848,0,0.947656
4538,0.997401,2.9414,0.803685,0.947708,0.0221951,0,0.947968,-1.10214,4.81081,0,4.93544,0.996364,-0.00811646,0.99896,0.950178,0.022253,0,0.950439
4539,0.999408,2.94652,0.800879,0.946668,0.0225492,0,0.946937,-2.47514,4.00689,0,4.70972,0.999165,-0.00186326,0.999757,0.947229,0.0225625,0,0.947498
4540,1.00014,2.94837,0.79978,0.946211,0.022504,0,0.946478,-2.85379,3.13227,0,4.23736,1.00021,0.000468016,1.00007,0.946078,0.0225009,0,0.946345
4541,1.00112,2.95087,0.798437,0.945785,0.0197547,0,0.945991,-2.3821,-4.22133,0,4.84706,1.00157,0.00349948,1.00045,0.94473,0.0197327,0,0.944936
4542,1.00157,2.95203,0.797849,0.945584,0.0200888,0,0.945797,4.04773,-1.33983,0,4.26372,1.00218,0.00487449,1.00062,0.944105,0.0200574,0,0.944318
4543,0.997059,2.94054,0.804194,0.947934,0.0213727,0,0.948175,-0.541491,5.30721,0,5.33477,0.995878,-0.00920037,0.998816,0.95073,0.0214358,0,0.950971
4544,1.00154,2.95193,0.797837,0.945533,0.020514,0,0.945756,-3.40161,-2.29131,0,4.10135,1.00216,0.00481425,1.00062,0.944084,0.0204825,0,0.944306
4545,0.998821,2.94503,0.801712,0.947085,0.0178964,0,0.947254,2.35776,4.34022,0,4.93929,0.998343,-0.00369972,0.999521,0.948202,0.0179175,0,0.948372
4546,1.00152,2.95191,0.797883,0.945562,0.020852,0,0.945792,-3.59785,-1.42168,0,3.86856,1.00213,0.00475445,1.00061,0.944125,0.0208203,0,0.944355
4547,1.0009,2.95032,0.798805,0.945933,0.0210948,0,0.946168,3.11858,-3.63138,0,4.78669,1.00124,0.0027719,1.00035,0.945087,0.0210759,0,0.945322
4548,1.00133,2.95142,0.798155,0.945681,0.020226,0,0.945897,-3.1923,-3.39266,0,4.65843,1.00186,0.00415416,1.00053,0.944425,0.0201992,0,0.944641
4549,0.996705,2.93962,0.80463,0.948094,0.0194452,0,0.948294,0.767884,5.31639,0,5.37156,0.995401,-0.0102656,0.998692,0.951228,0.0195095,0,0.951428
4550,1.00156,2.95204,0.797949,0.945713,0.018735,0,0.945899,3.67593,1.29097,0,3.89604,1.00215,0.0048012,1.00059,0.944238,0.0187058,0,0.944424
4551,1.00067,2.94974,0.799082,0.945989,0.0221592,0,0.946249,-3.29478,2.28894,0,4.01184,1.00094,0.002097,1.00027,0.945353,0.0221443,0,0.945613
4552,1.00162,2.95212,0.797565,0.945361,0.019061,0,0.945553,3.85205,0.706372,0,3.91628,1.00232,0.00518323,1.0007,0.943828,0.0190301,0,0.94402
4553,1.00056,2.94946,0.799224,0.946093,0.0195053,0,0.946294,-1.67107,-5.01206,0,5.2833,1.00079,0.00176294,1.00023,0.945562,0.0194944,0,0.945763
4554,1.0001,2.9483,0.799933,0.9464,0.0195842,0,0.946602,-0.794825,-5.57106,0,5.62748,1.00013,0.000286523,1.00003,0.946304,0.0195822,0,0.946507
4555,0.999621,2.94707,0.800565,0.946602,0.0199049,0,0.946811,0.0899574,-5.83219,0,5.83288,0.99947,-0.00118417,0.999848,0.946961,0.0199124,0,0.94717
4556,1.00115,2.95096,0.798458,0.945858,0.0185636,0,0.94604,3.77174,1.91794,0,4.23137,1.00159,0.00355007,1.00044,0.944775,0.0185423,0,0.944957
4557,0.99974,2.94739,0.800487,0.946669,0.0180518,0,0.946841,2.97637,3.88218,0,4.89185,0.999609,-0.00087356,0.999869,0.946915,0.0180565,0,0.947087
4558,1.00083,2.95011,0.798769,0.945885,0.0185428,0,0.946067,3.75693,2.40151,0,4.4589,1.00118,0.00264085,1.00036,0.945103,0.0185275,0,0.945285
4559,1.00057,2.94943,0.79909,0.945976,0.0184561,0,0.946156,3.70975,2.83913,0,4.6715,1.00083,0.00185443,1.00026,0.945441,0.0184456,0,0.945621
4560,1.00028,2.94872,0.799597,0.946236,0.0184196,0,0.946416,3.63996,3.35942,0,4.95329,1.0004,0.000889418,1.00012,0.945974,0.0184145,0,0.946153
4561,1.00119,2.95102,0.798239,0.945624,0.0206648,0,0.945849,3.77375,-2.90325,0,4.76131,1.00169,0.00378149,1.00051,0.944502,0.0206403,0,0.944728
4562,1.00145,2.95171,0.797986,0.945607,0.0205114,0,0.945829,3.83937,-2.20399,0,4.427,1.00203,0.00452052,1.00058,0.944241,0.0204817,0,0.944463
4563,1.00139,2.95157,0.798063,0.94561,0.0216044,0,0.945857,-3.50224,0.516114,0,3.54006,1.00195,0.00434791,1.00056,0.944297,0.0215744,0,0.944543
4564,1.00159,2.95185,0.797037,0.944763,0.0193682,0,0.944962,3.89911,0.210747,0,3.9048,1.00243,0.00543222,1.00085,0.943267,0.0193376,0,0.943465
4565,1.00172,2.95241,0.797633,0.94547,0.0214792,0,0.945714,-3.25808,-0.00967936,0,3.2581,1.0024,0.00535099,1.00068,0.943848,0.0214424,0,0.944091
4566,0.997833,2.9425,0.803068,0.947484,0.0217603,0,0.947734,-1.21099,5.50026,0,5.63199,0.996971,-0.00676207,0.999136,0.949542,0.0218075,0,0.949793
4567,0.998465,2.94412,0.802201,0.947252,0.0182129,0,0.947427,2.17511,4.85162,0,5.3169,0.997848,-0.00480339,0.999382,0.948708,0.0182409,0,0.948884
4568,1.00136,2.95149,0.798092,0.945628,0.0209995,0,0.945861,-3.86597,-0.977226,0,3.98757,1.00191,0.00426451,1.00055,0.944341,0.0209709,0,0.944574
4569,1.0011,2.95084,0.798467,0.945764,0.0216242,0,0.946011,-3.77269,0.940701,0,3.8882,1.00155,0.00345093,1.00044,0.944721,0.0216003,0,0.944967
4570,1.00138,2.95154,0.798081,0.945637,0.0207308,0,0.945865,-3.78094,-1.92023,0,4.24061,1.00193,0.00430957,1.00055,0.944335,0.0207023,0,0.944562
4571,0.998833,2.94506,0.801681,0.946968,0.0223283,0,0.947232,-2.10788,4.62836,0,5.08575,0.998363,-0.0036535,0.99953,0.948075,0.0223544,0,0.948339
4572,1.00079,2.95004,0.798903,0.945921,0.0218525,0,0.946173,-3.68108,1.89375,0,4.13964,1.00111,0.00247475,1.00032,0.945173,0.0218352,0,0.945425
4573,1.00021,2.94856,0.799708,0.946234,0.0211373,0,0.94647,2.51657,-4.73459,0,5.36185,1.0003,0.000675129,1.00009,0.946034,0.0211328,0,0.94627
4574,1.00064,2.94969,0.799277,0.946183,0.0211536,0,0.946419,2.87485,-4.14701,0,5.04603,1.00085,0.00189281,1.00021,0.945582,0.0211402,0,0.945818
4575,0.997402,2.9414,0.803673,0.947769,0.0188852,0,0.947957,1.33487,5.35889,0,5.52264,0.996369,-0.00810491,0.998964,0.950237,0.0189344,0,0.950426
4576,0.999478,2.9467,0.800747,0.946648,0.0203308,0,0.946866,0.816692,-5.90651,0,5.9627,0.999274,-0.00161955,0.999797,0.947142,0.0203414,0,0.947361
4577,1.001,2.95058,0.798599,0.945827,0.0207664,0,0.946055,3.67961,-3.47666,0,5.06228,1.00141,0.00314344,1.0004,0.944879,0.0207456,0,0.945106
4578,1.0013,2.95121,0.797708,0.945204,0.019316,0,0.945402,4.22779,0.489947,0,4.25608,1.00196,0.00437737,1.00066,0.943973,0.0192909,0,0.944171
4579,1.00148,2.95182,0.798003,0.94567,0.0199098,0,0.94588,4.27268,-0.906338,0,4.36775,1.00205,0.00458664,1.00057,0.944271,0.0198804,0,0.944481
4580,1.00132,2.9512,0.797462,0.944957,0.0195877,0,0.94516,4.26472,-0.130893,0,4.26672,1.00205,0.00457507,1.00073,0.943709,0.0195619,0,0.943912
4581,0.99824,2.94353,0.802464,0.947229,0.0221916,0,0.947489,-1.62974,5.07345,0,5.32879,0.997549,-0.00547192,0.999308,0.948899,0.0222307,0,0.94916
4582,1.00127,2.95126,0.798211,0.945677,0.0205532,0,0.9459,-3.78699,-2.65864,0,4.62706,1.00179,0.00398871,1.00051,0.944476,0.0205271,0,0.944699
4583,1.00121,2.95112,0.798318,0.945736,0.0204364,0,0.945957,-3.73104,-3.11314,0,4.85925,1.0017,0.00379004,1.00048,0.94459,0.0204116,0,0.944811
4584,0.999581,2.94697,0.800625,0.946606,0.0208391,0,0.946835,1.64456,-5.22085,0,5.47374,0.999412,-0.00131337,0.999831,0.947003,0.0208479,0,0.947232
4585,1.00135,2.95147,0.798131,0.945648,0.0213546,0,0.945889,-3.7428,0.0087713,0,3.74281,1.00189,0.00421083,1.00054,0.944374,0.0213259,0,0.944614
4586,1.0004,2.94904,0.79949,0.946158,0.022134,0,0.946417,-3.34206,2.85113,0,4.39298,1.00055,0.00122317,1.00015,0.945783,0.0221252,0,0.946041
4587,1.00088,2.95028,0.798784,0.945931,0.0196999,0,0.946136,-2.09479,-4.79918,0,5.23644,1.00124,0.00276098,1.00035,0.945096,0.0196825,0,0.945301
4588,1.00115,2.95094,0.798386,0.945752,0.020081,0,0.945965,-3.04793,-4.04465,0,5.06449,1.00161,0.00359527,1.00047,0.94467,0.0200581,0,0.944883
4589,0.997004,2.94039,0.804242,0.947954,0.0203836,0,0.948173,0.103359,5.74212,0,5.74305,0.99581,-0.00935282,0.998802,0.950802,0.0204449,0,0.951022
4590,1.00005,2.94819,0.800077,0.946524,0.0184699,0,0.946705,3.50068,3.86683,0,5.21605,1.00003,7.80954e-05,0.999985,0.946477,0.018469,0,0.946657
4591,1.0004,2.94907,0.799464,0.946191,0.0197252,0,0.946397,-1.57029,-5.81882,0,6.02697,1.00057,0.0012627,1.00016,0.945809,0.0197172,0,0.946014
4592,1.00003,2.94811,0.800003,0.9464,0.0198073,0,0.946607,-0.539408,-6.33321,0,6.35614,1.00004,8.16974e-05,1.00001,0.946373,0.0198067,0,0.94658
4593,1.00135,2.95148,0.798201,0.945768,0.0190801,0,0.94596,4.10606,1.09928,0,4.25067,1.00186,0.00416057,1.00052,0.944496,0.0190545,0,0.944688
4594,1.00116,2.95101,0.798515,0.945924,0.0189297,0,0.946113,4.09785,1.54729,0,4.38023,1.00159,0.00354311,1.00043,0.944828,0.0189078,0,0.945018
4595,0.999349,2.94637,0.800954,0.946786,0.0180984,0,0.946959,2.82653,4.32496,0,5.16667,0.999085,-0.00204175,0.999736,0.947403,0.0181102,0,0.947576
4596,1.00084,2.95015,0.798795,0.945917,0.0188428,0,0.946104,4.1827,2.17233,0,4.71317,1.00119,0.00264913,1.00035,0.945125,0.0188271,0,0.945312
4597,1.00061,2.94955,0.799029,0.945948,0.0188259,0,0.946135,4.18077,2.66874,0,4.95994,1.00089,0.00199397,1.00028,0.94537,0.0188144,0,0.945557
4598,1.00042,2.94906,0.799364,0.946116,0.0187703,0,0.946302,4.15195,3.16361,0,5.21988,1.0006,0.0013453,1.00019,0.945723,0.0187625,0,0.945909
4599,1.00116,2.95095,0.79832,0.945686,0.02039,0,0.945905,4.2512,-2.59468,0,4.98047,1.00164,0.00366019,1.00048,0.944594,0.0203665,0,0.944813
4600,1.00137,2.95153,0.798117,0.94568,0.0202577,0,0.945897,4.2081,-1.83215,0,4.58965,1.00191,0.00427362,1.00054,0.944384,0.0202299,0,0.9446
4601,0.998509,2.94423,0.802124,0.947137,0.0218216,0,0.947389,-1.86736,5.7264,0,6.02318,0.997915,-0.00465504,0.999404,0.948551,0.0218542,0,0.948803
4602,1.00124,2.95117,0.798283,0.945712,0.0208698,0,0.945942,-4.11933,-1.47345,0,4.37492,1.00173,0.00386061,1.00049,0.944545,0.020844,0,0.944775
4603,0.999424,2.94656,0.800842,0.946655,0.0221031,0,0.946913,-2.77481,4.60368,0,5.37526,0.999192,-0.00180286,0.999768,0.947201,0.0221158,0,0.947459
4604,0.999821,2.94757,0.800255,0.946415,0.0221773,0,0.946674,-3.06218,3.86744,0,4.93296,0.999756,-0.000544612,0.999935,0.946584,0.0221812,0,0.946844
4605,0.998914,2.94525,0.801533,0.946898,0.0219913,0,0.947154,-2.27769,5.28999,0,5.7595,0.998486,-0.00337876,0.999572,0.947928,0.0220152,0,0.948184
4606,0.998169,2.94336,0.802599,0.947381,0.0185837,0,0.947563,1.9513,5.42636,0,5.76653,0.99744,-0.00571465,0.999269,0.949119,0.0186178,0,0.949301
4607,1.00012,2.94834,0.799854,0.946279,0.0221295,0,0.946538,-3.34724,3.42131,0,4.78638,1.00017,0.000379838,1.00005,0.946164,0.0221268,0,0.946423
4608,1.00073,2.94988,0.799011,0.946018,0.0198022,0,0.946225,-2.15486,-5.44828,0,5.85893,1.00101,0.00226479,1.00029,0.945332,0.0197879,0,0.945539
4609,1.00099,2.95056,0.798654,0.945889,0.0199451,0,0.946099,-2.80648,-4.72423,0,5.49497,1.00138,0.00307849,1.00039,0.944954,0.0199254,0,0.945164
4610,1.00022,2.94859,0.79978,0.946362,0.0187766,0,0.946548,4.07799,3.7486,0,5.53913,1.00028,0.000635117,1.00007,0.946159,0.0187725,0,0.946345
4611,1.001,2.95056,0.798549,0.945777,0.0204854,0,0.945999,4.24354,-3.21417,0,5.32339,1.00142,0.00317037,1.00042,0.944832,0.0204649,0,0.945053
4612,0.999947,2.94789,0.800083,0.946383,0.0209514,0,0.946615,2.23386,-5.25858,0,5.71339,0.999932,-0.000151223,0.999985,0.946432,0.0209525,0,0.946664
4613,1.00082,2.95015,0.798991,0.946062,0.0208536,0,0.946292,3.49452,-4.07473,0,5.36797,1.00111,0.00248499,1.00029,0.945288,0.0208365,0,0.945517
4614,1.00056,2.94947,0.799246,0.946066,0.0218465,0,0.946318,-3.81024,2.47426,0,4.54312,1.00078,0.00175214,1.00022,0.945533,0.0218341,0,0.945785
4615,1.00112,2.95089,0.798454,0.945771,0.0214124,0,0.946013,-3.99664,0.470891,0,4.02428,1.00157,0.00349672,1.00044,0.944711,0.0213884,0,0.944954
4616,1.00053,2.94939,0.799278,0.946091,0.0208942,0,0.946322,3.16722,-4.72641,0,5.68949,1.00074,0.00166194,1.00021,0.945588,0.0208831,0,0.945819
4617,1.00086,2.95022,0.798807,0.945893,0.0216072,0,0.94614,-4.02042,1.43976,0,4.27045,1.00121,0.00269571,1.00034,0.945078,0.0215885,0,0.945324
4618,0.999767,2.94745,0.800371,0.946533,0.0200923,0,0.946746,0.297247,-6.5848,0,6.59151,0.999671,-0.000733621,0.999904,0.946753,0.0200969,0,0.946967
4619,1.00111,2.95086,0.798465,0.945796,0.0203352,0,0.946014,-3.68629,-3.78821,0,5.28576,1.00155,0.00346788,1.00044,0.944747,0.0203126,0,0.944965
4620,0.999644,2.94712,0.800538,0.946625,0.0183988,0,0.946804,3.32712,4.33631,0,5.46565,0.999498,-0.00111982,0.999854,0.946962,0.0184053,0,0.947141
4621,0.997569,2.94184,0.803464,0.947661,0.0211402,0,0.947897,-0.638,6.03152,0,6.06517,0.996595,-0.00759971,0.999024,0.94997,0.0211918,0,0.950207
4622,1.00131,2.9513,0.797956,0.945463,0.0197789,0,0.94567,4.44148,-0.516228,0,4.47138,1.0019,0.00423663,1.00059,0.944225,0.019753,0,0.944431
4623,1.00108,2.9506,0.797912,0.9452,0.0194968,0,0.945401,4.64115,0.200785,0,4.64549,1.00167,0.00373783,1.0006,0.944184,0.0194759,0,0.944385
4624,1.00112,2.95088,0.798432,0.945765,0.0207035,0,0.945992,-4.28858,-2.28516,0,4.85941,1.00157,0.00351433,1.00045,0.944705,0.0206803,0,0.944931
4625,1.00106,2.95073,0.798525,0.945808,0.0205704,0,0.946032,-4.29668,-2.9517,0,5.21286,1.00149,0.00332015,1.00043,0.944805,0.0205486,0,0.945028
4626,0.999611,2.94704,0.800565,0.946577,0.0206074,0,0.946801,1.41856,-5.85613,0,6.02549,0.99946,-0.00120599,0.999849,0.946945,0.0206154,0,0.947169
4627,1.00122,2.95113,0.798294,0.945701,0.0211399,0,0.945937,-4.083,-0.45585,0,4.10836,1.00171,0.00381479,1.00049,0.94455,0.0211142,0,0.944786
4628,0.997356,2.94128,0.803723,0.947765,0.0195199,0,0.947966,0.891242,6.01363,0,6.07931,0.996309,-0.00823956,0.99895,0.950277,0.0195716,0,0.950479
4629,1.0003,2.9488,0.799608,0.946242,0.0198787,0,0.946451,-1.37196,-6.70993,0,6.84876,1.00042,0.000941609,1.00012,0.945957,0.0198727,0,0.946166
4630,1.00109,2.95074,0.798317,0.945639,0.0193083,0,0.945836,4.55583,0.870142,0,4.63818,1.00157,0.00350513,1.00048,0.944613,0.0192874,0,0.94481
4631,1.00108,2.95082,0.798684,0.946017,0.0192075,0,0.946212,4.50913,1.3296,0,4.70108,1.00146,0.00325025,1.00038,0.945,0.0191868,0,0.945195
4632,0.99911,2.94576,0.801272,0.946889,0.0182907,0,0.947066,2.69576,4.82666,0,5.52845,0.998756,-0.0027769,0.999646,0.947733,0.018307,0,0.94791
4633,1.00088,2.95029,0.798871,0.946029,0.0191228,0,0.946222,4.57278,1.80087,0,4.91462,1.0012,0.00268959,1.00033,0.945199,0.019106,0,0.945392
4634,1.00063,2.94959,0.799036,0.945964,0.0190824,0,0.946157,4.65871,2.42229,0,5.25082,1.00091,0.00202329,1.00028,0.945372,0.0190705,0,0.945565
4635,1.00046,2.94918,0.799266,0.946054,0.0190577,0,0.946246,4.67676,2.94606,0,5.52733,1.00068,0.00151714,1.00021,0.945614,0.0190489,0,0.945806
4636,1.00109,2.9508,0.798459,0.945774,0.0201856,0,0.94599,4.69178,-2.18674,0,5.17636,1.00153,0.00342536,1.00044,0.944744,0.0201636,0,0.944959
4637,1.00128,2.95131,0.798278,0.945768,0.0200402,0,0.94598,4.52071,-1.38444,0,4.72795,1.00178,0.00396612,1.00049,0.944557,0.0200146,0,0.944769
4638,0.99986,2.94768,0.80024,0.946468,0.0207545,0,0.946696,1.89801,-5.85583,0,6.15575,0.999801,-0.000444666,0.999941,0.946601,0.0207574,0,0.946829
4639,0.999041,2.94558,0.801367,0.946851,0.0217163,0,0.9471,-2.56599,5.97251,0,6.5004,0.998661,-0.00298972,0.99962,0.94776,0.0217372,0,0.94801
4640,1.00095,2.95041,0.798603,0.945787,0.0202656,0,0.946004,4.78701,-2.83695,0,5.56451,1.00135,0.00301092,1.0004,0.944893,0.0202465,0,0.94511
4641,1.001,2.95057,0.798616,0.945838,0.0208225,0,0.946067,-4.71699,-1.77191,0,5.03881,1.0014,0.00311872,1.0004,0.944895,0.0208018,0,0.945124
4642,0.997561,2.94181,0.803465,0.947673,0.0203274,0,0.947891,0.127722,6.52073,0,6.52199,0.996587,-0.00761827,0.999024,0.94999,0.0203771,0,0.950208
4643,1.00089,2.9503,0.798757,0.945873,0.0214131,0,0.946115,-4.30452,0.942047,0,4.4064,1.00125,0.00279433,1.00036,0.94503,0.021394,0,0.945272
4644,1.00029,2.94877,0.799593,0.946196,0.0208705,0,0.946426,2.87418,-5.30131,0,6.03032,1.00042,0.000927761,1.00012,0.94592,0.0208645,0,0.94615
4645,0.999968,2.94796,0.800131,0.946497,0.0187809,0,0.946683,3.92023,4.3251,0,5.83735,0.999937,-0.000140144,0.99997,0.946527,0.0187815,0,0.946714
4646,0.998175,2.94338,0.802602,0.947329,0.0214484,0,0.947572,-1.35089,6.25093,0,6.39523,0.997445,-0.00570338,0.999269,0.949061,0.0214876,0,0.949304
4647,1.00031,2.94882,0.799587,0.946187,0.0217807,0,0.946438,-3.88371,3.09705,0,4.96738,1.00044,0.000973152,1.00012,0.945892,0.0217739,0,0.946143
4648,1.00088,2.95029,0.798871,0.945998,0.0205899,0,0.946222,4.14144,-3.88086,0,5.67562,1.00121,0.00269113,1.00033,0.945168,0.0205718,0,0.945392
4649,1.0012,2.9511,0.798391,0.945813,0.0198835,0,0.946022,4.7558,-0.91363,0,4.84276,1.00166,0.00371253,1.00046,0.944679,0.0198597,0,0.944888
4650,1.00108,2.95077,0.798515,0.945797,0.0212369,0,0.946035,-4.26454,0.0322645,0,4.26467,1.0015,0.00335917,1.00043,0.94478,0.021214,0,0.945018
4651,0.999746,2.94738,0.800374,0.946509,0.0204077,0,0.946729,1.14875,-6.62101,0,6.71992,0.999649,-0.000783241,0.999904,0.94675,0.0204129,0,0.94697
4652,1.00099,2.95055,0.79863,0.945858,0.0202173,0,0.946074,-3.54061,-4.52637,0,5.74665,1.00139,0.00309245,1.0004,0.944923,0.0201973,0,0.945139
4653,1.00083,2.95014,0.798875,0.945966,0.0200492,0,0.946178,-2.96413,-5.5206,0,6.26603,1.00115,0.00257746,1.00033,0.945184,0.0200326,0,0.945396
4654,1.00006,2.94819,0.799964,0.946383,0.0199763,0,0.946594,-0.48898,-7.19061,0,7.20721,1.00008,0.000172623,1.00002,0.946329,0.0199752,0,0.94654
4655,0.99943,2.94658,0.800844,0.94667,0.0218067,0,0.946922,-3.0438,5.32181,0,6.13077,0.999198,-0.00178962,0.999768,0.94721,0.0218191,0,0.947461
4656,0.997965,2.94284,0.802884,0.947476,0.0190405,0,0.947667,1.57484,6.02756,0,6.2299,0.997155,-0.00634949,0.999189,0.949408,0.0190794,0,0.949599
4657,0.999771,2.94744,0.800328,0.94645,0.0218813,0,0.946703,-3.46783,4.45035,0,5.64194,0.999684,-0.000704332,0.999914,0.946667,0.0218864,0,0.94692
4658,1.00003,2.94809,0.799938,0.946288,0.0218333,0,0.94654,-3.67738,3.94535,0,5.39341,1.00006,0.00012362,1.00002,0.946259,0.0218327,0,0.946511
4659,1.00068,2.94977,0.799092,0.946041,0.0206623,0,0.946267,3.85082,-4.6603,0,6.04543,1.00095,0.00211252,1.00027,0.945398,0.0206482,0,0.945624
4660,1.00065,2.94969,0.799108,0.946011,0.0216007,0,0.946258,-4.23406,2.016,0,4.68951,1.00091,0.00203821,1.00026,0.945394,0.0215866,0,0.94564
4661,1.0011,2.95082,0.798469,0.945774,0.0209883,0,0.946007,-4.40916,-0.953543,0,4.51109,1.00154,0.00343717,1.00044,0.944736,0.0209653,0,0.944969
4662,1.00106,2.95056,0.797935,0.945205,0.0196771,0,0.94541,4.72199,-0.154848,0,4.72452,1.00165,0.00368907,1.00059,0.944204,0.0196563,0,0.944409
4663,1.00101,2.95062,0.7986,0.945844,0.0204845,0,0.946066,-4.17036,-3.58631,0,5.50032,1.00142,0.00316943,1.0004,0.944885,0.0204637,0,0.945107
4664,1.00092,2.95037,0.79872,0.945877,0.0206963,0,0.946104,-4.86582,-2.61127,0,5.52222,1.00129,0.00288257,1.00037,0.945007,0.0206773,0,0.945233
4665,1.00058,2.94951,0.799217,0.946094,0.0199138,0,0.946303,-2.20044,-6.31396,0,6.68641,1.00081,0.00180874,1.00023,0.945546,0.0199023,0,0.945756
4666,1.00031,2.94882,0.799592,0.946251,0.0190266,0,0.946443,4.64203,3.5419,0,5.83896,1.00043,0.000967639,1.00012,0.945957,0.0190207,0,0.946148
4667,0.99886,2.94513,0.80164,0.947032,0.0185837,0,0.947214,2.54178,5.39216,0,5.96121,0.998402,-0.0035662,0.999542,0.948113,0.0186049,0,0.948295
4668,1.00087,2.95025,0.79878,0.945923,0.0194037,0,0.946122,4.97879,1.14369,0,5.10846,1.00123,0.00274006,1.00035,0.945097,0.0193868,0,0.945296
4669,1.00083,2.95017,0.799007,0.946117,0.0193516,0,0.946315,5.00205,1.50239,0,5.22281,1.00111,0.00248832,1.00029,0.945336,0.0193356,0,0.945534
4670,1.00087,2.95014,0.798412,0.945533,0.0195038,0,0.945734,5.03681,0.58922,0,5.07115,1.00133,0.00296825,1.00046,0.944708,0.0194867,0,0.944909
4671,1.00065,2.94968,0.799103,0.946052,0.0192994,0,0.946249,5.11172,2.0427,0,5.50475,1.00091,0.00203349,1.00026,0.945438,0.0192868,0,0.945634
4672,1.00047,2.94918,0.799235,0.946019,0.0192698,0,0.946216,5.20959,2.66543,0,5.85187,1.00069,0.00154195,1.00022,0.945578,0.0192608,0,0.945774
4673,1.00102,2.95065,0.798626,0.94589,0.0200268,0,0.946102,5.07351,-1.68551,0,5.34616,1.00142,0.00317098,1.0004,0.944922,0.0200063,0,0.945134
4674,1.00051,2.94932,0.799294,0.946091,0.0207028,0,0.946317,3.57363,-5.30696,0,6.39802,1.00072,0.00160033,1.00021,0.94561,0.0206923,0,0.945836
4675,1.00026,2.94871,0.799661,0.946261,0.020006,0,0.946473,-1.31723,-7.6584,0,7.77085,1.00037,0.000828223,1.00011,0.946011,0.0200007,0,0.946223
4676,0.99872,2.94477,0.801838,0.947045,0.0215155,0,0.94729,-2.04777,6.50423,0,6.81897,0.998207,-0.00400299,0.999486,0.948259,0.021543,0,0.948503
4677,1.00088,2.95025,0.798732,0.945862,0.0201014,0,0.946075,5.28196,-2.34466,0,5.77897,1.00124,0.00277829,1.00037,0.945032,0.0200838,0,0.945245
4678,1.0009,2.95033,0.798754,0.945885,0.0212553,0,0.946123,-4.54375,0.471069,0,4.5681,1.00126,0.00282346,1.00036,0.94503,0.0212361,0,0.945268
4679,0.999918,2.94783,0.800162,0.946454,0.0202061,0,0.946669,0.538417,-7.43787,0,7.45733,0.999882,-0.00026284,0.999964,0.946531,0.0202077,0,0.946747
4680,0.999464,2.94665,0.800732,0.946652,0.0186732,0,0.946836,3.35668,5.12851,0,6.12935,0.999263,-0.00164417,0.999799,0.947159,0.0186832,0,0.947344
4681,1.00016,2.94845,0.799879,0.946407,0.0190525,0,0.946598,4.56778,4.19603,0,6.20253,1.0002,0.000445011,1.00004,0.946257,0.0190495,0,0.946449
4682,0.999461,2.94665,0.800778,0.946636,0.0215609,0,0.946881,-3.38907,6.07622,0,6.95746,0.999248,-0.00167899,0.999787,0.947146,0.0215725,0,0.947392
4683,1.00012,2.94833,0.79986,0.946313,0.0207919,0,0.946542,2.56898,-5.89483,0,6.4303,1.00017,0.000372637,1.00005,0.946201,0.0207894,0,0.94643
4684,1.00071,2.94983,0.799032,0.945988,0.021408,0,0.94623,-4.60141,1.49373,0,4.83778,1.00099,0.00220704,1.00028,0.945319,0.0213929,0,0.945561
4685,1.00048,2.94927,0.79937,0.94616,0.0200098,0,0.946371,-2.12198,-7.21434,0,7.51994,1.00067,0.00149377,1.00019,0.945705,0.0200001,0,0.945917
4686,0.998604,2.94447,0.80198,0.94714,0.0188607,0,0.947328,2.30338,6.0672,0,6.48972,0.99805,-0.00435219,0.999445,0.948464,0.0188871,0,0.948652
4687,1.00111,2.95083,0.798341,0.945681,0.0198085,0,0.945888,4.92302,-0.601769,0,4.95966,1.00159,0.00355294,1.00048,0.944628,0.0197864,0,0.944836
4688,1.00081,2.95009,0.798883,0.945942,0.0207802,0,0.94617,-5.3816,-2.08667,0,5.77198,1.00113,0.00253071,1.00032,0.945176,0.0207634,0,0.945404
4689,0.999815,2.94756,0.800265,0.946457,0.0205622,0,0.94668,1.65773,-6.54727,0,6.75387,0.99975,-0.00055872,0.999934,0.946632,0.020566,0,0.946855
4690,1.00085,2.95021,0.798846,0.945953,0.0203777,0,0.946173,4.7887,-3.55735,0,5.96543,1.00119,0.00265575,1.00033,0.945146,0.0203603,0,0.945365
4691,0.997869,2.94259,0.803004,0.947499,0.0196083,0,0.947702,1.06299,6.79772,0,6.88033,0.997026,-0.00663855,0.999155,0.949522,0.0196502,0,0.949726
4692,1.00086,2.95004,0.798176,0.945272,0.0196291,0,0.945476,5.11682,0.120686,0,5.11824,1.00139,0.00309296,1.00052,0.944458,0.0196122,0,0.944662
4693,0.997992,2.94292,0.802877,0.947454,0.0209371,0,0.947685,-0.713783,6.85563,0,6.89268,0.997184,-0.00628581,0.999191,0.949361,0.0209792,0,0.949593
4694,1.00045,2.94916,0.799403,0.946125,0.021573,0,0.946371,-4.39922,2.66339,0,5.14264,1.00062,0.00138629,1.00018,0.945704,0.0215634,0,0.94595
4695,1.00073,2.94991,0.799044,0.946045,0.0204619,0,0.946266,4.57015,-4.48349,0,6.40218,1.00101,0.00225769,1.00028,0.945352,0.0204469,0,0.945574
4696,1.00082,2.95012,0.798874,0.945952,0.0202702,0,0.946169,-3.84593,-5.36651,0,6.60231,1.00115,0.00255795,1.00033,0.945179,0.0202536,0,0.945396
4697,1.0002,2.94854,0.79973,0.946237,0.0215795,0,0.946483,-4.35736,3.66096,0,5.69115,1.00028,0.000635013,1.00008,0.946047,0.0215751,0,0.946293
4698,0.999759,2.94742,0.800374,0.946494,0.0216042,0,0.946741,-3.8619,5.1811,0,6.46204,0.999661,-0.000757672,0.999901,0.946722,0.0216094,0,0.946969
4699,0.999987,2.94799,0.800039,0.946357,0.0216302,0,0.946604,-4.15809,4.4406,0,6.08347,0.999983,-3.88477e-05,0.999996,0.946369,0.0216305,0,0.946617
4700,1.00097,2.95051,0.79864,0.945835,0.0210814,0,0.94607,-4.63923,-0.409139,0,4.65724,1.00137,0.00305147,1.00039,0.944914,0.0210608,0,0.945149
4701,1.00088,2.95027,0.798776,0.945892,0.0209131,0,0.946124,-5.07009,-1.17162,0,5.2037,1.00123,0.00275541,1.00035,0.94506,0.0208947,0,0.945291
4702,1.00094,2.95042,0.798703,0.945882,0.0203941,0,0.946102,-4.16504,-4.25921,0,5.95722,1.00131,0.00293139,1.00038,0.944996,0.020375,0,0.945216
4703,1.00088,2.95028,0.798779,0.945906,0.0205958,0,0.94613,-4.86453,-3.3496,0,5.90622,1.00124,0.00276128,1.00035,0.945072,0.0205777,0,0.945296
4704,1.00068,2.94978,0.799076,0.946041,0.0201084,0,0.946254,-3.11565,-6.42941,0,7.14455,1.00096,0.00213195,1.00027,0.945394,0.0200947,0,0.945608
4705,1.00074,2.94995,0.799104,0.946134,0.0195079,0,0.946335,5.49763,1.28932,0,5.64679,1.001,0.00223387,1.00026,0.945435,0.0194934,0,0.945636
4706,1.00073,2.94984,0.798835,0.945841,0.0195221,0,0.946043,5.50334,0.916543,0,5.57914,1.00107,0.00238032,1.00034,0.945152,0.0195079,0,0.945353
4707,1.00035,2.9489,0.799491,0.946176,0.0192489,0,0.946372,5.22519,3.29654,0,6.17817,1.0005,0.00111395,1.00015,0.945847,0.0192422,0,0.946042
4708,1.00067,2.94978,0.799258,0.946229,0.0195032,0,0.94643,5.57732,1.66646,0,5.82096,1.00089,0.0019778,1.00022,0.945597,0.0194902,0,0.945798
4709,1.00049,2.94926,0.799296,0.946098,0.0194622,0,0.946298,5.72543,2.26497,0,6.15716,1.00069,0.00154918,1.00021,0.945637,0.0194527,0,0.945837
4710,0.999749,2.94739,0.800371,0.946485,0.0214002,0,0.946727,-4.30482,5.98744,0,7.37435,0.999651,-0.000778463,0.999902,0.946723,0.0214055,0,0.946965
4711,1.00041,2.94908,0.799461,0.946185,0.0200905,0,0.946398,-2.14471,-8.20537,0,8.48103,1.00057,0.00127464,1.00016,0.9458,0.0200823,0,0.946013
4712,0.998455,2.94409,0.802207,0.947187,0.021216,0,0.947424,-1.49823,7.09635,0,7.25278,0.997838,-0.00482668,0.999381,0.948652,0.0212488,0,0.94889
4713,1.00011,2.94832,0.799891,0.946351,0.0201062,0,0.946565,-0.328844,-8.14705,0,8.15369,1.00015,0.000331775,1.00004,0.94625,0.020104,0,0.946464
4714,0.998396,2.94394,0.802263,0.947232,0.0192203,0,0.947427,1.91139,6.78589,0,7.04994,0.997762,-0.00499531,0.999365,0.948754,0.0192512,0,0.948949
4715,0.998017,2.94298,0.802833,0.947447,0.0202572,0,0.947664,0.184334,7.40157,0,7.40386,0.997222,-0.00620112,0.999204,0.94933,0.0202974,0,0.949547
4716,0.999187,2.94596,0.801174,0.946849,0.0188914,0,0.947038,3.10591,5.92174,0,6.68683,0.998862,-0.00254037,0.999674,0.947619,0.0189068,0,0.947808
4717,1.00087,2.95025,0.798802,0.945907,0.0211268,0,0.946143,-4.82816,-0.0192091,0,4.8282,1.00122,0.00271892,1.00035,0.945084,0.0211084,0,0.945319
4718,1.00078,2.95002,0.798884,0.945931,0.0202128,0,0.946147,5.40661,-3.09824,0,6.23142,1.00111,0.00247408,1.00032,0.94519,0.020197,0,0.945405
4719,1.00035,2.94893,0.799527,0.946187,0.0207021,0,0.946414,3.26975,-5.94098,0,6.78134,1.00049,0.0011046,1.00014,0.945855,0.0206948,0,0.946081
4720,1.00076,2.94996,0.79895,0.945966,0.0206961,0,0.946193,-5.55017,-2.89341,0,6.2591,1.00107,0.00237787,1.00031,0.945248,0.0206804,0,0.945474
4721,1.00052,2.94935,0.799293,0.946084,0.0213831,0,0.946326,-4.86309,2.13488,0,5.31106,1.00073,0.00162274,1.00021,0.945593,0.021372,0,0.945834
4722,1.00091,2.95025,0.798408,0.94556,0.0197728,0,0.945766,5.18627,-0.399027,0,5.20159,1.00137,0.00305579,1.00046,0.944699,0.0197548,0,0.944906
4723,1.00096,2.95049,0.798717,0.945929,0.0198948,0,0.946138,5.25662,-0.983049,0,5.34775,1.00133,0.00297197,1.00037,0.945021,0.0198757,0,0.94523
4724,1.00071,2.94983,0.799022,0.945991,0.020848,0,0.94622,-5.81498,-1.42835,0,5.98783,1.00099,0.00221894,1.00028,0.94532,0.0208332,0,0.945549
4725,1.00073,2.94988,0.798992,0.945969,0.0212606,0,0.946208,-4.9007,0.953686,0,4.99263,1.00102,0.00228051,1.00029,0.94528,0.0212451,0,0.945518
4726,1.00057,2.94951,0.799235,0.946104,0.0201648,0,0.946319,-3.14024,-7.48114,0,8.11348,1.0008,0.0017902,1.00023,0.945561,0.0201532,0,0.945775
4727,1.0006,2.94956,0.79917,0.946052,0.0205245,0,0.946275,4.34378,-5.2289,0,6.79778,1.00085,0.00188802,1.00024,0.945483,0.0205121,0,0.945706
4728,1.00081,2.9501,0.798896,0.945973,0.0199909,0,0.946184,5.70204,-1.84857,0,5.99421,1.00113,0.00252456,1.00032,0.945207,0.0199747,0,0.945418
4729,1.00022,2.94861,0.799761,0.946341,0.019243,0,0.946537,5.20078,3.96557,0,6.54017,1.0003,0.000666144,1.00007,0.94613,0.0192387,0,0.946325
4730,1.00068,2.94962,0.798558,0.945505,0.0196009,0,0.945708,5.56539,0.386542,0,5.5788,1.0011,0.00245025,1.00042,0.94486,0.0195875,0,0.945063
4731,1.00059,2.9495,0.799102,0.945988,0.0195944,0,0.94619,6.04323,1.11007,0,6.14434,1.00085,0.00189732,1.00026,0.945431,0.0195828,0,0.945634
4732,1.00084,2.95018,0.798832,0.945927,0.0205178,0,0.94615,-4.77209,-4.00632,0,6.23085,1.00118,0.00264232,1.00034,0.945129,0.0205005,0,0.945351
4733,0.999181,2.94594,0.80119,0.946804,0.0214569,0,0.947047,-2.8689,6.77985,0,7.36186,0.998851,-0.00256453,0.99967,0.947581,0.0214744,0,0.947824
4734,1.00001,2.94806,0.799995,0.946358,0.0206314,0,0.946583,2.19121,-6.57175,0,6.92743,1.00002,5.1487e-05,1.00001,0.946347,0.0206312,0,0.946572
4735,1.00071,2.94986,0.799071,0.946057,0.0203026,0,0.946275,5.30537,-4.16721,0,6.7463,1.00098,0.00219478,1.00027,0.945384,0.0202881,0,0.945602
4736,0.999917,2.94782,0.800157,0.946471,0.0190187,0,0.946662,4.36953,4.88129,0,6.55132,0.999879,-0.000269458,0.999963,0.94655,0.0190203,0,0.946741
4737,1.00032,2.94883,0.799572,0.946185,0.0213828,0,0.946427,-4.99686,3.18767,0,5.92704,1.00044,0.000992245,1.00013,0.945886,0.021376,0,0.946127
4738,1.00013,2.94835,0.79984,0.946285,0.0214036,0,0.946527,-4.91127,4.21732,0,6.47351,1.00018,0.000398146,1.00005,0.946166,0.0214009,0,0.946408
4739,0.999953,2.94791,0.800087,0.946381,0.0214113,0,0.946623,-4.67769,5.07779,0,6.90397,0.999936,-0.000143237,0.999982,0.946425,0.0214123,0,0.946667
4740,1.00078,2.95001,0.798912,0.945939,0.0209864,0,0.946172,-5.34099,-0.515192,0,5.36578,1.0011,0.00244527,1.00032,0.945202,0.0209701,0,0.945434
4741,1.00067,2.94975,0.799076,0.946028,0.0202865,0,0.946245,-4.12688,-6.34052,0,7.56527,1.00095,0.00211264,1.00027,0.94539,0.0202728,0,0.945607
4742,1.00034,2.94887,0.799428,0.946103,0.0194262,0,0.946303,5.83884,2.95645,0,6.54466,1.00051,0.00114699,1.00017,0.945777,0.0194195,0,0.945976
4743,1.0005,2.94933,0.799429,0.946246,0.0196199,0,0.946449,6.23907,1.8196,0,6.499,1.00067,0.00149158,1.00017,0.945774,0.0196101,0,0.945977
4744,0.999934,2.94786,0.800116,0.946396,0.0212458,0,0.946635,-5.24748,5.84239,0,7.853,0.999908,-0.000204576,0.999975,0.946459,0.0212473,0,0.946697
4745,1.00057,2.94951,0.799226,0.946092,0.0203081,0,0.94631,-4.31209,-7.49669,0,8.64838,1.0008,0.001796,1.00023,0.945548,0.0202965,0,0.945766
4746,1.00066,2.94971,0.79909,0.946019,0.020763,0,0.946247,-6.14797,-2.24059,0,6.54353,1.00093,0.00206815,1.00026,0.945394,0.0207493,0,0.945622
4747,1.00003,2.94813,0.799993,0.946387,0.0202595,0,0.946604,0.668902,-8.47735,0,8.5037,1.00005,0.00010764,1.00001,0.946354,0.0202588,0,0.946571
4748,1.00039,2.94902,0.799471,0.946153,0.0212305,0,0.946391,-5.56624,2.57985,0,6.13504,1.00055,0.00122348,1.00016,0.945783,0.0212222,0,0.946021
4749,1.00008,2.94825,0.799955,0.946412,0.0192505,0,0.946608,5.11591,4.71823,0,6.95947,1.0001,0.000229278,1.00002,0.946333,0.019249,0,0.946529
4750,0.998911,2.94526,0.801577,0.946958,0.0212894,0,0.947197,-2.28168,7.37691,0,7.72172,0.998472,-0.00341032,0.999561,0.94799,0.0213126,0,0.94823
4751,1.00074,2.94991,0.798993,0.945992,0.0206117,0,0.946216,-5.54808,-3.73895,0,6.69036,1.00103,0.00229893,1.00029,0.945295,0.0205965,0,0.94552
4752,1.00065,2.94968,0.799123,0.946053,0.0201851,0,0.946268,6.02552,-3.69539,0,7.06844,1.0009,0.00201872,1.00026,0.945441,0.0201721,0,0.945656
4753,1.00049,2.94927,0.799333,0.946115,0.0205638,0,0.946338,4.04616,-5.95274,0,7.19767,1.00069,0.00153033,1.0002,0.945654,0.0205538,0,0.945877
4754,1.00008,2.94823,0.799909,0.946317,0.0212424,0,0.946555,-5.53347,4.84772,0,7.3566,1.00011,0.000248844,1.00003,0.946242,0.0212408,0,0.946481
4755,1.00026,2.94871,0.799671,0.946266,0.0201079,0,0.946479,-1.22488,-8.71066,0,8.79636,1.00037,0.000815471,1.00011,0.946019,0.0201026,0,0.946233
4756,0.998332,2.94379,0.802388,0.94727,0.0207734,0,0.947497,-0.778904,7.79115,0,7.82999,0.997664,-0.00521467,0.99933,0.948852,0.0208081,0,0.94908
4757,1.00057,2.94947,0.799226,0.946062,0.0212398,0,0.946301,-5.25669,1.54593,0,5.47929,1.00079,0.00177149,1.00023,0.945526,0.0212277,0,0.945764
4758,1.00079,2.95004,0.798915,0.945962,0.0204478,0,0.946183,-4.73501,-4.77822,0,6.72694,1.0011,0.00246341,1.00032,0.945218,0.0204317,0,0.945438
4759,0.998298,2.94369,0.802418,0.947292,0.0196674,0,0.947497,1.29187,7.6819,0,7.78977,0.997621,-0.00531013,0.999322,0.948907,0.0197009,0,0.949112
4760,1.00043,2.9491,0.799382,0.946125,0.0196925,0,0.94633,6.76169,1.29261,0,6.88413,1.00061,0.00135736,1.00018,0.945722,0.0196841,0,0.945927
4761,1.0007,2.9498,0.798976,0.945954,0.0200889,0,0.946167,5.94577,-2.5532,0,6.47078,1.001,0.00223401,1.0003,0.945289,0.0200748,0,0.945502
4762,1.00025,2.94868,0.79968,0.94628,0.0194186,0,0.946479,5.86209,3.67839,0,6.9206,1.00035,0.0007832,1.0001,0.946041,0.0194137,0,0.94624
4763,0.999969,2.94796,0.800077,0.946407,0.0205,0,0.946629,1.88787,-7.33079,0,7.56998,0.999958,-9.48728e-05,0.999988,0.946436,0.0205006,0,0.946658
4764,1.00023,2.94861,0.799704,0.946242,0.0212409,0,0.94648,-5.66017,3.76057,0,6.79554,1.00032,0.000710318,1.00009,0.946027,0.021236,0,0.946265
4765,0.998951,2.94535,0.801487,0.946949,0.0190921,0,0.947141,2.79864,6.74812,0,7.30545,0.998538,-0.00326425,0.999586,0.947943,0.0191122,0,0.948135
4766,1.00062,2.94962,0.799165,0.946069,0.0203628,0,0.946289,5.1686,-5.01217,0,7.19974,1.00087,0.00193485,1.00025,0.945482,0.0203502,0,0.945701
4767,1.00076,2.94997,0.799029,0.946063,0.0198973,0,0.946272,5.97561,-1.15952,0,6.08707,1.00104,0.00231622,1.00028,0.945348,0.0198823,0,0.945557
4768,1.00075,2.94995,0.798972,0.945974,0.0211289,0,0.94621,-5.1552,0.442214,0,5.17413,1.00105,0.0023481,1.0003,0.945261,0.021113,0,0.945497
4769,1.0007,2.94966,0.798519,0.945477,0.0197601,0,0.945683,5.62695,-0.130333,0,5.62846,1.00113,0.00251595,1.00043,0.944815,0.0197463,0,0.945022
4770,0.999537,2.94685,0.800685,0.946616,0.0213486,0,0.946856,-3.85844,6.88229,0,7.89009,0.99935,-0.00145007,0.999813,0.947054,0.0213585,0,0.947295
4771,1.00049,2.94928,0.799353,0.946143,0.0202103,0,0.946359,-3.20242,-8.61192,0,9.18808,1.00068,0.00151985,1.00019,0.945684,0.0202005,0,0.945899
4772,0.999617,2.94704,0.800537,0.946586,0.0190042,0,0.946776,3.95737,5.6999,0,6.939,0.999472,-0.00117902,0.999855,0.946949,0.0190115,0,0.947139
4773,1.0007,2.94983,0.79904,0.946014,0.0204122,0,0.946235,-4.73814,-5.63388,0,7.36143,1.00098,0.00219618,1.00028,0.94535,0.0203979,0,0.94557
4774,1.00021,2.94857,0.799713,0.946251,0.0206407,0,0.946476,2.94427,-6.61425,0,7.23996,1.0003,0.000674403,1.00009,0.946051,0.0206364,0,0.946276
4775,1.00063,2.94963,0.799135,0.946033,0.0209122,0,0.946264,-6.14894,-0.675297,0,6.18591,1.00088,0.00196794,1.00025,0.945437,0.0208991,0,0.945668
4776,1.00035,2.94891,0.79946,0.946142,0.0195871,0,0.946345,6.41617,2.51749,0,6.89239,1.00051,0.00114865,1.00016,0.945807,0.0195801,0,0.946009
4777,1.00037,2.94898,0.799498,0.946178,0.020566,0,0.946401,3.71872,-6.65751,0,7.6257,1.00052,0.00116474,1.00015,0.945828,0.0205584,0,0.946051
4778,0.999956,2.94793,0.800096,0.946417,0.0203981,0,0.946637,1.46735,-7.84949,0,7.98546,0.99994,-0.000134329,0.999984,0.946459,0.020399,0,0.946678
4779,1.00063,2.94963,0.799137,0.946039,0.0206905,0,0.946265,-6.33821,-3.19158,0,7.09641,1.00088,0.00196587,1.00025,0.945445,0.0206775,0,0.945671
4780,1.00057,2.94946,0.799185,0.946045,0.0200955,0,0.946258,6.68386,-3.07479,0,7.3572,1.00081,0.00179897,1.00024,0.945508,0.0200842,0,0.945721
4781,0.998383,2.94392,0.802323,0.947262,0.0202169,0,0.947478,0.277433,8.39761,0,8.40219,0.997733,-0.00506016,0.999349,0.948797,0.0202496,0,0.949013
4782,0.998707,2.94474,0.801857,0.947064,0.0210246,0,0.947297,-1.669,8.05304,0,8.22418,0.998189,-0.00404284,0.999481,0.94829,0.0210518,0,0.948524
4783,1.00025,2.94865,0.799605,0.946198,0.0195588,0,0.9464,6.55087,3.29229,0,7.33165,1.00037,0.00082766,1.00012,0.945959,0.0195538,0,0.946161
4784,1.00045,2.94917,0.799396,0.946131,0.0211029,0,0.946366,-6.04578,1.87219,0,6.32902,1.00063,0.0013998,1.00018,0.945706,0.0210934,0,0.945942
4785,0.999781,2.94747,0.800338,0.946485,0.0212257,0,0.946723,-4.88637,6.79989,0,8.37348,0.999693,-0.000684794,0.999912,0.946693,0.0212304,0,0.946931
4786,1.00073,2.94989,0.798994,0.945977,0.0210387,0,0.946211,-5.45586,-0.118779,0,5.45715,1.00102,0.00228302,1.00029,0.945286,0.0210233,0,0.94552
4787,1.00037,2.949,0.799515,0.946209,0.0201653,0,0.946424,-2.23635,-9.33666,0,9.60075,1.00052,0.0011698,1.00015,0.945855,0.0201577,0,0.94607
4788,1.00058,2.94943,0.79891,0.945777,0.0198495,0,0.945985,6.3549,-0.458178,0,6.37139,1.0009,0.00200941,1.00032,0.945224,0.0198379,0,0.945433
4789,1.00052,2.9492,0.798741,0.945544,0.0197277,0,0.945749,6.15097,0.192248,0,6.15397,1.00089,0.00197986,1.00036,0.945049,0.0197174,0,0.945255
4790,0.999305,2.94627,0.801019,0.946748,0.0212493,0,0.946987,-3.2341,7.69169,0,8.34395,0.999025,-0.00217683,0.999719,0.947406,0.0212641,0,0.947645
4791,1.00059,2.94955,0.799227,0.94611,0.0202368,0,0.946326,6.01379,-4.62502,0,7.5866,1.00082,0.00182983,1.00023,0.94555,0.0202248,0,0.945766
4792,1.00014,2.9484,0.799876,0.946382,0.0194178,0,0.946581,5.8398,4.44595,0,7.33959,1.00018,0.000411209,1.00004,0.946247,0.019415,0,0.946446
4793,1.00037,2.94898,0.799562,0.946259,0.0197039,0,0.946464,6.9931,2.01893,0,7.2787,1.0005,0.00111455,1.00013,0.945911,0.0196967,0,0.946116
4794,1.00015,2.94843,0.799829,0.946327,0.0201863,0,0.946542,-0.196303,-9.23226,0,9.23435,1.00021,0.000473129,1.00006,0.946184,0.0201832,0,0.946399
4795,1.00005,2.94815,0.799952,0.946336,0.0211129,0,0.946572,-6.22615,5.58487,0,8.36395,1.00007,0.00015476,1.00002,0.946291,0.0211119,0,0.946526
4796,0.998764,2.94488,0.801773,0.947066,0.0193632,0,0.947264,2.33462,7.63743,0,7.98629,0.998269,-0.00386318,0.999505,0.948238,0.0193872,0,0.948436
4797,1.0007,2.94981,0.799032,0.945999,0.0205547,0,0.946222,-5.44399,-4.49879,0,7.0623,1.00098,0.002191,1.00028,0.945338,0.0205404,0,0.945561
4798,1.00054,2.94939,0.799262,0.946088,0.0204226,0,0.946309,4.91858,-5.86221,0,7.65232,1.00075,0.0016822,1.00022,0.945582,0.0204117,0,0.945802
4799,1.0003,2.94878,0.799608,0.94621,0.0211114,0,0.946446,-6.34858,3.11094,0,7.06982,1.00041,0.000925944,1.00012,0.945929,0.0211051,0,0.946165
4800,1.00063,2.94964,0.799131,0.946029,0.0210055,0,0.946262,-5.86614,0.0235074,0,5.86619,1.00089,0.00197646,1.00025,0.945431,0.0209922,0,0.945664
4801,1.0006,2.94956,0.799181,0.946065,0.0204105,0,0.946285,-5.09622,-6.66055,0,8.38656,1.00084,0.00187872,1.00024,0.945498,0.0203983,0,0.945718
4802,1.00045,2.94907,0.79904,0.945788,0.0197073,0,0.945994,6.56071,0.58715,0,6.58693,1.00073,0.00162646,1.00028,0.945363,0.0196984,0,0.945569
4803,1.00064,2.94965,0.79914,0.946065,0.0199896,0,0.946276,6.41384,-1.86359,0,6.6791,1.00089,0.00198103,1.00025,0.945463,0.0199769,0,0.945674
4804,1.00015,2.94843,0.799831,0.946321,0.0205582,0,0.946545,2.65098,-7.31257,0,7.77827,1.00021,0.000470743,1.00006,0.946177,0.0205551,0,0.9464
4805,1.00016,2.94844,0.799789,0.946274,0.0211098,0,0.946509,-6.39958,4.39704,0,7.76457,1.00023,0.000514813,1.00007,0.946119,0.0211064,0,0.946354
4806,0.999411,2.94653,0.800865,0.946732,0.0191337,0,0.946926,3.69135,6.56565,0,7.53219,0.999173,-0.0018464,0.999762,0.94729,0.019145,0,0.947484
4807,1.0008,2.95002,0.79878,0.945841,0.0198425,0,0.946049,5.6786,-0.710882,0,5.72292,1.00115,0.00256777,1.00035,0.945087,0.0198267,0,0.945295
4808,1.00061,2.94959,0.799165,0.946045,0.0211178,0,0.94628,-5.57027,0.949832,0,5.65067,1.00086,0.00191454,1.00024,0.945464,0.0211048,0,0.945699
4809,1.00058,2.9495,0.799209,0.946064,0.0208152,0,0.946293,-6.62985,-1.45124,0,6.78683,1.00081,0.00180721,1.00023,0.945517,0.0208031,0,0.945746
4810,1.00049,2.9493,0.799342,0.946136,0.020324,0,0.946355,-4.48031,-8.77278,0,9.85062,1.00069,0.00154285,1.0002,0.94567,0.020314,0,0.945888
4811,0.999887,2.94774,0.800172,0.946454,0.0192284,0,0.946649,4.85498,5.55985,0,7.38124,0.999845,-0.000345669,0.999958,0.946561,0.0192305,0,0.946757
4812,1.00066,2.94972,0.799096,0.946031,0.0205096,0,0.946253,-5.52963,-5.20134,0,7.59149,1.00093,0.00206624,1.00026,0.945406,0.020496,0,0.945628
4813,1.00059,2.94953,0.799185,0.946056,0.0205794,0,0.94628,-6.30968,-4.74828,0,7.89672,1.00083,0.00185167,1.00024,0.945498,0.0205672,0,0.945721
4814,1.00029,2.94877,0.799643,0.94625,0.0205441,0,0.946473,3.42072,-7.36793,0,8.12328,1.0004,0.000887172,1.00011,0.94598,0.0205382,0,0.946203
4815,0.999607,2.94703,0.800586,0.946583,0.0211697,0,0.94682,-4.36572,7.81188,0,8.94902,0.999449,-0.00122903,0.999842,0.946955,0.021178,0,0.947192
4816,1.00013,2.94835,0.799844,0.946298,0.0210077,0,0.946531,-7.22338,5.12317,0,8.85574,1.00018,0.000394154,1.00005,0.94618,0.0210051,0,0.946413
4817,1.00054,2.94941,0.799257,0.946082,0.0207453,0,0.946309,-7.02233,-2.40536,0,7.42286,1.00076,0.00169535,1.00022,0.945569,0.0207341,0,0.945797
4818,1.00033,2.94887,0.79956,0.946195,0.0210132,0,0.946428,-6.9391,2.30933,0,7.31329,1.00046,0.00103528,1.00013,0.945881,0.0210062,0,0.946114
4819,1.00011,2.94834,0.799884,0.946347,0.0202893,0,0.946564,0.899642,-9.61076,0,9.65277,1.00016,0.000354646,1.00005,0.94624,0.020287,0,0.946457
4820,1.00025,2.94865,0.799598,0.94619,0.0196855,0,0.946395,7.20134,2.80117,0,7.72695,1.00037,0.000836584,1.00012,0.945949,0.0196805,0,0.946154
4821,0.999081,2.9457,0.801332,0.946867,0.0211024,0,0.947103,-2.56154,8.36521,0,8.74861,0.998712,-0.00287397,0.999631,0.947738,0.0211218,0,0.947973
4822,1.00027,2.94874,0.799672,0.946274,0.0201826,0,0.94649,-1.17871,-9.90209,0,9.97199,1.00037,0.00083675,1.00011,0.94602,0.0201772,0,0.946235
4823,0.998629,2.94454,0.801953,0.947119,0.0197151,0,0.947324,1.58463,8.67906,0,8.82254,0.998084,-0.00427586,0.999454,0.948419,0.0197422,0,0.948624
4824,1.00053,2.94938,0.799277,0.946101,0.0202961,0,0.946319,5.86378,-5.60072,0,8.10876,1.00074,0.00165666,1.00021,0.945601,0.0202854,0,0.945819
4825,1.0005,2.94931,0.799314,0.946104,0.02085,0,0.946333,-7.01366,-0.675974,0,7.04616,1.00071,0.00157418,1.0002,0.945627,0.0208395,0,0.945857
4826,0.999218,2.94604,0.801138,0.946832,0.0192945,0,0.947029,3.36207,7.52402,0,8.24102,0.998903,-0.00244898,0.999685,0.947574,0.0193096,0,0.94777
4827,1.00001,2.94804,0.800019,0.946402,0.0194191,0,0.946601,5.73376,5.33085,0,7.82905,1.00001,1.55832e-05,1,0.946397,0.019419,0,0.946596
4828,1.00045,2.94919,0.799389,0.946143,0.0204575,0,0.946364,4.58919,-6.6768,0,8.10187,1.00064,0.0014181,1.00018,0.945715,0.0204482,0,0.945936
4829,0.998627,2.94454,0.801984,0.94713,0.0206507,0,0.947355,-0.838495,8.85372,0,8.89333,0.998074,-0.00429999,0.999446,0.948432,0.0206791,0,0.948657
4830,1.00043,2.94915,0.799436,0.946178,0.020261,0,0.946395,-3.53378,-9.80225,0,10.4198,1.0006,0.00134905,1.00017,0.94577,0.0202522,0,0.945987
4831,1.00018,2.94849,0.799817,0.94635,0.0195621,0,0.946552,6.588,4.11126,0,7.76557,1.00024,0.000527613,1.00006,0.946182,0.0195586,0,0.946384
4832,1.00053,2.94939,0.799298,0.946129,0.0201503,0,0.946343,6.83358,-4.05527,0,7.94626,1.00074,0.00165007,1.00021,0.945625,0.0201396,0,0.94584
4833,1.00011,2.94831,0.799897,0.946348,0.0204762,0,0.94657,2.28863,-8.18394,0,8.49792,1.00015,0.000324662,1.00004,0.946249,0.0204741,0,0.94647
4834,1.00036,2.94885,0.799212,0.945882,0.0197808,0,0.946089,7.32684,0.748672,0,7.36499,1.00059,0.00131547,1.00023,0.945542,0.0197737,0,0.945749
4835,1.00034,2.94888,0.799534,0.9462,0.0197815,0,0.946407,7.57721,1.43185,0,7.71131,1.00048,0.00106496,1.00014,0.94588,0.0197748,0,0.946087
4836,0.999941,2.94788,0.800112,0.946403,0.0211059,0,0.946638,-5.95439,6.62909,0,8.91064,0.999917,-0.000185838,0.999976,0.946459,0.0211071,0,0.946694
4837,1.00061,2.94958,0.799172,0.946057,0.0206249,0,0.946282,-6.3327,-4.17085,0,7.58281,1.00085,0.00189743,1.00024,0.945483,0.0206123,0,0.945707
4838,1.00023,2.9486,0.799706,0.946248,0.0210024,0,0.946481,-7.21906,3.71959,0,8.12097,1.00032,0.000703923,1.00009,0.946035,0.0209977,0,0.946268
4839,1.00042,2.94896,0.798948,0.945661,0.0198114,0,0.945869,6.85899,0.0559086,0,6.85922,1.00072,0.00161703,1.0003,0.945265,0.0198031,0,0.945472
4840,1.00058,2.9495,0.799216,0.946091,0.0199133,0,0.9463,6.73094,-1.14161,0,6.82706,1.00081,0.00180178,1.00023,0.945544,0.0199018,0,0.945754
4841,1.00051,2.94932,0.799308,0.946117,0.020018,0,0.946329,7.25658,-2.31059,0,7.61556,1.00071,0.00158375,1.0002,0.945639,0.0200079,0,0.94585
4842,1.00007,2.94823,0.799926,0.946351,0.0203875,0,0.946571,1.65124,-8.90117,0,9.05303,1.00011,0.000237367,1.00003,0.946282,0.020386,0,0.946501
4843,0.999697,2.94725,0.800446,0.946561,0.0192517,0,0.946757,4.54804,6.37878,0,7.83412,0.999578,-0.000942088,0.999881,0.946848,0.0192576,0,0.947044
4844,1.00051,2.94933,0.7993,0.946093,0.0210006,0,0.946326,-6.34825,0.6856,0,6.38517,1.00072,0.00160069,1.00021,0.945609,0.0209898,0,0.945842
4845,1.00052,2.94938,0.7993,0.946119,0.0204058,0,0.946339,-5.41516,-7.87273,0,9.5553,1.00073,0.00163814,1.00021,0.945623,0.0203952,0,0.945843
4846,1.00061,2.94958,0.799177,0.946064,0.0204757,0,0.946286,-5.54411,-6.17282,0,8.29704,1.00085,0.00189291,1.00024,0.945492,0.0204633,0,0.945713
4847,1.00019,2.94855,0.799783,0.946317,0.0202403,0,0.946533,-0.0363444,-10.4571,0,10.4572,1.00027,0.000596891,1.00008,0.946135,0.0202364,0,0.946352
4848,1.00046,2.94921,0.799393,0.946153,0.0204047,0,0.946373,-5.7195,-9.12427,0,10.7687,1.00064,0.00143068,1.00018,0.945722,0.0203954,0,0.945941
4849,0.998672,2.94465,0.801911,0.947107,0.020168,0,0.947321,0.409175,9.52409,0,9.53288,0.998139,-0.00415309,0.999467,0.948366,0.0201948,0,0.948581
4850,1.00055,2.94945,0.79925,0.946092,0.0205401,0,0.946315,-6.39912,-5.70822,0,8.57511,1.00078,0.00173165,1.00022,0.945567,0.0205287,0,0.94579
4851,1.00026,2.94861,0.799369,0.945952,0.0198415,0,0.94616,8.19165,0.817875,0,8.23238,1.00044,0.000993076,1.00019,0.945706,0.0198363,0,0.945914
4852,0.999023,2.94554,0.801399,0.946917,0.0194835,0,0.947117,2.83495,8.59713,0,9.05249,0.998635,-0.00304654,0.999612,0.947843,0.0195026,0,0.948043
4853,1.00041,2.94907,0.799446,0.946149,0.0209894,0,0.946382,-6.82427,1.41755,0,6.96994,1.00057,0.00127965,1.00016,0.945762,0.0209809,0,0.945994
4854,1.00018,2.94849,0.799749,0.94628,0.0196711,0,0.946485,7.36023,3.67264,0,8.22565,1.00026,0.000580302,1.00008,0.946108,0.0196675,0,0.946313
4855,1.00035,2.94896,0.799556,0.946232,0.0202276,0,0.946449,-2.36689,-10.6249,0,10.8853,1.00049,0.00110159,1.00014,0.945898,0.0202204,0,0.946114
4856,1.00046,2.94919,0.799354,0.94612,0.020091,0,0.946333,7.57791,-3.30609,0,8.26771,1.00065,0.00145129,1.00019,0.945685,0.0200817,0,0.945898
4857,1.00047,2.94923,0.799357,0.94612,0.0207863,0,0.946348,-7.55266,-1.51962,0,7.70402,1.00066,0.0014785,1.00019,0.945673,0.0207765,0,0.945901
4858,1.00027,2.94873,0.799664,0.946275,0.0197885,0,0.946482,7.84963,2.24228,0,8.16361,1.00038,0.000837562,1.0001,0.946016,0.0197831,0,0.946223
4859,0.999816,2.94757,0.800288,0.94647,0.0210806,0,0.946705,-5.54228,7.72446,0,9.50706,0.999743,-0.000573236,0.999927,0.946644,0.0210844,0,0.946878
4860,1.00047,2.94923,0.799358,0.94613,0.0203482,0,0.946349,5.58259,-6.5727,0,8.62355,1.00066,0.00147781,1.00019,0.945685,0.0203386,0,0.945904
4861,1.00043,2.94916,0.799433,0.946176,0.0203497,0,0.946395,-4.8592,-10.0695,0,11.1807,1.00061,0.0013572,1.00017,0.945766,0.0203409,0,0.945984
4862,0.998924,2.94529,0.801552,0.946953,0.0208769,0,0.947183,-1.86301,9.14055,0,9.32848,0.998493,-0.00336468,0.999569,0.947974,0.0208994,0,0.948204
4863,1.00007,2.94822,0.799946,0.946386,0.0195626,0,0.946588,6.56767,4.99882,0,8.25364,1.0001,0.000212765,1.00002,0.946317,0.0195612,0,0.946519
4864,1.00049,2.94929,0.799353,0.946148,0.0201975,0,0.946364,6.83284,-5.13222,0,8.5456,1.00068,0.0015274,1.00019,0.945683,0.0201876,0,0.945898
4865,1.00005,2.94815,0.799965,0.94635,0.0210011,0,0.946583,-7.09248,6.3015,0,9.48747,1.00006,0.000140711,1.00002,0.946307,0.0210002,0,0.94654
4866,1.00038,2.94902,0.799514,0.946206,0.0204699,0,0.946428,4.24863,-7.4358,0,8.56399,1.00053,0.00118138,1.00015,0.945846,0.0204621,0,0.946067
4867,1.00026,2.94868,0.799661,0.946232,0.0209275,0,0.946464,-7.9411,2.84218,0,8.4344,1.00036,0.000803961,1.0001,0.945989,0.0209221,0,0.94622
4868,1.00018,2.94848,0.799771,0.946274,0.0209226,0,0.946505,-8.18795,4.4174,0,9.30354,1.00025,0.00056007,1.00007,0.946105,0.0209188,0,0.946336
4869,1.00031,2.9487,0.799147,0.945768,0.0198643,0,0.945976,7.69858,-0.00780223,0,7.69858,1.00056,0.00125259,1.00025,0.945472,0.0198581,0,0.945681
4870,1.00015,2.94843,0.799828,0.946322,0.0203726,0,0.946541,2.00774,-10.0281,0,10.2271,1.00021,0.000474535,1.00006,0.94618,0.0203695,0,0.946399
4871,1.00023,2.94862,0.799735,0.946291,0.0204848,0,0.946513,2.97033,-8.22378,0,8.74377,1.00031,0.00069525,1.00009,0.946078,0.0204802,0,0.9463
4872,1.00051,2.94933,0.799287,0.946084,0.020917,0,0.946315,-6.62453,-0.00826538,0,6.62453,1.00072,0.00161495,1.00021,0.945597,0.0209062,0,0.945828
4873,0.999413,2.94654,0.800862,0.94669,0.0210816,0,0.946925,-3.64452,8.7276,0,9.45799,0.999177,-0.0018361,0.999764,0.947246,0.021094,0,0.947481
4874,0.999862,2.94767,0.800202,0.946458,0.0194176,0,0.946658,5.48873,6.24917,0,8.31735,0.999813,-0.000418026,0.99995,0.946589,0.0194202,0,0.946788
4875,1.00018,2.9485,0.799789,0.946303,0.0204282,0,0.946524,2.70666,-9.19438,0,9.5845,1.00025,0.000554769,1.00007,0.946137,0.0204246,0,0.946357
4876,1.00045,2.94911,0.79916,0.945911,0.0199,0,0.94612,7.10925,-0.574519,0,7.13243,1.00069,0.00154955,1.00024,0.945486,0.019891,0,0.945695
4877,1.00052,2.94936,0.799293,0.946101,0.0206768,0,0.946327,-7.23965,-3.51637,0,8.04844,1.00073,0.00162757,1.00021,0.945608,0.020666,0,0.945834
4878,1.00052,2.94936,0.799324,0.946148,0.0199655,0,0.946359,7.21139,-1.78584,0,7.42922,1.00072,0.00160371,1.0002,0.945657,0.0199551,0,0.945867
4879,0.999549,2.94689,0.800682,0.946667,0.0193487,0,0.946864,4.3213,7.31253,0,8.49392,0.999364,-0.00141948,0.999815,0.947094,0.0193575,0,0.947291
4880,1.00046,2.94921,0.799393,0.946152,0.0204692,0,0.946373,-6.65626,-8.23099,0,10.5856,1.00064,0.00142809,1.00018,0.94572,0.0204598,0,0.945941
4881,1.00026,2.94868,0.799652,0.946245,0.01985,0,0.946453,8.49187,1.64322,0,8.6494,1.00036,0.000808282,1.00011,0.946002,0.0198449,0,0.94621
4882,0.999393,2.94649,0.800893,0.946738,0.0194609,0,0.946938,4.0007,8.40669,0,9.31011,0.999148,-0.00190077,0.999755,0.947313,0.0194727,0,0.947513
4883,1.00045,2.94918,0.799387,0.946141,0.0202531,0,0.946358,6.66726,-6.25906,0,9.14485,1.00063,0.00141006,1.00018,0.945717,0.020244,0,0.945934
4884,1.00027,2.94876,0.799675,0.946281,0.0202345,0,0.946497,-1.13705,-11.2531,0,11.3104,1.00038,0.000849819,1.00011,0.946023,0.0202289,0,0.946239
4885,1.00011,2.94832,0.799867,0.946313,0.0209174,0,0.946544,-8.25922,5.71832,0,10.0456,1.00016,0.000352368,1.00005,0.946206,0.0209151,0,0.946437
4886,0.998917,2.94527,0.801541,0.946959,0.019798,0,0.947166,1.9425,9.80305,0,9.99366,0.99849,-0.00337119,0.999572,0.947986,0.0198194,0,0.948193
4887,1.00039,2.94905,0.799506,0.946213,0.0202996,0,0.946431,-3.80126,-11.1754,0,11.8042,1.00055,0.00121696,1.00016,0.945844,0.0202917,0,0.946062
4888,0.999234,2.94608,0.801118,0.946791,0.0209513,0,0.947023,-2.87756,9.48679,0,9.91361,0.998926,-0.00239755,0.999692,0.947517,0.0209673,0,0.947749
4889,1.00023,2.94852,0.799323,0.945877,0.0199261,0,0.946087,8.66149,-0.0244265,0,8.66152,1.00043,0.000966576,1.0002,0.945656,0.0199215,0,0.945865
4890,1.00034,2.94888,0.799554,0.946194,0.0209136,0,0.946425,-7.77054,1.78514,0,7.97295,1.00047,0.00104566,1.00013,0.945877,0.0209066,0,0.946108
4891,1.0004,2.94905,0.799461,0.946178,0.020028,0,0.94639,8.21183,-2.55119,0,8.59899,1.00056,0.00125134,1.00016,0.945799,0.0200199,0,0.946011
4892,1.00041,2.94907,0.799442,0.946149,0.0208069,0,0.946378,-7.98751,-0.647277,0,8.0137,1.00057,0.00128124,1.00016,0.945762,0.0207984,0,0.945991
4893,1.00018,2.94848,0.799717,0.946245,0.0197715,0,0.946451,8.09359,3.12071,0,8.67439,1.00027,0.000599868,1.00009,0.946073,0.0197679,0,0.946279
4894,1.00043,2.94914,0.799434,0.946178,0.020134,0,0.946392,7.76713,-4.44398,0,8.94859,1.0006,0.00134439,1.00017,0.945768,0.0201253,0,0.945982
4895,1.00011,2.94833,0.799904,0.946379,0.0196814,0,0.946584,7.41514,4.60393,0,8.72815,1.00015,0.00033091,1.00003,0.946271,0.0196791,0,0.946476
4896,1.00038,2.94896,0.799358,0.946052,0.0199592,0,0.946263,7.93609,-0.845464,0,7.98099,1.00057,0.00127139,1.00019,0.945692,0.0199516,0,0.945903
4897,0.998858,2.94513,0.801649,0.947001,0.020541,0,0.947224,-0.890973,10.061,0,10.1004,0.998401,-0.00357024,0.999542,0.948084,0.0205644,0,0.948307
4898,1.00023,2.94863,0.799728,0.946289,0.0203962,0,0.946509,3.21183,-10.3246,0,10.8127,1.00032,0.000709254,1.00009,0.946075,0.0203915,0,0.946294
4899,1.00052,2.94937,0.799306,0.946119,0.0204923,0,0.946341,-6.4324,-6.79267,0,9.355,1.00073,0.00162241,1.00021,0.945627,0.0204816,0,0.945849
4900,0.999672,2.9472,0.800495,0.946552,0.0210285,0,0.946785,-4.93374,8.87138,0,10.151,0.999541,-0.00102544,0.999869,0.946862,0.0210354,0,0.947096
4901,1.00051,2.94932,0.799317,0.946114,0.0206047,0,0.946338,-7.28016,-5.14073,0,8.91223,1.00071,0.00157814,1.0002,0.945636,0.0205943,0,0.94586
4902,1.00042,2.94912,0.799452,0.946182,0.0203763,0,0.946402,5.21607,-7.4818,0,9.12057,1.00059,0.001312,1.00017,0.945783,0.0203677,0,0.946003
4903,0.999743,2.94738,0.8004,0.946553,0.0194462,0,0.946753,5.21815,7.12049,0,8.82782,0.999637,-0.000809562,0.999894,0.946797,0.0194512,0,0.946997
4904,0.99996,2.94792,0.800064,0.946404,0.0195616,0,0.946606,6.46489,5.99307,0,8.81542,0.99995,-0.000112733,0.999989,0.946442,0.0195624,0,0.946644
4905,1.00044,2.94916,0.799394,0.946135,0.0207189,0,0.946362,-8.0131,-2.60119,0,8.42472,1.00062,0.0013919,1.00018,0.945714,0.0207096,0,0.945941
4906,0.999956,2.94792,0.80009,0.946397,0.0209884,0,0.94663,-6.77445,7.51144,0,10.1151,0.999939,-0.000136103,0.999983,0.946439,0.0209893,0,0.946671
4907,1.0004,2.94908,0.799481,0.946195,0.020415,0,0.946415,-6.22038,-10.4436,0,12.1557,1.00056,0.00125815,1.00016,0.945815,0.0204068,0,0.946035
4908,1.00021,2.94856,0.799731,0.946262,0.0208575,0,0.946492,-9.06109,3.47232,0,9.70363,1.00029,0.000650581,1.00008,0.946065,0.0208532,0,0.946294
4909,1.00017,2.9485,0.799813,0.946329,0.0203088,0,0.946547,1.12526,-10.8796,0,10.9376,1.00024,0.000536077,1.00007,0.946166,0.0203053,0,0.946384
4910,1.0003,2.94881,0.799618,0.946238,0.0204714,0,0.94646,3.88944,-8.27604,0,9.14443,1.00042,0.000934789,1.00012,0.945956,0.0204653,0,0.946177
4911,1.00043,2.94912,0.799409,0.946134,0.0208659,0,0.946364,-7.49045,0.0489147,0,7.4906,1.00061,0.00135258,1.00017,0.945726,0.0208569,0,0.945956
4912,1.00048,2.94926,0.79938,0.94617,0.0199507,0,0.946381,7.52098,-1.26089,0,7.62595,1.00066,0.00148027,1.00018,0.945716,0.0199412,0,0.945926
4913,1.00042,2.94911,0.799425,0.946143,0.0209174,0,0.946374,-7.20111,0.625718,0,7.22825,1.00059,0.00132508,1.00017,0.945742,0.0209086,0,0.945973
4914,0.998914,2.94527,0.801575,0.946984,0.0201663,0,0.947199,0.582189,10.7994,0,10.8151,0.998477,-0.00339891,0.999563,0.948014,0.0201883,0,0.948229
4915,0.999233,2.94607,0.80109,0.94679,0.0196088,0,0.946993,3.41584,9.67834,0,10.2634,0.998933,-0.00238193,0.9997,0.947517,0.0196239,0,0.94772
4916,1.00036,2.94895,0.799519,0.946183,0.020842,0,0.946413,-8.27753,0.46334,0,8.29049,1.0005,0.00112573,1.00014,0.945841,0.0208345,0,0.946071
4917,1.00022,2.94863,0.799752,0.946311,0.0202741,0,0.946528,0.1327,-11.8386,0,11.8393,1.00031,0.000686086,1.00009,0.946103,0.0202696,0,0.94632
4918,1.00029,2.94874,0.799508,0.946124,0.0199992,0,0.946335,8.95332,-1.01527,0,9.0107,1.00044,0.000977169,1.00015,0.945848,0.0199934,0,0.94606
4919,1.00033,2.94891,0.799598,0.946255,0.0202686,0,0.946472,-2.47421,-12.0871,0,12.3378,1.00046,0.00103207,1.00013,0.945942,0.0202619,0,0.946159
4920,1.00018,2.94842,0.799497,0.946013,0.0198984,0,0.946222,9.19782,0.878079,0,9.23964,1.00033,0.000743588,1.00015,0.945839,0.0198947,0,0.946048
4921,1.0002,2.94853,0.799757,0.946298,0.0198618,0,0.946506,8.80778,2.51789,0,9.16061,1.00027,0.00060431,1.00008,0.946113,0.0198579,0,0.946321
4922,1.00012,2.94835,0.799856,0.946336,0.0197683,0,0.946543,8.2825,4.10162,0,9.24247,1.00017,0.000385483,1.00005,0.946218,0.0197658,0,0.946425
4923,1.00026,2.94869,0.799655,0.94623,0.020853,0,0.94646,-8.8856,2.22762,0,9.16058,1.00036,0.000812877,1.0001,0.945985,0.0208476,0,0.946214
4924,0.999637,2.94711,0.800561,0.94662,0.0195153,0,0.946822,5.03587,8.14553,0,9.57651,0.999486,-0.00114664,0.999849,0.946964,0.0195223,0,0.947165
4925,1.00027,2.94873,0.799657,0.946254,0.0204184,0,0.946474,3.66052,-9.28252,0,9.97821,1.00038,0.000845924,1.00011,0.945999,0.0204129,0,0.946219
4926,1.00005,2.94815,0.79996,0.946349,0.0209071,0,0.94658,-8.09645,7.09997,0,10.7686,1.00007,0.000150225,1.00002,0.946304,0.0209061,0,0.946535
4927,1.00037,2.94897,0.799497,0.946186,0.0200896,0,0.946399,8.58232,-3.61771,0,9.31365,1.00052,0.00116223,1.00015,0.945836,0.0200821,0,0.946049
4928,1.00042,2.94912,0.79947,0.946211,0.0199803,0,0.946422,8.17745,-1.78021,0,8.36899,1.00058,0.00129692,1.00016,0.94581,0.0199718,0,0.946021
4929,1.00039,2.94901,0.799478,0.946167,0.0207511,0,0.946395,-8.60128,-1.59453,0,8.74783,1.00054,0.00120998,1.00015,0.945801,0.020743,0,0.946028
4930,0.999854,2.94766,0.800236,0.946454,0.0209642,0,0.946686,-6.29078,8.77374,0,10.7959,0.999796,-0.000455418,0.999942,0.946592,0.0209673,0,0.946825
4931,1.00038,2.94904,0.799516,0.946217,0.0203656,0,0.946436,-5.23428,-11.5295,0,12.662,1.00054,0.00120155,1.00015,0.945853,0.0203578,0,0.946072
4932,0.999514,2.9468,0.800724,0.946644,0.0209459,0,0.946876,-4.10465,9.90431,0,10.7212,0.999318,-0.00152156,0.999804,0.947105,0.0209561,0,0.947336
4933,1.00043,2.94914,0.799433,0.946168,0.0205348,0,0.946391,-7.64215,-7.33799,0,10.5947,1.0006,0.00134384,1.00017,0.945761,0.020526,0,0.945983
4934,0.999108,2.94577,0.801297,0.946864,0.0207508,0,0.947092,-2.07647,10.3793,0,10.585,0.99875,-0.00279043,0.999642,0.94771,0.0207694,0,0.947937
4935,1.00043,2.94912,0.799423,0.94615,0.0206592,0,0.946376,-8.28404,-3.98732,0,9.19369,1.0006,0.00133659,1.00017,0.945746,0.0206504,0,0.945971
4936,1.0004,2.94907,0.799462,0.94618,0.0201781,0,0.946395,7.77914,-5.69332,0,9.63996,1.00057,0.00126423,1.00016,0.945797,0.0201699,0,0.946012
4937,1.0002,2.94858,0.799772,0.946313,0.0203572,0,0.946532,2.36391,-11.3285,0,11.5725,1.00028,0.000630213,1.00008,0.946122,0.0203531,0,0.946341
4938,1.00046,2.94922,0.79938,0.946142,0.0205595,0,0.946365,-7.40523,-6.24349,0,9.686,1.00065,0.00144882,1.00018,0.945703,0.02055,0,0.945926
4939,1.00042,2.94911,0.79945,0.946179,0.0202968,0,0.946396,6.34744,-7.37003,0,9.72663,1.00058,0.00130354,1.00017,0.945783,0.0202884,0,0.946001
4940,0.99986,2.94767,0.800223,0.946476,0.0195674,0,0.946678,6.23168,6.99302,0,9.36676,0.999805,-0.00043547,0.999945,0.946608,0.0195701,0,0.946811
4941,1.00002,2.94809,0.799991,0.946385,0.01968,0,0.94659,7.40702,5.61117,0,9.29243,1.00003,7.54605e-05,1.00001,0.946362,0.0196795,0,0.946567
4942,1.0004,2.94907,0.799471,0.946183,0.0204636,0,0.946404,-7.09268,-9.44976,0,11.8154,1.00057,0.00126215,1.00016,0.945802,0.0204554,0,0.946023
4943,1.00015,2.94842,0.799806,0.946289,0.0208517,0,0.946519,-9.37463,4.84524,0,10.5527,1.00022,0.000482786,1.00006,0.946143,0.0208485,0,0.946373
4944,1.00035,2.94893,0.799542,0.946207,0.0204025,0,0.946427,4.82543,-8.33584,0,9.63177,1.00049,0.00109418,1.00014,0.945877,0.0203954,0,0.946097
4945,0.999514,2.94679,0.800704,0.946651,0.0196053,0,0.946854,4.73719,9.39921,0,10.5255,0.999323,-0.0015112,0.999809,0.947112,0.0196149,0,0.947315
4946,1.00035,2.94897,0.799564,0.946237,0.0204183,0,0.946457,-6.78067,-11.942,0,13.7328,1.00049,0.00110248,1.00014,0.945903,0.020411,0,0.946123
4947,0.999367,2.94643,0.800933,0.946727,0.0208274,0,0.946956,-3.23116,10.761,0,11.2356,0.999112,-0.00198232,0.999745,0.947327,0.0208406,0,0.947557
4948,1.00025,2.9487,0.799704,0.946287,0.0203689,0,0.946506,3.75315,-11.6385,0,12.2287,1.00035,0.000780932,1.0001,0.946051,0.0203638,0,0.94627
4949,1.00035,2.94893,0.799546,0.946219,0.0201312,0,0.946434,8.82817,-4.89289,0,10.0934,1.00049,0.00109175,1.00014,0.945886,0.0201241,0,0.9461
4950,1.00011,2.9483,0.799878,0.946318,0.0208423,0,0.946548,-9.45116,6.37885,0,11.4024,1.00015,0.000329217,1.00004,0.946219,0.0208401,0,0.946448
4951,1.00039,2.94903,0.799491,0.946186,0.0205775,0,0.94641,-8.639,-6.54702,0,10.8395,1.00054,0.00121002,1.00015,0.945819,0.0205695,0,0.946043
4952,1.00032,2.94884,0.799574,0.946219,0.0200577,0,0.946432,9.30016,-2.76981,0,9.70386,1.00045,0.000997839,1.00013,0.945917,0.0200513,0,0.94613
4953,1.00018,2.94849,0.799741,0.946268,0.0199106,0,0.946477,9.54677,1.83198,0,9.72095,1.00026,0.000587426,1.00008,0.946094,0.0199069,0,0.946304
4954,0.999082,2.9457,0.801323,0.946885,0.0199272,0,0.947095,1.96337,11.2604,0,11.4302,0.998717,-0.00286322,0.999635,0.947755,0.0199455,0,0.947965
4955,0.999174,2.94593,0.80118,0.946825,0.0197775,0,0.947032,2.77722,10.8866,0,11.2353,0.99885,-0.00256812,0.999675,0.947608,0.0197939,0,0.947814
4956,1.00035,2.94897,0.799573,0.946249,0.0203233,0,0.946467,-4.05118,-12.7376,0,13.3663,1.00049,0.00109942,1.00014,0.945916,0.0203162,0,0.946134
4957,1.00035,2.94896,0.799555,0.946226,0.0204638,0,0.946447,-7.69028,-10.854,0,13.3022,1.00049,0.0011033,1.00014,0.945892,0.0204566,0,0.946113
4958,0.999773,2.94746,0.800367,0.946544,0.0195927,0,0.946747,5.98468,7.93035,0,9.93513,0.999677,-0.000721484,0.999904,0.946759,0.0195972,0,0.946962
4959,1.00027,2.94878,0.799684,0.946294,0.0202715,0,0.946511,-1.07484,-12.7782,0,12.8233,1.00038,0.000857631,1.00011,0.946034,0.020266,0,0.946251
4960,1.00017,2.94837,0.799467,0.945966,0.0199816,0,0.946177,9.7327,-0.157622,0,9.73398,1.00033,0.00073068,1.00016,0.945805,0.0199782,0,0.946016
4961,1.00038,2.94902,0.799492,0.946186,0.0205091,0,0.946408,-8.00471,-8.55359,0,11.7149,1.00054,0.00120315,1.00016,0.945823,0.0205012,0,0.946045
4962,0.999736,2.94737,0.800408,0.946525,0.0209131,0,0.946756,-5.57565,10.0764,0,11.5162,0.99963,-0.000825647,0.999894,0.946775,0.0209186,0,0.947006
4963,1.00013,2.94834,0.799821,0.946299,0.019847,0,0.946507,9.0983,3.48891,0,9.74431,1.00018,0.00041042,1.00006,0.94618,0.0198445,0,0.946388
4964,0.999064,2.94566,0.801365,0.946901,0.020464,0,0.947122,-0.932679,11.4326,0,11.4705,0.998688,-0.00292906,0.999623,0.947788,0.0204832,0,0.948009
4965,1.00021,2.9486,0.79977,0.94632,0.0203183,0,0.946538,1.41664,-12.299,0,12.3803,1.00029,0.000652351,1.00008,0.946122,0.0203141,0,0.946341
4966,0.999938,2.94787,0.800104,0.946423,0.0196794,0,0.946627,7.31245,6.71768,0,9.92971,0.999916,-0.000187436,0.999978,0.946481,0.0196806,0,0.946686
4967,1.00006,2.94819,0.799962,0.946388,0.0197791,0,0.946594,8.36143,5.15406,0,9.82232,1.00008,0.000177676,1.00002,0.946329,0.0197779,0,0.946536
4968,1.0003,2.9488,0.799601,0.946216,0.0208347,0,0.946445,-8.67535,1.13652,0,8.74948,1.00042,0.000946612,1.00012,0.945928,0.0208283,0,0.946157
4969,0.999976,2.94797,0.800064,0.94639,0.0208959,0,0.946621,-7.7198,8.5075,0,11.4879,0.999966,-7.53716e-05,0.999991,0.946413,0.0208964,0,0.946644
4970,1.00038,2.94901,0.799491,0.946189,0.0202282,0,0.946405,7.59412,-6.99629,0,10.3256,1.00054,0.00119658,1.00015,0.945828,0.0202205,0,0.946044
4971,1.00022,2.94858,0.799721,0.946258,0.0208033,0,0.946487,-10.0426,2.69763,0,10.3986,1.0003,0.000673356,1.00009,0.946054,0.0207988,0,0.946283
4972,1.00029,2.94879,0.799645,0.946261,0.020377,0,0.946481,4.49869,-10.258,0,11.2011,1.0004,0.000900928,1.00012,0.945988,0.0203711,0,0.946208
4973,1.00033,2.94887,0.799549,0.946188,0.0207703,0,0.946416,-9.0646,-0.466939,0,9.07662,1.00047,0.00103867,1.00013,0.945875,0.0207634,0,0.946103
4974,1.00032,2.94887,0.799607,0.946259,0.0200203,0,0.946471,9.1571,-2.09227,0,9.39308,1.00044,0.000988625,1.00012,0.945952,0.0200138,0,0.946164
4975,1.00041,2.94908,0.799454,0.946167,0.0206053,0,0.946391,-8.47553,-5.41009,0,10.055,1.00057,0.001278,1.00016,0.94578,0.0205968,0,0.946004
4976,1.00037,2.94896,0.799508,0.94618,0.0206956,0,0.946406,-9.14438,-2.84921,0,9.57798,1.00051,0.0011436,1.00015,0.945834,0.020688,0,0.94606
4977,1.00018,2.94848,0.799775,0.946279,0.0208026,0,0.946507,-10.3396,3.90161,0,11.0512,1.00025,0.000550614,1.00007,0.946112,0.0207989,0,0.946341
4978,1.00038,2.94902,0.799507,0.946204,0.0203288,0,0.946423,5.92075,-8.39728,0,10.2747,1.00053,0.00119228,1.00015,0.945842,0.020321,0,0.946061
4979,0.999409,2.94653,0.800843,0.946697,0.0197094,0,0.946902,4.23772,10.7656,0,11.5696,0.99918,-0.00183105,0.99977,0.947256,0.0197211,0,0.947462
4980,1.00034,2.94896,0.799591,0.946259,0.0203763,0,0.946478,-5.66324,-13.1774,0,14.3428,1.00048,0.00107107,1.00014,0.945935,0.0203693,0,0.946154
4981,1.00034,2.94889,0.799556,0.946204,0.0206099,0,0.946429,-9.72987,-5.80844,0,11.3317,1.00047,0.00105127,1.00013,0.945886,0.020603,0,0.946111
4982,1.00031,2.94888,0.799642,0.946285,0.0202969,0,0.946503,-2.55937,-13.7412,0,13.9776,1.00044,0.000974081,1.00012,0.94599,0.0202906,0,0.946208
4983,1.00012,2.94827,0.799595,0.946056,0.0199529,0,0.946267,10.3537,0.915778,0,10.3941,1.00024,0.00054464,1.00012,0.94594,0.0199504,0,0.946151
4984,0.999269,2.94618,0.801074,0.946786,0.0206531,0,0.947011,-2.3086,11.7915,0,12.0154,0.998975,-0.00228865,0.999706,0.947479,0.0206682,0,0.947705
4985,1.00037,2.94898,0.799531,0.946214,0.0202647,0,0.946431,7.22063,-8.27423,0,10.9818,1.00051,0.00113791,1.00014,0.945869,0.0202573,0,0.946086
4986,1.00029,2.94877,0.799611,0.94623,0.0201005,0,0.946443,9.73134,-3.9592,0,10.5059,1.00041,0.000911075,1.00012,0.945955,0.0200947,0,0.946169
4987,1.00018,2.94849,0.799766,0.946276,0.0207612,0,0.946504,-11.3803,3.00496,0,11.7703,1.00026,0.000570892,1.00007,0.946103,0.0207574,0,0.946331
4988,1.00031,2.94886,0.799634,0.946267,0.0204559,0,0.946488,-8.424,-12.3912,0,14.9835,1.00043,0.000959919,1.00012,0.945976,0.0204496,0,0.946197
4989,0.999894,2.94777,0.800184,0.94644,0.0208707,0,0.94667,-7.14557,9.96553,0,12.2626,0.999852,-0.000331417,0.999958,0.94654,0.0208729,0,0.94677
4990,1.00032,2.94883,0.799577,0.946205,0.020722,0,0.946432,-9.80286,-1.61442,0,9.93491,1.00044,0.000989305,1.00013,0.945906,0.0207154,0,0.946132
4991,1.00013,2.94837,0.799841,0.946326,0.0199238,0,0.946536,9.89965,2.81485,0,10.2921,1.00019,0.00041587,1.00005,0.946199,0.0199211,0,0.946409
4992,1.00008,2.94823,0.799932,0.946369,0.0198515,0,0.946577,9.33093,4.58402,0,10.3961,1.0001,0.000229078,1.00003,0.946296,0.01985,0,0.946505
4993,1.00005,2.94817,0.799954,0.94635,0.0208362,0,0.946579,-9.25353,7.99525,0,12.2291,1.00008,0.000168751,1.00002,0.946299,0.020835,0,0.946528
4994,1.00034,2.94891,0.799563,0.946217,0.0204982,0,0.946439,-8.49503,-9.96605,0,13.0953,1.00047,0.00105713,1.00014,0.945898,0.0204913,0,0.94612
4995,1.00025,2.94867,0.799667,0.946238,0.0207908,0,0.946466,-9.82978,1.47596,0,9.93997,1.00036,0.000793014,1.0001,0.945998,0.0207855,0,0.946226
4996,1.00024,2.94861,0.799642,0.946212,0.0200383,0,0.946424,10.0563,-1.31569,0,10.142,1.00034,0.000768751,1.00011,0.945988,0.0200336,0,0.946201
4997,0.99911,2.94578,0.801297,0.94688,0.0201713,0,0.947094,0.594174,12.2651,0,12.2795,0.998754,-0.0027823,0.999643,0.947723,0.0201892,0,0.947938
4998,1.00033,2.94889,0.799575,0.946227,0.0203651,0,0.946446,5.30824,-9.46988,0,10.8562,1.00046,0.00103749,1.00013,0.945914,0.0203583,0,0.946133
4999,1.00033,2.94888,0.799562,0.946217,0.0201722,0,0.946432,8.86264,-6.32512,0,10.8882,1.00047,0.00104091,1.00013,0.945903,0.0201655,0,0.946117
5000,0.999862,2.94768,0.800235,0.946488,0.019691,0,0.946693,7.08411,7.80792,0,10.5427,0.999804,-0.000438411,0.999942,0.946618,0.0196937,0,0.946823
5001,0.999988,2.948,0.800036,0.946396,0.0197763,0,0.946603,8.37108,6.28828,0,10.4698,0.999985,-3.2528e-05,0.999997,0.946407,0.0197765,0,0.946614
5002,1.00014,2.94838,0.799831,0.9463,0.0207948,0,0.946529,-10.6927,5.4032,0,11.9803,1.00019,0.000429627,1.00006,0.946171,0.0207919,0,0.946399
5003,1.00036,2.94896,0.799534,0.946207,0.0205521,0,0.94643,-8.96084,-7.74768,0,11.8458,1.0005,0.00112195,1.00014,0.945866,0.0205447,0,0.946089
5004,0.999606,2.94704,0.800598,0.946603,0.0208349,0,0.946832,-4.62178,11.2409,0,12.1539,0.999447,-0.00123395,0.999841,0.946976,0.0208431,0,0.947205
5005,1.00023,2.94866,0.799745,0.946313,0.0203456,0,0.946532,2.81075,-12.7732,0,13.0788,1.00032,0.000717996,1.00009,0.946096,0.0203409,0,0.946315
5006,1.00035,2.94893,0.799532,0.946192,0.020648,0,0.946418,-9.51718,-4.31062,0,10.4479,1.00049,0.00109722,1.00014,0.94586,0.0206408,0,0.946086
5007,0.999685,2.94723,0.800471,0.946569,0.0196455,0,0.946773,5.75211,9.09813,0,10.764,0.99956,-0.000982466,0.999875,0.946867,0.0196517,0,0.947071
5008,1.00024,2.9487,0.79974,0.946319,0.0202978,0,0.946537,0.34868,-13.3931,0,13.3976,1.00033,0.0007469,1.0001,0.946093,0.0202929,0,0.94631
5009,1.00029,2.9488,0.799654,0.946271,0.0203423,0,0.94649,5.28198,-11.5696,0,12.7183,1.0004,0.000899594,1.00011,0.945999,0.0203365,0,0.946217
5010,0.99978,2.94747,0.800336,0.946516,0.0197047,0,0.946721,6.82479,8.86752,0,11.1898,0.999693,-0.000684847,0.999913,0.946724,0.0197091,0,0.946929
5011,0.999233,2.94609,0.801122,0.946808,0.0204138,0,0.947028,-1.04913,12.9772,0,13.0196,0.998927,-0.00239489,0.999694,0.947535,0.0204294,0,0.947755
5012,1.00031,2.94889,0.799641,0.946282,0.0204157,0,0.946502,-7.29309,-13.6854,0,15.5074,1.00044,0.000975158,1.00012,0.945987,0.0204093,0,0.946207
5013,1.00023,2.94869,0.799757,0.946331,0.0203251,0,0.946549,1.78707,-13.8884,0,14.0029,1.00033,0.00072559,1.00009,0.946111,0.0203204,0,0.946329
5014,1.00032,2.94893,0.799639,0.946294,0.0203346,0,0.946512,-4.31037,-14.5066,0,15.1335,1.00045,0.00100859,1.00013,0.945988,0.0203281,0,0.946206
5015,1.00013,2.94828,0.799592,0.946058,0.0200301,0,0.94627,10.9602,-0.307486,0,10.9645,1.00025,0.0005617,1.00012,0.945936,0.0200276,0,0.946148
5016,0.999999,2.94803,0.800036,0.946384,0.0208233,0,0.946613,-8.80619,9.63507,0,13.0531,0.999998,-4.81156e-06,0.999999,0.946386,0.0208233,0,0.946615
5017,0.999488,2.94674,0.800767,0.946671,0.0207285,0,0.946897,-3.62612,12.2099,0,12.7369,0.999282,-0.00160351,0.999793,0.947155,0.0207391,0,0.947382
5018,0.999799,2.94753,0.800325,0.946499,0.0208208,0,0.946728,-6.30256,11.4468,0,13.0672,0.999718,-0.000629883,0.999919,0.946689,0.020825,0,0.946918
5019,1.00027,2.94872,0.799635,0.946225,0.0207361,0,0.946452,-10.3415,-0.455991,0,10.3516,1.00038,0.000857713,1.00011,0.945966,0.0207304,0,0.946193
5020,1.00015,2.94842,0.799808,0.946292,0.0207586,0,0.94652,-11.7502,4.39561,0,12.5454,1.00021,0.000478993,1.00006,0.946147,0.0207555,0,0.946375
5021,1.00002,2.94808,0.800008,0.946394,0.0198595,0,0.946603,9.44198,5.76652,0,11.0636,1.00002,5.3268e-05,1.00001,0.946376,0.0198591,0,0.946585
5022,1.00029,2.94877,0.799611,0.946216,0.0207842,0,0.946445,-9.54428,0.319693,0,9.54963,1.00041,0.000912995,1.00012,0.94594,0.0207781,0,0.946168
5023,1.00028,2.94875,0.799639,0.946249,0.0201412,0,0.946464,10.0418,-5.39721,0,11.4003,1.00039,0.000874357,1.00011,0.945984,0.0201356,0,0.946198
5024,1.00008,2.94823,0.799904,0.946342,0.0199149,0,0.946551,10.2404,3.89579,0,10.9564,1.00011,0.000255482,1.00003,0.946266,0.0199133,0,0.946475
5025,1.00012,2.94833,0.799808,0.94628,0.0199635,0,0.946491,10.7565,2.0245,0,10.9454,1.00018,0.000411404,1.00006,0.946164,0.0199611,0,0.946374
5026,1.00025,2.94867,0.799693,0.946277,0.0200692,0,0.94649,10.5436,-2.99121,0,10.9597,1.00034,0.000767887,1.00009,0.946041,0.0200641,0,0.946254
5027,0.99934,2.94636,0.80097,0.946762,0.0198275,0,0.94697,3.61549,12.1182,0,12.6461,0.999077,-0.00206088,0.999736,0.947387,0.0198406,0,0.947595
5028,1.0001,2.94829,0.799887,0.946324,0.0207893,0,0.946552,-10.7956,7.1465,0,12.9467,1.00014,0.000312685,1.00004,0.946229,0.0207872,0,0.946458
5029,1.00032,2.94886,0.799585,0.946222,0.0205798,0,0.946446,-9.96121,-7.02176,0,12.1873,1.00045,0.00100186,1.00013,0.945918,0.0205732,0,0.946142
5030,0.999614,2.94705,0.80057,0.946603,0.0197224,0,0.946809,5.6127,10.451,0,11.8628,0.999462,-0.00120147,0.999848,0.946969,0.01973,0,0.947175
5031,0.999923,2.94784,0.800141,0.946444,0.0197817,0,0.946651,8.28395,7.51807,0,11.1868,0.999891,-0.000243711,0.999968,0.946517,0.0197833,0,0.946724
5032,1.00032,2.94886,0.799579,0.946217,0.0205332,0,0.94644,-9.35376,-9.18656,0,13.1105,1.00045,0.00100927,1.00013,0.945914,0.0205266,0,0.946137
5033,1.00029,2.94877,0.799622,0.946228,0.020633,0,0.946453,-10.8504,-4.88439,0,11.8991,1.0004,0.000902311,1.00012,0.945955,0.020627,0,0.94618
5034,1.00032,2.94887,0.799582,0.946229,0.0202147,0,0.946445,8.6565,-7.83178,0,11.6736,1.00045,0.00100946,1.00013,0.945924,0.0202081,0,0.94614
5035,0.999245,2.94613,0.801109,0.946816,0.0199786,0,0.947027,2.0792,12.8549,0,13.022,0.998943,-0.00235874,0.999698,0.947531,0.0199937,0,0.947742
5036,1.00027,2.9488,0.799708,0.946321,0.0202972,0,0.946539,-0.974304,-14.4942,0,14.5269,1.00038,0.000857097,1.00011,0.946061,0.0202917,0,0.946279
5037,1.0003,2.94884,0.799638,0.946265,0.0204898,0,0.946486,-9.21542,-11.4284,0,14.681,1.00042,0.000939906,1.00012,0.945978,0.0204836,0,0.9462
5038,1.00021,2.94857,0.799724,0.946261,0.020756,0,0.946489,-11.0344,1.77951,0,11.177,1.0003,0.000666704,1.00008,0.946059,0.0207516,0,0.946286
5039,1.00034,2.94891,0.799565,0.946226,0.0203024,0,0.946443,6.65708,-9.51307,0,11.611,1.00048,0.00106112,1.00014,0.945905,0.0202956,0,0.946123
5040,1.00026,2.94874,0.799706,0.946301,0.020346,0,0.94652,4.48103,-13.0665,0,13.8135,1.00036,0.000811491,1.0001,0.946056,0.0203407,0,0.946274
5041,1.0003,2.9488,0.7996,0.946215,0.0206747,0,0.946441,-10.4466,-3.02881,0,10.8768,1.00042,0.000942163,1.00012,0.94593,0.0206685,0,0.946156
5042,1.00032,2.94886,0.799605,0.946247,0.0203311,0,0.946465,5.76875,-10.7519,0,12.2017,1.00044,0.000989082,1.00013,0.945947,0.0203247,0,0.946165
5043,1.00026,2.94875,0.799718,0.946311,0.0204518,0,0.946532,-9.17195,-14.1853,0,16.8922,1.00036,0.000807704,1.0001,0.946067,0.0204465,0,0.946288
5044,1.00003,2.94812,0.799987,0.946385,0.0199217,0,0.946595,10.5254,5.11914,0,11.7043,1.00005,0.000101658,1.00001,0.946353,0.019921,0,0.946562
5045,1.00023,2.94862,0.799708,0.946274,0.0201176,0,0.946488,11.0473,-4.32908,0,11.8652,1.00032,0.000714522,1.00009,0.946057,0.020113,0,0.946271
5046,1.00031,2.9489,0.79967,0.946312,0.0203784,0,0.946532,-6.07054,-15.0449,0,16.2235,1.00043,0.0009614,1.00012,0.946021,0.0203721,0,0.94624
5047,0.999693,2.94727,0.80048,0.946564,0.0207461,0,0.946791,-5.20375,12.7596,0,13.7799,0.999569,-0.00096223,0.999875,0.946854,0.0207524,0,0.947081
5048,0.999936,2.94788,0.80013,0.946425,0.0207993,0,0.946653,-8.12098,11.3204,0,13.9321,0.999909,-0.000202097,0.999974,0.946486,0.0208006,0,0.946714
5049,1.00024,2.94865,0.799681,0.946245,0.0207472,0,0.946473,-10.7332,0.59429,0,10.7496,1.00034,0.000762919,1.0001,0.946014,0.0207421,0,0.946241
5050,1.00006,2.9482,0.799944,0.94635,0.0207831,0,0.946578,-10.5715,9.01325,0,13.8923,1.00009,0.000197196,1.00003,0.94629,0.0207818,0,0.946518
5051,1.00027,2.94873,0.79965,0.946254,0.0201779,0,0.946469,10.1043,-7.03982,0,12.3149,1.00038,0.000852376,1.00011,0.945996,0.0201724,0,0.946211
5052,1.00009,2.94826,0.799912,0.946356,0.0199779,0,0.946567,11.1446,3.1378,0,11.5779,1.00012,0.000268714,1.00003,0.946273,0.0199761,0,0.946483
5053,0.999269,2.94619,0.801076,0.9468,0.0201911,0,0.947015,0.57636,13.9269,0,13.9388,0.998978,-0.00228165,0.999709,0.947493,0.0202059,0,0.947708
5054,1.0003,2.94883,0.79963,0.946258,0.0202929,0,0.946476,7.29738,-10.9083,0,13.1241,1.00042,0.000939698,1.00012,0.945974,0.0202868,0,0.946191
5055,1.00031,2.94885,0.799601,0.946242,0.0202495,0,0.946459,8.19633,-9.33653,0,12.4238,1.00044,0.000983783,1.00013,0.945944,0.0202431,0,0.946161
5056,0.999855,2.94766,0.800236,0.94648,0.0197904,0,0.946687,8.04566,8.72906,0,11.8714,0.999796,-0.000454567,0.999942,0.946617,0.0197933,0,0.946824
5057,1.0003,2.9489,0.799697,0.946337,0.0203127,0,0.946555,-2.61984,-15.6142,0,15.8325,1.00042,0.000936421,1.00012,0.946053,0.0203066,0,0.946271
5058,0.999961,2.94793,0.80008,0.946415,0.0198597,0,0.946623,9.47305,7.0404,0,11.8028,0.999947,-0.000119395,0.999985,0.946452,0.0198605,0,0.94666
5059,0.999722,2.94733,0.800425,0.946553,0.0197497,0,0.946759,6.54799,10.184,0,12.1075,0.999611,-0.000868904,0.999889,0.946817,0.0197552,0,0.947023
5060,1.00018,2.94847,0.799734,0.946253,0.0200737,0,0.946466,11.3818,-1.70498,0,11.5088,1.00026,0.000583103,1.00008,0.946084,0.0200701,0,0.946297
5061,1.00029,2.94879,0.799625,0.946238,0.0205613,0,0.946461,-10.2698,-8.50284,0,13.3329,1.00041,0.000914487,1.00012,0.945961,0.0205553,0,0.946185
5062,1.00025,2.94876,0.799757,0.946352,0.0203134,0,0.94657,0.629969,-15.1409,0,15.1539,1.00035,0.000782578,1.0001,0.946114,0.0203083,0,0.946332
5063,1.00012,2.94834,0.799851,0.94631,0.0207549,0,0.946537,-12.1764,6.05285,0,13.5979,1.00017,0.000386984,1.00005,0.946193,0.0207523,0,0.94642
5064,1.00025,2.94873,0.799749,0.946336,0.0203389,0,0.946555,3.40319,-14.3938,0,14.7906,1.00034,0.000767748,1.0001,0.946103,0.0203339,0,0.946322
5065,1.00028,2.94874,0.799643,0.94624,0.0206027,0,0.946464,-11.1438,-6.2683,0,12.7858,1.00039,0.000864699,1.00011,0.945978,0.020597,0,0.946202
5066,1.00025,2.94866,0.799676,0.946245,0.0206531,0,0.94647,-11.9158,-3.6803,0,12.4712,1.00035,0.000774642,1.0001,0.946011,0.020648,0,0.946236
5067,0.999545,2.94689,0.800685,0.94666,0.0197772,0,0.946867,5.19002,11.956,0,13.0339,0.999363,-0.00142199,0.999818,0.947091,0.0197862,0,0.947297
5068,1.00016,2.94843,0.799802,0.94629,0.0207285,0,0.946517,-12.9009,3.34362,0,13.3271,1.00022,0.000489965,1.00006,0.946142,0.0207252,0,0.946369
5069,0.999409,2.94654,0.800875,0.946713,0.020571,0,0.946936,-2.59682,13.3843,0,13.6339,0.999173,-0.00184564,0.999764,0.947273,0.0205832,0,0.947496
5070,1.00028,2.94879,0.799681,0.946292,0.0203213,0,0.94651,6.1976,-13.0186,0,14.4185,1.00039,0.000864969,1.00011,0.94603,0.0203157,0,0.946248
5071,1.00008,2.94816,0.79968,0.946101,0.0200064,0,0.946313,11.6772,0.946116,0,11.7155,1.00017,0.000389612,1.0001,0.946028,0.0200048,0,0.94624
5072,1.00026,2.94874,0.79971,0.9463,0.020489,0,0.946522,-10.1353,-12.9914,0,16.4772,1.00036,0.000803168,1.0001,0.946056,0.0204837,0,0.946278
5073,1.00026,2.94869,0.799654,0.946234,0.0206951,0,0.94646,-11.1629,-1.67891,0,11.2884,1.00037,0.000817198,1.0001,0.945987,0.0206896,0,0.946213
5074,0.999386,2.9465,0.800921,0.946755,0.0199025,0,0.946964,3.48069,13.8074,0,14.2393,0.999141,-0.00191807,0.999754,0.947336,0.0199147,0,0.947546
5075,1.00018,2.94849,0.79977,0.946279,0.020724,0,0.946506,-12.4709,2.03393,0,12.6357,1.00025,0.000565933,1.00007,0.946108,0.0207203,0,0.946334
5076,1.00007,2.9482,0.799863,0.946291,0.020013,0,0.946503,12.1404,2.23216,0,12.3439,1.00012,0.000267368,1.00005,0.946221,0.0200115,0,0.946433
5077,1.00029,2.94889,0.799735,0.946368,0.0203473,0,0.946586,-4.55224,-16.5112,0,17.1273,1.0004,0.000902389,1.00012,0.946095,0.0203415,0,0.946314
5078,1.00027,2.94881,0.799738,0.946347,0.0204185,0,0.946567,-7.89461,-15.6428,0,17.522,1.00038,0.000837708,1.00011,0.946094,0.020413,0,0.946314
5079,1.00002,2.9481,0.800005,0.946376,0.0207697,0,0.946604,-10.0466,10.917,0,14.8363,1.00003,6.94548e-05,1.00001,0.946355,0.0207692,0,0.946583
5080,1.0001,2.94828,0.799893,0.94633,0.0207507,0,0.946557,-12.3175,8.02582,0,14.7015,1.00014,0.000306461,1.00004,0.946237,0.0207486,0,0.946464
5081,1.00009,2.94819,0.799688,0.94612,0.0200708,0,0.946333,12.3761,-0.475014,0,12.3852,1.00018,0.000412115,1.0001,0.946036,0.020069,0,0.946249
5082,1.00018,2.9485,0.799785,0.94631,0.0200995,0,0.946523,11.9799,-3.12195,0,12.38,1.00025,0.00056026,1.00007,0.946137,0.0200958,0,0.94635
5083,1.00027,2.94874,0.799659,0.946263,0.0202137,0,0.946479,9.86564,-8.79372,0,13.2159,1.00038,0.000850741,1.00011,0.946005,0.0202082,0,0.946221
5084,0.999665,2.94719,0.800518,0.946598,0.0197799,0,0.946804,6.45364,11.6218,0,13.2935,0.999529,-0.00105036,0.999864,0.946915,0.0197865,0,0.947122
5085,0.999906,2.94779,0.800163,0.94645,0.019867,0,0.946659,9.38601,8.41519,0,12.6061,0.999868,-0.00029537,0.999962,0.94654,0.0198689,0,0.946748
5086,1.00026,2.94877,0.799737,0.946335,0.0203311,0,0.946553,5.28892,-14.6959,0,15.6187,1.00036,0.000804171,1.0001,0.946092,0.0203259,0,0.94631
5087,1.00028,2.94886,0.799759,0.946382,0.0203147,0,0.9466,-0.818598,-16.4325,0,16.4528,1.00039,0.000859379,1.00011,0.946121,0.0203091,0,0.946339
5088,1.00024,2.94867,0.799719,0.946289,0.0205159,0,0.946512,-11.1506,-11.3396,0,15.9035,1.00033,0.000747745,1.0001,0.946063,0.020511,0,0.946285
5089,1.00004,2.94814,0.799969,0.946374,0.0199748,0,0.946584,11.5392,4.34376,0,12.3297,1.00006,0.000132176,1.00002,0.946332,0.0199739,0,0.946543
5090,0.999383,2.94648,0.800916,0.946737,0.0203691,0,0.946956,-1.22283,14.7191,0,14.7698,0.999137,-0.00192536,0.999754,0.947321,0.0203816,0,0.94754
5091,1.00024,2.94864,0.799697,0.946259,0.0206218,0,0.946483,-12.3975,-5.24628,0,13.4619,1.00033,0.000738524,1.00009,0.946035,0.0206169,0,0.946259
5092,0.999858,2.94769,0.800241,0.94647,0.0207436,0,0.946697,-7.12598,13.0058,0,14.83,0.999802,-0.000442959,0.999943,0.946604,0.0207465,0,0.946832
5093,0.999593,2.94701,0.800608,0.946606,0.0206452,0,0.946831,-4.08124,13.8483,0,14.4372,0.999433,-0.00126611,0.999839,0.946991,0.0206536,0,0.947217
5094,1.00027,2.94874,0.799658,0.946255,0.0205259,0,0.946478,-10.7183,-10.062,0,14.7012,1.00038,0.00085422,1.00011,0.945997,0.0205203,0,0.94622
5095,1.00022,2.94866,0.799785,0.946346,0.0204792,0,0.946567,-11.1435,-14.7904,0,18.5185,1.00031,0.00068419,1.00009,0.946138,0.0204747,0,0.94636
5096,1.00015,2.94842,0.799808,0.946293,0.0207004,0,0.94652,-14.0956,2.22428,0,14.27,1.00022,0.000479987,1.00006,0.946148,0.0206973,0,0.946374
5097,1.00023,2.94861,0.799698,0.94625,0.0207095,0,0.946477,-11.7207,-0.368328,0,11.7265,1.00032,0.000719852,1.00009,0.946032,0.0207047,0,0.946259
5098,1.00022,2.9486,0.79972,0.946279,0.0201549,0,0.946494,11.4289,-5.95904,0,12.8892,1.00031,0.000694324,1.00009,0.946068,0.0201504,0,0.946283
5099,0.999353,2.94641,0.800959,0.946761,0.0200179,0,0.946973,2.06769,14.626,0,14.7715,0.999096,-0.0020169,0.999743,0.947374,0.0200309,0,0.947586
5100,1.00027,2.94876,0.799689,0.946293,0.0202858,0,0.946511,8.11522,-12.6728,0,15.0485,1.00038,0.000842588,1.00011,0.946038,0.0202804,0,0.946255
5101,0.999986,2.948,0.80005,0.946405,0.0199279,0,0.946615,10.6751,6.44714,0,12.4709,0.99998,-4.54759e-05,0.999994,0.946419,0.0199282,0,0.946628
5102,1.00028,2.94876,0.799666,0.946273,0.0202533,0,0.94649,8.99338,-10.8342,0,14.0805,1.00039,0.000859781,1.00011,0.946012,0.0202477,0,0.946229
5103,0.99979,2.9475,0.800323,0.94651,0.0198026,0,0.946717,7.7673,9.93444,0,12.6105,0.999707,-0.000654013,0.999917,0.946709,0.0198068,0,0.946916
5104,1.00024,2.94876,0.799778,0.946369,0.0203296,0,0.946588,2.26346,-15.6717,0,15.8343,1.00034,0.0007645,1.0001,0.946138,0.0203246,0,0.946357
5105,1.00026,2.9487,0.799671,0.946254,0.0205824,0,0.946478,-11.4215,-7.65931,0,13.752,1.00036,0.000809743,1.0001,0.946009,0.020577,0,0.946233
5106,1.00022,2.94858,0.799718,0.946259,0.0206699,0,0.946485,-12.8045,-2.20308,0,12.9927,1.0003,0.0006786,1.00009,0.946054,0.0206654,0,0.94628
5107,1.00013,2.94837,0.799836,0.946304,0.0207275,0,0.946531,-13.362,4.90632,0,14.2343,1.00019,0.000417588,1.00005,0.946177,0.0207247,0,0.946404
5108,0.999518,2.94684,0.800753,0.946705,0.0198724,0,0.946914,4.55335,13.4887,0,14.2365,0.999321,-0.00151611,0.999803,0.947162,0.019882,0,0.947371
5109,1.00021,2.94855,0.799735,0.946266,0.0207209,0,0.946492,-12.0415,0.751185,0,12.0649,1.00029,0.000640202,1.00008,0.946071,0.0207166,0,0.946298
5110,0.999974,2.94798,0.800076,0.946406,0.020743,0,0.946633,-9.23067,12.8628,0,15.8322,0.999964,-8.06e-05,0.99999,0.946431,0.0207435,0,0.946658
5111,1.00029,2.94894,0.799784,0.946424,0.0203281,0,0.946642,-2.64048,-17.7327,0,17.9282,1.0004,0.000894014,1.00011,0.946154,0.0203223,0,0.946372
5112,0.999462,2.94667,0.800775,0.946671,0.0199391,0,0.946881,4.04289,15.4295,0,15.9504,0.999254,-0.00166556,0.999792,0.947181,0.0199499,0,0.947391
5113,1.00005,2.94816,0.799968,0.946377,0.0200267,0,0.946589,12.5622,3.49441,0,13.0392,1.00006,0.000144716,1.00002,0.94633,0.0200257,0,0.946542
5114,0.999722,2.94734,0.800429,0.946557,0.0198231,0,0.946764,7.43737,11.4201,0,13.6284,0.999612,-0.000866962,0.99989,0.94682,0.0198286,0,0.947028
5115,1.00025,2.94884,0.799807,0.946416,0.0203259,0,0.946634,0.996552,-17.1021,0,17.1311,1.00036,0.000797561,1.0001,0.946175,0.0203207,0,0.946393
5116,1.00025,2.9488,0.79979,0.946391,0.0203381,0,0.946609,4.09945,-16.2195,0,16.7296,1.00035,0.000782627,1.0001,0.946153,0.020333,0,0.946372
5117,1.00027,2.94886,0.799761,0.946381,0.0203833,0,0.9466,-6.50984,-17.1548,0,18.3484,1.00038,0.000854234,1.00011,0.946122,0.0203777,0,0.946342
5118,1,2.94803,0.80003,0.946398,0.0199816,0,0.946609,11.8863,5.71095,0,13.1871,1,1.07069e-07,0.999999,0.946397,0.0199816,0,0.946608
5119,0.999939,2.94788,0.800114,0.946428,0.0199309,0,0.946638,10.728,7.88288,0,13.3128,0.999914,-0.000190998,0.999976,0.946486,0.0199322,0,0.946696
5120,1.00023,2.94865,0.799721,0.946291,0.0202262,0,0.946507,10.8412,-10.4165,0,15.0345,1.00033,0.000728295,1.00009,0.94607,0.0202215,0,0.946286
5121,1.00022,2.94861,0.799744,0.946292,0.0205498,0,0.946516,-12.5534,-10.1505,0,16.1438,1.0003,0.000675751,1.00009,0.946087,0.0205453,0,0.94631
5122,1.00017,2.94847,0.799782,0.946285,0.020697,0,0.946511,-13.526,0.808528,0,13.5502,1.00024,0.000539944,1.00007,0.946121,0.0206934,0,0.946347
5123,1.0002,2.94854,0.799742,0.946272,0.0206409,0,0.946497,-13.587,-3.86221,0,14.1253,1.00028,0.000630624,1.00008,0.946081,0.0206367,0,0.946306
5124,1.00018,2.94849,0.799785,0.946304,0.0201401,0,0.946519,12.5703,-4.69221,0,13.4175,1.00025,0.000549904,1.00007,0.946137,0.0201366,0,0.946351
5125,0.999406,2.94654,0.800891,0.946735,0.0201856,0,0.94695,0.483046,15.7938,0,15.8012,0.999166,-0.00186195,0.99976,0.947298,0.0201976,0,0.947513
5126,1.00022,2.9486,0.799723,0.94628,0.0201864,0,0.946496,11.5221,-7.85005,0,13.9421,1.00031,0.000692119,1.00009,0.946072,0.020182,0,0.946287
5127,1.00007,2.94822,0.799934,0.946349,0.0207454,0,0.946576,-12.0708,10.1713,0,15.7848,1.0001,0.000223315,1.00003,0.946281,0.0207439,0,0.946508
5128,0.999635,2.94713,0.800566,0.946619,0.0198599,0,0.946827,6.24524,13.2727,0,14.6686,0.999488,-0.00114189,0.999854,0.946965,0.0198671,0,0.947173
5129,1.00004,2.94807,0.799754,0.946143,0.0200531,0,0.946356,13.1917,0.97964,0,13.228,1.00012,0.000258903,1.00008,0.946105,0.0200523,0,0.946318
5130,1.00022,2.9486,0.799718,0.946268,0.0206021,0,0.946492,-12.7355,-6.79554,0,14.4351,1.00031,0.000697065,1.00009,0.946057,0.0205976,0,0.946281
5131,1.00013,2.94837,0.799835,0.946303,0.0207049,0,0.94653,-14.6014,3.80367,0,15.0887,1.00019,0.000419136,1.00005,0.946176,0.0207021,0,0.946403
5132,0.99954,2.94688,0.800695,0.94665,0.0205038,0,0.946872,-2.94731,15.1775,0,15.461,0.999357,-0.00143558,0.999817,0.947086,0.0205133,0,0.947308
5133,1.00013,2.94835,0.799802,0.946278,0.0201048,0,0.946492,12.8963,-1.91013,0,13.037,1.00019,0.000430415,1.00006,0.946155,0.0201022,0,0.946369
5134,1.00019,2.94851,0.799752,0.946271,0.0206861,0,0.946497,-13.1911,-0.185969,0,13.1924,1.00027,0.000597543,1.00008,0.94609,0.0206821,0,0.946316
5135,0.999771,2.94746,0.800361,0.946514,0.020673,0,0.94674,-5.86346,14.4824,0,15.6243,0.999681,-0.000713037,0.999909,0.946731,0.0206777,0,0.946957
5136,1.0002,2.94859,0.799786,0.946327,0.0205107,0,0.946549,-12.2695,-13.0431,0,17.907,1.00028,0.000630442,1.00008,0.946137,0.0205066,0,0.946359
5137,1.00011,2.94832,0.799869,0.946319,0.0207266,0,0.946546,-13.8663,6.77386,0,15.4324,1.00016,0.000352192,1.00005,0.946212,0.0207242,0,0.946439
5138,1.00026,2.94877,0.799738,0.946338,0.0203097,0,0.946556,7.3399,-14.5763,0,16.32,1.00036,0.000805605,1.0001,0.946094,0.0203045,0,0.946312
5139,1.00024,2.94869,0.799727,0.946308,0.0202583,0,0.946525,10.0392,-12.4605,0,16.0015,1.00034,0.000755791,1.0001,0.946079,0.0202534,0,0.946295
5140,0.999851,2.94765,0.800239,0.946478,0.0198742,0,0.946686,9.13285,9.77111,0,13.3747,0.999792,-0.000464804,0.999941,0.946619,0.0198772,0,0.946828
5141,1.00024,2.94866,0.799699,0.946266,0.0205624,0,0.946489,-11.8838,-9.09053,0,14.962,1.00034,0.00075249,1.0001,0.946039,0.0205574,0,0.946262
5142,0.999704,2.94729,0.800452,0.946548,0.0205839,0,0.946772,-4.60563,15.6968,0,16.3585,0.999587,-0.000921619,0.999883,0.946828,0.02059,0,0.947052
5143,1.00005,2.94811,0.799764,0.946165,0.0201086,0,0.946379,13.9938,-0.578147,0,14.0057,1.00013,0.000281231,1.00007,0.946115,0.0201075,0,0.946329
5144,1.00025,2.94886,0.799841,0.946451,0.020337,0,0.94667,2.8394,-17.6741,0,17.9007,1.00035,0.000787055,1.0001,0.946214,0.0203319,0,0.946432
5145,1.00017,2.94847,0.799789,0.946303,0.0201744,0,0.946518,13.0281,-6.57235,0,14.5921,1.00024,0.000537969,1.00007,0.946141,0.0201709,0,0.946356
5146,1.00001,2.94806,0.800018,0.946394,0.0200272,0,0.946606,13.0161,4.84051,0,13.8871,1.00001,3.02856e-05,1,0.946383,0.0200269,0,0.946595
5147,1.00015,2.9484,0.79982,0.946301,0.0206788,0,0.946526,-15.2861,0.920938,0,15.3138,1.00021,0.000457582,1.00006,0.946161,0.0206757,0,0.946387
5148,1.00025,2.94881,0.799813,0.946413,0.0203276,0,0.946631,6.27871,-16.5185,0,17.6715,1.00035,0.000770977,1.0001,0.94618,0.0203226,0,0.946398
5149,0.999475,2.94665,0.800731,0.946628,0.0200576,0,0.946841,2.35344,16.6318,0,16.7974,0.999264,-0.00164183,0.99979,0.947126,0.0200681,0,0.947338
5150,1.00004,2.94816,0.799975,0.946367,0.0207298,0,0.946594,-11.4595,12.3762,0,16.8668,1.00006,0.000140809,1.00002,0.946324,0.0207289,0,0.946551
5151,1.00009,2.94827,0.799903,0.946335,0.0207215,0,0.946562,-14.0497,9.01834,0,16.6951,1.00013,0.000285997,1.00004,0.946248,0.0207196,0,0.946475
5152,1.00004,2.94811,0.799918,0.946313,0.0200584,0,0.946526,13.7202,2.46581,0,13.94,1.00007,0.000153058,1.00003,0.946277,0.0200576,0,0.946489
5153,1.00014,2.94839,0.799849,0.946336,0.0201316,0,0.94655,13.5826,-3.38734,0,13.9986,1.00019,0.000422624,1.00005,0.946204,0.0201288,0,0.946418
5154,0.99996,2.94793,0.800085,0.946416,0.0199879,0,0.946627,12.0809,7.20607,0,14.0668,0.999944,-0.00012548,0.999984,0.946454,0.0199887,0,0.946665
5155,0.99951,2.94676,0.800703,0.94663,0.0203266,0,0.946848,-1.46916,16.6768,0,16.7414,0.999314,-0.00153178,0.999803,0.947093,0.0203365,0,0.947312
5156,0.999929,2.94786,0.800139,0.94643,0.0206902,0,0.946656,-8.05902,14.7789,0,16.8334,0.999901,-0.000221616,0.999972,0.946498,0.0206917,0,0.946724
5157,0.999796,2.94752,0.800323,0.946515,0.0198835,0,0.946724,8.82964,11.1478,0,14.2209,0.999716,-0.000634202,0.999919,0.946708,0.0198875,0,0.946917
5158,1.00021,2.94858,0.799742,0.946284,0.0205778,0,0.946508,-13.3765,-8.46178,0,15.8282,1.0003,0.000660652,1.00008,0.946084,0.0205734,0,0.946308
5159,1.00028,2.94895,0.799833,0.946471,0.0203259,0,0.946689,-0.587512,-18.6177,0,18.627,1.00039,0.000863424,1.00011,0.946208,0.0203203,0,0.946427
5160,1.0002,2.94859,0.799781,0.946327,0.0202441,0,0.946543,12.0763,-12.0789,0,17.0803,1.00028,0.000629515,1.00008,0.946135,0.02024,0,0.946352
5161,1.00017,2.94845,0.799785,0.946281,0.0206564,0,0.946507,-14.5312,-1.92708,0,14.6584,1.00023,0.000519725,1.00007,0.946125,0.020653,0,0.94635
5162,0.999604,2.94702,0.800591,0.946611,0.0199361,0,0.946821,6.36181,15.5943,0,16.842,0.999444,-0.00124145,0.99984,0.946986,0.019944,0,0.947196
5163,1.00018,2.94852,0.799785,0.946312,0.0202111,0,0.946528,12.7477,-9.54782,0,15.9268,1.00026,0.000574699,1.00007,0.946138,0.0202074,0,0.946354
5164,1.00012,2.94832,0.799862,0.946314,0.0207053,0,0.946541,-15.1676,5.5023,0,16.1348,1.00016,0.000361799,1.00005,0.946205,0.0207029,0,0.946432
5165,1.00019,2.94852,0.799763,0.946285,0.0206165,0,0.946509,-14.1503,-5.6324,0,15.2301,1.00027,0.00059504,1.00008,0.946104,0.0206125,0,0.946329
5166,1.00013,2.94835,0.799842,0.946306,0.0206832,0,0.946532,-15.9461,2.5004,0,16.141,1.00018,0.000401065,1.00005,0.946184,0.0206805,0,0.94641
5167,1.00016,2.94843,0.799797,0.946289,0.0206733,0,0.946515,-14.8053,-0.177559,0,14.8063,1.00022,0.000500536,1.00006,0.946137,0.02067,0,0.946363
5168,1.00024,2.94872,0.799763,0.946345,0.0202884,0,0.946563,9.31406,-14.2983,0,17.0643,1.00033,0.000743091,1.0001,0.946121,0.0202836,0,0.946338
5169,0.999893,2.94776,0.800182,0.946456,0.019938,0,0.946666,10.6394,9.42827,0,14.2158,0.99985,-0.000335233,0.999957,0.946557,0.0199402,0,0.946767
5170,1.00014,2.94838,0.799847,0.94633,0.0201629,0,0.946545,14.301,-5.12426,0,15.1913,1.00019,0.000418793,1.00005,0.946202,0.0201601,0,0.946417
5171,1.00025,2.94886,0.799855,0.946465,0.0203407,0,0.946683,4.98512,-18.166,0,18.8376,1.00035,0.000776591,1.0001,0.94623,0.0203356,0,0.946448
5172,1.00001,2.94808,0.800021,0.946386,0.0207127,0,0.946613,-10.4914,14.6192,0,17.9941,1.00002,4.02676e-05,1.00001,0.946374,0.0207125,0,0.946601
5173,1.00015,2.94842,0.79983,0.946325,0.0202048,0,0.946541,14.5888,-8.21956,0,16.745,1.00021,0.000463586,1.00006,0.946185,0.0202018,0,0.9464
5174,0.999974,2.94797,0.800066,0.946409,0.0200326,0,0.946621,13.4346,6.36823,0,14.8675,0.999963,-8.19106e-05,0.999989,0.946433,0.0200331,0,0.946645
5175,0.999676,2.94718,0.800481,0.94655,0.0204474,0,0.946771,-3.37176,17.1905,0,17.518,0.99954,-0.00102583,0.999865,0.946857,0.020454,0,0.947078
5176,1.00009,2.94825,0.799862,0.946303,0.0201361,0,0.946517,14.6032,-2.10852,0,14.7546,1.00014,0.000303229,1.00005,0.946218,0.0201342,0,0.946432
5177,1.00018,2.94849,0.799783,0.946293,0.0205953,0,0.946517,-14.5824,-7.27048,0,16.2944,1.00025,0.000554454,1.00007,0.946125,0.0205916,0,0.946349
5178,0.99985,2.94764,0.800236,0.946456,0.0206174,0,0.946681,-6.61092,16.4355,0,17.7153,0.99979,-0.00046889,0.99994,0.946598,0.0206205,0,0.946823
5179,1.00017,2.94848,0.79981,0.946316,0.0205681,0,0.946539,-14.6126,-10.1105,0,17.7694,1.00024,0.000526676,1.00007,0.946156,0.0205646,0,0.946379
5180,1.00012,2.94832,0.79986,0.946314,0.0206653,0,0.946539,-17.2742,1.01548,0,17.304,1.00016,0.000364377,1.00005,0.946203,0.0206629,0,0.946429
5181,1.00013,2.94837,0.799832,0.946302,0.0206611,0,0.946528,-16.4816,-0.818707,0,16.502,1.00019,0.000421354,1.00005,0.946175,0.0206583,0,0.9464
5182,0.999532,2.94677,0.800623,0.946568,0.0199628,0,0.946779,4.67665,17.4664,0,18.0816,0.999347,-0.00145655,0.999816,0.947012,0.0199722,0,0.947222
5183,0.999504,2.94669,0.800654,0.946568,0.0201854,0,0.946784,0.466044,17.9214,0,17.9275,0.999307,-0.0015479,0.999803,0.947038,0.0201954,0,0.947254
5184,1.00008,2.94824,0.799929,0.946348,0.0207227,0,0.946575,-13.7793,11.4847,0,17.9378,1.00011,0.000238831,1.00003,0.946276,0.0207211,0,0.946503
5185,1.00016,2.94843,0.799804,0.946296,0.0206316,0,0.94652,-15.5002,-3.93091,0,15.9909,1.00022,0.000493091,1.00006,0.946146,0.0206284,0,0.946371
5186,1.0001,2.94829,0.799888,0.946327,0.0207068,0,0.946553,-15.7813,7.58782,0,17.5107,1.00014,0.000312478,1.00004,0.946232,0.0207047,0,0.946459
5187,1.00021,2.94864,0.799807,0.946363,0.0202689,0,0.94658,11.4098,-14.0874,0,18.1284,1.00029,0.000649158,1.00008,0.946166,0.0202647,0,0.946383
5188,0.99992,2.94783,0.800141,0.946438,0.0199927,0,0.946649,12.1571,8.82885,0,15.0247,0.999889,-0.000248629,0.999968,0.946514,0.0199943,0,0.946725
5189,0.999729,2.94736,0.800424,0.946558,0.0198996,0,0.946767,8.43726,12.8301,0,15.3557,0.999623,-0.000842164,0.999894,0.946815,0.019905,0,0.947024
5190,1.00002,2.94809,0.800019,0.946402,0.0200729,0,0.946615,14.1734,3.89404,0,14.6986,1.00002,4.89538e-05,1,0.946383,0.0200724,0,0.946595
5191,1.00001,2.94798,0.799819,0.946178,0.0200951,0,0.946392,14.9159,1.05414,0,14.9531,1.00006,0.000141468,1.00006,0.946173,0.020095,0,0.946386
5192,1.00024,2.94878,0.799814,0.946408,0.0203073,0,0.946626,8.54334,-16.3944,0,18.4869,1.00034,0.000751572,1.0001,0.946179,0.0203024,0,0.946397
5193,1.00016,2.94848,0.799829,0.94634,0.0202366,0,0.946556,14.2209,-11.2922,0,18.159,1.00023,0.000511816,1.00006,0.946184,0.0202333,0,0.946401
5194,1.00011,2.94831,0.799866,0.946315,0.0206884,0,0.946542,-16.537,4.25819,0,17.0765,1.00016,0.000350088,1.00004,0.94621,0.0206861,0,0.946436
5195,0.999846,2.94765,0.800252,0.946486,0.0199395,0,0.946696,10.3628,10.9521,0,15.0777,0.999786,-0.00047865,0.99994,0.946632,0.0199426,0,0.946842
5196,1.0001,2.94828,0.799902,0.946352,0.0201582,0,0.946567,15.3977,-3.69556,0,15.835,1.00013,0.00029713,1.00004,0.946259,0.0201562,0,0.946474
5197,1.00018,2.94853,0.799801,0.94632,0.0205396,0,0.946543,-13.7696,-12.192,0,18.3915,1.00025,0.000567024,1.00007,0.946149,0.0205359,0,0.946372
5198,1.0001,2.94829,0.799885,0.946325,0.0206918,0,0.946551,-17.2169,6.1437,0,18.2802,1.00014,0.000315489,1.00004,0.946229,0.0206898,0,0.946455
5199,0.999984,2.94799,0.800058,0.94641,0.0200738,0,0.946622,14.6913,5.39267,0,15.6498,0.999975,-5.63611e-05,0.999991,0.946424,0.0200741,0,0.946637
5200,1.00002,2.94803,0.79983,0.946201,0.0201404,0,0.946415,15.8323,-0.654477,0,15.8458,1.00007,0.00016386,1.00006,0.946183,0.02014,0,0.946398
5201,1.00013,2.94837,0.799849,0.946328,0.0201944,0,0.946543,14.9266,-6.96234,0,16.4705,1.00018,0.000411465,1.00005,0.946203,0.0201917,0,0.946419
5202,0.999803,2.94755,0.800327,0.946526,0.0199487,0,0.946736,10.03,12.5276,0,16.0481,0.999725,-0.000614383,0.999922,0.946712,0.0199526,0,0.946923
5203,1.00014,2.9484,0.799854,0.946338,0.0202226,0,0.946554,15.6682,-9.54858,0,18.3485,1.00019,0.000425851,1.00005,0.946209,0.0202198,0,0.946425
5204,0.999793,2.94747,0.800293,0.946461,0.0205249,0,0.946684,-5.20816,17.7772,0,18.5244,0.999709,-0.000650502,0.999916,0.946657,0.0205291,0,0.94688
5205,0.999939,2.94787,0.800113,0.946425,0.0200396,0,0.946637,13.6824,8.05444,0,15.8771,0.999914,-0.000191293,0.999976,0.946483,0.0200409,0,0.946695
5206,0.999684,2.94725,0.800495,0.946589,0.0199292,0,0.946799,7.68092,14.7263,0,16.609,0.999556,-0.00099023,0.999872,0.946889,0.0199355,0,0.947098
5207,1.00011,2.9483,0.799873,0.946318,0.0206727,0,0.946543,-18.0335,2.89901,0,18.265,1.00015,0.000332847,1.00004,0.946217,0.0206705,0,0.946443
5208,1.00015,2.94842,0.799822,0.946307,0.0206144,0,0.946532,-16.1587,-5.94493,0,17.2176,1.00021,0.000467452,1.00006,0.946165,0.0206113,0,0.94639
5209,0.999878,2.94773,0.800204,0.946464,0.019995,0,0.946676,12.0637,10.5727,0,16.0411,0.99983,-0.000378832,0.999953,0.94658,0.0199974,0,0.946791
5210,0.999999,2.948,0.799959,0.946319,0.0200955,0,0.946532,15.5149,2.74828,0,15.7564,1.00002,3.76999e-05,1.00002,0.94632,0.0200955,0,0.946533
5211,1.00011,2.94831,0.799867,0.946317,0.0206513,0,0.946542,-18.6522,-0.671026,0,18.6642,1.00016,0.000347588,1.00004,0.946212,0.020649,0,0.946437
5212,1.0001,2.94828,0.799905,0.946352,0.020194,0,0.946567,16.2673,-5.47604,0,17.1642,1.00013,0.000293295,1.00004,0.946262,0.0201921,0,0.946477
5213,0.999993,2.94801,0.800054,0.946412,0.0201048,0,0.946626,15.9973,4.35188,0,16.5787,0.999984,-3.55098e-05,0.999992,0.94642,0.0201049,0,0.946633
5214,0.999953,2.94791,0.800093,0.946416,0.0200789,0,0.946629,15.1947,7.09915,0,16.7713,0.999934,-0.00014796,0.999981,0.946461,0.0200799,0,0.946674
5215,0.999676,2.94717,0.80046,0.946538,0.019969,0,0.946748,8.07426,16.7587,0,18.6023,0.999545,-0.00101508,0.999869,0.946845,0.0199755,0,0.947055
5216,1.00014,2.9484,0.799836,0.946314,0.0205916,0,0.946538,-16.6011,-8.076,0,18.4613,1.0002,0.00044066,1.00006,0.946181,0.0205887,0,0.946405
5217,0.999904,2.94779,0.800168,0.94645,0.0200445,0,0.946662,13.7812,9.89321,0,16.9646,0.999866,-0.000298726,0.999962,0.946541,0.0200465,0,0.946753
5218,1.00005,2.94815,0.799917,0.946322,0.0201734,0,0.946537,16.5303,-2.31234,0,16.6912,1.00008,0.00018157,1.00003,0.946274,0.0201724,0,0.946489
5219,0.999973,2.94791,0.799892,0.946222,0.0201351,0,0.946436,16.8762,1.17063,0,16.9168,1.00001,2.06646e-05,1.00004,0.946248,0.0201357,0,0.946462
5220,1.00012,2.94834,0.799844,0.946306,0.0206373,0,0.946531,-17.6994,-2.66373,0,17.8988,1.00018,0.000392517,1.00005,0.946188,0.0206348,0,0.946413
5221,1.00011,2.94832,0.799881,0.946339,0.0202178,0,0.946555,16.6921,-7.56098,0,18.3247,1.00015,0.000339791,1.00004,0.946238,0.0202157,0,0.946454
5222,0.999748,2.94741,0.800405,0.946554,0.0199591,0,0.946764,9.65092,14.4394,0,17.3677,0.999645,-0.000791475,0.999898,0.946793,0.0199641,0,0.947003
5223,1.00012,2.94835,0.799855,0.946317,0.0206225,0,0.946541,-17.6189,-4.35165,0,18.1484,1.00017,0.000386561,1.00005,0.946199,0.02062,0,0.946424
5224,0.999843,2.94765,0.800269,0.946501,0.0200063,0,0.946712,11.7567,12.291,0,17.0085,0.999781,-0.000489383,0.999938,0.946649,0.0200094,0,0.946861
5225,0.999987,2.94795,0.799889,0.946231,0.0201905,0,0.946446,17.919,-0.716428,0,17.9333,1.00002,5.34085e-05,1.00004,0.946243,0.0201908,0,0.946459
5226,0.999922,2.94784,0.800139,0.946436,0.0200882,0,0.946649,15.5059,9.00536,0,17.9312,0.999892,-0.000241893,0.999969,0.94651,0.0200897,0,0.946723
5227,1.00007,2.94823,0.799955,0.946383,0.0201989,0,0.946598,17.4414,-3.97261,0,17.8881,1.00009,0.000209623,1.00002,0.946314,0.0201974,0,0.946529
5228,0.999869,2.94772,0.800223,0.946476,0.0200487,0,0.946689,13.6826,11.867,0,18.1118,0.999819,-0.000404013,0.99995,0.9466,0.0200514,0,0.946813
5229,0.999967,2.94795,0.800089,0.946425,0.0201176,0,0.946639,16.5853,6.01153,0,17.6412,0.99995,-0.000112318,0.999982,0.946456,0.0201183,0,0.94667
5230,0.999981,2.94797,0.800027,0.946372,0.0201229,0,0.946586,17.5499,3.0919,0,17.8202,0.99998,-4.56206e-05,0.999999,0.94639,0.0201233,0,0.946604
5231,0.999806,2.94756,0.800326,0.946526,0.0200139,0,0.946738,11.4158,14.0562,0,18.1079,0.999726,-0.000611088,0.99992,0.946709,0.0200177,0,0.946921
5232,0.999937,2.94787,0.800115,0.946424,0.0201187,0,0.946638,17.193,7.91412,0,18.9271,0.999913,-0.000194007,0.999976,0.946483,0.02012,0,0.946697
