Point ID,Density,Energy,Mach,Momentum_0,Momentum_1,Momentum_2,Momentum_Magnitude,Points_0,Points_1,Points_2,Points_Magnitude,Pressure,Pressure_Coefficient,Temperature,Velocity_0,Velocity_1,Velocity_2,Velocity_Magnitude
0,1.31117,3.75701,0.457574,0.730974,0.106178,0,0.738646,0.99975,-3.6329e-05,0,0.99975,1.41958,0.936567,1.08268,0.557496,0.0809794,0,0.563347
1,1.17227,3.37141,0.510711,0.725867,0.105334,0,0.73347,0.999,-0.000145254,0,0.999,1.25678,0.573165,1.07209,0.619199,0.0898552,0,0.625685
2,1.15993,3.34788,0.558438,0.781593,0.113238,0,0.789753,0.99776,-0.000325111,0,0.99776,1.23161,0.516982,1.06179,0.673826,0.0976246,0,0.680861
3,1.14194,3.3036,0.587839,0.807464,0.116723,0,0.815857,0.99602,-0.000576998,0,0.99602,1.20486,0.457284,1.0551,0.707096,0.102214,0,0.714445
4,1.12835,3.2693,0.606779,0.82187,0.118462,0,0.830363,0.99378,-0.000900437,0,0.99378,1.1855,0.414072,1.05065,0.72838,0.104987,0,0.735908
5,1.11866,3.24558,0.623086,0.835208,0.119962,0,0.843779,0.99105,-0.00129336,0,0.991051,1.17094,0.381572,1.04674,0.746616,0.107238,0,0.754278
6,1.10973,3.2233,0.636504,0.845128,0.120884,0,0.853729,0.98784,-0.00175361,0,0.987842,1.15796,0.352594,1.04347,0.761565,0.108932,0,0.769316
7,1.10184,3.20367,0.64857,0.853883,0.121559,0,0.862492,0.98413,-0.00228318,0,0.984133,1.14644,0.326876,1.04048,0.774964,0.110324,0,0.782777
8,1.09456,3.18553,0.659546,0.861553,0.121994,0,0.870147,0.97995,-0.00287683,0,0.979954,1.13586,0.30327,1.03773,0.78712,0.111455,0,0.794972
9,1.08779,3.16861,0.669709,0.868436,0.12224,0,0.876997,0.97528,-0.00353632,0,0.975286,1.12603,0.281328,1.03516,0.798351,0.112375,0,0.806221
10,1.0814,3.15265,0.679225,0.874687,0.122318,0,0.883198,0.97015,-0.00425627,0,0.970159,1.11679,0.260703,1.03273,0.808845,0.113111,0,0.816715
11,1.07533,3.13744,0.688219,0.880421,0.122249,0,0.888868,0.96454,-0.00503823,0,0.964553,1.10803,0.241134,1.03041,0.818744,0.113685,0,0.8266
12,1.06952,3.12288,0.696783,0.885732,0.122048,0,0.894102,0.95847,-0.00587808,0,0.958488,1.09966,0.222462,1.02818,0.828155,0.114115,0,0.83598
13,1.06394,3.10887,0.704971,0.890667,0.121726,0,0.898946,0.95194,-0.00677443,0,0.951964,1.09164,0.20455,1.02603,0.837139,0.114411,0,0.844921
14,1.05856,3.09533,0.712843,0.895287,0.121294,0,0.903466,0.94496,-0.00772447,0,0.944992,1.08391,0.187303,1.02395,0.845763,0.114584,0,0.85349
15,1.05334,3.08222,0.72043,0.899623,0.12076,0,0.907691,0.93754,-0.00872535,0,0.937581,1.07645,0.170649,1.02194,0.854063,0.114644,0,0.861723
16,1.04829,3.06947,0.727772,0.90371,0.120131,0,0.91166,0.92969,-0.00977422,0,0.929741,1.06922,0.154509,1.01997,0.862084,0.114598,0,0.869668
17,1.04335,3.05704,0.734902,0.907576,0.119417,0,0.915398,0.9214,-0.0108709,0,0.921464,1.06219,0.138813,1.01805,0.869863,0.114455,0,0.877361
18,1.03855,3.0449,0.741838,0.911243,0.11862,0,0.918931,0.9127,-0.0120097,0,0.912779,1.05534,0.123533,1.01617,0.877421,0.114217,0,0.884824
19,1.03384,3.03301,0.748595,0.914717,0.117747,0,0.922265,0.90358,-0.0131906,0,0.903676,1.04866,0.108614,1.01433,0.884774,0.113893,0,0.892074
20,1.02924,3.02137,0.755201,0.918034,0.116804,0,0.925435,0.89406,-0.0144092,0,0.894176,1.04213,0.0940387,1.01252,0.891953,0.113486,0,0.899144
21,1.02473,3.00995,0.761662,0.921196,0.115794,0,0.928445,0.88415,-0.0156627,0,0.884289,1.03574,0.0797761,1.01074,0.898965,0.113,0,0.906039
22,1.02029,2.9987,0.76799,0.924203,0.114721,0,0.931295,0.87385,-0.0169496,0,0.874014,1.02947,0.0657718,1.00899,0.905824,0.112439,0,0.912776
23,1.01593,2.98764,0.774215,0.927096,0.113591,0,0.934029,0.86318,-0.0182657,0,0.863373,1.02331,0.0520269,1.00726,0.912561,0.11181,0,0.919385
24,1.01162,2.97669,0.78034,0.929859,0.112402,0,0.936628,0.85216,-0.0196071,0,0.852386,1.01724,0.0384758,1.00555,0.91918,0.111111,0,0.925871
25,1.00736,2.96586,0.786389,0.932519,0.111163,0,0.939121,0.84077,-0.0209746,0,0.841032,1.01124,0.0250994,1.00386,0.925707,0.110351,0,0.932261
26,1.00314,2.95513,0.792365,0.935071,0.10987,0,0.941504,0.82905,-0.022362,0,0.829352,1.00532,0.0118747,1.00217,0.932146,0.109527,0,0.938558
27,0.998954,2.94447,0.798286,0.937533,0.108528,0,0.943793,0.81701,-0.0237664,0,0.817356,0.999454,-0.00121788,1.0005,0.938514,0.108641,0,0.944781
28,0.994799,2.93389,0.804153,0.9399,0.107135,0,0.945986,0.80464,-0.0251876,0,0.805034,0.99364,-0.0141956,0.998835,0.944814,0.107696,0,0.950932
29,0.990674,2.92336,0.809967,0.942178,0.105692,0,0.948088,0.79197,-0.0266206,0,0.792417,0.987878,-0.0270574,0.997178,0.951047,0.106687,0,0.957012
30,0.986578,2.91291,0.815748,0.944386,0.1042,0,0.950117,0.77901,-0.0280628,0,0.779515,0.982161,-0.0398182,0.995524,0.957234,0.105618,0,0.963043
31,0.982491,2.90247,0.821508,0.94652,0.102656,0,0.95207,0.76578,-0.0295103,0,0.766348,0.976468,-0.0525271,0.993869,0.963387,0.104486,0,0.969037
32,0.978385,2.89196,0.827273,0.948578,0.101059,0,0.953946,0.75228,-0.0309618,0,0.752917,0.970761,-0.0652659,0.992207,0.969534,0.103291,0,0.975021
33,0.974258,2.88139,0.833068,0.950584,0.0994072,0,0.955767,0.73852,-0.0324145,0,0.739231,0.965032,-0.0780534,0.990531,0.975701,0.102034,0,0.981021
34,0.970115,2.87078,0.838888,0.952538,0.0976978,0,0.957535,0.72453,-0.0338638,0,0.725321,0.959289,-0.0908718,0.988841,0.981881,0.100707,0,0.987032
35,0.965941,2.86007,0.84473,0.954418,0.0959246,0,0.959227,0.71032,-0.0353069,0,0.711197,0.953517,-0.103756,0.987139,0.988071,0.099307,0,0.993049
36,0.961756,2.84934,0.850617,0.956271,0.0940885,0,0.960889,0.69589,-0.0367423,0,0.696859,0.947731,-0.116671,0.985417,0.994296,0.0978299,0,0.999098
37,0.957519,2.83845,0.856539,0.958042,0.0921778,0,0.962466,0.68127,-0.0381652,0,0.682338,0.941892,-0.129706,0.98368,1.00055,0.0962674,0,1.00517
38,0.953241,2.82745,0.86253,0.959774,0.090192,0,0.964002,0.66647,-0.0395729,0,0.667644,0.936002,-0.142852,0.981916,1.00685,0.0946161,0,1.01129
39,0.948905,2.81629,0.868601,0.961458,0.0881241,0,0.965488,0.6515,-0.0409627,0,0.652786,0.930043,-0.156155,0.980123,1.01323,0.0928693,0,1.01748
40,0.944498,2.80493,0.874757,0.963086,0.085967,0,0.966915,0.63638,-0.0423308,0,0.637786,0.924001,-0.169642,0.978298,1.01968,0.0910187,0,1.02373
41,0.940023,2.7934,0.881021,0.964676,0.0837153,0,0.968302,0.62113,-0.0436736,0,0.622663,0.917872,-0.183321,0.976435,1.02623,0.0890566,0,1.03008
42,0.935456,2.7816,0.887395,0.966204,0.0813596,0,0.969624,0.60576,-0.0449881,0,0.607428,0.911634,-0.197246,0.974533,1.03287,0.0869731,0,1.03652
43,0.930805,2.76959,0.893903,0.967696,0.0788942,0,0.970906,0.59028,-0.0462713,0,0.592091,0.905288,-0.211412,0.972585,1.03963,0.084759,0,1.04308
44,0.926056,2.7573,0.900534,0.969121,0.0763076,0,0.97212,0.57471,-0.0475195,0,0.576671,0.898824,-0.22584,0.970594,1.0465,0.0824007,0,1.04974
45,0.921225,2.74479,0.907296,0.970501,0.0735949,0,0.973288,0.55906,-0.0487296,0,0.56118,0.892259,-0.240494,0.968556,1.05349,0.0798881,0,1.05651
46,0.916301,2.73203,0.914174,0.971805,0.0707431,0,0.974377,0.54336,-0.0498968,0,0.545646,0.885583,-0.255394,0.966477,1.06057,0.0772051,0,1.06338
47,0.911296,2.71904,0.921177,0.973048,0.0677473,0,0.975403,0.52761,-0.051019,0,0.530071,0.878811,-0.270511,0.964353,1.06776,0.0743418,0,1.07035
48,0.906217,2.70584,0.928263,0.974196,0.0645932,0,0.976336,0.51184,-0.0520914,0,0.514484,0.871959,-0.285805,0.962197,1.07501,0.0712779,0,1.07738
49,0.901132,2.69262,0.9354,0.97529,0.0612773,0,0.977214,0.49605,-0.0531115,0,0.498885,0.865103,-0.301108,0.960019,1.08229,0.0680004,0,1.08443
50,0.895994,2.67925,0.942628,0.976312,0.0577869,0,0.978021,0.48027,-0.0540749,0,0.483305,0.858188,-0.316544,0.957806,1.08964,0.0644947,0,1.09155
51,0.890501,2.66493,0.950344,0.977272,0.0541139,0,0.978769,0.46451,-0.0549784,0,0.467752,0.850816,-0.333,0.955436,1.09744,0.060768,0,1.09912
52,0.884308,2.64874,0.958935,0.978098,0.0502463,0,0.979388,0.44878,-0.0558186,0,0.452238,0.842558,-0.351433,0.952788,1.10606,0.05682,0,1.10752
53,0.878142,2.63259,0.967456,0.978755,0.0461707,0,0.979843,0.43311,-0.0565914,0,0.436792,0.834369,-0.369711,0.950154,1.11458,0.0525778,0,1.11581
54,0.874065,2.62191,0.973161,0.979237,0.0418809,0,0.980132,0.4175,-0.0572942,0,0.421413,0.82895,-0.381809,0.948385,1.12033,0.0479151,0,1.12135
55,0.873816,2.62134,0.973808,0.979688,0.0373725,0,0.980401,0.40197,-0.0579232,0,0.406122,0.828538,-0.382728,0.948184,1.12116,0.0427693,0,1.12198
56,0.875359,2.62551,0.972139,0.980173,0.0326384,0,0.980716,0.38654,-0.0584752,0,0.390938,0.830454,-0.37845,0.948702,1.11974,0.0372858,0,1.12036
57,0.87057,2.61298,0.978889,0.980647,0.0276641,0,0.981037,0.37123,-0.0589468,0,0.375881,0.824086,-0.392666,0.946605,1.12644,0.031777,0,1.12689
58,0.850032,2.55877,1.00688,0.980466,0.0224247,0,0.980722,0.35604,-0.0593356,0,0.36095,0.797207,-0.452663,0.937855,1.15345,0.026381,0,1.15375
59,0.816885,2.47115,1.05396,0.978534,0.0169005,0,0.97868,0.34099,-0.0596385,0,0.346166,0.753956,-0.549204,0.922966,1.19789,0.020689,0,1.19806
60,0.791454,2.40386,1.09201,0.975887,0.0111201,0,0.97595,0.32611,-0.0598525,0,0.331557,0.720851,-0.6231,0.910794,1.23303,0.0140502,0,1.23311
61,0.782005,2.37869,1.10607,0.974268,0.00509645,0,0.974282,0.3114,-0.0599757,0,0.317123,0.70871,-0.650202,0.906273,1.24586,0.00651716,0,1.24588
62,0.782488,2.37988,1.10495,0.974089,-0.0012019,0,0.974089,0.29687,-0.0600055,0,0.302874,0.709431,-0.648592,0.906634,1.24486,-0.001536,0,1.24486
63,0.785971,2.38907,1.0994,0.974438,-0.00781212,0,0.974469,0.28255,-0.0599401,0,0.288838,0.713992,-0.638411,0.90842,1.23979,-0.00993945,0,1.23983
64,0.789472,2.3984,1.09422,0.974982,-0.0147563,0,0.975093,0.26845,-0.0597777,0,0.275025,0.718487,-0.628378,0.910085,1.23498,-0.0186914,0,1.23512
65,0.792689,2.40698,1.08955,0.975443,-0.0220475,0,0.975692,0.25457,-0.0595166,0,0.261435,0.722603,-0.619189,0.911585,1.23055,-0.0278136,0,1.23086
66,0.796208,2.41638,1.08452,0.975909,-0.0297114,0,0.976361,0.24094,-0.0591559,0,0.248096,0.727096,-0.60916,0.913199,1.2257,-0.0373161,0,1.22626
67,0.800207,2.42703,1.07873,0.976291,-0.0377639,0,0.977022,0.22757,-0.0586946,0,0.235017,0.732232,-0.597697,0.915053,1.22005,-0.0471926,0,1.22096
68,0.804621,2.43878,1.07237,0.976609,-0.0462281,0,0.977703,0.21447,-0.058132,0,0.222209,0.737909,-0.585025,0.917089,1.21375,-0.0574532,0,1.21511
69,0.809287,2.45118,1.06562,0.976778,-0.055132,0,0.978333,0.20166,-0.0574681,0,0.209689,0.743933,-0.571578,0.919246,1.20696,-0.0681242,0,1.20888
70,0.814251,2.46436,1.05849,0.976824,-0.0645018,0,0.978951,0.18914,-0.0567023,0,0.197457,0.750351,-0.557253,0.921523,1.19966,-0.0792161,0,1.20227
71,0.819742,2.47892,1.05062,0.976725,-0.0743766,0,0.979553,0.17693,-0.0558351,0,0.185531,0.757465,-0.541372,0.924029,1.1915,-0.0907317,0,1.19495
72,0.826,2.4955,1.04168,0.976465,-0.0847891,0,0.980139,0.16504,-0.0548671,0,0.173921,0.765592,-0.523231,0.926868,1.18216,-0.10265,0,1.18661
73,0.832994,2.51399,1.03169,0.975937,-0.0957775,0,0.980626,0.15349,-0.0537998,0,0.162646,0.774713,-0.502872,0.930035,1.1716,-0.11498,0,1.17723
74,0.840535,2.5339,1.02094,0.975089,-0.10739,0,0.980985,0.14229,-0.0526344,0,0.151713,0.78458,-0.480848,0.933429,1.16008,-0.127764,0,1.1671
75,0.848459,2.55477,1.00963,0.9738,-0.119674,0,0.981126,0.13144,-0.0513713,0,0.141122,0.794999,-0.457591,0.936992,1.14773,-0.141049,0,1.15636
76,0.856857,2.57686,0.997737,0.972098,-0.132698,0,0.981113,0.12095,-0.0500119,0,0.130882,0.806065,-0.432891,0.940723,1.13449,-0.154865,0,1.14501
77,0.865888,2.60057,0.98502,0.969873,-0.146544,0,0.980881,0.11085,-0.0485607,0,0.12102,0.818,-0.406249,0.944696,1.12009,-0.169241,0,1.1328
78,0.875607,2.62603,0.971285,0.966915,-0.161257,0,0.98027,0.10113,-0.0470172,0,0.111525,0.830922,-0.377406,0.948967,1.10428,-0.184166,0,1.11953
79,0.886041,2.65327,0.956504,0.963087,-0.176939,0,0.979205,0.09181,-0.0453853,0,0.102415,0.844874,-0.346264,0.953538,1.08695,-0.199697,0,1.10515
80,0.897269,2.68252,0.940672,0.958304,-0.193708,0,0.977686,0.0829,-0.0436679,0,0.0936979,0.859947,-0.312619,0.958405,1.06802,-0.215886,0,1.08962
81,0.90933,2.71386,0.923659,0.952303,-0.211655,0,0.975541,0.0744,-0.0418661,0,0.0853705,0.87623,-0.276273,0.963599,1.04726,-0.232759,0,1.07281
82,0.922349,2.74759,0.905329,0.944848,-0.230933,0,0.972661,0.06633,-0.0399851,0,0.0774499,0.893894,-0.236843,0.96915,1.02439,-0.250375,0,1.05455
83,0.936426,2.78396,0.885496,0.935578,-0.251658,0,0.968834,0.05869,-0.0380264,0,0.0699323,0.91311,-0.193951,0.975101,0.999094,-0.268743,0,1.03461
84,0.951701,2.82327,0.863911,0.924026,-0.273967,0,0.963785,0.05149,-0.0359934,0,0.0628231,0.934102,-0.147093,0.981508,0.970921,-0.287871,0,1.0127
85,0.968439,2.86618,0.840159,0.909583,-0.297985,0,0.95715,0.04474,-0.0338903,0,0.0561268,0.957274,-0.0953707,0.988471,0.939225,-0.307696,0,0.988343
86,0.986891,2.91329,0.81383,0.891469,-0.323777,0,0.948445,0.03844,-0.0317181,0,0.0498365,0.983016,-0.0379118,0.996073,0.90331,-0.328078,0,0.961044
87,1.00735,2.96531,0.784487,0.868728,-0.351359,0,0.937092,0.0326,-0.0294811,0,0.0439533,1.01178,0.026285,1.00439,0.862388,-0.348795,0,0.930253
88,1.03016,3.02299,0.751437,0.839917,-0.380561,0,0.92211,0.02723,-0.0271842,0,0.0384767,1.04412,0.0984788,1.01355,0.815331,-0.369421,0,0.895118
89,1.05574,3.08737,0.713854,0.803302,-0.410739,0,0.90222,0.02232,-0.0248233,0,0.0333823,1.08074,0.180231,1.02369,0.760892,-0.389054,0,0.854587
90,1.08452,3.15937,0.670743,0.756487,-0.440911,0,0.8756,0.0179,-0.0224136,0,0.0286842,1.12236,0.273134,1.0349,0.697533,-0.40655,0,0.807363
91,1.11701,3.24021,0.620865,0.696778,-0.468702,0,0.83975,0.01395,-0.0199449,0,0.0243393,1.16982,0.379065,1.04728,0.623787,-0.419603,0,0.751783
92,1.15333,3.32991,0.562724,0.620734,-0.490154,0,0.790925,0.01049,-0.0174292,0,0.0203425,1.22349,0.498853,1.06083,0.538212,-0.424992,0,0.685777
93,1.19315,3.42761,0.494978,0.525772,-0.498648,0,0.724628,0.00752,-0.0148676,0,0.0166612,1.28303,0.631754,1.07533,0.440658,-0.417925,0,0.607323
94,1.23528,3.53012,0.415823,0.410867,-0.483665,0,0.63462,0.00504,-0.0122603,0,0.0132558,1.34684,0.774201,1.09031,0.33261,-0.391542,0,0.513745
95,1.27811,3.63398,0.324126,0.281193,-0.431713,0,0.515214,0.00305,-0.00960557,0,0.0100782,1.41206,0.919769,1.1048,0.220008,-0.337775,0,0.403107
96,1.31364,3.71906,0.222455,0.152266,-0.332196,0,0.36543,0.00156,-0.00691752,0,0.00709124,1.46729,1.04306,1.11696,0.115911,-0.252881,0,0.27818
97,1.34517,3.79704,0.108869,0.0480231,-0.177435,0,0.183819,0.00056,-0.00417316,0,0.00421057,1.51379,1.14686,1.12535,0.0357003,-0.131905,0,0.136651
98,1.34952,3.80572,0.00511058,-0.00115271,0.00859006,0,0.00866705,6e-05,-0.00137533,0,0.00137664,1.52228,1.1658,1.12801,-0.000854158,0.00636525,0,0.0064223
99,1.33551,3.76835,0.084459,0,0.141647,0,0.141647,0,0,0,0,1.50433,1.12575,1.12641,0,0.106062,0,0.106062
100,1.33409,3.77033,0.164898,0.0366684,0.273255,0,0.275705,6e-05,0.00137533,0,0.00137664,1.49674,1.10879,1.12192,0.0274857,0.204825,0,0.206661
101,1.304,3.70088,0.285244,0.121135,0.447568,0,0.463671,0.00056,0.00417316,0,0.00421057,1.44738,0.998612,1.10995,0.0928949,0.343228,0,0.355576
102,1.24087,3.54456,0.408702,0.261227,0.569915,0,0.626931,0.00156,0.00691752,0,0.00709124,1.35447,0.791235,1.09155,0.210519,0.459286,0,0.505235
103,1.1836,3.40523,0.515682,0.407919,0.626273,0,0.747406,0.00305,0.00960557,0,0.0100782,1.2677,0.597543,1.07105,0.344642,0.529125,0,0.631468
104,1.12527,3.26142,0.610694,0.539348,0.63491,0,0.83307,0.00504,0.0122603,0,0.0132558,1.18122,0.404505,1.04972,0.479305,0.564228,0,0.740328
105,1.07154,3.12748,0.692176,0.646039,0.61271,0,0.890382,0.00752,0.0148676,0,0.0166612,1.10302,0.229957,1.02938,0.602907,0.571804,0,0.830937
106,1.02434,3.00864,0.761015,0.727834,0.574724,0,0.927388,0.01049,0.0174292,0,0.0203425,1.03553,0.0793124,1.01092,0.710537,0.561066,0,0.905349
107,0.983795,2.90566,0.819196,0.789061,0.530777,0,0.950969,0.01395,0.0199449,0,0.0243393,0.978418,-0.0481752,0.994534,0.802058,0.53952,0,0.966633
108,0.949129,2.81692,0.868483,0.834246,0.486232,0,0.965602,0.0179,0.0224136,0,0.0286842,0.930296,-0.15559,0.980158,0.87896,0.512293,0,1.01736
109,0.919398,2.74027,0.910612,0.867571,0.443601,0,0.974403,0.02232,0.0248233,0,0.0333823,0.889568,-0.246499,0.967555,0.943629,0.48249,0,1.05983
110,0.893828,2.67394,0.946896,0.892104,0.404206,0,0.979404,0.02723,0.0271842,0,0.0384767,0.854942,-0.323789,0.956495,0.998071,0.452219,0,1.09574
111,0.871607,2.61597,0.978459,0.910215,0.368139,0,0.981844,0.0326,0.0294811,0,0.0439533,0.825184,-0.390214,0.946739,1.0443,0.422368,0,1.12648
112,0.852089,2.56481,1.0063,0.923591,0.335444,0,0.982621,0.03844,0.0317181,0,0.0498365,0.799293,-0.448007,0.938039,1.08391,0.393672,0,1.15319
113,0.834733,2.51911,1.03117,0.933449,0.305804,0,0.982264,0.04474,0.0338903,0,0.0561268,0.776469,-0.498954,0.9302,1.11826,0.366349,0,1.17674
114,0.81923,2.47811,1.05343,0.940617,0.278886,0,0.98109,0.05149,0.0359934,0,0.0628231,0.756258,-0.544066,0.923133,1.14817,0.340425,0,1.19758
115,0.805339,2.44124,1.07345,0.945758,0.254396,0,0.979375,0.05869,0.0380264,0,0.0699323,0.73829,-0.584173,0.916745,1.17436,0.315887,0,1.2161
116,0.792696,2.40756,1.09175,0.949344,0.232032,0,0.977289,0.06633,0.0399851,0,0.0774499,0.72205,-0.620424,0.910879,1.19761,0.292712,0,1.23287
117,0.780899,2.37602,1.10883,0.951631,0.211505,0,0.974852,0.0744,0.0418661,0,0.0853705,0.707013,-0.653989,0.905384,1.21864,0.270849,0,1.24837
118,0.769774,2.3462,1.12506,0.952933,0.192622,0,0.972206,0.0829,0.0436679,0,0.0936979,0.692907,-0.685475,0.900144,1.23794,0.250232,0,1.26298
119,0.759251,2.31793,1.14051,0.953423,0.175164,0,0.96938,0.09181,0.0453853,0,0.102415,0.679639,-0.715092,0.895144,1.25574,0.230706,0,1.27676
120,0.74941,2.29141,1.15499,0.953253,0.158979,0,0.966419,0.10113,0.0470172,0,0.111525,0.667308,-0.742615,0.890445,1.272,0.212139,0,1.28957
121,0.740413,2.2671,1.16831,0.952666,0.143944,0,0.963479,0.11085,0.0485607,0,0.12102,0.656092,-0.767653,0.886115,1.28667,0.19441,0,1.30127
122,0.732213,2.24491,1.18055,0.951792,0.129926,0,0.960619,0.12095,0.0500119,0,0.130882,0.645909,-0.790382,0.882133,1.29988,0.177443,0,1.31194
123,0.724352,2.22355,1.19214,0.950428,0.116802,0,0.957579,0.13144,0.0513713,0,0.141122,0.636239,-0.811967,0.878355,1.31211,0.16125,0,1.32198
124,0.716542,2.20231,1.20387,0.948755,0.10449,0,0.954491,0.14229,0.0526344,0,0.151713,0.626634,-0.833406,0.874526,1.32407,0.145825,0,1.33208
125,0.708777,2.18115,1.21553,0.946668,0.092905,0,0.951216,0.15349,0.0537998,0,0.162646,0.617144,-0.85459,0.870716,1.33564,0.131078,0,1.34205
126,0.701582,2.16153,1.22652,0.944554,0.0820182,0,0.948108,0.16504,0.0548671,0,0.173921,0.608359,-0.874198,0.867125,1.34632,0.116905,0,1.35139
127,0.694989,2.14347,1.23644,0.942295,0.0717548,0,0.945023,0.17693,0.0558351,0,0.185531,0.600385,-0.891997,0.863878,1.35584,0.103246,0,1.35977
128,0.688823,2.12658,1.24589,0.940057,0.062074,0,0.942104,0.18914,0.0567023,0,0.197457,0.59293,-0.908639,0.860787,1.36473,0.090116,0,1.3677
129,0.682693,2.10974,1.25522,0.937548,0.0529177,0,0.93904,0.20166,0.0574681,0,0.209689,0.585569,-0.92507,0.857733,1.37331,0.0775132,0,1.37549
130,0.676689,2.09325,1.26454,0.934976,0.0442574,0,0.936023,0.21447,0.058132,0,0.222209,0.578353,-0.941177,0.85468,1.38169,0.0654028,0,1.38324
131,0.670991,2.07756,1.27331,0.932309,0.0360626,0,0.933007,0.22757,0.0586946,0,0.235017,0.571555,-0.956351,0.851807,1.38945,0.0537453,0,1.39049
132,0.665894,2.06352,1.28131,0.929875,0.0283099,0,0.930305,0.24094,0.0591559,0,0.248096,0.565467,-0.969941,0.849184,1.39643,0.0425141,0,1.39708
133,0.661344,2.05096,1.28841,0.927558,0.0209652,0,0.927795,0.25457,0.0595166,0,0.261435,0.560065,-0.981997,0.846859,1.40253,0.0317009,0,1.40289
134,0.657283,2.03975,1.29485,0.925445,0.0140066,0,0.925551,0.26845,0.0597777,0,0.275025,0.555239,-0.992769,0.844749,1.40798,0.0213098,0,1.40815
135,0.653511,2.02932,1.30081,0.923376,0.00740275,0,0.923406,0.28255,0.0599401,0,0.288838,0.550777,-1.00273,0.842796,1.41295,0.0113277,0,1.41299
136,0.649907,2.01934,1.3065,0.921309,0.00113678,0,0.92131,0.29687,0.0600055,0,0.302874,0.546527,-1.01222,0.840931,1.4176,0.00174914,0,1.4176
137,0.646435,2.00973,1.31206,0.919276,-0.00480879,0,0.919289,0.3114,0.0599757,0,0.317123,0.542431,-1.02136,0.839111,1.42207,-0.00743893,0,1.42209
138,0.642991,2.00016,1.31746,0.917128,-0.0104506,0,0.917187,0.32611,0.0598525,0,0.331557,0.538403,-1.03035,0.837341,1.42635,-0.016253,0,1.42644
139,0.639623,1.99082,1.32288,0.915026,-0.0158037,0,0.915162,0.34099,0.0596385,0,0.346166,0.534448,-1.03918,0.835568,1.43057,-0.0247078,0,1.43078
140,0.636315,1.98163,1.3282,0.912898,-0.0208793,0,0.913137,0.35604,0.0593356,0,0.36095,0.530576,-1.04782,0.833826,1.43466,-0.0328129,0,1.43504
141,0.633263,1.97315,1.33313,0.910888,-0.0256962,0,0.91125,0.37123,0.0589468,0,0.375881,0.527007,-1.05579,0.832209,1.4384,-0.0405775,0,1.43898
142,0.630546,1.96558,1.33746,0.909005,-0.0302687,0,0.909509,0.38654,0.0584752,0,0.390938,0.523854,-1.06283,0.830794,1.44162,-0.0480039,0,1.44241
143,0.62808,1.95871,1.34143,0.907269,-0.0346099,0,0.907929,0.40197,0.0579232,0,0.406122,0.520989,-1.06922,0.829495,1.44451,-0.0551043,0,1.44556
144,0.625638,1.95189,1.34533,0.905505,-0.0387275,0,0.906332,0.4175,0.0572942,0,0.421413,0.518164,-1.07553,0.828217,1.44733,-0.0619008,0,1.44865
145,0.623152,1.94496,1.34936,0.903711,-0.0426307,0,0.904716,0.43311,0.0565914,0,0.436792,0.515282,-1.08196,0.826897,1.45023,-0.0684114,0,1.45184
146,0.620642,1.93793,1.35333,0.901824,-0.046328,0,0.903014,0.44878,0.0558186,0,0.452238,0.5124,-1.08839,0.825598,1.45305,-0.0746454,0,1.45497
147,0.618365,1.9316,1.35718,0.900194,-0.0498459,0,0.901573,0.46451,0.0549784,0,0.467752,0.509743,-1.09432,0.824339,1.45576,-0.0806092,0,1.45799
148,0.616229,1.92558,1.3604,0.898441,-0.0531778,0,0.900013,0.48027,0.0540749,0,0.483305,0.507334,-1.0997,0.823287,1.45797,-0.0862954,0,1.46052
149,0.614623,1.92114,1.36328,0.897283,-0.0563761,0,0.899052,0.49605,0.0531115,0,0.498885,0.505433,-1.10394,0.822346,1.45989,-0.0917247,0,1.46277
150,0.613138,1.91693,1.36547,0.895962,-0.059406,0,0.897929,0.51184,0.0520914,0,0.514484,0.503773,-1.10765,0.82163,1.46127,-0.0968884,0,1.46448
151,0.61184,1.91334,1.36781,0.894982,-0.0623121,0,0.897148,0.52761,0.051019,0,0.530071,0.502237,-1.11108,0.820863,1.46277,-0.101844,0,1.46631
152,0.610866,1.91068,1.36975,0.894274,-0.0650992,0,0.896641,0.54336,0.0498968,0,0.545646,0.501051,-1.11373,0.820231,1.46395,-0.106569,0,1.46782
153,0.6119,1.9136,1.36815,0.89483,-0.0678566,0,0.897399,0.55906,0.0487296,0,0.56118,0.502219,-1.11112,0.820753,1.46238,-0.110895,0,1.46658
154,0.611931,1.91273,1.36332,0.892371,-0.0702644,0,0.895133,0.57471,0.0475195,0,0.576671,0.503211,-1.1089,0.822333,1.45829,-0.114824,0,1.4628
155,0.612337,1.91672,1.37693,0.899238,-0.0733129,0,0.902222,0.59028,0.0462713,0,0.592091,0.500821,-1.11424,0.817884,1.46853,-0.119726,0,1.47341
156,0.609406,1.90352,1.35673,0.885159,-0.0745352,0,0.888292,0.60576,0.0449881,0,0.607428,0.502448,-1.11061,0.824488,1.45249,-0.122308,0,1.45763
157,0.671906,2.06422,1.19972,0.889296,-0.0771738,0,0.892639,0.62113,0.0436736,0,0.622663,0.588509,-0.918507,0.87588,1.32354,-0.114858,0,1.32852
158,0.884226,2.62061,0.854335,0.883287,-0.078844,0,0.886799,0.63638,0.0423308,0,0.637786,0.870368,-0.289358,0.984327,0.998938,-0.0891672,0,1.00291
159,0.997735,2.92456,0.739295,0.876418,-0.0803296,0,0.880091,0.6515,0.0409627,0,0.652786,1.01456,0.0324975,1.01686,0.878407,-0.080512,0,0.882089
160,0.994653,2.91759,0.746926,0.88164,-0.0828496,0,0.885524,0.66647,0.0395729,0,0.667644,1.00936,0.0208953,1.01479,0.88638,-0.083295,0,0.890285
161,0.984213,2.89013,0.758648,0.884487,-0.0851008,0,0.888572,0.68127,0.0381652,0,0.682338,0.995605,-0.00980952,1.01157,0.898674,-0.0864658,0,0.902824
162,0.984818,2.89162,0.757597,0.883746,-0.0869527,0,0.888013,0.69589,0.0367423,0,0.696859,0.996502,-0.00780737,1.01186,0.897369,-0.0882931,0,0.901702
163,0.986537,2.89612,0.755587,0.882996,-0.0887463,0,0.887444,0.71032,0.0353069,0,0.711197,0.998786,-0.00270977,1.01242,0.895046,-0.0899574,0,0.899556
164,0.986872,2.8969,0.754837,0.882327,-0.0904966,0,0.886956,0.72453,0.0338638,0,0.725321,0.999329,-0.00149775,1.01262,0.894064,-0.0917005,0,0.898755
165,0.987731,2.89904,0.75345,0.881456,-0.0921782,0,0.886263,0.73852,0.0324145,0,0.739231,1.00057,0.00128098,1.013,0.892405,-0.0933232,0,0.897272
166,0.989272,2.90293,0.751095,0.880172,-0.0937709,0,0.885153,0.75228,0.0309618,0,0.752917,1.00277,0.00619159,1.01365,0.889717,-0.0947878,0,0.894751
167,0.991196,2.90782,0.748296,0.87875,-0.0953062,0,0.883903,0.76578,0.0295103,0,0.766348,1.00548,0.0122382,1.01441,0.886555,-0.0961527,0,0.891754
168,0.993342,2.91325,0.745102,0.877091,-0.0967749,0,0.882413,0.77901,0.0280628,0,0.779515,1.00852,0.0190278,1.01528,0.88297,-0.0974235,0,0.888328
169,0.995749,2.91934,0.741547,0.87526,-0.0981852,0,0.88075,0.79197,0.0266206,0,0.792417,1.01193,0.0266307,1.01625,0.878997,-0.0986044,0,0.884511
170,0.998372,2.92599,0.737679,0.873263,-0.0995398,0,0.878918,0.80464,0.0251876,0,0.805034,1.01564,0.0349185,1.0173,0.874687,-0.0997021,0,0.880351
171,1.00118,2.93309,0.7335,0.871068,-0.100834,0,0.876885,0.81701,0.0237664,0,0.817356,1.01963,0.0438253,1.01843,0.870039,-0.100715,0,0.875849
172,1.00416,2.9406,0.729041,0.868682,-0.10207,0,0.874658,0.82905,0.022362,0,0.829352,1.02387,0.0532759,1.01963,0.865087,-0.101647,0,0.871038
173,1.00731,2.94857,0.724349,0.866166,-0.103253,0,0.872299,0.84077,0.0209746,0,0.841032,1.02835,0.0632883,1.02089,0.859879,-0.102504,0,0.865967
174,1.01061,2.95687,0.71938,0.863426,-0.104372,0,0.869711,0.85216,0.0196071,0,0.852386,1.03306,0.073787,1.02222,0.854365,-0.103277,0,0.860585
175,1.01406,2.96558,0.714185,0.860532,-0.105435,0,0.866967,0.86318,0.0182657,0,0.863373,1.03799,0.0847949,1.0236,0.848602,-0.103973,0,0.854948
176,1.01764,2.97457,0.708743,0.857422,-0.106431,0,0.864002,0.87385,0.0169496,0,0.874014,1.04312,0.0962388,1.02504,0.842563,-0.104587,0,0.849029
177,1.02136,2.98394,0.703079,0.854142,-0.107366,0,0.860864,0.88415,0.0156627,0,0.884289,1.04846,0.108172,1.02653,0.836276,-0.10512,0,0.842857
178,1.02522,2.99361,0.697179,0.850646,-0.10823,0,0.857503,0.89406,0.0144092,0,0.894176,1.054,0.120534,1.02808,0.829724,-0.105568,0,0.836413
179,1.02921,3.00364,0.691052,0.846954,-0.109024,0,0.853942,0.90358,0.0131906,0,0.903676,1.05975,0.13337,1.02967,0.822916,-0.10593,0,0.829706
180,1.03334,3.01399,0.684681,0.843033,-0.109741,0,0.850146,0.9127,0.0120097,0,0.912779,1.06571,0.146671,1.03132,0.815832,-0.1062,0,0.822715
181,1.03761,3.02467,0.678058,0.838871,-0.110377,0,0.846101,0.9214,0.0108709,0,0.921464,1.07188,0.160451,1.03303,0.808462,-0.106376,0,0.81543
182,1.04204,3.03573,0.671177,0.83446,-0.110926,0,0.8418,0.92969,0.00977422,0,0.929741,1.07828,0.174742,1.03479,0.800798,-0.106451,0,0.807842
183,1.04661,3.04716,0.664017,0.82977,-0.111383,0,0.837213,0.93754,0.00872535,0,0.937581,1.08492,0.189561,1.03661,0.792815,-0.106423,0,0.799926
184,1.05136,3.059,0.656555,0.824777,-0.111741,0,0.832312,0.94496,0.00772447,0,0.944992,1.09182,0.204957,1.03849,0.784487,-0.106283,0,0.791654
185,1.05629,3.07129,0.648757,0.81944,-0.111992,0,0.827057,0.95194,0.00677443,0,0.951964,1.099,0.220981,1.04044,0.775773,-0.106024,0,0.782985
186,1.06142,3.08407,0.640598,0.813735,-0.112128,0,0.821424,0.95847,0.00587808,0,0.958488,1.10649,0.237697,1.04246,0.766646,-0.105639,0,0.77389
187,1.06677,3.09736,0.632021,0.807585,-0.112136,0,0.815333,0.96454,0.00503823,0,0.964553,1.11431,0.255166,1.04457,0.757036,-0.105117,0,0.764299
188,1.07239,3.11131,0.622981,0.800958,-0.112008,0,0.808752,0.97015,0.00425627,0,0.970159,1.12254,0.273522,1.04677,0.746893,-0.104447,0,0.75416
189,1.07829,3.12594,0.613383,0.793733,-0.111725,0,0.801558,0.97528,0.00353632,0,0.975286,1.13121,0.292875,1.04908,0.736104,-0.103613,0,0.74336
190,1.08456,3.14147,0.603113,0.785804,-0.111268,0,0.793642,0.97995,0.00287683,0,0.979954,1.14044,0.313474,1.05152,0.724537,-0.102593,0,0.731764
191,1.09129,3.15812,0.592001,0.776993,-0.110613,0,0.784827,0.98413,0.00228318,0,0.984133,1.15036,0.335629,1.05413,0.711995,-0.101359,0,0.719173
192,1.09858,3.17609,0.579768,0.766974,-0.109706,0,0.77478,0.98784,0.00175361,0,0.987842,1.16115,0.359716,1.05696,0.698152,-0.0998616,0,0.705258
193,1.10679,3.19639,0.566116,0.755555,-0.108521,0,0.763309,0.99105,0.00129336,0,0.991051,1.17327,0.386761,1.06007,0.682657,-0.098051,0,0.689663
194,1.11586,3.2185,0.549656,0.740829,-0.106781,0,0.748485,0.99378,0.000900437,0,0.99378,1.18699,0.41738,1.06374,0.663908,-0.0956941,0,0.670769
195,1.12795,3.24856,0.530048,0.723546,-0.104592,0,0.731067,0.99602,0.000576998,0,0.99602,1.20466,0.456829,1.06801,0.641469,-0.0927274,0,0.648136
196,1.14535,3.29177,0.501285,0.696766,-0.100948,0,0.704041,0.99776,0.000325111,0,0.99776,1.23015,0.513734,1.07404,0.608342,-0.0881372,0,0.614693
197,1.15745,3.31526,0.451696,0.637326,-0.0924857,0,0.644002,0.999,0.000145254,0,0.999,1.25444,0.567944,1.08379,0.550628,-0.0799044,0,0.556395
198,1.27463,3.63603,0.385591,0.602333,-0.0874922,0,0.608654,0.99975,3.6329e-05,0,0.99975,1.39629,0.884566,1.09544,0.472555,-0.0686412,0,0.477514
199,1.18638,3.34568,0.0129161,0,0.0192562,0,0.0192562,1,0,0,1,1.33821,0.754934,1.12798,0,0.0162311,0,0.0162311
200,0.99899,2.94508,0.799747,0.945201,0.0180153,0,0.945373,19.8423,2.50666,0,20,0.999107,-0.00199332,1.00012,0.946157,0.0180335,0,0.946328
201,0.999688,2.94722,0.800531,0.946658,0.0181754,0,0.946832,19.3717,4.9738,0,20,0.999532,-0.00104469,0.999844,0.946953,0.0181811,0,0.947128
202,0.999736,2.9474,0.800538,0.946712,0.0184418,0,0.946892,18.5955,7.36249,0,20,0.999593,-0.000908494,0.999856,0.946962,0.0184467,0,0.947142
203,0.999603,2.94706,0.800599,0.946654,0.0184605,0,0.946834,17.5261,9.63507,0,20,0.999454,-0.00121913,0.999851,0.94703,0.0184678,0,0.94721
204,0.999504,2.94683,0.800779,0.94675,0.0184731,0,0.94693,16.1803,11.7557,0,20,0.999306,-0.00154927,0.999802,0.94722,0.0184822,0,0.947401
205,0.99938,2.94651,0.800953,0.946815,0.0184652,0,0.946995,14.5794,13.6909,0,20,0.999131,-0.00193949,0.999751,0.947402,0.0184766,0,0.947582
206,0.999234,2.94607,0.801106,0.946829,0.0184562,0,0.947009,12.7485,15.4103,0,20,0.998925,-0.0023986,0.999691,0.947554,0.0184703,0,0.947734
207,0.999053,2.9455,0.801256,0.946803,0.0184492,0,0.946983,10.7165,16.8866,0,20,0.998676,-0.00295625,0.999622,0.9477,0.0184667,0,0.94788
208,0.998857,2.94484,0.80138,0.946728,0.0184716,0,0.946908,8.51559,18.0965,0,20,0.998406,-0.00355856,0.999548,0.947811,0.0184928,0,0.947991
209,0.998722,2.94437,0.801456,0.946663,0.0185071,0,0.946844,6.18034,19.0211,0,20,0.998216,-0.00398175,0.999493,0.947874,0.0185308,0,0.948055
210,0.998652,2.94407,0.801475,0.946595,0.0187097,0,0.94678,3.74763,19.6458,0,20,0.998106,-0.00422844,0.999453,0.947873,0.0187349,0,0.948058
211,0.998731,2.94421,0.801311,0.946486,0.0190471,0,0.946677,1.25581,19.9605,0,20,0.998218,-0.00397663,0.999487,0.947689,0.0190713,0,0.94788
212,0.998923,2.94459,0.800917,0.946234,0.0194253,0,0.946433,-1.25581,19.9605,0,20,0.998494,-0.00336143,0.999571,0.947254,0.0194463,0,0.947454
213,0.999282,2.94561,0.8005,0.946143,0.0198379,0,0.946351,-3.74763,19.6457,0,20,0.998999,-0.00223524,0.999716,0.946822,0.0198521,0,0.94703
214,0.999584,2.94659,0.800267,0.946203,0.0201738,0,0.946418,-6.18034,19.0211,0,20,0.999421,-0.00129183,0.999837,0.946596,0.0201822,0,0.946812
215,0.999831,2.94748,0.800169,0.946358,0.0204687,0,0.946579,-8.51559,18.0965,0,20,0.999761,-0.000534122,0.999929,0.946518,0.0204722,0,0.946739
216,0.999973,2.94793,0.800036,0.946361,0.0206077,0,0.946586,-10.7165,16.8866,0,20,0.999964,-8.02091e-05,0.999991,0.946387,0.0206082,0,0.946611
217,1.00006,2.94821,0.79995,0.946361,0.0206992,0,0.946587,-12.7485,15.4103,0,20,1.00009,0.000205056,1.00003,0.9463,0.0206979,0,0.946526
218,1.00013,2.9484,0.799892,0.946361,0.0207409,0,0.946588,-14.5794,13.6909,0,20,1.00018,0.00039196,1.00005,0.946242,0.0207383,0,0.946469
219,1.00015,2.94847,0.79985,0.946343,0.0207506,0,0.946571,-16.1803,11.7557,0,20,1.00022,0.000485328,1.00006,0.946197,0.0207474,0,0.946424
220,1.00017,2.94852,0.799821,0.946332,0.0207459,0,0.946559,-17.5261,9.63507,0,20,1.00024,0.000543014,1.00007,0.946167,0.0207423,0,0.946394
221,1.00018,2.94853,0.799802,0.946319,0.0207287,0,0.946546,-18.5955,7.36249,0,20,1.00026,0.000572275,1.00007,0.946146,0.0207249,0,0.946373
222,1.00019,2.94855,0.799786,0.94631,0.0207061,0,0.946536,-19.3717,4.9738,0,20,1.00027,0.000596984,1.00008,0.946129,0.0207022,0,0.946355
223,1.0002,2.94857,0.79977,0.946302,0.020679,0,0.946528,-19.8423,2.50666,0,20,1.00028,0.000625952,1.00008,0.946112,0.0206749,0,0.946338
224,1.00021,2.94859,0.799758,0.946297,0.020653,0,0.946523,-20,0,0,20,1.00029,0.000650451,1.00008,0.946101,0.0206487,0,0.946326
225,1.00022,2.94862,0.79975,0.946301,0.020616,0,0.946525,-19.8423,-2.50667,0,20,1.00031,0.000683016,1.00009,0.946093,0.0206115,0,0.946318
226,1.00024,2.94868,0.799728,0.946298,0.0205854,0,0.946522,-19.3717,-4.9738,0,20,1.00033,0.000745273,1.0001,0.946072,0.0205805,0,0.946296
227,1.00026,2.94876,0.799712,0.946307,0.0205415,0,0.94653,-18.5955,-7.36249,0,20,1.00037,0.000819134,1.0001,0.946059,0.0205361,0,0.946282
228,1.0003,2.94888,0.799694,0.946325,0.0204771,0,0.946547,-17.5261,-9.63508,0,20,1.00041,0.000922364,1.00012,0.946045,0.0204711,0,0.946267
229,1.00035,2.94905,0.799672,0.946357,0.020404,0,0.946577,-16.1803,-11.7557,0,20,1.00048,0.00107649,1.00014,0.946029,0.020397,0,0.946249
230,1.0004,2.94925,0.799639,0.946384,0.0203196,0,0.946602,-14.5794,-13.6909,0,20,1.00056,0.00125485,1.00016,0.946003,0.0203114,0,0.946221
231,1.0005,2.94959,0.799604,0.946451,0.0202046,0,0.946666,-12.7485,-15.4103,0,20,1.00069,0.00154338,1.00019,0.945981,0.0201946,0,0.946196
232,1.00059,2.94993,0.799555,0.946502,0.0200655,0,0.946715,-10.7165,-16.8866,0,20,1.00082,0.00184089,1.00024,0.945946,0.0200537,0,0.946158
233,1.00075,2.95056,0.799539,0.946664,0.0198652,0,0.946873,-8.51558,-18.0965,0,20,1.00104,0.0023266,1.0003,0.945959,0.0198504,0,0.946168
234,1.00089,2.95109,0.799463,0.946748,0.0196695,0,0.946952,-6.18034,-19.0211,0,20,1.00125,0.00279421,1.00036,0.945903,0.019652,0,0.946107
235,1.00108,2.95176,0.799375,0.94686,0.0194461,0,0.94706,-3.74762,-19.6458,0,20,1.00151,0.00338095,1.00044,0.945841,0.0194251,0,0.94604
236,1.00127,2.95255,0.799365,0.947074,0.0191771,0,0.947268,-1.25581,-19.9605,0,20,1.00179,0.00398764,1.00051,0.945869,0.0191528,0,0.946063
237,1.00136,2.95266,0.799157,0.946926,0.0190033,0,0.947117,1.25581,-19.9605,0,20,1.0019,0.00424795,1.00055,0.945643,0.0189775,0,0.945833
238,1.00139,2.95269,0.799092,0.946881,0.0188676,0,0.947069,3.74763,-19.6457,0,20,1.00194,0.00432559,1.00055,0.945571,0.0188415,0,0.945759
239,1.00129,2.95225,0.799057,0.94673,0.0187774,0,0.946916,6.18034,-19.0211,0,20,1.0018,0.00402236,1.00052,0.945515,0.0187533,0,0.9457
240,1.00117,2.9518,0.799079,0.946624,0.0187429,0,0.94681,8.51559,-18.0965,0,20,1.00164,0.00365726,1.00047,0.945518,0.018721,0,0.945704
241,1.001,2.95113,0.799118,0.946476,0.0187417,0,0.946661,10.7165,-16.8866,0,20,1.0014,0.00311898,1.0004,0.945532,0.018723,0,0.945718
242,1.00084,2.95055,0.799191,0.94638,0.0187568,0,0.946566,12.7485,-15.4103,0,20,1.00117,0.00261798,1.00033,0.945588,0.0187411,0,0.945774
243,1.00068,2.95,0.799281,0.946307,0.0187811,0,0.946493,14.5794,-13.6909,0,20,1.00095,0.00212298,1.00027,0.945665,0.0187683,0,0.945851
244,1.00054,2.94954,0.799416,0.946301,0.0188219,0,0.946488,16.1803,-11.7557,0,20,1.00075,0.00166303,1.00021,0.945793,0.0188118,0,0.94598
245,1.00037,2.94905,0.79956,0.946285,0.018873,0,0.946473,17.5261,-9.63507,0,20,1.00052,0.00116626,1.00015,0.945937,0.0188661,0,0.946125
246,1.00023,2.94867,0.799716,0.946318,0.0189134,0,0.946507,18.5955,-7.36249,0,20,1.00034,0.000750997,1.0001,0.946096,0.018909,0,0.946285
247,1.00023,2.9487,0.800019,0.946622,0.0191611,0,0.946816,19.3717,-4.97379,0,20,1.00023,0.000517126,0.999997,0.9464,0.0191566,0,0.946593
248,0.999494,2.94653,0.799951,0.945847,0.0194589,0,0.946047,19.8423,-2.50666,0,20,0.999519,-0.00107343,1.00003,0.946326,0.0194687,0,0.946527
249,0.998514,2.9436,0.799164,0.944135,0.0189049,0,0.944324,20,0,0,20,0.998824,-0.00262609,1.00031,0.945541,0.018933,0,0.94573
250,0.944091,2.80372,0.874738,0.937181,-0.236165,0,0.96648,0.0607185,-0.045993,0,0.0761714,0.923608,-0.170518,0.978304,0.992681,-0.250151,0,1.02371
251,0.952691,2.82614,0.863692,0.960569,0.0878285,0,0.964576,0.660258,-0.0539792,0,0.662461,0.935136,-0.144786,0.981573,1.00827,0.09219,0,1.01247
252,0.628525,1.95934,1.33775,0.905889,-0.03934,0,0.906743,0.425946,0.0712317,0,0.431861,0.522113,-1.06671,0.830696,1.44129,-0.062591,0,1.44265
253,0.986636,2.89843,0.763029,0.891185,-0.0864482,0,0.895368,0.689889,0.050848,0,0.691761,0.996864,-0.0069989,1.01037,0.903256,-0.0876191,0,0.907496
254,0.877408,2.6309,0.969365,0.980192,0.0299966,0,0.980651,0.379315,-0.0727312,0,0.386225,0.833153,-0.372425,0.949562,1.11715,0.0341877,0,1.11767
255,1.14187,3.2836,0.509161,0.711872,0.0270418,0,0.712385,0.99946,-0.000720226,0,0.999461,1.22455,0.501231,1.07241,0.623429,0.0236822,0,0.623878
256,1.16598,3.36631,0.56219,0.793898,0.0891738,0,0.79889,0.998544,-0.00131242,0,0.998545,1.23705,0.529132,1.06095,0.680884,0.0764796,0,0.685165
257,0.985748,2.91089,0.817291,0.945453,0.10165,0,0.950902,0.773724,-0.0409097,0,0.774804,0.980899,-0.042636,0.995081,0.959123,0.103119,0,0.96465
258,0.961134,2.84785,0.85188,0.957129,0.0917028,0,0.961512,0.689889,-0.050848,0,0.691761,0.946762,-0.118834,0.985047,0.995833,0.095411,0,1.00039
259,1.28434,3.65228,0.327219,0.292115,0.433293,0,0.522565,-0.00145677,0.0064646,0,0.00662671,1.41839,0.933899,1.10437,0.227443,0.337365,0,0.406873
260,0.977625,2.89013,0.828739,0.949588,0.0985753,0,0.954691,0.746728,-0.0442898,0,0.748041,0.969593,-0.0678737,0.991784,0.971321,0.100831,0,0.976541
261,0.61328,1.91676,1.3624,0.893859,-0.0709087,0,0.896668,0.58364,0.0611585,0,0.586835,0.504504,-1.10602,0.822632,1.45751,-0.115622,0,1.46208
262,1.12233,3.25463,0.617172,0.832036,0.108526,0,0.839084,0.99277,-0.00357773,0,0.992777,1.17639,0.393724,1.04817,0.741348,0.0966975,0,0.747627
263,1.11337,3.23236,0.630894,0.842187,0.111577,0,0.849545,0.989865,-0.00445037,0,0.989875,1.1633,0.364506,1.04484,0.756428,0.100215,0,0.763037
264,0.603098,1.88851,1.38053,0.887458,-0.0709418,0,0.890289,0.599193,0.0598092,0,0.60217,0.492556,-1.13269,0.81671,1.4715,-0.117629,0,1.47619
265,0.969425,2.86913,0.840266,0.953483,0.0952701,0,0.958231,0.718753,-0.0476066,0,0.720327,0.958218,-0.0932642,0.98844,0.983556,0.0982748,0,0.988453
266,1.33932,3.78263,0.137601,0.140767,0.183352,0,0.231156,-0.00159762,0.000767199,0,0.00177228,1.50507,1.1274,1.12376,0.105104,0.136899,0,0.172593
267,1.10538,3.21249,0.643219,0.851131,0.113549,0,0.858672,0.986467,-0.00539479,0,0.986482,1.15159,0.338375,1.04181,0.769993,0.102725,0,0.776815
268,1.09801,3.19414,0.654398,0.858953,0.114976,0,0.866614,0.982587,-0.00639898,0,0.982608,1.14086,0.314422,1.03903,0.782282,0.104713,0,0.789259
269,1.33015,3.76011,0.174093,0.220247,-0.188855,0,0.290129,-0.00145677,-0.0064646,0,0.00662671,1.49139,1.09685,1.12122,0.165581,-0.14198,0,0.218118
270,0.948391,2.81507,0.869709,0.962221,0.085757,0,0.966035,0.645195,-0.0554961,0,0.647577,0.929229,-0.157972,0.979795,1.01458,0.0904237,0,1.0186
271,1.0021,2.95257,0.79416,0.936314,0.10711,0,0.94242,0.824322,-0.0340998,0,0.825027,1.00377,0.00841701,1.00167,0.934353,0.106886,0,0.940446
272,0.993873,2.93163,0.805829,0.941066,0.10449,0,0.946849,0.799616,-0.0375125,0,0.800495,0.992241,-0.0173195,0.998358,0.946867,0.105135,0,0.952686
273,0.643351,2.00056,1.31403,0.915774,-0.0166521,0,0.915926,0.34879,0.0732609,0,0.356401,0.539428,-1.02806,0.838465,1.42344,-0.0258833,0,1.42368
274,1.01045,2.97381,0.782282,0.931205,0.109511,0,0.937622,0.847711,-0.0307191,0,0.848268,1.01551,0.0346306,1.00501,0.921573,0.108378,0,0.927924
275,0.671209,2.07752,1.27009,0.931143,0.0268151,0,0.931529,0.247426,0.0718216,0,0.257639,0.572448,-0.954358,0.85286,1.38726,0.0399505,0,1.38784
276,1.01899,2.99548,0.770103,0.925688,0.111669,0,0.932399,0.869723,-0.0273813,0,0.870154,1.02756,0.0615175,1.00841,0.908435,0.109587,0,0.915021
277,1.0391,3.04686,0.742984,0.757414,0.523468,0,0.920703,0.00991619,0.021852,0,0.0239967,1.05559,0.124075,1.01586,0.72891,0.503769,0,0.886054
278,1.02778,3.01774,0.757517,0.919681,0.113557,0,0.926665,0.890251,-0.0241172,0,0.890577,1.04,0.0892817,1.01189,0.894822,0.110488,0,0.901617
279,0.916435,2.73225,0.913544,0.953255,-0.199676,0,0.973944,0.0770029,-0.0505444,0,0.0921096,0.885888,-0.254713,0.966668,1.04018,-0.217883,0,1.06275
280,1.03691,3.04082,0.744404,0.913105,0.115144,0,0.920337,0.909221,-0.0209531,0,0.909462,1.05295,0.118197,1.01547,0.880605,0.111046,0,0.887579
281,1.34661,3.80016,0.093972,0.153794,-0.0398897,0,0.158883,-0.00194458,-0.00319037,0,0.00373629,1.51632,1.15249,1.12603,0.114209,-0.0296224,0,0.117988
282,1.05645,3.09007,0.716067,0.89775,0.117193,0,0.905366,0.942166,-0.0150208,0,0.942286,1.08085,0.180469,1.0231,0.849781,0.110931,0,0.856991
283,1.04643,3.06485,0.730629,0.905832,0.116376,0,0.913277,0.926551,-0.0179118,0,0.926724,1.06653,0.148497,1.0192,0.865638,0.111212,0,0.872753
284,1.09142,3.17749,0.663574,0.77756,-0.395843,0,0.87252,0.0178968,-0.0276628,0,0.0329473,1.13149,0.29351,1.03672,0.71243,-0.362686,0,0.799436
285,0.879305,2.63563,0.965824,0.978768,0.0437862,0,0.979747,0.425946,-0.0712317,0,0.431861,0.835919,-0.366253,0.950659,1.11312,0.0497964,0,1.11423
286,1.0147,2.98458,0.776236,0.928502,0.110626,0,0.935069,0.858899,-0.0290406,0,0.859389,1.02149,0.0479797,1.0067,0.915055,0.109024,0,0.921527
287,1.0671,3.11683,0.70047,0.888637,0.1175,0,0.896372,0.956021,-0.0123072,0,0.956101,1.09614,0.214595,1.02721,0.832761,0.110112,0,0.840009
288,1.09114,3.17701,0.664748,0.865983,0.115989,0,0.873716,0.978218,-0.0074794,0,0.978247,1.13088,0.292147,1.03642,0.793648,0.1063,0,0.800735
289,1.07857,3.14557,0.683528,0.878203,0.117172,0,0.885985,0.968059,-0.0097832,0,0.968109,1.11267,0.251495,1.03162,0.814232,0.108637,0,0.821448
290,0.838394,2.52809,1.02337,0.976222,-0.090483,0,0.980406,0.158286,-0.0649056,0,0.171077,0.781941,-0.48674,0.932665,1.1644,-0.107924,0,1.16939
291,1.0323,3.02917,0.751035,0.916472,0.114392,0,0.923584,0.899937,-0.0225214,0,0.900219,1.0464,0.103581,1.01366,0.887798,0.110813,0,0.894687
292,0.981697,2.90054,0.823005,0.94755,0.10015,0,0.952828,0.760359,-0.042605,0,0.761551,0.975256,-0.0552328,0.993438,0.965216,0.102017,0,0.970592
293,1.14237,3.30317,0.581499,0.802345,0.0947531,0,0.80792,0.997119,-0.00204634,0,0.997121,1.20699,0.462031,1.05656,0.702349,0.0829441,0,0.70723
294,0.935057,2.78067,0.888314,0.966854,0.0789964,0,0.970075,0.599193,-0.0598092,0,0.60217,0.910988,-0.198689,0.974259,1.03401,0.084483,0,1.03745
295,0.884314,2.64872,0.9588,0.978104,0.0479505,0,0.979279,0.441651,-0.0705546,0,0.447251,0.842601,-0.351337,0.95283,1.10606,0.0542234,0,1.10739
296,0.916114,2.73161,0.914702,0.972259,0.0683619,0,0.974659,0.53651,-0.0648741,0,0.540418,0.885256,-0.256124,0.966317,1.06129,0.0746216,0,1.06391
297,0.896076,2.67949,0.942598,0.976516,0.0553568,0,0.978084,0.473222,-0.0689557,0,0.47822,0.858275,-0.31635,0.957815,1.08977,0.0617769,0,1.09152
298,0.906245,2.70597,0.928443,0.974545,0.0621932,0,0.976528,0.504879,-0.0670534,0,0.509312,0.871936,-0.285857,0.962142,1.07537,0.0686274,0,1.07755
299,0.901264,2.69301,0.93539,0.975576,0.0588353,0,0.977348,0.489039,-0.0680402,0,0.49375,0.865233,-0.30082,0.960022,1.08245,0.0652809,0,1.08442
300,0.862885,2.59256,0.988739,0.97247,-0.125767,0,0.980569,0.124951,-0.0602826,0,0.138733,0.814163,-0.414815,0.943536,1.127,-0.145752,0,1.13638
301,1.03843,3.04437,0.741187,0.849652,-0.347846,0,0.918099,0.0278045,-0.033258,0,0.0433496,1.05541,0.123673,1.01635,0.81821,-0.334973,0,0.884124
302,0.878381,2.63343,0.967919,0.9799,0.0344486,0,0.980506,0.394766,-0.0723239,0,0.401337,0.834471,-0.369484,0.95001,1.11558,0.0392183,0,1.11626
303,0.976648,2.88732,0.829025,0.912788,-0.27746,0,0.954026,0.0461901,-0.0411262,0,0.0618457,0.968543,-0.0702166,0.991701,0.934613,-0.284094,0,0.976837
304,0.877331,2.63054,0.968885,0.979371,0.0392106,0,0.980156,0.410311,-0.0718238,0,0.41655,0.833211,-0.372298,0.949711,1.11631,0.0446931,0,1.1172
305,0.790927,2.40209,1.09139,0.974804,0.00938524,0,0.974849,0.318873,-0.0733796,0,0.327207,0.72053,-0.623818,0.910994,1.23248,0.0118661,0,1.23254
306,0.837691,2.52579,1.02271,0.978823,0.0217565,0,0.979065,0.34879,-0.0732609,0,0.356401,0.781458,-0.487816,0.932872,1.16848,0.025972,0,1.16877
307,1.01575,2.98695,0.773664,0.875403,-0.323517,0,0.933271,0.0334723,-0.0359394,0,0.0491125,1.02328,0.0519734,1.00742,0.86183,-0.318501,0,0.9188
308,0.790221,2.40019,1.09235,0.974658,-0.00458933,0,0.974669,0.289646,-0.0730801,0,0.298724,0.719644,-0.625796,0.910687,1.2334,-0.00580765,0,1.23341
309,1.05137,3.07729,0.723459,0.901903,0.116842,0,0.90944,0.934577,-0.0164443,0,0.934722,1.07358,0.16425,1.02113,0.857834,0.111133,0,0.865003
310,0.846086,2.54837,1.01246,0.97538,-0.10161,0,0.980659,0.14682,-0.0634681,0,0.159951,0.792022,-0.464236,0.936102,1.15281,-0.120094,0,1.15905
311,0.819634,2.47843,1.04999,0.977096,-0.0601818,0,0.978948,0.194695,-0.0685461,0,0.206409,0.757528,-0.541233,0.924227,1.19211,-0.0734253,0,1.19437
312,0.904117,2.70027,0.930819,0.95904,-0.183086,0,0.97636,0.0857801,-0.0526867,0,0.100668,0.869234,-0.291888,0.961418,1.06075,-0.202503,0,1.0799
313,0.881961,2.64251,0.961853,0.96731,-0.152758,0,0.979298,0.104579,-0.0566913,0,0.118956,0.839528,-0.358197,0.951887,1.09677,-0.173203,0,1.11036
314,0.925752,2.7566,0.901283,0.969683,0.0739306,0,0.972497,0.567993,-0.0624564,0,0.571416,0.898321,-0.226962,0.970369,1.04745,0.07986,0,1.05049
315,0.831393,2.50958,1.03328,0.976722,-0.0799037,0,0.979985,0.170098,-0.0662343,0,0.182538,0.772805,-0.507131,0.929531,1.1748,-0.0961083,0,1.17873
316,0.939583,2.79236,0.882006,0.965363,0.0813479,0,0.968784,0.614654,-0.0584113,0,0.617423,0.917166,-0.184897,0.976142,1.02744,0.0865787,0,1.03108
317,1.02336,3.00654,0.76387,0.922756,0.112654,0,0.929608,0.880181,-0.0257395,0,0.880557,1.03373,0.0752821,1.01013,0.901697,0.110083,0,0.908392
318,1.06355,3.10765,0.70476,0.817607,-0.37227,0,0.898368,0.0226233,-0.0304974,0,0.0379724,1.09129,0.203777,1.02609,0.768755,-0.350027,0,0.844691
319,1.1327,3.28046,0.601401,0.820044,0.104509,0,0.826677,0.995193,-0.00278849,0,0.995197,1.19152,0.427491,1.05192,0.723972,0.0922649,0,0.729827
320,1.19283,3.42838,0.50194,0.592069,-0.434066,0,0.734138,0.00665677,-0.0188728,0,0.0200124,1.28099,0.627202,1.0739,0.496356,-0.363895,0,0.615459
321,0.966267,2.86119,0.845263,0.84716,0.451746,0,0.960081,0.0178968,0.0276628,0,0.0329473,0.953689,-0.103373,0.986983,0.876735,0.467517,0,0.993598
322,1.04161,3.05269,0.737604,0.909559,0.115803,0,0.916901,0.918094,-0.0194152,0,0.9183,1.05965,0.133155,1.01732,0.873222,0.111177,0,0.880271
323,1.06168,3.10323,0.708413,0.893336,0.117416,0,0.90102,0.949321,-0.0136415,0,0.949419,1.08836,0.197228,1.02513,0.841434,0.110594,0,0.848671
324,1.08469,3.16088,0.674412,0.872355,0.116707,0,0.880127,0.973375,-0.0086017,0,0.973413,1.12152,0.271257,1.03396,0.804247,0.107595,0,0.811412
325,1.23598,3.53531,0.430322,0.402097,0.51875,0,0.656341,-0.000180091,0.00963134,0,0.00963302,1.34441,0.768783,1.08773,0.325326,0.419708,0,0.531029
326,1.00626,2.96315,0.788254,0.93381,0.108342,0,0.940073,0.836183,-0.0324043,0,0.836811,1.00961,0.0214555,1.00333,0.928003,0.107668,0,0.934228
327,0.801039,2.429,1.07659,0.976102,-0.0263335,0,0.976457,0.247426,-0.0718216,0,0.257639,0.733543,-0.594769,0.91574,1.21855,-0.0328742,0,1.21899
328,0.920976,2.74423,0.907939,0.971009,0.0712046,0,0.973616,0.552282,-0.0636977,0,0.555943,0.891838,-0.241432,0.968362,1.05433,0.0773143,0,1.05716
329,0.973527,2.87964,0.834494,0.951559,0.096955,0,0.956486,0.732853,-0.0459555,0,0.734293,0.963906,-0.0805671,0.990117,0.977435,0.0995914,0,0.982495
330,0.989801,2.92124,0.811577,0.943299,0.103101,0,0.948916,0.78681,-0.0392127,0,0.787786,0.986552,-0.0300173,0.996718,0.953018,0.104164,0,0.958694
331,0.872057,2.6166,0.975772,0.970193,-0.138901,0,0.980085,0.11457,-0.0585454,0,0.128662,0.826339,-0.387636,0.947574,1.11253,-0.159279,0,1.12388
332,0.809597,2.45179,1.06436,0.976836,-0.0424375,0,0.977758,0.220507,-0.0704068,0,0.231474,0.744546,-0.570209,0.919651,1.20657,-0.052418,0,1.20771
333,0.93045,2.76876,0.894742,0.968302,0.0765142,0,0.97132,0.58364,-0.0611585,0,0.586835,0.904707,-0.212707,0.972334,1.04068,0.0822335,0,1.04393
334,0.956939,2.83707,0.857757,0.95888,0.0897985,0,0.963076,0.675154,-0.0524291,0,0.677186,0.940979,-0.131744,0.983321,1.00203,0.0938393,0,1.00641
335,0.959676,2.8438,0.852857,0.926235,-0.256199,0,0.961015,0.0532213,-0.043608,0,0.0688053,0.945051,-0.122654,0.984761,0.965154,-0.266964,0,1.0014
336,1.23119,3.52203,0.432217,0.504966,-0.419639,0,0.656573,0.00388349,-0.0158412,0,0.0163102,1.33878,0.756212,1.08739,0.410145,-0.34084,0,0.533283
337,1.12229,3.25439,0.616681,0.727788,-0.416295,0,0.838437,0.0136695,-0.0247991,0,0.0283169,1.17648,0.393934,1.04829,0.648483,-0.370933,0,0.747075
338,0.865235,2.59869,0.98528,0.980014,0.0260099,0,0.980359,0.363992,-0.0730462,0,0.371249,0.817314,-0.407782,0.944615,1.13266,0.0300611,0,1.13306
339,0.825195,2.49317,1.04207,0.976997,-0.069791,0,0.979487,0.182247,-0.0674478,0,0.194327,0.764744,-0.525125,0.926744,1.18396,-0.0845752,0,1.18698
340,1.20705,3.48027,0.544958,0.801695,-0.0478372,0,0.803121,0.999932,-0.000379713,0,0.999932,1.28524,0.636685,1.06477,0.664177,-0.0396315,0,0.665358
341,0.805082,2.43978,1.07082,0.976514,-0.0342058,0,0.977113,0.233826,-0.0711699,0,0.244417,0.738732,-0.583189,0.917585,1.21294,-0.0424873,0,1.21368
342,0.892653,2.67043,0.946899,0.963677,-0.167459,0,0.978118,0.0949769,-0.054738,0,0.109621,0.853817,-0.3263,0.956495,1.07957,-0.187597,0,1.09574
343,0.787582,2.3932,1.09636,0.974294,0.00240387,0,0.974297,0.304162,-0.0732874,0,0.312867,0.716224,-0.633429,0.909395,1.23707,0.00305222,0,1.23707
344,0.797446,2.41942,1.08173,0.975662,-0.0188204,0,0.975843,0.261272,-0.0723462,0,0.271103,0.728939,-0.605047,0.914092,1.22348,-0.0236008,0,1.22371
345,0.890376,2.66459,0.950462,0.977365,0.0517502,0,0.978734,0.457414,-0.0697969,0,0.462708,0.850664,-0.333338,0.955399,1.0977,0.0581217,0,1.09924
346,0.965289,2.85852,0.846052,0.955326,0.0935164,0,0.959892,0.704415,-0.0492412,0,0.706134,0.952502,-0.106023,0.986753,0.989679,0.0968791,0,0.994409
347,1.32295,3.74508,0.220009,0.200964,0.303508,0,0.36401,-0.00194458,0.00319037,0,0.00373629,1.478,1.06696,1.1172,0.151906,0.229418,0,0.27515
348,1.3047,3.6998,0.265635,0.30881,-0.302792,0,0.432489,-0.000180095,-0.00963133,0,0.00963302,1.45125,1.00725,1.11232,0.23669,-0.232077,0,0.331485
349,0.614488,1.92025,1.36097,0.895499,-0.0634649,0,0.897745,0.53651,0.0648741,0,0.540418,0.505786,-1.10316,0.8231,1.45731,-0.103281,0,1.46096
350,1.34544,3.79673,0.0914418,0.123225,0.0931615,0,0.154478,-0.00159762,-0.000767201,0,0.00177228,1.51514,1.14987,1.12613,0.0915875,0.0692425,0,0.114816
351,0.910439,2.71695,0.922867,0.898517,0.381146,0,0.976015,0.0278045,0.033258,0,0.0433496,0.877517,-0.2734,0.963839,0.986905,0.41864,0,1.07203
352,0.832402,2.51234,1.0322,0.943121,0.267518,0,0.980328,0.0532213,0.043608,0,0.0688053,0.774029,-0.504399,0.929874,1.13301,0.321381,0,1.17771
353,0.866961,2.60341,0.98358,0.9274,0.319506,0,0.980895,0.0396037,0.0385705,0,0.0552824,0.819403,-0.403117,0.945145,1.06971,0.368536,0,1.13142
354,0.748971,2.28944,1.15243,0.954004,0.13959,0,0.964162,0.11457,0.0585454,0,0.128662,0.66754,-0.742098,0.891276,1.27375,0.186376,0,1.28732
355,0.631225,1.96685,1.33337,0.907746,-0.0353754,0,0.908435,0.410311,0.0718238,0,0.41655,0.525263,-1.05968,0.832133,1.43807,-0.0560424,0,1.43916
356,1.12853,3.24925,0.526041,0.721623,-0.0814134,0,0.726201,0.997119,0.00204634,0,0.997121,1.20624,0.460358,1.06886,0.639438,-0.0721412,0,0.643494
357,0.615814,1.92393,1.35867,0.896547,-0.0602554,0,0.89857,0.520705,0.0659959,0,0.524871,0.507341,-1.09969,0.823854,1.45587,-0.0978468,0,1.45916
358,0.620996,1.93835,1.34995,0.900465,-0.0504261,0,0.901875,0.473222,0.0689557,0,0.47822,0.513379,-1.08621,0.826704,1.45003,-0.0812019,0,1.45231
359,1.07602,3.12136,0.621083,0.802227,-0.105983,0,0.809198,0.973375,0.0086017,0,0.973413,1.12684,0.283119,1.04722,0.745549,-0.0984956,0,0.752027
360,1.06508,3.09436,0.63934,0.815733,-0.107273,0,0.822756,0.962275,0.0110199,0,0.962338,1.11063,0.246941,1.04277,0.765891,-0.100719,0,0.772485
361,1.02516,2.99532,0.70408,0.858725,-0.10554,0,0.865186,0.890251,0.0241172,0,0.890577,1.05209,0.116277,1.02627,0.837646,-0.10295,0,0.843949
362,0.619012,1.93284,1.35334,0.899034,-0.0538453,0,0.900645,0.489039,0.0680402,0,0.49375,0.511055,-1.0914,0.825597,1.45237,-0.0869858,0,1.45497
363,0.625876,1.95197,1.34207,0.904035,-0.0431427,0,0.905064,0.441651,0.0705546,0,0.447251,0.519029,-1.0736,0.829283,1.44443,-0.0689317,0,1.44608
364,0.636834,1.98245,1.32434,0.911535,-0.0265448,0,0.911921,0.379315,0.0727312,0,0.386225,0.531812,-1.04506,0.835087,1.43135,-0.0416824,0,1.43196
365,1.04136,3.03561,0.678146,0.842426,-0.107486,0,0.849255,0.926551,0.0179118,0,0.926725,1.07573,0.169032,1.033,0.808969,-0.103217,0,0.815527
366,1.03298,3.0148,0.691605,0.851037,-0.106699,0,0.8577,0.909221,0.0209531,0,0.909462,1.06349,0.141713,1.02953,0.823862,-0.103292,0,0.830312
367,0.791489,2.40361,1.09064,0.953369,0.204234,0,0.975,0.0770029,0.0505444,0,0.0921096,0.721233,-0.622249,0.911236,1.20453,0.258038,0,1.23186
368,1.08194,3.13594,0.611131,0.794623,-0.10496,0,0.801525,0.978218,0.0074794,0,0.978247,1.13562,0.302724,1.04961,0.734442,-0.0970106,0,0.740821
369,1.05996,3.08172,0.647797,0.821787,-0.107617,0,0.828803,0.956021,0.0123072,0,0.956101,1.10308,0.230085,1.04067,0.775297,-0.101529,0,0.781916
370,1.05032,3.05785,0.6636,0.832743,-0.107819,0,0.839694,0.942166,0.0150208,0,0.942286,1.08888,0.19839,1.03671,0.792846,-0.102654,0,0.799464
371,0.768544,2.34216,1.12388,0.954886,0.169671,0,0.969843,0.0949769,0.054738,0,0.109621,0.692093,-0.687293,0.900524,1.24246,0.220769,0,1.26192
372,0.817648,2.47324,1.05311,0.947895,0.244615,0,0.97895,0.0607185,0.045993,0,0.0761714,0.754882,-0.547138,0.923236,1.15929,0.299169,0,1.19727
373,0.658209,2.04168,1.29048,0.924489,0.00606461,0,0.924509,0.289646,0.0730801,0,0.298724,0.556963,-0.988922,0.84618,1.40455,0.00921382,0,1.40458
374,0.66654,2.06467,1.27741,0.928867,0.0194723,0,0.929071,0.261272,0.0723462,0,0.271103,0.566867,-0.966815,0.850462,1.39357,0.0292141,0,1.39387
375,0.708127,2.17864,1.21332,0.945658,0.0796377,0,0.949005,0.170098,0.0662343,0,0.182538,0.61709,-0.85471,0.87144,1.33544,0.112462,0,1.34016
376,0.650597,2.02063,1.30247,0.920144,-0.00588607,0,0.920163,0.318873,0.0733796,0,0.327207,0.547967,-1.009,0.842253,1.41431,-0.00904718,0,1.41434
377,0.623341,1.9449,1.34619,0.902215,-0.0468204,0,0.903429,0.457414,0.0697969,0,0.462708,0.516086,-1.08017,0.827936,1.44739,-0.0751121,0,1.44933
378,0.633973,1.97449,1.32894,0.909621,-0.0311177,0,0.910153,0.394766,0.0723239,0,0.401337,0.528469,-1.05253,0.833582,1.43479,-0.0490836,0,1.43563
379,0.723394,2.22023,1.19055,0.949899,0.101617,0,0.955318,0.14682,0.0634681,0,0.159951,0.635772,-0.813008,0.878874,1.31311,0.140473,0,1.32061
380,0.740221,2.26578,1.16527,0.952959,0.126012,0,0.961254,0.124951,0.0602826,0,0.138733,0.656655,-0.766395,0.887106,1.2874,0.170236,0,1.2986
381,0.774841,2.33726,1.02668,0.905951,-0.0681261,0,0.908509,0.629983,0.0569728,0,0.632554,0.721857,-0.620855,0.931619,1.16921,-0.0879227,0,1.17251
382,0.694641,2.14181,1.23386,0.94112,0.060148,0,0.94304,0.194695,0.0685461,0,0.206409,0.600672,-0.891357,0.864723,1.35483,0.0865886,0,1.35759
383,0.682048,2.10732,1.2533,0.936088,0.0427858,0,0.937065,0.220507,0.0704068,0,0.231474,0.585443,-0.925351,0.85836,1.37247,0.0627313,0,1.3739
384,1.00245,2.93994,0.745019,0.886018,-0.0883833,0,0.890416,0.660258,0.0539792,0,0.662461,1.01779,0.0397184,1.01531,0.883853,-0.0881674,0,0.88824
385,0.615734,1.92378,1.35918,0.895967,-0.0700198,0,0.898699,0.567993,0.0624564,0,0.571416,0.507172,-1.10006,0.823687,1.45512,-0.113718,0,1.45956
386,0.991109,2.91,0.757267,0.888499,-0.0928444,0,0.893336,0.746728,0.0442899,0,0.748041,1.00296,0.0066026,1.01196,0.896469,-0.0936773,0,0.90135
387,0.989257,2.90534,0.760129,0.890144,-0.0900696,0,0.894689,0.718753,0.0476067,0,0.720327,1.0003,0.0006787,1.01117,0.89981,-0.0910478,0,0.904405
388,0.999517,2.93116,0.744389,0.881703,-0.0980195,0,0.887134,0.799616,0.0375125,0,0.800495,1.01499,0.0334554,1.01548,0.882129,-0.0980669,0,0.887563
389,0.994817,2.91935,0.751623,0.88554,-0.095527,0,0.890677,0.773724,0.0409097,0,0.774804,1.00825,0.0184169,1.0135,0.890153,-0.0960246,0,0.895317
390,1.01115,2.9603,0.726223,0.871688,-0.102285,0,0.877668,0.847711,0.0307191,0,0.848268,1.03176,0.0708924,1.02039,0.862079,-0.101157,0,0.867993
391,1.005,2.94492,0.735844,0.877057,-0.100274,0,0.882771,0.824322,0.0340998,0,0.825027,1.02289,0.051091,1.0178,0.872691,-0.099775,0,0.878376
392,1.02901,3.00491,0.697966,0.854997,-0.106171,0,0.861564,0.899937,0.0225214,0,0.900219,1.05769,0.128772,1.02787,0.830892,-0.103178,0,0.837274
393,1.01788,2.97714,0.715614,0.865584,-0.104052,0,0.871816,0.869723,0.0273813,0,0.870154,1.04152,0.0926683,1.02322,0.850377,-0.102224,0,0.8565
394,1.05505,3.06956,0.655869,0.827439,-0.107791,0,0.834431,0.949321,0.0136415,0,0.949419,1.09584,0.21392,1.03866,0.784265,-0.102167,0,0.790892
395,1.0371,3.02503,0.685002,0.846852,-0.107146,0,0.853603,0.918094,0.0194152,0,0.9183,1.0695,0.15513,1.03124,0.816558,-0.103313,0,0.823067
396,1.07042,3.10756,0.630459,0.809242,-0.106741,0,0.816252,0.968059,0.0097832,0,0.968109,1.11854,0.264594,1.04495,0.756001,-0.0997188,0,0.762549
397,1.01445,2.96857,0.721042,0.868739,-0.103208,0,0.874848,0.858899,0.0290406,0,0.859389,1.03654,0.0815592,1.02177,0.856363,-0.101738,0,0.862386
398,1.02146,2.98608,0.709967,0.862261,-0.104842,0,0.868611,0.880181,0.0257395,0,0.880557,1.04671,0.104256,1.02471,0.844144,-0.10264,0,0.850361
399,1.00217,2.93781,0.740254,0.879462,-0.0991599,0,0.885034,0.812125,0.035807,0,0.812914,1.0188,0.041975,1.0166,0.87756,-0.0989455,0,0.883121
400,1.00801,2.95245,0.731174,0.874485,-0.101311,0,0.880334,0.836183,0.0324043,0,0.836811,1.02722,0.0607477,1.01906,0.867539,-0.100506,0,0.873341
401,0.992853,2.91441,0.754677,0.887171,-0.0942351,0,0.892162,0.760359,0.042605,0,0.761551,1.00543,0.0121181,1.01267,0.893557,-0.0949134,0,0.898584
402,0.997057,2.92498,0.748188,0.883728,-0.0968087,0,0.889015,0.78681,0.0392127,0,0.787786,1.01146,0.025575,1.01444,0.886336,-0.0970944,0,0.891638
403,0.988694,2.90388,0.760835,0.890536,-0.0885143,0,0.894924,0.704415,0.0492412,0,0.706134,0.999543,-0.00102083,1.01097,0.90072,-0.0895264,0,0.905158
404,0.989832,2.90679,0.759246,0.889588,-0.0914508,0,0.894276,0.732853,0.0459555,0,0.734293,1.00113,0.00251481,1.01141,0.898726,-0.0923902,0,0.903462
405,0.991323,2.91054,0.756965,0.888592,-0.0907058,0,0.893209,0.645195,0.0554961,0,0.647577,1.00326,0.00726891,1.01204,0.89637,-0.0914997,0,0.901028
406,0.98847,2.90324,0.760924,0.89074,-0.0852884,0,0.894814,0.675154,0.0524291,0,0.677186,0.999291,-0.00158199,1.01095,0.901131,-0.0862833,0,0.905252
407,0.61385,1.91825,1.36095,0.894349,-0.0662883,0,0.896802,0.552282,0.0636977,0,0.555943,0.505265,-1.10432,0.823108,1.45695,-0.107988,0,1.46095
408,0.620004,1.93744,1.36072,0.903363,-0.0647807,0,0.905683,0.614654,0.0584113,0,0.617423,0.510376,-1.09291,0.823181,1.45703,-0.104484,0,1.46077
409,0.688206,2.12422,1.24384,0.938677,0.0513027,0,0.940078,0.20746,0.069533,0,0.218802,0.592861,-0.908792,0.861458,1.36395,0.0745456,0,1.36598
410,0.676386,2.09178,1.2621,0.933596,0.0346322,0,0.934238,0.233826,0.0711699,0,0.244417,0.578634,-0.94055,0.855478,1.38027,0.0512018,0,1.38122
411,0.715483,2.19871,1.20239,0.94787,0.0904079,0,0.952172,0.158286,0.0649056,0,0.171077,0.626054,-0.834702,0.875009,1.3248,0.126359,0,1.33081
412,0.70128,2.15996,1.22373,0.943477,0.0695768,0,0.946039,0.182247,0.0674478,0,0.194327,0.608737,-0.873354,0.868038,1.34537,0.099214,0,1.34902
413,0.848716,2.55543,1.00919,0.936483,0.29241,0,0.981073,0.0461901,0.0411262,0,0.0618457,0.795356,-0.456794,0.937128,1.10341,0.344532,0,1.15595
414,0.731749,2.24288,1.178,0.951654,0.11342,0,0.958389,0.135712,0.0619299,0,0.149174,0.646107,-0.789939,0.882963,1.30052,0.154998,0,1.30972
415,1.00029,2.94824,0.79771,0.808329,0.488449,0,0.944446,0.0136695,0.0247991,0,0.0283169,1.00095,0.00212047,1.00066,0.808098,0.48831,0,0.944176
416,0.887427,2.65699,0.954937,0.915056,0.349076,0,0.979378,0.0334723,0.0359394,0,0.0491125,0.846624,-0.342356,0.954021,1.03113,0.393358,0,1.10362
417,0.814474,2.46475,1.05738,0.977048,-0.0510735,0,0.978382,0.20746,-0.069533,0,0.218802,0.750843,-0.556153,0.921876,1.19961,-0.0627073,0,1.20124
418,1.13164,3.27884,0.606887,0.60935,0.567845,0,0.83292,0.00388349,0.0158412,0,0.0163102,1.18893,0.421711,1.05063,0.538468,0.50179,0,0.736031
419,1.07271,3.13091,0.69219,0.883606,0.117425,0,0.891374,0.962275,-0.0110199,0,0.962338,1.10423,0.232645,1.02938,0.823712,0.109465,0,0.830953
420,0.99797,2.94206,0.800019,0.938732,0.105826,0,0.944678,0.812125,-0.035807,0,0.812914,0.997979,-0.00451051,1.00001,0.940642,0.106041,0,0.9466
421,0.807557,2.44611,1.06627,0.976591,0.0161244,0,0.976724,0.333743,-0.0733687,0,0.341712,0.742177,-0.575498,0.919039,1.20931,0.0199669,0,1.20948
422,0.911196,2.71884,0.921554,0.973447,0.0653592,0,0.975639,0.520705,-0.0659959,0,0.524871,0.87861,-0.27096,0.964238,1.06832,0.071729,0,1.07072
423,1.184,3.40832,0.523437,0.510946,0.560345,0,0.758323,0.00160699,0.0127643,0,0.0128651,1.26619,0.594173,1.06942,0.431542,0.473264,0,0.640474
424,0.936488,2.78447,0.886659,0.876523,0.415454,0,0.969997,0.0226233,0.0304974,0,0.0379724,0.912845,-0.194542,0.974753,0.935968,0.44363,0,1.03578
425,1.08289,3.15712,0.679772,0.691614,0.55227,0,0.885061,0.00665677,0.0188728,0,0.0200124,1.11817,0.26378,1.03259,0.638677,0.509998,0,0.817317
426,0.779639,2.37192,1.10777,0.954516,0.18633,0,0.972532,0.0857801,0.0526867,0,0.100668,0.706138,-0.655942,0.905725,1.22431,0.238996,0,1.24741
427,0.804093,2.43721,1.07247,0.951209,0.223584,0,0.977133,0.0686448,0.0483113,0,0.083941,0.737401,-0.58616,0.917059,1.18296,0.278058,0,1.2152
428,0.662232,2.05279,1.28413,0.926634,0.0125473,0,0.926719,0.275353,0.0727662,0,0.284806,0.561747,-0.978244,0.848262,1.39926,0.018947,0,1.39939
429,0.758333,2.3147,1.1388,0.954693,0.154125,0,0.967054,0.104579,0.0566913,0,0.118956,0.679237,-0.715989,0.895698,1.25894,0.203242,0,1.27524
430,1.08822,3.15139,0.60045,0.786244,-0.103616,0,0.793042,0.982587,0.00639898,0,0.982608,1.14497,0.323592,1.05215,0.722504,-0.0952163,0,0.728752
431,1.09495,3.16793,0.588922,0.776985,-0.101838,0,0.783631,0.986467,0.00539479,0,0.986482,1.15501,0.345997,1.05485,0.709606,-0.0930069,0,0.715676
432,0.654347,2.03101,1.29656,0.922329,-7.62045e-05,0,0.922329,0.304162,0.0732874,0,0.312867,0.552392,-0.999126,0.844187,1.40954,-0.000116459,0,1.40954
433,1.10228,3.1859,0.57625,0.76654,-0.0994672,0,0.772967,0.989865,0.00445037,0,0.989875,1.16595,0.37043,1.05777,0.695415,-0.090238,0,0.701245
434,1.11037,3.20573,0.562118,0.754622,-0.095925,0,0.760694,0.99277,0.00357773,0,0.992777,1.17807,0.397469,1.06097,0.679614,-0.0863902,0,0.685083
435,0.646954,2.01055,1.30831,0.917999,-0.0113844,0,0.918069,0.333743,0.0733687,0,0.341712,0.54366,-1.01862,0.840339,1.41896,-0.0175969,0,1.41907
436,0.63995,1.99112,1.31943,0.913605,-0.0216715,0,0.913862,0.363992,0.0730462,0,0.371249,0.535444,-1.03696,0.836696,1.42762,-0.0338644,0,1.42802
437,1.04576,3.04654,0.671015,0.837726,-0.107713,0,0.844622,0.934577,0.0164443,0,0.934722,1.08218,0.183444,1.03483,0.801068,-0.103,0,0.807663
438,1.17918,3.38343,0.477849,0.689661,0.0622053,0,0.692461,0.999932,0.000379713,0,0.999932,1.27204,0.60724,1.07875,0.584865,0.052753,0,0.587239
439,1.14814,3.30073,0.505349,0.707424,-0.0731589,0,0.711197,0.998544,0.00131242,0,0.998545,1.23218,0.518265,1.0732,0.61615,-0.0637197,0,0.619436
440,1.13023,3.2387,0.458324,0.637556,-0.0141094,0,0.637712,0.99946,0.000720225,0,0.999461,1.22351,0.498917,1.08254,0.564094,-0.0124837,0,0.564232
441,0.944021,2.80381,0.875805,0.963811,0.08361,0,0.967431,0.629983,-0.0569729,0,0.632554,0.92324,-0.171339,0.977987,1.02096,0.0885679,0,1.0248
442,0.995261,2.93486,0.802787,0.896142,-0.29993,0,0.945001,0.0396037,-0.0385705,0,0.0552824,0.994488,-0.0123042,0.999223,0.900409,-0.301358,0,0.949501
443,1.11975,3.22884,0.546062,0.740845,-0.0914056,0,0.746463,0.995193,0.00278849,0,0.995197,1.19201,0.428602,1.06453,0.661614,-0.0816301,0,0.666631
444,0.617231,1.92783,1.35605,0.89755,-0.0571864,0,0.899369,0.504879,0.0670534,0,0.509312,0.509036,-1.0959,0.82471,1.45415,-0.0926498,0,1.4571
445,1.26968,3.61539,0.353072,0.407669,-0.378749,0,0.556457,0.00160699,-0.0127643,0,0.0128651,1.39738,0.88701,1.10058,0.32108,-0.298303,0,0.438266
446,1.15625,3.33848,0.563164,0.666427,-0.430745,0,0.793515,0.00991619,-0.021852,0,0.0239967,1.22648,0.50553,1.06073,0.576367,-0.372535,0,0.686281
447,0.929717,2.76663,0.894915,0.94607,-0.217352,0,0.970716,0.0686448,-0.0483113,0,0.083941,0.903947,-0.214405,0.972282,1.01759,-0.233783,0,1.0441
448,0.854275,2.56994,1.00091,0.974176,-0.113343,0,0.980747,0.135712,-0.0619299,0,0.149174,0.802788,-0.440206,0.93973,1.14035,-0.132677,0,1.14805
449,0.793928,2.41005,1.08681,0.975164,-0.0116059,0,0.975233,0.275353,-0.0727662,0,0.284806,0.72443,-0.615111,0.912463,1.22828,-0.0146184,0,1.22836
450,0.816095,2.46923,1.05575,0.95466,0.217372,0,0.979095,0.0705943,0.0577769,0,0.0912235,0.752762,-0.551871,0.922395,1.16979,0.266356,0,1.19973
451,1.26516,3.60585,0.370051,0.417255,0.403505,0,0.580446,-0.00364266,0.00919056,0,0.00988612,1.38908,0.868483,1.09795,0.329804,0.318935,0,0.458792
452,1.3035,3.69832,0.278033,0.336048,0.302223,0,0.451959,-0.00456432,0.00525822,0,0.00696289,1.44799,0.999971,1.11084,0.257803,0.231854,0,0.346726
453,0.798866,2.42324,1.0798,0.976124,-0.00890493,0,0.976165,0.282181,-0.0874099,0,0.295409,0.730732,-0.601045,0.914712,1.22189,-0.011147,0,1.22194
454,0.964745,2.85727,0.847349,0.956319,0.0909877,0,0.960637,0.698794,-0.0648795,0,0.701799,0.951599,-0.108038,0.986373,0.991266,0.0943127,0,0.995742
455,1.03999,3.0487,0.740266,0.9116,0.111985,0,0.918452,0.915226,-0.0292352,0,0.915693,1.05725,0.127801,1.0166,0.876545,0.107679,0,0.883134
456,1.18918,3.42002,0.51067,0.641534,-0.376772,0,0.743991,0.00546506,-0.0234492,0,0.0240776,1.27491,0.613648,1.0721,0.539478,-0.316835,0,0.625636
457,0.617259,1.92705,1.35179,0.894603,-0.0700346,0,0.89734,0.57714,0.0777595,0,0.582355,0.50992,-1.09393,0.826104,1.44931,-0.113461,0,1.45375
458,0.960626,2.84669,0.853119,0.958079,0.0892122,0,0.962224,0.684133,-0.0666645,0,0.687374,0.945912,-0.120731,0.984684,0.997349,0.0928689,0,1.00166
459,0.989012,2.91936,0.813169,0.944482,0.100395,0,0.949802,0.781999,-0.0534227,0,0.783822,0.985315,-0.0327795,0.996262,0.954975,0.10151,0,0.960355
460,1.10862,3.2206,0.638383,0.848857,0.104017,0,0.855206,0.989118,-0.00834412,0,0.989153,1.1563,0.348873,1.043,0.765688,0.0938255,0,0.771415
461,0.803488,2.4354,1.07259,0.976398,0.0133474,0,0.97649,0.32632,-0.0884681,0,0.338099,0.736814,-0.58747,0.917019,1.2152,0.0166118,0,1.21531
462,1.01361,2.98197,0.778243,0.930038,0.107468,0,0.936226,0.855014,-0.0412945,0,0.856011,1.01984,0.0442794,1.00614,0.917547,0.106025,0,0.923652
463,1.00529,2.96082,0.790105,0.935214,0.105344,0,0.941128,0.831986,-0.0453618,0,0.833222,1.00811,0.0181136,1.00281,0.930295,0.10479,0,0.936178
464,0.911449,2.71968,0.921841,0.960603,-0.173632,0,0.976169,0.0883193,-0.0629443,0,0.108454,0.878775,-0.270592,0.964151,1.05393,-0.190501,0,1.07101
465,1.30979,3.71079,0.242175,0.34997,-0.185934,0,0.396296,-0.00364267,-0.00919056,0,0.00988612,1.46034,1.02753,1.11494,0.267196,-0.141957,0,0.302565
466,0.820124,2.47981,1.04957,0.978047,-0.0477345,0,0.979211,0.2131,-0.0831832,0,0.22876,0.758091,-0.539976,0.924361,1.19256,-0.058204,0,1.19398
467,1.12552,3.26318,0.614533,0.752538,-0.368977,0,0.838127,0.0130132,-0.0303212,0,0.0329957,1.18045,0.402787,1.0488,0.668612,-0.327827,0,0.744656
468,1.07018,3.1246,0.696075,0.886718,0.112464,0,0.893821,0.960455,-0.0180254,0,0.960625,1.10054,0.22441,1.02836,0.828568,0.105088,0,0.835206
469,0.852201,2.56468,1.00455,0.976557,-0.0967003,0,0.981333,0.151101,-0.0757456,0,0.169024,0.799864,-0.446732,0.938586,1.14592,-0.113471,0,1.15153
470,0.968837,2.86777,0.841624,0.95451,0.0927391,0,0.959005,0.713252,-0.0630473,0,0.716033,0.957254,-0.0954152,0.988044,0.985213,0.095722,0,0.989852
471,0.952266,2.8252,0.864819,0.961457,0.0853609,0,0.965239,0.654275,-0.0701073,0,0.65802,0.934402,-0.146425,0.981241,1.00965,0.0896398,0,1.01362
472,0.8906,2.6653,0.950595,0.977857,0.0492481,0,0.979096,0.450301,-0.0862033,0,0.458478,0.850842,-0.332942,0.955358,1.09798,0.0552977,0,1.09937
473,0.924003,2.75227,0.904427,0.95505,-0.188997,0,0.973571,0.0792447,-0.0604116,0,0.0996458,0.895749,-0.232703,0.969422,1.0336,-0.204541,0,1.05364
474,0.882198,2.64346,0.962742,0.97979,0.0323941,0,0.980325,0.387457,-0.0882165,0,0.397372,0.839511,-0.358235,0.951612,1.11062,0.0367197,0,1.11123
475,1.03089,3.02573,0.753443,0.918319,0.110836,0,0.924984,0.896721,-0.0331993,0,0.897335,1.0443,0.0988848,1.013,0.890799,0.107514,0,0.897264
476,0.99301,2.92955,0.8075,0.942288,0.101728,0,0.947763,0.794946,-0.0514358,0,0.796609,0.990906,-0.0202991,0.997882,0.948921,0.102444,0,0.954435
477,1.0916,3.17984,0.670166,0.726974,0.496993,0,0.880621,0.00546506,0.0234492,0,0.0240776,1.12985,0.289852,1.03504,0.665972,0.455289,0,0.806726
478,0.982009,2.90228,0.825886,0.858635,0.420487,0,0.956067,0.0175228,0.0336428,0,0.0379327,0.974749,-0.0563634,0.992608,0.874366,0.428191,0,0.973583
479,0.993659,2.91928,0.763822,0.898413,-0.0866347,0,0.90258,0.669286,0.0684101,0,0.672773,1.00374,0.00835359,1.01015,0.904146,-0.0871876,0,0.90834
480,1.01172,2.96379,0.732912,0.879792,-0.100118,0,0.88547,0.843667,0.0433358,0,0.844779,1.03052,0.0681304,1.01859,0.869603,-0.098959,0,0.875215
481,0.768141,2.34093,1.12386,0.957497,0.15092,0,0.969318,0.107707,0.067693,0,0.127213,0.691735,-0.688092,0.900532,1.24651,0.196474,0,1.2619
482,0.988631,2.90598,0.769189,0.899506,-0.0865221,0,0.903658,0.684133,0.0666645,0,0.687374,0.997194,-0.00626445,1.00866,0.909851,-0.0875171,0,0.91405
483,0.723111,2.2192,1.18987,0.950371,0.0889386,0,0.954524,0.162849,0.0774908,0,0.180346,0.635682,-0.81321,0.879093,1.31428,0.122994,0,1.32002
484,1.02168,2.98858,0.716808,0.870413,-0.10221,0,0.876394,0.87663,0.037233,0,0.87742,1.04508,0.100624,1.0229,0.851941,-0.100041,0,0.857795
485,1.09824,3.17676,0.586265,0.777297,-0.0915184,0,0.782666,0.989118,0.00834412,0,0.989153,1.15915,0.355249,1.05546,0.707766,-0.0833319,0,0.712655
486,0.651244,2.02207,1.2998,0.919593,-0.0116966,0,0.919667,0.341373,0.0885842,0,0.35268,0.549082,-1.00651,0.843128,1.41205,-0.0179603,0,1.41217
487,0.620404,1.93641,1.34951,0.898949,-0.0576993,0,0.900799,0.513867,0.08263,0,0.520468,0.51298,-1.0871,0.826849,1.44897,-0.0930028,0,1.45196
488,1.05861,3.07973,0.655117,0.82999,-0.103061,0,0.836364,0.954029,0.0198047,0,0.954234,1.09974,0.222625,1.03885,0.784036,-0.097355,0,0.790057
489,1.02524,2.99739,0.710949,0.866851,-0.10273,0,0.872917,0.886872,0.0352093,0,0.887571,1.05031,0.112298,1.02445,0.845513,-0.100201,0,0.851429
490,1.10545,3.19433,0.573313,0.76652,-0.0873912,0,0.771485,0.992183,0.00689845,0,0.992207,1.17005,0.379575,1.05844,0.693401,-0.0790549,0,0.697893
491,1.06349,3.0917,0.646788,0.824025,-0.102394,0,0.830363,0.960455,0.0180254,0,0.960625,1.10701,0.238863,1.04093,0.774834,-0.0962818,0,0.780793
492,1.08531,3.14516,0.608975,0.795495,-0.0969679,0,0.801383,0.981498,0.0113593,0,0.981564,1.13972,0.311872,1.05013,0.732963,-0.0893455,0,0.738388
493,0.682591,2.10856,1.25132,0.936065,0.0339808,0,0.936681,0.239962,0.0852778,0,0.254665,0.586352,-0.923321,0.859009,1.37134,0.0497821,0,1.37224
494,0.655205,2.03305,1.29368,0.921976,-0.00624969,0,0.921997,0.32632,0.0884681,0,0.338099,0.553736,-0.996125,0.845134,1.40716,-0.00953852,0,1.40719
495,0.688375,2.12447,1.24264,0.938665,0.0422085,0,0.939613,0.22639,0.0842933,0,0.241574,0.593277,-0.907864,0.861852,1.3636,0.0613162,0,1.36497
496,0.778715,2.36937,1.1088,0.957838,0.165969,0,0.972111,0.0978143,0.0653762,0,0.117651,0.705042,-0.658389,0.905391,1.23002,0.213131,0,1.24835
497,0.956477,2.83604,0.858943,0.959808,0.0873017,0,0.963771,0.669286,-0.0684101,0,0.672773,0.940191,-0.133503,0.982973,1.00348,0.0912742,0,1.00763
498,0.82554,2.49418,1.04195,0.978165,-0.056576,0,0.9798,0.20008,-0.0819499,0,0.216212,0.765096,-0.524338,0.926783,1.18488,-0.0685321,0,1.18686
499,1.05146,3.07892,0.728284,0.781102,0.476566,0,0.915005,0.00899343,0.0268915,0,0.0283555,1.07232,0.161423,1.01983,0.742871,0.453241,0,0.870221
500,0.739684,2.26423,1.16566,0.954316,0.111529,0,0.960811,0.139715,0.073891,0,0.158051,0.656084,-0.767669,0.886979,1.29017,0.150779,0,1.29895
501,0.86307,2.59343,0.989906,0.940473,0.281667,0,0.981746,0.0472305,0.0493761,0,0.068328,0.814023,-0.415128,0.943171,1.08968,0.326355,0,1.13751
502,1.07387,3.11716,0.628908,0.810829,-0.100339,0,0.817014,0.971917,0.0145954,0,0.972027,1.12255,0.273541,1.04533,0.755052,-0.0934368,0,0.760812
503,1.1131,3.21294,0.559445,0.754678,-0.0822818,0,0.75915,0.994767,0.00560079,0,0.994783,1.18163,0.405416,1.06157,0.677999,-0.0739215,0,0.682017
504,1.02894,3.00657,0.704876,0.863121,-0.103204,0,0.869269,0.896721,0.0331993,0,0.897335,1.05575,0.124452,1.02606,0.838842,-0.100301,0,0.844817
505,0.844424,2.54416,1.01543,0.977329,-0.0860631,0,0.981111,0.162849,-0.0774908,0,0.180346,0.789678,-0.469468,0.935168,1.15739,-0.101919,0,1.16187
506,0.9981,2.85698,0.441781,0.542879,0.0282012,0,0.543611,1.0002,0.00023203,0,1.0002,1.08358,0.186556,1.08564,0.543913,0.0282549,0,0.544646
507,1.13008,3.25352,0.525206,0.723768,-0.0582113,0,0.726105,0.998507,0.00298898,0,0.998512,1.2081,0.464505,1.06904,0.640458,-0.0515109,0,0.642526
508,1.12313,3.23821,0.544611,0.74299,-0.0756706,0,0.746833,0.996882,0.00430706,0,0.996891,1.19596,0.437415,1.06485,0.661536,-0.0673749,0,0.664958
509,1.13465,3.28702,0.604894,0.660815,0.506468,0,0.832578,0.00244408,0.0199415,0,0.0200907,1.19262,0.429963,1.0511,0.582398,0.446367,0,0.733778
510,1.2241,3.50665,0.453815,0.499958,0.467022,0,0.684154,-0.00211469,0.0128079,0,0.0129813,1.32618,0.728088,1.08339,0.408428,0.381522,0,0.558903
511,1.22256,3.50133,0.449872,0.572609,-0.362277,0,0.677588,0.00244408,-0.0199415,0,0.0200907,1.32542,0.72639,1.08413,0.468368,-0.296326,0,0.554236
512,1.33849,3.7806,0.141472,0.230638,0.0566245,0,0.237487,-0.00389765,-0.00167232,0,0.00424126,1.50381,1.12459,1.12352,0.172312,0.0423049,0,0.17743
513,1.33433,3.76929,0.146466,0.204637,0.134845,0,0.24507,-0.0030641,-1.79707e-09,0,0.0030641,1.49871,1.1132,1.1232,0.153363,0.101058,0,0.183666
514,1.09662,3.1912,0.658432,0.794845,-0.354768,0,0.870425,0.0175228,-0.0336428,0,0.0379327,1.1383,0.308713,1.03801,0.724816,-0.323511,0,0.793737
515,1.0039,2.8856,0.503126,0.61915,-0.0109008,0,0.619246,1.0002,-0.000232031,0,1.0002,1.07784,0.173759,1.07366,0.616747,-0.0108585,0,0.616842
516,0.952015,2.82464,0.865465,0.939712,-0.222143,0,0.965612,0.0623734,-0.0550437,0,0.0831881,0.933973,-0.147381,0.98105,0.987078,-0.23334,0,1.01428
517,1.14369,3.30643,0.579454,0.80297,0.0719392,0,0.806187,0.998507,-0.00298899,0,0.998512,1.20892,0.466334,1.05703,0.702088,0.062901,0,0.7049
518,1.1251,3.26142,0.612552,0.829801,0.0956988,0,0.835302,0.994767,-0.00560079,0,0.994783,1.18054,0.402991,1.04927,0.737535,0.085058,0,0.742424
519,0.634635,1.97599,1.32623,0.909037,-0.0355439,0,0.909732,0.41873,0.087421,0,0.427758,0.529583,-1.05004,0.834468,1.43238,-0.0560068,0,1.43347
520,0.920915,2.74421,0.908519,0.971658,0.0687352,0,0.974086,0.545594,-0.0803408,0,0.551477,0.891618,-0.241925,0.968187,1.0551,0.0746379,0,1.05774
521,1.10122,3.20217,0.649585,0.856649,0.106603,0,0.863257,0.985539,-0.00979544,0,0.985587,1.14553,0.324833,1.04023,0.777907,0.0968037,0,0.783907
522,1.02212,3.00354,0.766058,0.924427,0.109319,0,0.930868,0.87663,-0.037233,0,0.87742,1.03186,0.0711223,1.00953,0.904419,0.106953,0,0.910721
523,0.60897,1.90517,1.37184,0.892015,-0.0711998,0,0.894852,0.592792,0.076349,0,0.597689,0.499079,-1.11813,0.819547,1.46479,-0.116918,0,1.46945
524,1.11666,3.24057,0.626006,0.839956,0.100379,0,0.845932,0.992183,-0.00689845,0,0.992207,1.16806,0.375136,1.04603,0.752204,0.0898926,0,0.757557
525,1.3307,3.76192,0.176632,0.287104,-0.0653894,0,0.294456,-0.00456432,-0.00525821,0,0.00696289,1.49174,1.09763,1.12102,0.215755,-0.0491393,0,0.22128
526,0.88513,2.65099,0.958161,0.978586,0.0452311,0,0.97963,0.434485,-0.0868588,0,0.443082,0.843553,-0.349213,0.953027,1.10558,0.0511011,0,1.10676
527,0.637669,1.98441,1.32129,0.911015,-0.0313864,0,0.911556,0.40305,0.0878752,0,0.412519,0.533147,-1.04208,0.836087,1.42866,-0.0492206,0,1.42951
528,1.00943,2.97134,0.784206,0.932673,0.106424,0,0.938726,0.843667,-0.0433359,0,0.844779,1.01394,0.0311209,1.00447,0.923961,0.10543,0,0.929957
529,0.667702,2.06756,1.27418,0.928838,0.0119812,0,0.928916,0.282181,0.0874099,0,0.295409,0.568562,-0.963032,0.85152,1.3911,0.0179439,0,1.39121
530,1.01784,2.99268,0.772195,0.927286,0.10842,0,0.933603,0.866005,-0.0392558,0,0.866894,1.0258,0.0575979,1.00783,0.911035,0.10652,0,0.917242
531,1.02646,3.01452,0.759804,0.921428,0.110106,0,0.927983,0.886872,-0.0352093,0,0.887571,1.03802,0.0848629,1.01126,0.897672,0.107267,0,0.904058
532,0.937482,2.78716,0.885721,0.9482,-0.205144,0,0.970138,0.0705943,-0.0577769,0,0.0912235,0.914076,-0.191794,0.975034,1.01143,-0.218825,0,1.03483
533,1.03539,3.03709,0.746937,0.915044,0.111466,0,0.921808,0.906179,-0.0312101,0,0.906717,1.0507,0.113172,1.01478,0.883764,0.107655,0,0.890297
534,1.04471,3.06058,0.733441,0.908006,0.112417,0,0.914938,0.923858,-0.0272864,0,0.92426,1.06397,0.142801,1.01845,0.86915,0.107607,0,0.875786
535,1.05952,3.09786,0.711786,0.895987,0.112923,0,0.903075,0.947149,-0.0216199,0,0.947395,1.0852,0.190179,1.02423,0.84565,0.106579,0,0.85234
536,1.04589,3.0639,0.732863,0.858405,-0.317744,0,0.915326,0.0279987,-0.0401742,0,0.0489683,1.06535,0.145864,1.0186,0.82074,-0.303802,0,0.875162
537,1.06476,3.11102,0.704079,0.8915,0.112786,0,0.898606,0.954029,-0.0198047,0,0.954234,1.09273,0.206993,1.02627,0.837274,0.105926,0,0.843948
538,1.07582,3.13872,0.687733,0.881619,0.111924,0,0.888695,0.966425,-0.0162884,0,0.966562,1.10866,0.242553,1.03053,0.819489,0.104036,0,0.826066
539,1.09433,3.18498,0.660029,0.86375,0.108556,0,0.870545,0.981498,-0.0113593,0,0.981564,1.13549,0.302423,1.03761,0.789299,0.0991993,0,0.795508
540,0.869482,2.61011,0.98037,0.973718,-0.11976,0,0.981055,0.128676,-0.0719236,0,0.147413,0.822656,-0.395858,0.946144,1.11988,-0.137737,0,1.12832
541,0.981,2.8989,0.824485,0.94866,0.0975038,0,0.953658,0.755262,-0.0573593,0,0.757437,0.974144,-0.0577141,0.993012,0.967034,0.0993923,0,0.972129
542,0.985014,2.90915,0.818817,0.946599,0.098961,0,0.951758,0.768772,-0.055397,0,0.770765,0.979737,-0.0452306,0.994643,0.961001,0.100467,0,0.966239
543,1.13639,3.29031,0.598311,0.820463,0.0900783,0,0.825393,0.996882,-0.00430706,0,0.996891,1.19622,0.438,1.05265,0.72199,0.079267,0,0.726329
544,0.89636,2.68036,0.942679,0.977035,0.0528943,0,0.978465,0.466175,-0.0854487,0,0.473942,0.858525,-0.315793,0.95779,1.09,0.0590101,0,1.0916
545,0.901673,2.69422,0.935356,0.976139,0.0563006,0,0.977762,0.482064,-0.0845953,0,0.48943,0.865635,-0.299921,0.960032,1.08259,0.0624402,0,1.08439
546,0.906589,2.70702,0.928497,0.975124,0.0596592,0,0.976947,0.497962,-0.083658,0,0.50494,0.872253,-0.28515,0.962126,1.0756,0.0658062,0,1.07761
547,1.07024,3.12518,0.697544,0.829727,-0.337093,0,0.895588,0.0225094,-0.0369591,0,0.0432741,1.10018,0.223623,1.02798,0.775273,-0.31497,0,0.836812
548,0.881538,2.64171,0.963576,0.979635,0.0363174,0,0.980308,0.40305,-0.0878752,0,0.412519,0.838655,-0.360144,0.951354,1.11128,0.0411978,0,1.11204
549,0.881739,2.64217,0.963046,0.979226,0.0407995,0,0.980076,0.41873,-0.087421,0,0.427758,0.83899,-0.359396,0.951518,1.11056,0.0462716,0,1.11153
550,0.826758,2.49685,1.03809,0.978046,0.0204743,0,0.978261,0.341373,-0.0885842,0,0.35268,0.767236,-0.519562,0.928006,1.18299,0.0247645,0,1.18325
551,1.00342,2.95622,0.793324,0.900824,-0.278108,0,0.942777,0.0403666,-0.0463732,0,0.0614811,1.00533,0.0118907,1.0019,0.897757,-0.277161,0,0.939567
552,1.04952,3.0727,0.726433,0.904214,0.112723,0,0.911213,0.932063,-0.0253625,0,0.932408,1.07085,0.158158,1.02033,0.861552,0.107404,0,0.86822
553,1.05445,3.08512,0.719228,0.90022,0.1129,0,0.907272,0.939824,-0.0234694,0,0.940117,1.07792,0.17393,1.02226,0.853732,0.107069,0,0.86042
554,0.860615,2.5868,0.9927,0.975308,-0.107933,0,0.981262,0.139715,-0.073891,0,0.158051,0.810956,-0.421972,0.942299,1.13327,-0.125414,0,1.14019
555,0.899751,2.68922,0.938061,0.965049,-0.159101,0,0.978076,0.0978143,-0.0653762,0,0.117651,0.863045,-0.305703,0.959205,1.07257,-0.176828,0,1.08705
556,0.925614,2.75638,0.901973,0.970364,0.071477,0,0.972993,0.561404,-0.0790966,0,0.566948,0.897995,-0.227691,0.970161,1.04835,0.0772211,0,1.05119
557,0.939295,2.79177,0.882943,0.966164,0.078873,0,0.969378,0.608349,-0.0748723,0,0.612939,0.916623,-0.186109,0.975863,1.0286,0.0839704,0,1.03203
558,1.08168,3.15339,0.678996,0.876131,0.111131,0,0.883151,0.971917,-0.0145954,0,0.972027,1.11714,0.261482,1.03279,0.809973,0.10274,0,0.816463
559,1.08783,3.16877,0.669809,0.870226,0.110026,0,0.877154,0.976936,-0.0129583,0,0.977022,1.12605,0.281369,1.03514,0.799963,0.101142,0,0.806332
560,0.972884,2.87813,0.83591,0.952613,0.0943831,0,0.957277,0.727491,-0.0611781,0,0.730059,0.962869,-0.082882,0.989706,0.979164,0.0970137,0,0.983959
561,0.976969,2.8886,0.830186,0.950685,0.0959435,0,0.955514,0.741491,-0.0592869,0,0.743857,0.968533,-0.0702398,0.991365,0.973097,0.0982053,0,0.97804
562,0.888937,2.66104,0.953229,0.968717,-0.14534,0,0.979559,0.107707,-0.067693,0,0.127213,0.848532,-0.338098,0.954548,1.08975,-0.163499,0,1.10195
563,0.878874,2.63475,0.96733,0.971599,-0.132217,0,0.980553,0.118011,-0.0698731,0,0.137145,0.8351,-0.368081,0.950192,1.1055,-0.150439,0,1.11569
564,0.930259,2.76841,0.895528,0.969032,0.0740412,0,0.971856,0.57714,-0.0777595,0,0.582355,0.904303,-0.21361,0.972098,1.04168,0.079592,0,1.04472
565,0.934812,2.78018,0.889176,0.967612,0.0765352,0,0.970634,0.592792,-0.076349,0,0.597689,0.910508,-0.19976,0.974001,1.03509,0.0818723,0,1.03832
566,0.984891,2.90895,0.819373,0.916386,-0.258727,0,0.95221,0.0472305,-0.0493761,0,0.068328,0.979458,-0.0458531,0.994483,0.930444,-0.262696,0,0.966817
567,0.967809,2.86522,0.843367,0.92924,-0.239972,0,0.959725,0.0545901,-0.0522724,0,0.0755809,0.955746,-0.0987802,0.987536,0.960148,-0.247954,0,0.991647
568,1.15638,3.33942,0.56542,0.701466,-0.377487,0,0.796587,0.00899342,-0.0268915,0,0.0283555,1.22602,0.504509,1.06023,0.606607,-0.32644,0,0.688865
569,0.85667,2.57586,0.996097,0.979214,0.0258019,0,0.979554,0.356608,-0.0885837,0,0.367446,0.806329,-0.432301,0.941236,1.14305,0.0301188,0,1.14344
570,0.876446,2.62819,0.970002,0.979682,0.0292542,0,0.980118,0.371973,-0.0884542,0,0.382346,0.832067,-0.374851,0.949364,1.11779,0.0333782,0,1.11829
571,0.837516,2.5259,1.02511,0.977824,-0.0757828,0,0.980756,0.174948,-0.0791083,0,0.192003,0.780661,-0.489596,0.932115,1.16753,-0.0904852,0,1.17103
572,0.831292,2.50943,1.03384,0.978082,-0.0659358,0,0.980302,0.187361,-0.0805941,0,0.20396,0.772566,-0.507666,0.929355,1.17658,-0.0793172,0,1.17925
573,0.81509,2.46643,1.0567,0.977818,-0.0393177,0,0.978608,0.22639,-0.0842933,0,0.241574,0.751588,-0.554492,0.922092,1.19964,-0.0482373,0,1.20061
574,0.810495,2.4542,1.06317,0.977454,-0.0312562,0,0.977954,0.239963,-0.0852778,0,0.254665,0.745678,-0.567683,0.920029,1.206,-0.0385644,0,1.20661
575,0.795271,2.41368,1.08507,0.975609,-0.00171786,0,0.975611,0.296693,-0.0878931,0,0.309438,0.726101,-0.611382,0.913023,1.22676,-0.00216009,0,1.22677
576,0.794752,2.41233,1.08597,0.975617,0.00567811,0,0.975633,0.311427,-0.0882457,0,0.323688,0.725397,-0.612953,0.912733,1.22757,0.0071445,0,1.22759
577,0.806421,2.44335,1.06895,0.977062,-0.0235084,0,0.977345,0.253818,-0.0861184,0,0.268029,0.740443,-0.579369,0.918184,1.2116,-0.0291515,0,1.21195
578,1.32755,3.75518,0.196202,0.25664,0.201139,0,0.326069,-0.00389764,0.00167232,0,0.00424126,1.48605,1.08494,1.1194,0.193319,0.151512,0,0.245618
579,1.2558,3.58183,0.383166,0.497003,-0.328942,0,0.595999,-8.35056e-05,-0.0163969,0,0.0163971,1.37616,0.83964,1.09584,0.395765,-0.261938,0,0.474596
580,0.881888,2.64285,0.963931,0.931934,0.306369,0,0.981001,0.0403666,0.0463732,0,0.0614811,0.838891,-0.359619,0.951244,1.05675,0.347401,0,1.11239
581,1.09156,3.16045,0.598006,0.786793,-0.0945885,0,0.792458,0.985539,0.00979544,0,0.985587,1.14912,0.332848,1.05272,0.720794,-0.086654,0,0.725984
582,0.618568,1.93113,1.35174,0.89714,-0.0611013,0,0.899218,0.529748,0.0815189,0,0.535983,0.511012,-1.09149,0.826121,1.45035,-0.0987786,0,1.45371
583,0.62204,1.94088,1.34638,0.899999,-0.0543421,0,0.901638,0.497962,0.083658,0,0.50494,0.514969,-1.08266,0.827872,1.44685,-0.0873611,0,1.44949
584,0.624247,1.94713,1.34324,0.901862,-0.0507039,0,0.903287,0.482064,0.0845953,0,0.48943,0.517439,-1.07715,0.828901,1.44472,-0.081224,0,1.447
585,0.626493,1.95334,1.33938,0.903396,-0.0470467,0,0.90462,0.466175,0.0854487,0,0.473942,0.520091,-1.07123,0.830163,1.44199,-0.0750953,0,1.44394
586,1.07945,3.13084,0.619269,0.803517,-0.0988496,0,0.809575,0.976936,0.0129583,0,0.977022,1.1309,0.292188,1.04766,0.744376,-0.0915739,0,0.749987
587,1.06858,3.10419,0.638072,0.817671,-0.1015,0,0.823946,0.966425,0.0162884,0,0.966562,1.11461,0.255832,1.04308,0.765196,-0.0949862,0,0.771069
588,1.04081,3.0359,0.685177,0.850529,-0.103936,0,0.856856,0.923858,0.0272864,0,0.92426,1.07328,0.163564,1.03119,0.817181,-0.0998606,0,0.82326
589,0.62904,1.96044,1.33531,0.905228,-0.043302,0,0.906263,0.450301,0.0862033,0,0.458478,0.523045,-1.06463,0.831497,1.43906,-0.0688383,0,1.44071
590,0.631736,1.96793,1.33089,0.907066,-0.0394916,0,0.907925,0.434485,0.0868588,0,0.443082,0.526201,-1.05759,0.832943,1.43583,-0.0625128,0,1.43719
591,0.640864,1.99329,1.31621,0.913116,-0.0268488,0,0.91351,0.387457,0.0882165,0,0.397372,0.536884,-1.03374,0.83775,1.42482,-0.0418947,0,1.42543
592,1.03672,3.02581,0.691984,0.854955,-0.103804,0,0.861233,0.915226,0.0292352,0,0.915693,1.06723,0.150072,1.02943,0.824671,-0.100127,0,0.830728
593,1.05391,3.06817,0.663085,0.835577,-0.103525,0,0.841966,0.947149,0.0216199,0,0.947395,1.09274,0.20701,1.03684,0.792833,-0.0982293,0,0.798895
594,0.830406,2.50719,1.0355,0.95146,0.237101,0,0.980557,0.0623734,0.0550437,0,0.0831881,0.771303,-0.510484,0.928827,1.14578,0.285524,0,1.18082
595,0.845995,2.54841,1.01361,0.946829,0.258486,0,0.981479,0.0545901,0.0522724,0,0.0755809,0.791631,-0.465109,0.935739,1.11919,0.305541,0,1.16015
596,0.677273,2.09395,1.25952,0.933646,0.0262125,0,0.934013,0.253818,0.0861184,0,0.268029,0.579964,-0.93758,0.856322,1.37854,0.038703,0,1.37908
597,0.672287,2.08019,1.26707,0.931151,0.0188162,0,0.931341,0.267889,0.086814,0,0.281604,0.574033,-0.950818,0.853852,1.38505,0.0279884,0,1.38533
598,0.731116,2.24098,1.17818,0.95243,0.100105,0,0.957676,0.151101,0.0757456,0,0.169024,0.645504,-0.791285,0.882903,1.30271,0.136921,0,1.30988
599,0.748935,2.28926,1.15214,0.95596,0.12364,0,0.963923,0.128676,0.0719236,0,0.147413,0.66758,-0.742009,0.891372,1.27643,0.165088,0,1.28706
600,0.75835,2.31458,1.13808,0.956865,0.136765,0,0.96659,0.118011,0.0698731,0,0.137145,0.67943,-0.715558,0.895932,1.26177,0.180346,0,1.2746
601,1.00066,2.93628,0.750871,0.889887,-0.0964647,0,0.8951,0.794946,0.0514358,0,0.796609,1.01438,0.0320919,1.01371,0.889302,-0.0964012,0,0.894511
602,0.99286,2.9168,0.763332,0.896608,-0.0922105,0,0.901337,0.741491,0.059287,0,0.743857,1.00307,0.00685125,1.01028,0.903056,-0.0928737,0,0.907819
603,0.991926,2.91452,0.765025,0.897653,-0.0912225,0,0.902276,0.727491,0.0611781,0,0.730059,1.00166,0.00370913,1.00982,0.90496,-0.091965,0,0.909621
604,0.998377,2.93061,0.754595,0.891946,-0.0954421,0,0.897037,0.781999,0.0534227,0,0.783822,1.01105,0.0246548,1.01269,0.893395,-0.0955972,0,0.898496
605,1.00872,2.95636,0.73784,0.882634,-0.0993018,0,0.888203,0.831986,0.0453618,0,0.833222,1.02613,0.0583189,1.01726,0.875004,-0.0984434,0,0.880524
606,1.03276,3.016,0.698546,0.859139,-0.103537,0,0.865356,0.906179,0.0312101,0,0.906717,1.06138,0.137018,1.02772,0.831888,-0.100253,0,0.837907
607,1.01821,2.97995,0.722407,0.873711,-0.101574,0,0.879596,0.866005,0.0392558,0,0.866894,1.04001,0.0893045,1.02141,0.858085,-0.0997577,0,0.863864
608,1.01491,2.97176,0.727802,0.876881,-0.100904,0,0.882667,0.855015,0.0412945,0,0.856011,1.03517,0.0785065,1.01996,0.863998,-0.0994215,0,0.8697
609,1.00586,2.94925,0.742464,0.885232,-0.0984366,0,0.890688,0.819967,0.0473978,0,0.821336,1.02196,0.0490165,1.016,0.880071,-0.0978628,0,0.885496
610,1.00317,2.94252,0.746786,0.887621,-0.0974411,0,0.892953,0.80761,0.0494289,0,0.809121,1.01804,0.0402625,1.01483,0.88482,-0.0971336,0,0.890135
611,0.996272,2.92534,0.757921,0.893722,-0.09433,0,0.898686,0.768772,0.055397,0,0.770765,1.008,0.0178646,1.01178,0.897066,-0.094683,0,0.902049
612,0.994486,2.92091,0.76092,0.895409,-0.0933085,0,0.900257,0.755262,0.0573594,0,0.757437,1.00537,0.0119969,1.01095,0.900373,-0.0938258,0,0.905249
613,0.991863,2.91442,0.765348,0.898056,-0.0900589,0,0.90256,0.713252,0.0630473,0,0.716033,1.00151,0.00336929,1.00973,0.905423,-0.0907978,0,0.909965
614,0.991287,2.913,0.766316,0.898743,-0.08818,0,0.903058,0.698794,0.0648795,0,0.701799,1.00066,0.00147951,1.00946,0.906642,-0.088955,0,0.910995
615,1.00508,2.94915,0.750477,0.894465,-0.0864315,0,0.898631,0.654275,0.0701073,0,0.65802,1.01897,0.0423373,1.01382,0.889945,-0.0859947,0,0.89409
616,0.925171,2.73751,0.837872,0.908256,-0.0847623,0,0.912203,0.639095,0.071749,0,0.64311,0.91512,-0.189465,0.989136,0.981718,-0.0916181,0,0.985984
617,0.618129,1.92987,1.3523,0.896273,-0.06805,0,0.898853,0.561404,0.0790966,0,0.566948,0.510536,-1.09255,0.825938,1.44998,-0.11009,0,1.45415
618,0.617901,1.92939,1.35344,0.896772,-0.0643462,0,0.899078,0.545594,0.0803408,0,0.551477,0.510117,-1.09349,0.825564,1.45132,-0.104137,0,1.45505
619,0.667027,2.0516,1.21064,0.88928,-0.074534,0,0.892398,0.623787,0.0733359,0,0.628083,0.581858,-0.933354,0.872315,1.3332,-0.111741,0,1.33788
620,0.607046,1.90154,1.38391,0.894872,-0.0712543,0,0.897704,0.608349,0.0748723,0,0.612939,0.495111,-1.12699,0.815606,1.47414,-0.117379,0,1.47881
621,0.694495,2.14122,1.23324,0.941116,0.0506352,0,0.942477,0.2131,0.0831832,0,0.22876,0.600687,-0.891323,0.864926,1.35511,0.0729094,0,1.35707
622,0.701168,2.1595,1.22326,0.943739,0.059436,0,0.945609,0.20008,0.0819499,0,0.216212,0.608748,-0.87333,0.868192,1.34595,0.0847672,0,1.34862
623,0.708187,2.17863,1.21248,0.946097,0.0685568,0,0.948578,0.187361,0.0805941,0,0.20396,0.617337,-0.854159,0.871715,1.33594,0.0968061,0,1.33945
624,0.715582,2.19878,1.20137,0.948437,0.0784511,0,0.951676,0.174948,0.0791083,0,0.192003,0.626379,-0.833975,0.875342,1.32541,0.109633,0,1.32993
625,1.01502,2.9866,0.779951,0.824644,0.449847,0,0.939362,0.0130132,0.0303212,0,0.0329957,1.02077,0.0463627,1.00566,0.81244,0.44319,0,0.925459
626,0.902923,2.69785,0.934962,0.920451,0.332795,0,0.978766,0.0339487,0.0432876,0,0.0550121,0.866944,-0.297,0.960153,1.01941,0.368575,0,1.084
627,0.926537,2.75926,0.90244,0.9051,0.36089,0,0.974396,0.0279987,0.0401742,0,0.0489683,0.898759,-0.225984,0.97002,0.976864,0.389504,0,1.05165
628,0.997064,2.93988,0.801744,0.94,0.102983,0,0.945624,0.80761,-0.0494289,0,0.809121,0.996585,-0.00762337,0.99952,0.942768,0.103286,0,0.948409
629,1.00117,2.95033,0.795945,0.93765,0.104188,0,0.943421,0.819967,-0.0473978,0,0.821336,1.00233,0.00520168,1.00116,0.936558,0.104066,0,0.942322
630,0.911379,2.71946,0.921817,0.974047,0.0628497,0,0.976072,0.513867,-0.08263,0,0.520468,0.878714,-0.270727,0.964159,1.06876,0.0689611,0,1.07098
631,0.916146,2.73183,0.915143,0.972868,0.0658846,0,0.975096,0.529748,-0.0815189,0,0.535983,0.885165,-0.256329,0.966183,1.06191,0.071915,0,1.06435
632,1.17996,3.39893,0.532301,0.583866,0.498698,0,0.767854,-8.35009e-05,0.0163969,0,0.0163971,1.25964,0.579546,1.06752,0.494817,0.422639,0,0.650744
633,0.952761,2.82709,0.86631,0.884868,0.390467,0,0.967189,0.0225094,0.0369591,0,0.0432741,0.934468,-0.146277,0.9808,0.92874,0.409827,0,1.01514
634,0.790259,2.40031,1.09233,0.957571,0.181965,0,0.974707,0.0883193,0.0629443,0,0.108454,0.719682,-0.62571,0.910691,1.21172,0.23026,0,1.2334
635,0.802731,2.43362,1.07459,0.956557,0.199033,0,0.977045,0.0792447,0.0604116,0,0.0996458,0.735607,-0.590163,0.91638,1.19163,0.247945,0,1.21715
636,0.659189,2.04405,1.28736,0.924202,-0.000528112,0,0.924202,0.311427,0.0882457,0,0.323688,0.558469,-0.985561,0.847205,1.40203,-0.000801153,0,1.40203
637,0.663343,2.05552,1.28089,0.926495,0.00551297,0,0.926512,0.296693,0.0878931,0,0.309438,0.563392,-0.974571,0.849323,1.39671,0.00831089,0,1.39673
638,0.64412,2.0023,1.31096,0.91516,-0.0220063,0,0.915424,0.371973,0.0884543,0,0.382346,0.540721,-1.02518,0.839472,1.42079,-0.0341649,0,1.4212
639,0.647555,2.01184,1.3056,0.91735,-0.0168567,0,0.917504,0.356608,0.0885838,0,0.367446,0.54474,-1.01621,0.841226,1.41664,-0.0260314,0,1.41688
640,1.04939,3.05705,0.670732,0.840846,-0.103813,0,0.84723,0.939824,0.0234694,0,0.940117,1.08602,0.192007,1.0349,0.801267,-0.0989268,0,0.807351
641,1.04503,3.04629,0.678087,0.845817,-0.10394,0,0.852179,0.932063,0.0253625,0,0.932408,1.07953,0.177528,1.03302,0.809374,-0.0994621,0,0.815462
642,0.943684,2.80309,0.876806,0.964635,0.0811502,0,0.968042,0.623787,-0.0733359,0,0.628083,0.92263,-0.172702,0.97769,1.0222,0.085993,0,1.02581
643,0.948014,2.81425,0.870777,0.963086,0.0832782,0,0.96668,0.639095,-0.071749,0,0.64311,0.928559,-0.159466,0.979478,1.0159,0.087845,0,1.01969
644,1.02364,3.00762,0.764737,0.881833,-0.297956,0,0.93081,0.0339487,-0.0432876,0,0.0550121,1.03377,0.0753768,1.00989,0.861468,-0.291075,0,0.909314
645,1.28633,3.65522,0.312017,0.419412,-0.271345,0,0.499534,-0.0021147,-0.0128079,0,0.0129813,1.42329,0.94484,1.10647,0.326053,-0.210945,0,0.388341
646,0.802648,2.43329,1.07428,0.976583,-0.0160665,0,0.976715,0.267889,-0.086814,0,0.281604,0.73561,-0.590156,0.916479,1.2167,-0.0200169,0,1.21687
647,1.31066,3.71416,0.248497,0.3976,-0.0859671,0,0.406788,-0.00730021,-0.00797566,0,0.0108122,1.46041,1.02771,1.11426,0.303358,-0.0655905,0,0.310368
648,0.885816,2.65326,0.958945,0.980479,0.0339638,0,0.981067,0.39564,-0.105599,0,0.40949,0.843992,-0.348231,0.952785,1.10687,0.0383418,0,1.10753
649,0.804886,2.43947,1.07193,0.977683,-0.00572364,0,0.9777,0.288895,-0.103905,0,0.307013,0.738266,-0.584229,0.91723,1.21468,-0.00711112,0,1.21471
650,0.992585,2.92879,0.809232,0.944,0.0987896,0,0.949155,0.790728,-0.0671286,0,0.793572,0.989992,-0.0223385,0.997388,0.951051,0.0995276,0,0.956245
651,0.921506,2.74613,0.909093,0.972996,0.0661103,0,0.975239,0.539002,-0.0988371,0,0.547989,0.89203,-0.241004,0.968014,1.05588,0.0717416,0,1.05831
652,1.04314,3.05676,0.736189,0.910223,0.108388,0,0.916653,0.921742,-0.0379985,0,0.922525,1.0616,0.137507,1.0177,0.872583,0.103906,0,0.878747
653,1.10053,3.18287,0.584237,0.777705,-0.0794967,0,0.781758,0.992159,0.0108208,0,0.992218,1.16208,0.361792,1.05593,0.706665,-0.072235,0,0.710348
654,1.09429,3.16785,0.596151,0.78765,-0.0841524,0,0.792133,0.988885,0.0129058,0,0.988969,1.15246,0.340305,1.05316,0.719785,-0.0769017,0,0.723881
655,1.06681,3.10108,0.645744,0.826131,-0.096213,0,0.831715,0.965374,0.0238097,0,0.965668,1.11074,0.247198,1.04119,0.774395,-0.0901877,0,0.779629
656,1.17171,3.37779,0.54262,0.636397,0.444834,0,0.776452,-0.00212587,0.020527,0,0.0206368,1.24821,0.554039,1.06528,0.543133,0.379644,0,0.662664
657,1.10788,3.20103,0.572049,0.767956,-0.0747123,0,0.771581,0.994813,0.00891745,0,0.994853,1.17294,0.386028,1.05873,0.693176,-0.0674372,0,0.696449
658,1.15207,3.31219,0.505937,0.712441,-0.0532143,0,0.714425,0.999477,0.00174855,0,0.999478,1.23627,0.527385,1.07308,0.618398,-0.04619,0,0.620121
659,1.15255,3.31886,0.527872,0.744012,0.0115905,0,0.744103,1.0002,0.000541397,0,1.0002,1.23146,0.516662,1.06847,0.645537,0.0100564,0,0.645615
660,1.13627,3.28929,0.595808,0.818968,0.071485,0,0.822082,0.998813,-0.00502715,0,0.998826,1.19676,0.439205,1.05324,0.720752,0.062912,0,0.723492
661,0.992234,2.81653,0.289014,0.357377,0.00429938,0,0.357403,1.00046,-4.43119e-10,0,1.00046,1.10087,0.225146,1.10948,0.360174,0.00433303,0,0.3602
662,1.09939,3.19815,0.654405,0.807571,-0.31741,0,0.867709,0.0166237,-0.0404024,0,0.0436887,1.14229,0.317611,1.03902,0.734565,-0.288716,0,0.789267
663,1.30918,3.71088,0.25479,0.367068,0.196784,0,0.416489,-0.00690723,0.00296624,0,0.00751721,1.45785,1.02199,1.11356,0.280379,0.15031,0,0.318128
664,0.9194,2.74066,0.911994,0.961685,-0.164619,0,0.975673,0.0904002,-0.074575,0,0.117191,0.889186,-0.247353,0.967137,1.04599,-0.17905,0,1.06121
665,1.04781,3.0685,0.72932,0.906523,0.108513,0,0.912995,0.93013,-0.0355701,0,0.930809,1.0683,0.152445,1.01955,0.865163,0.103563,0,0.87134
666,1.11112,3.22675,0.634279,0.846975,0.092745,0,0.852037,0.992159,-0.0108208,0,0.992218,1.16003,0.357199,1.04401,0.76227,0.0834697,0,0.766827
667,0.621283,1.93838,1.3457,0.897681,-0.0673658,0,0.900205,0.570788,0.0962606,0,0.578848,0.514482,-1.08375,0.828096,1.44488,-0.10843,0,1.44895
668,1.16968,3.37691,0.561936,0.797947,0.0707715,0,0.80108,0.999477,-0.00174855,0,0.999478,1.24104,0.538028,1.06101,0.682195,0.0605052,0,0.684873
669,1.2119,3.47525,0.469138,0.624899,-0.313783,0,0.699256,0.000619409,-0.0245674,0,0.0245752,1.30941,0.690642,1.08046,0.515635,-0.258918,0,0.576991
670,0.968696,2.86774,0.843009,0.95601,0.0901069,0,0.960248,0.708103,-0.080372,0,0.71265,0.956723,-0.0965998,0.987641,0.986905,0.0930187,0,0.991279
671,1.26811,3.61138,0.35553,0.505116,-0.240715,0,0.559541,-0.0043653,-0.0164502,0,0.0170195,1.39517,0.882085,1.1002,0.398323,-0.189823,0,0.441241
672,0.972678,2.87794,0.837381,0.954158,0.0916729,0,0.958552,0.722494,-0.0782733,0,0.726722,0.96225,-0.0842637,0.989279,0.98096,0.0942479,0,0.985477
673,1.12551,3.26306,0.614243,0.771362,-0.32684,0,0.837749,0.011929,-0.0365164,0,0.0384155,1.18051,0.402932,1.04887,0.685345,-0.290393,0,0.744329
674,1.02107,3.00105,0.768234,0.926226,0.105961,0,0.932268,0.873608,-0.0502749,0,0.875054,1.03018,0.0673652,1.00893,0.907118,0.103775,0,0.913035
675,1.18243,3.40326,0.521307,0.679384,-0.327941,0,0.754392,0.00390109,-0.028582,0,0.028847,1.26504,0.591611,1.06987,0.574567,-0.277345,0,0.638002
676,0.820612,2.48104,1.04863,0.978903,0.0184007,0,0.979076,0.333716,-0.105442,0,0.349978,0.758786,-0.538423,0.92466,1.19289,0.0224231,0,1.1931
677,1.01688,2.99045,0.774288,0.929052,0.105129,0,0.934981,0.862818,-0.0527232,0,0.864427,1.02424,0.0541167,1.00724,0.913632,0.103384,0,0.919462
678,0.964664,2.85742,0.84871,0.957842,0.08832,0,0.961905,0.693489,-0.0824086,0,0.698368,0.951135,-0.109073,0.985976,0.992928,0.0915551,0,0.99714
679,1.11933,3.24744,0.62281,0.839281,0.0885083,0,0.843935,0.994813,-0.00891745,0,0.994853,1.17172,0.383299,1.04681,0.74981,0.0790729,0,0.753968
680,1.15356,3.33239,0.569646,0.728646,-0.330813,0,0.800227,0.00759937,-0.0325961,0,0.0334703,1.22193,0.495387,1.05927,0.63165,-0.286775,0,0.693701
681,1.08248,3.13918,0.617615,0.804759,-0.0904806,0,0.80983,0.980965,0.0171424,0,0.981115,1.1345,0.300225,1.04806,0.743443,-0.0835867,0,0.748127
682,0.62442,1.94751,1.34249,0.901269,-0.0584927,0,0.903165,0.523061,0.100015,0,0.532538,0.517735,-1.07648,0.829146,1.44337,-0.0936752,0,1.44641
683,1.05736,3.07802,0.6624,0.83816,-0.0983882,0,0.843915,0.952624,0.0284324,0,0.953048,1.0965,0.215392,1.03701,0.792692,-0.0930509,0,0.798135
684,1.00315,2.94738,0.764603,0.907795,-0.0878302,0,0.912034,0.663706,0.0863004,0,0.669293,1.01311,0.029267,1.00993,0.904946,-0.0875545,0,0.909172
685,1.11406,3.21523,0.557464,0.754453,-0.0653133,0,0.757275,0.997083,0.00701362,0,0.997107,1.18314,0.4088,1.06201,0.677211,-0.0586264,0,0.679744
686,0.626436,1.95325,1.33981,0.90309,-0.05478,0,0.90475,0.507074,0.101101,0,0.517055,0.519957,-1.07152,0.830024,1.44163,-0.0874472,0,1.44428
687,0.67898,2.09856,1.25654,0.934499,0.018398,0,0.93468,0.274368,0.103111,0,0.293103,0.582089,-0.932837,0.8573,1.37633,0.0270966,0,1.3766
688,0.660448,2.04746,1.28506,0.924701,-0.00651914,0,0.924724,0.333716,0.105442,0,0.349978,0.560033,-0.98207,0.847958,1.40011,-0.00987078,0,1.40015
689,0.740556,2.26669,1.16479,0.956284,0.0988736,0,0.961382,0.15504,0.0896323,0,0.179085,0.657065,-0.76548,0.88726,1.29131,0.133513,0,1.29819
690,0.844003,2.54339,1.01733,0.954678,0.230641,0,0.982143,0.0635323,0.0652883,0,0.0910984,0.788779,-0.471476,0.934569,1.13113,0.27327,0,1.16367
691,1.13969,3.27346,0.492501,0.688859,-0.000722304,0,0.68886,1.00004,0.00103297,0,1.00004,1.22611,0.504716,1.07583,0.604425,-0.00063377,0,0.604425
692,1.2882,3.65873,0.301519,0.449972,-0.177552,0,0.483735,-0.00609525,-0.0123592,0,0.0137805,1.42716,0.953484,1.10787,0.349303,-0.13783,0,0.375512
693,1.24346,3.55223,0.41,0.507334,0.373797,0,0.630168,-0.00609524,0.0123592,0,0.0137805,1.35702,0.796916,1.09133,0.408002,0.300611,0,0.506787
694,1.02543,3.01272,0.764131,0.834744,0.414021,0,0.931778,0.011929,0.0365164,0,0.0384155,1.03575,0.0798001,1.01006,0.814041,0.403753,0,0.908669
695,1.2814,3.64543,0.335483,0.443404,0.29802,0,0.53425,-0.00730019,0.00797567,0,0.0108122,1.41362,0.92327,1.10318,0.346029,0.232573,0,0.416925
696,1.07323,3.13232,0.691809,0.884962,0.10659,0,0.891358,0.965374,-0.0238097,0,0.965668,1.10487,0.234077,1.02948,0.824576,0.0993172,0,0.830536
697,0.932009,2.7733,0.894369,0.956051,-0.178644,0,0.972598,0.0810152,-0.071593,0,0.108116,0.906328,-0.209089,0.972446,1.0258,-0.191677,0,1.04355
698,1.33019,3.7618,0.188606,0.288603,0.124119,0,0.314161,-0.00515213,-1.6852e-09,0,0.00515213,1.48988,1.09349,1.12005,0.216963,0.0933088,0,0.236177
699,0.858934,2.58258,0.995791,0.977572,-0.0919961,0,0.981891,0.15504,-0.0896323,0,0.179085,0.808542,-0.427362,0.941332,1.13812,-0.107105,0,1.14315
700,0.89703,2.68242,0.942892,0.978081,0.0505281,0,0.979385,0.459089,-0.103721,0,0.47066,0.859108,-0.314491,0.957725,1.09035,0.0563282,0,1.09181
701,1.07478,3.13669,0.691279,0.838577,-0.304117,0,0.892019,0.0219018,-0.0442912,0,0.0494105,1.10661,0.237967,1.02961,0.78023,-0.282957,0,0.829954
702,1.09467,3.18688,0.663258,0.751136,0.448287,0,0.874738,0.00390109,0.028582,0,0.028847,1.13495,0.301234,1.0368,0.686174,0.409517,0,0.799086
703,1.01226,2.96695,0.7386,0.886789,-0.0976703,0,0.892151,0.840126,0.0576059,0,0.842099,1.02952,0.0659004,1.01705,0.876045,-0.096487,0,0.881343
704,1.00161,2.94045,0.755928,0.896384,-0.0946346,0,0.901366,0.790728,0.0671286,0,0.793572,1.01395,0.0311352,1.01232,0.894947,-0.0944828,0,0.899921
705,0.99022,2.91195,0.773899,0.905859,-0.0873651,0,0.910062,0.678689,0.0843838,0,0.683915,0.9975,-0.00557941,1.00735,0.914805,-0.088228,0,0.91905
706,1.08826,3.15323,0.607136,0.796494,-0.0876243,0,0.8013,0.985214,0.0149538,0,0.985328,1.14329,0.319844,1.05057,0.731896,-0.0805177,0,0.736312
707,1.06199,3.08933,0.654251,0.83233,-0.0974288,0,0.838013,0.959231,0.0261056,0,0.959586,1.10348,0.230975,1.03906,0.783744,-0.0917416,0,0.789095
708,1.02881,3.0079,0.711217,0.87052,-0.100118,0,0.876258,0.894072,0.0453512,0,0.895221,1.0539,0.120303,1.02438,0.846143,-0.0973146,0,0.851721
709,1.02521,2.999,0.717168,0.874144,-0.0997822,0,0.879821,0.884043,0.0478172,0,0.885335,1.04859,0.108459,1.0228,0.852649,-0.0973286,0,0.858186
710,0.664777,2.05942,1.2784,0.927151,-0.000896922,0,0.927152,0.318624,0.105072,0,0.335502,0.565153,-0.97064,0.85014,1.39468,-0.00134921,0,1.39468
711,0.673938,2.08466,1.26414,0.931927,0.0114916,0,0.931998,0.288895,0.103905,0,0.307013,0.576089,-0.946229,0.85481,1.38281,0.0170515,0,1.38291
712,0.695835,2.1448,1.23083,0.941964,0.0415683,0,0.942881,0.232073,0.0999777,0,0.252692,0.602394,-0.887513,0.865714,1.35372,0.0597387,0,1.35504
713,0.790453,2.40096,1.09259,0.961396,0.163097,0,0.975133,0.100208,0.0774379,0,0.126643,0.719792,-0.625463,0.910608,1.21626,0.206334,0,1.23364
714,0.956496,2.83644,0.860179,0.961275,0.0846699,0,0.964997,0.663706,-0.0863005,0,0.669293,0.939861,-0.134238,0.982609,1.005,0.088521,0,1.00889
715,0.960601,2.84698,0.854388,0.959548,0.0866097,0,0.963449,0.678689,-0.0843838,0,0.683915,0.94553,-0.121584,0.984311,0.998904,0.090162,0,1.00296
716,0.832029,2.51152,1.03333,0.979347,-0.0529764,0,0.980779,0.205215,-0.0970956,0,0.227025,0.773383,-0.505842,0.929514,1.17706,-0.0636713,0,1.17878
717,1.059,3.09749,0.715877,0.796944,0.433755,0,0.907338,0.00759938,0.0325961,0,0.0334703,1.08352,0.186424,1.02315,0.752541,0.409588,0,0.856785
718,0.748995,2.28947,1.15224,0.957713,0.110478,0,0.964064,0.143355,0.0874165,0,0.167906,0.667609,-0.741945,0.89134,1.27866,0.147502,0,1.28714
719,1.07704,3.126,0.6275,0.812442,-0.0928065,0,0.817726,0.976236,0.0193262,0,0.976428,1.12623,0.281762,1.04567,0.754327,-0.0861679,0,0.759233
720,1.12249,3.23599,0.543076,0.742285,-0.0563657,0,0.744422,0.998813,0.00502714,0,0.998826,1.19566,0.436735,1.06519,0.661285,-0.050215,0,0.663189
721,1.13256,3.28116,0.605531,0.697674,0.453047,0,0.831866,0.000619416,0.0245674,0,0.0245752,1.19026,0.424697,1.05095,0.616013,0.400019,0,0.734498
722,1.21006,3.47171,0.47649,0.571228,0.419405,0,0.708662,-0.00436529,0.0164502,0,0.0170195,1.30568,0.682317,1.07902,0.472066,0.346598,0,0.585642
723,1.24073,3.54514,0.41334,0.565636,-0.285795,0,0.633737,-0.00212588,-0.020527,0,0.0206368,1.35332,0.788656,1.09075,0.455891,-0.230345,0,0.510779
724,1.32156,3.73965,0.207989,0.342295,0.0335664,0,0.343937,-0.00690725,-0.00296624,0,0.00751722,1.47796,1.06687,1.11834,0.259008,0.025399,0,0.26025
725,1.05158,3.07845,0.725388,0.864601,-0.289603,0,0.911814,0.0277187,-0.0479504,0,0.0553856,1.07325,0.163512,1.02061,0.822193,-0.275398,0,0.86709
726,1.17031,3.38926,0.600985,0.853574,0.000422373,0,0.853574,1.0002,-0.000541398,0,1.0002,1.23119,0.516052,1.05202,0.729357,0.000360907,0,0.729357
727,1.15273,3.32357,0.544616,0.766348,0.0165081,0,0.766526,1.00004,-0.00103297,0,1.00004,1.22748,0.507776,1.06485,0.664811,0.0143208,0,0.664965
728,1.07884,3.14634,0.683441,0.879802,0.105502,0,0.886105,0.971051,-0.0215442,0,0.97129,1.11297,0.252173,1.03164,0.81551,0.0977928,0,0.821352
729,1.10406,3.20928,0.64544,0.854912,0.0968842,0,0.860385,0.988885,-0.0129058,0,0.988969,1.14961,0.33396,1.04126,0.774335,0.0877526,0,0.779291
730,0.616292,1.92637,1.36335,0.898846,-0.0694831,0,0.901527,0.586566,0.0947994,0,0.594177,0.506791,-1.10091,0.822323,1.45847,-0.112744,0,1.46282
731,0.891695,2.6685,0.950301,0.978927,0.0467833,0,0.980044,0.443131,-0.104366,0,0.455256,0.851969,-0.330426,0.955449,1.09783,0.0524655,0,1.09908
732,0.642045,1.9966,1.31454,0.913784,-0.0314927,0,0.914327,0.411403,0.105317,0,0.424669,0.538226,-1.03075,0.838299,1.42324,-0.0490507,0,1.42409
733,1.0086,2.96947,0.786178,0.934361,0.103335,0,0.940058,0.840126,-0.0576059,0,0.842099,1.01255,0.0280239,1.00392,0.926391,0.102453,0,0.932039
734,1.01273,2.97994,0.780284,0.931775,0.104299,0,0.937595,0.851653,-0.0551765,0,0.853438,1.01837,0.0409983,1.00557,0.920066,0.102988,0,0.925812
735,1.02531,3.01178,0.762081,0.923293,0.106619,0,0.929429,0.884043,-0.0478172,0,0.885335,1.03621,0.0808216,1.01063,0.900501,0.103987,0,0.906485
736,1.02965,3.02274,0.755828,0.920258,0.107263,0,0.926488,0.894072,-0.0453512,0,0.895221,1.04236,0.0945578,1.01235,0.893762,0.104175,0,0.899813
737,0.960053,2.84565,0.855437,0.941063,-0.208714,0,0.96393,0.0635323,-0.0652883,0,0.0910984,0.944695,-0.123448,0.984003,0.98022,-0.217399,0,1.00404
738,0.945559,2.8083,0.875521,0.949226,-0.19343,0,0.968734,0.0720559,-0.0684973,0,0.0994179,0.924824,-0.167804,0.978071,1.00388,-0.204567,0,1.02451
739,1.03403,3.0338,0.749435,0.917055,0.107729,0,0.923361,0.903698,-0.0428952,0,0.904716,1.04861,0.108506,1.0141,0.886876,0.104184,0,0.892974
740,1.03855,3.04519,0.742871,0.913713,0.10808,0,0.920083,0.912934,-0.0404415,0,0.913829,1.05505,0.122881,1.01589,0.8798,0.104068,0,0.885933
741,1.0626,3.10566,0.707573,0.894331,0.107957,0,0.900823,0.952624,-0.0284324,0,0.953048,1.08953,0.199844,1.02535,0.841646,0.101597,0,0.847756
742,1.06783,3.11879,0.699831,0.889785,0.107388,0,0.896242,0.959231,-0.0261056,0,0.959586,1.09707,0.216673,1.02738,0.833265,0.100567,0,0.839311
743,1.09727,3.19236,0.655704,0.86186,0.0998429,0,0.867624,0.985214,-0.0149538,0,0.985328,1.13974,0.311912,1.0387,0.785457,0.0909918,0,0.79071
744,0.984668,2.90859,0.820424,0.948206,0.0961745,0,0.95307,0.764243,-0.0717074,0,0.7676,0.978938,-0.0470139,0.994181,0.96297,0.0976721,0,0.967911
745,0.988649,2.91876,0.814827,0.946144,0.097574,0,0.951162,0.777627,-0.0694287,0,0.78072,0.984484,-0.034634,0.995788,0.957008,0.0986943,0,0.962083
746,1.12656,3.2647,0.609063,0.828126,0.0796463,0,0.831947,0.997083,-0.00701363,0,0.997107,1.18301,0.408494,1.05011,0.735095,0.0706989,0,0.738487
747,0.902358,2.69631,0.935507,0.977155,0.0538671,0,0.978639,0.475084,-0.102955,0,0.486111,0.866251,-0.298546,0.959986,1.08289,0.0596959,0,1.08453
748,0.907406,2.70946,0.928518,0.976171,0.0572044,0,0.977846,0.491071,-0.102081,0,0.501569,0.873033,-0.283409,0.962119,1.07578,0.0630417,0,1.07763
749,0.88571,2.65294,0.95893,0.980197,0.0380953,0,0.980937,0.411403,-0.105317,0,0.424669,0.843895,-0.348448,0.95279,1.10668,0.043011,0,1.10751
750,0.887453,2.65743,0.956254,0.979623,0.0426003,0,0.980549,0.427241,-0.1049,0,0.43993,0.846289,-0.343106,0.953615,1.10386,0.0480029,0,1.1049
751,1.0304,3.02497,0.755859,0.885885,-0.273709,0,0.927205,0.0339011,-0.0516038,0,0.0617433,1.04312,0.0962516,1.01234,0.859746,-0.265633,0,0.899846
752,1.0526,3.08056,0.72227,0.90265,0.108516,0,0.909149,0.938076,-0.0331579,0,0.938662,1.07517,0.167799,1.02144,0.857542,0.103093,0,0.863716
753,1.05751,3.09289,0.715049,0.898602,0.108332,0,0.905109,0.945566,-0.0307812,0,0.946066,1.08222,0.183534,1.02337,0.849733,0.10244,0,0.855886
754,0.876774,2.62942,0.970886,0.974601,-0.11392,0,0.981236,0.132025,-0.0850822,0,0.157066,0.832137,-0.374693,0.94909,1.11158,-0.129931,0,1.11914
755,0.867571,2.60532,0.983856,0.976447,-0.102539,0,0.981816,0.143355,-0.0874165,0,0.167906,0.819905,-0.401997,0.945058,1.12549,-0.118191,0,1.13168
756,0.926102,2.75803,0.902665,0.971708,0.0688966,0,0.974147,0.554908,-0.0976194,0,0.563429,0.898275,-0.227065,0.969952,1.04925,0.0743941,0,1.05188
757,0.930637,2.76977,0.896343,0.970388,0.0714346,0,0.973014,0.570788,-0.0962606,0,0.578848,0.904443,-0.213297,0.971853,1.04271,0.0767588,0,1.04553
758,1.08469,3.16097,0.67471,0.874315,0.104067,0,0.880487,0.976236,-0.0193262,0,0.976428,1.12144,0.271081,1.03388,0.806051,0.0959415,0,0.811741
759,1.09079,3.1762,0.665484,0.868329,0.102216,0,0.874325,0.980965,-0.0171424,0,0.981115,1.13032,0.290885,1.03623,0.796053,0.0937077,0,0.80155
760,0.976695,2.88821,0.831698,0.952228,0.093169,0,0.956775,0.73664,-0.0761345,0,0.740564,0.967834,-0.0717996,0.990927,0.974949,0.0953921,0,0.979604
761,0.980701,2.89844,0.825973,0.950167,0.0947711,0,0.954882,0.750563,-0.0739504,0,0.754198,0.973427,-0.0593152,0.992583,0.968865,0.0966361,0,0.973673
762,0.907629,2.71012,0.928484,0.966318,-0.15107,0,0.978056,0.100208,-0.0774379,0,0.126643,0.873257,-0.282909,0.96213,1.06466,-0.166445,0,1.07759
763,0.8965,2.68108,0.943768,0.969799,-0.138068,0,0.979578,0.110452,-0.0801659,0,0.136478,0.858359,-0.316162,0.957456,1.08176,-0.154008,0,1.09267
764,0.886261,2.65426,0.957727,0.972402,-0.125808,0,0.980507,0.121086,-0.082641,0,0.1466,0.844749,-0.346541,0.953161,1.0972,-0.141953,0,1.10634
765,0.935127,2.78137,0.890048,0.968964,0.0739743,0,0.971784,0.586566,-0.0947994,0,0.594177,0.910571,-0.199619,0.97374,1.03618,0.0791061,0,1.0392
766,0.939537,2.79276,0.883909,0.967543,0.07627,0,0.970545,0.602245,-0.0932477,0,0.609422,0.916588,-0.186186,0.975575,1.02981,0.0811782,0,1.033
767,1.01102,2.97588,0.783716,0.903783,-0.257246,0,0.93968,0.0405865,-0.055216,0,0.0685279,1.01568,0.0349935,1.00461,0.893933,-0.254442,0,0.92944
768,0.992775,2.92948,0.809683,0.918839,-0.240542,0,0.949803,0.0477925,-0.0587431,0,0.0757289,0.990053,-0.0222029,0.997259,0.925527,-0.242293,0,0.956716
769,0.975726,2.8859,0.833659,0.931143,-0.224413,0,0.957804,0.0555011,-0.0620253,0,0.0832317,0.966319,-0.0751806,0.990359,0.954308,-0.229996,0,0.981632
770,0.846566,2.54951,1.01129,0.979959,0.0248437,0,0.980274,0.34899,-0.10569,0,0.364643,0.792783,-0.462538,0.93647,1.15757,0.0293465,0,1.15794
771,0.871055,2.61425,0.978214,0.9806,0.0285265,0,0.981015,0.364436,-0.105793,0,0.379481,0.824727,-0.391234,0.946815,1.12576,0.0327494,0,1.12624
772,0.883304,2.64662,0.962191,0.980595,0.03086,0,0.98108,0.379984,-0.105755,0,0.394426,0.840714,-0.35555,0.951782,1.11014,0.0349369,0,1.11069
773,0.85135,2.56259,1.00633,0.978391,-0.0816339,0,0.981791,0.167105,-0.0917206,0,0.190622,0.798592,-0.449572,0.93803,1.14922,-0.0958876,0,1.15322
774,0.84447,2.54442,1.0159,0.978926,-0.0716002,0,0.981541,0.179503,-0.09366,0,0.202468,0.789596,-0.469652,0.93502,1.15922,-0.0847872,0,1.16232
775,0.838062,2.52749,1.02488,0.979257,-0.06201,0,0.981218,0.19221,-0.0954494,0,0.214605,0.78123,-0.488327,0.932186,1.16848,-0.0739921,0,1.17082
776,0.826442,2.49672,1.04123,0.979311,-0.044365,0,0.980315,0.218503,-0.0986065,0,0.239723,0.766121,-0.522051,0.927011,1.18497,-0.0536819,0,1.18619
777,0.821305,2.48309,1.04846,0.979106,-0.0361401,0,0.979772,0.232073,-0.0999777,0,0.252692,0.759472,-0.536893,0.924714,1.19213,-0.0440032,0,1.19295
778,0.802635,2.43354,1.07541,0.977532,0.00198189,0,0.977534,0.303665,-0.104565,0,0.321164,0.735308,-0.590831,0.916117,1.2179,0.00246923,0,1.21791
779,0.805806,2.44189,1.0705,0.977697,0.0103305,0,0.977752,0.318624,-0.105072,0,0.335502,0.739479,-0.58152,0.917688,1.21332,0.0128201,0,1.21338
780,0.816699,2.47086,1.055,0.978844,-0.028184,0,0.97925,0.245948,-0.1012,0,0.265955,0.753514,-0.550191,0.922634,1.19854,-0.0345096,0,1.19903
781,0.896894,2.68216,0.943416,0.934535,0.294029,0,0.979698,0.0405865,0.055216,0,0.0685279,0.858833,-0.315105,0.957564,1.04197,0.327831,0,1.09232
782,0.628244,1.95819,1.3364,0.904208,-0.0513299,0,0.905664,0.491071,0.102081,0,0.501569,0.522158,-1.06661,0.831138,1.43926,-0.0817037,0,1.44158
783,0.630584,1.96474,1.33281,0.905986,-0.0475589,0,0.907233,0.475084,0.102955,0,0.486111,0.524844,-1.06062,0.832315,1.43674,-0.0754204,0,1.43872
784,1.0718,3.11324,0.636824,0.819487,-0.0946911,0,0.824939,0.971051,0.0215442,0,0.97129,1.11831,0.264082,1.04339,0.764586,-0.0883474,0,0.769673
785,0.633108,1.97177,1.32879,0.907787,-0.0436839,0,0.908837,0.459089,0.103721,0,0.47066,0.527778,-1.05407,0.83363,1.43386,-0.068999,0,1.43552
786,0.635808,1.97927,1.32445,0.909635,-0.0397368,0,0.910503,0.443131,0.104366,0,0.455256,0.530934,-1.04702,0.835054,1.43068,-0.0624981,0,1.43204
787,0.638744,1.98742,1.31971,0.911585,-0.0357324,0,0.912285,0.427241,0.1049,0,0.43993,0.534376,-1.03934,0.836604,1.42715,-0.0559417,0,1.42825
788,0.645532,2.00626,1.30889,0.915954,-0.0271269,0,0.916356,0.39564,0.105599,0,0.40949,0.542342,-1.02156,0.840148,1.41891,-0.0420225,0,1.41954
789,1.04024,3.03605,0.691886,0.858207,-0.100262,0,0.864043,0.921742,0.0379984,0,0.922525,1.07088,0.158215,1.02946,0.825009,-0.0963838,0,0.83062
790,0.860191,2.5861,0.994826,0.950116,0.250299,0,0.982533,0.0555011,0.0620253,0,0.0832317,0.809985,-0.424141,0.941634,1.10454,0.290981,0,1.14223
791,0.877829,2.63235,0.970038,0.943417,0.271457,0,0.981695,0.0477925,0.0587431,0,0.0757289,0.83337,-0.371942,0.949354,1.07472,0.309237,0,1.11832
792,0.684212,2.11291,1.24841,0.93689,0.0255826,0,0.937239,0.260076,0.102199,0,0.279435,0.588397,-0.918756,0.859963,1.3693,0.0373899,0,1.36981
793,0.689944,2.12869,1.23989,0.939569,0.033472,0,0.940165,0.245948,0.1012,0,0.265955,0.595249,-0.903462,0.86275,1.36181,0.0485141,0,1.36267
794,0.758281,2.31456,1.13885,0.959281,0.12214,0,0.967025,0.132025,0.0850823,0,0.157066,0.679177,-0.716123,0.89568,1.26507,0.161075,0,1.27529
795,0.768831,2.34308,1.12404,0.960944,0.134538,0,0.970316,0.121086,0.082641,0,0.1466,0.692311,-0.686805,0.900472,1.24988,0.174991,0,1.26207
796,0.779609,2.372,1.10846,0.961606,0.148372,0,0.972985,0.110452,0.0801659,0,0.136478,0.705937,-0.656392,0.905501,1.23345,0.190316,0,1.24804
797,0.994476,2.92283,0.767979,0.903122,-0.091269,0,0.907722,0.73664,0.0761345,0,0.740564,1.00342,0.0076421,1.009,0.908138,-0.091776,0,0.912764
798,1.03632,3.02641,0.698574,0.86255,-0.100364,0,0.868369,0.912934,0.0404415,0,0.913829,1.06503,0.145165,1.02771,0.832323,-0.0968464,0,0.837938
799,1.03248,3.01694,0.705002,0.866621,-0.100234,0,0.872399,0.903698,0.0428952,0,0.904716,1.05935,0.132479,1.02602,0.839358,-0.097081,0,0.844954
800,1.02178,2.99053,0.722944,0.877652,-0.0994756,0,0.883271,0.873608,0.0502749,0,0.875054,1.04351,0.0971108,1.02126,0.858946,-0.0973554,0,0.864445
801,1.01844,2.98223,0.728385,0.880834,-0.0989494,0,0.886375,0.862818,0.0527232,0,0.864427,1.03861,0.0861746,1.01981,0.86489,-0.0971583,0,0.87033
802,1.01536,2.97466,0.733644,0.884,-0.0983739,0,0.889457,0.851653,0.0551765,0,0.853438,1.03403,0.075957,1.01839,0.870631,-0.0968861,0,0.876005
803,1.00931,2.95961,0.743396,0.889474,-0.0970394,0,0.894752,0.828287,0.0600133,0,0.830459,1.02521,0.0562642,1.01575,0.881269,-0.0961442,0,0.886498
804,1.00663,2.95297,0.747846,0.891987,-0.096393,0,0.89718,0.816091,0.0624197,0,0.818475,1.02126,0.0474612,1.01454,0.886112,-0.0957582,0,0.891271
805,1.00402,2.94647,0.752004,0.894251,-0.0954457,0,0.89933,0.803553,0.0647961,0,0.806162,1.01748,0.039012,1.0134,0.890666,-0.0950631,0,0.895725
806,0.999504,2.93527,0.759538,0.898438,-0.0938452,0,0.903326,0.777627,0.0694287,0,0.78072,1.01083,0.0241706,1.01133,0.898884,-0.0938918,0,0.903774
807,0.99741,2.93001,0.762767,0.900087,-0.09289,0,0.904867,0.764243,0.0717074,0,0.7676,1.00782,0.0174605,1.01044,0.902424,-0.0931312,0,0.907217
808,0.995864,2.92629,0.76574,0.901919,-0.0921788,0,0.906617,0.750563,0.0739504,0,0.754198,1.00544,0.0121467,1.00962,0.905664,-0.0925616,0,0.910382
809,0.994297,2.92263,0.769198,0.904329,-0.0905013,0,0.908846,0.722494,0.0782733,0,0.726722,1.00291,0.00648665,1.00866,0.909516,-0.0910205,0,0.91406
810,0.994579,2.92342,0.769041,0.904492,-0.0897945,0,0.908938,0.708103,0.080372,0,0.71265,1.00323,0.00721984,1.0087,0.909422,-0.0902839,0,0.913892
811,0.992693,2.91847,0.771183,0.905188,-0.0881731,0,0.909473,0.693489,0.0824086,0,0.698368,1.00074,0.00165431,1.00811,0.911852,-0.0888222,0,0.916167
812,0.999323,2.93833,0.77253,0.912713,-0.0883127,0,0.916976,0.648547,0.0881448,0,0.654509,1.00705,0.0157388,1.00773,0.913332,-0.0883726,0,0.917597
813,0.622645,1.94251,1.34511,0.899457,-0.0661621,0,0.901887,0.554908,0.0976194,0,0.563429,0.51573,-1.08096,0.82829,1.44458,-0.10626,0,1.44848
814,0.62362,1.94546,1.34464,0.900955,-0.0617928,0,0.903071,0.539002,0.0988371,0,0.547989,0.516633,-1.07894,0.828442,1.44472,-0.0990872,0,1.44811
815,0.815089,2.45005,0.993046,0.925386,-0.0886769,0,0.929625,0.633242,0.0899142,0,0.639594,0.767969,-0.517927,0.94219,1.13532,-0.108794,0,1.14052
816,0.626891,1.95359,1.33458,0.900124,-0.0694888,0,0.902802,0.617811,0.0916158,0,0.624567,0.521408,-1.06829,0.831736,1.43585,-0.110847,0,1.44013
817,0.601327,1.88219,1.37658,0.883511,-0.0641218,0,0.885835,0.602245,0.0932477,0,0.609422,0.491886,-1.13418,0.818,1.46927,-0.106634,0,1.47313
818,0.702166,2.16219,1.22156,0.94461,0.0502202,0,0.945944,0.218503,0.0986065,0,0.239722,0.610004,-0.870526,0.868746,1.34528,0.0715218,0,1.34718
819,0.708754,2.18018,1.21166,0.947008,0.0589707,0,0.948842,0.205215,0.0970956,0,0.227025,0.61802,-0.852633,0.871982,1.33616,0.0832033,0,1.33875
820,0.716131,2.20041,1.20111,0.9498,0.0682462,0,0.952249,0.19221,0.0954494,0,0.214605,0.62692,-0.832768,0.875426,1.32629,0.0952985,0,1.32971
821,0.723991,2.22181,1.18946,0.952268,0.0776648,0,0.95543,0.179503,0.09366,0,0.202468,0.636552,-0.811268,0.879226,1.3153,0.107273,0,1.31967
822,0.732327,2.24451,1.1774,0.954716,0.0880487,0,0.958767,0.167105,0.0917206,0,0.190622,0.646759,-0.788485,0.883156,1.30368,0.120231,0,1.30921
823,0.917702,2.73633,0.914621,0.923245,0.317385,0,0.976275,0.0339011,0.0516038,0,0.0617433,0.886814,-0.252647,0.966342,1.00604,0.345847,0,1.06383
824,0.94101,2.79672,0.882415,0.908587,0.341499,0,0.970645,0.0277187,0.0479504,0,0.0553856,0.918445,-0.182043,0.97602,0.965544,0.362907,0,1.03149
825,0.996548,2.93887,0.803538,0.941716,0.0999734,0,0.947008,0.803553,-0.0647961,0,0.806162,0.995561,-0.00990782,0.99901,0.944978,0.10032,0,0.950289
826,1.00055,2.94904,0.797774,0.939331,0.101179,0,0.944764,0.816091,-0.0624197,0,0.818475,1.0012,0.00267366,1.00065,0.938813,0.101123,0,0.944243
827,1.00454,2.95915,0.792006,0.936865,0.102341,0,0.942438,0.828287,-0.0600134,0,0.830459,1.00683,0.0152355,1.00228,0.932632,0.101879,0,0.93818
828,0.912159,2.72185,0.922018,0.975228,0.0603025,0,0.97709,0.507074,-0.101101,0,0.517055,0.879411,-0.269173,0.964097,1.06914,0.0661096,0,1.07118
829,0.916847,2.73403,0.915538,0.974149,0.0632916,0,0.976203,0.523061,-0.100015,0,0.532538,0.885733,-0.255061,0.966064,1.0625,0.0690318,0,1.06474
830,0.966869,2.86329,0.846377,0.88935,0.366184,0,0.961787,0.0219018,0.0442912,0,0.0494105,0.953969,-0.102748,0.986658,0.919825,0.378731,0,0.994743
831,0.994763,2.93468,0.807321,0.864917,0.391147,0,0.949251,0.0166237,0.0404024,0,0.0436887,0.992707,-0.0162793,0.997933,0.86947,0.393206,0,0.954248
832,0.802194,2.43233,1.07589,0.960921,0.178464,0,0.977353,0.0904002,0.074575,0,0.117191,0.73478,-0.592009,0.915963,1.19787,0.22247,0,1.21835
833,0.81514,2.46683,1.05762,0.959807,0.194756,0,0.979366,0.0810152,0.071593,0,0.108116,0.751395,-0.554922,0.921798,1.17747,0.238924,0,1.20147
834,0.829056,2.50376,1.03799,0.957691,0.212098,0,0.980896,0.0720559,0.0684973,0,0.0994179,0.769397,-0.514739,0.92804,1.15516,0.255831,0,1.18315
835,0.669281,2.07185,1.27145,0.929588,0.00517182,0,0.929602,0.303665,0.104565,0,0.321164,0.570506,-0.958693,0.852416,1.38894,0.00772744,0,1.38896
836,0.649234,2.01652,1.30307,0.918282,-0.0223366,0,0.918553,0.379984,0.105755,0,0.394426,0.546691,-1.01185,0.842055,1.41441,-0.0344046,0,1.41483
837,0.65284,2.02646,1.29718,0.920367,-0.0173292,0,0.92053,0.364436,0.105793,0,0.379481,0.550988,-1.00226,0.843986,1.40979,-0.0265444,0,1.41004
838,0.656501,2.03659,1.29142,0.922537,-0.0118298,0,0.922613,0.34899,0.10569,0,0.364643,0.555317,-0.992596,0.845873,1.40523,-0.0180195,0,1.40535
839,1.05288,3.06705,0.670202,0.843622,-0.0991196,0,0.849425,0.945566,0.0307812,0,0.946066,1.08976,0.200367,1.03504,0.801254,-0.0941417,0,0.806765
840,1.04853,3.05641,0.677698,0.848756,-0.0996739,0,0.854589,0.938076,0.0331579,0,0.938662,1.08326,0.185844,1.03312,0.809472,-0.0950605,0,0.815034
841,1.04431,3.04605,0.684904,0.853587,-0.100037,0,0.859429,0.93013,0.0355701,0,0.930809,1.07696,0.171795,1.03126,0.817366,-0.0957922,0,0.822961
842,0.943878,2.80395,0.877819,0.96602,0.0785875,0,0.969212,0.617811,-0.0916158,0,0.624567,0.922535,-0.172912,0.977388,1.02346,0.0832602,0,1.02684
843,0.948141,2.81494,0.871882,0.964508,0.0806661,0,0.967876,0.633242,-0.0899142,0,0.639594,0.928373,-0.159881,0.979151,1.01726,0.0850781,0,1.02081
844,0.952347,2.82576,0.865968,0.962886,0.0827838,0,0.966438,0.648547,-0.0881448,0,0.654509,0.934159,-0.146968,0.980901,1.01107,0.0869261,0,1.0148
845,0.81253,2.45977,1.06088,0.978471,-0.020506,0,0.978686,0.260076,-0.102199,0,0.279435,0.748145,-0.562176,0.920759,1.20423,-0.0252372,0,1.20449
846,0.808633,2.44942,1.06649,0.9781,-0.013134,0,0.978188,0.274368,-0.103111,0,0.293103,0.743109,-0.573417,0.91897,1.20957,-0.0162422,0,1.20968
847,1.28996,3.66457,0.306389,0.482562,-0.0962987,0,0.492077,-0.0103176,-0.0111632,0,0.015201,1.42829,0.955994,1.10723,0.37409,-0.0746523,0,0.381466
848,0.927568,2.76195,0.901052,0.961671,-0.155671,0,0.974189,0.091887,-0.0877179,0,0.127034,0.900147,-0.222885,0.970438,1.03677,-0.167827,0,1.05026
849,1.11457,3.21691,0.558303,0.756872,-0.0525625,0,0.758695,0.999445,0.00732538,0,0.999472,1.18348,0.409544,1.06182,0.679071,-0.0471594,0,0.680707
850,1.08507,3.14635,0.616218,0.806001,-0.0810485,0,0.810066,0.985562,0.0208453,0,0.985782,1.13759,0.307114,1.0484,0.742808,-0.074694,0,0.746554
851,0.926563,2.75965,0.903562,0.973203,0.0663756,0,0.975464,0.548482,-0.118185,0,0.561071,0.898471,-0.226626,0.969682,1.05034,0.0716364,0,1.05278
852,1.28887,3.66403,0.320973,0.468639,0.212587,0,0.514602,-0.0105977,0.00519621,0,0.0118031,1.42452,0.947588,1.10524,0.363603,0.16494,0,0.399265
853,1.14316,3.30651,0.585593,0.81129,0.063888,0,0.813801,0.999507,-0.00388121,0,0.999514,1.20674,0.461464,1.05562,0.709693,0.0558874,0,0.71189
854,1.04637,3.06511,0.732233,0.909094,0.104061,0,0.91503,0.928942,-0.047166,0,0.930139,1.06601,0.147338,1.01877,0.86881,0.0994496,0,0.874484
855,1.05109,3.077,0.725309,0.905371,0.103818,0,0.911304,0.937082,-0.044174,0,0.938122,1.07278,0.162455,1.02063,0.86136,0.0987714,0,0.867005
856,1.05642,3.09075,0.718806,0.869531,-0.263152,0,0.908479,0.0267343,-0.0566737,0,0.0626628,1.08005,0.178677,1.02237,0.823095,-0.249098,0,0.859963
857,1.10211,3.18719,0.583179,0.77867,-0.0671134,0,0.781557,0.995475,0.0126432,0,0.995555,1.16403,0.366132,1.05618,0.706524,-0.0608951,0,0.709143
858,0.633946,1.97459,1.32982,0.909099,-0.0515582,0,0.91056,0.500298,0.121611,0,0.514866,0.528262,-1.05299,0.833293,1.43403,-0.081329,0,1.43634
859,1.26857,3.61176,0.350625,0.527037,-0.164827,0,0.55221,-0.00893991,-0.0159739,0,0.0183054,1.39663,0.885329,1.10095,0.415458,-0.129931,0,0.435302
860,1.06533,3.11342,0.706757,0.811022,0.395216,0,0.902193,0.00570557,0.0390392,0,0.0394539,1.09256,0.206611,1.02556,0.761287,0.37098,0,0.846867
861,1.20111,3.44903,0.489078,0.667617,-0.272702,0,0.721165,-0.00167717,-0.0297934,0,0.0298405,1.29301,0.654043,1.07652,0.555835,-0.227042,0,0.600417
862,1.06509,3.09808,0.653232,0.834321,-0.0908547,0,0.839254,0.965076,0.0323826,0,0.965619,1.10697,0.238775,1.03932,0.783332,-0.0853021,0,0.787963
863,1.10845,3.20242,0.571035,0.768393,-0.0594789,0,0.770692,0.997721,0.0100802,0,0.997772,1.1738,0.387938,1.05896,0.693216,-0.0536597,0,0.69529
864,1.22646,3.51104,0.443514,0.575922,0.343357,0,0.670508,-0.0089399,0.0159739,0,0.0183054,1.3311,0.739065,1.08532,0.469581,0.279957,0,0.546701
865,1.00852,2.96208,0.760735,0.90965,-0.0753087,0,0.912762,0.658449,0.106314,0,0.666976,1.01961,0.0437798,1.011,0.901966,-0.0746725,0,0.905051
866,1.19743,3.44083,0.498818,0.627576,0.377961,0,0.732602,-0.00705605,0.0205815,0,0.0217575,1.28669,0.639935,1.07454,0.524102,0.315643,0,0.611812
867,1.15411,3.29928,0.42138,0.595527,-0.0776834,0,0.600572,1.00049,0.000355428,0,1.00049,1.25721,0.574124,1.08933,0.516006,-0.0673103,0,0.520377
868,1.16723,3.35261,0.492677,0.700158,0.0886354,0,0.705746,1.00049,-0.000355429,0,1.00049,1.2557,0.570757,1.07579,0.599844,0.0759363,0,0.604631
869,0.996112,2.93815,0.80553,0.943691,0.0970757,0,0.948671,0.800074,-0.0820978,0,0.804275,0.994561,-0.0121398,0.998443,0.947374,0.0974545,0,0.952374
870,0.86704,2.60414,0.985396,0.978533,-0.0882143,0,0.982501,0.15854,-0.105305,0,0.190326,0.818987,-0.404046,0.944579,1.12859,-0.101742,0,1.13317
871,1.10145,3.20351,0.652072,0.819014,-0.282854,0,0.866482,0.0150922,-0.0480079,0,0.0503242,1.14508,0.323834,1.03961,0.743578,-0.256802,0,0.786673
872,0.890293,2.66537,0.954215,0.981277,0.0353064,0,0.981912,0.403874,-0.125093,0,0.422803,0.849556,-0.335812,0.954244,1.1022,0.0396571,0,1.10291
873,0.94027,2.79481,0.883445,0.95609,-0.168711,0,0.970861,0.0821705,-0.0842188,0,0.117664,0.917433,-0.184301,0.975713,1.01682,-0.179429,0,1.03253
874,0.898489,2.68667,0.942483,0.979451,0.0477935,0,0.980616,0.451916,-0.123963,0,0.46861,0.860618,-0.311121,0.95785,1.09011,0.0531932,0,1.09141
875,0.81334,2.4625,1.06194,0.980456,-0.00309794,0,0.980461,0.295466,-0.122462,0,0.319839,0.748615,-0.561128,0.920421,1.20547,-0.00380892,0,1.20548
876,1.09057,3.15956,0.605792,0.797611,-0.0772469,0,0.801342,0.989364,0.0180765,0,0.989529,1.14606,0.32603,1.05089,0.731372,-0.0708318,0,0.734794
877,0.627521,1.95707,1.34194,0.905057,-0.0648617,0,0.907379,0.564553,0.116871,0,0.576524,0.520419,-1.07049,0.829326,1.44227,-0.103362,0,1.44597
878,1.06049,3.08689,0.661452,0.840241,-0.0923683,0,0.845303,0.958759,0.0353115,0,0.959409,1.1,0.223215,1.03725,0.792312,-0.0870993,0,0.797085
879,1.05605,3.07607,0.669317,0.845791,-0.0936227,0,0.850956,0.951972,0.0382543,0,0.95274,1.09329,0.20824,1.03526,0.800896,-0.0886533,0,0.805788
880,1.00193,2.94197,0.758038,0.899182,-0.0923452,0,0.903912,0.787075,0.0847857,0,0.791628,1.01369,0.0305634,1.01174,0.897453,-0.0921676,0,0.902173
881,0.760421,2.32059,1.1368,0.962113,0.109869,0,0.968366,0.146513,0.102678,0,0.17891,0.6816,-0.710715,0.896345,1.26524,0.144485,0,1.27346
882,0.692979,2.13736,1.23684,0.942146,0.0266538,0,0.942522,0.266096,0.120301,0,0.292026,0.598559,-0.896073,0.863748,1.35956,0.0384626,0,1.3601
883,1.10632,3.21495,0.642098,0.853702,0.0860191,0,0.858025,0.992709,-0.015296,0,0.992827,1.15289,0.341267,1.04209,0.771656,0.0777521,0,0.775563
884,0.874009,2.62213,0.974587,0.950806,0.242636,0,0.981277,0.0557199,0.0730002,0,0.0918354,0.82851,-0.382791,0.947942,1.08787,0.277612,0,1.12273
885,1.02044,2.99985,0.770457,0.928488,0.10234,0,0.934111,0.871281,-0.0650199,0,0.873704,1.02892,0.0645607,1.00831,0.909886,0.100289,0,0.915396
886,1.12883,3.25168,0.532506,0.733234,-0.0486406,0,0.734846,0.999507,0.00388121,0,0.999514,1.205,0.457588,1.06748,0.649553,-0.0430894,0,0.650981
887,1.09634,3.17345,0.59485,0.788655,-0.0727047,0,0.792,0.992709,0.015296,0,0.992827,1.15495,0.34587,1.05346,0.719356,-0.0663161,0,0.722406
888,1.12727,3.26676,0.609027,0.829696,0.067403,0,0.832429,0.999445,-0.00732539,0,0.999472,1.18376,0.410189,1.05012,0.736022,0.0597931,0,0.738447
889,1.08169,3.15356,0.679469,0.878262,0.0981013,0,0.883724,0.976275,-0.0265878,0,0.976637,1.11702,0.261216,1.03267,0.811934,0.0906926,0,0.816984
890,1.12491,3.26174,0.61579,0.787774,-0.289438,0,0.839263,0.0101628,-0.0434296,0,0.0446028,1.17947,0.400595,1.0485,0.7003,-0.257299,0,0.746071
891,0.968614,2.86795,0.844579,0.957742,0.0875146,0,0.961732,0.703361,-0.0997912,0,0.710404,0.956199,-0.0977699,0.987182,0.988775,0.0903503,0,0.992895
892,1.22647,3.51081,0.442422,0.620847,-0.24901,0,0.668922,-0.00464403,-0.0251908,0,0.0256153,1.33136,0.739632,1.08552,0.506208,-0.20303,0,0.545406
893,0.972848,2.87882,0.838715,0.955942,0.0888103,0,0.960059,0.717943,-0.0974504,0,0.724527,0.962041,-0.0847305,0.988891,0.982622,0.091289,0,0.986854
894,0.976515,2.88816,0.833395,0.954029,0.0905028,0,0.958313,0.732265,-0.0950433,0,0.738407,0.967175,-0.0732695,0.990436,0.976974,0.0926794,0,0.98136
895,1.1501,3.32412,0.576236,0.752536,-0.290011,0,0.806484,0.00570557,-0.0390392,0,0.0394539,1.21654,0.483355,1.05777,0.654322,-0.252161,0,0.701229
896,1.11302,3.2315,0.631487,0.846151,0.0809556,0,0.850015,0.995475,-0.0126432,0,0.995555,1.16277,0.363322,1.0447,0.76023,0.0727351,0,0.763702
897,1.17577,3.38715,0.533523,0.711625,-0.285565,0,0.766783,0.00171961,-0.0343028,0,0.0343459,1.25485,0.568853,1.06726,0.605243,-0.242876,0,0.652157
898,1.01207,2.96744,0.742378,0.891021,-0.0952153,0,0.896094,0.837236,0.0737052,0,0.840474,1.02829,0.0631551,1.01603,0.880391,-0.0940793,0,0.885404
899,0.630995,1.96632,1.33429,0.906864,-0.0556249,0,0.908569,0.516426,0.120567,0,0.530314,0.52488,-1.06054,0.83183,1.4372,-0.0881543,0,1.4399
900,0.676611,2.09245,1.26199,0.934465,0.00595945,0,0.934484,0.310519,0.12331,0,0.334107,0.578852,-0.940063,0.855516,1.3811,0.0088078,0,1.38112
901,1.25997,3.59371,0.383118,0.523617,0.288647,0,0.597907,-0.0103176,0.0111632,0,0.015201,1.38074,0.849865,1.09585,0.415578,0.22909,0,0.474539
902,1.09736,3.19363,0.659339,0.772232,0.405284,0,0.872122,0.00171962,0.0343028,0,0.0343459,1.13883,0.309885,1.03779,0.703716,0.369325,0,0.794743
903,1.00181,2.94278,0.76221,0.905227,-0.0742046,0,0.908264,0.673612,0.104221,0,0.681627,1.01242,0.0277263,1.01059,0.903592,-0.0740706,0,0.906623
904,1.02858,3.0086,0.716187,0.876313,-0.0965962,0,0.881621,0.892139,0.0591146,0,0.894095,1.05231,0.11676,1.02307,0.851961,-0.0939118,0,0.857122
905,0.67199,2.07977,1.26933,0.932189,0.000113744,0,0.932189,0.32571,0.123986,0,0.348511,0.573282,-0.952496,0.853111,1.38721,0.000169265,0,1.38721
906,0.681908,2.10703,1.25394,0.937152,0.0125595,0,0.937236,0.295466,0.122462,0,0.319839,0.58518,-0.925939,0.85815,1.37431,0.0184182,0,1.37443
907,0.687069,2.12114,1.24575,0.939429,0.0191772,0,0.939624,0.28065,0.121449,0,0.305801,0.591452,-0.911938,0.860833,1.3673,0.0279116,0,1.36758
908,0.960627,2.84747,0.85585,0.961244,0.0840522,0,0.964912,0.673612,-0.104221,0,0.681627,0.945143,-0.122448,0.983882,1.00064,0.0874973,0,1.00446
909,0.964941,2.85857,0.8499,0.959552,0.0855803,0,0.96336,0.688578,-0.102044,0,0.696098,0.951072,-0.109215,0.985627,0.994415,0.0886897,0,0.998362
910,1.07974,3.1335,0.626218,0.813877,-0.0842161,0,0.818223,0.981142,0.0237368,0,0.98143,1.12939,0.288817,1.04598,0.753769,-0.0779964,0,0.757794
911,1.13018,3.27522,0.609135,0.728625,0.407252,0,0.834715,-0.00167716,0.0297934,0,0.0298405,1.18679,0.416942,1.05009,0.644699,0.360343,0,0.738569
912,1.16434,3.35972,0.555107,0.679989,0.398785,0,0.788299,-0.00464402,0.0251908,0,0.0256153,1.23715,0.529348,1.06253,0.584014,0.3425,0,0.677037
913,1.25027,3.56843,0.39475,0.57237,-0.213169,0,0.610777,-0.00705605,-0.0205815,0,0.0217575,1.3677,0.820756,1.09392,0.457798,-0.170498,0,0.488517
914,1.30232,3.69377,0.270411,0.439272,-0.00830147,0,0.43935,-0.0105978,-0.00519619,0,0.0118031,1.44786,0.999694,1.11176,0.3373,-0.00637438,0,0.33736
915,1.07829,3.14574,0.687085,0.846832,-0.273712,0,0.889968,0.0207534,-0.0525699,0,0.0565181,1.11139,0.248637,1.0307,0.785351,-0.25384,0,0.825355
916,1.07615,3.13971,0.687785,0.883414,0.0998118,0,0.889034,0.970922,-0.0294707,0,0.97137,1.109,0.243293,1.03052,0.820901,0.0927489,0,0.826124
917,1.09975,3.19857,0.652086,0.860462,0.0900415,0,0.86516,0.989364,-0.0180765,0,0.989529,1.1433,0.319876,1.03961,0.782417,0.0818746,0,0.786689
918,0.618321,1.93123,1.35604,0.898432,-0.0673105,0,0.90095,0.580515,0.115373,0,0.591868,0.509938,-1.09389,0.824715,1.45302,-0.10886,0,1.45709
919,1.0122,2.97897,0.782344,0.933871,0.100932,0,0.939309,0.848937,-0.0708522,0,0.851888,1.01725,0.03851,1.00499,0.922616,0.0997161,0,0.927989
920,1.01624,2.9892,0.77646,0.93121,0.101607,0,0.936736,0.860309,-0.0679435,0,0.862988,1.02299,0.051316,1.00664,0.916325,0.0999831,0,0.921764
921,1.02458,3.01031,0.764416,0.925628,0.10281,0,0.93132,0.881898,-0.0620854,0,0.88408,1.03481,0.0777094,1.00998,0.903418,0.100344,0,0.908973
922,1.02879,3.0209,0.758236,0.92258,0.103452,0,0.928362,0.892139,-0.0591146,0,0.894095,1.04081,0.0910984,1.01169,0.896765,0.100557,0,0.902385
923,0.967996,2.86601,0.844196,0.940648,-0.195435,0,0.960736,0.0640508,-0.0768356,0,0.100031,0.955696,-0.0988922,0.987294,0.971749,-0.201897,0,0.992501
924,0.953677,2.82931,0.864564,0.94918,-0.181742,0,0.966422,0.0728913,-0.0805928,0,0.108666,0.935858,-0.143174,0.981316,0.995284,-0.190569,0,1.01336
925,1.03301,3.03154,0.75198,0.919441,0.103703,0,0.92527,0.90195,-0.0561368,0,0.903696,1.04686,0.104605,1.01341,0.890056,0.100388,0,0.895699
926,1.0374,3.04258,0.745507,0.916129,0.103913,0,0.922004,0.911368,-0.0531533,0,0.912917,1.05314,0.118622,1.01517,0.8831,0.100167,0,0.888763
927,1.04185,3.05375,0.738901,0.912634,0.104179,0,0.918561,0.920372,-0.0501575,0,0.921738,1.05953,0.13287,1.01697,0.875977,0.0999948,0,0.881666
928,1.06562,3.11337,0.703546,0.892878,0.102214,0,0.89871,0.958759,-0.0353115,0,0.959409,1.09376,0.209288,1.02641,0.837894,0.0959199,0,0.843367
929,1.07082,3.1264,0.695799,0.888293,0.101154,0,0.894034,0.965076,-0.0323826,0,0.965619,1.10127,0.226056,1.02844,0.829542,0.0944634,0,0.834903
930,0.988187,2.91794,0.816741,0.947941,0.0949965,0,0.952689,0.773805,-0.0874305,0,0.778729,0.983482,-0.0368705,0.995239,0.959273,0.0961321,0,0.964078
931,0.992343,2.92857,0.810972,0.945883,0.0958521,0,0.950727,0.787075,-0.0847857,0,0.791628,0.989258,-0.0239781,0.99689,0.953181,0.0965916,0,0.958062
932,1.12028,3.24958,0.620445,0.838436,0.0738128,0,0.841679,0.997721,-0.0100802,0,0.997772,1.17336,0.386962,1.04738,0.748415,0.0658877,0,0.75131
933,0.903529,2.69983,0.935568,0.978629,0.0511116,0,0.979963,0.468043,-0.123313,0,0.484015,0.867358,-0.296076,0.959967,1.08312,0.0565689,0,1.0846
934,0.908663,2.71319,0.92843,0.97761,0.0543856,0,0.979122,0.484171,-0.122524,0,0.499434,0.874267,-0.280655,0.962146,1.07588,0.0598524,0,1.07754
935,0.891183,2.66759,0.952582,0.98067,0.0396367,0,0.981471,0.419841,-0.12486,0,0.438015,0.850854,-0.332915,0.954747,1.10041,0.0444765,0,1.10131
936,0.894026,2.67502,0.948654,0.980181,0.0438826,0,0.981163,0.435852,-0.124477,0,0.453279,0.854649,-0.324444,0.955955,1.09637,0.0490843,0,1.09747
937,1.05581,3.08881,0.718237,0.901385,0.103488,0,0.907306,0.944751,-0.0412012,0,0.945649,1.07959,0.177651,1.02252,0.853737,0.0980173,0,0.859346
938,1.06058,3.10075,0.711049,0.897231,0.103023,0,0.903126,0.951972,-0.0382543,0,0.95274,1.08649,0.193059,1.02443,0.84598,0.097138,0,0.851539
939,0.884896,2.65095,0.960557,0.975427,-0.108464,0,0.981439,0.134872,-0.0999223,0,0.167854,0.842675,-0.351172,0.952287,1.10231,-0.122572,0,1.1091
940,0.875093,2.62525,0.974088,0.977128,-0.0984062,0,0.98207,0.146513,-0.102678,0,0.17891,0.829673,-0.380194,0.948097,1.1166,-0.112452,0,1.12225
941,0.931473,2.77239,0.896826,0.971912,0.0687429,0,0.97434,0.564553,-0.116871,0,0.576524,0.90512,-0.211786,0.971708,1.04341,0.0738003,0,1.04602
942,1.08742,3.16785,0.670776,0.872725,0.0959668,0,0.877985,0.981142,-0.0237368,0,0.98143,1.12536,0.27983,1.03489,0.802561,0.0882514,0,0.807399
943,1.09348,3.18294,0.661612,0.86678,0.0933129,0,0.871788,0.985562,-0.0208453,0,0.985782,1.13417,0.299483,1.03721,0.792682,0.085336,0,0.797262
944,0.980577,2.89856,0.827717,0.952119,0.0918039,0,0.956535,0.746353,-0.0925813,0,0.752073,0.972809,-0.0606935,0.992079,0.970979,0.0936224,0,0.975482
945,0.984916,2.90967,0.821644,0.949993,0.0932547,0,0.954559,0.760225,-0.0900403,0,0.765538,0.978839,-0.0472349,0.99383,0.964542,0.094683,0,0.969178
946,0.915671,2.73104,0.917397,0.966044,-0.143515,0,0.976646,0.102062,-0.0910759,0,0.13679,0.884081,-0.258748,0.9655,1.05501,-0.156732,0,1.06659
947,0.904677,2.70245,0.932642,0.969669,-0.131874,0,0.978595,0.112785,-0.0942276,0,0.146967,0.869269,-0.291809,0.960861,1.07184,-0.145769,0,1.08171
948,0.894716,2.67652,0.946621,0.972758,-0.120028,0,0.980135,0.123615,-0.0970426,0,0.157155,0.855867,-0.321725,0.95658,1.08723,-0.134152,0,1.09547
949,0.935509,2.78279,0.89109,0.97054,0.0713967,0,0.973162,0.580515,-0.115372,0,0.591868,0.910651,-0.19944,0.973428,1.03745,0.0763186,0,1.04025
950,0.940242,2.79504,0.884572,0.969115,0.0735664,0,0.971903,0.596358,-0.113754,0,0.607111,0.91709,-0.185067,0.975377,1.03071,0.078242,0,1.03367
951,1.03697,3.04185,0.747366,0.889025,-0.250678,0,0.923691,0.0331653,-0.0609575,0,0.0693956,1.05218,0.116481,1.01467,0.857327,-0.24174,0,0.890757
952,1.01806,2.99394,0.774342,0.90568,-0.236805,0,0.936126,0.0401654,-0.0651996,0,0.0765784,1.02542,0.0567399,1.00723,0.889613,-0.232604,0,0.919519
953,0.99989,2.94766,0.79979,0.919652,-0.222797,0,0.946255,0.0478388,-0.0693252,0,0.0842291,0.999964,-7.9985e-05,1.00007,0.919754,-0.222821,0,0.946359
954,0.983204,2.90497,0.822901,0.930962,-0.209228,0,0.954184,0.0557199,-0.0730002,0,0.0918354,0.976782,-0.051826,0.993468,0.946866,-0.212802,0,0.970484
955,0.840121,2.53348,1.02408,0.982737,0.0223667,0,0.982992,0.341045,-0.124519,0,0.363066,0.783362,-0.483567,0.93244,1.16976,0.0266231,0,1.17006
956,0.863749,2.59596,0.991736,0.983654,0.0274554,0,0.984037,0.356585,-0.1249,0,0.377827,0.81417,-0.4148,0.9426,1.13882,0.0317863,0,1.13926
957,0.881085,2.64148,0.967699,0.982886,0.0297389,0,0.983336,0.372258,-0.125108,0,0.392719,0.8371,-0.363617,0.950078,1.11554,0.0337526,0,1.11605
958,0.888592,2.66107,0.95711,0.98203,0.0319594,0,0.98255,0.388008,-0.125169,0,0.407697,0.84714,-0.341205,0.953351,1.10515,0.0359664,0,1.10574
959,0.859648,2.58471,0.995738,0.979552,-0.0781323,0,0.982664,0.170944,-0.107778,0,0.202083,0.809228,-0.42583,0.941348,1.13948,-0.0908888,0,1.1431
960,0.852622,2.56625,1.00569,0.980358,-0.0683506,0,0.982737,0.183671,-0.110079,0,0.214132,0.799956,-0.446526,0.938231,1.14981,-0.0801652,0,1.15261
961,0.845926,2.54861,1.01514,0.980841,-0.0591488,0,0.982623,0.196695,-0.112209,0,0.226451,0.79116,-0.46616,0.935259,1.15949,-0.0699219,0,1.16159
962,0.8397,2.5322,1.02401,0.981158,-0.0503282,0,0.982448,0.210002,-0.114184,0,0.239037,0.782987,-0.484403,0.93246,1.16846,-0.0599359,0,1.17
963,0.834007,2.51715,1.03207,0.981225,-0.041953,0,0.982121,0.223598,-0.116007,0,0.2519,0.775554,-0.500996,0.929913,1.17652,-0.050303,0,1.17759
964,0.821537,2.48439,1.05076,0.981703,0.0141742,0,0.981806,0.32571,-0.123986,0,0.348511,0.759088,-0.537751,0.923985,1.19496,0.0172532,0,1.19508
965,0.813607,2.46324,1.06166,0.980558,0.00546664,0,0.980573,0.310519,-0.12331,0,0.334107,0.748934,-0.560416,0.92051,1.2052,0.00671902,0,1.20522
966,0.828832,2.50349,1.03949,0.98122,-0.0338085,0,0.981803,0.237505,-0.117666,0,0.265055,0.768793,-0.516087,0.927562,1.18386,-0.0407905,0,1.18456
967,0.63604,1.9804,1.32638,0.910584,-0.047482,0,0.911822,0.484171,0.122524,0,0.499434,0.530724,-1.04749,0.834419,1.43165,-0.0746525,0,1.43359
968,1.0747,3.12135,0.635664,0.821194,-0.0868521,0,0.825774,0.976275,0.0265878,0,0.976637,1.12164,0.271512,1.04367,0.764114,-0.0808151,0,0.768376
969,1.0698,3.10949,0.644637,0.827955,-0.0890426,0,0.832729,0.970923,0.0294707,0,0.97137,1.11416,0.254813,1.04146,0.773932,-0.0832328,0,0.778395
970,0.638635,1.98755,1.32196,0.912241,-0.0435949,0,0.913282,0.468043,0.123313,0,0.484015,0.533813,-1.0406,0.835866,1.42842,-0.0682626,0,1.43005
971,0.64128,1.99491,1.31778,0.914061,-0.0394749,0,0.914913,0.451916,0.123963,0,0.46861,0.536902,-1.0337,0.837236,1.42537,-0.0615565,0,1.4267
972,0.644435,2.0037,1.31294,0.916229,-0.0351573,0,0.916903,0.435852,0.124477,0,0.453279,0.540566,-1.02552,0.838822,1.42176,-0.0545553,0,1.4228
973,0.647591,2.01243,1.30785,0.918215,-0.0308842,0,0.918734,0.419841,0.12486,0,0.438015,0.544293,-1.0172,0.840489,1.41789,-0.0476909,0,1.41869
974,0.651434,2.02311,1.30194,0.920694,-0.0262361,0,0.921068,0.403874,0.125093,0,0.422803,0.548785,-1.00718,0.842426,1.41333,-0.0402744,0,1.41391
975,0.892171,2.66983,0.949968,0.944796,0.261345,0,0.980275,0.0478388,0.0693252,0,0.0842291,0.852515,-0.329208,0.955551,1.05898,0.292931,0,1.09875
976,0.911851,2.72111,0.922664,0.935839,0.281794,0,0.977344,0.0401654,0.0651996,0,0.0765784,0.878934,-0.270236,0.963901,1.02631,0.309035,0,1.07182
977,0.698728,2.15302,1.22776,0.944368,0.0341129,0,0.944984,0.251781,0.119102,0,0.27853,0.605602,-0.880354,0.86672,1.35155,0.0488214,0,1.35243
978,0.705298,2.17101,1.21798,0.947061,0.0425893,0,0.948018,0.237505,0.117666,0,0.265055,0.613549,-0.862613,0.869915,1.34278,0.0603849,0,1.34414
979,0.769577,2.3452,1.12345,0.963082,0.122543,0,0.970847,0.134872,0.0999224,0,0.167854,0.69313,-0.684977,0.900664,1.25144,0.159234,0,1.26153
980,0.779791,2.37254,1.1084,0.963811,0.134612,0,0.973166,0.123615,0.0970426,0,0.157155,0.706118,-0.655987,0.905522,1.23599,0.172626,0,1.24798
981,0.791456,2.40382,1.09183,0.964753,0.14657,0,0.975823,0.112785,0.0942276,0,0.146967,0.720898,-0.622995,0.910851,1.21896,0.18519,0,1.23295
982,0.803387,2.43575,1.07512,0.964936,0.160741,0,0.978232,0.102062,0.0910759,0,0.13679,0.736072,-0.589125,0.916211,1.20109,0.200079,0,1.21764
983,1.03966,3.03593,0.697716,0.86486,-0.096189,0,0.870193,0.920372,0.0501575,0,0.921738,1.0687,0.153349,1.02794,0.831871,-0.0925199,0,0.837
984,1.03589,3.02666,0.70412,0.868932,-0.0965687,0,0.874281,0.911368,0.0531533,0,0.912917,1.06309,0.140815,1.02626,0.838829,-0.0932232,0,0.843993
985,1.03212,3.01733,0.710268,0.8727,-0.0964712,0,0.878016,0.90195,0.0561368,0,0.903696,1.05755,0.12846,1.02464,0.845538,-0.0934687,0,0.850689
986,1.02499,2.99962,0.72186,0.879584,-0.0963085,0,0.884841,0.881898,0.0620854,0,0.88408,1.04708,0.105084,1.02155,0.858143,-0.0939608,0,0.863272
987,1.02176,2.99168,0.727307,0.882855,-0.0961865,0,0.888079,0.871281,0.0650199,0,0.873704,1.04229,0.0944046,1.0201,0.864053,-0.094138,0,0.869166
988,1.0185,2.98352,0.732387,0.885677,-0.0956692,0,0.890829,0.860309,0.0679435,0,0.862988,1.03757,0.0838696,1.01873,0.869591,-0.0939317,0,0.874649
989,1.01523,2.9754,0.737706,0.888672,-0.0955043,0,0.893789,0.848937,0.0708522,0,0.851888,1.03279,0.0731846,1.01729,0.87534,-0.0940715,0,0.880381
990,1.00957,2.96119,0.746315,0.893186,-0.0942798,0,0.898148,0.825212,0.076538,0,0.828754,1.02467,0.0550707,1.01495,0.884715,-0.0933857,0,0.88963
991,1.00677,2.9542,0.750866,0.895659,-0.0938148,0,0.900559,0.812805,0.0793483,0,0.816669,1.02057,0.0459141,1.01371,0.889639,-0.0931843,0,0.894506
992,1.00411,2.94752,0.754869,0.897653,-0.0932629,0,0.902485,0.800074,0.0820978,0,0.804275,1.01678,0.0374522,1.01261,0.893976,-0.0928809,0,0.898788
993,0.999725,2.93653,0.761755,0.901221,-0.091849,0,0.905889,0.773805,0.0874305,0,0.778729,1.01044,0.023306,1.01072,0.901468,-0.0918742,0,0.906138
994,0.997913,2.93189,0.76423,0.902327,-0.0907432,0,0.906878,0.760225,0.0900404,0,0.765538,1.00793,0.0176947,1.01004,0.904214,-0.090933,0,0.908774
995,0.996062,2.92735,0.767502,0.904139,-0.0905664,0,0.908664,0.746353,0.0925814,0,0.752073,1.00515,0.0115061,1.00913,0.907714,-0.0909245,0,0.912257
996,0.994565,2.92338,0.76905,0.904422,-0.0904665,0,0.908935,0.732265,0.0950433,0,0.738407,1.00322,0.00718313,1.0087,0.909364,-0.0909608,0,0.913902
997,0.993852,2.92164,0.770314,0.905065,-0.0908971,0,0.909618,0.717943,0.0974504,0,0.724527,1.00215,0.00479895,1.00835,0.910664,-0.0914594,0,0.915245
998,0.993949,2.92153,0.768904,0.903559,-0.0918756,0,0.908218,0.703361,0.0997912,0,0.710404,1.00264,0.00588627,1.00874,0.90906,-0.0924349,0,0.913747
999,0.993942,2.9217,0.769587,0.904844,-0.0861193,0,0.908933,0.688578,0.102044,0,0.696098,1.00244,0.0054487,1.00855,0.910359,-0.0866442,0,0.914473
1000,0.630563,1.96524,1.33558,0.906654,-0.0593142,0,0.908592,0.532507,0.119405,0,0.54573,0.524256,-1.06193,0.831409,1.43785,-0.0940655,0,1.44092
1001,0.627958,1.95756,1.33771,0.903667,-0.0636348,0,0.905905,0.548482,0.118185,0,0.561071,0.521651,-1.06774,0.830709,1.43906,-0.101336,0,1.44262
1002,0.928822,2.75123,0.848656,0.921358,-0.0937324,0,0.926114,0.643123,0.108308,0,0.65218,0.91581,-0.187925,0.985991,0.991965,-0.100915,0,0.997085
1003,0.706085,2.16531,1.18276,0.920743,-0.113377,0,0.927697,0.627672,0.110211,0,0.637274,0.622353,-0.842962,0.881413,1.30401,-0.160572,0,1.31386
1004,0.626443,1.95772,1.36153,0.911325,-0.0871832,0,0.915486,0.612083,0.112029,0,0.622251,0.51551,-1.08145,0.822917,1.45476,-0.139172,0,1.4614
1005,0.606068,1.8966,1.37444,0.889756,-0.0604765,0,0.891809,0.596358,0.113754,0,0.607111,0.496188,-1.12458,0.8187,1.46808,-0.0997851,0,1.47147
1006,0.711546,2.18796,1.20819,0.949104,0.0508869,0,0.950467,0.223598,0.116007,0,0.2519,0.621263,-0.845396,0.873117,1.33386,0.071516,0,1.33578
1007,0.718547,2.20708,1.1979,0.951579,0.0600611,0,0.953473,0.210002,0.114184,0,0.239037,0.62979,-0.826362,0.876476,1.32431,0.0835868,0,1.32695
1008,0.725384,2.22558,1.18734,0.95344,0.0690485,0,0.955937,0.196695,0.11221,0,0.226451,0.638278,-0.807416,0.879918,1.31439,0.095189,0,1.31784
1009,0.73342,2.24748,1.17581,0.955942,0.0787664,0,0.959182,0.183671,0.110079,0,0.214132,0.648105,-0.785481,0.883675,1.3034,0.107396,0,1.30782
1010,0.74179,2.2701,1.16325,0.957939,0.0880583,0,0.961978,0.170944,0.107778,0,0.202084,0.658533,-0.762203,0.887763,1.29139,0.118711,0,1.29683
1011,0.750948,2.29502,1.15054,0.960406,0.0986063,0,0.965455,0.15854,0.105305,0,0.190326,0.669762,-0.737138,0.891889,1.27893,0.131309,0,1.28565
1012,0.932332,2.77414,0.893928,0.92425,0.302592,0,0.972522,0.0331653,0.0609575,0,0.0693956,0.906766,-0.208112,0.972578,0.991331,0.324554,0,1.04311
1013,0.954474,2.83125,0.86306,0.910159,0.322976,0,0.965765,0.0267343,0.0566737,0,0.0626628,0.937064,-0.140483,0.981759,0.953572,0.338381,0,1.01183
1014,1.00014,2.94843,0.799857,0.941481,0.0979741,0,0.946565,0.812805,-0.0793484,0,0.816669,1.0002,0.000443725,1.00006,0.941346,0.09796,0,0.94643
1015,1.00436,2.95914,0.79381,0.938979,0.0989517,0,0.944178,0.825212,-0.076538,0,0.828754,1.00614,0.0136971,1.00177,0.934901,0.098522,0,0.940078
1016,1.00821,2.96887,0.788159,0.936477,0.099942,0,0.941795,0.837236,-0.0737053,0,0.840474,1.0116,0.0258823,1.00336,0.928853,0.0991284,0,0.934128
1017,0.913607,2.72604,0.921556,0.976513,0.0577851,0,0.978221,0.500298,-0.121611,0,0.514866,0.880934,-0.265772,0.964238,1.06886,0.0632494,0,1.07072
1018,0.917364,2.73576,0.916216,0.975469,0.0609736,0,0.977373,0.516426,-0.120567,0,0.530314,0.886043,-0.254368,0.965858,1.06334,0.0664661,0,1.06542
1019,0.922395,2.74886,0.909383,0.974371,0.0636383,0,0.976447,0.532507,-0.119405,0,0.54573,0.89281,-0.239263,0.967926,1.05635,0.0689925,0,1.0586
1020,0.979645,2.89596,0.828227,0.892553,0.34287,0,0.956144,0.0207534,0.0525699,0,0.0565181,0.971741,-0.0630781,0.991931,0.911098,0.349994,0,0.97601
1021,1.00655,2.96459,0.79033,0.869793,0.363116,0,0.942546,0.0150922,0.0480079,0,0.0503243,1.00931,0.0207882,1.00275,0.864136,0.360754,0,0.936416
1022,1.03459,3.03576,0.750569,0.842833,0.381413,0,0.925118,0.0101628,0.0434296,0,0.0446029,1.04886,0.109057,1.01379,0.814655,0.368661,0,0.894189
1023,0.815302,2.46738,1.05788,0.963844,0.175848,0,0.979754,0.091887,0.0877179,0,0.127034,0.751477,-0.554738,0.921717,1.18219,0.215685,0,1.20171
1024,0.828087,2.50121,1.03942,0.962054,0.191152,0,0.98086,0.0821705,0.0842189,0,0.117664,0.768122,-0.517585,0.927586,1.16178,0.230835,0,1.18449
1025,0.842484,2.53924,1.01894,0.959529,0.207263,0,0.981659,0.0728913,0.0805928,0,0.108666,0.786933,-0.475597,0.934062,1.13893,0.246015,0,1.1652
1026,0.857752,2.57936,0.997046,0.955542,0.22455,0,0.981571,0.0640508,0.0768356,0,0.100031,0.807093,-0.430597,0.940939,1.11401,0.261789,0,1.14435
1027,0.655219,2.03356,1.29585,0.922921,-0.021726,0,0.923177,0.388008,0.125169,0,0.407697,0.553281,-0.99714,0.844422,1.40857,-0.0331583,0,1.40896
1028,0.659481,2.04537,1.28928,0.925498,-0.0167159,0,0.925649,0.372258,0.125108,0,0.392719,0.5583,-0.985937,0.846574,1.40337,-0.025347,0,1.4036
1029,0.663438,2.05624,1.28285,0.927635,-0.0117049,0,0.927709,0.356585,0.1249,0,0.377827,0.563048,-0.975338,0.848682,1.39822,-0.0176427,0,1.39833
1030,0.667398,2.0672,1.2768,0.929912,-0.00570748,0,0.929929,0.341045,0.124519,0,0.363066,0.567732,-0.964884,0.850664,1.39334,-0.00855183,0,1.39336
1031,1.04361,3.04564,0.691011,0.860525,-0.0958104,0,0.865842,0.928942,0.047166,0,0.930139,1.07459,0.166488,1.02968,0.824566,-0.0918067,0,0.829661
1032,1.05174,3.06552,0.676859,0.850985,-0.0946058,0,0.856228,0.944751,0.0412012,0,0.945649,1.08679,0.193739,1.03333,0.809124,-0.089952,0,0.814109
1033,1.04766,3.05557,0.684069,0.855926,-0.0953255,0,0.861218,0.937082,0.044174,0,0.938122,1.08064,0.179991,1.03148,0.816992,-0.0909893,0,0.822043
1034,0.944129,2.80503,0.879007,0.967622,0.0760402,0,0.970606,0.612083,-0.112029,0,0.622251,0.922447,-0.173109,0.977035,1.02488,0.08054,0,1.02804
1035,0.948684,2.8168,0.872739,0.966114,0.0779809,0,0.969256,0.627672,-0.110211,0,0.637274,0.928664,-0.159233,0.978897,1.01837,0.0821991,0,1.02168
1036,0.952474,2.82652,0.867301,0.964527,0.0802427,0,0.967859,0.643123,-0.108308,0,0.65218,0.933908,-0.147527,0.980507,1.01265,0.0842466,0,1.01615
1037,0.956897,2.83792,0.861214,0.962932,0.0819679,0,0.966414,0.658449,-0.106314,0,0.666976,0.939964,-0.134009,0.982304,1.00631,0.08566,0,1.00995
1038,0.824174,2.49114,1.04611,0.981043,-0.0258765,0,0.981384,0.251781,-0.119102,0,0.27853,0.762741,-0.529595,0.925462,1.19034,-0.0313969,0,1.19075
1039,0.819976,2.48004,1.05217,0.98085,-0.0183247,0,0.981021,0.266096,-0.120301,0,0.292026,0.757276,-0.541794,0.923534,1.19619,-0.0223478,0,1.1964
1040,0.816165,2.46994,1.05769,0.980589,-0.0107811,0,0.980648,0.28065,-0.121449,0,0.305801,0.752322,-0.552852,0.921777,1.20146,-0.0132095,0,1.20153
1041,1.14571,3.3134,0.583749,0.772365,-0.254503,0,0.813215,0.00311012,-0.0461324,0,0.0462371,1.20992,0.468569,1.05604,0.674137,-0.222136,0,0.709793
1042,1.11062,3.20767,0.567029,0.765461,-0.0502877,0,0.767111,0.999758,0.0094384,0,0.999803,1.1771,0.395312,1.05986,0.689222,-0.0452792,0,0.690708
1043,1.07887,3.14664,0.684199,0.882234,0.0921049,0,0.887029,0.977203,-0.0347232,0,0.97782,1.11279,0.251773,1.03145,0.817741,0.0853718,0,0.822186
1044,1.13082,3.25692,0.530455,0.733253,0.0172385,0,0.733456,1.00046,0.000792067,0,1.00046,1.20762,0.463441,1.06792,0.648427,0.0152443,0,0.648606
1045,1.16852,3.36954,0.546394,0.73877,-0.248417,0,0.779418,-0.00109426,-0.0407165,0,0.0407312,1.24384,0.544287,1.06446,0.632227,-0.212591,0,0.667013
1046,0.978404,2.89326,0.831674,0.954343,0.0883436,0,0.958424,0.735605,-0.114857,0,0.744518,0.969534,-0.0680037,0.990935,0.975408,0.0902936,0,0.979579
1047,0.936158,2.78422,0.889288,0.960845,-0.14775,0,0.972138,0.0926451,-0.10252,0,0.138179,0.911788,-0.196902,0.973968,1.02637,-0.157826,0,1.03843
1048,1.19064,3.42357,0.508021,0.702427,-0.236693,0,0.741234,-0.00465314,-0.0355692,0,0.0358723,1.27714,0.618614,1.07265,0.589958,-0.198795,0,0.622551
1049,1.082,3.13978,0.625171,0.815249,-0.0746881,0,0.818663,0.986705,0.0274142,0,0.987086,1.13203,0.294704,1.04623,0.753464,-0.0690277,0,0.756619
1050,1.23346,3.52785,0.429172,0.625686,-0.187985,0,0.653316,-0.0101966,-0.0251607,0,0.0271483,1.34193,0.76324,1.08794,0.50726,-0.152404,0,0.52966
1051,1.08044,3.15122,0.684169,0.853594,-0.245835,0,0.888289,0.0188831,-0.0617061,0,0.0645307,1.11443,0.255419,1.03145,0.790041,-0.227531,0,0.822153
1052,0.876832,2.63033,0.9736,0.979997,-0.084208,0,0.983608,0.16147,-0.122953,0,0.202953,0.831455,-0.376217,0.948248,1.11766,-0.0960366,0,1.12177
1053,0.783104,2.38172,1.10483,0.967144,0.12174,0,0.974775,0.137066,0.116618,0,0.179963,0.710018,-0.647282,0.906671,1.23501,0.155458,0,1.24476
1054,1.09849,3.19632,0.657277,0.789468,0.366761,0,0.870501,-0.00109426,0.0407165,0,0.0407312,1.14056,0.313756,1.0383,0.718687,0.333878,0,0.792455
1055,1.18511,3.41059,0.519787,0.672007,0.341963,0,0.754011,-0.0101966,0.0251607,0,0.0271483,1.26829,0.59886,1.07019,0.567043,0.28855,0,0.636238
1056,1.26335,3.60103,0.371742,0.542134,0.212228,0,0.582194,-0.0144083,0.00836487,0,0.0166604,1.38675,0.863287,1.09768,0.429124,0.167988,0,0.460833
1057,1.30987,3.70956,0.231469,0.35635,0.129029,0,0.378991,-0.00726828,0.000749844,0,0.00730686,1.46189,1.03101,1.11606,0.272049,0.0985052,0,0.289334
1058,1.3103,3.70975,0.223693,0.352301,0.101056,0,0.366508,-0.00726829,-0.000749842,0,0.00730686,1.4634,1.03437,1.11684,0.26887,0.0771241,0,0.279713
1059,1.30069,3.6907,0.28032,0.433683,0.136428,0,0.454636,-0.0105241,0.0011502,0,0.0105868,1.4445,0.992185,1.11056,0.333426,0.104889,0,0.349535
1060,1.25041,3.56835,0.392375,0.588513,-0.14982,0,0.607284,-0.0121948,-0.0199939,0,0.0234194,1.36835,0.82222,1.09432,0.470655,-0.119817,0,0.485666
1061,1.12282,3.25588,0.616538,0.836131,0.0649405,0,0.838649,0.999758,-0.0094384,0,0.999803,1.17707,0.395251,1.04832,0.744672,0.057837,0,0.746914
1062,0.685362,2.11718,1.25163,0.940631,0.00710239,0,0.940658,0.317193,0.144364,0,0.3485,0.588663,-0.918162,0.858909,1.37246,0.010363,0,1.3725
1063,1.08425,3.16006,0.67599,0.877083,0.0897527,0,0.881664,0.982187,-0.0311005,0,0.982679,1.12064,0.269284,1.03356,0.808928,0.0827782,0,0.813152
1064,1.10787,3.21878,0.639707,0.853007,0.0746259,0,0.856265,0.99675,-0.016741,0,0.99689,1.15515,0.346318,1.04268,0.769954,0.0673599,0,0.772894
1065,1.05405,3.08469,0.721889,0.904597,0.0986987,0,0.909965,0.944891,-0.0529404,0,0.946373,1.07676,0.171341,1.02155,0.85821,0.0936376,0,0.863304
1066,0.997501,2.94194,0.804441,0.944132,0.0945817,0,0.948857,0.803783,-0.0999526,0,0.809974,0.996257,-0.00835414,0.998753,0.946497,0.0948187,0,0.951234
1067,0.896536,2.68191,0.946423,0.981282,0.0363399,0,0.981955,0.412178,-0.14693,0,0.437583,0.857663,-0.317717,0.956641,1.09453,0.0405337,0,1.09528
1068,1.10269,3.18887,0.583257,0.780164,-0.0544773,0,0.782064,0.998876,0.0133581,0,0.998965,1.16462,0.367445,1.05616,0.70751,-0.049404,0,0.709233
1069,1.04268,3.04426,0.695899,0.865818,-0.0916082,0,0.870651,0.928698,0.0602345,0,0.930649,1.0723,0.161389,1.02841,0.830378,-0.0878584,0,0.835013
1070,1.05476,3.07397,0.675515,0.852545,-0.0885193,0,0.857128,0.952273,0.0493123,0,0.953549,1.09028,0.201527,1.03368,0.808282,-0.0839236,0,0.812628
1071,0.634896,1.97783,1.33118,0.910526,-0.0616711,0,0.912612,0.550266,0.140423,0,0.567901,0.528773,-1.05185,0.832849,1.43413,-0.0971357,0,1.43742
1072,0.6387,1.98831,1.32459,0.913081,-0.0547151,0,0.914719,0.517941,0.142836,0,0.537276,0.533318,-1.0417,0.835006,1.42959,-0.0856664,0,1.43216
1073,0.995562,2.92342,0.758516,0.895971,-0.0697048,0,0.898678,0.661258,0.12755,0,0.673447,1.00712,0.0158974,1.01161,0.899964,-0.0700155,0,0.902684
1074,1.00012,2.93669,0.758129,0.897943,-0.0893696,0,0.902379,0.777388,0.106128,0,0.784599,1.01184,0.0264269,1.01172,0.897835,-0.0893589,0,0.902271
1075,0.642163,1.99778,1.3184,0.915237,-0.0479319,0,0.916491,0.493498,0.144379,0,0.514184,0.537512,-1.03234,0.837033,1.42524,-0.0746413,0,1.42719
1076,0.929548,2.7675,0.89984,0.972967,0.0650584,0,0.975139,0.550266,-0.140423,0,0.567901,0.902408,-0.21784,0.970803,1.04671,0.0699893,0,1.04905
1077,0.678755,2.09915,1.26229,0.937619,0.000354414,0,0.937619,0.332649,0.14523,0,0.36297,0.580617,-0.936122,0.855415,1.38138,0.000522153,0,1.38138
1078,1.09751,3.17659,0.593897,0.789313,-0.0608916,0,0.791659,0.99675,0.016741,0,0.99689,1.15643,0.34917,1.05369,0.719188,-0.0554817,0,0.721325
1079,0.94876,2.81674,0.871749,0.955313,-0.158541,0,0.968379,0.0825452,-0.0984212,0,0.128454,0.929016,-0.158446,0.97919,1.00691,-0.167103,0,1.02068
1080,1.14298,3.28836,0.515616,0.721102,-0.0286257,0,0.721669,1.00033,0.00184149,0,1.00033,1.22421,0.500471,1.07107,0.630894,-0.0250448,0,0.631391
1081,1.08703,3.15176,0.615209,0.807191,-0.0708127,0,0.810291,0.990623,0.0237992,0,0.990909,1.1399,0.312279,1.04864,0.742566,-0.0651433,0,0.745418
1082,1.30548,3.70192,0.264992,0.424675,0.0776522,0,0.431716,-0.0105241,-0.00115018,0,0.0105868,1.45221,1.0094,1.11239,0.325301,0.0594815,0,0.330694
1083,1.14957,3.32732,0.594051,0.82941,-0.00271038,0,0.829415,1.00046,-0.000792068,0,1.00046,1.21125,0.47153,1.05365,0.721496,-0.00235774,0,0.7215
1084,1.1592,3.34898,0.570714,0.804264,0.0456473,0,0.805558,1.00033,-0.00184149,0,1.00033,1.22763,0.508105,1.05903,0.693806,0.0393781,0,0.694923
1085,1.04946,3.07314,0.728588,0.908159,0.0996269,0,0.913607,0.937027,-0.05659,0,0.938734,1.07019,0.156671,1.01975,0.865358,0.0949316,0,0.870549
1086,1.06111,3.10276,0.712719,0.873538,-0.238461,0,0.905501,0.0248999,-0.0663963,0,0.0709117,1.08656,0.193215,1.02399,0.823232,-0.224728,0,0.853354
1087,1.26857,3.61275,0.355764,0.551563,-0.0974478,0,0.560105,-0.0136977,-0.0147342,0,0.0201177,1.39564,0.883122,1.10017,0.434791,-0.0768171,0,0.441525
1088,1.06975,3.12433,0.699559,0.821827,0.360802,0,0.897539,0.00311011,0.0461324,0,0.0462371,1.09912,0.221256,1.02745,0.768238,0.337275,0,0.839014
1089,1.21253,3.47698,0.468878,0.664734,-0.216958,0,0.699244,-0.0076454,-0.0303832,0,0.0313303,1.31014,0.692286,1.08051,0.548222,-0.178931,0,0.576683
1090,1.06326,3.09463,0.660302,0.841829,-0.0854334,0,0.846153,0.965706,0.0420205,0,0.966619,1.10318,0.230305,1.03754,0.791744,-0.0803506,0,0.795811
1091,1.21068,3.47263,0.472827,0.629655,0.31446,0,0.703811,-0.0121948,0.0199939,0,0.0234194,1.30722,0.68576,1.07974,0.520082,0.259738,0,0.581334
1092,1.12853,3.20922,0.327461,0.456696,-0.0506814,0,0.459499,1.00077,0.000149118,0,1.00077,1.24627,0.549707,1.10433,0.404683,-0.0449094,0,0.407168
1093,1.13652,3.23931,0.370538,0.517901,0.0660617,0,0.522097,1.00077,-0.000149119,0,1.00077,1.24776,0.553026,1.09787,0.455688,0.0581261,0,0.459381
1094,1.12362,3.25866,0.61819,0.801649,-0.255364,0,0.841339,0.00761747,-0.0511134,0,0.0516779,1.17747,0.396136,1.04792,0.71345,-0.227269,0,0.748774
1095,0.825837,2.49646,1.04722,0.984165,0.0106095,0,0.984222,0.317193,-0.144364,0,0.3485,0.76399,-0.526809,0.925109,1.19172,0.0128469,0,1.19179
1096,0.824624,2.49304,1.04814,0.983483,0.00131722,0,0.983483,0.301842,-0.143313,0,0.334136,0.762626,-0.529852,0.924817,1.19264,0.00159736,0,1.19264
1097,1.09213,3.16385,0.604845,0.798588,-0.0661267,0,0.801321,0.993967,0.0202102,0,0.994172,1.14795,0.330244,1.05111,0.73122,-0.0605483,0,0.733723
1098,0.622127,1.94142,1.34769,0.900215,-0.0628581,0,0.902407,0.574617,0.138304,0,0.591027,0.514776,-1.08309,0.827445,1.447,-0.101037,0,1.45052
1099,1.05895,3.08416,0.668067,0.847359,-0.0871041,0,0.851824,0.959219,0.0456732,0,0.960306,1.09662,0.215675,1.03558,0.80019,-0.0822554,0,0.804407
1100,1.10162,3.20324,0.649318,0.859581,0.0793666,0,0.863237,0.993967,-0.0202102,0,0.994172,1.14601,0.325908,1.0403,0.780291,0.0720456,0,0.78361
1101,0.970842,2.87391,0.842346,0.957919,0.0853377,0,0.961713,0.706512,-0.120236,0,0.71667,0.959031,-0.0914489,0.987834,0.986689,0.0879006,0,0.990596
1102,1.23867,3.5413,0.422649,0.586278,0.272356,0,0.646452,-0.0136977,0.0147342,0,0.0201177,1.34905,0.779122,1.08911,0.473312,0.219877,0,0.521891
1103,0.689261,2.1279,1.24572,0.942513,0.0132248,0,0.942605,0.301842,0.143313,0,0.334136,0.593345,-0.907711,0.860843,1.36742,0.0191869,0,1.36756
1104,0.696685,2.14817,1.23412,0.945744,0.020553,0,0.945967,0.286684,0.142064,0,0.319953,0.60238,-0.887544,0.864638,1.35749,0.0295012,0,1.35781
1105,0.70104,2.1601,1.2276,0.947623,0.0272495,0,0.948014,0.271812,0.140654,0,0.306048,0.607643,-0.875798,0.866773,1.35174,0.03887,0,1.3523
1106,0.963011,2.85383,0.853346,0.96134,0.082067,0,0.964837,0.676541,-0.125218,0,0.688032,0.948197,-0.115631,0.984617,0.998265,0.0852192,0,1.0019
1107,1.12711,3.26747,0.613368,0.753128,0.367094,0,0.83783,-0.00465313,0.0355692,0,0.0358723,1.18243,0.407206,1.04908,0.668194,0.325695,0,0.743344
1108,1.15634,3.33987,0.567504,0.714042,0.359255,0,0.799324,-0.00764539,0.0303832,0,0.0313303,1.22544,0.503218,1.05976,0.617499,0.310682,0,0.691251
1109,1.28083,3.64153,0.323035,0.513936,-0.0263095,0,0.514609,-0.0144083,-0.00836486,0,0.0166604,1.41526,0.926921,1.10496,0.401253,-0.020541,0,0.401778
1110,1.10243,3.20631,0.651842,0.829708,-0.251449,0,0.866973,0.0128752,-0.0565529,0,0.058,1.14616,0.326254,1.03967,0.752616,-0.228086,0,0.786418
1111,1.01609,2.9892,0.7781,0.933231,0.0979364,0,0.938356,0.858633,-0.0850788,0,0.862838,1.02237,0.0499223,1.00618,0.918457,0.096386,0,0.923501
1112,1.0196,2.99803,0.772827,0.93064,0.0990903,0,0.935901,0.86983,-0.0816229,0,0.873651,1.0274,0.0611548,1.00765,0.912753,0.0971858,0,0.917913
1113,1.0239,3.00895,0.766686,0.927893,0.099133,0,0.933174,0.880625,-0.0781517,0,0.884086,1.03348,0.074737,1.00936,0.906231,0.0968187,0,0.911389
1114,1.02794,3.01913,0.760773,0.925013,0.0997944,0,0.93038,0.891087,-0.0746231,0,0.894206,1.03924,0.0875831,1.01099,0.89987,0.0970819,0,0.905091
1115,0.961935,2.85066,0.853436,0.94862,-0.170655,0,0.963848,0.0729299,-0.0941815,0,0.119117,0.947113,-0.118052,0.984591,0.986158,-0.177408,0,1.00199
1116,0.976404,2.88789,0.833574,0.940903,-0.182212,0,0.958384,0.0637631,-0.0897922,0,0.110129,0.967015,-0.0736275,0.990384,0.963641,-0.186616,0,0.981544
1117,1.03232,3.0302,0.754465,0.92204,0.09946,0,0.927389,0.901122,-0.071057,0,0.903919,1.04545,0.101459,1.01272,0.893175,0.0963464,0,0.898356
1118,1.03639,3.0404,0.748283,0.918773,0.0999265,0,0.924191,0.910725,-0.0674775,0,0.913221,1.05133,0.114581,1.01442,0.886512,0.0964177,0,0.89174
1119,1.04071,3.05126,0.741955,0.915555,0.0997452,0,0.920972,0.919932,-0.0638631,0,0.922146,1.0575,0.128354,1.01614,0.879744,0.0958438,0,0.88495
1120,1.04551,3.06334,0.73485,0.911839,0.0993071,0,0.917231,0.928698,-0.0602345,0,0.930649,1.0644,0.143744,1.01806,0.872147,0.0949843,0,0.877304
1121,1.06857,3.12095,0.699861,0.89178,0.0956548,0,0.896896,0.965706,-0.0420205,0,0.966619,1.09782,0.218343,1.02737,0.834557,0.0895169,0,0.839345
1122,1.07365,3.13362,0.692133,0.887111,0.0940481,0,0.892082,0.971705,-0.0383693,0,0.972462,1.1052,0.234826,1.02939,0.82626,0.0875969,0,0.83089
1123,0.990324,2.92368,0.814749,0.94821,0.0923279,0,0.952694,0.777388,-0.106129,0,0.784599,0.986174,-0.0308605,0.99581,0.957474,0.09323,0,0.962003
1124,1.11385,3.23361,0.630415,0.846524,0.0687098,0,0.849308,0.998876,-0.0133581,0,0.998965,1.16392,0.3659,1.04496,0.760001,0.061687,0,0.7625
1125,0.904229,2.70189,0.935456,0.979403,0.0488653,0,0.980622,0.460877,-0.145878,0,0.483413,0.868061,-0.294507,0.960002,1.08314,0.0540408,0,1.08448
1126,0.909538,2.71572,0.928128,0.978426,0.0517218,0,0.979792,0.477197,-0.145205,0,0.498801,0.875192,-0.278589,0.962238,1.07574,0.056866,0,1.07724
1127,0.896855,2.68269,0.945789,0.980883,0.0411558,0,0.981746,0.428376,-0.14674,0,0.452812,0.858143,-0.316646,0.956836,1.09369,0.045889,0,1.09465
1128,0.900601,2.69241,0.940403,0.980026,0.0454366,0,0.981079,0.444593,-0.146386,0,0.468072,0.863215,-0.305324,0.958487,1.08819,0.0504515,0,1.08936
1129,1.05909,3.09734,0.714451,0.900483,0.097746,0,0.905772,0.952273,-0.0493123,0,0.953549,1.08401,0.187518,1.02353,0.850241,0.0922923,0,0.855236
1130,1.06361,3.10857,0.707353,0.8962,0.0969445,0,0.901429,0.959219,-0.0456732,0,0.960306,1.09063,0.202308,1.0254,0.8426,0.0911464,0,0.847516
1131,0.89287,2.6721,0.950612,0.976118,-0.103669,0,0.981607,0.137066,-0.116618,0,0.179963,0.853006,-0.328111,0.955353,1.09324,-0.116107,0,1.09938
1132,0.882475,2.64503,0.96545,0.978429,-0.0942436,0,0.982958,0.14906,-0.11986,0,0.191273,0.839035,-0.359297,0.950775,1.10873,-0.106795,0,1.11386
1133,1.08988,3.17407,0.667422,0.871605,0.0869051,0,0.875927,0.986705,-0.0274143,0,0.987086,1.12883,0.287569,1.03574,0.799728,0.0797385,0,0.803694
1134,1.0957,3.18855,0.65851,0.865767,0.0835513,0,0.86979,0.990623,-0.0237992,0,0.990909,1.13733,0.306532,1.03799,0.790153,0.0762541,0,0.793824
1135,0.984934,2.91004,0.822778,0.951479,0.0901204,0,0.955737,0.756824,-0.110609,0,0.764864,0.978535,-0.047912,0.993504,0.966033,0.0914989,0,0.970357
1136,0.923956,2.75276,0.906688,0.966134,-0.135652,0,0.975611,0.103367,-0.106455,0,0.148383,0.895073,-0.234212,0.96874,1.04565,-0.146817,0,1.05591
1137,0.912263,2.72262,0.923678,0.970701,-0.124905,0,0.978704,0.114489,-0.109913,0,0.158709,0.87905,-0.269978,0.963593,1.06406,-0.136918,0,1.07283
1138,0.904851,2.70345,0.934388,0.973641,-0.114442,0,0.980344,0.125468,-0.113241,0,0.169014,0.868954,-0.292513,0.960328,1.07602,-0.126476,0,1.08343
1139,0.938441,2.79054,0.887601,0.970401,0.0698444,0,0.972912,0.582654,-0.137467,0,0.598651,0.914485,-0.190882,0.974472,1.03406,0.0744259,0,1.03673
1140,1.04264,3.05615,0.739187,0.890819,-0.228185,0,0.91958,0.0316053,-0.0714277,0,0.0781077,1.06025,0.134488,1.01689,0.854389,-0.218854,0,0.881974
1141,1.02443,3.01005,0.765163,0.906273,-0.217426,0,0.93199,0.039064,-0.0764455,0,0.0858482,1.03444,0.0768793,1.00978,0.884664,-0.212242,0,0.909768
1142,1.00687,2.96541,0.789899,0.919548,-0.206222,0,0.942389,0.0471652,-0.0810564,0,0.09378,1.00976,0.0217794,1.00287,0.913277,-0.204815,0,0.935962
1143,0.991441,2.92618,0.81192,0.930708,-0.194646,0,0.950844,0.0551081,-0.0852942,0,0.101548,0.98809,-0.0265852,0.996619,0.938742,-0.196327,0,0.959052
1144,0.838416,2.52949,1.02841,0.984217,0.0200571,0,0.984421,0.332649,-0.14523,0,0.36297,0.780626,-0.489674,0.931072,1.1739,0.0239225,0,1.17414
1145,0.855661,2.57498,1.00416,0.984639,0.026415,0,0.984993,0.348294,-0.145933,0,0.377631,0.803218,-0.439246,0.938711,1.15073,0.0308709,0,1.15115
1146,0.874654,2.62457,0.976444,0.983169,0.0281597,0,0.983572,0.364137,-0.146448,0,0.392483,0.828617,-0.382552,0.947365,1.12407,0.0321953,0,1.12453
1147,0.888321,2.66056,0.958198,0.982759,0.0292427,0,0.983194,0.38005,-0.146772,0,0.407407,0.846584,-0.342447,0.953016,1.10631,0.032919,0,1.1068
1148,0.894168,2.6758,0.949948,0.981949,0.0314192,0,0.982452,0.396047,-0.146935,0,0.422425,0.854429,-0.324935,0.955558,1.09817,0.0351379,0,1.09873
1149,0.867549,2.60605,0.98683,0.981443,-0.0746035,0,0.984275,0.174246,-0.12586,0,0.214947,0.81908,-0.403839,0.944131,1.13128,-0.0859935,0,1.13455
1150,0.862012,2.59152,0.994607,0.982275,-0.0651256,0,0.984432,0.187333,-0.128569,0,0.227209,0.811759,-0.420181,0.941702,1.13951,-0.0755506,0,1.14202
1151,0.853254,2.5685,1.007,0.98293,-0.0561895,0,0.984535,0.200694,-0.131088,0,0.239712,0.800198,-0.445988,0.937818,1.15198,-0.0658531,0,1.15386
1152,0.848586,2.55618,1.01349,0.983238,-0.0475699,0,0.984389,0.214341,-0.133435,0,0.252481,0.794088,-0.459626,0.935777,1.15868,-0.0560578,0,1.16003
1153,0.841138,2.53657,1.02415,0.983456,-0.0393145,0,0.984241,0.228312,-0.135606,0,0.265547,0.78429,-0.481495,0.932416,1.1692,-0.0467397,0,1.17013
1154,1.07709,3.128,0.634625,0.822663,-0.0780506,0,0.826357,0.982187,0.0311005,0,0.982679,1.1244,0.277686,1.04393,0.763784,-0.0724645,0,0.767214
1155,1.07238,3.11668,0.64357,0.829522,-0.0808992,0,0.833458,0.977203,0.0347232,0,0.97782,1.11712,0.261429,1.04172,0.773536,-0.0754392,0,0.777206
1156,1.06777,3.10556,0.652105,0.835881,-0.0833334,0,0.840025,0.971705,0.0383692,0,0.972462,1.11005,0.245657,1.0396,0.782829,-0.0780443,0,0.78671
1157,0.644161,2.0036,1.31651,0.917314,-0.0438852,0,0.918363,0.477197,0.145205,0,0.498801,0.539584,-1.02771,0.837654,1.42404,-0.0681277,0,1.42567
1158,0.647979,2.01405,1.30981,0.919463,-0.0394031,0,0.920307,0.460877,0.145878,0,0.483413,0.544205,-1.0174,0.839849,1.41897,-0.0608092,0,1.42027
1159,0.649945,2.01952,1.30676,0.92083,-0.0351334,0,0.9215,0.444593,0.146385,0,0.468072,0.546505,-1.01227,0.840847,1.41678,-0.0540559,0,1.41781
1160,0.65443,2.03189,1.29949,0.923508,-0.0302463,0,0.924003,0.428376,0.14674,0,0.452812,0.551834,-1.00037,0.843228,1.41116,-0.0462177,0,1.41192
1161,0.656958,2.03896,1.29583,0.925258,-0.025806,0,0.925618,0.412178,0.14693,0,0.437583,0.554753,-0.993854,0.844427,1.4084,-0.039281,0,1.40895
1162,0.906624,2.70735,0.929317,0.944435,0.252944,0,0.977721,0.0471652,0.0810564,0,0.09378,0.87206,-0.285581,0.961876,1.0417,0.278995,0,1.07842
1163,0.926397,2.75884,0.902431,0.936128,0.269833,0,0.974241,0.039064,0.0764455,0,0.0858482,0.898626,-0.226281,0.970023,1.0105,0.291271,0,1.05164
1164,0.709268,2.18252,1.21493,0.95085,0.035435,0,0.95151,0.25731,0.139148,0,0.292524,0.617712,-0.853322,0.870914,1.34061,0.0499599,0,1.34154
1165,0.714107,2.19572,1.2077,0.952618,0.0430554,0,0.953591,0.242712,0.137569,0,0.278988,0.623612,-0.840153,0.873275,1.334,0.0602927,0,1.33536
1166,0.790102,2.40059,1.09532,0.967465,0.133743,0,0.976665,0.125468,0.113241,0,0.169014,0.71878,-0.627724,0.90973,1.22448,0.169273,0,1.23613
1167,0.803555,2.43624,1.07505,0.967411,0.14613,0,0.978386,0.114489,0.109913,0,0.158709,0.736244,-0.588742,0.916234,1.20391,0.181854,0,1.21757
1168,0.816864,2.47157,1.05581,0.966994,0.159517,0,0.980063,0.103367,0.106455,0,0.148383,0.753456,-0.550322,0.922375,1.18379,0.195279,0,1.19979
1169,1.03885,3.03474,0.702073,0.869637,-0.0917001,0,0.874459,0.919932,0.0638631,0,0.922147,1.06668,0.148841,1.02679,0.837119,-0.0882711,0,0.84176
1170,1.03501,3.02519,0.708156,0.873185,-0.0927123,0,0.878093,0.910725,0.0674775,0,0.913221,1.06108,0.13635,1.02519,0.843649,-0.0895763,0,0.848391
1171,1.03139,3.01611,0.713653,0.87633,-0.092392,0,0.881187,0.901122,0.071057,0,0.903919,1.05587,0.124716,1.02374,0.84966,-0.0895802,0,0.854369
1172,1.02774,3.007,0.719356,0.879529,-0.0929783,0,0.884429,0.891087,0.0746231,0,0.894206,1.05058,0.112897,1.02222,0.85579,-0.0904688,0,0.860558
1173,1.02431,2.9983,0.724207,0.882029,-0.0924776,0,0.886864,0.880625,0.0781517,0,0.884086,1.04575,0.102117,1.02093,0.861093,-0.0902825,0,0.865813
1174,1.02092,2.98979,0.729426,0.884832,-0.0927763,0,0.889683,0.86983,0.0816229,0,0.873651,1.04085,0.0911883,1.01953,0.866703,-0.0908754,0,0.871454
1175,1.01746,2.98089,0.733878,0.886772,-0.0922546,0,0.891558,0.858633,0.0850787,0,0.862838,1.03611,0.0806002,1.01833,0.871553,-0.0906714,0,0.876257
1176,1.01282,2.96915,0.740704,0.89018,-0.0920851,0,0.89493,0.841098,0.0901503,0,0.845915,1.02951,0.0658655,1.01648,0.878915,-0.0909198,0,0.883605
1177,1.00876,2.95883,0.746428,0.892915,-0.0910648,0,0.897547,0.8229,0.0951218,0,0.828379,1.02381,0.0531584,1.01492,0.88516,-0.0902739,0,0.889751
1178,1.00444,2.94779,0.752324,0.895465,-0.0907238,0,0.900049,0.803783,0.0999526,0,0.809974,1.01781,0.0397647,1.01331,0.891503,-0.0903224,0,0.896067
1179,0.995196,2.92385,0.764022,0.89983,-0.08867,0,0.904188,0.749785,0.11204,0,0.758109,1.00524,0.0116967,1.01009,0.904174,-0.089098,0,0.908553
1180,0.991501,2.91403,0.767784,0.900258,-0.0905559,0,0.904801,0.721189,0.11759,0,0.730713,1.00048,0.00106043,1.00905,0.907975,-0.0913322,0,0.912556
1181,1.00492,2.9497,0.754202,0.898446,-0.0853805,0,0.902494,0.691623,0.122779,0,0.702436,1.01778,0.0396864,1.0128,0.894047,-0.0849625,0,0.898075
1182,0.734166,2.22559,1.07388,0.887173,-0.102845,0,0.893115,0.630235,0.131859,0,0.643882,0.672941,-0.730043,0.916606,1.20841,-0.140084,0,1.2165
1183,0.622087,1.94678,1.37467,0.912995,-0.06756,0,0.915492,0.598659,0.135723,0,0.613851,0.509256,-1.09541,0.818625,1.46763,-0.108602,0,1.47165
1184,0.723037,2.21996,1.19403,0.955599,0.0522131,0,0.957024,0.228312,0.135606,0,0.265547,0.634636,-0.815544,0.877737,1.32164,0.0722135,0,1.32362
1185,0.728056,2.23356,1.18641,0.956958,0.0605387,0,0.958871,0.214341,0.133435,0,0.252481,0.640851,-0.801673,0.880222,1.3144,0.0831512,0,1.31703
1186,0.737558,2.25925,1.17203,0.959581,0.0703854,0,0.962159,0.200694,0.131088,0,0.239712,0.65267,-0.77529,0.884907,1.30102,0.0954303,0,1.30452
1187,0.74289,2.2736,1.16381,0.960485,0.0795348,0,0.963772,0.187333,0.128569,0,0.227209,0.659374,-0.760326,0.88758,1.2929,0.107061,0,1.29733
1188,0.753468,2.30208,1.14788,0.962728,0.0899663,0,0.966923,0.174246,0.12586,0,0.214947,0.67266,-0.730669,0.892752,1.27773,0.119403,0,1.2833
1189,0.76255,2.3264,1.13404,0.963963,0.100638,0,0.969202,0.16147,0.122953,0,0.202953,0.68419,-0.704934,0.897239,1.26413,0.131976,0,1.271
1190,0.772533,2.35333,1.11993,0.965773,0.111021,0,0.972134,0.14906,0.11986,0,0.191272,0.696672,-0.677072,0.901802,1.25014,0.143711,0,1.25837
1191,0.946899,2.81186,0.874035,0.924914,0.287876,0,0.968679,0.0316053,0.0714277,0,0.0781077,0.926553,-0.163945,0.978512,0.976781,0.30402,0,1.023
1192,0.967835,2.86565,0.844618,0.911123,0.305565,0,0.960997,0.0248999,0.0663963,0,0.0709117,0.955419,-0.0995116,0.987171,0.941403,0.31572,0,0.992934
1193,1.00407,2.95873,0.795392,0.940726,0.0956126,0,0.945573,0.8229,-0.0951218,0,0.828379,1.00539,0.0120382,1.00132,0.936915,0.0952253,0,0.941742
1194,1.00787,2.96837,0.789959,0.938417,0.0967126,0,0.943387,0.835158,-0.0918161,0,0.840189,1.01074,0.0239779,1.00285,0.931093,0.0959577,0,0.936025
1195,1.01174,2.9782,0.784399,0.936033,0.0973453,0,0.941081,0.847038,-0.0884845,0,0.851647,1.01621,0.0361805,1.00442,0.925171,0.0962157,0,0.930161
1196,0.915225,2.7305,0.920233,0.977222,0.0546868,0,0.978751,0.493498,-0.144379,0,0.514184,0.882862,-0.261469,0.96464,1.06774,0.0597523,0,1.06941
1197,0.921119,2.74568,0.911628,0.975335,0.0597104,0,0.977161,0.517941,-0.142836,0,0.537276,0.89095,-0.243415,0.967247,1.05886,0.0648238,0,1.06084
1198,0.990925,2.92475,0.812247,0.894809,0.321126,0,0.950686,0.0188831,0.0617061,0,0.0645308,0.987482,-0.0279413,0.996526,0.903004,0.324067,0,0.959393
1199,1.01681,2.99071,0.775941,0.874171,0.336496,0,0.936699,0.0128752,0.0565529,0,0.058,1.02371,0.0529143,1.00678,0.85972,0.330934,0,0.921215
1200,1.04258,3.05581,0.738572,0.849132,0.351059,0,0.918841,0.00761746,0.0511134,0,0.0516779,1.06037,0.134747,1.01706,0.814451,0.336721,0,0.881312
1201,0.829739,2.50588,1.03818,0.96642,0.173399,0,0.981853,0.0926451,0.10252,0,0.138179,0.769981,-0.513435,0.927979,1.16473,0.20898,0,1.18333
1202,0.842686,2.5402,1.02026,0.964687,0.188581,0,0.982947,0.0825452,0.0984212,0,0.128454,0.786771,-0.475958,0.933646,1.14478,0.223786,0,1.16644
1203,0.856814,2.5774,1.00026,0.961833,0.203531,0,0.983132,0.0729298,0.0941815,0,0.119117,0.805347,-0.434494,0.939932,1.12257,0.237544,0,1.14743
1204,0.873236,2.62051,0.977166,0.95785,0.219093,0,0.982588,0.063763,0.0897923,0,0.110129,0.827077,-0.385988,0.947141,1.0969,0.250897,0,1.12523
1205,0.889667,2.66326,0.95336,0.951574,0.236316,0,0.980479,0.0551081,0.0852942,0,0.101548,0.849194,-0.336621,0.954507,1.06958,0.265623,0,1.10207
1206,0.662107,2.05313,1.28753,0.928156,-0.0206318,0,0.928386,0.396047,0.146935,0,0.422425,0.560903,-0.980127,0.847149,1.40182,-0.0311608,0,1.40217
1207,0.665158,2.06161,1.283,0.93006,-0.0161182,0,0.9302,0.38005,0.146772,0,0.407407,0.564474,-0.972157,0.848631,1.39825,-0.0242321,0,1.39846
1208,0.67083,2.07719,1.27391,0.933055,-0.0107806,0,0.933117,0.364137,0.146448,0,0.392483,0.571285,-0.956952,0.85161,1.3909,-0.0160705,0,1.39099
1209,0.675536,2.09015,1.26662,0.93558,-0.00531338,0,0.935595,0.348294,0.145933,0,0.377631,0.576907,-0.944405,0.853998,1.38494,-0.00786543,0,1.38497
1210,1.05077,3.06424,0.68251,0.857318,-0.0895203,0,0.86198,0.944891,0.0529403,0,0.946373,1.08427,0.188111,1.03188,0.815893,-0.0851948,0,0.820329
1211,1.04649,3.05369,0.689671,0.861934,-0.0907394,0,0.866697,0.937027,0.05659,0,0.938734,1.07792,0.173928,1.03003,0.82364,-0.0867082,0,0.828192
1212,0.946916,2.81242,0.875841,0.967583,0.0743111,0,0.970432,0.614521,-0.133848,0,0.628929,0.926061,-0.165041,0.977976,1.02182,0.078477,0,1.02483
1213,0.955047,2.83336,0.86449,0.964559,0.0783856,0,0.967739,0.645811,-0.129762,0,0.658719,0.937224,-0.140126,0.981338,1.00996,0.0820751,0,1.01329
1214,0.837474,2.52688,1.02928,0.983509,-0.0310796,0,0.984,0.242712,-0.137569,0,0.278988,0.779519,-0.492146,0.930797,1.17438,-0.0371112,0,1.17496
1215,0.831209,2.51034,1.03828,0.983397,-0.0233592,0,0.983674,0.25731,-0.139148,0,0.292524,0.771317,-0.510453,0.927946,1.18309,-0.0281027,0,1.18343
1216,0.828684,2.50365,1.04182,0.983307,-0.0154449,0,0.983429,0.271812,-0.140654,0,0.306048,0.768046,-0.517755,0.926825,1.18659,-0.0186379,0,1.18673
1217,0.823817,2.49083,1.04902,0.983165,-0.00791997,0,0.983197,0.286684,-0.142064,0,0.319953,0.761649,-0.532034,0.924537,1.19343,-0.00961376,0,1.19347
1218,1.14463,3.30859,0.577331,0.802428,0.0514537,0,0.804076,0.999822,-0.00253919,0,0.999826,1.21046,0.469788,1.05752,0.701039,0.0449524,0,0.702479
1219,1.13064,3.2545,0.522541,0.72201,-0.0372795,0,0.722972,0.999822,0.00253918,0,0.999826,1.20934,0.467279,1.06961,0.638584,-0.0329719,0,0.639435
1220,1.18073,3.39953,0.525955,0.731543,-0.204821,0,0.759675,-0.00827562,-0.041878,0,0.0426878,1.26206,0.584952,1.06888,0.619568,-0.17347,0,0.643394
1221,1.27642,3.63153,0.337003,0.512956,0.150321,0,0.534528,-0.0141831,0.0036643,0,0.0146488,1.40784,0.91036,1.10296,0.401872,0.117768,0,0.418772
1222,1.12783,3.25625,0.562514,0.77281,0.0235529,0,0.773169,1.00081,-0.000549843,0,1.00081,1.19649,0.438599,1.06088,0.685218,0.0208834,0,0.685536
1223,1.08633,3.16532,0.673113,0.876195,0.0807474,0,0.879908,0.988776,-0.0345652,0,0.98938,1.12359,0.275867,1.03429,0.806561,0.0743301,0,0.809979
1224,1.09319,3.16672,0.604105,0.799228,-0.0559326,0,0.801183,0.998607,0.0210818,0,0.99883,1.14925,0.333152,1.05128,0.731099,-0.0511647,0,0.732887
1225,1.2203,3.49669,0.457829,0.63884,0.254914,0,0.687821,-0.0176332,0.0187034,0,0.025705,1.32114,0.716825,1.08263,0.52351,0.208894,0,0.563648
1226,1.06554,3.10094,0.659036,0.842909,-0.0776135,0,0.846475,0.973577,0.0482018,0,0.97477,1.10589,0.236356,1.03786,0.79106,-0.0728394,0,0.794407
1227,1.12533,3.26197,0.612113,0.832844,0.05878,0,0.834916,1.00092,-0.00818665,0,1.00095,1.1809,0.403794,1.04938,0.740088,0.0522335,0,0.741929
1228,1.09733,3.19266,0.656238,0.865225,0.0732232,0,0.868317,0.995993,-0.0254498,0,0.996318,1.13965,0.311709,1.03857,0.788484,0.0667287,0,0.791303
1229,1.26154,3.59567,0.370754,0.578527,-0.0392317,0,0.579855,-0.0185072,-0.0120462,0,0.0220823,1.38496,0.859294,1.09784,0.458587,-0.0310982,0,0.459641
1230,1.08235,3.15603,0.681438,0.85882,-0.220237,0,0.88661,0.0159473,-0.0716767,0,0.0734293,1.11716,0.261516,1.03216,0.793476,-0.20348,0,0.819151
1231,1.16106,3.35135,0.559294,0.761703,-0.215724,0,0.791662,-0.00465793,-0.0478232,0,0.0480495,1.23258,0.51916,1.0616,0.656041,-0.185799,0,0.681844
1232,0.69001,2.12978,1.2438,0.94251,0.00456244,0,0.942521,0.331555,0.167815,0,0.371605,0.594422,-0.905308,0.861469,1.36594,0.00661215,0,1.36595
1233,1.11036,3.1887,0.490226,0.668089,-0.0104494,0,0.668171,1.00081,0.000549842,0,1.00081,1.19506,0.43541,1.07629,0.601687,-0.00941083,0,0.601761
1234,1.12397,3.25957,0.617867,0.773318,0.33102,0,0.841187,-0.00827562,0.0418779,0,0.0426878,1.17792,0.397134,1.048,0.688027,0.294511,0,0.74841
1235,1.19661,3.43854,0.499121,0.673781,0.287417,0,0.732522,-0.0160696,0.0244624,0,0.0292684,1.28573,0.637793,1.07448,0.563076,0.240193,0,0.612166
1236,1.14107,3.30198,0.591294,0.788986,-0.222317,0,0.819709,-0.000384571,-0.0538249,0,0.0538263,1.20302,0.453173,1.05429,0.691445,-0.194832,0,0.71837
1237,1.08116,3.15248,0.681183,0.881368,0.0836556,0,0.885329,0.984238,-0.0391617,0,0.985017,1.116,0.258927,1.03222,0.815206,0.0773758,0,0.81887
1238,0.928604,2.76479,0.900195,0.972592,0.0606322,0,0.97448,0.535956,-0.166448,0,0.561208,0.901392,-0.220107,0.970696,1.04737,0.065294,0,1.0494
1239,1.08836,3.15542,0.614446,0.808117,-0.0601179,0,0.81035,0.995993,0.0254498,0,0.996318,1.1415,0.315845,1.04882,0.742507,-0.055237,0,0.744559
1240,0.838005,2.52786,1.02694,0.982727,0.0103933,0,0.982782,0.315825,-0.166729,0,0.357133,0.780631,-0.489663,0.931535,1.1727,0.0124025,0,1.17276
1241,1.05705,3.09249,0.71841,0.903825,0.0927284,0,0.908569,0.95374,-0.0616221,0,0.955729,1.08081,0.180371,1.02247,0.855045,0.0877238,0,0.859533
1242,1.05031,3.07555,0.728312,0.909147,0.0943868,0,0.914034,0.942161,-0.0682444,0,0.944629,1.07113,0.158779,1.01983,0.865599,0.0898657,0,0.870251
1243,0.953504,2.82911,0.865651,0.964445,0.0743018,0,0.967303,0.633318,-0.155943,0,0.652235,0.935383,-0.144235,0.980995,1.01147,0.077925,0,1.01447
1244,0.944467,2.80603,0.878998,0.961003,-0.138584,0,0.970944,0.0926227,-0.119158,0,0.150922,0.92278,-0.172367,0.977038,1.01751,-0.146732,0,1.02803
1245,0.880917,2.64095,0.967607,0.980223,-0.0747636,0,0.98307,0.17027,-0.144479,0,0.223308,0.836966,-0.363916,0.950107,1.11273,-0.0848701,0,1.11596
1246,1.23305,3.52652,0.428531,0.638311,-0.133665,0,0.652156,-0.0160696,-0.0244624,0,0.0292684,1.34162,0.762553,1.08805,0.517669,-0.108402,0,0.528897
1247,0.902651,2.69759,0.936982,0.979443,0.0402461,0,0.980269,0.428777,-0.170279,0,0.461351,0.866125,-0.298828,0.959535,1.08507,0.0445866,0,1.08599
1248,0.971309,2.87495,0.841125,0.947553,-0.159917,0,0.960953,0.0719729,-0.109376,0,0.130932,0.959837,-0.0896486,0.98819,0.975542,-0.164641,0,0.989338
1249,0.958101,2.84109,0.859803,0.954618,-0.149476,0,0.966249,0.0819694,-0.114336,0,0.140683,0.941545,-0.130481,0.982719,0.996364,-0.156013,0,1.0085
1250,0.809866,2.45309,1.06623,0.969626,0.138607,0,0.979483,0.12082,0.129423,0,0.177053,0.74431,-0.570736,0.919054,1.19727,0.171148,0,1.20944
1251,1.07884,3.13285,0.633701,0.823731,-0.068633,0,0.826585,0.988776,0.0345652,0,0.98938,1.12648,0.282312,1.04416,0.763534,-0.0636175,0,0.76618
1252,1.04277,3.04461,0.696242,0.86681,-0.0865058,0,0.871116,0.933864,0.0726286,0,0.936684,1.0723,0.161383,1.02832,0.831259,-0.0829579,0,0.835388
1253,1.24225,3.54998,0.415503,0.602499,0.209024,0,0.637728,-0.0185071,0.0120462,0,0.0220822,1.35451,0.791326,1.09037,0.485005,0.168262,0,0.513363
1254,1.09859,3.19643,0.656573,0.803844,0.332047,0,0.869725,-0.00465794,0.0478232,0,0.0480495,1.14087,0.314432,1.03848,0.731705,0.302248,0,0.791674
1255,1.07617,3.14011,0.688985,0.886291,0.0861317,0,0.890467,0.979182,-0.0436778,0,0.980156,1.10868,0.242591,1.03021,0.82356,0.0800354,0,0.82744
1256,1.13631,3.26767,0.509312,0.709059,-0.00941664,0,0.709122,1.00042,0.00120979,0,1.00042,1.21856,0.487864,1.07238,0.623999,-0.008287,0,0.624054
1257,1.08346,3.14375,0.624228,0.816064,-0.0646118,0,0.818618,0.992739,0.0300232,0,0.993193,1.1338,0.298656,1.04646,0.753204,-0.0596349,0,0.755561
1258,1.30752,3.70576,0.252075,0.396394,0.110781,0,0.411583,-0.00938652,-8.25431e-09,0,0.00938652,1.45639,1.01873,1.11386,0.303165,0.084726,0,0.314782
1259,1.24853,3.56428,0.398624,0.608599,-0.093436,0,0.61573,-0.0176332,-0.0187034,0,0.025705,1.36498,0.814691,1.09327,0.487453,-0.0748369,0,0.493164
1260,1.10297,3.20668,0.647461,0.859218,0.069457,0,0.862021,0.998607,-0.0210818,0,0.99883,1.14793,0.330201,1.04076,0.779001,0.0629725,0,0.781542
1261,0.98358,2.9064,0.824056,0.95179,0.0866796,0,0.955729,0.750562,-0.134449,0,0.762509,0.976828,-0.0517237,0.993135,0.96768,0.0881266,0,0.971684
1262,0.648711,2.01618,1.30912,0.919678,-0.0490659,0,0.920986,0.507289,0.168476,0,0.534534,0.544965,-1.0157,0.840074,1.4177,-0.075636,0,1.41972
1263,0.651883,2.02461,1.30244,0.921011,-0.0419324,0,0.921965,0.478282,0.168898,0,0.507228,0.549057,-1.00657,0.842263,1.41285,-0.0643251,0,1.41431
1264,1.09807,3.17809,0.593441,0.789879,-0.0505195,0,0.791493,1.00063,0.0168206,0,1.00077,1.15713,0.350745,1.05379,0.719337,-0.0460077,0,0.720807
1265,1.11006,3.16352,0.36853,0.507149,0.0100697,0,0.507249,1.00109,-5.79972e-10,0,1.00109,1.21905,0.488955,1.09819,0.456867,0.00907135,0,0.456957
1266,1.11281,3.21276,0.562034,0.761002,-0.0437304,0,0.762258,1.00092,0.00818665,0,1.00095,1.18068,0.403294,1.06099,0.683857,-0.0392973,0,0.684985
1267,1.28557,3.65261,0.309442,0.493354,0.0426823,0,0.495197,-0.0141831,-0.00366424,0,0.0146488,1.42289,0.94396,1.10682,0.383763,0.0332011,0,0.385196
1268,1.15032,3.32056,0.560129,0.785002,0.0262174,0,0.785439,1.00042,-0.00120979,0,1.00042,1.22096,0.493222,1.06141,0.682422,0.0227914,0,0.682802
1269,1.06504,3.11253,0.706575,0.875936,-0.214164,0,0.901737,0.0220596,-0.0771648,0,0.0802561,1.09232,0.206064,1.02561,0.822443,-0.201085,0,0.846669
1270,1.21762,3.48942,0.459623,0.668973,-0.164447,0,0.688889,-0.0139648,-0.030236,0,0.0333051,1.31782,0.709411,1.08229,0.549411,-0.135056,0,0.565767
1271,1.19974,3.44598,0.492686,0.700583,-0.188173,0,0.725414,-0.0113686,-0.0359877,0,0.0377407,1.29067,0.648814,1.07579,0.583945,-0.156844,0,0.604642
1272,0.635878,1.98136,1.3334,0.913108,-0.0611002,0,0.91515,0.564601,0.16418,0,0.587987,0.529127,-1.05106,0.832121,1.43598,-0.0960879,0,1.43919
1273,1.10175,3.20461,0.652889,0.838727,-0.222427,0,0.867719,0.009909,-0.06609,0,0.0668287,1.14517,0.324029,1.0394,0.761267,-0.201885,0,0.787582
1274,1.06154,3.0913,0.666517,0.848361,-0.0796445,0,0.852091,0.96745,0.0527065,0,0.968885,1.09973,0.222603,1.03597,0.799179,-0.0750272,0,0.802693
1275,1.05708,3.08031,0.674018,0.853362,-0.0816954,0,0.857264,0.960824,0.0571868,0,0.962524,1.09308,0.20777,1.03406,0.807286,-0.0772844,0,0.810977
1276,0.64279,1.99861,1.31306,0.912895,-0.0561886,0,0.914623,0.535956,0.166448,0,0.561208,0.539162,-1.02866,0.838784,1.42021,-0.0874136,0,1.42289
1277,0.70143,2.16111,1.22673,0.947861,0.0178043,0,0.948028,0.300217,0.165458,0,0.342793,0.608178,-0.874601,0.867055,1.35133,0.0253829,0,1.35157
1278,0.714463,2.19665,1.20698,0.953076,0.0324017,0,0.953626,0.269782,0.161998,0,0.314684,0.624091,-0.839082,0.87351,1.33397,0.0453511,0,1.33474
1279,0.976627,2.88855,0.833593,0.954903,0.0843559,0,0.958622,0.725199,-0.139937,0,0.738577,0.96723,-0.0731471,0.990378,0.977756,0.0863747,0,0.981564
1280,1.14924,3.32225,0.578604,0.741313,0.323894,0,0.808983,-0.0113685,0.0359877,0,0.0377407,1.215,0.479921,1.05723,0.645049,0.281834,0,0.703931
1281,1.17387,3.38299,0.538616,0.707717,0.309563,0,0.772458,-0.0139648,0.030236,0,0.0333051,1.25153,0.561458,1.06616,0.60289,0.263711,0,0.658042
1282,1.12205,3.25511,0.621954,0.814608,-0.224242,0,0.844908,0.00422687,-0.0596518,0,0.0598014,1.1748,0.390176,1.04701,0.726001,-0.199851,0,0.753006
1283,1.02126,3.0024,0.771008,0.930593,0.0952441,0,0.935455,0.874769,-0.0976174,0,0.880198,1.02959,0.0660465,1.00816,0.911222,0.0932615,0,0.915982
1284,1.02903,3.02205,0.759735,0.925297,0.0956789,0,0.93023,0.896141,-0.0895247,0,0.900602,1.04064,0.0907071,1.01128,0.89919,0.0929794,0,0.903984
1285,0.984385,2.90834,0.822505,0.939535,-0.170748,0,0.954925,0.0624723,-0.104256,0,0.12154,0.978067,-0.048957,0.993582,0.954439,-0.173456,0,0.970073
1286,1.03731,3.04293,0.747758,0.919468,0.0955912,0,0.924423,0.91586,-0.081153,0,0.919448,1.05241,0.116984,1.01456,0.8864,0.0921534,0,0.891177
1287,1.04439,3.0609,0.737802,0.914688,0.0946382,0,0.91957,0.929595,-0.0748018,0,0.9326,1.06243,0.139344,1.01727,0.875808,0.0906155,0,0.880483
1288,1.07125,3.12788,0.696576,0.890944,0.0882544,0,0.895305,0.973577,-0.0482018,0,0.97477,1.1015,0.226562,1.02823,0.831683,0.0823842,0,0.835753
1289,1.10874,3.22101,0.63857,0.853093,0.0645818,0,0.855534,1.00063,-0.0168206,0,1.00077,1.15637,0.349049,1.04296,0.769423,0.0582477,0,0.771625
1290,0.907634,2.71038,0.929378,0.977699,0.0477533,0,0.978865,0.461744,-0.169555,0,0.491891,0.873014,-0.28345,0.961857,1.0772,0.052613,0,1.07848
1291,1.06208,3.10512,0.710975,0.899697,0.0913165,0,0.90432,0.960824,-0.0571867,0,0.962524,1.08805,0.196539,1.02445,0.847106,0.0859787,0,0.851458
1292,1.06646,3.11596,0.704009,0.89544,0.0900651,0,0.899958,0.96745,-0.0527065,0,0.968885,1.0945,0.210928,1.02629,0.839635,0.0844522,0,0.843872
1293,0.896166,2.68068,0.945973,0.976695,-0.0934285,0,0.981154,0.144639,-0.137253,0,0.199396,0.857433,-0.31823,0.956779,1.08986,-0.104254,0,1.09483
1294,1.09169,3.17861,0.664729,0.870717,0.0772253,0,0.874135,0.992739,-0.0300232,0,0.993193,1.13146,0.293434,1.03642,0.797584,0.070739,0,0.800715
1295,0.989534,2.92169,0.815934,0.949058,0.0882942,0,0.953157,0.771694,-0.129425,0,0.782472,0.985052,-0.0333664,0.99547,0.959096,0.089228,0,0.963237
1296,0.995611,2.93713,0.807136,0.945555,0.0904047,0,0.949867,0.795321,-0.123283,0,0.80482,0.993606,-0.0142729,0.997985,0.949723,0.0908032,0,0.954054
1297,0.927366,2.76191,0.90307,0.968149,-0.122372,0,0.975852,0.109634,-0.125581,0,0.166704,0.899388,-0.224581,0.969831,1.04398,-0.131956,0,1.05228
1298,0.912827,2.7241,0.922953,0.972566,-0.108975,0,0.978653,0.12647,-0.1314,0,0.182375,0.879795,-0.268314,0.963813,1.06544,-0.119381,0,1.07211
1299,0.936847,2.78608,0.888611,0.969989,0.0657359,0,0.972214,0.568722,-0.163727,0,0.59182,0.912648,-0.194982,0.97417,1.03538,0.0701672,0,1.03775
1300,1.04771,3.06894,0.731888,0.892004,-0.20747,0,0.915813,0.0291498,-0.0831295,0,0.0880921,1.06747,0.150608,1.01886,0.851385,-0.198023,0,0.874111
1301,1.02937,3.02283,0.758988,0.908528,-0.197356,0,0.929716,0.0372562,-0.089043,0,0.0965229,1.04119,0.0919433,1.01148,0.882604,-0.191725,0,0.903188
1302,1.0127,2.98069,0.783265,0.921201,-0.190816,0,0.940756,0.0453634,-0.0939955,0,0.104369,1.01749,0.0390416,1.00473,0.909653,-0.188424,0,0.928963
1303,1.00127,2.95195,0.80057,0.931094,-0.180246,0,0.94838,0.0534851,-0.0989927,0,0.112518,1.00112,0.00250543,0.999853,0.929913,-0.180017,0,0.947177
1304,0.859132,2.58286,0.994607,0.980832,0.0246668,0,0.981142,0.347458,-0.168793,0,0.386287,0.809046,-0.426236,0.941702,1.14166,0.0287113,0,1.14202
1305,0.88775,2.65835,0.95637,0.980532,0.0295753,0,0.980978,0.379717,-0.169945,0,0.416013,0.846541,-0.342543,0.95358,1.10451,0.0333149,0,1.10502
1306,0.900632,2.69243,0.940153,0.980317,0.0335472,0,0.98089,0.404121,-0.170402,0,0.438578,0.863313,-0.305104,0.958564,1.08848,0.0372486,0,1.08911
1307,0.865946,2.60168,0.988449,0.982146,-0.0571126,0,0.983805,0.197226,-0.150692,0,0.248206,0.817129,-0.408193,0.943626,1.13419,-0.065954,0,1.1361
1308,0.852869,2.56725,1.00668,0.983006,-0.040212,0,0.983828,0.225412,-0.156193,0,0.274238,0.799922,-0.446602,0.937919,1.15259,-0.0471491,0,1.15355
1309,1.07434,3.12214,0.642617,0.830723,-0.0720339,0,0.833841,0.984238,0.0391617,0,0.985017,1.11942,0.266558,1.04196,0.773241,-0.0670495,0,0.776143
1310,1.06996,3.11164,0.651022,0.837107,-0.0749852,0,0.840459,0.979182,0.0436778,0,0.980156,1.11262,0.251379,1.03987,0.782374,-0.0700824,0,0.785506
1311,0.658587,2.04333,1.29269,0.925652,-0.0327118,0,0.926229,0.445237,0.16999,0,0.476584,0.556806,-0.989272,0.845455,1.40551,-0.0496697,0,1.40639
1312,0.665879,2.06336,1.28078,0.929713,-0.0227693,0,0.929992,0.412337,0.170402,0,0.44616,0.565571,-0.969707,0.84936,1.39622,-0.0341943,0,1.39664
1313,0.939722,2.7935,0.88459,0.936556,0.257773,0,0.971383,0.0372562,0.0890429,0,0.0965229,0.916578,-0.186209,0.975371,0.996631,0.274307,0,1.03369
1314,0.72872,2.23543,1.18573,0.958097,0.0482812,0,0.959313,0.240185,0.158568,0,0.287806,0.641597,-0.800006,0.880444,1.31477,0.0662549,0,1.31644
1315,0.829915,2.50629,1.03774,0.968997,0.157555,0,0.981722,0.1041,0.123717,0,0.161687,0.770259,-0.512816,0.928117,1.16759,0.189845,0,1.18292
1316,1.00649,2.95197,0.745637,0.890356,-0.0878075,0,0.894675,0.818233,0.116898,0,0.826542,1.02173,0.0485063,1.01514,0.884611,-0.0872409,0,0.888902
1317,1.03533,3.02585,0.707115,0.872805,-0.0876128,0,0.877191,0.91586,0.081153,0,0.919448,1.0617,0.13772,1.02547,0.84302,-0.084623,0,0.847257
1318,1.02794,3.00702,0.717317,0.87788,-0.0884787,0,0.882328,0.896141,0.0895247,0,0.900602,1.05134,0.114596,1.02277,0.854021,-0.086074,0,0.858347
1319,1.02106,2.9894,0.726514,0.882141,-0.0887264,0,0.886592,0.874769,0.0976174,0,0.880198,1.04179,0.0932869,1.02031,0.863949,-0.0868967,0,0.868308
1320,1.01544,2.97494,0.733839,0.885344,-0.0883378,0,0.88974,0.854977,0.105289,0,0.861436,1.03406,0.0760183,1.01834,0.871886,-0.086995,0,0.876216
1321,1.01084,2.96316,0.740002,0.888074,-0.087951,0,0.892419,0.837058,0.111156,0,0.844407,1.02769,0.0618072,1.01667,0.878552,-0.087008,0,0.88285
1322,1.00227,2.94108,0.751172,0.892607,-0.0872693,0,0.896863,0.795321,0.123283,0,0.80482,1.01592,0.0355468,1.01363,0.890588,-0.0870719,0,0.894834
1323,0.997543,2.92888,0.757241,0.894915,-0.0867315,0,0.899108,0.768121,0.130258,0,0.779087,1.00948,0.0211522,1.01196,0.897119,-0.0869451,0,0.901322
1324,0.990518,2.91047,0.765343,0.897048,-0.0877743,0,0.901332,0.739759,0.136823,0,0.752306,1.00015,0.000342049,1.00973,0.905635,-0.0886145,0,0.90996
1325,0.996363,2.92633,0.760554,0.897286,-0.0877421,0,0.901566,0.710398,0.142933,0,0.724635,1.00737,0.0164561,1.01105,0.900562,-0.0880625,0,0.904858
1326,1.01733,2.98157,0.737798,0.891597,-0.0860049,0,0.895735,0.680115,0.14855,0,0.696149,1.03489,0.0778883,1.01727,0.876411,-0.0845401,0,0.880479
1327,0.9033,2.67688,0.853347,0.899738,-0.0975817,0,0.905014,0.649068,0.15362,0,0.667,0.889405,-0.246865,0.984617,0.996057,-0.108028,0,1.0019
1328,0.659805,2.03906,1.25543,0.905163,-0.0674971,0,0.907676,0.617425,0.158129,0,0.637353,0.56589,-0.968995,0.857663,1.37186,-0.102299,0,1.37567
1329,0.623152,1.94567,1.35286,0.904285,-0.0623971,0,0.906435,0.589283,0.161645,0,0.611051,0.514569,-1.08355,0.825752,1.45115,-0.100132,0,1.4546
1330,0.744003,2.27684,1.16313,0.962509,0.0660657,0,0.964774,0.211135,0.153482,0,0.261026,0.660526,-0.757755,0.8878,1.29369,0.0887976,0,1.29673
1331,0.759883,2.31967,1.13973,0.965949,0.0847592,0,0.96966,0.183607,0.147724,0,0.235656,0.680396,-0.713401,0.895396,1.27118,0.111542,0,1.27607
1332,0.775617,2.36187,1.11652,0.968342,0.101402,0,0.973636,0.163677,0.142778,0,0.2172,0.700307,-0.668958,0.902903,1.24848,0.130737,0,1.25531
1333,0.782827,2.38118,1.10604,0.968857,0.111805,0,0.975286,0.150841,0.139155,0,0.205224,0.709461,-0.648524,0.906281,1.23764,0.142823,0,1.24585
1334,0.795973,2.41612,1.08629,0.969586,0.123056,0,0.977363,0.138437,0.135352,0,0.19361,0.72643,-0.610648,0.912631,1.21811,0.154598,0,1.22788
1335,0.960855,2.84787,0.854882,0.924382,0.274188,0,0.964189,0.0291498,0.0831294,0,0.0880921,0.945642,-0.121336,0.984167,0.962041,0.285358,0,1.00347
1336,0.980911,2.89936,0.827033,0.911743,0.288054,0,0.956165,0.0220596,0.0771648,0,0.0802561,0.973335,-0.0595195,0.992277,0.929486,0.29366,0,0.974772
1337,1.00257,2.95489,0.797404,0.941796,0.0920581,0,0.946284,0.818233,-0.116898,0,0.826542,1.00333,0.00742431,1.00075,0.939378,0.0918217,0,0.943855
1338,1.0092,2.97177,0.788111,0.938012,0.0935872,0,0.942669,0.839892,-0.109369,0,0.846983,1.0126,0.0281314,1.00337,0.929463,0.0927342,0,0.934078
1339,1.0155,2.98786,0.779492,0.934574,0.0941759,0,0.939307,0.857791,-0.103653,0,0.864031,1.02138,0.0477173,1.00579,0.920313,0.0927388,0,0.924974
1340,0.915372,2.73054,0.918801,0.976228,0.0518837,0,0.977605,0.48655,-0.168508,0,0.514904,0.883402,-0.260263,0.965074,1.06648,0.0566805,0,1.06799
1341,0.921781,2.74721,0.910018,0.974805,0.0554889,0,0.976383,0.507289,-0.168476,0,0.534534,0.892039,-0.240983,0.967734,1.05752,0.0601975,0,1.05923
1342,1.00163,2.95221,0.797729,0.896553,0.301016,0,0.945737,0.0159473,0.0716767,0,0.0734293,1.00229,0.00511287,1.00066,0.895093,0.300525,0,0.944197
1343,1.02527,3.01234,0.764453,0.878391,0.311493,0,0.931986,0.00990901,0.06609,0,0.0668287,1.0355,0.0792404,1.00997,0.856738,0.303815,0,0.909012
1344,1.0496,3.07365,0.728978,0.855477,0.322272,0,0.914166,0.00422686,0.0596518,0,0.0598014,1.07022,0.156733,1.01965,0.815054,0.307045,0,0.87097
1345,1.07347,3.13354,0.693739,0.830932,0.329344,0,0.893821,-0.000384595,0.0538249,0,0.0538263,1.10457,0.233411,1.02897,0.774064,0.306804,0,0.832649
1346,0.844887,2.54572,1.01607,0.966992,0.171945,0,0.98216,0.0926227,0.119158,0,0.150922,0.789941,-0.468881,0.934967,1.14452,0.203513,0,1.16248
1347,0.858131,2.58068,0.997688,0.964806,0.185794,0,0.982533,0.0819694,0.114336,0,0.140683,0.807277,-0.430185,0.940738,1.12431,0.21651,0,1.14497
1348,0.871925,2.61718,0.979386,0.96234,0.200392,0,0.982983,0.0719729,0.109376,0,0.130932,0.825234,-0.390103,0.94645,1.1037,0.229827,0,1.12737
1349,0.887999,2.65947,0.957733,0.958719,0.21456,0,0.982434,0.0624722,0.104256,0,0.12154,0.846404,-0.342849,0.953159,1.07964,0.241622,0,1.10635
1350,0.907228,2.7099,0.932024,0.953701,0.228957,0,0.9808,0.0534851,0.0989928,0,0.112518,0.871891,-0.285957,0.96105,1.05123,0.25237,0,1.0811
1351,0.919753,2.7422,0.913733,0.946611,0.244361,0,0.977643,0.0453634,0.0939955,0,0.104369,0.889043,-0.247672,0.966611,1.0292,0.265682,0,1.06294
1352,0.674188,2.08626,1.26788,0.934343,-0.0125996,0,0.934428,0.379717,0.169945,0,0.416013,0.575479,-0.947592,0.853587,1.38588,-0.0186886,0,1.386
1353,0.682926,2.11022,1.25414,0.938743,-0.00374864,0,0.938751,0.355467,0.169241,0,0.393699,0.586008,-0.924089,0.858084,1.37459,-0.00548908,0,1.3746
1354,1.0533,3.07103,0.68036,0.857507,-0.0834935,0,0.861562,0.95374,0.0616221,0,0.955729,1.08747,0.195237,1.03244,0.814114,-0.0792684,0,0.817964
1355,1.04909,3.06051,0.686823,0.861461,-0.0842836,0,0.865574,0.946189,0.0660333,0,0.948491,1.08137,0.181639,1.03077,0.821147,-0.0803394,0,0.825068
1356,0.945387,2.80816,0.876852,0.967288,0.0702165,0,0.969834,0.601371,-0.160172,0,0.622336,0.924282,-0.169014,0.977676,1.02317,0.0742727,0,1.02586
1357,0.961339,2.84928,0.854797,0.961431,0.0780219,0,0.964591,0.664675,-0.151156,0,0.681646,0.946141,-0.120221,0.984191,1.0001,0.0811597,0,1.00338
1358,0.969079,2.86918,0.844081,0.958251,0.0813325,0,0.961696,0.695363,-0.145805,0,0.710485,0.956799,-0.0964312,0.987328,0.988826,0.0839276,0,0.992382
1359,0.842271,2.53928,1.02148,0.98314,-0.0241998,0,0.983438,0.255042,-0.160299,0,0.301234,0.786058,-0.477549,0.93326,1.16725,-0.0287316,0,1.1676
1360,0.835559,2.52162,1.03124,0.983258,-0.00839171,0,0.983294,0.284821,-0.16387,0,0.328597,0.777217,-0.497283,0.930177,1.17677,-0.0100432,0,1.17681
1361,1.10239,3.18849,0.585147,0.782906,-0.0454371,0,0.784224,1.00156,0.0141754,0,1.00166,1.16382,0.36567,1.05572,0.710188,-0.0412168,0,0.711383
1362,1.14577,3.31235,0.57911,0.806057,0.042961,0,0.807201,1.00046,-0.00246724,0,1.00046,1.2112,0.471438,1.05711,0.703509,0.0374954,0,0.704507
1363,1.14473,3.31038,0.58298,0.80968,0.0546214,0,0.81152,1.00022,-0.0033414,0,1.00023,1.20909,0.466721,1.05622,0.70731,0.0477155,0,0.708917
1364,1.11859,3.22748,0.554104,0.754834,-0.042656,0,0.756038,1.0008,0.00669764,0,1.00082,1.18879,0.42141,1.06276,0.674807,-0.0381336,0,0.675884
1365,1.02736,3.018,0.762775,0.915089,-0.176997,0,0.932049,0.0382638,-0.105592,0,0.112311,1.03808,0.0850111,1.01044,0.890717,-0.172283,0,0.907225
1366,1.09383,3.16797,0.601769,0.79737,-0.0471376,0,0.798762,1.00192,0.0200424,0,1.00212,1.15053,0.336001,1.05184,0.728972,-0.0430942,0,0.730245
1367,1.10352,3.15302,0.412882,0.56294,-0.0112641,0,0.563053,1.0011,0.000349469,0,1.0011,1.20375,0.454803,1.09083,0.51013,-0.0102074,0,0.510232
1368,1.12091,3.25111,0.619421,0.838833,0.0583128,0,0.840858,1.00141,-0.00980465,0,1.00146,1.17429,0.389039,1.04763,0.748353,0.0520229,0,0.750159
1369,1.18755,3.41627,0.514401,0.730314,-0.162305,0,0.748132,-0.0158498,-0.0420981,0,0.0449829,1.27225,0.607696,1.07132,0.614975,-0.136672,0,0.629979
1370,1.1365,3.29087,0.599215,0.803747,-0.193181,0,0.826637,-0.00493763,-0.0621667,0,0.0623625,1.1961,0.437716,1.05244,0.707213,-0.169979,0,0.727353
1371,1.13148,3.27792,0.605141,0.828555,0.0578547,0,0.830572,1.0008,-0.00669764,0,1.00082,1.18923,0.422391,1.05104,0.732275,0.0511318,0,0.734058
1372,1.11359,3.23318,0.631615,0.848496,0.0598871,0,0.850607,1.00156,-0.0141754,0,1.00166,1.16333,0.364567,1.04467,0.761949,0.0537785,0,0.763844
1373,1.14225,3.30475,0.588865,0.763448,0.292056,0,0.817404,-0.0158498,0.042098,0,0.0449829,1.20491,0.457388,1.05486,0.668374,0.255685,0,0.715611
1374,1.22257,3.50219,0.453521,0.652726,0.200655,0,0.682872,-0.0232158,0.0160501,0,0.0282237,1.32459,0.724535,1.08345,0.533897,0.164125,0,0.558554
1375,1.24284,3.55082,0.411662,0.630828,-0.0434829,0,0.632325,-0.0232158,-0.0160501,0,0.0282237,1.35599,0.79461,1.09104,0.50757,-0.0349867,0,0.508774
1376,1.07155,3.11599,0.650042,0.837943,-0.0659943,0,0.840538,0.987437,0.0478321,0,0.988595,1.11453,0.255651,1.04012,0.781994,-0.061588,0,0.784416
1377,0.988438,2.91857,0.816357,0.948779,0.0845184,0,0.952536,0.766756,-0.15561,0,0.782387,0.983841,-0.0360695,0.995349,0.959877,0.0855071,0,0.963678
1378,0.697825,2.1505,1.22892,0.944434,0.00555053,0,0.94445,0.341953,0.194649,0,0.393472,0.604552,-0.882696,0.866338,1.3534,0.00795405,0,1.35342
1379,1.10882,3.20336,0.57048,0.769021,-0.0434592,0,0.770248,1.00141,0.00980465,0,1.00146,1.17433,0.389135,1.05908,0.693548,-0.039194,0,0.694655
1380,1.04186,3.05454,0.741572,0.917149,0.0900991,0,0.921564,0.929351,-0.0923004,0,0.933923,1.05878,0.131213,1.01624,0.8803,0.0864792,0,0.884538
1381,1.10091,3.20251,0.654172,0.846081,-0.196614,0,0.868625,0.00586741,-0.0765148,0,0.0767394,1.14394,0.321284,1.03908,0.76853,-0.178592,0,0.789008
1382,0.943834,2.80451,0.88029,0.941711,0.238849,0,0.971529,0.0382637,0.105592,0,0.112311,0.921799,-0.174556,0.976653,0.99775,0.253062,0,1.02934
1383,1.12058,3.25112,0.622935,0.790507,0.298645,0,0.845038,-0.0128083,0.0487096,0,0.0503654,1.173,0.386153,1.04678,0.705445,0.26651,0,0.754108
1384,1.1711,3.37608,0.542847,0.756041,-0.176417,0,0.776351,-0.0128083,-0.0487096,0,0.0503655,1.2475,0.552452,1.06524,0.645581,-0.150642,0,0.662924
1385,0.906162,2.7063,0.930513,0.977636,0.0358794,0,0.978294,0.416585,-0.197531,0,0.461044,0.871285,-0.28731,0.961511,1.07888,0.0395949,0,1.0796
1386,1.06011,3.10038,0.714632,0.902776,0.0859174,0,0.906855,0.963735,-0.0697102,0,0.966253,1.085,0.189737,1.02348,0.851585,0.0810455,0,0.855433
1387,0.959886,2.84523,0.855697,0.96119,0.0737996,0,0.964019,0.65306,-0.180163,0,0.677456,0.944458,-0.123978,0.983927,1.00136,0.0768837,0,1.00431
1388,0.935818,2.7831,0.88891,0.969497,0.0612254,0,0.971428,0.554634,-0.192727,0,0.587165,0.911562,-0.197406,0.974081,1.03599,0.0654245,0,1.03805
1389,1.08308,3.15743,0.678827,0.880941,0.0746023,0,0.884094,0.991884,-0.0421723,0,0.99278,1.11864,0.264819,1.03283,0.813365,0.0688797,0,0.816277
1390,1.08802,3.16965,0.671012,0.875863,0.0711865,0,0.878751,0.995688,-0.0365957,0,0.996361,1.12591,0.281059,1.03483,0.805006,0.0654276,0,0.807661
1391,1.08376,3.15936,0.678694,0.862677,-0.195202,0,0.884486,0.011732,-0.0825191,0,0.0833489,1.11937,0.266456,1.03286,0.796007,-0.180116,0,0.81613
1392,1.06873,3.12197,0.701842,0.878669,-0.19172,0,0.899342,0.0181068,-0.0890595,0,0.0908815,1.09743,0.217474,1.02685,0.822164,-0.179391,0,0.841507
1393,1.13942,3.28043,0.525349,0.732279,-0.00454892,0,0.732293,1.00081,0.000992685,0,1.00081,1.21805,0.48671,1.06901,0.642679,-0.00399233,0,0.642691
1394,1.08455,3.14673,0.623466,0.81667,-0.0549562,0,0.818517,0.998864,0.0309362,0,0.999343,1.13515,0.301666,1.04665,0.753002,-0.0506717,0,0.754705
1395,1.08893,3.15677,0.613268,0.807772,-0.0501832,0,0.80933,1.00135,0.0256909,0,1.00168,1.14241,0.317869,1.0491,0.741801,-0.0460847,0,0.743231
1396,1.0634,3.09623,0.66476,0.848511,-0.0714516,0,0.851514,0.976718,0.0588931,0,0.978492,1.10212,0.227953,1.03642,0.797925,-0.0671918,0,0.800749
1397,0.721547,2.21529,1.19364,0.954309,0.030879,0,0.954808,0.28219,0.188442,0,0.339326,0.63342,-0.81826,0.877864,1.32259,0.0427956,0,1.32328
1398,0.627079,1.955,1.33859,0.903317,-0.0563459,0,0.905073,0.579774,0.190488,0,0.610265,0.52074,-1.06978,0.830422,1.44052,-0.0898546,0,1.44332
1399,0.974962,2.88398,0.834863,0.954908,0.0801723,0,0.958267,0.715248,-0.168123,0,0.734742,0.965222,-0.077629,0.99001,0.979431,0.0822312,0,0.982877
1400,0.991519,2.92678,0.813231,0.938967,-0.15864,0,0.952274,0.05995,-0.12031,0,0.134419,0.987795,-0.0272428,0.996245,0.946998,-0.159997,0,0.960419
1401,1.1303,3.25517,0.529345,0.730624,-0.0391435,0,0.731671,1.00022,0.00334139,0,1.00023,1.20734,0.462817,1.06816,0.646395,-0.0346309,0,0.647322
1402,1.13186,3.2584,0.524172,0.725347,-0.0281239,0,0.725892,1.00046,0.00246724,0,1.00046,1.21025,0.469314,1.06926,0.640845,-0.0248475,0,0.641326
1403,1.28745,3.65928,0.317054,0.497672,0.10132,0,0.507881,-0.0132202,0.000424819,0,0.0132271,1.42364,0.945624,1.10579,0.386557,0.0786986,0,0.394487
1404,1.07823,3.14542,0.686443,0.885776,0.0775675,0,0.889166,0.987437,-0.0478321,0,0.988595,1.11152,0.248921,1.03087,0.821506,0.0719393,0,0.82465
1405,1.06731,3.10575,0.657771,0.843559,-0.0690998,0,0.846384,0.982368,0.053359,0,0.983816,1.10806,0.241215,1.03818,0.790357,-0.0647418,0,0.793004
1406,1.11699,3.20539,0.479649,0.657765,0.0266487,0,0.658305,1.0011,-0.00034947,0,1.0011,1.20456,0.456606,1.0784,0.588872,0.0238576,0,0.589355
1407,1.09315,3.18234,0.662874,0.870413,0.0678772,0,0.873055,0.998864,-0.0309362,0,0.999343,1.13348,0.297945,1.03689,0.796243,0.0620933,0,0.798661
1408,1.20355,3.45575,0.487878,0.681238,0.235935,0,0.720937,-0.0222577,0.0230507,0,0.0320428,1.29593,0.660558,1.07676,0.566025,0.196033,0,0.59901
1409,1.15363,3.33311,0.571644,0.780981,-0.186357,0,0.802907,-0.00915634,-0.0555486,0,0.0562982,1.22148,0.494376,1.05882,0.676979,-0.16154,0,0.695985
1410,0.9285,2.76417,0.899095,0.971713,0.0563481,0,0.973345,0.523582,-0.195156,0,0.55877,0.901598,-0.219648,0.971027,1.04654,0.0606873,0,1.0483
1411,1.2301,3.51955,0.435129,0.654699,-0.0854348,0,0.660249,-0.0222577,-0.0230507,0,0.0320428,1.33694,0.752101,1.08686,0.532234,-0.0694538,0,0.536747
1412,0.981634,2.90177,0.827988,0.9463,-0.148245,0,0.957841,0.0698109,-0.126289,0,0.1443,0.973781,-0.0585244,0.992001,0.964005,-0.151018,0,0.975763
1413,0.965929,2.86114,0.848632,0.952936,-0.139482,0,0.96309,0.080335,-0.13213,0,0.154635,0.952404,-0.106241,0.985998,0.986549,-0.144401,0,0.997061
1414,1.08017,3.13653,0.632997,0.824667,-0.0587276,0,0.826756,0.995688,0.0365957,0,0.996361,1.12805,0.285833,1.04433,0.763459,-0.0543688,0,0.765392
1415,1.25615,3.58341,0.385994,0.579776,0.156163,0,0.600439,-0.0191574,0.00615618,0,0.0201223,1.37596,0.839197,1.09538,0.461549,0.124318,0,0.477999
1416,1.07358,3.13391,0.693825,0.890418,0.0801788,0,0.89402,0.982368,-0.053359,0,0.983816,1.10467,0.233628,1.02895,0.829388,0.0746833,0,0.832743
1417,1.09833,3.1951,0.654464,0.864609,0.0636323,0,0.866948,1.00135,-0.025691,0,1.00168,1.14118,0.315128,1.03901,0.787203,0.0579354,0,0.789332
1418,0.982072,2.90223,0.825065,0.951708,0.0826746,0,0.955292,0.743173,-0.16165,0,0.76055,0.975045,-0.0557029,0.992845,0.969081,0.0841838,0,0.972731
1419,1.26472,3.60204,0.357094,0.560011,0.0219238,0,0.56044,-0.0191575,-0.00615625,0,0.0201223,1.39114,0.873091,1.09996,0.442795,0.0173349,0,0.443134
1420,1.15302,3.33479,0.584647,0.819356,0.0192456,0,0.819582,1.00081,-0.000992687,0,1.00081,1.2174,0.485269,1.05584,0.710618,0.0166915,0,0.710814
1421,1.00722,2.96662,0.790492,0.928637,-0.165952,0,0.943349,0.0506352,-0.114165,0,0.12489,1.00994,0.0221935,1.0027,0.92198,-0.164762,0,0.936586
1422,1.21682,3.48735,0.460639,0.679891,-0.117057,0,0.689895,-0.0206606,-0.0294066,0,0.0359389,1.31671,0.706944,1.0821,0.558746,-0.0961994,0,0.566967
1423,1.20283,3.45346,0.486897,0.70488,-0.142429,0,0.719126,-0.0185261,-0.0357568,0,0.0402711,1.2954,0.659366,1.07695,0.586017,-0.118412,0,0.59786
1424,0.65301,2.02695,1.29702,0.919326,-0.0500051,0,0.920685,0.523582,0.195156,0,0.55877,0.551165,-1.00186,0.844039,1.40783,-0.0765763,0,1.40991
1425,1.11894,3.24736,0.626639,0.825655,-0.195365,0,0.848453,-4.81628e-05,-0.0691515,0,0.0691515,1.17027,0.380072,1.04588,0.737892,-0.174599,0,0.758267
1426,1.0589,3.08503,0.671803,0.852954,-0.0739755,0,0.856156,0.970515,0.0643808,0,0.972648,1.09557,0.213318,1.03463,0.80551,-0.0698607,0,0.808533
1427,0.646312,2.00943,1.31246,0.917677,-0.0549693,0,0.919322,0.552467,0.192958,0,0.585195,0.542243,-1.02178,0.83898,1.41987,-0.0850506,0,1.42241
1428,0.708256,2.17903,1.2133,0.949023,0.0166753,0,0.94917,0.313965,0.192178,0,0.368112,0.617206,-0.854451,0.871445,1.33994,0.0235441,0,1.34015
1429,0.638249,1.9879,1.32936,0.914019,-0.0674554,0,0.916505,0.606764,0.187176,0,0.634978,0.531946,-1.04476,0.833445,1.43207,-0.105688,0,1.43597
1430,1.16328,3.35665,0.555079,0.736274,0.279507,0,0.787543,-0.018526,0.0357568,0,0.0402711,1.23603,0.526845,1.06254,0.632932,0.240276,0,0.677005
1431,1.18331,3.40592,0.521845,0.709091,0.261268,0,0.755692,-0.0206606,0.0294066,0,0.0359389,1.26585,0.593407,1.06975,0.599245,0.220794,0,0.638627
1432,1.02634,3.01522,0.763535,0.9275,0.0910037,0,0.931954,0.892013,-0.110889,0,0.898879,1.03684,0.0822297,1.01023,0.903695,0.088668,0,0.908034
1433,1.03417,3.03501,0.7523,0.922183,0.0909398,0,0.926657,0.912682,-0.101075,0,0.918262,1.04794,0.107011,1.01332,0.891716,0.0879353,0,0.896041
1434,1.04821,3.07056,0.732448,0.91256,0.0889342,0,0.916884,0.942629,-0.0844578,0,0.946405,1.06782,0.151389,1.01871,0.870591,0.0848441,0,0.874716
1435,1.05427,3.08568,0.723082,0.907286,0.0877563,0,0.91152,0.954576,-0.0765183,0,0.957638,1.07665,0.171102,1.02123,0.860578,0.0832386,0,0.864595
1436,1.10406,3.20922,0.645198,0.85792,0.061051,0,0.860089,1.00192,-0.0200424,0,1.00212,1.14968,0.334117,1.04132,0.777056,0.0552966,0,0.779021
1437,0.909338,2.71442,0.925622,0.976398,0.0424081,0,0.977319,0.445863,-0.197329,0,0.487578,0.875693,-0.27747,0.963001,1.07375,0.0466363,0,1.07476
1438,1.06458,3.11156,0.707896,0.898942,0.0842362,0,0.90288,0.970515,-0.0643808,0,0.972648,1.09148,0.204187,1.02526,0.844408,0.079126,0,0.848107
1439,1.06895,3.12237,0.701003,0.894763,0.0823835,0,0.898548,0.976718,-0.0588931,0,0.978492,1.09789,0.218499,1.02707,0.837051,0.0770699,0,0.840592
1440,0.898025,2.68482,0.940808,0.978095,0.0323529,0,0.97863,0.391416,-0.197078,0,0.43823,0.860634,-0.311085,0.958363,1.08916,0.0360267,0,1.08976
1441,1.00756,2.96742,0.789825,0.93873,0.0891648,0,0.942955,0.83616,-0.133552,0,0.846758,1.01047,0.0233689,1.00289,0.93169,0.0884961,0,0.935884
1442,1.01393,2.98369,0.781075,0.935224,0.0900812,0,0.939553,0.855118,-0.126163,0,0.864375,1.01935,0.0431873,1.00535,0.92238,0.0888441,0,0.926649
1443,0.994416,2.9339,0.808185,0.945899,0.0861799,0,0.949817,0.789434,-0.149154,0,0.803401,0.992116,-0.0175991,0.997687,0.95121,0.0866638,0,0.95515
1444,0.950702,2.82189,0.869539,0.959895,-0.126729,0,0.968225,0.0948374,-0.139032,0,0.168297,0.931541,-0.152811,0.979845,1.00967,-0.133301,0,1.01843
1445,0.934594,2.78024,0.891687,0.966146,-0.113358,0,0.972773,0.112014,-0.145962,0,0.183989,0.909594,-0.2018,0.97325,1.03376,-0.121291,0,1.04085
1446,0.918607,2.73873,0.913546,0.971044,-0.100718,0,0.976253,0.12959,-0.152841,0,0.200384,0.887987,-0.250029,0.966667,1.05708,-0.109642,0,1.06275
1447,1.05084,3.07738,0.729261,0.896621,-0.18532,0,0.915573,0.0258104,-0.0962195,0,0.0996212,1.07141,0.159391,1.01957,0.853241,-0.176354,0,0.871276
1448,0.85564,2.5736,0.999251,0.980841,0.015242,0,0.98096,0.329953,-0.19364,0,0.382577,0.804515,-0.436351,0.940249,1.14632,0.0178136,0,1.14646
1449,0.87772,2.63131,0.967419,0.978957,0.0274622,0,0.979342,0.362642,-0.19586,0,0.412153,0.833979,-0.370582,0.950165,1.11534,0.0312881,0,1.11578
1450,0.902596,2.69704,0.935565,0.975359,-0.0837657,0,0.978949,0.151874,-0.16066,0,0.221082,0.866464,-0.298072,0.959968,1.08061,-0.0928053,0,1.08459
1451,0.886646,2.65537,0.957574,0.978547,-0.0664371,0,0.9808,0.178861,-0.168791,0,0.24593,0.845158,-0.345629,0.953208,1.10365,-0.0749308,0,1.10619
1452,0.967481,2.86477,0.845199,0.958121,0.0771691,0,0.961224,0.684551,-0.174476,0,0.706437,0.954905,-0.100658,0.987002,0.990325,0.0797629,0,0.993532
1453,1.07582,3.12622,0.641784,0.831639,-0.0625948,0,0.833992,0.991884,0.0421723,0,0.99278,1.12119,0.270503,1.04217,0.773027,-0.0581833,0,0.775213
1454,0.658354,2.04205,1.29011,0.923539,-0.0424416,0,0.924514,0.493188,0.196372,0,0.530845,0.557167,-0.988468,0.846302,1.4028,-0.0644661,0,1.40428
1455,0.664344,2.0586,1.28076,0.927204,-0.034303,0,0.927838,0.462669,0.196945,0,0.502842,0.564271,-0.972609,0.849366,1.39567,-0.0516344,0,1.39662
1456,0.841512,2.53714,1.02205,0.970846,0.154148,0,0.983007,0.106534,0.143935,0,0.179071,0.785197,-0.479471,0.933079,1.15369,0.18318,0,1.16814
1457,1.03879,3.03399,0.699889,0.868139,-0.0812921,0,0.871937,0.931532,0.0909769,0,0.935964,1.06722,0.150048,1.02737,0.835719,-0.0782563,0,0.839375
1458,1.03143,3.01514,0.709686,0.872854,-0.0827902,0,0.876772,0.912682,0.101075,0,0.918262,1.057,0.127222,1.02479,0.846258,-0.0802675,0,0.850056
1459,1.00894,2.95778,0.74064,0.887419,-0.0845539,0,0.891438,0.833993,0.134838,0,0.844823,1.02559,0.0571152,1.0165,0.879553,-0.0838045,0,0.883537
1460,1.02443,2.99721,0.718987,0.877182,-0.0837533,0,0.881171,0.892013,0.110889,0,0.898879,1.04729,0.105568,1.02232,0.856264,-0.0817561,0,0.860159
1461,1.01842,2.98189,0.727277,0.881134,-0.0841495,0,0.885143,0.872021,0.119896,0,0.880225,1.03889,0.0868186,1.0201,0.865196,-0.0826274,0,0.869133
1462,1.01347,2.96932,0.734311,0.884523,-0.0843417,0,0.888535,0.852509,0.128047,0,0.862072,1.03193,0.0712664,1.01821,0.872765,-0.0832205,0,0.876724
1463,1.00467,2.94697,0.74691,0.890414,-0.0846415,0,0.894428,0.812861,0.141924,0,0.825158,1.01953,0.0436025,1.01479,0.886272,-0.0842478,0,0.890268
1464,1.0007,2.93704,0.753162,0.893584,-0.0847292,0,0.897592,0.787588,0.149648,0,0.801679,1.01379,0.0307871,1.01308,0.892958,-0.0846698,0,0.896963
1465,0.994394,2.92087,0.761733,0.89696,-0.0855918,0,0.901035,0.759477,0.157458,0,0.775627,1.00506,0.0112903,1.01072,0.902017,-0.0860743,0,0.906115
1466,0.990356,2.91074,0.768063,0.899951,-0.0859852,0,0.90405,0.730247,0.164713,0,0.748592,0.999243,-0.00168856,1.00897,0.908715,-0.0868225,0,0.912853
1467,1.00536,2.95072,0.753243,0.89778,-0.0856369,0,0.901856,0.700011,0.171378,0,0.720684,1.01849,0.0412648,1.01306,0.892997,-0.0851806,0,0.89705
1468,0.996552,2.92734,0.762225,0.898607,-0.0940322,0,0.903513,0.66889,0.177407,0,0.692017,1.0071,0.0158588,1.01059,0.901716,-0.0943575,0,0.906639
1469,0.800241,2.40934,1.00867,0.921253,-0.079054,0,0.924639,0.637077,0.182749,0,0.66277,0.75006,-0.557902,0.937293,1.15122,-0.0987878,0,1.15545
1470,0.736347,2.25546,1.17169,0.959249,0.0461846,0,0.96036,0.2522,0.184296,0,0.312362,0.65168,-0.777499,0.885017,1.30271,0.0627212,0,1.30422
1471,0.752408,2.29895,1.14833,0.963781,0.0633617,0,0.965862,0.221631,0.179033,0,0.284909,0.671605,-0.733025,0.892607,1.28093,0.0842118,0,1.28369
1472,0.769346,2.34465,1.12405,0.967513,0.0818964,0,0.970973,0.192802,0.172444,0,0.258669,0.692773,-0.685775,0.900469,1.25758,0.106449,0,1.26207
1473,0.786452,2.39065,1.09987,0.970265,0.100018,0,0.975406,0.168504,0.165958,0,0.236507,0.714309,-0.637704,0.908267,1.23372,0.127176,0,1.24026
1474,0.802018,2.43231,1.07789,0.971565,0.117229,0,0.978612,0.145546,0.157472,0,0.214432,0.734106,-0.593514,0.915323,1.2114,0.146167,0,1.22019
1475,0.82256,2.48693,1.04866,0.971862,0.136644,0,0.981421,0.123526,0.15052,0,0.194717,0.760581,-0.534418,0.924651,1.18151,0.16612,0,1.19313
1476,0.972579,2.87829,0.839667,0.925358,0.25836,0,0.960748,0.0258104,0.0962195,0,0.0996211,0.961506,-0.0859244,0.988614,0.951447,0.265644,0,0.987835
1477,0.993098,2.93051,0.809952,0.910836,0.271334,0,0.950392,0.0181068,0.0890595,0,0.0908815,0.990299,-0.0216531,0.997182,0.917166,0.27322,0,0.956997
1478,1.00083,2.95026,0.799225,0.942462,0.0878631,0,0.946549,0.812861,-0.141924,0,0.825158,1.00106,0.00237049,1.00023,0.941683,0.0877905,0,0.945766
1479,1.01979,2.99864,0.772987,0.931858,0.0905665,0,0.936249,0.87287,-0.119175,0,0.880968,1.02754,0.0614824,1.00761,0.913777,0.0888092,0,0.918082
1480,0.914848,2.72863,0.917545,0.974702,0.0484005,0,0.975903,0.47531,-0.196584,0,0.514359,0.883245,-0.260614,0.965455,1.06542,0.0529055,0,1.06674
1481,0.921801,2.74675,0.908172,0.973305,0.0522114,0,0.974704,0.496963,-0.19619,0,0.534287,0.892572,-0.239794,0.968292,1.05587,0.0566407,0,1.05739
1482,1.01182,2.97828,0.783841,0.897595,0.281022,0,0.940559,0.011732,0.0825191,0,0.0833489,1.01645,0.0367117,1.00457,0.88711,0.277739,0,0.929572
1483,1.03249,3.03078,0.754698,0.881861,0.288344,0,0.927804,0.00586743,0.0765148,0,0.0767395,1.04557,0.101708,1.01266,0.854108,0.27927,0,0.898606
1484,1.05508,3.08776,0.722141,0.861968,0.295272,0,0.911139,-4.81674e-05,0.0691515,0,0.0691515,1.07774,0.173523,1.02148,0.816972,0.279858,0,0.863576
1485,1.07656,3.14144,0.689738,0.839582,0.30031,0,0.891675,-0.00493765,0.0621667,0,0.0623625,1.10887,0.24301,1.03001,0.779877,0.278954,0,0.828265
1486,1.09837,3.19594,0.657087,0.816506,0.300884,0,0.87018,-0.00915636,0.0555485,0,0.0562981,1.1405,0.313611,1.03835,0.743378,0.273936,0,0.792245
1487,0.8602,2.58643,0.995938,0.968813,0.1691,0,0.98346,0.0918474,0.137837,0,0.165635,0.809694,-0.42479,0.941286,1.12626,0.196582,0,1.14329
1488,0.875421,2.62624,0.974116,0.96514,0.183679,0,0.982463,0.080335,0.13213,0,0.154635,0.829976,-0.379518,0.948088,1.10249,0.209818,0,1.12227
1489,0.888219,2.65948,0.955387,0.960624,0.197135,0,0.980643,0.0698109,0.126289,0,0.1443,0.847256,-0.340946,0.953883,1.08152,0.221944,0,1.10406
1490,0.90263,2.69714,0.935559,0.956215,0.20989,0,0.97898,0.0599499,0.12031,0,0.134419,0.866498,-0.297996,0.95997,1.05937,0.232531,0,1.08459
1491,0.920781,2.74453,0.911126,0.950728,0.222165,0,0.976341,0.0506351,0.114165,0,0.12489,0.890763,-0.243833,0.967399,1.03252,0.241279,0,1.06034
1492,0.671781,2.07906,1.26901,0.931406,-0.0243466,0,0.931724,0.429129,0.197489,0,0.472392,0.573173,-0.952738,0.853214,1.38647,-0.0362419,0,1.38695
1493,0.680235,2.10233,1.25605,0.936032,-0.013605,0,0.936131,0.395651,0.197125,0,0.442038,0.583275,-0.93019,0.857461,1.37604,-0.0200005,0,1.37619
1494,0.689153,2.12679,1.24229,0.940471,-0.00335435,0,0.940477,0.366821,0.196158,0,0.415976,0.594025,-0.906195,0.861964,1.36468,-0.00486736,0,1.36469
1495,1.05273,3.06947,0.680772,0.858106,-0.0772108,0,0.861572,0.960059,0.0722622,0,0.962775,1.08676,0.193671,1.03233,0.815124,-0.0733434,0,0.818417
1496,1.04597,3.05236,0.690373,0.863434,-0.0793074,0,0.867068,0.946716,0.0818309,0,0.950246,1.07719,0.172297,1.02985,0.825487,-0.075822,0,0.828962
1497,0.943949,2.80411,0.877644,0.966871,0.065933,0,0.969117,0.588041,-0.189439,0,0.617802,0.922654,-0.172646,0.97744,1.02428,0.069848,0,1.02666
1498,0.952105,2.82518,0.866434,0.964101,0.0700575,0,0.966643,0.620933,-0.185166,0,0.647954,0.93379,-0.147791,0.980764,1.0126,0.0735817,0,1.01527
1499,0.871788,2.61641,0.978062,0.980453,-0.0497174,0,0.981713,0.206942,-0.175867,0,0.271577,0.825463,-0.389591,0.946862,1.12465,-0.0570293,0,1.12609
1500,0.859225,2.58338,0.995525,0.981441,-0.0332576,0,0.982004,0.236955,-0.18185,0,0.298693,0.808887,-0.426591,0.941415,1.14224,-0.0387066,0,1.1429
1501,0.849992,2.5591,1.00858,0.981896,-0.0175974,0,0.982054,0.267016,-0.186398,0,0.32564,0.796715,-0.453761,0.93732,1.15518,-0.020703,0,1.15537
1502,0.846697,2.55037,1.01305,0.981839,-0.00141054,0,0.98184,0.298003,-0.190452,0,0.353664,0.792438,-0.463307,0.935917,1.15961,-0.00166593,0,1.15961
1503,1.12931,3.25279,0.531284,0.732948,-0.0300808,0,0.733565,1.00087,0.00304733,0,1.00088,1.20581,0.459408,1.06774,0.64902,-0.0266363,0,0.649567
1504,1.13603,3.28833,0.594806,0.818502,0.0588681,0,0.820617,1.00023,-0.00510472,0,1.00025,1.19678,0.439232,1.05347,0.720495,0.0518192,0,0.722356
1505,1.13218,3.27885,0.601057,0.823462,0.0628377,0,0.825856,0.999505,-0.00567627,0,0.999521,1.19106,0.426471,1.05201,0.727324,0.0555016,0,0.729439
1506,1.10636,3.19765,0.57601,0.773981,-0.0489721,0,0.775528,1.00051,0.0115764,0,1.00058,1.17033,0.380211,1.05782,0.699573,-0.0442641,0,0.700972
1507,1.18843,3.41859,0.513551,0.715417,0.216681,0,0.747511,-0.0275872,0.0277684,0,0.0391426,1.2734,0.610273,1.0715,0.601985,0.182325,0,0.62899
1508,1.12241,3.23553,0.542126,0.741851,-0.0437596,0,0.74314,1.00023,0.00510471,0,1.00025,1.19581,0.437071,1.06539,0.660944,-0.0389872,0,0.662093
1509,1.15356,3.33262,0.570465,0.760573,0.252244,0,0.80131,-0.0239409,0.0417775,0,0.0481511,1.22172,0.494918,1.05909,0.659324,0.218664,0,0.694638
1510,1.06248,3.10644,0.711583,0.901949,0.0784938,0,0.905358,0.974879,-0.07691,0,0.977908,1.08828,0.19706,1.02429,0.848911,0.073878,0,0.852119
1511,1.15005,3.32465,0.578773,0.8093,0.0277927,0,0.809777,1.00116,-0.000755508,0,1.00116,1.21582,0.481745,1.05719,0.703708,0.0241665,0,0.704123
1512,1.10911,3.22194,0.638042,0.853211,0.0577604,0,0.855164,1.00316,-0.0162223,0,1.00329,1.1569,0.350227,1.04309,0.769274,0.0520781,0,0.771035
1513,1.10726,3.21717,0.640273,0.854838,0.053292,0,0.856498,1.00475,-0.0170451,0,1.00489,1.15436,0.344563,1.04254,0.772028,0.0481295,0,0.773527
1514,1.07524,3.13814,0.691646,0.889953,0.0716871,0,0.892836,0.991818,-0.05694,0,0.993451,1.10698,0.238799,1.02952,0.827677,0.0666706,0,0.830357
1515,1.13548,3.26801,0.520859,0.723647,-0.0170012,0,0.723847,1.0008,0.00143438,0,1.0008,1.21492,0.479725,1.06996,0.637307,-0.0149727,0,0.637483
1516,1.06838,3.10854,0.656588,0.843686,-0.0601587,0,0.845828,0.991818,0.05694,0,0.993451,1.10949,0.244397,1.03848,0.789686,-0.0563083,0,0.791691
1517,0.74463,2.27788,1.1595,0.962134,0.0455607,0,0.963212,0.263468,0.213328,0,0.339005,0.661961,-0.754552,0.88898,1.2921,0.0611857,0,1.29355
1518,1.12295,3.25612,0.616008,0.836398,0.0530071,0,0.838076,1.00231,-0.00864854,0,1.00235,1.17735,0.395877,1.04845,0.744823,0.0472035,0,0.746317
1519,1.12638,3.2647,0.610937,0.832567,0.0521695,0,0.8342,1.0019,-0.00735933,0,1.00192,1.18232,0.406957,1.04966,0.739153,0.0463161,0,0.740603
1520,1.13113,3.27754,0.607456,0.816543,-0.166151,0,0.833276,-0.0105805,-0.0713208,0,0.0721013,1.18825,0.420192,1.05049,0.72188,-0.146889,0,0.736673
1521,1.13444,3.2618,0.507274,0.705119,-0.0140296,0,0.705258,1.00116,0.000755507,0,1.00116,1.21703,0.484447,1.0728,0.621557,-0.012367,0,0.62168
1522,1.11737,3.24338,0.628754,0.806094,0.269379,0,0.849913,-0.0183842,0.0560818,0,0.0590182,1.16806,0.375125,1.04536,0.721422,0.241084,0,0.760638
1523,0.925181,2.75577,0.904413,0.970462,-0.0918415,0,0.974799,0.133413,-0.177611,0,0.222136,0.896894,-0.230146,0.969426,1.04894,-0.0992687,0,1.05363
1524,1.02955,3.0232,0.758488,0.915779,-0.158085,0,0.929324,0.0356809,-0.122532,0,0.127621,1.04151,0.0926546,1.01162,0.889498,-0.153548,0,0.902653
1525,1.04578,3.0644,0.735853,0.914753,0.0839234,0,0.918595,0.94442,-0.102652,0,0.949983,1.06439,0.143718,1.01779,0.874711,0.0802497,0,0.878385
1526,0.993494,2.93131,0.808656,0.945871,0.0820799,0,0.949425,0.785386,-0.177994,0,0.805303,0.991062,-0.0199516,0.997552,0.952065,0.0826174,0,0.955643
1527,1.11802,3.24399,0.624085,0.842159,0.063492,0,0.844549,1.00051,-0.0115764,0,1.00058,1.17,0.37947,1.0465,0.753262,0.0567898,0,0.7554
1528,1.11362,3.21472,0.560456,0.759909,-0.0368546,0,0.760802,1.0019,0.00735933,0,1.00192,1.18194,0.406105,1.06134,0.682374,-0.0330943,0,0.683176
1529,1.11063,3.20755,0.566368,0.765346,-0.0378349,0,0.766281,1.00231,0.00864854,0,1.00235,1.17728,0.39572,1.06001,0.689109,-0.0340661,0,0.689951
1530,1.14891,3.31996,0.573491,0.801289,0.0348945,0,0.802048,1.0008,-0.00143438,0,1.0008,1.216,0.482145,1.0584,0.697435,0.0303719,0,0.698096
1531,1.17604,3.38814,0.534373,0.755492,-0.138691,0,0.768116,-0.0213201,-0.04862,0,0.0530891,1.25492,0.569016,1.06708,0.642405,-0.11793,0,0.65314
1532,0.64056,1.99291,1.31892,0.912894,-0.0536589,0,0.914469,0.568911,0.222575,0,0.610901,0.536061,-1.03558,0.836864,1.42515,-0.0837688,0,1.42761
1533,0.966468,2.86207,0.846272,0.958507,0.0730008,0,0.961283,0.674089,-0.206573,0,0.705031,0.953602,-0.103566,0.986688,0.991763,0.0755336,0,0.994635
1534,0.912455,2.72264,0.921705,0.976393,0.0377569,0,0.977123,0.431434,-0.227864,0,0.487911,0.879783,-0.268342,0.964193,1.07007,0.0413795,0,1.07087
1535,0.638707,1.99097,1.33721,0.919413,-0.0566505,0,0.921157,0.597022,0.21941,0,0.636063,0.530684,-1.04758,0.830873,1.43949,-0.0886956,0,1.44222
1536,1.04205,3.04178,0.693535,0.864253,-0.0741901,0,0.867431,0.947496,0.100303,0,0.95279,1.0723,0.161382,1.02903,0.829376,-0.0711961,0,0.832426
1537,1.02808,3.00614,0.712554,0.873643,-0.0781693,0,0.877133,0.910759,0.123697,0,0.919121,1.05279,0.117825,1.02403,0.84978,-0.0760342,0,0.853175
1538,0.716841,2.20242,1.20038,0.952579,0.0175722,0,0.952741,0.325426,0.222116,0,0.394002,0.627712,-0.831,0.875665,1.32886,0.0245133,0,1.32908
1539,0.979639,2.89634,0.829646,0.927083,0.239734,0,0.957577,0.0233995,0.112382,0,0.114793,0.971332,-0.0639899,0.991521,0.946352,0.244716,0,0.97748
1540,0.929107,2.76573,0.898189,0.97173,0.0523064,0,0.973137,0.511472,-0.226563,0,0.559405,0.902441,-0.217765,0.971299,1.04588,0.0562975,0,1.04739
1541,1.13579,3.2888,0.599121,0.782903,0.26333,0,0.826002,-0.0213201,0.04862,0,0.0530891,1.19538,0.436113,1.05246,0.6893,0.231846,0,0.727247
1542,1.08494,3.14756,0.622372,0.816129,-0.0468735,0,0.817474,1.00336,0.0298546,0,1.0038,1.13584,0.303203,1.04691,0.752236,-0.0432038,0,0.753476
1543,0.935908,2.78332,0.88874,0.969692,0.0569247,0,0.971361,0.541518,-0.224759,0,0.586309,0.911698,-0.197103,0.974132,1.0361,0.060823,0,1.03788
1544,1.119,3.2274,0.549073,0.748298,-0.0479969,0,0.749836,0.999505,0.00567627,0,0.999521,1.19047,0.425146,1.06387,0.668723,-0.0428928,0,0.670097
1545,1.09833,3.17873,0.592972,0.789907,-0.0434125,0,0.791099,1.00316,0.0162223,0,1.00329,1.15753,0.351634,1.0539,0.71919,-0.0395259,0,0.720275
1546,1.09652,3.17415,0.595563,0.792059,-0.0389227,0,0.793015,1.00475,0.017045,0,1.00489,1.15496,0.345884,1.0533,0.722342,-0.0354967,0,0.723214
1547,1.14357,3.30762,0.585317,0.812427,0.0461058,0,0.813734,1.00087,-0.00304733,0,1.00088,1.20724,0.462592,1.05568,0.710434,0.0403176,0,0.711577
1548,1.20491,3.4591,0.485534,0.692858,0.190028,0,0.718445,-0.028561,0.0203474,0,0.0350677,1.29797,0.665101,1.07723,0.575027,0.157711,0,0.596262
1549,0.706465,2.17413,1.21596,0.948348,0.00682046,0,0.948372,0.352608,0.224717,0,0.418127,0.615031,-0.859305,0.870575,1.34238,0.00965435,0,1.34242
1550,1.11116,3.17116,0.393486,0.541118,0.00415696,0,0.541134,1.00146,0.00017367,0,1.00146,1.21576,0.481605,1.09414,0.486985,0.0037411,0,0.486999
1551,1.11723,3.19564,0.430273,0.593069,0.0132993,0,0.593218,1.00146,-0.000173671,0,1.00146,1.21526,0.480488,1.08774,0.530838,0.0119038,0,0.530971
1552,1.11565,3.23919,0.631726,0.83514,-0.170267,0,0.85232,-0.00544273,-0.0795433,0,0.0797293,1.16545,0.369302,1.04464,0.74857,-0.152617,0,0.763969
1553,1.14643,3.31545,0.583558,0.797609,-0.15991,0,0.813481,-0.0147991,-0.0637994,0,0.0654933,1.21074,0.470393,1.05609,0.69573,-0.139484,0,0.709575
1554,0.906179,2.70622,0.930042,0.977327,0.0331881,0,0.97789,0.403458,-0.227442,0,0.46315,0.871432,-0.286983,0.961655,1.07851,0.0366242,0,1.07914
1555,1.07976,3.14932,0.684472,0.885418,0.0688146,0,0.888088,0.996158,-0.050107,0,0.997417,1.11364,0.253663,1.03138,0.820013,0.0637313,0,0.822485
1556,1.08427,3.16038,0.676994,0.880383,0.0662679,0,0.882873,0.999566,-0.043327,0,1.0005,1.12037,0.268691,1.0333,0.811961,0.0611177,0,0.814258
1557,1.09888,3.19736,0.656933,0.853449,-0.170891,0,0.87039,0.000421591,-0.0877001,0,0.0877011,1.14106,0.314873,1.03839,0.776656,-0.155515,0,0.792073
1558,1.08517,3.1634,0.678377,0.868016,-0.173901,0,0.885265,0.00614676,-0.0943397,0,0.0945397,1.12093,0.269923,1.03295,0.799887,-0.160252,0,0.815782
1559,1.13233,3.26024,0.526181,0.728485,-0.0225114,0,0.728833,1.00084,0.00206336,0,1.00085,1.21027,0.469358,1.06883,0.643349,-0.0198806,0,0.643656
1560,1.07259,3.11879,0.649147,0.838359,-0.0568838,0,0.840287,0.996158,0.050107,0,0.997417,1.11585,0.258605,1.04034,0.781622,-0.0530341,0,0.78342
1561,1.06453,3.09911,0.663177,0.84822,-0.0630141,0,0.850558,0.986899,0.0636366,0,0.988949,1.10373,0.231531,1.03682,0.796801,-0.0591941,0,0.798996
1562,0.729574,2.23707,1.18161,0.957342,0.0305656,0,0.957829,0.294799,0.218194,0,0.366763,0.643329,-0.79614,0.881787,1.31219,0.0418951,0,1.31286
1563,0.973781,2.88083,0.836049,0.955281,0.0760047,0,0.9583,0.705787,-0.199745,0,0.733507,0.963718,-0.0809864,0.989666,0.981002,0.0780511,0,0.984102
1564,1.0067,2.96532,0.791347,0.932178,-0.147434,0,0.943765,0.0512667,-0.134218,0,0.143676,1.00918,0.0204818,1.00246,0.925977,-0.146453,0,0.937487
1565,1.08888,3.17174,0.669513,0.875396,0.0627606,0,0.877642,1.00274,-0.0368301,0,1.00341,1.12722,0.283975,1.03521,0.803941,0.0576377,0,0.806004
1566,1.16186,3.35352,0.558718,0.776987,-0.15056,0,0.79144,-0.0183842,-0.0560818,0,0.0590182,1.23358,0.521391,1.06173,0.668743,-0.129586,0,0.681182
1567,1.22393,3.50459,0.447047,0.672848,-0.043436,0,0.674249,-0.028561,-0.0203474,0,0.0350678,1.32755,0.731139,1.08466,0.549745,-0.035489,0,0.550889
1568,0.988345,2.91826,0.816217,0.942332,-0.137444,0,0.952302,0.0665751,-0.144522,0,0.159119,0.983788,-0.0361873,0.995389,0.953444,-0.139065,0,0.963532
1569,0.972679,2.8781,0.837937,0.950555,-0.127821,0,0.959111,0.0793668,-0.152851,0,0.172228,0.962093,-0.084613,0.989117,0.977255,-0.131411,0,0.986051
1570,1.08057,3.13746,0.632124,0.82449,-0.0499925,0,0.826004,1.00274,0.0368301,0,1.00341,1.1287,0.287277,1.04454,0.763013,-0.0462649,0,0.764415
1571,1.233,3.52592,0.42637,0.628702,0.160883,0,0.64896,-0.023949,0.00989791,0,0.0259137,1.34205,0.763515,1.08844,0.509894,0.13048,0,0.526324
1572,1.2771,3.63408,0.340271,0.535649,0.0674902,0,0.539884,-0.0173727,-0.00183879,0,0.0174698,1.40799,0.910682,1.10249,0.419426,0.0528464,0,0.422742
1573,1.09395,3.18431,0.661561,0.870033,0.0601003,0,0.872106,1.00336,-0.0298546,0,1.0038,1.13468,0.300615,1.03723,0.795311,0.0549387,0,0.797206
1574,0.980888,2.89904,0.826146,0.952006,0.0785497,0,0.955241,0.735595,-0.192429,0,0.760348,0.973564,-0.0590094,0.992533,0.970555,0.0800801,0,0.973853
1575,0.987472,2.91591,0.817022,0.948879,0.0805119,0,0.952288,0.761781,-0.185243,0,0.78398,0.982691,-0.0386368,0.995158,0.960917,0.0815334,0,0.96437
1576,1.26902,3.61573,0.364467,0.565769,0.0948216,0,0.57366,-0.0191577,-1.47228e-08,0,0.0191577,1.39443,0.88042,1.09882,0.445832,0.0747204,0,0.45205
1577,1.24458,3.55295,0.398352,0.613373,-0.00225445,0,0.613377,-0.023949,-0.00989795,0,0.0259138,1.36072,0.805184,1.09332,0.492835,-0.00181141,0,0.492838
1578,1.14626,3.31447,0.581763,0.810099,0.0385036,0,0.811013,1.00084,-0.00206336,0,1.00085,1.21103,0.471039,1.0565,0.706733,0.0335907,0,0.70753
1579,1.21338,3.47912,0.467493,0.69366,-0.0755183,0,0.697758,-0.0275872,-0.0277685,0,0.0391426,1.3114,0.695082,1.08078,0.571674,-0.0622377,0,0.575052
1580,1.20151,3.45023,0.489292,0.714594,-0.101059,0,0.721705,-0.0261136,-0.0347734,0,0.0434869,1.29339,0.654888,1.07647,0.594749,-0.0841103,0,0.600667
1581,1.18912,3.42008,0.511568,0.735123,-0.12213,0,0.745199,-0.0239409,-0.0417775,0,0.0481511,1.27463,0.613014,1.07191,0.618208,-0.102707,0,0.626682
1582,0.657195,2.0389,1.29214,0.92272,-0.0481485,0,0.923975,0.54037,0.224886,0,0.585298,0.555748,-0.991633,0.845637,1.40403,-0.0732635,0,1.40594
1583,1.06036,3.0886,0.669233,0.851811,-0.0655561,0,0.85433,0.9813,0.0703223,0,0.983816,1.09778,0.218248,1.03528,0.80332,-0.0618242,0,0.805695
1584,1.17103,3.37564,0.541951,0.738068,0.236694,0,0.775093,-0.0261136,0.0347734,0,0.0434869,1.24765,0.552787,1.06543,0.630274,0.202125,0,0.661891
1585,1.03143,3.02801,0.755958,0.924227,0.0861734,0,0.928235,0.910759,-0.123697,0,0.919121,1.04413,0.0985044,1.01231,0.896065,0.0835477,0,0.899952
1586,1.03896,3.0471,0.745378,0.919292,0.0853206,0,0.923242,0.929416,-0.112644,0,0.936217,1.05476,0.122227,1.01521,0.884822,0.0821214,0,0.888625
1587,1.05185,3.07974,0.727144,0.910328,0.0823726,0,0.914047,0.956986,-0.0931043,0,0.961505,1.07304,0.163026,1.02014,0.865453,0.078312,0,0.868989
1588,1.05757,3.09408,0.718658,0.90573,0.0805001,0,0.9093,0.967385,-0.0841846,0,0.971041,1.08127,0.1814,1.02241,0.856426,0.0761181,0,0.859802
1589,1.06658,3.11663,0.705192,0.89818,0.0765051,0,0.901432,0.9813,-0.0703223,0,0.983816,1.09428,0.210452,1.02597,0.842112,0.0717294,0,0.845162
1590,1.07096,3.12757,0.698515,0.894251,0.0743037,0,0.897333,0.986899,-0.0636367,0,0.988948,1.10066,0.224685,1.02773,0.834996,0.0693801,0,0.837873
1591,1.01256,2.98002,0.782282,0.935672,0.0856248,0,0.939582,0.854131,-0.151646,0,0.867489,1.01764,0.0393662,1.00501,0.924063,0.0845625,0,0.927924
1592,1.00606,2.96341,0.791174,0.939163,0.0848497,0,0.942989,0.832812,-0.160844,0,0.848202,1.00859,0.0191753,1.00251,0.933502,0.0843382,0,0.937305
1593,0.957002,2.83791,0.860049,0.958353,-0.116278,0,0.965381,0.0958522,-0.161268,0,0.187604,0.940396,-0.133045,0.982647,1.00141,-0.121502,0,1.00876
1594,0.940914,2.7964,0.882305,0.964733,-0.105109,0,0.970442,0.113175,-0.168889,0,0.203303,0.918382,-0.182183,0.976053,1.02531,-0.11171,0,1.03138
1595,1.07188,3.13056,0.699671,0.883406,-0.169132,0,0.899451,0.0130325,-0.102243,0,0.10307,1.10127,0.226054,1.02742,0.824167,-0.15779,0,0.839136
1596,1.04984,3.07439,0.729087,0.899525,-0.164821,0,0.914501,0.0233995,-0.112383,0,0.114793,1.07043,0.157217,1.01962,0.856823,-0.156997,0,0.871088
1597,0.873904,2.62186,0.974765,0.981121,0.0192568,0,0.981309,0.34432,-0.223877,0,0.410704,0.828362,-0.383121,0.947887,1.12269,0.0220354,0,1.1229
1598,0.892472,2.67032,0.948488,0.978894,0.0285693,0,0.979311,0.375771,-0.226191,0,0.438596,0.853209,-0.327659,0.956006,1.09684,0.0320115,0,1.0973
1599,0.908775,2.71317,0.927162,0.975154,-0.0758676,0,0.978101,0.158606,-0.187166,0,0.24533,0.874726,-0.27963,0.962533,1.07304,-0.0834833,0,1.07628
1600,1.07656,3.12814,0.640891,0.831747,-0.0539429,0,0.833494,0.999566,0.043327,0,1.0005,1.1222,0.272759,1.04239,0.772594,-0.0501065,0,0.774217
1601,0.664633,2.05923,1.27956,0.926593,-0.0428992,0,0.927586,0.50962,0.226649,0,0.557748,0.564779,-0.971476,0.84976,1.39414,-0.0645456,0,1.39564
1602,0.671179,2.07735,1.2697,0.93063,-0.0345538,0,0.931271,0.478506,0.227422,0,0.529801,0.572507,-0.954225,0.852988,1.38656,-0.0514823,0,1.38752
1603,1.03497,3.02365,0.702896,0.868766,-0.0764813,0,0.872126,0.930568,0.11182,0,0.937262,1.06248,0.139461,1.02658,0.839411,-0.073897,0,0.842658
1604,1.02198,2.99077,0.721686,0.878479,-0.0793115,0,0.882051,0.890695,0.134655,0,0.900816,1.04405,0.0983315,1.0216,0.859587,-0.077606,0,0.863083
1605,1.01665,2.97744,0.729933,0.8829,-0.0800711,0,0.886524,0.870925,0.1447,0,0.882864,1.03637,0.0811767,1.01939,0.868437,-0.0787594,0,0.872001
1606,1.01203,2.96593,0.737397,0.886969,-0.0806863,0,0.890631,0.851381,0.153611,0,0.865127,1.02961,0.0660952,1.01738,0.876429,-0.0797275,0,0.880048
1607,1.00763,2.95502,0.744634,0.890898,-0.081295,0,0.894599,0.831264,0.161752,0,0.846855,1.02316,0.0516931,1.01541,0.884153,-0.0806795,0,0.887826
1608,1.00362,2.94522,0.751721,0.894932,-0.0818388,0,0.898666,0.807741,0.17038,0,0.825515,1.01715,0.0382798,1.01348,0.891701,-0.0815433,0,0.895421
1609,0.998916,2.93357,0.759629,0.899083,-0.0828376,0,0.902891,0.780705,0.179369,0,0.801045,1.01021,0.022788,1.0113,0.900059,-0.0829275,0,0.903871
1610,0.99245,2.91728,0.769456,0.903515,-0.0842112,0,0.907431,0.751555,0.188056,0,0.774726,1.00097,0.00217167,1.00859,0.910388,-0.0848518,0,0.914334
1611,0.994662,2.92374,0.769318,0.905314,-0.0851225,0,0.909307,0.7213,0.196038,0,0.747465,1.00324,0.0072355,1.00863,0.910173,-0.0855793,0,0.914187
1612,1.00759,2.95814,0.756397,0.902903,-0.0887544,0,0.907254,0.690043,0.20326,0,0.719357,1.01988,0.0443639,1.01219,0.896103,-0.0880859,0,0.900422
1613,0.952405,2.81263,0.818012,0.915014,-0.0902413,0,0.919453,0.657954,0.209676,0,0.690556,0.947523,-0.117136,0.994874,0.96074,-0.0947509,0,0.965401
1614,0.714147,2.18031,1.14083,0.90917,-0.0718028,0,0.912,0.626325,0.215125,0,0.66224,0.639189,-0.805383,0.895038,1.27308,-0.100543,0,1.27705
1615,0.761194,2.32259,1.13535,0.966385,0.0619058,0,0.968366,0.232422,0.207765,0,0.311747,0.68265,-0.708371,0.896815,1.26957,0.0813273,0,1.27217
1616,0.814669,2.46572,1.05888,0.972844,0.116095,0,0.979747,0.149077,0.183217,0,0.236204,0.750635,-0.556619,0.921399,1.19416,0.142506,0,1.20263
1617,0.83313,2.51482,1.03326,0.972911,0.133403,0,0.982015,0.127999,0.1747,0,0.216573,0.774426,-0.503513,0.929539,1.16778,0.160123,0,1.17871
1618,0.778968,2.37038,1.10975,0.96979,0.0801183,0,0.973094,0.201567,0.200458,0,0.284276,0.705032,-0.658411,0.905085,1.24497,0.102852,0,1.24921
1619,0.797106,2.41893,1.08383,0.971989,0.0984369,0,0.976961,0.174411,0.192583,0,0.259821,0.728093,-0.606936,0.91342,1.2194,0.123493,0,1.22563
1620,0.853168,2.56792,1.00581,0.971829,0.15083,0,0.983464,0.107567,0.166485,0,0.198212,0.800436,-0.445455,0.938193,1.13908,0.176788,0,1.15272
1621,1.00317,2.95629,0.796161,0.911113,0.252801,0,0.945535,0.0130325,0.102243,0,0.10307,1.00427,0.00953892,1.0011,0.908237,0.252003,0,0.942549
1622,0.999555,2.9468,0.800232,0.942711,0.0835043,0,0.946402,0.80872,-0.170077,0,0.826411,0.999504,-0.00110678,0.999949,0.943131,0.0835414,0,0.946824
1623,1.01839,2.99487,0.774227,0.932339,0.0860671,0,0.936304,0.872163,-0.14342,0,0.883876,1.02578,0.0575489,1.00726,0.915505,0.0845131,0,0.919398
1624,1.02441,3.0102,0.765856,0.928732,0.0862804,0,0.932732,0.890818,-0.134384,0,0.900897,1.03423,0.0764053,1.00959,0.906602,0.0842245,0,0.910506
1625,0.916694,2.73356,0.915489,0.975027,0.0434776,0,0.975996,0.461362,-0.227601,0,0.514449,0.885599,-0.255359,0.966079,1.06363,0.0474287,0,1.06469
1626,0.922556,2.74876,0.907293,0.973501,0.0481361,0,0.974691,0.486697,-0.227188,0,0.537112,0.893549,-0.237615,0.968557,1.05522,0.0521768,0,1.05651
1627,1.02097,3.00131,0.770191,0.897013,0.261311,0,0.9343,0.00614677,0.0943397,0,0.0945397,1.02952,0.0659023,1.00838,0.878593,0.255945,0,0.915114
1628,1.03887,3.0469,0.745538,0.884192,0.26603,0,0.923345,0.000421624,0.0877001,0,0.0877012,1.05463,0.121934,1.01517,0.851108,0.256076,0,0.888796
1629,1.05899,3.09775,0.716954,0.867473,0.270139,0,0.908562,-0.00544272,0.0795434,0,0.0797294,1.0832,0.185709,1.02286,0.819154,0.255092,0,0.857954
1630,1.07866,3.14698,0.687553,0.847915,0.273182,0,0.890836,-0.0105806,0.0713208,0,0.0721013,1.11165,0.249219,1.03058,0.786079,0.253259,0,0.825869
1631,1.09781,3.19475,0.658671,0.827938,0.272615,0,0.871665,-0.0147991,0.0637993,0,0.0654933,1.13948,0.311336,1.03795,0.75417,0.248325,0,0.794002
1632,0.873246,2.62077,0.978012,0.969202,0.165987,0,0.983313,0.0915313,0.159334,0,0.183753,0.826858,-0.386479,0.946878,1.10988,0.19008,0,1.12604
1633,0.892343,2.67099,0.952321,0.966057,0.179108,0,0.98252,0.077788,0.151733,0,0.170511,0.852033,-0.330284,0.954827,1.08261,0.200717,0,1.10106
1634,0.902755,2.69805,0.937497,0.961832,0.192166,0,0.980841,0.0665751,0.144522,0,0.159119,0.866082,-0.298923,0.959377,1.06544,0.212867,0,1.0865
1635,0.91785,2.73687,0.914995,0.955355,0.203437,0,0.976775,0.0561821,0.137647,0,0.148671,0.886853,-0.25256,0.966228,1.04086,0.221645,0,1.0642
1636,0.934083,2.77875,0.891806,0.948236,0.215221,0,0.972354,0.0463514,0.13079,0,0.138761,0.909062,-0.202986,0.973214,1.01515,0.230409,0,1.04097
1637,0.954251,2.83091,0.864195,0.939906,0.22578,0,0.966644,0.0356808,0.122532,0,0.127621,0.936525,-0.141685,0.981425,0.984968,0.236604,0,1.01299
1638,0.678742,2.09817,1.2581,0.934888,-0.0254152,0,0.935233,0.446395,0.227761,0,0.501142,0.58154,-0.934063,0.85679,1.37738,-0.0374446,0,1.37789
1639,0.687479,2.12221,1.2449,0.939582,-0.0145474,0,0.939695,0.412062,0.227537,0,0.47071,0.591996,-0.910724,0.861111,1.36671,-0.0211605,0,1.36687
1640,0.696932,2.14812,1.23055,0.944196,-0.0033628,0,0.944202,0.380237,0.226441,0,0.442556,0.603408,-0.885249,0.865806,1.35479,-0.00482514,0,1.3548
1641,1.05504,3.07502,0.676394,0.855625,-0.0686617,0,0.858375,0.973063,0.0786387,0,0.976236,1.09033,0.201634,1.03345,0.81099,-0.0650799,0,0.813597
1642,1.04871,3.05882,0.684763,0.859912,-0.0715163,0,0.862881,0.961851,0.0888488,0,0.965946,1.08153,0.181989,1.0313,0.819974,-0.0681948,0,0.822805
1643,0.943344,2.80253,0.878396,0.967254,0.0616121,0,0.969214,0.574368,-0.221882,0,0.615736,0.921852,-0.174438,0.977217,1.02535,0.0653124,0,1.02742
1644,0.951243,2.8229,0.867437,0.964493,0.0658867,0,0.96674,0.60844,-0.217731,0,0.646225,0.932662,-0.150307,0.980467,1.01393,0.0692637,0,1.01629
1645,0.959011,2.84291,0.85667,0.961576,0.0696291,0,0.964094,0.641654,-0.212571,0,0.675949,0.943322,-0.126512,0.983641,1.00267,0.0726051,0,1.0053
1646,0.892794,2.67151,0.9493,0.978562,-0.0596166,0,0.980376,0.186855,-0.196325,0,0.271031,0.853294,-0.327469,0.955757,1.09607,-0.0667753,0,1.0981
1647,0.878525,2.63419,0.969138,0.980753,-0.0432545,0,0.981706,0.216877,-0.2043,0,0.297949,0.834275,-0.369921,0.949632,1.11636,-0.0492354,0,1.11745
1648,0.867027,2.60403,0.985137,0.981892,-0.027284,0,0.982271,0.247961,-0.210727,0,0.325408,0.819045,-0.403917,0.944659,1.13248,-0.0314685,0,1.13292
1649,0.860149,2.58598,0.994845,0.982433,-0.0114703,0,0.9825,0.278922,-0.215845,0,0.352685,0.80994,-0.424241,0.941628,1.14217,-0.0133352,0,1.14224
1650,0.861453,2.58938,0.992915,0.982384,0.00481936,0,0.982396,0.31115,-0.22039,0,0.381295,0.811688,-0.420339,0.942231,1.14038,0.00559446,0,1.14039
1651,1.18931,3.42086,0.512467,0.725291,0.176952,0,0.746565,-0.0346703,0.0249233,0,0.0426989,1.27462,0.612984,1.07173,0.60984,0.148785,0,0.627728
1652,1.13856,3.29471,0.591253,0.816009,0.0549261,0,0.817855,1.00039,-0.0043027,0,1.0004,1.20039,0.447294,1.0543,0.716703,0.0482418,0,0.718324
1653,1.08236,3.14176,0.628787,0.822185,-0.0432613,0,0.823322,1.00691,0.0336852,0,1.00748,1.13145,0.293408,1.04536,0.759625,-0.0399696,0,0.760676
1654,1.17621,3.3885,0.53382,0.760475,-0.103429,0,0.767476,-0.0303928,-0.0481719,0,0.0569584,1.25524,0.569741,1.06719,0.646548,-0.0879341,0,0.6525
1655,1.10105,3.18519,0.587427,0.785148,-0.0391317,0,0.786123,1.00382,0.0140532,0,1.00392,1.16182,0.361205,1.05519,0.713091,-0.0355404,0,0.713976
1656,1.06926,3.11083,0.655558,0.843719,-0.0517221,0,0.845303,1.00136,0.0582047,0,1.00305,1.11068,0.247059,1.03874,0.789065,-0.0483717,0,0.790547
1657,0.716403,2.20145,1.20201,0.953131,0.00774301,0,0.953162,0.36437,0.258472,0,0.446737,0.626948,-0.832705,0.875133,1.33044,0.0108082,0,1.33048
1658,1.01127,2.97654,0.783453,0.936126,0.0810902,0,0.939632,0.853966,-0.180571,0,0.872848,1.016,0.0357209,1.00468,0.925695,0.0801867,0,0.929162
1659,1.12546,3.26336,0.615919,0.827713,-0.14218,0,0.839835,-0.0174597,-0.0813357,0,0.0831886,1.18001,0.401799,1.04847,0.735446,-0.126331,0,0.746217
1660,1.13147,3.25812,0.527641,0.730017,-0.0160863,0,0.730195,1.00126,0.00171995,0,1.00127,1.209,0.466527,1.06852,0.645191,-0.0142171,0,0.645348
1661,1.04478,3.04834,0.688356,0.861223,-0.0662903,0,0.863771,0.964987,0.107502,0,0.970957,1.07651,0.170784,1.03037,0.824311,-0.0634491,0,0.826749
1662,1.12473,3.24126,0.538236,0.738568,-0.0395295,0,0.739625,1.00039,0.00430269,0,1.0004,1.19923,0.444708,1.06624,0.656664,-0.0351459,0,0.657604
1663,1.2501,3.57012,0.404922,0.616265,0.109635,0,0.625941,-0.0237739,0.00383534,0,0.0240813,1.36537,0.815547,1.0922,0.49297,0.0877007,0,0.500711
1664,1.11968,3.24802,0.62113,0.84048,0.0520321,0,0.842089,1.00289,-0.0100346,0,1.00294,1.17254,0.385139,1.04721,0.750644,0.0464705,0,0.752081
1665,1.13975,3.29768,0.589512,0.814977,0.0490713,0,0.816453,1.00089,-0.00395599,0,1.0009,1.2021,0.451119,1.05471,0.715051,0.0430545,0,0.716346
1666,1.0049,2.96031,0.792384,0.939748,0.0803038,0,0.943173,0.830728,-0.191453,0,0.852504,1.00708,0.0157934,1.00217,0.93517,0.0799126,0,0.938578
1667,1.2172,3.48888,0.462475,0.67446,0.158137,0,0.692751,-0.0293214,0.0136545,0,0.0323449,1.3167,0.706917,1.08174,0.554107,0.129919,0,0.569134
1668,1.14435,3.30933,0.583205,0.810536,0.0404015,0,0.811542,1.00101,-0.00261454,0,1.00102,1.20863,0.465687,1.05617,0.708294,0.0353052,0,0.709173
1669,1.11679,3.22239,0.55458,0.754585,-0.0357319,0,0.75543,1.00185,0.00620044,0,1.00187,1.18676,0.416864,1.06265,0.675675,-0.0319953,0,0.676432
1670,1.16517,3.36154,0.552826,0.777069,-0.116878,0,0.78581,-0.027946,-0.0555356,0,0.0621706,1.23862,0.532643,1.06304,0.666914,-0.10031,0,0.674415
1671,0.99878,2.94475,0.801076,0.943236,0.0791617,0,0.946552,0.806381,-0.201531,0,0.831183,0.99849,-0.00337019,0.99971,0.944388,0.0792584,0,0.947708
1672,0.919775,2.74183,0.912198,0.975473,0.039153,0,0.976258,0.446697,-0.261775,0,0.517749,0.889491,-0.246671,0.967075,1.06056,0.042568,0,1.06141
1673,1.06417,3.1107,0.709157,0.901226,0.0706265,0,0.90399,0.987198,-0.0824949,0,0.990639,1.0907,0.202448,1.02493,0.846883,0.0663678,0,0.84948
1674,0.932132,2.7739,0.895212,0.969995,-0.0827323,0,0.973517,0.137096,-0.205889,0,0.247357,0.906212,-0.209349,0.972193,1.04062,-0.088756,0,1.0444
1675,0.914101,2.72711,0.920091,0.976829,0.0340198,0,0.977421,0.416938,-0.261402,0,0.492106,0.881818,-0.263799,0.964683,1.06862,0.0372166,0,1.06927
1676,1.06522,3.10078,0.661934,0.847917,-0.0540858,0,0.84964,0.997501,0.0662699,0,0.9997,1.10477,0.23387,1.03713,0.796001,-0.0507742,0,0.797619
1677,1.03818,3.03155,0.697415,0.865862,-0.0691527,0,0.868619,0.949462,0.12139,0,0.95719,1.06727,0.150153,1.02801,0.834015,-0.0666092,0,0.836671
1678,0.655709,2.03534,1.29704,0.92333,-0.0465643,0,0.924504,0.557423,0.258088,0,0.614271,0.553438,-0.996789,0.844031,1.40814,-0.0710136,0,1.40993
1679,0.771105,2.34941,1.12162,0.969603,0.060833,0,0.971509,0.242665,0.24001,0,0.341308,0.694963,-0.680887,0.901256,1.25742,0.0788907,0,1.25989
1680,1.04305,3.05738,0.739281,0.916665,0.0788086,0,0.920047,0.947346,-0.123305,0,0.955337,1.06064,0.135358,1.01687,0.878833,0.075556,0,0.882075
1681,1.11381,3.23473,0.634966,0.819768,0.242742,0,0.854953,-0.0251873,0.0639337,0,0.0687162,1.16264,0.363038,1.04384,0.736006,0.21794,0,0.767595
1682,0.789571,2.39892,1.09512,0.972721,0.0782101,0,0.97586,0.210363,0.232112,0,0.313255,0.718349,-0.628685,0.909797,1.23196,0.0990539,0,1.23594
1683,0.642359,1.99886,1.32063,0.916612,-0.0489332,0,0.917918,0.586824,0.255252,0,0.639934,0.537208,-1.03302,0.836305,1.42695,-0.0761774,0,1.42898
1684,1.12588,3.24405,0.536061,0.736797,-0.0334286,0,0.737555,1.00089,0.00395599,0,1.0009,1.20099,0.448635,1.06671,0.654418,-0.029691,0,0.655091
1685,1.10767,3.20048,0.572312,0.770883,-0.0368731,0,0.771764,1.00289,0.0100346,0,1.00294,1.17265,0.385373,1.05867,0.695953,-0.033289,0,0.696748
1686,1.12988,3.27351,0.606013,0.828931,0.0511795,0,0.830509,1.00185,-0.00620044,0,1.00187,1.18731,0.418109,1.05083,0.733646,0.0452964,0,0.735043
1687,1.11226,3.22986,0.633629,0.850399,0.0537945,0,0.852099,1.00382,-0.0140532,0,1.00392,1.16139,0.360239,1.04417,0.764572,0.0483653,0,0.7661
1688,1.10077,3.20116,0.65075,0.862413,0.057461,0,0.864325,1.00434,-0.023137,0,1.0046,1.14473,0.323056,1.03994,0.783466,0.0522009,0,0.785204
1689,1.13046,3.25538,0.528316,0.730011,-0.024622,0,0.730426,1.00101,0.00261454,0,1.00102,1.20776,0.463752,1.06838,0.645763,-0.0217804,0,0.64613
1690,1.10436,3.1925,0.578566,0.776284,-0.0405831,0,0.777344,1.00248,0.0118634,0,1.00255,1.16757,0.374038,1.05724,0.702927,-0.0367481,0,0.703887
1691,1.1343,3.26715,0.531288,0.736769,-0.00769541,0,0.73681,1.0012,0.00120914,0,1.0012,1.21114,0.471293,1.06774,0.649535,-0.00678427,0,0.649571
1692,1.12409,3.25907,0.614671,0.835897,0.0473362,0,0.837236,1.00318,-0.00765676,0,1.00321,1.17891,0.399352,1.04877,0.74362,0.0421107,0,0.744812
1693,1.14482,3.3102,0.581318,0.808718,0.0336397,0,0.809417,1.00126,-0.00171995,0,1.00127,1.20963,0.467913,1.0566,0.706413,0.0293842,0,0.707024
1694,1.13908,3.29727,0.595169,0.812035,-0.13569,0,0.823294,-0.0216919,-0.0726093,0,0.0757803,1.1999,0.446204,1.05339,0.712884,-0.119122,0,0.722768
1695,1.12489,3.22423,0.462252,0.639793,-0.0124971,0,0.639915,1.00147,0.000548258,0,1.00147,1.21689,0.484119,1.08179,0.568762,-0.0111097,0,0.568871
1696,1.13893,3.28131,0.534721,0.743884,0.0259376,0,0.744336,1.00147,-0.00054826,0,1.00147,1.21523,0.480434,1.067,0.653145,0.0227737,0,0.653542
1697,1.10509,3.15605,0.40526,0.553665,0.0112429,0,0.553779,1.00187,-7.88915e-10,0,1.00187,1.20692,0.461871,1.09214,0.501012,0.0101737,0,0.501116
1698,1.149,3.32382,0.587118,0.819552,0.0257185,0,0.819956,1.0012,-0.00120915,0,1.0012,1.2125,0.474329,1.05527,0.713275,0.0223834,0,0.713626
1699,1.03163,3.0151,0.707325,0.871352,-0.0716645,0,0.874294,0.931212,0.135352,0,0.940997,1.05785,0.129128,1.02541,0.844633,-0.069467,0,0.847485
1700,0.727178,2.23078,1.18604,0.957295,0.0189023,0,0.957482,0.335935,0.255641,0,0.422142,0.640165,-0.803203,0.880342,1.31645,0.025994,0,1.31671
1701,1.12979,3.27415,0.609296,0.800237,0.237143,0,0.834635,-0.027946,0.0555355,0,0.0621705,1.18634,0.415942,1.05005,0.708304,0.2099,0,0.738751
1702,1.14459,3.31052,0.585086,0.781662,0.227742,0,0.814163,-0.0303928,0.0481719,0,0.0569584,1.20838,0.465142,1.05574,0.682919,0.198972,0,0.711314
1703,0.936912,2.78619,0.888308,0.97058,0.0524492,0,0.971996,0.52856,-0.260062,0,0.589074,0.912797,-0.19465,0.974261,1.03593,0.0559809,0,1.03745
1704,1.0876,3.1536,0.615979,0.810549,-0.0423754,0,0.811656,1.00545,0.026283,0,1.00579,1.1403,0.313159,1.04845,0.745266,-0.0389624,0,0.746284
1705,1.09095,3.16147,0.608809,0.80416,-0.0436347,0,0.805343,1.00434,0.023137,0,1.0046,1.14569,0.32519,1.05017,0.737117,-0.0399968,0,0.738201
1706,1.11611,3.23907,0.626309,0.844082,0.0554098,0,0.845898,1.00248,-0.0118634,0,1.00255,1.16741,0.373678,1.04596,0.756269,0.0496453,0,0.757897
1707,1.11168,3.2101,0.564469,0.763926,-0.0317611,0,0.764586,1.00318,0.00765675,0,1.00321,1.17887,0.399259,1.06044,0.687183,-0.0285704,0,0.687777
1708,1.15276,3.33115,0.573735,0.794948,-0.127185,0,0.805058,-0.0251872,-0.0639337,0,0.0687162,1.22001,0.491105,1.05834,0.689604,-0.11033,0,0.698374
1709,1.0766,3.14164,0.689945,0.889688,0.063607,0,0.891959,1.00136,-0.0582047,0,1.00305,1.10886,0.242988,1.02996,0.826384,0.0590811,0,0.828493
1710,1.08088,3.15209,0.682733,0.884831,0.0611072,0,0.886939,1.00446,-0.0500342,0,1.00571,1.11527,0.257309,1.03183,0.818624,0.0565349,0,0.820574
1711,1.11122,3.22833,0.639067,0.845515,-0.146187,0,0.85806,-0.0122695,-0.090638,0,0.0914647,1.15882,0.354503,1.04284,0.760891,-0.131556,0,0.77218
1712,1.09157,3.17946,0.669054,0.866433,-0.149645,0,0.87926,-0.00359062,-0.103349,0,0.103411,1.13014,0.290484,1.03533,0.793746,-0.137091,0,0.805498
1713,1.04962,3.07377,0.729127,0.902597,-0.146187,0,0.914358,0.0191222,-0.130063,0,0.131462,1.0702,0.156701,1.01961,0.859925,-0.139276,0,0.871131
1714,0.739512,2.26422,1.16779,0.961464,0.0311137,0,0.961968,0.306095,0.251533,0,0.396185,0.655419,-0.769153,0.886286,1.30013,0.0420732,0,1.30081
1715,0.754259,2.30405,1.14609,0.96568,0.0452491,0,0.966739,0.274419,0.246116,0,0.368617,0.673805,-0.728113,0.893334,1.2803,0.0599915,0,1.28171
1716,0.973095,2.87915,0.837303,0.956199,0.071721,0,0.958885,0.696835,-0.235176,0,0.73545,0.962685,-0.0832933,0.989302,0.982636,0.073704,0,0.985397
1717,1.08533,3.16317,0.675925,0.880546,0.0580385,0,0.882456,1.00558,-0.0422417,0,1.00647,1.12176,0.271796,1.03357,0.811319,0.0534757,0,0.81308
1718,1.03024,3.02495,0.757444,0.918217,-0.139839,0,0.928804,0.0329981,-0.142346,0,0.146121,1.04251,0.0948865,1.01191,0.891262,-0.135734,0,0.901539
1719,1.01113,2.97634,0.7842,0.930928,-0.132412,0,0.940298,0.0483128,-0.155132,0,0.162481,1.01565,0.0349312,1.00447,0.920684,-0.130955,0,0.929951
1720,0.994874,2.93489,0.806908,0.940622,-0.125265,0,0.948927,0.0618657,-0.165741,0,0.176911,0.992935,-0.0157711,0.99805,0.945469,-0.12591,0,0.953816
1721,1.22913,3.51659,0.434322,0.6585,-0.00804952,0,0.658549,-0.0293215,-0.0136546,0,0.032345,1.33607,0.750153,1.08701,0.535746,-0.00654898,0,0.535786
1722,1.09096,3.17697,0.666544,0.87392,0.0563791,0,0.875736,1.00691,-0.0336852,0,1.00748,1.13019,0.290611,1.03596,0.801057,0.0516786,0,0.802722
1723,1.09698,3.1917,0.656398,0.866429,0.055996,0,0.868236,1.00545,-0.026283,0,1.00579,1.13924,0.310806,1.03853,0.789831,0.0510456,0,0.791479
1724,0.98009,2.89704,0.827415,0.95286,0.0742969,0,0.955752,0.728299,-0.227087,0,0.762881,0.972412,-0.0615799,0.992166,0.972217,0.0758063,0,0.975168
1725,0.986747,2.91405,0.818038,0.949571,0.0763293,0,0.952633,0.756894,-0.218741,0,0.787869,0.981681,-0.0408899,0.994866,0.962324,0.0773545,0,0.965428
1726,0.992891,2.92974,0.809397,0.946418,0.0778835,0,0.949617,0.782412,-0.210362,0,0.810198,0.99025,-0.0217625,0.997341,0.953195,0.0784411,0,0.956417
1727,1.253,3.57627,0.394928,0.610519,0.0477162,0,0.61238,-0.0242352,-0.00459259,0,0.0246665,1.37065,0.827346,1.09389,0.487245,0.0380815,0,0.488731
1728,1.20744,3.46472,0.47867,0.709114,-0.0396806,0,0.710223,-0.0346703,-0.0249234,0,0.042699,1.30234,0.674856,1.07859,0.587286,-0.0328634,0,0.588205
1729,1.19754,3.44051,0.496134,0.725989,-0.0652519,0,0.728916,-0.0338432,-0.032742,0,0.0470893,1.28747,0.64167,1.07509,0.606232,-0.0544881,0,0.608675
1730,1.18732,3.41578,0.515075,0.743966,-0.0859697,0,0.748917,-0.0323896,-0.0405593,0,0.0519051,1.27183,0.606772,1.07118,0.626592,-0.0724065,0,0.630762
1731,1.06125,3.09072,0.667467,0.851064,-0.0570745,0,0.852975,0.99288,0.0743329,0,0.995658,1.09917,0.221367,1.03573,0.801942,-0.0537802,0,0.803743
1732,1.15975,3.34792,0.560622,0.762976,0.214434,0,0.792536,-0.0323896,0.0405593,0,0.0519051,1.23085,0.515291,1.0613,0.657878,0.184896,0,0.683367
1733,1.17451,3.38413,0.535907,0.743272,0.19803,0,0.769201,-0.0338432,0.032742,0,0.0470893,1.2529,0.564509,1.06674,0.632837,0.168607,0,0.654913
1734,1.03615,3.03985,0.748826,0.921085,0.0803126,0,0.924579,0.930579,-0.135879,0,0.940447,1.05093,0.113692,1.01427,0.888949,0.0775106,0,0.892322
1735,1.04925,3.07309,0.730632,0.912494,0.0769741,0,0.915735,0.96106,-0.111508,0,0.967507,1.06939,0.154895,1.0192,0.869667,0.0733614,0,0.872756
1736,1.05494,3.08749,0.722578,0.908431,0.0749746,0,0.91152,0.972258,-0.100387,0,0.977427,1.07748,0.172936,1.02136,0.861122,0.07107,0,0.86405
1737,1.06001,3.10028,0.715342,0.904659,0.0727916,0,0.907583,0.980883,-0.0905926,0,0.985058,1.0847,0.189055,1.02329,0.853445,0.0686707,0,0.856203
1738,1.06827,3.12096,0.703,0.897697,0.0684836,0,0.900306,0.99288,-0.074333,0,0.995658,1.09663,0.215697,1.02655,0.840329,0.0641071,0,0.84277
1739,1.0724,3.13122,0.696628,0.893907,0.0657262,0,0.89632,0.997501,-0.0662699,0,0.9997,1.10266,0.229148,1.02822,0.833561,0.0612892,0,0.835811
1740,0.979634,2.89612,0.828914,0.949826,-0.115557,0,0.956829,0.0777572,-0.176357,0,0.192738,0.971535,-0.0635377,0.991733,0.969572,-0.117959,0,0.976722
1741,0.963473,2.85463,0.851353,0.957455,-0.106244,0,0.963331,0.0953233,-0.185969,0,0.208976,0.949215,-0.11336,0.985202,0.993754,-0.110272,0,0.999853
1742,0.947891,2.81452,0.873005,0.963944,-0.0958965,0,0.968702,0.113915,-0.195012,0,0.225846,0.927813,-0.161132,0.978818,1.01693,-0.101168,0,1.02195
1743,1.0698,3.12467,0.70027,0.886025,-0.148667,0,0.898411,0.00783025,-0.117931,0,0.118191,1.09897,0.220924,1.02727,0.828213,-0.138966,0,0.839791
1744,0.889979,2.66415,0.953179,0.980423,0.021778,0,0.980665,0.357638,-0.257761,0,0.440847,0.849541,-0.335847,0.954563,1.10162,0.0244703,0,1.1019
1745,0.904348,2.70165,0.933325,0.978411,0.0292498,0,0.978848,0.38811,-0.260136,0,0.467226,0.868764,-0.292937,0.960653,1.0819,0.0323435,0,1.08238
1746,1.07731,3.13012,0.640196,0.831998,-0.0453891,0,0.833235,1.00558,0.0422416,0,1.00647,1.12316,0.274906,1.04256,0.772292,-0.0421319,0,0.77344
1747,1.07325,3.12039,0.647974,0.837978,-0.0488457,0,0.839401,1.00446,0.0500341,0,1.00571,1.11685,0.260833,1.04063,0.780788,-0.0455121,0,0.782114
1748,0.669368,2.07231,1.2723,0.929288,-0.041103,0,0.930196,0.526968,0.260176,0,0.587696,0.570393,-0.958944,0.852136,1.38831,-0.0614057,0,1.38966
1749,0.678541,2.09789,1.25963,0.93519,-0.0343431,0,0.935821,0.494918,0.261404,0,0.55971,0.581027,-0.935207,0.856289,1.37824,-0.0506132,0,1.37916
1750,1.02564,3.00029,0.717255,0.877213,-0.0735397,0,0.88029,0.911441,0.148792,0,0.923506,1.04901,0.109396,1.02278,0.85528,-0.071701,0,0.85828
1751,1.02027,2.9871,0.726536,0.882756,-0.0749645,0,0.885933,0.891674,0.161058,0,0.906103,1.04098,0.091482,1.0203,0.865218,-0.0734751,0,0.868332
1752,1.01549,2.97546,0.735129,0.887947,-0.0760902,0,0.891201,0.871702,0.172294,0,0.888566,1.03376,0.0753586,1.01799,0.8744,-0.0749293,0,0.877605
1753,1.01104,2.96462,0.743209,0.892753,-0.0771153,0,0.896078,0.851339,0.182432,0,0.870667,1.02701,0.0602897,1.0158,0.883008,-0.0762736,0,0.886296
1754,1.0067,2.95407,0.751069,0.897326,-0.0781086,0,0.900719,0.829117,0.192282,0,0.851121,1.02045,0.0456419,1.01366,0.891353,-0.0775887,0,0.894723
1755,1.00249,2.94387,0.758863,0.901834,-0.0792128,0,0.905306,0.803421,0.202538,0,0.828557,1.01404,0.0313366,1.01152,0.89959,-0.0790157,0,0.903054
1756,0.996733,2.92953,0.768216,0.906437,-0.0808193,0,0.910033,0.774797,0.212796,0,0.803488,1.00564,0.0125794,1.00893,0.909408,-0.0810842,0,0.913016
1757,0.991232,2.91574,0.776849,0.910334,-0.0827838,0,0.914091,0.744441,0.222425,0,0.776959,0.997704,-0.00512458,1.00653,0.918387,-0.0835161,0,0.922176
1758,0.998225,2.93472,0.771127,0.910444,-0.0858342,0,0.914482,0.712954,0.231162,0,0.749492,1.00633,0.014137,1.00812,0.912064,-0.0859868,0,0.916108
1759,1.00253,2.94649,0.767938,0.91054,-0.0905448,0,0.91503,0.680492,0.238946,0,0.721224,1.01156,0.0258098,1.00901,0.90824,-0.0903161,0,0.91272
1760,0.883998,2.63247,0.902014,0.925261,-0.086353,0,0.929282,0.647866,0.245644,0,0.692872,0.857609,-0.317837,0.970148,1.04668,-0.0976847,0,1.05123
1761,0.676446,2.08647,1.2373,0.918076,-0.0639277,0,0.920299,0.61662,0.251095,0,0.665784,0.584177,-0.928177,0.863597,1.3572,-0.0945053,0,1.36049
1762,0.845653,2.54782,1.01527,0.973552,0.131619,0,0.982409,0.129319,0.201774,0,0.239658,0.79087,-0.466808,0.935218,1.15124,0.155643,0,1.16172
1763,0.808775,2.45013,1.06756,0.974408,0.0963664,0,0.979162,0.180343,0.222887,0,0.286709,0.742962,-0.573745,0.918627,1.2048,0.119151,0,1.21067
1764,0.827425,2.49959,1.04087,0.974513,0.114376,0,0.981202,0.152721,0.212308,0,0.261531,0.767126,-0.519808,0.927125,1.17777,0.138232,0,1.18585
1765,0.864591,2.5977,0.988815,0.971603,0.146392,0,0.982569,0.109102,0.192183,0,0.220992,0.815752,-0.411269,0.943512,1.12377,0.169319,0,1.13646
1766,1.00973,2.97325,0.787775,0.913441,0.23349,0,0.942811,0.00783024,0.117931,0,0.118191,1.01323,0.0295403,1.00347,0.904637,0.231239,0,0.933723
1767,1.01725,2.9918,0.775247,0.932811,0.0813561,0,0.936352,0.873611,-0.17047,0,0.890088,1.02434,0.0543355,1.00698,0.916997,0.0799769,0,0.920478
1768,1.02284,3.00603,0.767377,0.929399,0.0814276,0,0.932959,0.891907,-0.160407,0,0.906217,1.03222,0.0719103,1.00916,0.908643,0.0796092,0,0.912124
1769,1.02913,3.022,0.758597,0.925513,0.0811799,0,0.929066,0.911342,-0.148731,0,0.923399,1.04105,0.0916392,1.01159,0.899318,0.0788822,0,0.902771
1770,0.923686,2.75195,0.906661,0.974293,0.0443267,0,0.975301,0.474589,-0.261646,0,0.541934,0.894818,-0.23478,0.968748,1.05479,0.047989,0,1.05588
1771,0.930046,2.76844,0.897901,0.972658,0.0482103,0,0.973852,0.499952,-0.261266,0,0.564103,0.903434,-0.21555,0.971385,1.04582,0.0518365,0,1.0471
1772,1.02862,3.02071,0.759358,0.89766,0.240963,0,0.929438,-0.000805137,0.107348,0,0.107351,1.04032,0.0900024,1.01138,0.872687,0.234259,0,0.903582
1773,1.04417,3.05992,0.73667,0.884814,0.244974,0,0.9181,-0.00637598,0.0993496,0,0.099554,1.06252,0.139544,1.01757,0.847387,0.234612,0,0.879265
1774,1.06174,3.10459,0.71264,0.8718,0.246396,0,0.90595,-0.0122695,0.0906381,0,0.0914648,1.08723,0.194712,1.02401,0.821103,0.232068,0,0.853268
1775,1.07941,3.14888,0.686509,0.855059,0.247715,0,0.890218,-0.0174597,0.0813358,0,0.0831886,1.11271,0.251595,1.03085,0.792151,0.22949,0,0.824723
1776,1.09664,3.19197,0.661018,0.838087,0.246496,0,0.873585,-0.021692,0.0726092,0,0.0757802,1.13761,0.307162,1.03736,0.764235,0.224775,0,0.796604
1777,0.884898,2.65093,0.960493,0.968053,0.161221,0,0.981386,0.0903465,0.183544,0,0.204575,0.842694,-0.351129,0.952307,1.09397,0.182192,0,1.10904
1778,0.905783,2.70551,0.931759,0.963307,0.17459,0,0.979001,0.0742963,0.174274,0,0.18945,0.870576,-0.288893,0.961131,1.06351,0.19275,0,1.08083
1779,0.924753,2.75493,0.905967,0.957071,0.19019,0,0.975785,0.0565328,0.160324,0,0.169999,0.896046,-0.232041,0.968957,1.03495,0.205666,0,1.05518
1780,0.946855,2.8121,0.875353,0.947839,0.205687,0,0.9699,0.0412909,0.148522,0,0.154155,0.926139,-0.164869,0.978121,1.00104,0.217232,0,1.02434
1781,0.965105,2.85896,0.849549,0.93885,0.215105,0,0.963176,0.0304056,0.140371,0,0.143626,0.951333,-0.108632,0.98573,0.972795,0.222882,0,0.998002
1782,0.986464,2.9138,0.820086,0.927648,0.224651,0,0.954463,0.0191221,0.130063,0,0.131462,0.98082,-0.0428129,0.994278,0.940377,0.227734,0,0.967559
1783,0.686843,2.12062,1.24654,0.93942,-0.0256466,0,0.93977,0.462812,0.261765,0,0.53171,0.59108,-0.912768,0.860575,1.36773,-0.0373398,0,1.36824
1784,0.696039,2.14583,1.23257,0.944051,-0.0153622,0,0.944176,0.429007,0.26152,0,0.502434,0.602175,-0.888001,0.865146,1.35632,-0.0220708,0,1.3565
1785,0.706035,2.17316,1.21748,0.948697,-0.00369378,0,0.948704,0.394998,0.260417,0,0.473118,0.614307,-0.860921,0.870081,1.3437,-0.00523172,0,1.34371
1786,1.05654,3.07856,0.673286,0.853873,-0.0599924,0,0.855978,0.98634,0.0835515,0,0.989873,1.09273,0.206979,1.03425,0.808178,-0.0567819,0,0.81017
1787,1.05107,3.06449,0.680283,0.857317,-0.0632185,0,0.859645,0.977308,0.0945605,0,0.981872,1.08518,0.190132,1.03246,0.815665,-0.0601471,0,0.817879
1788,0.943657,2.80355,0.87874,0.968184,0.057084,0,0.969865,0.560951,-0.25766,0,0.617296,0.922061,-0.17397,0.977114,1.02599,0.0604922,0,1.02777
1789,0.950934,2.82227,0.868452,0.965453,0.0614813,0,0.967409,0.595563,-0.253939,0,0.647441,0.932073,-0.151622,0.980167,1.01527,0.0646536,0,1.01733
1790,0.958536,2.84182,0.857794,0.962503,0.0653385,0,0.964718,0.630266,-0.248744,0,0.677575,0.942538,-0.128262,0.983311,1.00414,0.0681649,0,1.00645
1791,0.965941,2.86083,0.847404,0.959426,0.0687142,0,0.961883,0.663954,-0.242463,0,0.70684,0.952763,-0.10544,0.986357,0.993255,0.0711371,0,0.995799
1792,0.915694,2.7313,0.918086,0.974941,-0.0678169,0,0.977297,0.164508,-0.217105,0,0.272392,0.883911,-0.259126,0.965292,1.0647,-0.0740607,0,1.06728
1793,0.900103,2.69074,0.939753,0.978563,-0.0523072,0,0.97996,0.19465,-0.227474,0,0.299388,0.862917,-0.305989,0.958687,1.08717,-0.0581125,0,1.08872
1794,0.886689,2.65574,0.958442,0.980919,-0.0365146,0,0.981599,0.226466,-0.236303,0,0.327301,0.844961,-0.346068,0.95294,1.10627,-0.0411809,0,1.10704
1795,0.876831,2.62995,0.972194,0.982186,-0.0211017,0,0.982413,0.258508,-0.243133,0,0.35488,0.831837,-0.375365,0.948685,1.12015,-0.0240658,0,1.12041
1796,0.872772,2.61928,0.977761,0.982551,-0.00553453,0,0.982567,0.290679,-0.24901,0,0.382754,0.826476,-0.38733,0.946956,1.12578,-0.00634133,0,1.1258
1797,0.877254,2.63092,0.971133,0.981935,0.00973767,0,0.981984,0.32438,-0.254043,0,0.41202,0.832526,-0.373825,0.949014,1.11933,0.0111002,0,1.11938
1798,1.12074,3.25059,0.619282,0.839228,0.0472242,0,0.840555,1.00373,-0.00890549,0,1.00377,1.17415,0.388731,1.04766,0.748817,0.0421367,0,0.750002
1799,1.09412,3.18505,0.662511,0.871768,0.0531687,0,0.873388,1.00854,-0.0304941,0,1.009,1.13458,0.300411,1.03699,0.796777,0.0485951,0,0.798258
1800,1.06589,3.10247,0.660927,0.847706,-0.0466273,0,0.848988,1.00809,0.0663793,0,1.01027,1.10574,0.236033,1.03739,0.795301,-0.0437448,0,0.796503
1801,1.19998,3.44657,0.492308,0.708855,0.152273,0,0.725026,-0.0353731,0.0175532,0,0.0394888,1.29102,0.649592,1.07587,0.590723,0.126896,0,0.604199
1802,1.22901,3.51787,0.441408,0.657992,0.119934,0,0.668833,-0.0295933,0.00678001,0,0.0303601,1.33435,0.746319,1.08571,0.535382,0.0975854,0,0.544203
1803,1.07351,3.13403,0.695093,0.893527,0.0585776,0,0.895445,1.00809,-0.0663794,0,1.01027,1.10423,0.232655,1.02862,0.832345,0.0545666,0,0.834132
1804,0.972806,2.87854,0.838173,0.957109,0.0673165,0,0.959473,0.688375,-0.274833,0,0.741211,0.962152,-0.0844811,0.989049,0.983864,0.0691983,0,0.986295
1805,1.01029,2.97404,0.784825,0.937072,0.0764115,0,0.940182,0.85506,-0.213162,0,0.88123,1.01463,0.0326482,1.0043,0.927532,0.0756336,0,0.930611
1806,0.738452,2.26129,1.16912,0.961233,0.020377,0,0.961449,0.346552,0.293224,0,0.453958,0.65416,-0.771965,0.885853,1.30169,0.0275942,0,1.30198
1807,1.07911,3.13386,0.63457,0.82674,-0.0426911,0,0.827841,1.00758,0.0389104,0,1.00833,1.12653,0.282427,1.04394,0.766132,-0.0395615,0,0.767152
1808,1.12645,3.26489,0.610874,0.832893,0.0462032,0,0.834174,1.00288,-0.00673835,0,1.0029,1.18241,0.407169,1.04968,0.739394,0.0410165,0,0.740531
1809,1.1204,3.23088,0.546829,0.746865,-0.0389787,0,0.747881,1.00085,0.0054502,0,1.00087,1.19251,0.429709,1.06436,0.666607,-0.0347901,0,0.667514
1810,1.13374,3.28282,0.59903,0.822606,0.0541792,0,0.824389,1.00085,-0.00545021,0,1.00087,1.19324,0.431334,1.05248,0.725571,0.0477882,0,0.727143
1811,1.14538,3.31416,0.590151,0.82098,0.0236431,0,0.82132,1.00157,-0.000968343,0,1.00157,1.20787,0.464002,1.05456,0.716775,0.0206422,0,0.717072
1812,1.06734,3.11849,0.703887,0.891215,-0.129363,0,0.900555,0.00117458,-0.135447,0,0.135452,1.09543,0.213012,1.02632,0.834987,-0.121202,0,0.843738
1813,1.10852,3.20234,0.569889,0.768635,-0.0317482,0,0.76929,1.00373,0.00890549,0,1.00377,1.17416,0.388754,1.05922,0.693388,-0.0286401,0,0.693979
1814,1.11803,3.20836,0.479621,0.658382,0.0256229,0,0.65888,1.00188,-0.000347541,0,1.00188,1.20569,0.459123,1.0784,0.588876,0.0229179,0,0.589322
1815,1.035,3.02382,0.703182,0.8701,-0.0643385,0,0.872476,0.953164,0.145137,0,0.96415,1.06243,0.13936,1.0265,0.840674,-0.0621627,0,0.842969
1816,1.10302,3.1896,0.582363,0.780425,-0.0342516,0,0.781176,1.00456,0.0120971,0,1.00463,1.16519,0.368735,1.05636,0.707534,-0.0310525,0,0.708215
1817,1.08945,3.15769,0.611095,0.806153,-0.0378342,0,0.80704,1.0077,0.0237176,0,1.00798,1.14351,0.320331,1.04962,0.739965,-0.0347279,0,0.74078
1818,1.09342,3.16722,0.60346,0.79957,-0.0396617,0,0.800553,1.00513,0.020028,0,1.00532,1.14966,0.334062,1.05144,0.731258,-0.0362732,0,0.732157
1819,1.13048,3.25492,0.526201,0.727639,-0.00669876,0,0.72767,1.00157,0.00096834,0,1.00157,1.20829,0.464938,1.06883,0.643653,-0.00592557,0,0.64368
1820,1.04027,3.05019,0.74262,0.918383,0.0736737,0,0.921333,0.951749,-0.146643,0,0.96298,1.05688,0.126956,1.01596,0.882828,0.0708214,0,0.885664
1821,1.01624,2.98919,0.776399,0.933535,0.0766088,0,0.936673,0.876803,-0.200832,0,0.899509,1.02301,0.0513575,1.00666,0.918612,0.0753842,0,0.9217
1822,1.21211,3.47509,0.465952,0.694716,-0.0121647,0,0.694823,-0.0353731,-0.0175532,0,0.0394889,1.31038,0.692808,1.08107,0.573147,-0.010036,0,0.573235
1823,1.13173,3.27902,0.606539,0.824696,-0.11403,0,0.832542,-0.029954,-0.0820059,0,0.0873052,1.18912,0.422137,1.05071,0.728704,-0.100757,0,0.735637
1824,1.01441,2.98513,0.781088,0.914866,0.215998,0,0.940019,0.00117456,0.135447,0,0.135452,1.01983,0.0442743,1.00534,0.901868,0.212929,0,0.926663
1825,0.820361,2.48098,1.05134,0.976288,0.0944822,0,0.980849,0.186209,0.257254,0,0.317574,0.757847,-0.54052,0.923797,1.19007,0.115171,0,1.19563
1826,1.10358,3.20819,0.646532,0.859674,0.0537871,0,0.861355,1.00513,-0.020028,0,1.00532,1.14882,0.332183,1.04099,0.778984,0.0487386,0,0.780508
1827,1.047,3.05376,0.684482,0.8592,-0.0579425,0,0.861152,0.983056,0.112368,0,0.989458,1.07985,0.178226,1.03137,0.820633,-0.0553416,0,0.822497
1828,1.00421,2.95863,0.793554,0.940727,0.0757193,0,0.943769,0.830592,-0.22557,0,0.860677,1.00606,0.0135285,1.00184,0.936779,0.0754015,0,0.939809
1829,0.954686,2.83203,0.863569,0.9626,-0.0864759,0,0.966476,0.114104,-0.224752,0,0.252058,0.937129,-0.140337,0.981609,1.00829,-0.0905804,0,1.01235
1830,1.08744,3.16801,0.671211,0.876756,0.0556286,0,0.878519,1.00758,-0.0389104,0,1.00833,1.12526,0.279592,1.03478,0.806258,0.0511556,0,0.807879
1831,1.11951,3.24875,0.625706,0.839165,-0.120073,0,0.847712,-0.0258299,-0.092105,0,0.0956583,1.17112,0.381966,1.04611,0.749585,-0.107255,0,0.757219
1832,0.928652,2.7648,0.899694,0.973149,0.0422109,0,0.974064,0.474321,-0.299066,0,0.560733,0.901579,-0.21969,0.970847,1.04792,0.0454539,0,1.0489
1833,1.0697,3.11175,0.654228,0.842894,-0.0445276,0,0.844069,1.009,0.0564309,0,1.01057,1.11149,0.248871,1.03907,0.787971,-0.0416262,0,0.78907
1834,0.65552,2.03494,1.29793,0.923778,-0.041468,0,0.924708,0.575818,0.29498,0,0.646977,0.55309,-0.997567,0.843741,1.40923,-0.0632597,0,1.41065
1835,1.06547,3.11398,0.707268,0.9007,0.0630478,0,0.902904,1.00009,-0.0854135,0,1.00373,1.09256,0.206613,1.02543,0.845355,0.0591737,0,0.847423
1836,0.94458,2.80606,0.877898,0.968593,0.052373,0,0.970008,0.547594,-0.29714,0,0.623018,0.9232,-0.17143,0.977365,1.02542,0.0554458,0,1.02692
1837,1.10982,3.22491,0.641432,0.831727,0.218344,0,0.859909,-0.0333567,0.072267,0,0.079594,1.15671,0.3498,1.04225,0.749427,0.196739,0,0.77482
1838,0.859244,2.58367,0.996397,0.974256,0.128887,0,0.982745,0.129587,0.23244,0,0.266123,0.808671,-0.427074,0.941142,1.13385,0.15,0,1.14373
1839,0.938885,2.79132,0.88568,0.968726,-0.0740443,0,0.971551,0.139992,-0.237918,0,0.276048,0.915456,-0.188714,0.975046,1.03178,-0.078864,0,1.03479
1840,0.922041,2.74775,0.909205,0.97529,0.0347258,0,0.975908,0.431344,-0.299363,0,0.525048,0.892517,-0.239918,0.96798,1.05775,0.0376619,0,1.05842
1841,0.727132,2.23059,1.18587,0.957278,0.00837208,0,0.957315,0.377342,0.296341,0,0.479797,0.640165,-0.803204,0.880397,1.31651,0.0115138,0,1.31656
1842,1.1643,3.35932,0.553961,0.782042,-0.0858465,0,0.78674,-0.0380594,-0.0548078,0,0.0667264,1.2374,0.52992,1.06279,0.671685,-0.0737323,0,0.675719
1843,1.15478,3.33604,0.570099,0.795789,-0.0969315,0,0.801671,-0.0359013,-0.0628012,0,0.0723387,1.22311,0.498008,1.05917,0.689126,-0.0839393,0,0.694219
1844,1.12965,3.25343,0.529966,0.731763,-0.0208067,0,0.732059,1.00139,0.0022297,0,1.00139,1.20649,0.460918,1.06802,0.647779,-0.0184187,0,0.648041
1845,1.2378,3.53918,0.42437,0.644014,0.0764184,0,0.648532,-0.0279127,-0.00016471,0,0.0279132,1.34771,0.776146,1.0888,0.520291,0.0617375,0,0.523941
1846,1.04102,3.03867,0.693192,0.864008,-0.0612683,0,0.866178,0.969749,0.128447,0,0.978218,1.07133,0.159209,1.02912,0.829967,-0.0588544,0,0.832051
1847,0.800233,2.42738,1.0798,0.974806,0.0769602,0,0.977839,0.218771,0.267727,0,0.345744,0.731981,-0.598257,0.91471,1.21815,0.0961722,0,1.22194
1848,1.14364,3.30785,0.58535,0.812983,0.0371425,0,0.813831,1.00139,-0.0022297,0,1.00139,1.20731,0.46275,1.05567,0.710873,0.0324775,0,0.711615
1849,1.11453,3.23539,0.629691,0.847492,0.0492775,0,0.848924,1.00456,-0.0120972,0,1.00463,1.16483,0.367931,1.04514,0.760404,0.0442138,0,0.761689
1850,1.14368,3.3087,0.588137,0.810583,-0.105995,0,0.817484,-0.0333567,-0.0722671,0,0.079594,1.20662,0.461196,1.05503,0.70875,-0.0926785,0,0.714783
1851,1.13295,3.2646,0.536749,0.743034,-0.00884551,0,0.743086,1.00168,0.00141067,0,1.00168,1.20836,0.465095,1.06656,0.655839,-0.0078075,0,0.655885
1852,1.11379,3.21505,0.559854,0.759538,-0.0304714,0,0.760149,1.00288,0.00673835,0,1.0029,1.18226,0.406839,1.06148,0.681938,-0.0273582,0,0.682486
1853,1.1046,3.15783,0.421863,0.575383,-0.00820337,0,0.575442,1.00188,0.000347541,0,1.00188,1.20318,0.45352,1.08925,0.5209,-0.00742658,0,0.520952
1854,1.1452,3.31348,0.589592,0.820009,0.0272831,0,0.820463,1.00168,-0.00141067,0,1.00168,1.20783,0.463909,1.05469,0.71604,0.0238239,0,0.716437
1855,1.12388,3.25968,0.619205,0.815436,0.213071,0,0.842814,-0.0359013,0.062801,0,0.0723386,1.17746,0.396123,1.04768,0.725555,0.189585,0,0.749915
1856,1.13652,3.29079,0.598698,0.800088,0.205206,0,0.825984,-0.0380594,0.0548077,0,0.0667263,1.19626,0.438069,1.05256,0.703982,0.180556,0,0.726767
1857,1.08516,3.14858,0.623747,0.818358,-0.0397142,0,0.819321,1.00854,0.0304941,0,1.009,1.13571,0.302925,1.04658,0.754133,-0.0365974,0,0.755021
1858,1.07738,3.14342,0.688217,0.888749,0.0567554,0,0.89056,1.009,-0.0564309,0,1.01057,1.11014,0.24585,1.03041,0.824917,0.0526791,0,0.826597
1859,0.969719,2.87064,0.842539,0.955953,-0.0963075,0,0.960792,0.0933796,-0.213597,0,0.233116,0.957867,-0.0940473,0.987778,0.985804,-0.0993148,0,0.990795
1860,0.750655,2.29437,1.15153,0.965184,0.032592,0,0.965735,0.316162,0.288836,0,0.428234,0.66926,-0.738259,0.891568,1.28579,0.043418,0,1.28652
1861,0.764973,2.33301,1.13087,0.969033,0.0459446,0,0.970122,0.28442,0.282954,0,0.401195,0.687147,-0.698332,0.898263,1.26675,0.0600604,0,1.26818
1862,0.781583,2.37755,1.10663,0.972263,0.060626,0,0.974151,0.252186,0.276121,0,0.373952,0.708186,-0.651371,0.906092,1.24397,0.0775683,0,1.24638
1863,1.04948,3.07366,0.73028,0.906618,-0.127489,0,0.915538,0.013731,-0.150133,0,0.15076,1.06973,0.155641,1.0193,0.863877,-0.121479,0,0.872376
1864,1.03176,3.02877,0.755231,0.919388,-0.124137,0,0.927731,0.0279808,-0.163921,0,0.166292,1.04467,0.0997066,1.01251,0.89109,-0.120316,0,0.899176
1865,1.01591,2.98854,0.777543,0.930035,-0.118861,0,0.937599,0.0419156,-0.177267,0,0.182155,1.02235,0.0498913,1.00634,0.915465,-0.116999,0,0.922912
1866,1.08178,3.1544,0.681529,0.884712,0.0522323,0,0.886253,1.01338,-0.0473408,0,1.01449,1.11655,0.260152,1.03214,0.817826,0.0482834,0,0.81925
1867,1.09933,3.19751,0.652673,0.864006,0.051628,0,0.865548,1.0077,-0.0237176,0,1.00798,1.14271,0.318541,1.03946,0.78594,0.0469632,0,0.787342
1868,0.979668,2.89609,0.828465,0.953848,0.0699104,0,0.956407,0.721531,-0.265998,0,0.769001,0.971696,-0.0631781,0.991863,0.973644,0.0713614,0,0.976256
1869,0.986296,2.91302,0.819076,0.950541,0.0719932,0,0.953264,0.752401,-0.256507,0,0.794923,0.980939,-0.0425463,0.994568,0.963748,0.0729935,0,0.966508
1870,0.992516,2.92888,0.810263,0.947305,0.0735619,0,0.950157,0.780237,-0.246782,0,0.818335,0.989631,-0.023145,0.997093,0.954448,0.0741166,0,0.957322
1871,0.998373,2.9438,0.801936,0.944112,0.0747457,0,0.947067,0.805725,-0.236696,0,0.839772,0.997839,-0.00482335,0.999465,0.945651,0.0748675,0,0.94861
1872,1.23438,3.52975,0.425839,0.648114,0.0320365,0,0.648905,-0.0297928,-0.00719095,0,0.0306483,1.34367,0.767129,1.08854,0.52505,0.0259534,0,0.525692
1873,1.17385,3.38286,0.538324,0.768705,-0.0717827,0,0.772049,-0.0398128,-0.0465746,0,0.061272,1.25159,0.561576,1.06622,0.654856,-0.0611514,0,0.657705
1874,1.19148,3.42561,0.506535,0.738893,-0.0343461,0,0.739691,-0.0417399,-0.0296242,0,0.0511841,1.2784,0.621435,1.07296,0.62015,-0.0288265,0,0.620819
1875,1.18307,3.4053,0.522085,0.753888,-0.0547126,0,0.755871,-0.0410595,-0.0381276,0,0.0560321,1.26553,0.592712,1.0697,0.637229,-0.0462462,0,0.638905
1876,1.06169,3.09171,0.666481,0.850758,-0.0489721,0,0.852166,1.00443,0.0755989,0,1.00727,1.09989,0.222961,1.03598,0.801327,-0.0461267,0,0.802653
1877,1.14932,3.32237,0.57812,0.78472,0.194269,0,0.80841,-0.0398128,0.0465747,0,0.061272,1.21523,0.480415,1.05734,0.682767,0.169028,0,0.703378
1878,1.16208,3.35361,0.556633,0.76787,0.18054,0,0.788809,-0.0410595,0.0381276,0,0.0560321,1.23436,0.523116,1.06219,0.660772,0.155359,0,0.67879
1879,1.17469,3.38462,0.535769,0.751554,0.163499,0,0.769133,-0.0417399,0.0296241,0,0.051184,1.25313,0.565022,1.06677,0.639788,0.139185,0,0.654753
1880,1.04646,3.06589,0.734054,0.914357,0.0716976,0,0.917164,0.966762,-0.132007,0,0.975733,1.06559,0.146396,1.01828,0.873765,0.0685147,0,0.876447
1881,1.05212,3.08026,0.726226,0.910583,0.0695466,0,0.913235,0.978835,-0.118207,0,0.985946,1.07357,0.164212,1.02039,0.865476,0.0661015,0,0.867996
1882,1.05722,3.0932,0.719138,0.907063,0.0672356,0,0.909552,0.98815,-0.105687,0,0.993786,1.08078,0.180307,1.02228,0.857968,0.0635964,0,0.860322
1883,1.06163,3.10436,0.71305,0.904004,0.0648286,0,0.906325,0.994917,-0.0950252,0,0.999444,1.087,0.194189,1.0239,0.851528,0.0610654,0,0.853715
1884,1.06936,3.12371,0.701485,0.897404,0.060715,0,0.899456,1.00443,-0.075599,0,1.00727,1.09818,0.219142,1.02695,0.839199,0.056777,0,0.841117
1885,1.00104,2.95082,0.798926,0.93981,-0.111833,0,0.94644,0.0570656,-0.190128,0,0.198508,1.00136,0.0030433,1.00032,0.93883,-0.111716,0,0.945453
1886,0.985226,2.91042,0.821055,0.948555,-0.104159,0,0.954257,0.0747818,-0.202654,0,0.216011,0.979314,-0.0461737,0.993999,0.962779,-0.105721,0,0.968566
1887,1.1045,3.21151,0.648891,0.855941,-0.124676,0,0.864973,-0.0192192,-0.104702,0,0.106451,1.14913,0.332869,1.0404,0.774957,-0.11288,0,0.783135
1888,1.08628,3.16601,0.676129,0.874172,-0.127896,0,0.883478,-0.0101705,-0.120265,0,0.120695,1.1227,0.273873,1.03352,0.804738,-0.117737,0,0.813305
1889,0.903464,2.69934,0.93452,0.978686,0.0231283,0,0.978959,0.370012,-0.295673,0,0.473636,0.867585,-0.295568,0.960288,1.08326,0.0255996,0,1.08356
1890,0.914295,2.72761,0.919805,0.976919,0.0296346,0,0.977368,0.400885,-0.298109,0,0.499578,0.882084,-0.263205,0.96477,1.06849,0.0324125,0,1.06899
1891,1.07383,3.12182,0.646965,0.83772,-0.0395391,0,0.838653,1.01338,0.0473408,0,1.01449,1.11773,0.262794,1.04088,0.780122,-0.0368206,0,0.78099
1892,0.671077,2.07753,1.27199,0.931641,-0.0374823,0,0.932395,0.544822,0.297441,0,0.620728,0.571919,-0.955539,0.85224,1.38828,-0.055854,0,1.3894
1893,0.683558,2.11132,1.2503,0.936882,-0.0319884,0,0.937428,0.512413,0.299138,0,0.593338,0.58741,-0.92096,0.859342,1.3706,-0.0467969,0,1.3714
1894,1.02926,3.00988,0.713653,0.876815,-0.0669204,0,0.879366,0.934446,0.161371,0,0.948277,1.05369,0.119844,1.02374,0.851891,-0.0650181,0,0.854369
1895,1.02399,2.99723,0.72374,0.883379,-0.0689726,0,0.886068,0.914914,0.17645,0,0.931774,1.04555,0.10167,1.02105,0.862682,-0.0673566,0,0.865308
1896,1.01915,2.98564,0.733192,0.88948,-0.0706699,0,0.892283,0.894984,0.190309,0,0.914994,1.03802,0.0848566,1.01851,0.872767,-0.069342,0,0.875518
1897,1.0146,2.97474,0.742037,0.895055,-0.0721328,0,0.897957,0.874322,0.203075,0,0.897595,1.03095,0.069087,1.01612,0.882177,-0.0710949,0,0.885037
1898,1.0101,2.96389,0.750543,0.900189,-0.0735738,0,0.903191,0.852457,0.214947,0,0.879139,1.02404,0.0536557,1.0138,0.891189,-0.0728382,0,0.89416
1899,1.00571,2.95332,0.758847,0.905091,-0.075037,0,0.908196,0.827985,0.226766,0,0.858476,1.0173,0.0386143,1.01152,0.899949,-0.0746107,0,0.903037
1900,1.00099,2.94183,0.767483,0.909907,-0.076746,0,0.913138,0.800246,0.238739,0,0.835098,1.01013,0.0226152,1.00913,0.909009,-0.0766702,0,0.912237
1901,0.994211,2.92484,0.778092,0.914731,-0.0791096,0,0.918146,0.769996,0.250326,0,0.809664,1.00036,0.000798538,1.00618,0.920058,-0.0795702,0,0.923492
1902,0.990325,2.91539,0.785216,0.918367,-0.0819466,0,0.922016,0.738183,0.260979,0,0.782959,0.994473,-0.0123382,1.00419,0.927339,-0.0827471,0,0.931023
1903,0.999897,2.94146,0.777686,0.918973,-0.0857817,0,0.922968,0.705225,0.27051,0,0.755327,1.00619,0.0138219,1.0063,0.919067,-0.0857906,0,0.923063
1904,0.987227,2.90874,0.794107,0.923815,-0.091942,0,0.928379,0.671671,0.278794,0,0.727233,0.988889,-0.0248013,1.00168,0.935767,-0.0931315,0,0.94039
1905,0.82079,2.46851,0.99821,0.936588,-0.0822036,0,0.940188,0.638752,0.285678,0,0.699726,0.772014,-0.508897,0.940574,1.14108,-0.100152,0,1.14547
1906,0.668655,2.07024,1.27293,0.927708,-0.0584521,0,0.929548,0.607014,0.291107,0,0.673208,0.569649,-0.960606,0.851932,1.38742,-0.0874176,0,1.39018
1907,0.840432,2.53412,1.02296,0.97606,0.111984,0,0.982463,0.155976,0.245157,0,0.29057,0.78395,-0.482255,0.932794,1.16138,0.133246,0,1.169
1908,0.87715,2.63061,0.97114,0.971385,0.143137,0,0.981874,0.107921,0.220775,0,0.245741,0.832426,-0.37405,0.949012,1.10743,0.163184,0,1.11939
1909,0.896397,2.68095,0.944427,0.967644,0.15542,0,0.980046,0.0890658,0.211003,0,0.22903,0.85808,-0.316787,0.957254,1.07948,0.173383,0,1.09332
1910,1.03367,3.0334,0.751747,0.92254,0.0752016,0,0.9256,0.933943,-0.161738,0,0.947844,1.04759,0.106237,1.01347,0.892489,0.072752,0,0.895449
1911,1.02173,3.00313,0.768667,0.930212,0.0764676,0,0.933349,0.895753,-0.189064,0,0.915488,1.03073,0.068598,1.00881,0.910424,0.074841,0,0.913495
1912,1.02735,3.01737,0.760662,0.926603,0.0761141,0,0.929724,0.914655,-0.176259,0,0.931484,1.03867,0.0863201,1.01102,0.901935,0.0740878,0,0.904973
1913,0.937473,2.78767,0.887634,0.970748,0.0481103,0,0.971939,0.51587,-0.299015,0,0.596265,0.913532,-0.193008,0.974462,1.03549,0.0513192,0,1.03676
1914,1.0338,3.03435,0.75379,0.901345,0.220701,0,0.927972,-0.0085388,0.122472,0,0.122769,1.04714,0.105228,1.01291,0.871879,0.213486,0,0.897635
1915,1.04856,3.07106,0.730575,0.887217,0.224061,0,0.915072,-0.0152271,0.111454,0,0.112489,1.06871,0.15337,1.01922,0.846129,0.213684,0,0.872695
1916,1.06306,3.10748,0.709225,0.874848,0.224231,0,0.903127,-0.0204185,0.1025,0,0.104514,1.08954,0.19987,1.02491,0.822952,0.21093,0,0.849554
1917,1.07931,3.14857,0.686442,0.86143,0.223914,0,0.890056,-0.02583,0.0921051,0,0.0956584,1.11263,0.251406,1.03087,0.798127,0.207459,0,0.824649
1918,1.0945,3.18653,0.663839,0.846633,0.222182,0,0.875302,-0.029954,0.0820058,0,0.0873052,1.13461,0.300473,1.03665,0.773536,0.202999,0,0.799729
1919,0.917507,2.73591,0.915206,0.962061,0.167901,0,0.976603,0.070247,0.199814,0,0.211803,0.886463,-0.253431,0.966164,1.04856,0.182997,0,1.06441
1920,0.95659,2.83681,0.860484,0.945692,0.194023,0,0.965391,0.0363251,0.170679,0,0.174501,0.939868,-0.134224,0.982519,0.988608,0.202828,0,1.0092
1921,0.974722,2.88356,0.835869,0.937491,0.202181,0,0.959045,0.024183,0.160025,0,0.161842,0.9647,-0.0787941,0.989718,0.961803,0.207425,0,0.983916
1922,0.938028,2.78899,0.886473,0.954418,0.180923,0,0.971415,0.0516061,0.184882,0,0.19195,0.914398,-0.191076,0.974809,1.01747,0.192876,0,1.03559
1923,0.994016,2.93308,0.80947,0.927461,0.209234,0,0.950769,0.0123243,0.148835,0,0.149344,0.991351,-0.0193049,0.99732,0.933044,0.210494,0,0.956493
1924,0.694213,2.14075,1.23498,0.942789,-0.0246769,0,0.943112,0.479294,0.299792,0,0.56533,0.600048,-0.892749,0.864358,1.35807,-0.0355466,0,1.35853
1925,0.704894,2.17006,1.21928,0.948131,-0.0152325,0,0.948253,0.445634,0.299559,0,0.536959,0.6129,-0.864063,0.869492,1.34507,-0.0216096,0,1.34524
1926,0.715885,2.20004,1.20279,0.952945,-0.00381972,0,0.952952,0.410788,0.298453,0,0.507761,0.626312,-0.834126,0.874878,1.33114,-0.00533566,0,1.33115
1927,1.05746,3.08073,0.671455,0.853011,-0.0517884,0,0.854582,0.999693,0.0860951,0,1.00339,1.09417,0.210193,1.03472,0.806664,-0.0489745,0,0.808149
1928,1.05259,3.06815,0.677368,0.855779,-0.0545046,0,0.857513,0.992866,0.0981158,0,0.997703,1.08754,0.195402,1.0332,0.813022,-0.0517815,0,0.81467
1929,0.951256,2.82323,0.868459,0.966076,0.0567884,0,0.967744,0.58237,-0.294057,0,0.652399,0.932387,-0.150922,0.980165,1.01558,0.0596983,0,1.01733
1930,0.958413,2.84161,0.858369,0.963239,0.0608372,0,0.965158,0.618562,-0.289063,0,0.682771,0.942255,-0.128894,0.983142,1.00504,0.063477,0,1.00704
1931,0.965731,2.86041,0.848124,0.960237,0.0643051,0,0.962388,0.654001,-0.282566,0,0.712433,0.952352,-0.106356,0.986147,0.994311,0.066587,0,0.996539
1932,0.922707,2.74944,0.908141,0.973779,-0.060096,0,0.975632,0.169731,-0.250918,0,0.302933,0.893458,-0.237817,0.968301,1.05535,-0.0651301,0,1.05736
1933,0.907824,2.71079,0.9288,0.977503,-0.0452753,0,0.97855,0.202035,-0.2626,0,0.331326,0.873357,-0.282684,0.962033,1.07675,-0.0498724,0,1.07791
1934,0.895682,2.67917,0.945726,0.979941,-0.0302048,0,0.980407,0.235552,-0.27225,0,0.360007,0.857038,-0.319112,0.956855,1.09407,-0.0337226,0,1.09459
1935,0.887908,2.65888,0.956591,0.981222,-0.0154532,0,0.981344,0.268465,-0.279617,0,0.387633,0.84663,-0.342344,0.953511,1.1051,-0.0174041,0,1.10523
1936,0.886443,2.65502,0.958488,0.981367,-0.000503644,0,0.981367,0.302335,-0.286311,0,0.41639,0.844715,-0.346618,0.952926,1.10708,-0.000568162,0,1.10708
1937,0.892406,2.67051,0.949892,0.980379,0.013085,0,0.980467,0.336999,-0.291777,0,0.44576,0.85276,-0.32866,0.955575,1.09858,0.0146626,0,1.09868
1938,0.945805,2.8092,0.876124,0.967353,-0.0654563,0,0.969565,0.141889,-0.274093,0,0.308641,0.924895,-0.167645,0.977892,1.02278,-0.0692069,0,1.02512
1939,1.12746,3.24808,0.533927,0.735448,-0.0229585,0,0.735806,1.0016,0.00280361,0,1.0016,1.20319,0.45355,1.06717,0.652306,-0.020363,0,0.652624
1940,1.12189,3.25368,0.61837,0.839204,0.0422481,0,0.840267,1.00456,-0.00778987,0,1.00459,1.1756,0.391971,1.04788,0.748028,0.037658,0,0.748976
1941,1.12434,3.25974,0.614475,0.83614,0.0415887,0,0.837174,1.00407,-0.00685904,0,1.0041,1.17923,0.400057,1.04881,0.743671,0.0369894,0,0.744591
1942,1.1473,3.32124,0.595816,0.829775,0.0223502,0,0.830076,1.00207,-0.00107329,0,1.00207,1.20838,0.46514,1.05324,0.72324,0.0194806,0,0.723502
1943,1.09972,3.18172,0.58889,0.786315,-0.032943,0,0.787005,1.00587,0.0137136,0,1.00597,1.16005,0.357245,1.05485,0.715013,-0.0299557,0,0.71564
1944,1.03164,3.02819,0.754402,0.924065,0.0700041,0,0.926713,0.940178,-0.190088,0,0.959202,1.04479,0.0999703,1.01274,0.895723,0.067857,0,0.898289
1945,1.1414,3.30224,0.588656,0.815579,0.0393701,0,0.816529,1.0016,-0.00280362,0,1.0016,1.20407,0.45552,1.05491,0.714542,0.0344928,0,0.715374
1946,1.06208,3.09261,0.665558,0.850333,-0.0425519,0,0.851397,1.01414,0.0741126,0,1.01684,1.10054,0.224428,1.03621,0.800629,-0.0400647,0,0.801631
1947,0.961344,2.84918,0.854372,0.961102,-0.0769566,0,0.964178,0.113269,-0.258428,0,0.282161,0.946267,-0.119941,0.984316,0.999748,-0.0800511,0,1.00295
1948,1.0916,3.16279,0.606685,0.80252,-0.0331048,0,0.803203,1.00862,0.0203347,0,1.00882,1.14692,0.327937,1.05067,0.735177,-0.0303269,0,0.735802
1949,1.09462,3.16986,0.600239,0.796708,-0.0342391,0,0.797444,1.00726,0.0182403,0,1.00743,1.15176,0.33874,1.0522,0.727841,-0.0312795,0,0.728513
1950,1.11098,3.22656,0.635131,0.851643,0.0478356,0,0.852985,1.00587,-0.0137136,0,1.00597,1.15964,0.356345,1.0438,0.766571,0.0430572,0,0.76778
1951,1.14235,3.30427,0.585943,0.813005,0.0332061,0,0.813683,1.00179,-0.00190886,0,1.00179,1.20579,0.459357,1.05554,0.711696,0.0290683,0,0.712289
1952,1.12953,3.27264,0.606539,0.829752,0.0440759,0,0.830922,1.0028,-0.00562699,0,1.00282,1.1868,0.416971,1.05071,0.734602,0.0390216,0,0.735637
1953,1.11734,3.24214,0.624538,0.84326,0.0476407,0,0.844605,1.00443,-0.0103013,0,1.00448,1.16917,0.377607,1.04639,0.754706,0.0426377,0,0.755909
1954,1.10545,3.19503,0.576095,0.774318,-0.0323941,0,0.774995,1.00443,0.0103013,0,1.00448,1.16935,0.378005,1.0578,0.700456,-0.029304,0,0.701069
1955,1.16133,3.35213,0.559305,0.789725,-0.0580869,0,0.791858,-0.0485428,-0.0527371,0,0.0716771,1.23286,0.519785,1.0616,0.680019,-0.0500177,0,0.681856
1956,1.12009,3.21683,0.491035,0.67498,-0.0121378,0,0.675089,1.00194,0.000665768,0,1.00194,1.20536,0.458384,1.07612,0.602611,-0.0108364,0,0.602709
1957,0.852929,2.56715,1.00563,0.976953,0.10931,0,0.983049,0.158668,0.282258,0,0.323798,0.800258,-0.445854,0.938247,1.14541,0.128159,0,1.15256
1958,1.06481,3.11221,0.707788,0.896082,-0.111168,0,0.902952,-0.00698197,-0.155132,0,0.155289,1.09174,0.204785,1.02529,0.841538,-0.104401,0,0.84799
1959,1.02606,3.0141,0.762506,0.927867,0.0709423,0,0.930575,0.921183,-0.206251,0,0.943991,1.03685,0.0822471,1.01051,0.904299,0.0691404,0,0.906939
1960,1.01542,2.98715,0.777782,0.934649,0.0717537,0,0.937399,0.881764,-0.234915,0,0.91252,1.02179,0.0486288,1.00627,0.920455,0.0706641,0,0.923164
1961,1.13976,3.29894,0.594107,0.803497,0.175347,0,0.822407,-0.0485428,0.0527371,0,0.0716771,1.20089,0.448419,1.05364,0.704971,0.153846,0,0.721563
1962,0.671496,2.07911,1.27328,0.932958,-0.0370061,0,0.933691,0.563711,0.338911,0,0.657747,0.571993,-0.955373,0.851818,1.38937,-0.0551099,0,1.39046
1963,0.763104,2.32766,1.13227,0.968102,0.0341152,0,0.968703,0.325644,0.330596,0,0.464045,0.685123,-0.70285,0.897811,1.26864,0.0447058,0,1.26942
1964,1.04366,3.05868,0.737564,0.916253,0.0664166,0,0.918657,0.974354,-0.154813,0,0.986576,1.06175,0.137824,1.01733,0.877924,0.0636383,0,0.880228
1965,0.97949,2.89567,0.828829,0.954365,0.0653891,0,0.956603,0.715399,-0.309616,0,0.779524,0.971417,-0.0638006,0.991758,0.974349,0.0667583,0,0.976633
1966,0.923488,2.75142,0.906891,0.974846,0.0299212,0,0.975305,0.414393,-0.340564,0,0.536382,0.894563,-0.23535,0.968678,1.05561,0.0324002,0,1.05611
1967,1.03591,3.03943,0.749836,0.903159,0.202065,0,0.925487,-0.0177459,0.139488,0,0.140612,1.05041,0.112515,1.01399,0.87185,0.19506,0,0.893404
1968,0.948965,2.81742,0.872,0.953525,0.171532,0,0.968831,0.045148,0.212046,0,0.2168,0.929147,-0.158155,0.979116,1.0048,0.180757,0,1.02093
1969,0.975917,2.88653,0.833869,0.954332,-0.0860437,0,0.958203,0.0900218,-0.244662,0,0.260698,0.966449,-0.0748913,0.990298,0.977883,-0.0881671,0,0.98185
1970,1.0668,3.10472,0.659532,0.847095,-0.0404083,0,0.848059,1.0156,0.0620478,0,1.01749,1.10706,0.238963,1.03774,0.794054,-0.0378782,0,0.794957
1971,1.06991,3.11232,0.654103,0.843259,-0.0373061,0,0.844084,1.01685,0.0546201,0,1.01832,1.11174,0.249425,1.0391,0.78816,-0.0348685,0,0.788931
1972,1.21151,3.47537,0.474316,0.696066,0.120492,0,0.706418,-0.0356957,0.0103573,0,0.0371679,1.30777,0.686977,1.07945,0.574542,0.0994558,0,0.583086
1973,1.08133,3.15363,0.683537,0.88149,-0.109518,0,0.888268,-0.0187148,-0.13848,0,0.139739,1.11552,0.257854,1.03162,0.815191,-0.101281,0,0.821459
1974,0.972731,2.87835,0.838288,0.957457,0.0627891,0,0.959514,0.680296,-0.319187,0,0.751454,0.962046,-0.0847197,0.989015,0.984298,0.0645493,0,0.986413
1975,1.00962,2.97244,0.786117,0.938209,0.0716186,0,0.940939,0.858141,-0.249567,0,0.893694,1.01359,0.030336,1.00393,0.929271,0.0709363,0,0.931975
1976,0.750831,2.29467,1.15055,0.965074,0.021265,0,0.965308,0.357838,0.335369,0,0.490429,0.669657,-0.737372,0.891888,1.28534,0.0283219,0,1.28565
1977,1.11879,3.22676,0.548932,0.74886,-0.0313643,0,0.749516,1.00186,0.00515189,0,1.00187,1.19028,0.42473,1.0639,0.669349,-0.0280342,0,0.669936
1978,1.1321,3.27872,0.601362,0.824845,0.0471367,0,0.826191,1.00186,-0.0051519,0,1.00187,1.1909,0.426112,1.05193,0.728595,0.0416364,0,0.729784
1979,1.13885,3.28923,0.567056,0.786222,0.0258975,0,0.786648,1.00194,-0.000665771,0,1.00194,1.20702,0.462098,1.05986,0.690363,0.02274,0,0.690738
1980,1.10956,3.20498,0.568392,0.767663,-0.0263259,0,0.768114,1.00456,0.00778987,0,1.00459,1.17564,0.392062,1.05955,0.69186,-0.0237263,0,0.692267
1981,1.11177,3.21016,0.563675,0.763209,-0.0255207,0,0.763636,1.00407,0.00685904,0,1.0041,1.17916,0.399914,1.06062,0.686482,-0.0229551,0,0.686866
1982,1.13812,3.2936,0.591831,0.817147,0.0432138,0,0.818289,1.00151,-0.00348799,0,1.00151,1.19977,0.445926,1.05417,0.717977,0.0379694,0,0.71898
1983,1.08648,3.15117,0.619052,0.813753,-0.0367432,0,0.814582,1.009,0.027128,0,1.00937,1.13832,0.308754,1.04771,0.74898,-0.0338185,0,0.749744
1984,1.12444,3.24037,0.537951,0.73857,-0.027112,0,0.739068,1.00151,0.00348799,0,1.00151,1.19899,0.444185,1.0663,0.656832,-0.0241115,0,0.657275
1985,1.02085,3.00092,0.77001,0.931262,0.071469,0,0.934001,0.902278,-0.220712,0,0.928881,1.02946,0.0657638,1.00843,0.912239,0.0700091,0,0.914922
1986,1.03771,3.0436,0.745868,0.920138,0.068502,0,0.922684,0.958395,-0.172532,0,0.973801,1.05336,0.119104,1.01508,0.886697,0.0660124,0,0.889151
1987,1.19786,3.44098,0.494299,0.726456,-0.010969,0,0.726539,-0.042239,-0.0215248,0,0.0474073,1.28826,0.643433,1.07546,0.60646,-0.00915716,0,0.606529
1988,0.831919,2.51165,1.03511,0.977654,0.0926457,0,0.982034,0.191693,0.296059,0,0.3527,0.772813,-0.507114,0.928952,1.17518,0.111364,0,1.18044
1989,1.09582,3.18901,0.65891,0.868916,0.0503239,0,0.870372,1.009,-0.027128,0,1.00937,1.13734,0.306566,1.03789,0.792939,0.0459236,0,0.794268
1990,1.03778,3.03102,0.699842,0.869201,-0.0564496,0,0.871032,0.976497,0.151738,0,0.988216,1.06619,0.147752,1.02738,0.837559,-0.0543946,0,0.839323
1991,1.08912,3.17216,0.668448,0.875094,0.0506266,0,0.876557,1.01142,-0.0348337,0,1.01202,1.12777,0.285197,1.03548,0.803484,0.0464837,0,0.804827
1992,1.12411,3.26013,0.618378,0.836629,-0.0944395,0,0.841943,-0.0396736,-0.0918666,0,0.100067,1.17793,0.397166,1.04788,0.744258,-0.0840126,0,0.748985
1993,0.945236,2.80762,0.876532,0.968187,0.0479176,0,0.969373,0.534257,-0.340797,0,0.633698,0.924224,-0.169143,0.977771,1.02428,0.0506938,0,1.02554
1994,0.738292,2.26082,1.16918,0.961243,0.00862063,0,0.961281,0.391452,0.33878,0,0.517693,0.654002,-0.772316,0.885832,1.30198,0.0116764,0,1.30203
1995,0.872832,2.61948,0.977846,0.974664,0.125464,0,0.982706,0.1291,0.267188,0,0.296743,0.82651,-0.387254,0.946929,1.11667,0.143744,0,1.12588
1996,1.13465,3.28626,0.602048,0.824325,-0.0872167,0,0.828926,-0.0430247,-0.081109,0,0.0918139,1.19339,0.43167,1.05177,0.726505,-0.0768669,0,0.73056
1997,1.11666,3.22204,0.554649,0.754914,-0.0280509,0,0.755434,1.0028,0.00562699,0,1.00282,1.18661,0.41653,1.06264,0.676044,-0.0251203,0,0.676511
1998,1.22098,3.4984,0.456793,0.681172,0.0870244,0,0.686708,-0.0338523,0.00207356,0,0.0339158,1.32211,0.719005,1.08283,0.557888,0.0712741,0,0.562423
1999,1.22209,3.5001,0.450429,0.675478,0.0599297,0,0.678132,-0.0339324,-0.00231857,0,0.0340115,1.32478,0.724957,1.08403,0.552724,0.0490388,0,0.554895
2000,1.04327,3.04437,0.689997,0.862779,-0.0528772,0,0.864398,0.990597,0.132156,0,0.999374,1.07451,0.166314,1.02995,0.826998,-0.0506843,0,0.82855
2001,1.1531,3.33177,0.572363,0.800463,-0.0696627,0,0.803489,-0.0471047,-0.061538,0,0.077497,1.22073,0.492711,1.05865,0.694183,-0.0604134,0,0.696807
2002,1.14475,3.31134,0.586444,0.812234,-0.078754,0,0.816043,-0.0453375,-0.0704128,0,0.0837464,1.20819,0.464711,1.05542,0.709531,-0.068796,0,0.712859
2003,1.12927,3.25302,0.532827,0.735396,-0.0150221,0,0.73555,1.00179,0.00190886,0,1.00179,1.20539,0.458458,1.06741,0.651216,-0.0133025,0,0.651352
2004,1.1035,3.15694,0.433131,0.589577,0.0110423,0,0.58968,1.00234,-5.66496e-10,0,1.00234,1.19976,0.445883,1.08722,0.534277,0.0100066,0,0.534371
2005,1.12952,3.25317,0.530383,0.732493,-0.0065762,0,0.732522,1.00207,0.00107328,0,1.00207,1.20626,0.460394,1.06793,0.648497,-0.0058221,0,0.648523
2006,1.11791,3.245,0.628919,0.828829,0.190916,0,0.850533,-0.0453375,0.0704127,0,0.0837462,1.16858,0.376292,1.04532,0.741409,0.170779,0,0.760824
2007,1.12882,3.27183,0.611199,0.815742,0.184462,0,0.836338,-0.0471047,0.0615379,0,0.0774969,1.18481,0.412512,1.0496,0.722652,0.163412,0,0.740898
2008,1.08038,3.13663,0.631142,0.823822,-0.0373388,0,0.824667,1.01142,0.0348337,0,1.01202,1.12876,0.287403,1.04478,0.762532,-0.0345609,0,0.763315
2009,0.776623,2.36407,1.11304,0.97132,0.0472085,0,0.972466,0.293191,0.324216,0,0.437123,0.702087,-0.664984,0.904026,1.2507,0.0607869,0,1.25217
2010,0.792913,2.40788,1.0904,0.97469,0.0607914,0,0.976584,0.260455,0.316558,0,0.409934,0.722591,-0.619217,0.911311,1.22925,0.0766684,0,1.23164
2011,0.811608,2.45779,1.064,0.976965,0.0760231,0,0.979918,0.226497,0.30768,0,0.382058,0.746489,-0.565873,0.919765,1.20374,0.0936697,0,1.20738
2012,1.0488,3.0718,0.730651,0.908678,-0.110501,0,0.915372,0.00621222,-0.172161,0,0.172273,1.06894,0.153881,1.0192,0.866394,-0.105359,0,0.872776
2013,1.03412,3.03464,0.751502,0.919349,-0.1085,0,0.92573,0.0195098,-0.186714,0,0.187731,1.04812,0.107403,1.01354,0.889018,-0.104921,0,0.895188
2014,1.07461,3.13674,0.693263,0.892659,0.0526683,0,0.894211,1.0156,-0.0620479,0,1.01749,1.10588,0.236329,1.0291,0.830683,0.0490117,0,0.832128
2015,1.07781,3.14457,0.687833,0.889066,0.0498412,0,0.890462,1.01685,-0.0546201,0,1.01832,1.11069,0.247083,1.03051,0.824881,0.046243,0,0.826176
2016,1.10504,3.21174,0.644018,0.857998,0.0490252,0,0.859397,1.00726,-0.0182403,0,1.00743,1.15103,0.337111,1.04161,0.776439,0.044365,0,0.777706
2017,1.10186,3.20393,0.649265,0.862054,0.0475542,0,0.863364,1.00862,-0.0203347,0,1.00882,1.14628,0.326509,1.04031,0.782362,0.0431581,0,0.783551
2018,0.986036,2.91241,0.819631,0.951189,0.0674991,0,0.953581,0.748565,-0.298978,0,0.806063,0.980524,-0.0434741,0.994409,0.964659,0.068455,0,0.967085
2019,0.992275,2.92834,0.810849,0.94802,0.0690867,0,0.950534,0.778937,-0.287761,0,0.830391,0.989225,-0.0240521,0.996926,0.9554,0.0696245,0,0.957934
2020,0.998145,2.9433,0.802553,0.944889,0.0702259,0,0.947496,0.806577,-0.276095,0,0.852523,0.997436,-0.00572246,0.99929,0.946645,0.0703565,0,0.949256
2021,1.00383,2.95777,0.794442,0.941672,0.0710575,0,0.944349,0.83266,-0.263548,0,0.873373,1.00543,0.0121177,1.00159,0.938075,0.0707861,0,0.940742
2022,1.21963,3.4945,0.456758,0.685518,0.0227402,0,0.685895,-0.0357484,-0.0105627,0,0.0372763,1.32065,0.715744,1.08283,0.562072,0.0186452,0,0.562382
2023,1.17706,3.39047,0.531983,0.765023,-0.0277776,0,0.765527,-0.0498813,-0.0345544,0,0.0606807,1.25661,0.572795,1.06759,0.649947,-0.0235992,0,0.650375
2024,1.16934,3.37171,0.545639,0.777678,-0.0444287,0,0.778946,-0.0494686,-0.0436842,0,0.0659959,1.2449,0.546663,1.06462,0.665059,-0.0379948,0,0.666143
2025,1.15045,3.32507,0.575993,0.789472,0.164423,0,0.806412,-0.0494686,0.0436842,0,0.0659959,1.21698,0.484327,1.05783,0.686228,0.14292,0,0.700953
2026,1.1856,3.4117,0.518544,0.738848,0.143285,0,0.752614,-0.042239,0.0215248,0,0.0474072,1.26913,0.600737,1.07045,0.623183,0.120854,0,0.634794
2027,1.16175,3.35285,0.557404,0.775239,0.149974,0,0.789612,-0.0498813,0.0345543,0,0.0606807,1.23381,0.521888,1.06202,0.667302,0.129093,0,0.679674
2028,1.04926,3.07292,0.729899,0.912665,0.0641428,0,0.914916,0.987255,-0.137754,0,0.996819,1.06961,0.155387,1.0194,0.869819,0.0611315,0,0.871965
2029,1.05428,3.08566,0.722949,0.909279,0.0617534,0,0.911373,0.997049,-0.122033,0,1.00449,1.0767,0.171199,1.02126,0.862464,0.058574,0,0.864451
2030,1.05879,3.09716,0.716925,0.9064,0.0596311,0,0.908359,1.004,-0.108269,0,1.00982,1.083,0.185275,1.02287,0.856072,0.05632,0,0.857922
2031,1.06264,3.10684,0.711323,0.903336,0.0579924,0,0.905196,1.00895,-0.0963859,0,1.01355,1.08852,0.197592,1.02436,0.850087,0.0545739,0,0.851837
2032,1.06662,3.11694,0.705835,0.900448,0.0564252,0,0.902215,1.01089,-0.0843181,0,1.0144,1.09414,0.210145,1.0258,0.844207,0.0529009,0,0.845863
2033,1.07005,3.12531,0.699992,0.896631,0.054578,0,0.898291,1.01414,-0.0741126,0,1.01684,1.0993,0.221655,1.02734,0.837937,0.0510053,0,0.839488
2034,1.0203,2.99973,0.771493,0.929273,-0.10428,0,0.935105,0.033964,-0.201987,0,0.204823,1.02849,0.0635916,1.00802,0.91078,-0.102205,0,0.916496
2035,1.00553,2.96223,0.792502,0.938704,-0.0988805,0,0.943898,0.0509937,-0.217509,0,0.223407,1.00768,0.0171487,1.00214,0.933538,-0.0983362,0,0.938703
2036,0.990415,2.92363,0.813625,0.947084,-0.0928157,0,0.951621,0.0700659,-0.231944,0,0.242295,0.986584,-0.0299461,0.996132,0.95625,-0.0937139,0,0.960831
2037,1.11223,3.23075,0.637181,0.850556,-0.10069,0,0.856495,-0.0352922,-0.105104,0,0.110871,1.16039,0.358007,1.0433,0.764732,-0.0905303,0,0.770072
2038,1.09753,3.19409,0.659247,0.865607,-0.106585,0,0.872144,-0.0278391,-0.120126,0,0.123309,1.13903,0.310332,1.03781,0.788684,-0.0971132,0,0.794641
2039,0.915178,2.72984,0.918363,0.97671,0.0237961,0,0.977,0.382199,-0.338071,0,0.510263,0.883336,-0.26041,0.965207,1.06723,0.0260016,0,1.06755
2040,0.687496,2.12263,1.24654,0.940223,-0.0288793,0,0.940666,0.530855,0.341027,0,0.630957,0.59164,-0.911517,0.860573,1.36761,-0.0420065,0,1.36825
2041,1.03249,3.01849,0.710631,0.876709,-0.0595882,0,0.878731,0.959456,0.171299,0,0.974628,1.05782,0.129066,1.02454,0.849125,-0.0577134,0,0.851084
2042,1.02749,3.00679,0.721295,0.884188,-0.062191,0,0.886372,0.940791,0.189778,0,0.959741,1.04979,0.111134,1.0217,0.860534,-0.0605273,0,0.86266
2043,1.02274,2.99566,0.73137,0.891094,-0.0643877,0,0.893417,0.921259,0.206834,0,0.944192,1.04218,0.0941435,1.019,0.871281,-0.0629561,0,0.873552
2044,1.0182,2.985,0.740909,0.897464,-0.0663513,0,0.899913,0.900717,0.222692,0,0.927837,1.03493,0.0779616,1.01642,0.881419,-0.0651651,0,0.883825
2045,1.01369,2.9743,0.750046,0.903294,-0.0681964,0,0.905864,0.878844,0.237473,0,0.910363,1.02782,0.0620927,1.01393,0.891093,-0.0672753,0,0.893629
2046,1.00911,2.96336,0.759061,0.9088,-0.0700577,0,0.911496,0.855045,0.251549,0,0.891279,1.02068,0.0461561,1.01146,0.900593,-0.0694251,0,0.903265
2047,1.00461,2.95263,0.767986,0.914155,-0.0719649,0,0.916983,0.828279,0.265567,0,0.869811,1.01365,0.0304711,1.009,0.909956,-0.0716343,0,0.912771
2048,0.999123,2.93924,0.777913,0.919495,-0.0743086,0,0.922493,0.798471,0.279389,0,0.84594,1.00535,0.0119418,1.00623,0.920303,-0.0743738,0,0.923303
2049,0.991728,2.92077,0.789716,0.924797,-0.0773761,0,0.928028,0.766399,0.292411,0,0.820288,0.994626,-0.0119951,1.00292,0.93251,-0.0780214,0,0.935768
2050,0.990659,2.91895,0.79445,0.928506,-0.0801942,0,0.931963,0.73282,0.304184,0,0.793444,0.99223,-0.0173429,1.00159,0.937261,-0.0809504,0,0.940751
2051,0.998438,2.94046,0.789456,0.930286,-0.0835931,0,0.934034,0.698289,0.31451,0,0.765849,1.00143,0.00318896,1.003,0.931741,-0.0837239,0,0.935495
2052,0.95608,2.82949,0.839751,0.940295,-0.0893745,0,0.944533,0.663782,0.323219,0,0.738294,0.945171,-0.122387,0.98859,0.983489,-0.0934801,0,0.987922
2053,0.776496,2.35492,1.07795,0.944184,-0.0793507,0,0.947513,0.630045,0.33026,0,0.711357,0.71073,-0.645692,0.915304,1.21595,-0.102191,0,1.22024
2054,0.680741,2.10599,1.26543,0.940492,-0.055595,0,0.942134,0.596697,0.335578,0,0.684587,0.581616,-0.933892,0.854387,1.38157,-0.0816684,0,1.38398
2055,0.890487,2.66557,0.952825,0.970955,0.139436,0,0.980916,0.104734,0.252647,0,0.273496,0.850123,-0.334547,0.954672,1.09036,0.156584,0,1.10155
2056,0.908118,2.71155,0.928395,0.966894,0.150279,0,0.978503,0.0853078,0.241332,0,0.255966,0.873752,-0.281804,0.962157,1.06472,0.165484,0,1.07751
2057,0.930498,2.76957,0.897132,0.972937,0.0360771,0,0.973606,0.453126,-0.341497,0,0.5674,0.904088,-0.21409,0.971617,1.04561,0.0387718,0,1.04633
2058,0.937752,2.78828,0.886845,0.970537,0.0428549,0,0.971483,0.495147,-0.341669,0,0.601588,0.914025,-0.191908,0.974698,1.03496,0.0456996,0,1.03597
2059,1.05139,3.07869,0.728273,0.891961,0.203703,0,0.914926,-0.025694,0.125346,0,0.127953,1.07224,0.161254,1.01984,0.848366,0.193747,0,0.870209
2060,1.06438,3.11107,0.708253,0.87993,0.203359,0,0.903123,-0.0306479,0.114413,0,0.118447,1.09117,0.203502,1.02517,0.826706,0.191059,0,0.848496
2061,1.0775,3.1436,0.687669,0.867069,0.200759,0,0.890007,-0.0357795,0.103891,0,0.109879,1.11041,0.246457,1.03055,0.804708,0.18632,0,0.825996
2062,1.09196,3.18007,0.6672,0.854199,0.200147,0,0.877334,-0.0396736,0.0918666,0,0.100067,1.13105,0.292525,1.0358,0.782261,0.183292,0,0.803448
2063,1.10505,3.21288,0.648022,0.841821,0.196001,0,0.864338,-0.0430247,0.0811089,0,0.0918138,1.14994,0.334689,1.04062,0.761792,0.177367,0,0.782167
2064,0.928104,2.76353,0.90102,0.961452,0.160298,0,0.974723,0.0657368,0.228822,0,0.238077,0.900676,-0.221705,0.970448,1.03593,0.172715,0,1.05023
2065,0.982921,2.90427,0.823396,0.935445,0.189341,0,0.954414,0.0158108,0.181814,0,0.1825,0.97636,-0.0527669,0.993326,0.951699,0.192631,0,0.970998
2066,0.967232,2.8642,0.845806,0.944094,0.18254,0,0.961579,0.0282051,0.194737,0,0.196769,0.954488,-0.101589,0.986824,0.976079,0.188724,0,0.994156
2067,1.01835,2.99479,0.77432,0.915058,0.198636,0,0.936369,-0.00776398,0.154228,0,0.154423,1.02572,0.0574072,1.00723,0.898569,0.195057,0,0.919496
2068,0.999983,2.948,0.80001,0.926544,0.193697,0,0.946574,0.0040413,0.169491,0,0.169539,0.999995,-1.22983e-05,1.00001,0.92656,0.193701,0,0.94659
2069,0.700589,2.15809,1.22486,0.945549,-0.0209124,0,0.945781,0.496697,0.342142,0,0.603133,0.607878,-0.875272,0.867667,1.34965,-0.0298497,0,1.34998
2070,0.713162,2.19234,1.20564,0.950983,-0.0128272,0,0.951069,0.462171,0.342096,0,0.575006,0.623267,-0.840923,0.873949,1.33347,-0.0179864,0,1.3336
2071,0.725642,2.22641,1.1875,0.956371,-0.00317226,0,0.956376,0.426879,0.341004,0,0.54636,0.638468,-0.806992,0.879866,1.31797,-0.00437167,0,1.31797
2072,1.05833,3.08302,0.670455,0.852949,-0.0447606,0,0.854122,1.01069,0.084741,0,1.01423,1.09534,0.212821,1.03497,0.805936,-0.0422935,0,0.807045
2073,1.05352,3.07039,0.675631,0.854964,-0.0470143,0,0.856256,1.008,0.0987633,0,1.01283,1.08897,0.198598,1.03365,0.81153,-0.0446258,0,0.812756
2074,1.04867,3.05796,0.681984,0.858215,-0.0496164,0,0.859648,1.00092,0.11416,0,1.00741,1.08225,0.183584,1.03202,0.818385,-0.0473137,0,0.819751
2075,0.95201,2.82512,0.867217,0.965909,0.051975,0,0.967307,0.568765,-0.338265,0,0.661753,0.933477,-0.148489,0.980532,1.0146,0.054595,0,1.01607
2076,0.958685,2.84228,0.857854,0.963295,0.0560922,0,0.964927,0.606308,-0.333898,0,0.692168,0.942668,-0.127973,0.983293,1.00481,0.0585095,0,1.00651
2077,0.965728,2.86038,0.848033,0.96044,0.0597237,0,0.962295,0.643897,-0.32735,0,0.722331,0.952376,-0.106304,0.986174,0.994524,0.0618432,0,0.996445
2078,0.930228,2.76894,0.89774,0.972479,-0.052426,0,0.973891,0.174208,-0.289044,0,0.337483,0.903655,-0.215056,0.971434,1.04542,-0.0563582,0,1.04694
2079,0.916418,2.73315,0.916965,0.976293,-0.0383909,0,0.977048,0.208809,-0.302106,0,0.367246,0.884922,-0.256871,0.965632,1.06534,-0.0418924,0,1.06616
2080,0.90583,2.70561,0.931617,0.978623,-0.0242841,0,0.978924,0.243834,-0.312454,0,0.396336,0.87066,-0.288705,0.961174,1.08036,-0.0268087,0,1.08069
2081,0.90008,2.69062,0.939553,0.979703,-0.0103749,0,0.979758,0.277947,-0.320675,0,0.424366,0.86295,-0.305915,0.958748,1.08846,-0.0115267,0,1.08852
2082,0.900365,2.69135,0.939104,0.979664,0.00340694,0,0.97967,0.313499,-0.328161,0,0.45384,0.863347,-0.305028,0.958886,1.08807,0.00378396,0,1.08808
2083,0.906319,2.70681,0.930693,0.978507,0.0152013,0,0.978625,0.348752,-0.334011,0,0.482899,0.871385,-0.287086,0.961456,1.07965,0.0167726,0,1.07978
2084,1.08599,3.16465,0.674365,0.879669,0.0506396,0,0.881125,1.01288,-0.0400585,0,1.01367,1.12288,0.274285,1.03397,0.810019,0.0466301,0,0.81136
2085,1.0929,3.16546,0.602424,0.79837,-0.0290062,0,0.798896,1.01006,0.0179176,0,1.01022,1.14939,0.333454,1.05168,0.730503,-0.0265405,0,0.730985
2086,1.11415,3.23433,0.62985,0.847707,0.0437226,0,0.848834,1.00632,-0.0114499,0,1.00639,1.16439,0.36695,1.0451,0.760856,0.039243,0,0.761867
2087,1.09233,3.18044,0.664669,0.8733,0.047117,0,0.87457,1.01282,-0.0298978,0,1.01326,1.13213,0.29494,1.03644,0.799485,0.0431345,0,0.800647
2088,1.10758,3.2181,0.640322,0.855523,0.0467817,0,0.856801,1.00695,-0.0156583,0,1.00707,1.15468,0.345264,1.04253,0.772428,0.0422379,0,0.773582
2089,1.14945,3.32283,0.578433,0.807636,-0.045391,0,0.808911,-0.0587395,-0.0589212,0,0.0831988,1.21528,0.480533,1.05727,0.702627,-0.0394892,0,0.703736
2090,0.69582,2.14673,1.2395,0.947105,-0.0398748,0,0.947944,0.56768,0.38619,0,0.686588,0.600408,-0.891946,0.862878,1.36113,-0.0573062,0,1.36234
2091,0.985967,2.9122,0.819622,0.951426,0.0629264,0,0.953505,0.745568,-0.346653,0,0.822216,0.980457,-0.0436231,0.994412,0.964968,0.063822,0,0.967076
2092,0.790915,2.4024,1.09271,0.974545,0.0492451,0,0.975789,0.300964,0.3704,0,0.477259,0.720183,-0.624591,0.910569,1.23217,0.0622635,0,1.23375
2093,1.08327,3.14371,0.626166,0.820148,-0.0334493,0,0.82083,1.01282,0.0298977,0,1.01326,1.13309,0.297074,1.04599,0.757106,-0.0308782,0,0.757736
2094,1.13986,3.2991,0.593641,0.808251,0.149028,0,0.821875,-0.0592597,0.0492593,0,0.0770596,1.20112,0.448925,1.05375,0.709082,0.130743,0,0.721035
2095,0.995275,2.93602,0.806729,0.945611,-0.0815735,0,0.949123,0.0633197,-0.264544,0,0.272017,0.993386,-0.0147642,0.998101,0.9501,-0.0819608,0,0.953629
2096,1.03003,3.02417,0.756889,0.92574,0.0647659,0,0.928002,0.949864,-0.220712,0,0.975169,1.04245,0.0947559,1.01206,0.89875,0.0628777,0,0.900947
2097,1.12186,3.2535,0.617968,0.838908,0.0373991,0,0.839741,1.00536,-0.00677768,0,1.00538,1.17569,0.392155,1.04798,0.747781,0.0333366,0,0.748523
2098,1.03541,3.03776,0.749076,0.922022,0.0633962,0,0.924199,0.968008,-0.200736,0,0.988603,1.05012,0.111867,1.0142,0.890487,0.0612279,0,0.89259
2099,0.88548,2.6526,0.960215,0.974276,0.12125,0,0.981792,0.1277,0.306478,0,0.332018,0.843325,-0.34972,0.952393,1.10028,0.136932,0,1.10877
2100,1.07986,3.14962,0.684494,0.887007,0.0459404,0,0.888196,1.02057,-0.0483821,0,1.02172,1.11374,0.253877,1.03137,0.821409,0.0425429,0,0.822509
2101,0.979547,2.89577,0.8286,0.954491,0.0608122,0,0.956426,0.709863,-0.358468,0,0.795239,0.971538,-0.0635305,0.991824,0.97442,0.0620819,0,0.976396
2102,1.12567,3.26396,0.615783,0.836854,-0.0705795,0,0.839825,-0.0543058,-0.090524,0,0.105564,1.18027,0.402388,1.0485,0.743425,-0.0626998,0,0.746064
2103,1.12644,3.24543,0.535027,0.736337,-0.0188079,0,0.736577,1.00192,0.00249304,0,1.00193,1.20184,0.45054,1.06693,0.653682,-0.0166967,0,0.653895
2104,1.11995,3.21265,0.474052,0.652573,-0.0118686,0,0.652681,1.00243,0.000569824,0,1.00243,1.20899,0.466492,1.0795,0.582678,-0.0105974,0,0.582775
2105,1.12906,3.25453,0.541436,0.746608,-0.00719321,0,0.746643,1.00222,0.00158879,0,1.00222,1.20306,0.45326,1.06554,0.661266,-0.00637099,0,0.661297
2106,1.07177,3.11674,0.650436,0.84053,-0.0330571,0,0.84118,1.02057,0.0483821,0,1.02172,1.11465,0.255926,1.04002,0.784248,-0.0308436,0,0.784855
2107,1.00559,2.96224,0.791998,0.926226,0.179266,0,0.943415,-0.00681296,0.191639,0,0.19176,1.00788,0.0175873,1.00228,0.921079,0.17827,0,0.938172
2108,1.0766,3.14178,0.690546,0.887896,-0.0921135,0,0.892662,-0.0292606,-0.15837,0,0.16105,1.10868,0.242597,1.0298,0.824725,-0.0855599,0,0.829151
2109,1.19388,3.43179,0.503524,0.72714,0.120097,0,0.736991,-0.0424089,0.013815,0,0.0446023,1.28173,0.628851,1.07358,0.609055,0.100594,0,0.617307
2110,0.972898,2.87873,0.837861,0.957483,0.0581912,0,0.95925,0.672305,-0.368785,0,0.76681,0.962332,-0.084081,0.98914,0.984156,0.0598123,0,0.985972
2111,0.932483,2.77463,0.894098,0.97235,0.030851,0,0.972839,0.432631,-0.387899,0,0.581064,0.906865,-0.20789,0.972527,1.04275,0.0330848,0,1.04328
2112,1.06385,3.10996,0.709803,0.902976,0.0519589,0,0.90447,1.02039,-0.0920262,0,1.02453,1.09019,0.201321,1.02476,0.848779,0.0488403,0,0.850183
2113,1.06733,3.11861,0.704439,0.899783,0.0503138,0,0.901189,1.02131,-0.0820179,0,1.02459,1.09526,0.212641,1.02617,0.843024,0.0471399,0,0.844341
2114,0.952654,2.82685,0.866605,0.965683,-0.0570443,0,0.967367,0.142641,-0.314872,0,0.345675,0.93428,-0.146696,0.980713,1.01368,-0.0598793,0,1.01544
2115,0.92559,2.75673,0.903483,0.974068,0.0241481,0,0.974368,0.394722,-0.385476,0,0.551722,0.89755,-0.228682,0.969706,1.05238,0.0260895,0,1.0527
2116,1.06199,3.10496,0.711386,0.899754,-0.0945948,0,0.904713,-0.0170796,-0.176581,0,0.177405,1.08784,0.196063,1.02434,0.847236,-0.0890733,0,0.851905
2117,1.06307,3.09518,0.664405,0.850047,-0.0365432,0,0.850832,1.02287,0.0690494,0,1.0252,1.10188,0.227403,1.03651,0.799617,-0.0343752,0,0.800356
2118,1.06733,3.10627,0.659479,0.84776,-0.0335141,0,0.848422,1.02323,0.0595195,0,1.02496,1.10763,0.240237,1.03775,0.794278,-0.0313998,0,0.794898
2119,1.03999,3.03675,0.697151,0.868484,-0.0483848,0,0.869831,1.00032,0.154023,0,1.01211,1.0692,0.154461,1.02808,0.835087,-0.0465242,0,0.836382
2120,0.763265,2.3282,1.13248,0.9688,0.0220551,0,0.969051,0.370024,0.382613,0,0.53227,0.685215,-0.702644,0.897743,1.26928,0.0288958,0,1.26961
2121,1.04627,3.06525,0.733754,0.914745,0.0592286,0,0.91666,0.997774,-0.159116,0,1.01038,1.06548,0.146158,1.01836,0.874293,0.0566093,0,0.876123
2122,1.05176,3.07913,0.72599,0.893668,0.185185,0,0.912653,-0.0374119,0.141237,0,0.146108,1.07326,0.163536,1.02045,0.849691,0.176072,0,0.867742
2123,0.976509,2.88823,0.833684,0.943387,0.170092,0,0.958598,0.0181859,0.22149,0,0.222236,0.967088,-0.0734646,0.990352,0.966081,0.174184,0,0.981658
2124,0.749249,2.29029,1.15241,0.964451,0.0103632,0,0.964507,0.406253,0.386287,0,0.560589,0.667793,-0.741534,0.891283,1.28722,0.0138315,0,1.2873
2125,0.967657,2.86541,0.845618,0.95944,-0.0675533,0,0.961815,0.111068,-0.296426,0,0.316551,0.95496,-0.100535,0.986879,0.991508,-0.0698113,0,0.993963
2126,0.981711,2.90137,0.82577,0.95265,-0.0757735,0,0.955659,0.0850226,-0.279617,0,0.292258,0.974487,-0.0569496,0.992641,0.970398,-0.0771851,0,0.973462
2127,1.11922,3.22787,0.548392,0.748694,-0.0249234,0,0.749108,1.00271,0.00463779,0,1.00272,1.19087,0.426048,1.06402,0.668944,-0.0222686,0,0.669314
2128,1.13593,3.2746,0.542449,0.752026,0.0271926,0,0.752518,1.00243,-0.000569827,0,1.00243,1.21014,0.469054,1.06532,0.662033,0.0239385,0,0.662466
2129,1.0967,3.1746,0.595198,0.792056,-0.0318685,0,0.792697,1.00695,0.0156583,0,1.00707,1.15525,0.346534,1.05338,0.722216,-0.0290584,0,0.7228
2130,1.01471,2.98542,0.779039,0.935713,0.0668018,0,0.938094,0.888998,-0.272948,0,0.929956,1.02071,0.0462387,1.00592,0.922148,0.0658334,0,0.924495
2131,1.14242,3.30676,0.594489,0.824418,0.0259481,0,0.824826,1.00222,-0.00158879,0,1.00222,1.2036,0.454461,1.05355,0.721639,0.0227132,0,0.721997
2132,1.14008,3.2988,0.590103,0.816683,0.0355419,0,0.817456,1.00192,-0.00249304,0,1.00193,1.20229,0.451547,1.05457,0.71634,0.031175,0,0.717018
2133,1.08777,3.15372,0.61449,0.809316,-0.0323534,0,0.809963,1.01115,0.0235403,0,1.01142,1.14087,0.314434,1.04881,0.744013,-0.0297428,0,0.744608
2134,1.12637,3.26472,0.611098,0.833406,0.0407043,0,0.834399,1.00384,-0.00611417,0,1.00386,1.18227,0.406846,1.04962,0.739902,0.0361375,0,0.740784
2135,1.11836,3.24474,0.623138,0.842524,0.0430345,0,0.843623,1.00526,-0.00906428,0,1.0053,1.17062,0.380851,1.04673,0.753355,0.0384799,0,0.754337
2136,1.10253,3.18811,0.582115,0.78,-0.0283592,0,0.780515,1.00632,0.0114499,0,1.00639,1.16473,0.367711,1.05642,0.707464,-0.025722,0,0.707932
2137,1.10942,3.20428,0.567233,0.766254,-0.0210913,0,0.766544,1.00536,0.00677768,0,1.00538,1.17578,0.392374,1.05982,0.690679,-0.0190111,0,0.69094
2138,0.864865,2.59858,0.989026,0.977283,0.106387,0,0.983057,0.16058,0.324096,0,0.361696,0.815954,-0.410818,0.943446,1.12998,0.12301,0,1.13666
2139,1.13064,3.27643,0.608668,0.819392,0.157855,0,0.834459,-0.0587395,0.0589212,0,0.0831988,1.1874,0.418301,1.0502,0.724716,0.139616,0,0.738042
2140,0.777564,2.36671,1.11215,0.972394,0.034993,0,0.973024,0.335158,0.377385,0,0.504728,0.70316,-0.662589,0.904311,1.25056,0.0450034,0,1.25137
2141,1.04088,3.05155,0.741195,0.918228,0.0613096,0,0.920272,0.98433,-0.179844,0,1.00062,1.05789,0.129219,1.01635,0.882169,0.058902,0,0.884133
2142,0.918622,2.7387,0.913287,0.975895,0.016399,0,0.976033,0.359988,-0.381247,0,0.524348,0.888074,-0.249835,0.966746,1.06235,0.0178518,0,1.0625
2143,1.03731,3.04259,0.746531,0.904569,0.183837,0,0.923061,-0.0291648,0.157971,0,0.16064,1.05276,0.117765,1.01489,0.872035,0.177226,0,0.889862
2144,1.1707,3.37449,0.541174,0.762176,0.133773,0,0.773826,-0.0501302,0.0255225,0,0.0562533,1.2475,0.552449,1.0656,0.651043,0.114267,0,0.660995
2145,1.20325,3.45414,0.484777,0.71621,0.0157157,0,0.716382,-0.0424234,-0.013897,0,0.0446416,1.29635,0.661498,1.07738,0.595231,0.013061,0,0.595374
2146,1.11363,3.21452,0.559633,0.759356,-0.0245201,0,0.759752,1.00384,0.00611417,0,1.00386,1.18214,0.406567,1.06153,0.681877,-0.0220182,0,0.682232
2147,1.13555,3.28717,0.595623,0.820009,0.0464834,0,0.821326,1.00162,-0.00427066,0,1.00163,1.19606,0.437631,1.05328,0.722123,0.0409346,0,0.723282
2148,1.10631,3.197,0.574059,0.772541,-0.0273692,0,0.773026,1.00526,0.00906427,0,1.0053,1.17077,0.381182,1.05827,0.698306,-0.0247392,0,0.698744
2149,1.13226,3.2791,0.601066,0.8249,0.0412121,0,0.825928,1.00271,-0.00463779,0,1.00272,1.19115,0.426666,1.052,0.728539,0.036398,0,0.729448
2150,1.13694,3.29074,0.593917,0.819284,0.0372823,0,0.820132,1.00218,-0.00322785,0,1.00218,1.19798,0.441912,1.05368,0.720602,0.0327917,0,0.721348
2151,1.0777,3.13079,0.638495,0.830633,-0.0376758,0,0.831487,1.01288,0.0400585,0,1.01367,1.12401,0.276812,1.04298,0.770749,-0.0349596,0,0.771541
2152,1.12212,3.23479,0.542508,0.742811,-0.0306405,0,0.743442,1.00162,0.00427066,0,1.00163,1.19541,0.436174,1.06531,0.66197,-0.0273058,0,0.662533
2153,1.02005,2.99895,0.771411,0.932417,0.0664262,0,0.93478,0.911397,-0.255801,0,0.946614,1.02825,0.0630617,1.00804,0.914093,0.0651208,0,0.91641
2154,1.02502,3.01154,0.764225,0.929186,0.0657446,0,0.931509,0.931127,-0.238839,0,0.961271,1.03531,0.0788153,1.01004,0.906503,0.0641397,0,0.90877
2155,1.15653,3.3403,0.567037,0.798106,-0.0341818,0,0.798837,-0.0592597,-0.0492593,0,0.0770596,1.22577,0.503942,1.05986,0.690084,-0.0295553,0,0.690716
2156,1.18356,3.40612,0.519727,0.752903,-0.00785417,0,0.752944,-0.0501302,-0.0255225,0,0.0562533,1.26665,0.595197,1.0702,0.636134,-0.00663605,0,0.636169
2157,1.09741,3.1927,0.655483,0.866198,0.0468387,0,0.867464,1.01115,-0.0235404,0,1.01142,1.13994,0.312371,1.03875,0.78931,0.042681,0,0.790463
2158,1.12354,3.23817,0.539647,0.740378,-0.0208964,0,0.740673,1.00218,0.00322785,0,1.00218,1.19761,0.441105,1.06593,0.658971,-0.0185987,0,0.659233
2159,1.2098,3.47024,0.473397,0.70049,0.0713093,0,0.704111,-0.0391055,-2.74501e-05,0,0.0391055,1.30614,0.683339,1.07963,0.579012,0.0589429,0,0.582004
2160,1.14248,3.30559,0.589541,0.816606,-0.0548603,0,0.818447,-0.0575723,-0.0682358,0,0.0892787,1.20497,0.45753,1.0547,0.714768,-0.0480187,0,0.716379
2161,1.13486,3.28688,0.602072,0.826755,-0.0624732,0,0.829112,-0.0563986,-0.0784027,0,0.0965805,1.1936,0.432153,1.05177,0.72851,-0.0550493,0,0.730587
2162,1.12133,3.25333,0.62303,0.829394,0.165406,0,0.845726,-0.0575723,0.0682356,0,0.0892786,1.17376,0.387857,1.04675,0.73965,0.147508,0,0.754215
2163,0.843478,2.54223,1.01891,0.978618,0.090518,0,0.982795,0.19646,0.33971,0,0.392428,0.787868,-0.473509,0.934071,1.16022,0.107315,0,1.16517
2164,0.805444,2.44108,1.0716,0.976115,0.0627582,0,0.97813,0.267137,0.361791,0,0.449727,0.738863,-0.582895,0.917336,1.2119,0.0779175,0,1.2144
2165,0.823186,2.48835,1.04683,0.977857,0.0754088,0,0.98076,0.232965,0.352326,0,0.422381,0.761639,-0.532055,0.925233,1.18789,0.0916061,0,1.19142
2166,1.04877,3.07163,0.730369,0.910136,-0.0944777,0,0.915026,-0.00458753,-0.195382,0,0.195435,1.06899,0.153988,1.01927,0.867809,-0.090084,0,0.872472
2167,1.10339,3.20764,0.646546,0.860136,0.0432517,0,0.861223,1.01006,-0.0179176,0,1.01022,1.14861,0.33173,1.04099,0.779539,0.0391989,0,0.780523
2168,0.992145,2.92799,0.810981,0.948353,0.064513,0,0.950545,0.778688,-0.333816,0,0.847224,0.989057,-0.0244259,0.996888,0.955862,0.0650238,0,0.958071
2169,0.997997,2.94293,0.802775,0.945313,0.0656135,0,0.947587,0.808944,-0.320279,0,0.870039,0.997226,-0.00619271,0.999227,0.94721,0.0657452,0,0.949489
2170,1.00359,2.95719,0.794889,0.942264,0.0663397,0,0.944596,0.836958,-0.305867,0,0.891097,1.00506,0.0112991,1.00146,0.938889,0.0661021,0,0.941213
2171,1.00915,2.9713,0.787,0.939068,0.0667589,0,0.941438,0.863758,-0.290013,0,0.911145,1.01287,0.028717,1.00369,0.930558,0.0661539,0,0.932906
2172,1.20741,3.46435,0.477452,0.706904,0.0472156,0,0.708479,-0.0406696,-0.00515653,0,0.0409952,1.3026,0.675437,1.07883,0.585469,0.0391047,0,0.586774
2173,1.16324,3.3566,0.555273,0.787499,-0.0209164,0,0.787777,-0.0592816,-0.0395535,0,0.0712656,1.23594,0.526645,1.0625,0.676989,-0.0179812,0,0.677228
2174,1.1497,3.3233,0.577522,0.796118,0.137416,0,0.807891,-0.0592816,0.0395534,0,0.0712656,1.21578,0.481654,1.05748,0.692457,0.119523,0,0.702697
2175,1.05121,3.07783,0.727007,0.911562,0.0569288,0,0.913338,1.0079,-0.139704,0,1.01754,1.07242,0.16166,1.02018,0.867151,0.0541553,0,0.868841
2176,1.05584,3.08963,0.720875,0.908695,0.0548235,0,0.910347,1.01476,-0.122343,0,1.02211,1.07887,0.176052,1.02182,0.86064,0.0519242,0,0.862205
2177,1.05977,3.09956,0.715221,0.905664,0.0534886,0,0.907242,1.01751,-0.106924,0,1.02311,1.08449,0.188593,1.02332,0.854583,0.0504717,0,0.856072
2178,1.07527,3.13855,0.692829,0.893063,0.0460826,0,0.894251,1.02323,-0.0595195,0,1.02496,1.10668,0.238119,1.02921,0.830548,0.0428568,0,0.831653
2179,1.07116,3.12808,0.69825,0.895859,0.0488591,0,0.89719,1.02287,-0.0690495,0,1.0252,1.10094,0.225307,1.0278,0.836342,0.0456131,0,0.837584
2180,1.03624,3.04002,0.748486,0.919566,-0.0932572,0,0.924283,0.00847425,-0.211634,0,0.211804,1.05112,0.114114,1.01436,0.887406,-0.0899957,0,0.891957
2181,1.02325,3.00723,0.767347,0.928918,-0.0903421,0,0.933301,0.0243521,-0.229636,0,0.230924,1.03264,0.0728565,1.00917,0.907808,-0.0882891,0,0.912091
2182,1.00923,2.97161,0.787195,0.937761,-0.0863231,0,0.941726,0.042971,-0.247926,0,0.251623,1.0129,0.0287891,1.00363,0.929183,-0.0855334,0,0.933111
2183,1.11619,3.2406,0.631127,0.848502,-0.0769537,0,0.851984,-0.0511474,-0.103008,0,0.115007,1.16618,0.370929,1.04478,0.760178,-0.0689433,0,0.763298
2184,1.10425,3.21082,0.649056,0.86092,-0.083674,0,0.864977,-0.0461505,-0.119851,0,0.128429,1.14882,0.332179,1.04036,0.779644,-0.0757747,0,0.783318
2185,1.0911,3.17808,0.669034,0.874333,-0.0890309,0,0.878855,-0.0387894,-0.137014,0,0.142399,1.12965,0.289402,1.03533,0.801332,-0.0815973,0,0.805475
2186,1.03517,3.0256,0.707982,0.876511,-0.0516099,0,0.878029,0.985922,0.177152,0,1.00171,1.06129,0.136813,1.02524,0.846735,-0.0498567,0,0.848201
2187,1.03051,3.01501,0.719034,0.884762,-0.0547291,0,0.886453,0.969005,0.199611,0,0.98935,1.0535,0.119412,1.02231,0.858568,-0.0531088,0,0.860209
2188,1.02607,3.00494,0.729637,0.892563,-0.0574085,0,0.894407,0.950487,0.220593,0,0.975749,1.04605,0.102783,1.01947,0.869885,-0.0559499,0,0.871682
2189,1.02164,2.99473,0.739673,0.89961,-0.0597474,0,0.901592,0.930595,0.240162,0,0.961085,1.03876,0.0865207,1.01676,0.880556,-0.0584819,0,0.882496
2190,1.01725,2.98454,0.749375,0.906193,-0.0619808,0,0.90831,0.909018,0.25855,0,0.945072,1.03161,0.0705573,1.01412,0.890828,-0.0609299,0,0.892909
2191,1.01269,2.97382,0.758901,0.912303,-0.06416,0,0.914556,0.88551,0.275902,0,0.927497,1.02434,0.0543358,1.01151,0.90087,-0.0633559,0,0.903095
2192,1.00798,2.96261,0.768331,0.918031,-0.0663231,0,0.920424,0.859503,0.292625,0,0.907951,1.01695,0.0378319,1.0089,0.910765,-0.0657981,0,0.913138
2193,1.00309,2.9509,0.777817,0.923514,-0.0685824,0,0.926057,0.830357,0.309099,0,0.886022,1.00937,0.0209189,1.00626,0.920667,-0.0683709,0,0.923202
2194,0.996339,2.93415,0.788988,0.928828,-0.0715342,0,0.931578,0.798294,0.324958,0,0.8619,0.999454,-0.00121838,1.00313,0.932241,-0.0717971,0,0.935002
2195,0.988906,2.91549,0.80055,0.933644,-0.0749717,0,0.936649,0.76408,0.339572,0,0.836138,0.988766,-0.0250754,0.999859,0.944118,-0.0758128,0,0.947157
2196,0.99086,2.9215,0.801424,0.936191,-0.07767,0,0.939407,0.728472,0.35254,0,0.809294,0.990474,-0.0212635,0.999611,0.944826,-0.0783864,0,0.948073
2197,0.991156,2.92295,0.803488,0.938287,-0.081636,0,0.941832,0.692335,0.363636,0,0.782022,0.990189,-0.0219004,0.999024,0.94666,-0.0823644,0,0.950236
2198,0.912688,2.71605,0.895258,0.949303,-0.0866637,0,0.953251,0.656517,0.372754,0,0.754957,0.887296,-0.251572,0.972179,1.04012,-0.0949544,0,1.04444
2199,0.749956,2.28726,1.13108,0.948232,-0.0752684,0,0.951215,0.620866,0.379917,0,0.727881,0.673607,-0.728555,0.898196,1.26438,-0.100364,0,1.26836
2200,0.95782,2.8403,0.859943,0.952555,0.161223,0,0.966102,0.0374651,0.242498,0,0.245375,0.941229,-0.131186,0.982678,0.994503,0.168323,0,1.00865
2201,0.90373,2.70021,0.934768,0.970165,0.134667,0,0.979467,0.0998252,0.288559,0,0.305338,0.867772,-0.295152,0.960212,1.07351,0.149013,0,1.08381
2202,0.920101,2.74269,0.911765,0.96544,0.144586,0,0.976207,0.0788095,0.27482,0,0.285897,0.889928,-0.245698,0.967206,1.04928,0.157141,0,1.06098
2203,0.939094,2.79172,0.884887,0.970312,0.0369593,0,0.971015,0.473943,-0.388906,0,0.613082,0.915882,-0.187764,0.975283,1.03324,0.0393564,0,1.03399
2204,0.945933,2.80933,0.875224,0.96789,0.0427134,0,0.968832,0.515764,-0.388835,0,0.645914,0.925274,-0.1668,0.978159,1.02321,0.0451547,0,1.02421
2205,1.06844,3.1222,0.705606,0.884502,0.184257,0,0.90349,-0.04332,0.126744,0,0.133943,1.09608,0.214465,1.02587,0.827841,0.172454,0,0.845612
2206,1.07937,3.14961,0.68956,0.874587,0.184311,0,0.893797,-0.047422,0.116081,0,0.125394,1.11182,0.249597,1.03006,0.810273,0.170757,0,0.82807
2207,1.08847,3.17118,0.671765,0.861605,0.179096,0,0.880021,-0.0513793,0.1023,0,0.114478,1.12617,0.281639,1.03464,0.791572,0.164538,0,0.808492
2208,1.09982,3.1995,0.654731,0.850407,0.1761,0,0.868449,-0.0543058,0.0905239,0,0.105564,1.14265,0.318414,1.03894,0.773224,0.160117,0,0.789629
2209,1.11159,3.22928,0.638607,0.840613,0.170715,0,0.857772,-0.0563987,0.0784025,0,0.0965804,1.15933,0.355641,1.04295,0.756229,0.153578,0,0.771666
2210,0.937916,2.78887,0.887246,0.959986,0.152549,0,0.972031,0.0590087,0.260912,0,0.267501,0.914072,-0.191804,0.974578,1.02353,0.162647,0,1.03637
2211,0.991346,2.9259,0.811918,0.934296,0.176116,0,0.95075,0.00424481,0.205312,0,0.205356,0.987995,-0.0267967,0.99662,0.942452,0.177654,0,0.95905
2212,1.02154,3.00282,0.769604,0.9163,0.18192,0,0.934185,-0.0184651,0.174702,0,0.175675,1.03027,0.0675574,1.00855,0.896983,0.178085,0,0.914491
2213,0.706423,2.17442,1.21777,0.949223,-0.0184223,0,0.949402,0.51533,0.389208,0,0.645793,0.614578,-0.860317,0.869985,1.3437,-0.0260782,0,1.34396
2214,0.719652,2.21059,1.19841,0.955193,-0.0108987,0,0.955256,0.479372,0.38955,0,0.617694,0.630638,-0.824469,0.876309,1.3273,-0.0151443,0,1.32739
2215,0.734629,2.25076,1.17405,0.959634,-0.000409859,0,0.959634,0.44307,0.388569,0,0.589319,0.649595,-0.782154,0.884249,1.30628,-0.000557913,0,1.30628
2216,1.04488,3.04844,0.6877,0.861911,-0.0452666,0,0.863099,1.01102,0.131912,0,1.01959,1.07679,0.171403,1.03054,0.824893,-0.0433225,0,0.82603
2217,1.05897,3.08467,0.669657,0.852846,-0.0383003,0,0.853705,1.02121,0.0822831,0,1.02452,1.09622,0.214778,1.03517,0.805352,-0.0361674,0,0.806164
2218,1.05471,3.07351,0.674378,0.854802,-0.0405002,0,0.855761,1.01991,0.0937737,0,1.02421,1.09053,0.202085,1.03397,0.810465,-0.0383995,0,0.811374
2219,1.0498,3.06078,0.68017,0.857416,-0.0427877,0,0.858483,1.0157,0.111632,0,1.02181,1.08391,0.187293,1.03248,0.816738,-0.0407578,0,0.817755
2220,0.952804,2.82706,0.86574,0.965521,0.0473101,0,0.966679,0.555,-0.387072,0,0.676645,0.934671,-0.145824,0.980969,1.01335,0.0496535,0,1.01456
2221,0.959369,2.84397,0.856681,0.9631,0.0512815,0,0.964465,0.593057,-0.383549,0,0.706277,0.943672,-0.125733,0.983638,1.00389,0.0534533,0,1.00531
2222,0.96606,2.86117,0.847359,0.960382,0.0550292,0,0.961957,0.633233,-0.377301,0,0.737117,0.952893,-0.105149,0.986371,0.994122,0.0569625,0,0.995753
2223,0.938021,2.78911,0.886971,0.97084,-0.044968,0,0.971881,0.177777,-0.331947,0,0.376555,0.914252,-0.191401,0.97466,1.03499,-0.0479392,0,1.0361
2224,0.925485,2.75665,0.904293,0.974486,-0.0318995,0,0.975008,0.214764,-0.346401,0,0.407575,0.897223,-0.229414,0.969462,1.05295,-0.0344679,0,1.05351
2225,0.916677,2.73381,0.916551,0.976762,-0.0190204,0,0.976947,0.251032,-0.357472,0,0.436811,0.885288,-0.256055,0.965757,1.06555,-0.0207492,0,1.06575
2226,0.91262,2.72328,0.922206,0.977736,-0.00608828,0,0.977755,0.286804,-0.366777,0,0.465598,0.879803,-0.268297,0.96404,1.07135,-0.0066712,0,1.07137
2227,0.913539,2.7256,0.920692,0.977345,0.00627687,0,0.977365,0.323835,-0.375019,0,0.495488,0.881109,-0.265382,0.9645,1.06984,0.00687094,0,1.06987
2228,0.979908,2.89673,0.828207,0.954726,0.0562257,0,0.956381,0.704695,-0.413174,0,0.816889,0.972008,-0.0624827,0.991937,0.974302,0.0573785,0,0.97599
2229,1.11959,3.22855,0.546853,0.747117,-0.0194727,0,0.74737,1.00313,0.00367417,0,1.00314,1.19164,0.427766,1.06436,0.667316,-0.0173928,0,0.667542
2230,1.06583,3.11454,0.705541,0.886096,0.164318,0,0.901202,-0.0576656,0.141043,0,0.152376,1.09341,0.208514,1.02588,0.831368,0.154169,0,0.845542
2231,1.12184,3.25457,0.622204,0.833103,0.141694,0,0.845067,-0.0705757,0.0651347,0,0.0960388,1.17451,0.389541,1.04695,0.742622,0.126305,0,0.753287
2232,1.11401,3.23522,0.634529,0.841672,0.147901,0,0.854568,-0.0699259,0.0748129,0,0.102404,1.16298,0.363791,1.04395,0.75553,0.132764,0,0.767106
2233,1.0998,3.19888,0.652628,0.864808,0.042817,0,0.865867,1.01168,-0.0205222,0,1.01189,1.14321,0.319672,1.03947,0.786329,0.0389315,0,0.787292
2234,1.18851,3.41809,0.510644,0.743414,0.0134944,0,0.743537,-0.049955,-0.0171453,0,0.0528154,1.2742,0.612063,1.0721,0.625503,0.011354,0,0.625606
2235,0.992203,2.92814,0.810894,0.94862,0.0599241,0,0.950511,0.779681,-0.385521,0,0.869786,0.98914,-0.0242406,0.996913,0.956075,0.060395,0,0.95798
2236,0.983261,2.9055,0.824199,0.942486,0.157553,0,0.955565,0.00627007,0.251776,0,0.251854,0.97647,-0.0525213,0.993094,0.958531,0.160236,0,0.971832
2237,1.01409,2.98387,0.779994,0.936507,0.0618252,0,0.938546,0.899115,-0.31511,0,0.952734,1.01982,0.0442419,1.00565,0.923495,0.0609662,0,0.925506
2238,0.973602,2.88068,0.837388,0.957697,-0.0582858,0,0.959469,0.107248,-0.339208,0,0.355758,0.963162,-0.0822276,0.989277,0.983664,-0.0598662,0,0.985484
2239,1.09556,3.17186,0.597354,0.794143,-0.0254787,0,0.794551,1.00981,0.0149807,0,1.00993,1.15349,0.342619,1.05288,0.724872,-0.0232563,0,0.725245
2240,1.08344,3.15839,0.678514,0.882802,0.0462842,0,0.884015,1.01811,-0.0428413,0,1.01901,1.1191,0.265842,1.03291,0.814813,0.0427197,0,0.815932
2241,1.0845,3.14587,0.62075,0.814594,-0.0306117,0,0.815169,1.013,0.0270843,0,1.01336,1.1358,0.303134,1.0473,0.751123,-0.0282265,0,0.751653
2242,1.09856,3.17864,0.590002,0.78711,-0.0266173,0,0.787559,1.0079,0.0129406,0,1.00799,1.15853,0.353869,1.0546,0.716494,-0.0242293,0,0.716903
2243,0.876043,2.62785,0.973174,0.976989,0.102595,0,0.982361,0.161432,0.371171,0,0.404757,0.830822,-0.37763,0.94838,1.11523,0.117112,0,1.12136
2244,1.11567,3.21918,0.554701,0.754508,-0.0218917,0,0.754826,1.00368,0.00503315,0,1.00369,1.18553,0.414138,1.06262,0.676285,-0.0196221,0,0.67657
2245,1.07879,3.13288,0.634361,0.826721,-0.0321448,0,0.827345,1.01637,0.0348627,0,1.01697,1.12625,0.28181,1.04399,0.76634,-0.029797,0,0.766919
2246,1.19192,3.42632,0.504221,0.735754,0.0382739,0,0.736749,-0.0486068,-0.00811,0,0.0492787,1.27945,0.623766,1.07343,0.617285,0.0321112,0,0.61812
2247,1.10708,3.16884,0.441398,0.602461,0.000100792,0,0.602461,1.0029,0.000206258,0,1.0029,1.20196,0.450815,1.08571,0.544191,9.10429e-05,0,0.544191
2248,1.11426,3.19689,0.476726,0.652369,0.0254314,0,0.652865,1.0029,-0.00020626,0,1.0029,1.20225,0.451457,1.07897,0.585475,0.0228237,0,0.58592
2249,1.0875,3.16821,0.671238,0.877422,0.0455538,0,0.878604,1.01637,-0.0348627,0,1.01697,1.12532,0.279726,1.03477,0.806823,0.0418885,0,0.807909
2250,0.81745,2.47349,1.05638,0.979211,0.0624146,0,0.981198,0.272249,0.412465,0,0.494213,0.753847,-0.549448,0.922194,1.19788,0.0763529,0,1.20032
2251,1.11676,3.24186,0.629638,0.848723,-0.0558633,0,0.85056,-0.0671982,-0.100427,0,0.120836,1.16718,0.373177,1.04515,0.759985,-0.0500225,0,0.761629
2252,1.18043,3.3992,0.528112,0.753909,0.113671,0,0.76243,-0.0499503,0.0171164,0,0.0528015,1.26119,0.583015,1.06842,0.638675,0.0962966,0,0.645894
2253,1.20506,3.45984,0.48681,0.714314,0.092954,0,0.720337,-0.0403079,0.00651441,0,0.0408309,1.29782,0.664774,1.07697,0.592761,0.0771362,0,0.597759
2254,1.06465,3.112,0.70872,0.902721,0.0460771,0,0.903896,1.03111,-0.0879653,0,1.03486,1.09132,0.203834,1.02504,0.847901,0.0432789,0,0.849005
2255,1.06781,3.11968,0.703208,0.899046,0.0448351,0,0.900163,1.03112,-0.0766264,0,1.03396,1.09611,0.214521,1.0265,0.841951,0.0419878,0,0.842997
2256,0.935917,2.78365,0.889832,0.972085,0.0247461,0,0.9724,0.410367,-0.438466,0,0.600545,0.9114,-0.197767,0.973805,1.03865,0.0264405,0,1.03898
2257,0.987017,2.91496,0.818431,0.951037,-0.0655985,0,0.953297,0.0781004,-0.318927,0,0.328351,0.981838,-0.0405391,0.994754,0.963548,-0.0664614,0,0.965837
2258,1.16961,3.37203,0.543896,0.776765,-0.00391622,0,0.776775,-0.0591118,-0.0295303,0,0.0660776,1.24564,0.548297,1.06501,0.664125,-0.00334832,0,0.664134
2259,0.775852,2.36216,1.1148,0.972418,0.0248138,0,0.972734,0.38296,0.43552,0,0.579945,0.700948,-0.667526,0.903457,1.25335,0.0319826,0,1.25376
2260,0.915728,2.73135,0.917896,0.968658,0.128625,0,0.977161,0.0934102,0.329178,0,0.342175,0.883997,-0.258935,0.965349,1.0578,0.140462,0,1.06709
2261,1.03823,3.04511,0.745907,0.907998,0.166745,0,0.923181,-0.0427036,0.178416,0,0.183455,1.05387,0.120237,1.01506,0.874567,0.160606,0,0.889192
2262,1.12996,3.27474,0.60966,0.824334,0.134438,0,0.835224,-0.0706012,0.0547148,0,0.089321,1.18642,0.41612,1.04997,0.729523,0.118975,0,0.739161
2263,1.02408,3.0093,0.766119,0.91772,0.166579,0,0.932716,-0.0321357,0.196584,0,0.199193,1.03382,0.0754904,1.00951,0.896142,0.162663,0,0.910785
2264,0.759647,2.31869,1.13869,0.968579,0.0122381,0,0.968657,0.42144,0.439413,0,0.608848,0.680441,-0.7133,0.895733,1.27504,0.0161103,0,1.27514
2265,0.807056,2.44574,1.07076,0.978233,0.04905,0,0.979462,0.308211,0.42212,0,0.522666,0.740558,-0.579112,0.917605,1.2121,0.0607765,0,1.21362
2266,1.06877,3.10942,0.655651,0.844428,-0.0317263,0,0.845024,1.02437,0.0548712,0,1.02583,1.11015,0.245862,1.03871,0.790093,-0.0296849,0,0.79065
2267,0.986169,2.91273,0.81939,0.951675,0.0583482,0,0.953462,0.743452,-0.400116,0,0.844283,0.980723,-0.0430284,0.994478,0.965023,0.0591665,0,0.966835
2268,1.03836,3.04522,0.744903,0.920473,0.0561477,0,0.922184,0.997274,-0.206777,0,1.01848,1.05429,0.121181,1.01534,0.886467,0.0540733,0,0.888115
2269,0.999694,2.9473,0.80055,0.944236,-0.0705376,0,0.946867,0.0542173,-0.300812,0,0.305659,0.999553,-0.000997436,0.999859,0.944525,-0.0705592,0,0.947157
2270,1.09413,3.18453,0.660447,0.869736,0.044994,0,0.870899,1.013,-0.0270843,0,1.01336,1.13517,0.301721,1.03751,0.794909,0.041123,0,0.795972
2271,1.10991,3.22385,0.636529,0.852877,0.0418825,0,0.853905,1.0079,-0.0129406,0,1.00799,1.15815,0.353016,1.04346,0.768418,0.0377349,0,0.769344
2272,0.867192,2.59739,0.9586,0.956441,-0.0842987,0,0.960149,0.649078,0.42803,0,0.777503,0.82634,-0.387633,0.952892,1.10292,-0.0972088,0,1.10719
2273,0.973388,2.88003,0.837342,0.957716,0.0535623,0,0.959213,0.663927,-0.424235,0,0.787893,0.962963,-0.0826713,0.98929,0.9839,0.0550267,0,0.985437
2274,1.03341,3.03274,0.752129,0.923952,0.0582613,0,0.925787,0.981172,-0.230921,0,1.00798,1.04722,0.105401,1.01337,0.894082,0.0563778,0,0.895858
2275,1.0434,3.05794,0.737612,0.916872,0.0543815,0,0.918483,1.0106,-0.182159,0,1.02688,1.06147,0.137209,1.01732,0.878735,0.0521195,0,0.880279
2276,0.897079,2.6829,0.944104,0.973555,0.116541,0,0.980506,0.125113,0.350796,0,0.37244,0.858821,-0.315132,0.957353,1.08525,0.129912,0,1.093
2277,1.12845,3.25164,0.536808,0.740196,-0.00500351,0,0.740213,1.00267,0.00115489,0,1.00267,1.20355,0.45435,1.06655,0.655939,-0.00443396,0,0.655954
2278,1.12596,3.24471,0.537807,0.739748,-0.0139001,0,0.739878,1.00237,0.00213158,0,1.00237,1.20065,0.447875,1.06633,0.656993,-0.0123451,0,0.657109
2279,1.04145,3.04028,0.694475,0.867013,-0.0414428,0,0.868003,1.02049,0.15014,0,1.03147,1.07143,0.159431,1.02878,0.832505,-0.0397933,0,0.833455
2280,1.07678,3.1419,0.689076,0.889966,0.0444744,0,0.891077,1.02437,-0.0548712,0,1.02583,1.10928,0.243931,1.03018,0.826508,0.0413032,0,0.82754
2281,1.06364,3.09692,0.664692,0.851102,-0.0299777,0,0.851629,1.03103,0.0645835,0,1.03305,1.10239,0.228559,1.03643,0.800177,-0.028184,0,0.800673
2282,0.959405,2.84423,0.857228,0.963804,-0.048793,0,0.965038,0.14206,-0.360757,0,0.38772,0.943553,-0.125999,0.983477,1.00459,-0.0508576,0,1.00587
2283,0.930262,2.76896,0.897462,0.973523,0.0167983,0,0.973668,0.371201,-0.433897,0,0.571014,0.903766,-0.214809,0.971517,1.0465,0.0180576,0,1.04666
2284,1.07181,3.1299,0.697986,0.89641,0.0426269,0,0.897423,1.03103,-0.0645836,0,1.03305,1.10168,0.226959,1.02786,0.83635,0.0397709,0,0.837295
2285,1.051,3.07692,0.725983,0.896553,0.167095,0,0.911991,-0.0511358,0.1584,0,0.166449,1.0725,0.161823,1.02045,0.853045,0.158987,0,0.867734
2286,1.13817,3.29489,0.596113,0.823164,-0.0337029,0,0.823854,-0.0705757,-0.0651348,0,0.0960389,1.19869,0.443502,1.05317,0.723232,-0.0296113,0,0.723838
2287,1.1323,3.28049,0.605856,0.83106,-0.0413521,0,0.832089,-0.0699259,-0.0748131,0,0.102404,1.1899,0.423884,1.05087,0.733958,-0.0365204,0,0.734866
2288,1.14284,3.30988,0.601644,0.834172,0.0190617,0,0.83439,1.00267,-0.0011549,0,1.00267,1.20211,0.451148,1.05187,0.729912,0.0166793,0,0.730103
2289,1.13569,3.28776,0.596292,0.821264,0.0410485,0,0.82229,1.00209,-0.00399651,0,1.0021,1.19603,0.437564,1.05313,0.723139,0.036144,0,0.724042
2290,1.12869,3.27038,0.60716,0.830218,0.0382579,0,0.831099,1.00368,-0.00503316,0,1.00369,1.18576,0.414638,1.05056,0.735558,0.0338958,0,0.736339
2291,1.13911,3.2962,0.590875,0.817134,0.0319549,0,0.817759,1.00237,-0.00213158,0,1.00237,1.20107,0.448808,1.05439,0.717346,0.0280526,0,0.717894
2292,1.08973,3.15828,0.610176,0.805644,-0.0277721,0,0.806122,1.01168,0.0205221,0,1.01189,1.14405,0.321534,1.04984,0.739304,-0.0254852,0,0.739743
2293,1.11919,3.24695,0.622403,0.84246,0.0381977,0,0.843325,1.00601,-0.00793527,0,1.00605,1.17169,0.383238,1.04691,0.752737,0.0341296,0,0.753511
2294,0.791175,2.40326,1.093,0.975616,0.0369654,0,0.976316,0.34512,0.429824,0,0.551232,0.720346,-0.624227,0.910477,1.23312,0.0467222,0,1.23401
2295,1.10708,3.19888,0.572725,0.771564,-0.021997,0,0.771877,1.00601,0.00793527,0,1.00605,1.17192,0.383749,1.05857,0.696938,-0.0198695,0,0.697221
2296,1.13305,3.28126,0.600653,0.825192,0.0358939,0,0.825972,1.00313,-0.00367418,0,1.00314,1.19208,0.428754,1.0521,0.728293,0.031679,0,0.728982
2297,1.07516,3.12473,0.643431,0.834789,-0.0332569,0,0.835451,1.01811,0.0428412,0,1.01901,1.12005,0.267974,1.04176,0.776435,-0.0309322,0,0.777051
2298,1.01924,2.99694,0.772702,0.933423,0.0613616,0,0.935438,0.923377,-0.294653,0,0.96925,1.02707,0.0604293,1.00769,0.915803,0.0602034,0,0.91778
2299,1.02404,3.00911,0.76584,0.930409,0.0605777,0,0.932379,0.944478,-0.274325,0,0.983511,1.03386,0.0755841,1.00959,0.908565,0.0591555,0,0.910489
2300,1.02866,3.02079,0.759159,0.927348,0.059566,0,0.929259,0.963422,-0.253475,0,0.996209,1.04042,0.090226,1.01143,0.901512,0.0579065,0,0.90337
2301,1.15063,3.32561,0.576117,0.806578,-0.0137951,0,0.806696,-0.0701294,-0.0444309,0,0.0830195,1.21713,0.484663,1.0578,0.700991,-0.0119892,0,0.701093
2302,1.1446,3.31093,0.586542,0.815699,-0.0243843,0,0.816063,-0.0706012,-0.0547148,0,0.089321,1.208,0.464297,1.0554,0.712652,-0.0213038,0,0.71297
2303,1.13881,3.29658,0.595593,0.81409,0.125058,0,0.823639,-0.0701293,0.0444308,0,0.0830194,1.19949,0.445296,1.05329,0.714862,0.109815,0,0.723248
2304,1.10645,3.2154,0.642478,0.857623,0.0406981,0,0.858588,1.00981,-0.0149807,0,1.00993,1.15291,0.341316,1.04199,0.775116,0.0367827,0,0.775988
2305,1.12245,3.23583,0.5429,0.743758,-0.0246502,0,0.744166,1.00209,0.00399651,0,1.0021,1.19566,0.436732,1.06522,0.662623,-0.0219612,0,0.662986
2306,1.12505,3.26251,0.617114,0.839658,-0.0483154,0,0.841047,-0.0692214,-0.086858,0,0.111067,1.17926,0.400131,1.04818,0.746328,-0.042945,0,0.747562
2307,0.855027,2.57248,1.00193,0.9784,0.0890567,0,0.982445,0.199994,0.388607,0,0.43705,0.80322,-0.43924,0.939409,1.14429,0.104157,0,1.14902
2308,0.835392,2.52074,1.02982,0.979083,0.0754098,0,0.981983,0.237584,0.402067,0,0.467016,0.777436,-0.496795,0.930625,1.172,0.0902688,0,1.17548
2309,1.07166,3.12927,0.69731,0.893221,-0.0766628,0,0.896505,-0.0419572,-0.180042,0,0.184866,1.10171,0.227037,1.02804,0.833492,-0.0715364,0,0.836556
2310,1.0597,3.09911,0.714446,0.902825,-0.0791105,0,0.906285,-0.0307188,-0.199195,0,0.201549,1.08463,0.188902,1.02353,0.851967,-0.074654,0,0.855231
2311,0.997961,2.94282,0.802784,0.945598,0.0609818,0,0.947563,0.812958,-0.369832,0,0.893127,0.997187,-0.00627868,0.999224,0.94753,0.0611064,0,0.949499
2312,1.00345,2.95681,0.79506,0.942629,0.0616145,0,0.944641,0.843537,-0.353089,0,0.914454,1.00487,0.0108676,1.00141,0.939388,0.0614027,0,0.941393
2313,1.00879,2.97039,0.78751,0.93961,0.0618964,0,0.941646,0.872209,-0.334876,0,0.934286,1.01236,0.0275922,1.00354,0.931425,0.0613573,0,0.933444
2314,1.19788,3.44177,0.497362,0.727841,0.0661422,0,0.73084,-0.0462166,-0.000661905,0,0.0462213,1.28753,0.64181,1.07484,0.607607,0.055216,0,0.61011
2315,1.1581,3.34353,0.562051,0.783621,0.123583,0,0.793306,-0.0591118,0.0295302,0,0.0660775,1.22873,0.510552,1.06098,0.676642,0.106712,0,0.685005
2316,1.04811,3.06987,0.731016,0.913647,0.052898,0,0.915177,1.01801,-0.157325,0,1.0301,1.06813,0.152065,1.0191,0.871711,0.05047,0,0.873171
2317,1.05258,3.08127,0.724999,0.910829,0.0507501,0,0.912242,1.02551,-0.136627,0,1.03457,1.07439,0.166043,1.02071,0.865327,0.0482148,0,0.866669
2318,1.06093,3.10252,0.713736,0.905272,0.0475925,0,0.906522,1.03034,-0.101677,0,1.03535,1.08609,0.192168,1.02372,0.853282,0.0448593,0,0.85446
2319,1.057,3.09255,0.71916,0.908067,0.0489039,0,0.909383,1.02937,-0.11699,0,1.03599,1.08054,0.17978,1.02227,0.859101,0.0462668,0,0.860346
2320,1.04884,3.07185,0.730495,0.911786,-0.0792496,0,0.915223,-0.0185945,-0.220014,0,0.220798,1.06902,0.154052,1.01924,0.869331,-0.0755595,0,0.872608
2321,1.01243,2.97974,0.782646,0.936914,-0.0742279,0,0.93985,0.0324889,-0.28153,0,0.283398,1.0174,0.0388406,1.00491,0.92541,-0.0733165,0,0.92831
2322,1.03734,3.04284,0.747063,0.920314,-0.0787914,0,0.923681,-0.00481722,-0.239361,0,0.23941,1.05264,0.117502,1.01475,0.887186,-0.0759552,0,0.890432
2323,1.02516,3.01204,0.764569,0.928809,-0.077189,0,0.932011,0.0127175,-0.260101,0,0.260412,1.03535,0.0789119,1.00994,0.906013,-0.0752945,0,0.909136
2324,1.10769,3.2195,0.644233,0.859496,-0.0618871,0,0.861721,-0.0642912,-0.11607,0,0.132686,1.15373,0.343136,1.04156,0.775936,-0.0558705,0,0.777945
2325,1.09649,3.19142,0.66053,0.870182,-0.0685342,0,0.872877,-0.0592997,-0.135651,0,0.148046,1.1376,0.307133,1.03749,0.793605,-0.0625031,0,0.796063
2326,1.08471,3.16208,0.678476,0.881989,-0.0729816,0,0.885004,-0.0520351,-0.155728,0,0.164192,1.12042,0.268788,1.03292,0.813112,-0.0672822,0,0.815891
2327,1.03706,3.03042,0.705382,0.875579,-0.0441955,0,0.876693,1.01258,0.1777,0,1.02806,1.06394,0.142724,1.02592,0.844293,-0.0426163,0,0.845368
2328,1.03291,3.02144,0.71682,0.88479,-0.0470945,0,0.886042,0.998637,0.204331,0,1.01933,1.05656,0.12626,1.0229,0.856596,-0.0455938,0,0.857809
2329,1.02872,3.01219,0.727818,0.893302,-0.0498745,0,0.894693,0.982169,0.229892,0,1.00872,1.04925,0.109932,1.01996,0.868365,-0.0484822,0,0.869717
2330,1.0247,3.00333,0.738309,0.901257,-0.0526372,0,0.902793,0.963704,0.253923,0,0.996596,1.04226,0.09432,1.01713,0.87953,-0.0513683,0,0.881029
2331,1.02053,2.9939,0.748363,0.908472,-0.0550377,0,0.910138,0.943087,0.276674,0,0.982833,1.03522,0.0786244,1.01439,0.890193,-0.0539303,0,0.891825
2332,1.01611,2.98364,0.758079,0.914952,-0.0574425,0,0.916753,0.920159,0.298243,0,0.967285,1.02803,0.0625713,1.01173,0.900444,-0.0565316,0,0.902217
2333,1.01139,2.97245,0.767674,0.920889,-0.0598432,0,0.922832,0.894687,0.318758,0,0.949774,1.02057,0.0459249,1.00908,0.910519,-0.0591693,0,0.91244
2334,1.0064,2.96043,0.777081,0.926244,-0.0621794,0,0.928328,0.866256,0.338591,0,0.930077,1.01291,0.0288165,1.00646,0.92035,-0.0617837,0,0.922422
2335,1.00074,2.94652,0.786922,0.931266,-0.0647128,0,0.933512,0.834516,0.357849,0,0.908005,1.00445,0.00992934,1.00371,0.93058,-0.0646651,0,0.932824
2336,0.992673,2.92618,0.799054,0.936191,-0.0680111,0,0.938658,0.799865,0.375996,0,0.883831,0.992954,-0.0157287,1.00028,0.943101,-0.0685131,0,0.945587
2337,0.986239,2.9101,0.809357,0.940521,-0.0712304,0,0.943215,0.763146,0.392376,0,0.858109,0.983628,-0.0365455,0.997352,0.953644,-0.0722242,0,0.956375
2338,0.990024,2.92097,0.808289,0.942843,-0.0738357,0,0.94573,0.725298,0.406599,0,0.831492,0.987704,-0.027446,0.997657,0.952344,-0.0745797,0,0.95526
2339,0.977344,2.88814,0.824645,0.94694,-0.0794449,0,0.950267,0.687226,0.418473,0,0.804612,0.970469,-0.065918,0.992965,0.968891,-0.0812866,0,0.972295
2340,0.742072,2.26958,1.15754,0.956945,-0.056721,0,0.958625,0.600511,0.43594,0,0.742063,0.660159,-0.758573,0.889616,1.28956,-0.0764359,0,1.29182
2341,0.965356,2.85961,0.849232,0.951212,0.150934,0,0.963113,0.0274413,0.276036,0,0.277397,0.951669,-0.107881,0.985823,0.985349,0.156351,0,0.997677
2342,0.931719,2.77277,0.895576,0.963608,0.137914,0,0.973427,0.0695172,0.311976,0,0.319628,0.905709,-0.210472,0.972083,1.03423,0.148021,0,1.04476
2343,0.941554,2.79818,0.881843,0.970162,0.0311431,0,0.970662,0.452009,-0.440872,0,0.631412,0.919137,-0.180499,0.976191,1.03038,0.0330763,0,1.03091
2344,0.947803,2.81433,0.873268,0.968166,0.0368045,0,0.968865,0.494943,-0.441781,0,0.66343,0.927653,-0.16149,0.97874,1.02148,0.0388314,0,1.02222
2345,1.08333,3.15913,0.682279,0.873443,0.162413,0,0.888414,-0.0649285,0.11365,0,0.130889,1.11794,0.263252,1.03194,0.806255,0.14992,0,0.820075
2346,1.09428,3.18556,0.66262,0.859132,0.158614,0,0.873651,-0.0673078,0.100007,0,0.120548,1.13472,0.300722,1.03696,0.785111,0.144949,0,0.798379
2347,1.10454,3.21145,0.648272,0.850691,0.15245,0,0.864243,-0.0692214,0.0868578,0,0.111067,1.14934,0.333342,1.04056,0.770176,0.138021,0,0.782445
2348,0.947585,2.81382,0.87376,0.9583,0.144381,0,0.969116,0.0491422,0.296008,0,0.30006,0.927301,-0.162276,0.978594,1.01131,0.152368,0,1.02272
2349,0.998456,2.9442,0.802505,0.933721,0.162408,0,0.94774,-0.00981723,0.231526,0,0.231734,0.997761,-0.00499857,0.999304,0.935165,0.162659,0,0.949206
2350,1.01114,2.97644,0.784389,0.925924,0.165025,0,0.940515,-0.0211778,0.214564,0,0.215607,1.01561,0.0348474,1.00442,0.915721,0.163206,0,0.930151
2351,0.719352,2.21078,1.20313,0.957437,-0.0256085,0,0.957779,0.544563,0.440735,0,0.700568,0.629265,-0.827534,0.874766,1.33097,-0.0355995,0,1.33145
2352,0.735875,2.25489,1.17536,0.962085,-0.00603903,0,0.962104,0.478824,0.441685,0,0.651428,0.650382,-0.780398,0.883821,1.3074,-0.0082066,0,1.30743
2353,1.05941,3.08581,0.669149,0.852847,-0.0324871,0,0.853466,1.03108,0.0768027,0,1.03394,1.09681,0.216103,1.0353,0.805018,-0.0306652,0,0.805602
2354,1.05558,3.07588,0.673763,0.855067,-0.0342105,0,0.855752,1.03091,0.0892036,0,1.03476,1.0916,0.204465,1.03413,0.810048,-0.0324093,0,0.810696
2355,1.04617,3.05158,0.685401,0.860653,-0.0387407,0,0.861524,1.02718,0.124956,0,1.03475,1.07874,0.175758,1.03114,0.822673,-0.0370311,0,0.823506
2356,1.05112,3.06421,0.678656,0.857038,-0.0363019,0,0.857806,1.02941,0.105439,0,1.03479,1.08567,0.191236,1.03287,0.815357,-0.0345364,0,0.816088
2357,0.954231,2.83087,0.864236,0.96575,0.0420541,0,0.966665,0.537767,-0.441012,0,0.695475,0.936495,-0.141753,0.981413,1.01207,0.0440711,0,1.01303
2358,0.960496,2.84696,0.855444,0.963263,0.0464448,0,0.964382,0.578933,-0.438302,0,0.726135,0.945129,-0.12248,0.984001,1.00288,0.048355,0,1.00405
2359,0.966807,2.86316,0.846569,0.9606,0.050277,0,0.961915,0.621304,-0.432887,0,0.757238,0.953853,-0.103007,0.986602,0.99358,0.0520032,0,0.99494
2360,0.945904,2.80944,0.875928,0.968745,-0.0376954,0,0.969478,0.180269,-0.38012,0,0.420699,0.925048,-0.167305,0.97795,1.02415,-0.0398512,0,1.02492
2361,0.93498,2.78124,0.891182,0.972353,-0.0259485,0,0.972699,0.219458,-0.395965,0,0.452714,0.91011,-0.200648,0.973401,1.03997,-0.027753,0,1.04034
2362,0.927688,2.76234,0.901175,0.974326,-0.0142187,0,0.97443,0.257012,-0.407897,0,0.482116,0.90023,-0.222702,0.970401,1.05027,-0.015327,0,1.05039
2363,0.924755,2.75469,0.905067,0.974952,-0.00270703,0,0.974956,0.29474,-0.418434,0,0.511818,0.896299,-0.231474,0.969229,1.05428,-0.00292729,0,1.05429
2364,0.925868,2.75754,0.903385,0.974538,0.00775331,0,0.974569,0.333419,-0.427431,0,0.542094,0.897848,-0.228018,0.969736,1.05257,0.00837409,0,1.0526
2365,1.09086,3.16025,0.605165,0.800435,-0.0236468,0,0.800784,1.01274,0.0170296,0,1.01289,1.14653,0.32708,1.05103,0.733764,-0.0216772,0,0.734084
2366,1.08091,3.15205,0.682193,0.885375,0.0411138,0,0.886329,1.02455,-0.0432961,0,1.02547,1.11546,0.257734,1.03196,0.819098,0.0380362,0,0.819981
2367,1.08398,3.15953,0.67692,0.881596,0.0411212,0,0.882555,1.02212,-0.0377855,0,1.02282,1.1201,0.268084,1.03332,0.813293,0.0379352,0,0.814177
2368,1.17315,3.38001,0.535064,0.767049,0.0136661,0,0.767171,-0.0585321,-0.0202429,0,0.0619337,1.25167,0.561759,1.06693,0.653835,0.011649,0,0.653939
2369,1.12503,3.26124,0.612583,0.834513,0.0360564,0,0.835292,1.00475,-0.00543128,0,1.00476,1.18046,0.402818,1.04927,0.741766,0.0320492,0,0.742458
2370,1.12826,3.27055,0.612482,0.82987,0.113203,0,0.837555,-0.0825973,0.0490116,0,0.096044,1.18387,0.410426,1.04929,0.735532,0.100334,0,0.742344
2371,0.840122,2.53333,1.02349,0.980226,0.0671492,0,0.982523,0.258072,0.463349,0,0.530371,0.78352,-0.483215,0.932626,1.16677,0.0799279,0,1.1695
2372,0.998077,2.94317,0.802795,0.946005,0.056387,0,0.947684,0.818812,-0.425386,0,0.922717,0.997299,-0.00602836,0.999221,0.947828,0.0564956,0,0.94951
2373,0.940707,2.79617,0.883674,0.97136,0.0181968,0,0.97153,0.384149,-0.493058,0,0.625041,0.917796,-0.183491,0.975645,1.03258,0.0193437,0,1.03277
2374,1.02649,3.01537,0.762556,0.918565,0.151754,0,0.931016,-0.0493521,0.219406,0,0.224888,1.03726,0.0831755,1.0105,0.894862,0.147839,0,0.906992
2375,1.12055,3.25144,0.624477,0.838295,0.120805,0,0.846954,-0.0836625,0.0599568,0,0.102928,1.17254,0.385141,1.0464,0.748112,0.107809,0,0.755841
2376,0.788515,2.39637,1.09772,0.976104,0.0249487,0,0.976423,0.396537,0.493454,0,0.633039,0.716727,-0.632305,0.908959,1.2379,0.0316402,0,1.23831
2377,1.03157,3.02813,0.754967,0.925745,0.0531157,0,0.927267,0.998349,-0.262701,0,1.03233,1.04455,0.0994402,1.01259,0.897418,0.0514904,0,0.898893
2378,1.11179,3.22839,0.633157,0.850307,0.0380546,0,0.851158,1.00832,-0.0109109,0,1.00838,1.16103,0.359448,1.04429,0.764806,0.0342281,0,0.765572
2379,1.10027,3.19983,0.651192,0.863627,0.0382833,0,0.864475,1.01313,-0.0178114,0,1.01329,1.14409,0.32163,1.03983,0.784924,0.0347945,0,0.785695
2380,1.10291,3.20644,0.647337,0.86099,0.0376948,0,0.861815,1.01235,-0.0162479,0,1.01248,1.14789,0.330116,1.04079,0.780656,0.0341777,0,0.781404
2381,0.942371,2.80023,0.880532,0.961471,0.130247,0,0.970253,0.0577077,0.353574,0,0.358252,0.920302,-0.177898,0.976581,1.02027,0.138212,0,1.02959
2382,1.0033,2.95655,0.795723,0.933444,0.148602,0,0.945198,-0.0260294,0.260921,0,0.262216,1.00453,0.0101106,1.00123,0.930374,0.148113,0,0.94209
2383,1.1113,3.19122,0.489376,0.667531,-0.0116013,0,0.667632,1.00303,0.000738652,0,1.00303,1.19627,0.438099,1.07646,0.600675,-0.0104394,0,0.600766
2384,1.12706,3.25028,0.547577,0.753284,-0.00481971,0,0.753299,1.00284,0.00174482,0,1.00284,1.19942,0.445125,1.0642,0.668362,-0.00427636,0,0.668375
2385,1.0538,3.08438,0.723427,0.910388,0.045014,0,0.9115,1.04203,-0.129676,0,1.05007,1.07607,0.169795,1.02114,0.863913,0.042716,0,0.864968
2386,1.11561,3.23791,0.627363,0.84594,0.0389933,0,0.846838,1.00683,-0.00929949,0,1.00688,1.1666,0.371875,1.0457,0.758273,0.0349523,0,0.759078
2387,1.11941,3.24757,0.622342,0.842749,0.0334619,0,0.843413,1.00679,-0.00672786,0,1.00681,1.17194,0.383786,1.04692,0.752849,0.0298924,0,0.753442
2388,1.10372,3.19069,0.578672,0.776689,-0.0230149,0,0.77703,1.00683,0.00929949,0,1.00688,1.16687,0.372478,1.05721,0.703699,-0.020852,0,0.704008
2389,1.0967,3.17396,0.592765,0.789379,-0.0212728,0,0.789666,1.01036,0.0125579,0,1.01043,1.15586,0.347912,1.05395,0.719779,-0.0193971,0,0.72004
2390,1.14019,3.30187,0.600332,0.830413,0.0242185,0,0.830766,1.00284,-0.00174483,0,1.00284,1.19969,0.445726,1.05218,0.728308,0.0212407,0,0.728618
2391,1.13062,3.26361,0.559716,0.770963,0.0275974,0,0.771456,1.00303,-0.000738656,0,1.00303,1.20017,0.446798,1.06151,0.681891,0.0244089,0,0.682328
2392,1.17729,3.39049,0.529338,0.761352,0.0332696,0,0.762079,-0.0578385,-0.0113507,0,0.0589417,1.25754,0.574855,1.06816,0.646697,0.0282594,0,0.647314
2393,1.18312,3.40555,0.522545,0.754319,0.0578063,0,0.756531,-0.0544414,-0.00212992,0,0.054483,1.26547,0.592561,1.0696,0.63757,0.0488594,0,0.639439
2394,0.907335,2.70954,0.929582,0.972416,0.110952,0,0.978725,0.121013,0.400662,0,0.418538,0.87267,-0.284219,0.961795,1.07173,0.122283,0,1.07868
2395,0.986619,2.91397,0.819058,0.95204,0.053774,0,0.953558,0.742073,-0.46007,0,0.873119,0.981266,-0.0418178,0.994574,0.964952,0.0545033,0,0.96649
2396,1.0184,2.99482,0.773876,0.93424,0.0563756,0,0.935939,0.938712,-0.337457,0,0.997526,1.0259,0.0578088,1.00736,0.917357,0.0553568,0,0.919025
2397,1.06961,3.11133,0.653614,0.842825,-0.0273625,0,0.843269,1.02802,0.0483826,0,1.02915,1.11157,0.249031,1.03922,0.787972,-0.0255817,0,0.788387
2398,1.10793,3.22003,0.643593,0.860051,-0.0428768,0,0.86112,-0.0823249,-0.11133,0,0.138462,1.15415,0.344091,1.04172,0.776268,-0.0386999,0,0.777232
2399,0.945271,2.80786,0.876994,0.969518,0.0254415,0,0.969852,0.427835,-0.497698,0,0.656313,0.924129,-0.169355,0.977634,1.02565,0.0269145,0,1.026
2400,1.07646,3.14151,0.690981,0.881429,0.143685,0,0.893063,-0.0799023,0.132279,0,0.154538,1.10842,0.242014,1.02969,0.81882,0.133479,0,0.829628
2401,1.11365,3.23424,0.634807,0.845147,0.127011,0,0.854637,-0.0840698,0.0709015,0,0.109976,1.16252,0.362779,1.04388,0.758895,0.114049,0,0.767417
2402,1.10646,3.21631,0.645656,0.852415,0.13164,0,0.86252,-0.0842008,0.081691,0,0.117317,1.15205,0.339402,1.04121,0.770399,0.118974,0,0.779532
2403,0.988481,2.91882,0.816789,0.941877,0.145315,0,0.953021,-0.00805565,0.285646,0,0.28576,0.983761,-0.036248,0.995225,0.952853,0.147009,0,0.964127
2404,0.801192,2.43024,1.07958,0.978136,0.0373038,0,0.978847,0.355752,0.487727,0,0.603687,0.732916,-0.596171,0.914782,1.22085,0.0465604,0,1.22174
2405,1.06806,3.12038,0.703123,0.899421,0.0391613,0,0.900273,1.04005,-0.0705363,0,1.04244,1.09638,0.215141,1.02652,0.842107,0.0366658,0,0.842905
2406,0.965874,2.86084,0.848128,0.96167,-0.0407894,0,0.962535,0.139954,-0.412294,0,0.435401,0.952493,-0.106042,0.986146,0.995647,-0.0422306,0,0.996542
2407,1.01354,2.98247,0.780793,0.937165,0.0569252,0,0.938892,0.912601,-0.361663,0,0.981652,1.01904,0.0425,1.00543,0.924646,0.0561648,0,0.926351
2408,0.979034,2.89457,0.829718,0.955789,-0.0492681,0,0.957058,0.101557,-0.387295,0,0.400388,0.970713,-0.0653736,0.991501,0.976258,-0.0503232,0,0.977554
2409,0.991698,2.92692,0.811873,0.94941,-0.0556748,0,0.951041,0.0689844,-0.363115,0,0.36961,0.988359,-0.0259854,0.996633,0.957358,-0.0561409,0,0.959003
2410,1.00351,2.95704,0.795217,0.942967,-0.0598418,0,0.944864,0.0424294,-0.341154,0,0.343783,1.00489,0.0109066,1.00137,0.939667,-0.0596324,0,0.941557
2411,0.980487,2.8983,0.827716,0.955051,0.0516231,0,0.956446,0.699437,-0.47445,0,0.845171,0.972721,-0.0608902,0.99208,0.974058,0.0526505,0,0.97548
2412,0.992478,2.92891,0.810754,0.949016,0.0553551,0,0.950629,0.782,-0.44354,0,0.899028,0.989454,-0.0235407,0.996953,0.956209,0.0557746,0,0.957834
2413,1.01512,2.98658,0.778889,0.936222,-0.0625959,0,0.938312,0.0190866,-0.318516,0,0.319087,1.02117,0.0472535,1.00596,0.922277,-0.0616636,0,0.924336
2414,0.886979,2.65639,0.957647,0.97619,0.0993315,0,0.981231,0.160788,0.423956,0,0.453422,0.845456,-0.344965,0.953186,1.10058,0.111989,0,1.10626
2415,1.11555,3.21843,0.553025,0.752418,-0.0164937,0,0.752599,1.0042,0.00403368,0,1.00421,1.18583,0.414789,1.063,0.674482,-0.0147853,0,0.674644
2416,1.11232,3.211,0.560605,0.75985,-0.0196185,0,0.760103,1.00475,0.00543127,0,1.00476,1.18052,0.402941,1.06131,0.683119,-0.0176374,0,0.683347
2417,1.10303,3.16497,0.477988,0.64779,0.0132723,0,0.647926,1.00349,-1.40744e-09,0,1.00349,1.18987,0.423815,1.07872,0.58728,0.0120325,0,0.587404
2418,1.11535,3.23836,0.631835,0.851461,-0.0361597,0,0.852228,-0.0839404,-0.0959881,0,0.127514,1.16511,0.368543,1.04461,0.763402,-0.0324201,0,0.764091
2419,1.16758,3.36741,0.548646,0.774578,0.106159,0,0.781819,-0.0585304,0.0202335,0,0.061929,1.24226,0.540762,1.06396,0.663405,0.0909223,0,0.669607
2420,1.04278,3.04339,0.691593,0.865119,-0.0348897,0,0.865822,1.03921,0.141635,0,1.04882,1.07358,0.164238,1.02953,0.829624,-0.0334583,0,0.830299
2421,1.0648,3.11223,0.708041,0.902305,0.0408788,0,0.903231,1.04134,-0.0823002,0,1.04458,1.09166,0.20459,1.02522,0.847396,0.0383911,0,0.848265
2422,0.926429,2.75914,0.903153,0.967289,0.121941,0,0.974945,0.0853246,0.375091,0,0.384673,0.898456,-0.226661,0.969805,1.0441,0.131625,0,1.05237
2423,1.03823,3.04518,0.74616,0.910986,0.151292,0,0.923464,-0.0589703,0.200035,0,0.208546,1.05379,0.120077,1.015,0.877445,0.145722,0,0.889464
2424,1.15716,3.34168,0.565403,0.797105,0.000437351,0,0.797105,-0.0693215,-0.0333574,0,0.0769297,1.22686,0.506375,1.06023,0.688845,0.000377952,0,0.688845
2425,0.819934,2.47988,1.05207,0.979615,0.0500441,0,0.980892,0.315456,0.479673,0,0.574106,0.757263,-0.541823,0.923567,1.19475,0.0610343,0,1.19631
2426,1.05187,3.06629,0.678229,0.857396,-0.0302194,0,0.857928,1.04184,0.0984014,0,1.04648,1.08657,0.193233,1.03298,0.815112,-0.0287291,0,0.815618
2427,1.03605,3.03948,0.748563,0.922769,0.0513805,0,0.924198,1.0138,-0.235241,0,1.04074,1.05091,0.113632,1.01434,0.890661,0.0495926,0,0.89204
2428,1.09543,3.18774,0.658368,0.868495,0.0398197,0,0.869408,1.01475,-0.0231658,0,1.01502,1.13709,0.306011,1.03803,0.792833,0.0363506,0,0.793665
2429,1.10801,3.21911,0.639406,0.855208,0.0369135,0,0.856004,1.01036,-0.0125579,0,1.01043,1.15538,0.346836,1.04275,0.77184,0.0333151,0,0.772559
2430,1.04048,3.05055,0.74171,0.919157,0.0497276,0,0.920501,1.02816,-0.207579,0,1.0489,1.05735,0.128007,1.01621,0.883394,0.0477928,0,0.884686
2431,1.12285,3.23638,0.540402,0.741005,-0.0168737,0,0.741197,1.00274,0.00280443,0,1.00274,1.1967,0.439057,1.06577,0.659933,-0.0150276,0,0.660104
2432,1.07775,3.14428,0.68739,0.888967,0.0405114,0,0.88989,1.02802,-0.0483827,0,1.02915,1.11076,0.247224,1.03062,0.824833,0.0375887,0,0.825689
2433,1.05045,3.076,0.728471,0.901861,0.150512,0,0.914334,-0.0676335,0.177134,0,0.189607,1.07123,0.158994,1.01978,0.858548,0.143284,0,0.870423
2434,1.06172,3.10402,0.710859,0.891464,0.149272,0,0.903875,-0.0741177,0.157139,0,0.173741,1.08771,0.195775,1.02448,0.839643,0.140595,0,0.851332
2435,1.13326,3.28286,0.604396,0.830782,-0.0151951,0,0.83092,-0.0836624,-0.0599568,0,0.102928,1.1913,0.427001,1.05122,0.733093,-0.0134084,0,0.733215
2436,1.13666,3.29031,0.595381,0.821129,0.0335596,0,0.821815,1.00274,-0.00280443,0,1.00274,1.19729,0.440377,1.05334,0.722405,0.0295247,0,0.723008
2437,1.12849,3.26958,0.606353,0.829254,0.0332623,0,0.829921,1.0042,-0.00403368,0,1.00421,1.18576,0.414645,1.05075,0.734837,0.0294751,0,0.735428
2438,1.0856,3.14804,0.616885,0.810844,-0.0263605,0,0.811272,1.01475,0.0231658,0,1.01502,1.13796,0.307953,1.04824,0.74691,-0.024282,0,0.747304
2439,1.10021,3.18227,0.58548,0.782773,-0.0222538,0,0.783089,1.00832,0.0109109,0,1.00838,1.16143,0.360342,1.05564,0.711474,-0.0202268,0,0.711762
2440,1.107,3.19837,0.571558,0.770161,-0.0170046,0,0.770348,1.00679,0.00672785,0,1.00681,1.17213,0.384229,1.05884,0.695717,-0.015361,0,0.695887
2441,1.07258,3.11832,0.647482,0.837831,-0.0278213,0,0.838293,1.02455,0.043296,0,1.02547,1.11629,0.259582,1.04075,0.781135,-0.0259386,0,0.781566
2442,1.07537,3.1247,0.641021,0.832266,-0.027641,0,0.832725,1.02212,0.0377855,0,1.02282,1.12091,0.269899,1.04235,0.773936,-0.0257037,0,0.774362
2443,1.02298,3.00644,0.767359,0.931416,0.0555275,0,0.933069,0.961395,-0.313001,0,1.01106,1.03236,0.0722417,1.00917,0.910488,0.0542799,0,0.912105
2444,1.02732,3.01743,0.761204,0.928694,0.0544646,0,0.93029,0.98095,-0.288431,0,1.02248,1.03849,0.085909,1.01087,0.903997,0.0530162,0,0.905551
2445,1.1387,3.29626,0.595548,0.823479,-0.00652131,0,0.823504,-0.0825974,-0.0490116,0,0.0960441,1.19939,0.445071,1.0533,0.723175,-0.00572699,0,0.723198
2446,1.12778,3.26918,0.612543,0.836958,-0.0230934,0,0.837277,-0.0840698,-0.0709016,0,0.109976,1.18335,0.409266,1.04928,0.742131,-0.0204769,0,0.742413
2447,1.12237,3.2559,0.621373,0.843914,-0.0292658,0,0.844422,-0.0842008,-0.0816912,0,0.117317,1.1753,0.391295,1.04715,0.751901,-0.0260748,0,0.752353
2448,0.866175,2.60198,0.98704,0.979093,0.086332,0,0.982892,0.201666,0.443158,0,0.486886,0.817726,-0.406861,0.944066,1.13036,0.0996704,0,1.13475
2449,1.04806,3.06992,0.73169,0.913583,-0.0650981,0,0.915899,-0.0355447,-0.246663,0,0.249211,1.06789,0.151538,1.01892,0.871688,-0.0621128,0,0.873898
2450,1.00341,2.95674,0.795226,0.943062,0.0569424,0,0.944779,0.852539,-0.405826,0,0.944202,1.00478,0.010677,1.00137,0.939855,0.0567488,0,0.941567
2451,1.00853,2.96974,0.787925,0.940111,0.0571034,0,0.941844,0.883704,-0.384648,0,0.963788,1.01198,0.0267438,1.00343,0.932164,0.0566206,0,0.933882
2452,1.18935,3.4213,0.513784,0.742978,0.0900357,0,0.748414,-0.0488355,0.00777236,0,0.0494501,1.27433,0.612349,1.07145,0.624691,0.0757014,0,0.629261
2453,1.14695,3.31633,0.581267,0.802853,0.113617,0,0.810852,-0.0693214,0.0333574,0,0.0769297,1.21188,0.472955,1.05662,0.699991,0.0990607,0,0.706965
2454,1.06154,3.1041,0.713055,0.905281,0.0419969,0,0.906255,1.0422,-0.0954662,0,1.04656,1.0869,0.193981,1.0239,0.852803,0.0395624,0,0.85372
2455,1.04544,3.06315,0.734881,0.915929,0.0483974,0,0.917207,1.03302,-0.175326,0,1.04779,1.06432,0.143574,1.01806,0.876115,0.0462936,0,0.877338
2456,1.04945,3.07324,0.729033,0.912897,0.0469272,0,0.914103,1.03765,-0.152732,0,1.04883,1.07005,0.15637,1.01963,0.869881,0.044716,0,0.87103
2457,1.05803,3.09521,0.717933,0.907831,0.0432501,0,0.908861,1.04286,-0.110164,0,1.04866,1.08194,0.182898,1.0226,0.858042,0.0408782,0,0.859016
2458,1.06727,3.11818,0.703463,0.897837,-0.0624657,0,0.900008,-0.0580909,-0.202383,0,0.210555,1.09548,0.213129,1.02643,0.841243,-0.0585282,0,0.843276
2459,1.05766,3.09401,0.717452,0.905704,-0.0644956,0,0.907997,-0.0479035,-0.223142,0,0.228226,1.0817,0.182372,1.02273,0.856326,-0.0609794,0,0.858494
2460,1.03742,3.04304,0.746926,0.921287,-0.065325,0,0.9236,-0.0205749,-0.270466,0,0.271247,1.05276,0.11777,1.01479,0.888055,-0.0629687,0,0.890285
2461,1.02643,3.01523,0.762682,0.928849,-0.0647103,0,0.9311,-0.00215875,-0.293663,0,0.293671,1.03717,0.0829629,1.01046,0.904933,-0.0630442,0,0.907127
2462,1.09907,3.19796,0.657015,0.869281,-0.0487279,0,0.870646,-0.0797198,-0.13043,0,0.152863,1.14124,0.315277,1.03837,0.790923,-0.0443355,0,0.792164
2463,1.08901,3.17271,0.671636,0.87859,-0.0548718,0,0.880301,-0.0744528,-0.152486,0,0.169692,1.12677,0.282962,1.03467,0.806777,-0.0503868,0,0.808349
2464,1.07844,3.14638,0.687715,0.888904,-0.0587553,0,0.890844,-0.0677115,-0.176471,0,0.189016,1.11138,0.248606,1.03054,0.824248,-0.0544816,0,0.826047
2465,1.03842,3.0335,0.702048,0.873264,-0.0375907,0,0.874073,1.03474,0.169141,0,1.04847,1.06625,0.147882,1.0268,0.840954,-0.0361999,0,0.841732
2466,1.03437,3.02488,0.713888,0.883073,-0.040361,0,0.883995,1.02493,0.201132,0,1.04448,1.05886,0.131374,1.02368,0.853734,-0.03902,0,0.854625
2467,1.03093,3.01808,0.725667,0.893213,-0.0424762,0,0.894222,1.01494,0.23292,0,1.04133,1.0521,0.116301,1.02054,0.866413,-0.0412018,0,0.867392
2468,1.02715,3.01007,0.736738,0.902099,-0.0448441,0,0.903213,0.999153,0.262051,0,1.03295,1.04518,0.100854,1.01755,0.878254,-0.0436587,0,0.879338
2469,1.02323,3.0014,0.746869,0.909651,-0.047753,0,0.910904,0.980561,0.289917,0,1.02252,1.03838,0.0856619,1.0148,0.889,-0.0466689,0,0.890224
2470,1.01917,2.99223,0.756675,0.916613,-0.0501784,0,0.917985,0.959046,0.316609,0,1.00996,1.03152,0.0703593,1.01212,0.899371,-0.0492346,0,0.900718
2471,1.01456,2.98129,0.765941,0.922359,-0.0526183,0,0.923858,0.934483,0.342099,0,0.995133,1.02427,0.0541634,1.00956,0.909118,-0.0518629,0,0.910596
2472,1.00954,2.96908,0.775044,0.927408,-0.0550675,0,0.929042,0.906816,0.366441,0,0.978057,1.01664,0.0371397,1.00703,0.918646,-0.0545472,0,0.920264
2473,1.00418,2.95583,0.78403,0.931886,-0.0574076,0,0.933653,0.875691,0.389925,0,0.95858,1.00871,0.0194521,1.00452,0.928011,-0.057169,0,0.929771
2474,0.99749,2.939,0.794192,0.936193,-0.0600927,0,0.93812,0.840997,0.412382,0,0.936662,0.999145,-0.00190828,1.00166,0.938549,-0.0602439,0,0.94048
2475,0.988151,2.91509,0.807053,0.940513,-0.0636385,0,0.942663,0.803336,0.433122,0,0.912657,0.986184,-0.0308397,0.998009,0.951791,-0.0644015,0,0.953967
2476,0.982763,2.9017,0.815946,0.944307,-0.066501,0,0.946646,0.763749,0.451451,0,0.887199,0.978308,-0.0484191,0.995467,0.960869,-0.0676673,0,0.963249
2477,0.984005,2.90598,0.818133,0.947468,-0.0704413,0,0.950083,0.723254,0.467014,0,0.860929,0.978926,-0.0470391,0.994839,0.96287,-0.0715863,0,0.965527
2478,0.950105,2.81754,0.860354,0.955408,-0.0796112,0,0.958719,0.682056,0.478755,0,0.833311,0.933532,-0.148365,0.982557,1.00558,-0.083792,0,1.00907
2479,0.83498,2.51519,1.01346,0.965756,-0.0738711,0,0.968577,0.634299,0.490338,0,0.801727,0.781365,-0.488026,0.935788,1.15662,-0.0884705,0,1.16
2480,0.949429,2.8186,0.8713,0.968112,0.0316372,0,0.968629,0.472234,-0.500041,0,0.687783,0.929798,-0.1567,0.979323,1.01968,0.0333223,0,1.02022
2481,1.08875,3.17205,0.672015,0.869245,0.1406,0,0.880543,-0.0826378,0.109709,0,0.13735,1.12639,0.282116,1.03457,0.798391,0.12914,0,0.808768
2482,1.09799,3.19509,0.658021,0.860233,0.136618,0,0.871014,-0.0839742,0.0957185,0,0.127333,1.13984,0.312149,1.03812,0.783462,0.124425,0,0.79328
2483,0.956578,2.83686,0.860818,0.956082,0.135993,0,0.965705,0.0360973,0.333637,0,0.335584,0.939762,-0.13446,0.98242,0.999481,0.142166,0,1.00954
2484,0.972181,2.87712,0.839675,0.950039,0.140436,0,0.960362,0.0140224,0.312392,0,0.312707,0.961109,-0.0868096,0.988612,0.977224,0.144454,0,0.987843
2485,1.01573,2.98814,0.778075,0.925813,0.150704,0,0.937998,-0.0390493,0.23882,0,0.241991,1.02201,0.0491331,1.00619,0.911478,0.148371,0,0.923475
2486,0.753045,2.30116,1.14944,0.966551,-0.0409556,0,0.967418,0.577597,0.497377,0,0.762235,0.671902,-0.732362,0.892247,1.28352,-0.0543867,0,1.28468
2487,0.745636,2.28144,1.16149,0.965738,-0.0119566,0,0.965812,0.512547,0.500245,0,0.716205,0.662374,-0.753628,0.888335,1.29519,-0.0160355,0,1.29529
2488,0.76676,2.3382,1.12984,0.971634,0.00939059,0,0.971679,0.447821,0.49892,0,0.670421,0.689009,-0.694177,0.898598,1.26719,0.0122471,0,1.26725
2489,1.05973,3.08692,0.669822,0.8541,-0.0264708,0,0.85451,1.04004,0.0706546,0,1.04243,1.09696,0.216434,1.03513,0.805959,-0.0249788,0,0.806346
2490,1.05587,3.07675,0.673787,0.855542,-0.028603,0,0.85602,1.04129,0.083144,0,1.0446,1.0919,0.205134,1.03412,0.81027,-0.0270894,0,0.810723
2491,1.04743,3.0548,0.68369,0.859982,-0.032434,0,0.860593,1.04183,0.116746,0,1.04835,1.0805,0.17969,1.03158,0.821043,-0.0309655,0,0.821627
2492,0.955859,2.83519,0.862446,0.965876,0.036579,0,0.966568,0.517416,-0.500484,0,0.719863,0.938597,-0.137059,0.981941,1.01048,0.0382682,0,1.0112
2493,0.974135,2.88204,0.836651,0.958009,0.0488398,0,0.959253,0.654311,-0.486182,0,0.815166,0.963898,-0.0805855,0.989491,0.983446,0.0501366,0,0.984724
2494,0.962212,2.85154,0.853624,0.963431,0.0411727,0,0.964311,0.56224,-0.498728,0,0.75156,0.947332,-0.117563,0.984536,1.00127,0.0427897,0,1.00218
2495,0.968005,2.86636,0.845359,0.960836,0.0453162,0,0.961904,0.607642,-0.494459,0,0.783401,0.955377,-0.099604,0.986955,0.992594,0.046814,0,0.993697
2496,0.95382,2.82985,0.864937,0.966437,-0.0308929,0,0.96693,0.181259,-0.434056,0,0.470382,0.935894,-0.143094,0.981206,1.01323,-0.0323886,0,1.01374
2497,0.944305,2.80526,0.877964,0.969575,-0.0203467,0,0.969788,0.222543,-0.451318,0,0.503203,0.922912,-0.172072,0.977345,1.02676,-0.0215467,0,1.02699
2498,0.938552,2.79039,0.88589,0.971348,-0.0106275,0,0.971406,0.261583,-0.464345,0,0.532956,0.915073,-0.18957,0.974983,1.03494,-0.0113233,0,1.035
2499,0.936244,2.78446,0.889233,0.972176,0.000294531,0,0.972176,0.301679,-0.476241,0,0.563752,0.911887,-0.19668,0.973984,1.03838,0.000314588,0,1.03838
2500,0.93593,2.78374,0.889993,0.972513,0.0101228,0,0.972566,0.342903,-0.485634,0,0.594494,0.911368,-0.197839,0.973757,1.03909,0.0108157,0,1.03914
2501,1.08738,3.15203,0.612401,0.806799,-0.0223424,0,0.807108,1.01506,0.0195812,0,1.01525,1.141,0.314724,1.04931,0.741968,-0.0205471,0,0.742253
2502,0.963371,2.85439,0.851566,0.962765,0.0360484,0,0.96344,0.542383,-0.564822,0,0.783073,0.949054,-0.113718,0.985139,0.999371,0.037419,0,1.00007
2503,1.0982,3.17735,0.588949,0.785811,-0.0168613,0,0.785992,1.01053,0.0102728,0,1.01058,1.15843,0.35364,1.05484,0.715542,-0.0153535,0,0.715706
2504,0.995675,2.93704,0.806183,0.947815,-0.0460923,0,0.948935,0.0573915,-0.41276,0,0.416731,0.99394,-0.0135269,0.998257,0.951932,-0.0462925,0,0.953057
2505,1.06622,3.10316,0.659931,0.847654,-0.0266732,0,0.848073,1.03229,0.0550562,0,1.03375,1.10635,0.237395,1.03764,0.795006,-0.0250165,0,0.795399
2506,1.08199,3.1554,0.682999,0.879106,0.126544,0,0.888168,-0.100221,0.123291,0,0.158886,1.11635,0.259704,1.03176,0.812492,0.116955,0,0.820867
2507,1.06983,3.12468,0.700036,0.888639,0.130435,0,0.89816,-0.0981756,0.149634,0,0.178966,1.09907,0.22113,1.02733,0.830635,0.121921,0,0.839536
2508,0.798452,2.42277,1.08288,0.977633,0.02362,0,0.977918,0.415348,0.560289,0,0.697451,0.729564,-0.603651,0.913723,1.22441,0.0295822,0,1.22477
2509,1.00662,2.96493,0.790733,0.941739,-0.0495785,0,0.943043,0.0276493,-0.386062,0,0.387051,1.00927,0.0207014,1.00264,0.935545,-0.0492524,0,0.93684
2510,1.07094,3.12762,0.698904,0.897003,0.0370993,0,0.89777,1.04024,-0.0604384,0,1.04199,1.10053,0.224392,1.02762,0.837582,0.0346417,0,0.838298
2511,1.00344,2.95688,0.795389,0.943528,0.0523538,0,0.944979,0.864135,-0.464677,0,0.981149,1.00477,0.0106414,1.00132,0.940292,0.0521743,0,0.941738
2512,1.09902,3.19786,0.657192,0.870259,-0.0313353,0,0.870823,-0.0999182,-0.123457,0,0.158825,1.14114,0.315051,1.03833,0.791848,-0.028512,0,0.792361
2513,1.12713,3.26756,0.613498,0.83801,-8.75554e-06,0,0.83801,-0.0968502,-0.053149,0,0.110475,1.18241,0.407175,1.04905,0.74349,-7.76799e-06,0,0.74349
2514,0.916955,2.73454,0.916223,0.97123,0.105498,0,0.976943,0.114963,0.456595,0,0.470846,0.885646,-0.255253,0.965856,1.05919,0.115053,0,1.06542
2515,1.0627,3.09454,0.666059,0.852139,-0.0240621,0,0.852479,1.04031,0.0605357,0,1.04206,1.10105,0.225548,1.03609,0.801866,-0.0226425,0,0.802185
2516,1.09782,3.1939,0.655506,0.866977,0.0381369,0,0.867816,1.01498,-0.0205533,0,1.01519,1.14036,0.313306,1.03875,0.789725,0.0347387,0,0.790489
2517,1.10165,3.18569,0.582558,0.780252,-0.0175819,0,0.78045,1.00877,0.00900239,0,1.00881,1.1637,0.365392,1.05632,0.708257,-0.0159596,0,0.708436
2518,1.10449,3.19254,0.577189,0.775505,-0.0175343,0,0.775703,1.00761,0.00798381,0,1.00764,1.16806,0.375132,1.05755,0.702137,-0.0158755,0,0.702317
2519,1.11657,3.24054,0.626806,0.846191,0.033863,0,0.846868,1.00761,-0.00798381,0,1.00764,1.16775,0.37445,1.04584,0.757847,0.0303276,0,0.758454
2520,1.1117,3.22945,0.63798,0.85016,0.108737,0,0.857086,-0.0985274,0.0648834,0,0.117972,1.15962,0.356304,1.0431,0.764736,0.0978114,0,0.770965
2521,0.95173,2.82446,0.867825,0.959929,0.121692,0,0.967612,0.0433846,0.400439,0,0.402783,0.933031,-0.149484,0.980352,1.00861,0.127864,0,1.01669
2522,1.03378,3.03379,0.751966,0.924751,0.0469722,0,0.925943,1.03464,-0.265046,0,1.06805,1.04765,0.106354,1.01341,0.89453,0.0454371,0,0.895683
2523,1.16117,3.35066,0.555465,0.786499,0.0143483,0,0.78663,-0.0681864,-0.0231508,0,0.0720093,1.23369,0.52162,1.06245,0.677336,0.0123568,0,0.677448
2524,1.0176,2.99279,0.775098,0.935096,0.0515224,0,0.936514,0.957927,-0.38437,0,1.03216,1.02474,0.0552169,1.00702,0.918927,0.0506315,0,0.920321
2525,1.01714,2.99172,0.776009,0.935656,-0.0516502,0,0.937081,0.00233051,-0.359147,0,0.359154,1.02402,0.0536268,1.00676,0.919885,-0.0507796,0,0.921286
2526,1.14451,3.31034,0.585298,0.814364,0.00516166,0,0.814381,-0.0809211,-0.0367973,0,0.0888947,1.20824,0.464825,1.05569,0.711541,0.00450994,0,0.711555
2527,0.897053,2.68275,0.943836,0.975676,0.0945052,0,0.980242,0.158045,0.48291,0,0.508115,0.85887,-0.315022,0.957435,1.08765,0.105351,0,1.09274
2528,1.03796,3.04445,0.746309,0.913209,0.136778,0,0.923395,-0.0787866,0.221948,0,0.235517,1.05349,0.119387,1.01496,0.879809,0.131775,0,0.889623
2529,1.05466,3.08668,0.72261,0.910457,0.0395422,0,0.911315,1.05709,-0.120541,0,1.06394,1.07718,0.172278,1.02135,0.863271,0.0374928,0,0.864085
2530,0.95502,2.83281,0.862814,0.96564,0.0290893,0,0.966078,0.470404,-0.564692,0,0.734954,0.937669,-0.139131,0.981832,1.01112,0.0304594,0,1.01158
2531,0.949616,2.81894,0.870532,0.967888,0.0191474,0,0.968078,0.39924,-0.558939,0,0.686881,0.930197,-0.15581,0.979551,1.01924,0.0201633,0,1.01944
2532,0.987158,2.91536,0.81837,0.952101,0.04921,0,0.953372,0.741023,-0.527353,0,0.909514,0.981996,-0.0401864,0.994771,0.964487,0.0498501,0,0.965774
2533,0.983955,2.90716,0.822824,0.953971,-0.040608,0,0.954834,0.093751,-0.441271,0,0.451121,0.97755,-0.0501123,0.99349,0.969527,-0.0412702,0,0.970405
2534,1.08132,3.15283,0.680793,0.884253,0.0362153,0,0.884994,1.02838,-0.038317,0,1.02909,1.11627,0.259533,1.03232,0.817755,0.0334918,0,0.81844
2535,1.07902,3.14744,0.685521,0.887978,0.0362562,0,0.888718,1.03135,-0.0423919,0,1.03222,1.11258,0.251291,1.03111,0.822952,0.0336012,0,0.823638
2536,1.07831,3.1315,0.63443,0.826685,-0.0249219,0,0.82706,1.02136,0.0321612,0,1.02187,1.12573,0.280648,1.04398,0.766648,-0.023112,0,0.766996
2537,1.08226,3.14059,0.625451,0.818763,-0.0266137,0,0.819195,1.01715,0.0265942,0,1.0175,1.13222,0.295134,1.04617,0.756534,-0.024591,0,0.756933
2538,1.16288,3.3549,0.552693,0.783509,0.0300637,0,0.784086,-0.0676552,-0.015058,0,0.0693107,1.23622,0.527282,1.06307,0.673766,0.0258528,0,0.674262
2539,1.106,3.21515,0.646256,0.86252,-0.0256686,0,0.862902,-0.10056,-0.105494,0,0.145744,1.15141,0.337971,1.04106,0.779855,-0.0232085,0,0.7802
2540,1.13559,3.28832,0.599548,0.819856,0.103799,0,0.8264,-0.0809211,0.0367973,0,0.0888946,1.19505,0.435374,1.05236,0.721966,0.0914056,0,0.72773
2541,0.821938,2.48521,1.04926,0.980235,0.0420032,0,0.981135,0.345849,0.54613,0,0.646428,0.75985,-0.536049,0.924462,1.19259,0.0511026,0,1.19369
2542,0.998287,2.94376,0.802687,0.946352,0.0518454,0,0.947771,0.826643,-0.487667,0,0.95977,0.997541,-0.00548957,0.999252,0.947975,0.0519343,0,0.949397
2543,1.02983,3.02379,0.757608,0.927355,0.0483351,0,0.928614,1.01958,-0.295806,0,1.06162,1.04205,0.0938533,1.01186,0.900492,0.046935,0,0.901715
2544,1.12222,3.25431,0.617144,0.838338,0.0325357,0,0.838969,1.00606,-0.00560076,0,1.00607,1.17628,0.393488,1.04817,0.747034,0.0289922,0,0.747597
2545,1.11354,3.23295,0.631305,0.849512,0.0337665,0,0.850183,1.00877,-0.0090024,0,1.00881,1.16336,0.364638,1.04474,0.762895,0.0303236,0,0.763498
2546,0.965173,2.8589,0.848637,0.953923,0.127005,0,0.96234,0.0179018,0.37504,0,0.375467,0.951657,-0.107908,0.985997,0.988344,0.131587,0,0.997065
2547,1.00645,2.96457,0.791288,0.933672,0.135605,0,0.943469,-0.044986,0.293596,0,0.297023,1.00894,0.0199627,1.00248,0.92769,0.134736,0,0.937424
2548,1.11872,3.22616,0.54731,0.747273,-0.0126338,0,0.74738,1.00376,0.00302108,0,1.00376,1.1906,0.425455,1.06426,0.667973,-0.0112931,0,0.668068
2549,1.1239,3.23931,0.539961,0.741295,-0.00628872,0,0.741322,1.00331,0.0013074,0,1.00331,1.19793,0.441808,1.06586,0.659572,-0.00559542,0,0.659595
2550,1.10429,3.20989,0.645266,0.859605,0.0357365,0,0.860348,1.01227,-0.0142573,0,1.01237,1.1499,0.334595,1.0413,0.778425,0.0323616,0,0.779097
2551,1.09347,3.16653,0.60019,0.796292,-0.0201329,0,0.796546,1.01227,0.0142572,0,1.01237,1.15056,0.336072,1.05221,0.728224,-0.0184119,0,0.728457
2552,1.1255,3.2623,0.611535,0.833724,0.0311678,0,0.834306,1.00538,-0.00437705,0,1.00539,1.18123,0.404534,1.04952,0.74076,0.0276924,0,0.741277
2553,1.14024,3.30373,0.606718,0.838811,0.0193666,0,0.839034,1.00331,-0.0013074,0,1.00331,1.19801,0.441992,1.05067,0.735643,0.0169846,0,0.735839
2554,0.981145,2.89998,0.826775,0.954976,0.0469638,0,0.95613,0.693203,-0.543122,0,0.880632,0.973641,-0.0588378,0.992351,0.973328,0.0478664,0,0.974505
2555,1.07431,3.13582,0.693064,0.892851,0.0396822,0,0.893732,1.03229,-0.0550562,0,1.03375,1.10563,0.235777,1.02915,0.83109,0.0369373,0,0.83191
2556,1.09872,3.19686,0.6568,0.862119,0.117597,0,0.870102,-0.100557,0.0889708,0,0.134267,1.14093,0.314585,1.03842,0.78466,0.107031,0,0.791926
2557,1.04364,3.04536,0.689624,0.863801,-0.0287725,0,0.86428,1.05597,0.130813,0,1.06404,1.07499,0.167397,1.03004,0.827681,-0.0275694,0,0.82814
2558,1.06475,3.11211,0.708131,0.902588,0.0357109,0,0.903294,1.05076,-0.0753153,0,1.05345,1.09158,0.20442,1.0252,0.8477,0.0335392,0,0.848364
2559,0.992867,2.92994,0.810351,0.949225,0.0508171,0,0.950584,0.785576,-0.508662,0,0.935878,0.989956,-0.0224192,0.997068,0.956044,0.0511821,0,0.957413
2560,1.10949,3.20397,0.565186,0.763827,-0.0159146,0,0.763993,1.00606,0.00560076,0,1.00607,1.17637,0.393684,1.06028,0.688448,-0.014344,0,0.688597
2561,1.11265,3.21156,0.559031,0.758195,-0.013732,0,0.758319,1.00538,0.00437705,0,1.00539,1.18126,0.404592,1.06166,0.681431,-0.0123417,0,0.681542
2562,1.17014,3.3739,0.545153,0.777039,0.0527148,0,0.778826,-0.0640137,-0.00383944,0,0.0641287,1.24589,0.548851,1.06473,0.664056,0.0450499,0,0.665583
2563,0.935347,2.78218,0.890641,0.9658,0.114568,0,0.972571,0.0752279,0.426873,0,0.433451,0.910618,-0.199512,0.973562,1.03256,0.122487,0,1.0398
2564,1.1183,3.24597,0.628307,0.843877,0.102361,0,0.850063,-0.0968502,0.053149,0,0.110475,1.16915,0.377574,1.04547,0.754606,0.0915329,0,0.760138
2565,0.850551,2.56086,1.00885,0.980882,0.0631546,0,0.982913,0.270395,0.529053,0,0.594147,0.797168,-0.452751,0.937237,1.15323,0.0742514,0,1.15562
2566,1.05839,3.09619,0.717591,0.907988,0.0380277,0,0.908784,1.0554,-0.102237,0,1.06034,1.08241,0.183954,1.02269,0.857893,0.0359297,0,0.858645
2567,1.09169,3.17865,0.664926,0.873424,0.0406423,0,0.874369,1.01715,-0.0265943,0,1.0175,1.1314,0.293301,1.03637,0.800067,0.0372288,0,0.800933
2568,1.08732,3.16782,0.671812,0.87828,0.0389404,0,0.879143,1.02136,-0.0321612,0,1.02187,1.12496,0.278939,1.03462,0.80775,0.0358133,0,0.808543
2569,1.10981,3.22361,0.636768,0.853481,0.0330139,0,0.85412,1.01053,-0.0102728,0,1.01058,1.15797,0.352622,1.0434,0.769036,0.0297475,0,0.769611
2570,1.03777,3.04375,0.745823,0.921555,0.0456307,0,0.922684,1.04372,-0.23321,0,1.06946,1.05343,0.119259,1.01509,0.888014,0.0439699,0,0.889102
2571,1.12284,3.23697,0.542976,0.744425,-0.0121163,0,0.744523,1.003,0.00242038,0,1.003,1.19605,0.437619,1.06521,0.662986,-0.0107908,0,0.663074
2572,1.0484,3.07086,0.731492,0.905907,0.135402,0,0.91597,-0.0870119,0.197554,0,0.215867,1.06829,0.15243,1.01897,0.864085,0.129151,0,0.873684
2573,1.05861,3.0964,0.716074,0.897277,0.134015,0,0.90723,-0.0927047,0.174215,0,0.197345,1.08306,0.185409,1.0231,0.847596,0.126595,0,0.856998
2574,1.12277,3.25691,0.620816,0.843989,-0.00707158,0,0.844018,-0.0985274,-0.0648835,0,0.117973,1.17587,0.392562,1.04729,0.7517,-0.00629832,0,0.751727
2575,1.13552,3.28699,0.595332,0.82033,0.0312446,0,0.820925,1.003,-0.00242039,0,1.003,1.1961,0.437721,1.05335,0.722428,0.0275157,0,0.722952
2576,1.13148,3.27663,0.600334,0.823832,0.0310414,0,0.824417,1.00376,-0.00302108,0,1.00376,1.19051,0.425253,1.05218,0.728103,0.0274344,0,0.72862
2577,1.07059,3.11346,0.650962,0.840571,-0.0229121,0,0.840884,1.03135,0.0423919,0,1.03222,1.11329,0.252885,1.03989,0.785147,-0.0214014,0,0.785439
2578,1.07281,3.1184,0.645289,0.835549,-0.0224588,0,0.83585,1.02838,0.038317,0,1.02909,1.11711,0.261417,1.0413,0.778841,-0.0209346,0,0.779123
2579,1.02193,3.00378,0.768944,0.932452,0.0506248,0,0.933825,0.982204,-0.355049,0,1.04441,1.03085,0.0688538,1.00873,0.912446,0.0495386,0,0.91379
2580,1.02596,3.01401,0.763215,0.929943,0.049504,0,0.931259,1.00255,-0.325686,0,1.05412,1.03655,0.0815755,1.01032,0.90641,0.0482513,0,0.907694
2581,1.11248,3.2313,0.636497,0.855629,-0.0190146,0,0.85584,-0.100549,-0.0891397,0,0.134373,1.16084,0.359016,1.04347,0.769118,-0.0170921,0,0.769308
2582,1.11771,3.24417,0.628016,0.849142,-0.0133939,0,0.849248,-0.0995073,-0.0761098,0,0.125277,1.16861,0.376371,1.04554,0.759716,-0.0119833,0,0.759811
2583,1.1056,3.21413,0.646765,0.855726,0.113486,0,0.863218,-0.0995073,0.0761096,0,0.125277,1.15086,0.336735,1.04093,0.77399,0.102646,0,0.780767
2584,0.874793,2.62451,0.974712,0.978917,0.0809927,0,0.982262,0.210446,0.507512,0,0.549414,0.829219,-0.381208,0.947903,1.11903,0.092585,0,1.12285
2585,1.00832,2.96928,0.78839,0.940689,0.0524314,0,0.942149,0.898476,-0.439906,0,1.00039,1.01165,0.0259984,1.0033,0.932923,0.0519986,0,0.934371
2586,1.01306,2.98131,0.781631,0.9379,0.0521604,0,0.939349,0.929827,-0.412976,0,1.01741,1.01832,0.0409003,1.00519,0.925806,0.0514878,0,0.927237
2587,1.17657,3.39019,0.536396,0.766767,0.0827082,0,0.771215,-0.0580881,0.00865815,0,0.0587298,1.25497,0.569135,1.06664,0.651698,0.0702961,0,0.655478
2588,1.15556,3.33765,0.567601,0.792824,0.0984522,0,0.798913,-0.0681857,0.0231478,0,0.0720078,1.22459,0.501319,1.05973,0.686092,0.0851983,0,0.691362
2589,1.04237,3.05532,0.739025,0.918096,0.0442941,0,0.919164,1.05218,-0.194704,0,1.07005,1.06003,0.133986,1.01694,0.880775,0.0424935,0,0.8818
2590,1.04682,3.06667,0.733074,0.915385,0.0425782,0,0.916374,1.05412,-0.167882,0,1.0674,1.06623,0.147836,1.01854,0.874445,0.0406739,0,0.87539
2591,1.05027,3.07529,0.727839,0.91252,0.0413848,0,0.913457,1.05632,-0.144337,0,1.06614,1.07122,0.158976,1.01995,0.868847,0.0394041,0,0.86974
2592,1.06332,3.10821,0.709129,0.901887,-0.0493371,0,0.903235,-0.0780304,-0.225047,0,0.238191,1.08983,0.200521,1.02494,0.848181,-0.0463992,0,0.849449
2593,1.0552,3.08784,0.721103,0.908625,-0.0510763,0,0.91006,-0.068495,-0.248969,0,0.25822,1.07816,0.174459,1.02176,0.861093,-0.0484043,0,0.862452
2594,1.04647,3.06593,0.734031,0.915662,-0.0522729,0,0.917153,-0.0553642,-0.275737,0,0.28124,1.06561,0.146452,1.01829,0.874997,-0.0499514,0,0.876422
2595,1.0369,3.04171,0.747675,0.922446,-0.05296,0,0.923965,-0.0394057,-0.304324,0,0.306865,1.05202,0.11611,1.01458,0.889623,-0.0510755,0,0.891088
2596,1.02719,3.01715,0.761613,0.929111,-0.052934,0,0.930617,-0.0203754,-0.330743,0,0.33137,1.03824,0.0853486,1.01076,0.90452,-0.051533,0,0.905987
2597,1.07243,3.13123,0.696311,0.894798,-0.045947,0,0.895977,-0.0867185,-0.19827,0,0.216405,1.10278,0.229426,1.0283,0.834364,-0.0428438,0,0.835464
2598,1.09057,3.1766,0.66931,0.877971,-0.0371855,0,0.878758,-0.097811,-0.146407,0,0.176074,1.12902,0.287999,1.03526,0.805059,-0.0340974,0,0.80578
2599,1.08181,3.15472,0.682421,0.886315,-0.0424735,0,0.887332,-0.0929224,-0.170617,0,0.19428,1.11632,0.259649,1.03191,0.819291,-0.0392617,0,0.820231
2600,1.03959,3.03604,0.698849,0.870865,-0.0312345,0,0.871425,1.05503,0.158324,0,1.06684,1.06832,0.15251,1.02764,0.8377,-0.030045,0,0.838238
2601,1.03565,3.0276,0.710156,0.880233,-0.0339259,0,0.880886,1.05018,0.191374,0,1.06748,1.06119,0.136583,1.02466,0.849936,-0.0327582,0,0.850568
2602,1.0323,3.02115,0.722243,0.890862,-0.0359446,0,0.891587,1.04369,0.224492,0,1.06756,1.05445,0.121536,1.02145,0.862984,-0.0348198,0,0.863687
2603,1.0288,3.01429,0.734527,0.90142,-0.0378607,0,0.902214,1.03715,0.263803,0,1.07018,1.04748,0.105974,1.01815,0.876184,-0.0368008,0,0.876957
2604,1.02552,3.00766,0.745312,0.910344,-0.0400789,0,0.911226,1.02,0.296097,0,1.06211,1.04113,0.0918106,1.01523,0.887694,-0.0390817,0,0.888554
2605,1.02152,2.99857,0.754672,0.916927,-0.0426441,0,0.917918,1.00131,0.328661,0,1.05387,1.03446,0.076928,1.01267,0.897607,-0.0417456,0,0.898578
2606,1.01731,2.98869,0.763593,0.922712,-0.0450566,0,0.923811,0.978796,0.360219,0,1.04298,1.02769,0.0618147,1.01021,0.907016,-0.0442902,0,0.908096
2607,1.01244,2.97675,0.772036,0.927263,-0.0474643,0,0.928477,0.952473,0.390439,0,1.02939,1.0204,0.045545,1.00787,0.915874,-0.0468813,0,0.917073
2608,1.00714,2.96355,0.780494,0.931311,-0.0498439,0,0.932644,0.922348,0.419396,0,1.01322,1.01269,0.0283217,1.00551,0.92471,-0.0494907,0,0.926034
2609,1.00139,2.94913,0.789322,0.935202,-0.0521906,0,0.936658,0.888147,0.447195,0,0.994378,1.00443,0.00989218,1.00303,0.9339,-0.052118,0,0.935353
2610,0.993478,2.92895,0.800463,0.939263,-0.055276,0,0.940888,0.850033,0.473354,0,0.972944,0.993362,-0.0148164,0.999883,0.945429,-0.0556388,0,0.947065
2611,0.984587,2.90633,0.813259,0.943883,-0.0577052,0,0.945646,0.80889,0.497029,0,0.949389,0.980882,-0.0426752,0.996236,0.958659,-0.0586085,0,0.960449
2612,0.98156,2.89961,0.82113,0.949092,-0.05668,0,0.950783,0.765903,0.517523,0,0.924358,0.975649,-0.054355,0.993978,0.966922,-0.0577449,0,0.968645
2613,0.976248,2.88674,0.831168,0.953854,-0.0609727,0,0.955801,0.719739,0.532825,0,0.895503,0.96754,-0.0724547,0.991081,0.977062,-0.0624562,0,0.979056
2614,0.923011,2.7475,0.897875,0.963898,-0.0703422,0,0.966462,0.673575,0.548034,0,0.868357,0.896607,-0.230789,0.971393,1.0443,-0.0762094,0,1.04707
2615,1.09107,3.17784,0.668451,0.869536,0.122556,0,0.87813,-0.100692,0.104375,0,0.145028,1.12979,0.289702,1.03548,0.796954,0.112326,0,0.804831
2616,0.992606,2.92935,0.810983,0.941618,0.13318,0,0.950989,-0.0257784,0.322761,0,0.323789,0.989516,-0.0234015,0.996887,0.948632,0.134172,0,0.958074
2617,0.978141,2.89222,0.830728,0.948289,0.130378,0,0.95721,-0.00263417,0.35179,0,0.3518,0.969542,-0.067987,0.991208,0.969481,0.133292,0,0.978601
2618,1.01847,2.99508,0.774144,0.926248,0.136742,0,0.936287,-0.0596728,0.265855,0,0.27247,1.02589,0.0577819,1.00728,0.909452,0.134262,0,0.919309
2619,1.02839,3.02017,0.759724,0.919446,0.137295,0,0.929641,-0.0704695,0.243053,0,0.253063,1.03999,0.0892714,1.01128,0.89406,0.133505,0,0.903973
2620,0.820994,2.48013,1.04071,0.971631,-0.0595576,0,0.973454,0.61409,0.559441,0,0.830711,0.761206,-0.533023,0.927175,1.18348,-0.0725433,0,1.1857
2621,0.771333,2.35034,1.12258,0.972173,-0.0236962,0,0.972462,0.547973,0.564623,0,0.786812,0.694929,-0.680962,0.900945,1.26038,-0.0307211,0,1.26075
2622,0.77636,2.36403,1.1161,0.974275,0.00361563,0,0.974281,0.478844,0.565022,0,0.740636,0.701082,-0.667228,0.903037,1.25493,0.00465715,0,1.25493
2623,1.05213,3.06711,0.678534,0.858128,-0.0248505,0,0.858488,1.05312,0.0903521,0,1.05699,1.08675,0.193632,1.0329,0.815613,-0.0236193,0,0.815955
2624,1.05602,3.07742,0.674725,0.85692,-0.0230137,0,0.857229,1.05078,0.0758875,0,1.05352,1.0918,0.204901,1.03388,0.811465,-0.021793,0,0.811757
2625,1.06157,3.10413,0.712811,0.905243,0.0370491,0,0.906001,1.05313,-0.0881376,0,1.05682,1.08701,0.19421,1.02396,0.852741,0.0349003,0,0.853454
2626,1.04803,3.05643,0.683207,0.860122,-0.0265491,0,0.860532,1.05519,0.107584,0,1.06066,1.08125,0.181371,1.0317,0.820704,-0.0253324,0,0.821095
2627,0.969469,2.87009,0.84322,0.960383,0.0402071,0,0.961224,0.591128,-0.562397,0,0.815918,0.957427,-0.0950293,0.987579,0.990628,0.0414733,0,0.991496
2628,0.975116,2.88455,0.835239,0.95779,0.0439492,0,0.958798,0.642484,-0.55521,0,0.849143,0.965268,-0.077527,0.989901,0.982232,0.0450708,0,0.983266
2629,0.972003,2.87654,0.839489,0.959426,-0.0331948,0,0.96,0.135923,-0.470024,0,0.489283,0.960986,-0.0870852,0.988666,0.987061,-0.034151,0,0.987652
2630,0.961401,2.84929,0.854186,0.963741,-0.0244856,0,0.964052,0.180321,-0.4943,0,0.526164,0.946375,-0.119699,0.984371,1.00243,-0.0254686,0,1.00276
2631,0.953485,2.82891,0.865138,0.966655,-0.0158582,0,0.966785,0.223637,-0.51305,0,0.559673,0.935508,-0.143955,0.981147,1.01381,-0.0166318,0,1.01395
2632,0.948627,2.81649,0.872256,0.968712,-0.00632291,0,0.968733,0.264657,-0.527504,0,0.590172,0.928744,-0.159053,0.97904,1.02117,-0.00666533,0,1.02119
2633,0.945822,2.80918,0.875856,0.969293,0.00791834,0,0.969325,0.330682,-0.545105,0,0.637566,0.924988,-0.167438,0.977972,1.02481,0.00837191,0,1.02485
2634,1.09913,3.17909,0.585297,0.78198,-0.0130641,0,0.78209,1.01067,0.00822834,0,1.0107,1.16034,0.357894,1.05569,0.711454,-0.0118859,0,0.711554
2635,1.13283,3.28176,0.604866,0.831155,0.00969551,0,0.831212,-0.0945797,-0.041145,0,0.103142,1.19072,0.425724,1.0511,0.733697,0.00855865,0,0.733747
2636,1.0752,3.12408,0.640491,0.831669,-0.0220117,0,0.83196,1.02663,0.0343099,0,1.02721,1.12088,0.269828,1.04249,0.7735,-0.0204722,0,0.77377
2637,1.08429,3.14511,0.620222,0.814103,-0.0206505,0,0.814365,1.0185,0.0222541,0,1.01874,1.13572,0.302943,1.04743,0.750818,-0.0190452,0,0.75106
2638,1.00908,2.97116,0.787214,0.940757,-0.0398944,0,0.941602,0.00958161,-0.436105,0,0.436211,1.01274,0.0284322,1.00363,0.932293,-0.0395355,0,0.933131
2639,1.15085,3.32551,0.573245,0.802759,0.0227421,0,0.803081,-0.0787902,-0.0220312,0,0.0818124,1.21812,0.486881,1.05845,0.697535,0.0197611,0,0.697815
2640,0.993254,2.93085,0.809547,0.948987,0.0463913,0,0.95012,0.790082,-0.58185,0,0.981214,0.99057,-0.0210491,0.997298,0.955432,0.0467064,0,0.956573
2641,1.01845,2.99497,0.773937,0.935124,-0.0415035,0,0.936045,-0.0179016,-0.403545,0,0.403942,1.02592,0.0578681,1.00734,0.918186,-0.0407517,0,0.91909
2642,1.16229,3.35471,0.558572,0.787866,0.0761183,0,0.791535,-0.0677814,0.00885057,0,0.0683568,1.23407,0.522484,1.06176,0.677858,0.0654901,0,0.681015
2643,1.02078,3.0009,0.77066,0.933504,0.0460683,0,0.93464,1.00729,-0.400534,0,1.08401,1.02921,0.0651908,1.00825,0.9145,0.0451305,0,0.915612
2644,1.00811,2.96877,0.788776,0.941144,0.0479228,0,0.942363,0.916679,-0.501332,0,1.04481,1.01133,0.0252822,1.00319,0.933569,0.0475371,0,0.934778
2645,0.987668,2.91656,0.817282,0.951694,0.0447489,0,0.952745,0.739447,-0.602964,0,0.954122,0.982813,-0.0383643,0.995084,0.963576,0.0453076,0,0.964641
2646,0.999009,2.94556,0.801559,0.946549,-0.0370495,0,0.947274,0.0430296,-0.468516,0,0.470488,0.998581,-0.00316633,0.999573,0.947489,-0.0370863,0,0.948214
2647,1.09028,3.17599,0.67013,0.879252,-0.0214996,0,0.879515,-0.120362,-0.136906,0,0.182292,1.1285,0.286828,1.03505,0.806445,-0.0197193,0,0.806686
2648,1.08946,3.15677,0.607423,0.802329,-0.0181129,0,0.802533,1.01548,0.0158262,0,1.0156,1.14447,0.322485,1.0505,0.736448,-0.0166256,0,0.736635
2649,0.964175,2.85626,0.849763,0.961985,0.0302475,0,0.96246,0.506262,-0.637895,0,0.814378,0.950356,-0.110812,0.985668,0.997728,0.0313713,0,0.998221
2650,1.09746,3.19379,0.658862,0.865706,0.101378,0,0.871622,-0.117221,0.0811366,0,0.142562,1.13906,0.310412,1.03791,0.788824,0.0923751,0,0.794214
2651,1.08942,3.17313,0.668869,0.876599,0.0350399,0,0.877299,1.02256,-0.0268765,0,1.02292,1.12795,0.285611,1.03537,0.80465,0.0321639,0,0.805293
2652,1.119,3.24598,0.620916,0.840789,0.0295033,0,0.841307,1.00747,-0.00548694,0,1.00748,1.17189,0.383677,1.04726,0.751377,0.0263658,0,0.751839
2653,1.1067,3.19707,0.569797,0.767817,-0.0121236,0,0.767913,1.00747,0.00548693,0,1.00748,1.17226,0.384511,1.05924,0.693788,-0.0109547,0,0.693874
2654,1.12163,3.25232,0.616054,0.836668,0.0285078,0,0.837154,1.00668,-0.00445317,0,1.00669,1.17596,0.392771,1.04844,0.745937,0.0254163,0,0.74637
2655,1.15708,3.34174,0.566463,0.797079,0.0468926,0,0.798457,-0.0748964,-0.0065071,0,0.0751786,1.2265,0.505577,1.05999,0.688868,0.0405265,0,0.69006
2656,0.9726,2.87805,0.838576,0.952496,0.117157,0,0.959674,-0.00297707,0.421471,0,0.421481,0.961834,-0.085191,0.988931,0.97933,0.120458,0,0.98671
2657,0.943146,2.80232,0.87976,0.964379,0.107157,0,0.970314,0.0626561,0.485103,0,0.489132,0.921275,-0.175726,0.976811,1.02251,0.113616,0,1.02881
2658,1.08391,3.15931,0.67693,0.88178,0.0357733,0,0.882505,1.02663,-0.0343099,0,1.02721,1.12002,0.267903,1.03332,0.813518,0.033004,0,0.814188
2659,1.10108,3.20188,0.650046,0.863062,0.0333937,0,0.863708,1.01482,-0.0151433,0,1.01494,1.14525,0.324215,1.04011,0.783833,0.0303282,0,0.78442
2660,1.12306,3.23975,0.551582,0.755791,-0.00460812,0,0.755805,1.00353,0.00196827,0,1.00354,1.19417,0.43342,1.06332,0.672972,-0.00410317,0,0.672985
2661,1.10579,3.21356,0.642721,0.857776,0.0321803,0,0.858379,1.01262,-0.0116729,0,1.01269,1.15216,0.339644,1.04193,0.775713,0.0291017,0,0.776259
2662,1.06685,3.11714,0.704217,0.899867,-0.0343956,0,0.900524,-0.110109,-0.220658,0,0.246605,1.09483,0.211677,1.02623,0.843482,-0.0322404,0,0.844098
2663,1.097,3.19278,0.66012,0.872629,-0.0163559,0,0.872782,-0.119994,-0.115182,0,0.16633,1.13823,0.308559,1.03759,0.795469,-0.0149097,0,0.795609
2664,1.09096,3.17747,0.668359,0.87156,0.105512,0,0.877924,-0.119155,0.0965107,0,0.153337,1.12969,0.289485,1.0355,0.798896,0.0967151,0,0.804729
2665,1.07464,3.13687,0.693433,0.887248,0.113162,0,0.894435,-0.121467,0.138191,0,0.183987,1.10586,0.236291,1.02905,0.825626,0.105303,0,0.832314
2666,1.1274,3.25389,0.558037,0.766569,0.028222,0,0.767088,1.00373,-0.000742889,0,1.00373,1.19717,0.440113,1.06188,0.679941,0.0250327,0,0.680401
2667,1.06459,3.09885,0.661538,0.848412,-0.0211004,0,0.848674,1.04063,0.0514528,0,1.0419,1.10423,0.232658,1.03723,0.796934,-0.0198201,0,0.797181
2668,0.981811,2.90155,0.825381,0.95442,0.0423741,0,0.95536,0.684735,-0.620041,0,0.923749,0.974697,-0.0564803,0.992754,0.972101,0.0431591,0,0.973059
2669,1.02805,3.01929,0.760195,0.928802,0.0440468,0,0.929846,1.04524,-0.330228,0,1.09616,1.03951,0.0881952,1.01115,0.90346,0.042845,0,0.904476
2670,1.01677,2.99073,0.776396,0.935979,0.046901,0,0.937153,0.981481,-0.435611,0,1.07381,1.02354,0.0525377,1.00666,0.920542,0.0461274,0,0.921697
2671,1.08393,3.16012,0.679641,0.878933,0.109716,0,0.885754,-0.120183,0.114325,0,0.165874,1.11928,0.266257,1.03262,0.81088,0.101221,0,0.817173
2672,0.925394,2.75642,0.904451,0.970017,0.0990319,0,0.975059,0.106368,0.519089,0,0.529875,0.89709,-0.229709,0.969414,1.04822,0.107016,0,1.05367
2673,1.03739,3.0429,0.74676,0.915146,0.123099,0,0.923388,-0.102868,0.243629,0,0.264456,1.05278,0.117806,1.01483,0.882162,0.118662,0,0.890107
2674,1.0676,3.10625,0.656504,0.844795,-0.0230237,0,0.845109,1.03571,0.0483159,0,1.03684,1.1087,0.242636,1.0385,0.791303,-0.0215658,0,0.791597
2675,1.06751,3.11905,0.704105,0.900309,0.0340448,0,0.900952,1.04924,-0.0649457,0,1.05125,1.09554,0.213264,1.02626,0.843373,0.0318918,0,0.843976
2676,0.970568,2.87273,0.841036,0.959478,0.0354165,0,0.960131,0.570283,-0.63453,0,0.853142,0.959131,-0.0912259,0.988216,0.988573,0.0364905,0,0.989247
2677,1.11662,3.2416,0.630148,0.851071,0.00604102,0,0.851092,-0.113022,-0.0568247,0,0.126503,1.1669,0.372542,1.04502,0.762182,0.00541008,0,0.762201
2678,1.09428,3.16775,0.595805,0.791537,-0.0161619,0,0.791702,1.01262,0.0116729,0,1.01269,1.15254,0.340499,1.05324,0.723338,-0.0147694,0,0.723489
2679,0.808904,2.45067,1.06815,0.979586,0.0181435,0,0.979754,0.441719,0.634792,0,0.773354,0.74293,-0.573817,0.91844,1.211,0.0224297,0,1.21121
2680,1.10265,3.20677,0.651232,0.86633,-0.0106822,0,0.866396,-0.119171,-0.0973044,0,0.15385,1.14656,0.327133,1.03982,0.78568,-0.00968773,0,0.78574
2681,0.90543,2.70458,0.932198,0.974971,0.08887,0,0.979013,0.158039,0.551032,0,0.573247,0.870115,-0.289921,0.960997,1.0768,0.0981522,0,1.08127
2682,1.03525,3.03742,0.74964,0.923735,0.0416765,0,0.924675,1.06658,-0.256942,0,1.0971,1.04979,0.111132,1.01405,0.892286,0.0402576,0,0.893193
2683,1.09795,3.19411,0.65489,0.866501,0.0339874,0,0.867167,1.01647,-0.0175561,0,1.01662,1.14066,0.313984,1.0389,0.789199,0.0309553,0,0.789805
2684,1.10176,3.18519,0.57941,0.776455,-0.0134748,0,0.776572,1.00921,0.00732847,0,1.00924,1.1646,0.367418,1.05704,0.704743,-0.0122303,0,0.70485
2685,1.10398,3.19045,0.574805,0.772212,-0.0139677,0,0.772338,1.00837,0.00659488,0,1.00839,1.16811,0.375256,1.0581,0.699482,-0.0126521,0,0.699596
2686,1.11637,3.23958,0.625453,0.844462,0.0306966,0,0.845019,1.00837,-0.00659488,0,1.00839,1.16791,0.374792,1.04617,0.756436,0.0274969,0,0.756936
2687,1.114,3.23378,0.629398,0.847623,0.030067,0,0.848156,1.00921,-0.00732848,0,1.00924,1.16436,0.366874,1.04521,0.760882,0.0269901,0,0.761361
2688,0.958969,2.84307,0.857698,0.958433,0.112911,0,0.965061,0.0265116,0.453162,0,0.453937,0.942992,-0.127251,0.983339,0.999441,0.117742,0,1.00635
2689,1.03168,3.0285,0.755098,0.926524,0.0428482,0,0.927514,1.05613,-0.294633,0,1.09645,1.04463,0.0996162,1.01255,0.898074,0.0415325,0,0.899033
2690,0.995857,2.93752,0.805962,0.941033,0.121769,0,0.948879,-0.047025,0.363442,0,0.366471,0.994184,-0.0129818,0.99832,0.944948,0.122275,0,0.952826
2691,0.98398,2.90708,0.822274,0.946681,0.120321,0,0.954297,-0.0255744,0.392748,0,0.393579,0.977731,-0.0497085,0.993649,0.962094,0.12228,0,0.969833
2692,1.04832,3.05736,0.683542,0.860892,-0.0213759,0,0.861157,1.0672,0.0974052,0,1.07164,1.08146,0.181839,1.03162,0.821211,-0.0203906,0,0.821464
2693,1.05496,3.08753,0.722504,0.9108,0.0345602,0,0.911456,1.07065,-0.110058,0,1.07629,1.07752,0.173034,1.02138,0.863349,0.0327597,0,0.86397
2694,1.00345,2.9569,0.795338,0.943723,0.0478979,0,0.944938,0.878722,-0.530529,0,1.02646,1.00479,0.0107017,1.00134,0.940474,0.047733,0,0.941685
2695,1.08023,3.13572,0.629349,0.822117,-0.0208952,0,0.822382,1.02256,0.0268765,0,1.02292,1.12907,0.28811,1.04522,0.76106,-0.0193434,0,0.761305
2696,1.10932,3.22381,0.642647,0.856048,0.092496,0,0.86103,-0.113022,0.0568246,0,0.126503,1.15586,0.347907,1.04195,0.771685,0.0833806,0,0.776176
2697,0.998497,2.94425,0.802249,0.946324,0.0474209,0,0.947512,0.83647,-0.557551,0,1.00526,0.997874,-0.004745,0.999376,0.947749,0.0474923,0,0.948938
2698,1.00841,2.96958,0.788568,0.934343,0.12311,0,0.942419,-0.0674936,0.329327,0,0.336172,1.01168,0.0260771,1.00325,0.926551,0.122083,0,0.934559
2699,1.11258,3.19605,0.494559,0.675068,-0.0105581,0,0.675151,1.00373,0.000742883,0,1.00373,1.19648,0.438571,1.07541,0.606759,-0.00948972,0,0.606833
2700,1.11108,3.22667,0.634445,0.851701,0.0295126,0,0.852212,1.01067,-0.00822835,0,1.0107,1.15994,0.357003,1.04397,0.766552,0.0265621,0,0.767012
2701,1.11563,3.21933,0.555678,0.755999,-0.00936397,0,0.756057,1.0049,0.00325536,0,1.0049,1.18526,0.413522,1.06241,0.67764,-0.00839341,0,0.677692
2702,1.10922,3.20314,0.565015,0.763519,-0.010374,0,0.763589,1.00668,0.00445316,0,1.00669,1.17613,0.393137,1.06032,0.688338,-0.00935255,0,0.688402
2703,1.12841,3.26964,0.607468,0.830798,0.0283939,0,0.831283,1.0049,-0.00325536,0,1.0049,1.18538,0.413792,1.05049,0.736256,0.0251628,0,0.736686
2704,1.07282,3.13191,0.694693,0.893746,0.0342165,0,0.894401,1.04056,-0.0513922,0,1.04183,1.10363,0.231324,1.02872,0.833084,0.0318941,0,0.833694
2705,1.07578,3.13931,0.690187,0.890835,0.03607,0,0.891564,1.03571,-0.0483159,0,1.03684,1.10795,0.240953,1.0299,0.828079,0.033529,0,0.828758
2706,0.83142,2.51022,1.03539,0.980915,0.0384574,0,0.981669,0.366539,0.622223,0,0.722158,0.772274,-0.508318,0.928861,1.17981,0.0462552,0,1.18071
2707,1.04402,3.04624,0.688765,0.863305,-0.0230968,0,0.863614,1.07076,0.118688,0,1.07732,1.07562,0.168797,1.03027,0.826902,-0.0221229,0,0.827198
2708,1.05904,3.08531,0.671341,0.855472,-0.020965,0,0.855729,1.04942,0.0652549,0,1.05145,1.09584,0.213919,1.03474,0.807781,-0.0197963,0,0.808023
2709,1.12456,3.26112,0.617231,0.835426,0.0951514,0,0.840827,-0.0945796,0.0411449,0,0.103142,1.17871,0.39891,1.04815,0.742891,0.0846121,0,0.747694
2710,0.856835,2.57736,0.999867,0.98118,0.056997,0,0.982834,0.293172,0.603647,0,0.671074,0.805473,-0.434212,0.940056,1.14512,0.0665204,0,1.14705
2711,1.04621,3.06537,0.734736,0.909643,0.121499,0,0.917721,-0.110308,0.218993,0,0.245205,1.06515,0.145417,1.0181,0.869461,0.116132,0,0.877182
2712,1.05509,3.08767,0.721653,0.902626,0.120195,0,0.910594,-0.114999,0.192017,0,0.22382,1.07789,0.173863,1.02161,0.855496,0.113919,0,0.863048
2713,1.064,3.10988,0.707959,0.894793,0.117388,0,0.902461,-0.118535,0.167065,0,0.204844,1.09086,0.202818,1.02524,0.84097,0.110327,0,0.848176
2714,1.13556,3.28956,0.604514,0.832427,0.0234912,0,0.832758,1.00353,-0.00196827,0,1.00354,1.19368,0.432326,1.05119,0.733057,0.020687,0,0.733349
2715,1.07023,3.11179,0.648635,0.83764,-0.0177475,0,0.837828,1.03462,0.0368836,0,1.03528,1.11354,0.25343,1.04047,0.782674,-0.0165829,0,0.78285
2716,1.07896,3.14688,0.684082,0.886404,0.0316079,0,0.886967,1.03462,-0.0368836,0,1.03528,1.11292,0.252059,1.03148,0.821535,0.0292948,0,0.822057
2717,1.02449,3.01028,0.765275,0.931084,0.0450799,0,0.932174,1.02837,-0.365303,0,1.09132,1.03448,0.0769611,1.00975,0.908823,0.0440022,0,0.909888
2718,1.1077,3.21928,0.643284,0.860546,-0.00501651,0,0.86056,-0.117226,-0.0812492,0,0.14263,1.154,0.343748,1.04179,0.776874,-0.00452875,0,0.776887
2719,1.112,3.2299,0.636458,0.855423,0.000587931,0,0.855424,-0.11535,-0.069071,0,0.134449,1.16035,0.357926,1.04348,0.769264,0.000528713,0,0.769264
2720,1.10268,3.2067,0.650705,0.860291,0.0972439,0,0.865769,-0.11535,0.0690709,0,0.134449,1.14673,0.327516,1.03995,0.780185,0.0881891,0,0.785153
2721,0.882739,2.64547,0.964157,0.979277,0.0749701,0,0.982142,0.218402,0.57956,0,0.619345,0.839639,-0.357949,0.951174,1.10936,0.084929,0,1.11261
2722,1.01257,2.98009,0.782489,0.938601,0.0476058,0,0.939808,0.951156,-0.469521,0,1.06073,1.01758,0.039245,1.00495,0.926952,0.047015,0,0.928144
2723,1.1432,3.30703,0.587061,0.810578,0.0916518,0,0.815743,-0.0790118,0.025656,0,0.0830728,1.2064,0.460703,1.05528,0.709042,0.0801712,0,0.713561
2724,1.03933,3.04764,0.74336,0.920445,0.0403148,0,0.921327,1.07241,-0.219332,0,1.0946,1.05571,0.124359,1.01576,0.88561,0.0387891,0,0.886459
2725,1.05086,3.07691,0.727372,0.912731,0.0361752,0,0.913448,1.07326,-0.132977,0,1.08147,1.07196,0.160632,1.02008,0.868553,0.0344243,0,0.869235
2726,1.04385,3.05916,0.737347,0.917758,0.0387771,0,0.918577,1.07456,-0.182837,0,1.09001,1.062,0.138387,1.01739,0.879209,0.0371483,0,0.879993
2727,1.0472,3.06754,0.73224,0.914997,0.0374778,0,0.915764,1.0742,-0.157886,0,1.08574,1.06685,0.149223,1.01877,0.873758,0.0357886,0,0.874491
2728,1.05936,3.09825,0.714909,0.905759,-0.0373191,0,0.906528,-0.10181,-0.248387,0,0.268443,1.08415,0.187838,1.02341,0.855008,-0.0352281,0,0.855734
2729,1.05223,3.08041,0.7256,0.911781,-0.0391152,0,0.912619,-0.0925938,-0.277395,0,0.292441,1.07386,0.164858,1.02055,0.866523,-0.0371736,0,0.86732
2730,1.02738,3.01763,0.761307,0.929506,-0.0420376,0,0.930456,-0.0423538,-0.37159,0,0.373996,1.03852,0.0859745,1.01084,0.904736,-0.0409174,0,0.905661
2731,1.04429,3.06039,0.737106,0.917794,-0.0407008,0,0.918696,-0.079105,-0.307738,0,0.317742,1.06252,0.139545,1.01745,0.878871,-0.0389747,0,0.879734
2732,1.03596,3.03936,0.74908,0.923751,-0.0416942,0,0.924691,-0.0621593,-0.340778,0,0.346401,1.05067,0.113102,1.0142,0.891686,-0.0402469,0,0.892594
2733,1.08257,3.15658,0.681077,0.885949,-0.0270331,0,0.886362,-0.11826,-0.163135,0,0.201491,1.11749,0.262253,1.03225,0.818372,-0.0249711,0,0.818753
2734,1.07495,3.13756,0.692664,0.893244,-0.0311687,0,0.893788,-0.114922,-0.190075,0,0.222116,1.10639,0.23748,1.02925,0.830967,-0.0289956,0,0.831473
2735,1.04009,3.03686,0.696525,0.868828,-0.0253651,0,0.869199,1.07335,0.14518,0,1.08312,1.06947,0.155057,1.02825,0.835342,-0.0243875,0,0.835698
2736,1.03631,3.02862,0.706796,0.87722,-0.0277973,0,0.87766,1.07324,0.177873,0,1.08788,1.06279,0.140154,1.02555,0.846484,-0.0268234,0,0.846909
2737,1.03336,3.02317,0.718331,0.88763,-0.029573,0,0.888122,1.07081,0.212611,0,1.09172,1.05661,0.126362,1.0225,0.858971,-0.0286182,0,0.859447
2738,1.02993,3.01653,0.730653,0.89834,-0.0317914,0,0.898903,1.06791,0.248722,0,1.09649,1.0497,0.110942,1.0192,0.872233,-0.0308675,0,0.872779
2739,1.02674,3.01058,0.742931,0.909067,-0.0336199,0,0.909688,1.05714,0.295118,0,1.09756,1.04304,0.0960656,1.01587,0.885393,-0.0327444,0,0.885998
2740,1.02346,3.00372,0.752733,0.916856,-0.0354478,0,0.917541,1.04564,0.332457,0,1.09721,1.03697,0.0825294,1.0132,0.895836,-0.0346352,0,0.896505
2741,1.01947,2.99435,0.761082,0.922286,-0.0376164,0,0.923053,1.02625,0.370266,0,1.091,1.03059,0.0682831,1.0109,0.904669,-0.0368978,0,0.905421
2742,1.01504,2.98355,0.769032,0.926772,-0.0397715,0,0.927625,1.00276,0.407662,0,1.08245,1.02387,0.0532866,1.0087,0.913043,-0.0391824,0,0.913883
2743,1.01008,2.97125,0.777114,0.930796,-0.0422229,0,0.931753,0.974615,0.443622,0,1.07083,1.0166,0.0370494,1.00646,0.921509,-0.0418017,0,0.922457
2744,1.00486,2.95838,0.785875,0.935186,-0.0446449,0,0.936251,0.941698,0.478142,0,1.05613,1.00889,0.019834,1.004,0.930659,-0.0444288,0,0.931719
2745,0.998825,2.94344,0.795954,0.940029,-0.0474358,0,0.941225,0.90394,0.511052,0,1.0384,0.999985,-3.35546e-05,1.00116,0.941134,-0.0474916,0,0.942332
2746,0.991435,2.92508,0.808087,0.945524,-0.0504283,0,0.946868,0.861865,0.541504,0,1.01786,0.989169,-0.0241759,0.997714,0.953692,-0.0508639,0,0.955048
2747,0.986205,2.91271,0.818942,0.951676,-0.0509293,0,0.953038,0.816602,0.568533,0,0.995022,0.980886,-0.0426645,0.994607,0.964988,-0.0516417,0,0.966369
2748,0.970447,2.87251,0.841551,0.958984,-0.0543997,0,0.960526,0.741843,0.59969,0,0.953918,0.958865,-0.0918199,0.988065,0.988188,-0.0560563,0,0.989777
2749,1.01967,2.99814,0.772445,0.927338,0.123721,0,0.935555,-0.0836309,0.296298,0,0.307874,1.02758,0.0615618,1.00776,0.909449,0.121334,0,0.917507
2750,1.02922,3.02231,0.758691,0.921005,0.123554,0,0.929255,-0.0949619,0.268607,0,0.2849,1.04112,0.0917935,1.01156,0.894855,0.120046,0,0.902871
2751,0.898964,2.68493,0.930997,0.968848,-0.0638998,0,0.970953,0.657637,0.62573,0,0.907758,0.864231,-0.303056,0.961363,1.07774,-0.0710816,0,1.08008
2752,0.820881,2.48141,1.04696,0.977321,-0.0393935,0,0.978115,0.586776,0.635321,0,0.864834,0.759473,-0.536891,0.925192,1.19058,-0.0479892,0,1.19154
2753,0.797008,2.41923,1.08619,0.978535,-0.00730516,0,0.978562,0.513832,0.638025,0,0.819207,0.727399,-0.608485,0.912662,1.22776,-0.00916573,0,1.2278
2754,1.05831,3.09595,0.71759,0.9081,0.033394,0,0.908714,1.06688,-0.093159,0,1.07093,1.08233,0.183771,1.02269,0.858063,0.031554,0,0.858643
2755,1.0522,3.06763,0.679717,0.859691,-0.0195527,0,0.859914,1.06324,0.0812959,0,1.06634,1.0865,0.193077,1.0326,0.817045,-0.0185828,0,0.817256
2756,1.06134,3.10352,0.713043,0.905494,0.0323196,0,0.906071,1.06306,-0.0796695,0,1.06604,1.0867,0.193536,1.0239,0.853163,0.0304517,0,0.853706
2757,0.958418,2.8415,0.857918,0.964478,0.0216732,0,0.964722,0.429012,-0.633696,0,0.765259,0.942388,-0.128598,0.983274,1.00632,0.0226136,0,1.00658
2758,0.976098,2.88691,0.833342,0.957047,0.0392095,0,0.957849,0.627016,-0.631759,0,0.890095,0.966777,-0.0741576,0.990451,0.980482,0.0401697,0,0.981305
2759,0.988245,2.91809,0.816674,0.952122,-0.0324808,0,0.952676,0.083563,-0.501518,0,0.508432,0.983559,-0.0366993,0.995258,0.963448,-0.0328672,0,0.964008
2760,0.977762,2.89128,0.831358,0.957117,-0.0261977,0,0.957476,0.129497,-0.534515,0,0.549978,0.968988,-0.069223,0.991026,0.978886,-0.0267935,0,0.979252
2761,0.968618,2.86785,0.844186,0.961161,-0.0186979,0,0.961343,0.176972,-0.561446,0,0.588677,0.956314,-0.097513,0.987298,0.992302,-0.0193036,0,0.99249
2762,0.961628,2.84989,0.853902,0.963935,-0.0111528,0,0.964,0.223119,-0.579959,0,0.621397,0.946679,-0.119021,0.984454,1.0024,-0.0115978,0,1.00247
2763,0.956926,2.83779,0.860426,0.965673,-0.000954279,0,0.965673,0.280341,-0.601308,0,0.663448,0.940214,-0.133451,0.982536,1.00914,-0.000997234,0,1.00914
2764,0.95561,2.83434,0.862038,0.965854,0.011205,0,0.965919,0.351094,-0.620744,0,0.713155,0.938467,-0.13735,0.982061,1.01072,0.0117255,0,1.01079
2765,1.04878,3.07171,0.730583,0.91482,-0.0287462,0,0.915272,-0.11966,-0.307597,0,0.330053,1.06893,0.153862,1.01922,0.872273,-0.0274092,0,0.872704
2766,1.00785,2.96804,0.78899,0.94133,0.0436548,0,0.942342,0.938938,-0.569541,0,1.09817,1.011,0.0245516,1.00313,0.934,0.0433149,0,0.935004
2767,1.1491,3.32128,0.576445,0.802195,0.0788015,0,0.806056,-0.0762985,0.0127493,0,0.0773564,1.21543,0.480865,1.05772,0.698108,0.0685768,0,0.701468
2768,0.998704,2.9447,0.801683,0.946129,0.0432253,0,0.947116,0.84807,-0.636121,0,1.06013,0.998242,-0.00392459,0.999537,0.947357,0.0432814,0,0.948345
2769,0.971943,2.87627,0.839156,0.959136,0.0300769,0,0.959607,0.542554,-0.717669,0,0.899674,0.961021,-0.0870069,0.988763,0.986823,0.0309452,0,0.987309
2770,1.10765,3.21825,0.640026,0.856015,0.0286803,0,0.856495,1.01259,-0.00934469,0,1.01263,1.15484,0.345627,1.0426,0.772817,0.0258928,0,0.773251
2771,1.10224,3.20471,0.64809,0.861661,0.0309839,0,0.862218,1.01478,-0.0132873,0,1.01487,1.14699,0.328107,1.0406,0.781738,0.02811,0,0.782243
2772,1.06955,3.12391,0.700211,0.897561,0.0318784,0,0.898127,1.04864,-0.05558,0,1.05011,1.09873,0.220373,1.02728,0.839197,0.0298055,0,0.839726
2773,1.12437,3.25964,0.61379,0.835939,0.0254959,0,0.836328,1.00606,-0.00340841,0,1.00607,1.17944,0.400539,1.04898,0.743473,0.0226757,0,0.743818
2774,1.07604,3.13992,0.689654,0.890549,0.0327249,0,0.89115,1.03865,-0.0421694,0,1.03951,1.10836,0.241882,1.03004,0.827614,0.0304122,0,0.828173
2775,0.841796,2.53787,1.02158,0.982416,0.0327014,0,0.98296,0.391049,0.706748,0,0.80772,0.785589,-0.478596,0.933229,1.16705,0.0388472,0,1.16769
2776,0.993644,2.93178,0.808735,0.948712,0.0422094,0,0.94965,0.794739,-0.664291,0,1.03581,0.991189,-0.0196665,0.99753,0.954781,0.0424794,0,0.955725
2777,1.09348,3.18392,0.665056,0.875957,-0.0035988,0,0.875964,-0.140155,-0.105296,0,0.175301,1.13322,0.297376,1.03634,0.801069,-0.00329113,0,0.801076
2778,1.08168,3.15437,0.682468,0.887186,-0.0133589,0,0.887286,-0.143287,-0.151942,0,0.208848,1.11618,0.259335,1.03189,0.82019,-0.0123501,0,0.820283
2779,1.11225,3.22922,0.631371,0.848871,0.0263464,0,0.84928,1.01081,-0.00637786,0,1.01083,1.16199,0.36159,1.04473,0.763204,0.0236876,0,0.763572
2780,1.012,2.97864,0.783222,0.93907,0.0432802,0,0.940066,0.976803,-0.531905,0,1.11223,1.01681,0.0375125,1.00475,0.927933,0.0427669,0,0.928918
2781,0.998921,2.94525,0.801368,0.940469,0.110956,0,0.946992,-0.0743288,0.40593,0,0.412679,0.998548,-0.00324044,0.999627,0.941484,0.111076,0,0.948014
2782,0.988997,2.91995,0.815404,0.94572,0.109966,0,0.952092,-0.0533001,0.437811,0,0.441043,0.984667,-0.034225,0.995622,0.956242,0.11119,0,0.962685
2783,1.02302,3.00656,0.767455,0.93232,0.0405611,0,0.933202,1.05932,-0.407738,0,1.13508,1.03237,0.0722522,1.00914,0.911345,0.0396486,0,0.912207
2784,1.00342,2.95675,0.795115,0.943664,0.0436794,0,0.944674,0.896143,-0.604311,0,1.08086,1.00483,0.0107753,1.0014,0.940444,0.0435303,0,0.941451
2785,1.06762,3.10613,0.655839,0.84413,-0.0187503,0,0.844338,1.03865,0.0421693,0,1.03951,1.1089,0.243084,1.03867,0.790664,-0.0175627,0,0.790859
2786,1.06125,3.09071,0.667512,0.852818,-0.0187575,0,0.853024,1.0488,0.0557327,0,1.05028,1.09916,0.221328,1.03572,0.803599,-0.0176749,0,0.803793
2787,1.14836,3.3202,0.580446,0.808427,0.0616772,0,0.810777,-0.0805024,0.0054171,0,0.0806844,1.21359,0.476771,1.05681,0.703984,0.0537089,0,0.70603
2788,0.932499,2.77481,0.894578,0.968934,0.0921453,0,0.973306,0.0979054,0.59054,0,0.598601,0.906746,-0.208157,0.972383,1.03907,0.0988154,0,1.04376
2789,0.912349,2.72263,0.922805,0.974569,0.0819308,0,0.978006,0.158402,0.62839,0,0.648047,0.879375,-0.269251,0.963858,1.0682,0.089802,0,1.07196
2790,1.08817,3.17072,0.673285,0.881565,-0.00817516,0,0.881603,-0.142487,-0.125666,0,0.189986,1.12544,0.280001,1.03425,0.810134,-0.00751275,0,0.810169
2791,1.09271,3.18116,0.663227,0.872451,0.0345166,0,0.873133,1.02006,-0.022937,0,1.02031,1.13293,0.296718,1.0368,0.798427,0.031588,0,0.799051
2792,0.966789,2.86307,0.846437,0.961478,0.0236152,0,0.961768,0.463246,-0.716584,0,0.853282,0.953873,-0.102962,0.98664,0.994506,0.0244264,0,0.994806
2793,1.04053,3.05075,0.741945,0.920134,0.0351786,0,0.920806,1.09802,-0.202534,0,1.11654,1.05733,0.127966,1.01614,0.884292,0.0338083,0,0.884938
2794,1.03642,3.0403,0.747669,0.922803,0.0366669,0,0.923531,1.09738,-0.242453,0,1.12385,1.05153,0.115025,1.01458,0.890379,0.0353786,0,0.891082
2795,1.02945,3.02279,0.758031,0.927914,0.0390285,0,0.928735,1.08536,-0.323035,0,1.13241,1.04154,0.0927245,1.01174,0.901369,0.037912,0,0.902166
2796,1.0953,3.18836,0.661983,0.869238,0.0881094,0,0.873693,-0.133841,0.072381,0,0.152159,1.13596,0.303478,1.03712,0.793607,0.0804431,0,0.797673
2797,1.05547,3.07633,0.676539,0.858714,-0.0178145,0,0.858899,1.06079,0.0689567,0,1.06303,1.09074,0.202554,1.03342,0.813582,-0.0168782,0,0.813757
2798,0.949797,2.81947,0.870483,0.963113,0.0992585,0,0.968215,0.0470024,0.55034,0,0.552343,0.930389,-0.155383,0.979565,1.01402,0.104505,0,1.01939
2799,1.01928,2.99707,0.772717,0.934941,-0.0321205,0,0.935492,-0.0430005,-0.452609,0,0.454647,1.02711,0.0605152,1.00768,0.917255,-0.0315129,0,0.917796
2800,1.0016,2.95215,0.797808,0.945358,-0.028708,0,0.945794,0.0257658,-0.531112,0,0.531737,1.00224,0.00500306,1.00064,0.943844,-0.028662,0,0.94428
2801,1.08553,3.14722,0.614461,0.808081,-0.0170507,0,0.808261,1.01848,0.0182175,0,1.01864,1.13853,0.309209,1.04882,0.74441,-0.0157072,0,0.744575
2802,1.12141,3.25342,0.622561,0.845076,0.0140512,0,0.845193,-0.110051,-0.0444353,0,0.118684,1.17397,0.388316,1.04687,0.753585,0.01253,0,0.753689
2803,1.08027,3.13483,0.625441,0.81752,-0.0162184,0,0.817681,1.0234,0.022042,0,1.02364,1.13015,0.290505,1.04617,0.756774,-0.0150133,0,0.756922
2804,1.02703,3.01671,0.761627,0.929937,-0.0321787,0,0.930493,-0.0681904,-0.416694,0,0.422237,1.03808,0.0849939,1.01075,0.90546,-0.0313317,0,0.906002
2805,0.988234,2.91795,0.816298,0.951418,0.0404704,0,0.952279,0.735978,-0.688031,0,1.0075,0.983654,-0.0364857,0.995366,0.962746,0.0409522,0,0.963617
2806,1.01967,2.99815,0.772432,0.934607,0.0418541,0,0.935544,1.03709,-0.449496,0,1.13031,1.02759,0.0615788,1.00776,0.916575,0.0410465,0,0.917493
2807,1.01089,2.97581,0.784758,0.940168,-0.0308904,0,0.940675,-0.0121034,-0.491949,0,0.492098,1.01526,0.0340523,1.00432,0.930038,-0.0305576,0,0.93054
2808,1.09495,3.18655,0.659082,0.869224,0.0341756,0,0.869895,1.01857,-0.0204639,0,1.01877,1.1364,0.304463,1.03785,0.793844,0.0312119,0,0.794458
2809,1.10331,3.20831,0.649858,0.865204,0.00633581,0,0.865227,-0.134006,-0.0724316,0,0.152329,1.14762,0.329507,1.04016,0.78419,0.00574255,0,0.784211
2810,1.11925,3.24707,0.622242,0.842812,0.0243922,0,0.843164,1.00805,-0.00423074,0,1.00806,1.17179,0.383466,1.04694,0.753015,0.0217934,0,0.75333
2811,1.10388,3.1905,0.576099,0.773858,-0.00812704,0,0.773901,1.00897,0.0051796,0,1.00899,1.16769,0.374303,1.0578,0.701034,-0.00736224,0,0.701073
2812,1.10902,3.18572,0.494131,0.672313,0.0127561,0,0.672434,1.00424,-1.99434e-09,0,1.00424,1.19274,0.430233,1.0755,0.606224,0.0115022,0,0.606333
2813,1.11416,3.23533,0.633406,0.848849,0.0868485,0,0.85328,-0.110051,0.0444352,0,0.118683,1.16344,0.364814,1.04423,0.761873,0.0779497,0,0.76585
2814,0.978049,2.89203,0.83103,0.951371,0.107495,0,0.957424,-0.0270716,0.473455,0,0.474229,0.969364,-0.0683832,0.991121,0.972723,0.109908,0,0.978913
2815,1.08564,3.16362,0.674305,0.880097,0.0344032,0,0.880769,1.0264,-0.0305315,0,1.02686,1.12253,0.273515,1.03399,0.810675,0.0316894,0,0.811294
2816,1.09889,3.19659,0.653948,0.866245,0.0299331,0,0.866762,1.01797,-0.0147648,0,1.01808,1.1419,0.316751,1.03914,0.788288,0.0272393,0,0.788758
2817,1.12083,3.23116,0.542833,0.742985,-0.00588374,0,0.743009,1.00407,0.0014233,0,1.00407,1.19395,0.432931,1.06524,0.662887,-0.00524944,0,0.662908
2818,1.09135,3.16102,0.602612,0.797851,-0.015197,0,0.797996,1.01478,0.0132873,0,1.01487,1.14771,0.329709,1.05164,0.731066,-0.0139249,0,0.731198
2819,1.1202,3.2328,0.556849,0.760646,-0.00410851,0,0.760657,1.00444,0.00234312,0,1.00444,1.18982,0.423694,1.06215,0.679028,-0.00366766,0,0.679038
2820,1.02644,3.01524,0.762585,0.930158,0.0396836,0,0.931004,1.07288,-0.365117,0,1.13331,1.03721,0.0830498,1.01049,0.906199,0.0386614,0,0.907023
2821,1.01591,2.98857,0.777693,0.93679,0.0425417,0,0.937756,1.00981,-0.491463,0,1.12306,1.0223,0.0497863,1.00629,0.922119,0.0418754,0,0.92307
2822,1.07654,3.14168,0.690735,0.887427,0.0981673,0,0.89284,-0.143146,0.125057,0,0.190079,1.10857,0.242355,1.02975,0.82433,0.0911875,0,0.829359
2823,0.98264,2.90366,0.824183,0.954196,0.0378254,0,0.954945,0.672133,-0.70598,0,0.974767,0.975859,-0.0538857,0.993099,0.971053,0.0384937,0,0.971815
2824,1.08349,3.15887,0.679761,0.880414,0.0951407,0,0.88554,-0.140179,0.104234,0,0.174686,1.1188,0.265175,1.03259,0.812574,0.0878097,0,0.817305
2825,1.09597,3.17161,0.591759,0.787799,-0.0122151,0,0.787894,1.01259,0.00934468,0,1.01263,1.15536,0.346784,1.05419,0.718812,-0.0111454,0,0.718899
2826,1.0987,3.19694,0.657298,0.87069,0.00192248,0,0.870693,-0.137433,-0.0869461,0,0.162627,1.14077,0.314229,1.0383,0.792477,0.00174979,0,0.792479
2827,1.08981,3.17467,0.670257,0.874588,0.0908218,0,0.879291,-0.137381,0.0864096,0,0.162297,1.12798,0.28567,1.03502,0.802511,0.083337,0,0.806827
2828,1.03299,3.03184,0.753244,0.925881,0.0377157,0,0.926649,1.09245,-0.284417,0,1.12887,1.04649,0.103762,1.01306,0.896307,0.036511,0,0.897051
2829,1.10023,3.18152,0.582303,0.77908,-0.00829237,0,0.779124,1.01081,0.00637785,0,1.01083,1.16226,0.362191,1.05638,0.708105,-0.00753692,0,0.708145
2830,1.1161,3.23895,0.625988,0.845069,0.0265573,0,0.845487,1.00897,-0.0051796,0,1.00899,1.16748,0.373845,1.04604,0.757162,0.0237947,0,0.757536
2831,0.964878,2.85825,0.849434,0.95718,0.104215,0,0.962836,0.00645221,0.512283,0,0.512324,0.951141,-0.10906,0.985763,0.992022,0.108008,0,0.997884
2832,1.14347,3.30768,0.586551,0.814272,0.0404123,0,0.815275,-0.0873542,-0.0116327,0,0.0881254,1.20682,0.461648,1.0554,0.712104,0.0353416,0,0.712981
2833,1.1372,3.29179,0.595104,0.821563,0.0215485,0,0.821845,-0.0917808,-0.027261,0,0.0957438,1.19793,0.441805,1.0534,0.722445,0.0189488,0,0.722694
2834,1.06417,3.11068,0.709079,0.903369,0.0309992,0,0.9039,1.06028,-0.0680264,0,1.06246,1.09072,0.202498,1.02495,0.848896,0.02913,0,0.849396
2835,1.07629,3.12624,0.636653,0.827944,-0.0201512,0,0.828189,1.0264,0.0305315,0,1.02686,1.12304,0.27464,1.04343,0.769254,-0.0187227,0,0.769482
2836,1.00947,2.97218,0.78678,0.934872,0.111528,0,0.941501,-0.0939076,0.368373,0,0.380155,1.01325,0.0295735,1.00375,0.926106,0.110482,0,0.932673
2837,1.10714,3.1989,0.572061,0.771064,-0.00519066,0,0.771082,1.00805,0.00423074,0,1.00806,1.17215,0.384274,1.05872,0.696446,-0.00468835,0,0.696462
2838,1.11244,3.2119,0.562912,0.763095,-0.00650367,0,0.763122,1.00606,0.0034084,0,1.00607,1.18006,0.401924,1.06079,0.685967,-0.00584633,0,0.685992
2839,1.13691,3.29465,0.608855,0.839089,0.0200027,0,0.839327,1.00407,-0.00142331,0,1.00407,1.19393,0.43289,1.05016,0.738043,0.0175939,0,0.738253
2840,1.04432,3.04712,0.688833,0.863743,-0.0181642,0,0.863934,1.08368,0.105591,0,1.08881,1.0759,0.169431,1.03025,0.82709,-0.0173934,0,0.827273
2841,0.864369,2.5972,0.989426,0.981443,0.0521116,0,0.982826,0.311067,0.687144,0,0.754274,0.815378,-0.412103,0.943321,1.13544,0.0602886,0,1.13704
2842,1.04352,3.05837,0.737967,0.912475,0.109184,0,0.918984,-0.136482,0.240339,0,0.276387,1.06149,0.137247,1.01722,0.874424,0.104631,0,0.880661
2843,1.05152,3.07877,0.727156,0.907453,0.107278,0,0.913772,-0.14135,0.210495,0,0.25355,1.07269,0.16226,1.02014,0.862992,0.102022,0,0.869002
2844,1.05906,3.09762,0.715727,0.901039,0.105694,0,0.907217,-0.143219,0.183289,0,0.232608,1.08362,0.186656,1.02319,0.850788,0.0997991,0,0.856621
2845,1.06737,3.11842,0.703337,0.894128,0.102125,0,0.899941,-0.144195,0.155085,0,0.211764,1.09561,0.213425,1.02646,0.837693,0.0956789,0,0.843139
2846,1.13295,3.28356,0.610268,0.837893,0.0230394,0,0.83821,1.00444,-0.00234312,0,1.00444,1.18939,0.422753,1.04982,0.739568,0.0203358,0,0.739848
2847,1.10593,3.21488,0.646047,0.862504,0.0120873,0,0.862589,-0.131236,-0.0597058,0,0.14418,1.15139,0.337933,1.04111,0.77989,0.0109296,0,0.779967
2848,1.09961,3.19935,0.656386,0.866362,0.0827416,0,0.870304,-0.131236,0.0597056,0,0.144179,1.14198,0.31691,1.03853,0.787881,0.0752463,0,0.791466
2849,0.888979,2.66178,0.955446,0.979186,0.0678378,0,0.981533,0.233232,0.661617,0,0.701523,0.847965,-0.339363,0.953864,1.10147,0.0763097,0,1.10411
2850,1.13069,3.27592,0.606211,0.826895,0.0860531,0,0.83136,-0.0921112,0.0291453,0,0.0966123,1.18811,0.419899,1.05079,0.731317,0.0761065,0,0.735267
2851,1.05118,3.07789,0.727521,0.913354,0.0314364,0,0.913895,1.08817,-0.119671,0,1.09473,1.07225,0.161266,1.02004,0.868882,0.0299057,0,0.869396
2852,1.04419,3.06001,0.736775,0.917608,0.03394,0,0.918236,1.09567,-0.17005,0,1.10878,1.06251,0.139526,1.01754,0.878777,0.0325037,0,0.879378
2853,1.06149,3.10361,0.711814,0.904452,-0.0243796,0,0.904781,-0.136116,-0.243548,0,0.279004,1.0872,0.19465,1.02423,0.852061,-0.0229673,0,0.852371
2854,1.05529,3.0881,0.721087,0.909731,-0.0266437,0,0.910121,-0.130106,-0.273345,0,0.302729,1.07826,0.174681,1.02176,0.862065,-0.0252477,0,0.862435
2855,1.03454,3.03576,0.751049,0.925068,-0.0315868,0,0.925607,-0.0889426,-0.379765,0,0.390042,1.04868,0.10865,1.01366,0.894181,-0.0305322,0,0.894702
2856,1.04181,3.05414,0.740657,0.919998,-0.0302857,0,0.920496,-0.10699,-0.342905,0,0.359209,1.05899,0.131681,1.01649,0.883076,-0.0290703,0,0.883554
2857,1.07521,3.13819,0.692196,0.893275,-0.017861,0,0.893454,-0.142833,-0.179857,0,0.229673,1.10679,0.238376,1.02937,0.830793,-0.0166116,0,0.830959
2858,1.06844,3.12119,0.702084,0.899132,-0.0210618,0,0.899378,-0.141248,-0.209888,0,0.25299,1.09706,0.216652,1.02679,0.84154,-0.0197127,0,0.841771
2859,1.04019,3.03675,0.695063,0.86739,-0.0199499,0,0.867619,1.08942,0.130238,0,1.09718,1.06997,0.156173,1.02863,0.833878,-0.0191792,0,0.834099
2860,1.04736,3.06798,0.732062,0.915122,0.0327618,0,0.915708,1.0926,-0.144721,0,1.10214,1.06707,0.149714,1.01882,0.873739,0.0312802,0,0.874298
2861,1.03653,3.02851,0.704043,0.874453,-0.0221631,0,0.874734,1.0937,0.161589,0,1.10557,1.06376,0.142331,1.02628,0.843637,-0.0213821,0,0.843908
2862,1.0334,3.0223,0.714796,0.883863,-0.0239401,0,0.884187,1.09589,0.196912,0,1.11344,1.05762,0.12861,1.02344,0.855297,-0.0231664,0,0.855611
2863,1.03101,3.01857,0.726654,0.89502,-0.0256747,0,0.895388,1.09664,0.232857,0,1.12108,1.05191,0.115864,1.02027,0.868102,-0.0249025,0,0.868459
2864,1.02768,3.01227,0.739058,0.905825,-0.0276349,0,0.906246,1.09355,0.279122,0,1.12861,1.04508,0.100619,1.01693,0.881425,-0.0268905,0,0.881835
2865,1.02459,3.00634,0.750226,0.915337,-0.0292611,0,0.915805,1.08575,0.324376,0,1.13317,1.03882,0.0866555,1.01389,0.893365,-0.0285587,0,0.893822
2866,1.02116,2.99866,0.758772,0.921546,-0.0309446,0,0.922066,1.07194,0.369815,0,1.13394,1.03295,0.0735444,1.01154,0.902448,-0.0303033,0,0.902957
2867,1.01712,2.9889,0.766339,0.926034,-0.0327385,0,0.926612,1.05608,0.415088,0,1.13473,1.02673,0.0596642,1.00945,0.91045,-0.0321876,0,0.911019
2868,1.01278,2.97837,0.774146,0.930418,-0.0346961,0,0.931065,1.0314,0.459072,0,1.12896,1.02016,0.0450015,1.00728,0.918673,-0.0342581,0,0.919312
2869,1.00803,2.96684,0.782814,0.935217,-0.0368899,0,0.935944,1.00133,0.502047,0,1.12014,1.01293,0.028866,1.00486,0.927765,-0.036596,0,0.928487
2870,1.00277,2.95409,0.792495,0.940478,-0.0392943,0,0.941299,0.965267,0.543298,0,1.10766,1.00492,0.010978,1.00214,0.937877,-0.0391856,0,0.938695
2871,0.99638,2.93834,0.803426,0.945803,-0.0419127,0,0.946731,0.923412,0.582247,0,1.09165,0.995426,-0.0102107,0.999042,0.949239,-0.042065,0,0.95017
2872,0.98981,2.92204,0.814312,0.950733,-0.0439594,0,0.951748,0.876672,0.617714,0,1.07244,0.985786,-0.0317281,0.995935,0.960521,-0.0444119,0,0.961547
2873,0.982785,2.90452,0.8257,0.955544,-0.0456157,0,0.956633,0.808811,0.655108,0,1.04084,0.975573,-0.0545254,0.992661,0.972282,-0.0464148,0,0.97339
2874,1.01978,2.99841,0.772256,0.92878,0.111511,0,0.935451,-0.11135,0.330297,0,0.348562,1.02774,0.0619278,1.00781,0.910766,0.109348,0,0.917306
2875,1.0288,3.02126,0.759391,0.922969,0.111163,0,0.929639,-0.122748,0.296141,0,0.320573,1.0405,0.0903931,1.01137,0.897133,0.108051,0,0.903617
2876,1.03641,3.04046,0.748292,0.917616,0.110271,0,0.924218,-0.131277,0.266361,0,0.296954,1.05135,0.114619,1.01441,0.885379,0.106398,0,0.891749
2877,0.950519,2.82018,0.865406,0.962568,-0.0532142,0,0.964038,0.723457,0.689404,0,0.999334,0.932523,-0.150618,0.981067,1.01268,-0.0559844,0,1.01422
2878,0.882756,2.64375,0.957675,0.975433,-0.0473997,0,0.976583,0.633197,0.711727,0,0.952625,0.841422,-0.353968,0.953177,1.10499,-0.0536952,0,1.10629
2879,0.832888,2.51417,1.03357,0.981754,-0.020902,0,0.981977,0.553331,0.718319,0,0.906729,0.774118,-0.504201,0.929438,1.17874,-0.0250958,0,1.179
2880,0.825824,2.49575,1.04466,0.982193,0.00853061,0,0.98223,0.474143,0.717405,0,0.859931,0.76465,-0.525335,0.925923,1.18935,0.0103298,0,1.18939
2881,1.05493,3.08747,0.722664,0.911106,0.030233,0,0.911607,1.08272,-0.0984923,0,1.08719,1.07744,0.172853,1.02134,0.863667,0.0286589,0,0.864142
2882,1.058,3.09514,0.717943,0.908389,0.0290231,0,0.908852,1.07716,-0.0829612,0,1.08035,1.08191,0.182837,1.0226,0.858589,0.0274319,0,0.859027
2883,1.04832,3.0577,0.684804,0.862453,-0.016362,0,0.862608,1.07781,0.0862512,0,1.08125,1.08112,0.181069,1.03129,0.822702,-0.0156079,0,0.822851
2884,0.977369,2.89023,0.831766,0.956895,0.0341555,0,0.957504,0.602646,-0.714934,0,0.935047,0.968483,-0.0703512,0.990908,0.979052,0.0349463,0,0.979675
2885,0.992151,2.92805,0.81115,0.950395,-0.0251121,0,0.950727,0.06997,-0.56891,0,0.573196,0.989016,-0.0245188,0.99684,0.957914,-0.0253108,0,0.958248
2886,0.983003,2.90472,0.824131,0.955045,-0.0195276,0,0.955245,0.120114,-0.606368,0,0.61815,0.976234,-0.05305,0.993114,0.971559,-0.0198653,0,0.971762
2887,0.974814,2.88371,0.835432,0.958601,-0.0133801,0,0.958695,0.173721,-0.636319,0,0.659607,0.964915,-0.0783147,0.989845,0.983368,-0.0137258,0,0.983464
2888,0.963767,2.85534,0.850783,0.962956,0.014277,0,0.963062,0.377094,-0.705178,0,0.799672,0.949665,-0.112354,0.985369,0.999159,0.0148137,0,0.999269
2889,0.968674,2.86798,0.844057,0.961251,-0.00617078,0,0.961271,0.226078,-0.659388,0,0.697068,0.956406,-0.0973088,0.987335,0.992337,-0.00637034,0,0.992358
2890,0.96471,2.85786,0.849797,0.963022,0.00352411,0,0.963028,0.295554,-0.684429,0,0.745517,0.950873,-0.109658,0.985657,0.99825,0.00365303,0,0.998257
2891,1.01953,2.9977,0.772366,0.935046,-0.0235035,0,0.935341,-0.0725385,-0.507611,0,0.512768,1.02746,0.0612965,1.00778,0.917134,-0.0230532,0,0.917424
2892,1.00152,2.95191,0.797793,0.940346,0.10052,0,0.945703,-0.107163,0.450463,0,0.463035,1.00217,0.00483389,1.00064,0.938915,0.100367,0,0.944264
2893,0.873406,2.621,0.977106,0.981675,0.0454919,0,0.982728,0.330489,0.780864,0,0.847922,0.827254,-0.385593,0.947159,1.12396,0.0520857,0,1.12517
2894,1.072,3.12977,0.695586,0.894281,0.0294502,0,0.894766,1.04823,-0.0464871,0,1.04926,1.10254,0.228888,1.02849,0.834218,0.0274722,0,0.834671
2895,1.05092,3.07709,0.727438,0.913405,-0.0175064,0,0.913572,-0.161953,-0.301776,0,0.342488,1.072,0.160719,1.02006,0.869147,-0.0166582,0,0.869307
2896,1.12881,3.27324,0.616487,0.842819,0.0201548,0,0.84306,1.00552,-0.00241123,0,1.00552,1.18337,0.409305,1.04833,0.746643,0.0178549,0,0.746857
2897,1.06349,3.09605,0.663087,0.849476,-0.0154669,0,0.849617,1.04838,0.0465918,0,1.04942,1.10267,0.229169,1.03684,0.798764,-0.0145436,0,0.798896
2898,0.855575,2.57435,1.00277,0.983472,0.0237165,0,0.983758,0.421246,0.800573,0,0.904635,0.80351,-0.438593,0.939147,1.14949,0.0277199,0,1.14982
2899,1.02459,3.01055,0.765215,0.931518,0.0355201,0,0.932195,1.1205,-0.403736,0,1.19102,1.03459,0.0772139,1.00976,0.909163,0.0346676,0,0.909824
2900,0.93816,2.78948,0.886826,0.968194,0.0846337,0,0.971886,0.0890721,0.671932,0,0.67781,0.914428,-0.191009,0.974704,1.03201,0.0902124,0,1.03595
2901,0.974277,2.88229,0.836019,0.95843,0.0250819,0,0.958758,0.501661,-0.807666,0,0.950783,0.964218,-0.0798708,0.989675,0.983734,0.0257441,0,0.984071
2902,1.03911,3.0473,0.744537,0.922196,-0.0210542,0,0.922437,-0.139677,-0.381759,0,0.406509,1.05515,0.123097,1.01544,0.887491,-0.0202619,0,0.887722
2903,1.11114,3.228,0.638634,0.857266,0.0184732,0,0.857466,-0.127495,-0.0468039,0,0.135815,1.15886,0.354598,1.04294,0.771517,0.0166254,0,0.771696
2904,1.09222,3.16242,0.598316,0.793231,-0.0116959,0,0.793317,1.01493,0.0105546,0,1.01499,1.14972,0.334207,1.05265,0.726256,-0.0107084,0,0.726335
2905,1.01838,2.99484,0.774163,0.935459,0.0379759,0,0.936229,1.07233,-0.502249,0,1.18412,1.02579,0.0575778,1.00728,0.918573,0.0372904,0,0.91933
2906,1.11388,3.23438,0.632844,0.852118,0.0205963,0,0.852367,1.01072,-0.00450396,0,1.01073,1.1633,0.364512,1.04436,0.764997,0.0184905,0,0.765221
2907,1.1179,3.24549,0.630845,0.852719,0.0193425,0,0.852938,1.00948,-0.00376413,0,1.00948,1.16804,0.375092,1.04485,0.762786,0.0173026,0,0.762983
2908,1.1156,3.21676,0.545584,0.743071,-0.00381063,0,0.743081,1.00498,0.00159082,0,1.00498,1.18771,0.419003,1.06464,0.666071,-0.00341575,0,0.666079
2909,1.0894,3.17277,0.667715,0.875373,0.0303423,0,0.875899,1.02464,-0.0227861,0,1.02489,1.12826,0.286292,1.03567,0.803535,0.0278522,0,0.804018
2910,1.08634,3.16537,0.673213,0.879484,0.0310679,0,0.880032,1.02755,-0.0254815,0,1.02787,1.12357,0.275815,1.03427,0.809585,0.0285987,0,0.81009
2911,0.989002,2.92003,0.815634,0.951645,0.0362336,0,0.952334,0.72844,-0.783738,0,1.06999,0.984608,-0.0343579,0.995557,0.962227,0.0366365,0,0.962924
2912,0.978178,2.89237,0.830868,0.956918,0.029953,0,0.957387,0.576579,-0.803732,0,0.989155,0.969539,-0.0679938,0.991168,0.978266,0.0306212,0,0.978745
2913,1.015,2.98624,0.778927,0.937447,0.0386226,0,0.938242,1.04312,-0.552344,0,1.18033,1.02104,0.0469614,1.00595,0.923593,0.0380518,0,0.924376
2914,1.07388,3.13485,0.694126,0.894599,-0.00603734,0,0.894619,-0.170287,-0.166342,0,0.238049,1.10488,0.234117,1.02887,0.833054,-0.00562199,0,0.833073
2915,1.12324,3.25876,0.622598,0.846352,0.0214186,0,0.846623,1.00725,-0.00328994,0,1.00726,1.17588,0.392584,1.04686,0.753489,0.0190685,0,0.75373
2916,1.01025,2.97411,0.785477,0.935436,0.100712,0,0.940842,-0.126744,0.409373,0,0.428544,1.0144,0.0321511,1.00411,0.925948,0.0996904,0,0.931299
2917,1.12404,3.24582,0.564557,0.772833,0.0238278,0,0.773201,1.00456,-0.000772573,0,1.00456,1.19195,0.428466,1.06042,0.687551,0.0211984,0,0.687878
2918,1.07692,3.12721,0.633488,0.824687,-0.0167634,0,0.824857,1.02734,0.0253287,0,1.02765,1.12453,0.277962,1.04421,0.765783,-0.0155661,0,0.765941
2919,1.02778,3.01864,0.760753,0.929555,0.0349008,0,0.93021,1.1178,-0.355543,0,1.17298,1.03908,0.0872245,1.011,0.904433,0.0339576,0,0.90507
2920,1.08491,3.16257,0.678125,0.884744,0.0030643,0,0.884749,-0.164366,-0.112843,0,0.199373,1.12073,0.269476,1.03301,0.815499,0.00282447,0,0.815503
2921,1.01916,2.99679,0.772988,0.930278,0.100335,0,0.935673,-0.143313,0.367973,0,0.394895,1.02691,0.0600666,1.00761,0.91279,0.0984484,0,0.918084
2922,1.07949,3.14891,0.68585,0.889498,-0.00141573,0,0.889499,-0.168584,-0.138022,0,0.217878,1.11298,0.25218,1.03102,0.823998,-0.00131148,0,0.823999
2923,1.08207,3.15454,0.679069,0.882979,0.0318314,0,0.883553,1.03163,-0.0321121,0,1.03213,1.11752,0.262326,1.03277,0.816013,0.0294173,0,0.816543
2924,1.13827,3.29478,0.594703,0.818889,0.0725872,0,0.8221,-0.0890905,0.0155719,0,0.0904411,1.19916,0.444557,1.0535,0.719418,0.06377,0,0.722239
2925,1.04517,3.0626,0.735799,0.91779,-0.0195348,0,0.917998,-0.152532,-0.33932,0,0.372027,1.06378,0.142367,1.01781,0.878128,-0.0186906,0,0.878327
2926,1.03278,3.03125,0.753402,0.926355,-0.0225339,0,0.926629,-0.121338,-0.422265,0,0.439353,1.04622,0.10317,1.01302,0.896955,-0.0218188,0,0.89722
2927,1.03717,3.04222,0.746587,0.92245,0.0319609,0,0.923003,1.12551,-0.222938,0,1.14738,1.05261,0.117426,1.01488,0.889387,0.0308154,0,0.889921
2928,1.05175,3.06688,0.681671,0.861687,-0.0148379,0,0.861815,1.07386,0.0725668,0,1.07631,1.08551,0.190881,1.0321,0.819285,-0.0141078,0,0.819407
2929,1.06612,3.11538,0.705532,0.900951,0.0296148,0,0.901438,1.05821,-0.0596671,0,1.05989,1.09371,0.209185,1.02588,0.845076,0.0277781,0,0.845532
2930,0.99893,2.94529,0.801406,0.946222,0.0393546,0,0.94704,0.860786,-0.724763,0,1.12527,0.998546,-0.0032453,0.999616,0.947236,0.0393967,0,0.948055
2931,0.980261,2.89764,0.827758,0.956232,-0.00837239,0,0.956268,0.167838,-0.720621,0,0.739909,0.972485,-0.0614171,0.992067,0.975487,-0.00854098,0,0.975524
2932,0.97116,2.87434,0.840533,0.960064,0.016953,0,0.960213,0.408496,-0.799057,0,0.897419,0.959858,-0.089602,0.988362,0.988574,0.0174564,0,0.988728
2933,1.00754,2.9672,0.789234,0.941472,0.0397048,0,0.942309,0.965203,-0.645589,0,1.16121,1.01062,0.0236997,1.00306,0.93443,0.0394079,0,0.935261
2934,0.98339,2.90572,0.823612,0.954511,0.0332561,0,0.95509,0.649057,-0.801006,0,1.03096,0.976765,-0.0518632,0.993264,0.970634,0.0338178,0,0.971223
2935,1.10856,3.22005,0.636954,0.853013,0.0255027,0,0.853394,1.01254,-0.00731035,0,1.01257,1.15663,0.349615,1.04336,0.769475,0.0230051,0,0.769819
2936,1.1038,3.20858,0.645707,0.860065,0.0275424,0,0.860505,1.01493,-0.0105547,0,1.01499,1.14927,0.333181,1.04119,0.779189,0.0249524,0,0.779588
2937,1.05792,3.08259,0.67331,0.856971,-0.0162522,0,0.857125,1.05841,0.0598895,0,1.06011,1.09415,0.210151,1.03424,0.810051,-0.0153624,0,0.810197
2938,1.11011,3.20688,0.569663,0.7701,-0.00321313,0,0.770107,1.00725,0.00328993,0,1.00726,1.1759,0.392641,1.05927,0.693715,-0.00289442,0,0.693721
2939,0.99413,2.93307,0.808258,0.948849,0.038253,0,0.94962,0.798185,-0.757415,0,1.10035,0.991809,-0.0182829,0.997666,0.954452,0.0384789,0,0.955227
2940,1.0877,3.15223,0.609588,0.803778,-0.013722,0,0.803895,1.01825,0.0142963,0,1.01835,1.14206,0.317103,1.04998,0.738973,-0.0126157,0,0.73908
2941,1.10485,3.19359,0.577228,0.776002,-0.0021695,0,0.776005,1.00948,0.00376412,0,1.00948,1.16843,0.375956,1.05754,0.702358,-0.00196362,0,0.702361
2942,1.01137,2.97698,0.783889,0.939376,0.0392694,0,0.940197,1.00742,-0.600567,0,1.17285,1.01599,0.0356851,1.00456,0.928811,0.0388277,0,0.929622
2943,0.969692,2.8706,0.842693,0.956158,0.0955353,0,0.960919,-0.0174473,0.578381,0,0.578644,0.957797,-0.0942039,0.987733,0.986043,0.0985213,0,0.990953
2944,1.02151,3.00279,0.769816,0.933662,0.0368268,0,0.934388,1.09181,-0.451834,0,1.18161,1.03018,0.0673594,1.00849,0.914005,0.0360515,0,0.914716
2945,1.0034,2.95667,0.795056,0.943752,0.0397737,0,0.94459,0.916408,-0.687168,0,1.14543,1.00482,0.0107626,1.00142,0.940553,0.0396389,0,0.941388
2946,1.06779,3.10577,0.652658,0.840577,-0.0141814,0,0.840697,1.04169,0.0356717,0,1.0423,1.10993,0.24537,1.03946,0.787213,-0.0132811,0,0.787325
2947,1.07651,3.14102,0.688755,0.890009,0.0287335,0,0.890473,1.04169,-0.0356717,0,1.0423,1.10909,0.243505,1.03027,0.826757,0.0266914,0,0.827187
2948,0.99253,2.929,0.810539,0.945195,0.0998755,0,0.950457,-0.0850212,0.488625,0,0.495966,0.989567,-0.0232889,0.997014,0.952309,0.100627,0,0.95761
2949,1.03376,3.03372,0.751929,0.925293,0.0330618,0,0.925883,1.12684,-0.267186,0,1.15808,1.04764,0.106328,1.01342,0.895073,0.031982,0,0.895644
2950,0.955212,2.83338,0.86285,0.961982,0.09133,0,0.966308,0.0296895,0.62459,0,0.625295,0.937847,-0.138733,0.981821,1.00709,0.0956123,0,1.01162
2951,1.02642,3.01516,0.762563,0.930668,-0.0232456,0,0.930958,-0.0995695,-0.465493,0,0.476023,1.03719,0.0830099,1.0105,0.906717,-0.0226474,0,0.907
2952,1.01196,2.9785,0.78319,0.939717,-0.0227577,0,0.939992,-0.0375647,-0.55446,0,0.555731,1.01677,0.0374378,1.00476,0.928611,-0.0224888,0,0.928884
2953,1.09523,3.18735,0.659116,0.869636,0.0300218,0,0.870154,1.02,-0.0173832,0,1.02015,1.13667,0.305075,1.03784,0.794023,0.0274114,0,0.794496
2954,1.12019,3.2501,0.623299,0.841477,0.0793235,0,0.845207,-0.106963,0.0323438,0,0.111746,1.1725,0.385034,1.04669,0.751188,0.0708122,0,0.754518
2955,0.982106,2.90241,0.825339,0.950543,0.0982257,0,0.955604,-0.0550235,0.531475,0,0.534316,0.975001,-0.0558013,0.992765,0.967861,0.100015,0,0.973015
2956,1.10968,3.19031,0.505966,0.688153,-0.00534984,0,0.688174,1.00456,0.000772568,0,1.00456,1.19077,0.425825,1.07307,0.620136,-0.00482107,0,0.620155
2957,1.07625,3.14088,0.690943,0.888764,0.0852374,0,0.892842,-0.164585,0.11138,0,0.19873,1.10821,0.24155,1.0297,0.825798,0.0791985,0,0.829587
2958,1.08206,3.15519,0.681497,0.882637,0.0820163,0,0.88644,-0.160002,0.0919905,0,0.184562,1.11684,0.260805,1.03214,0.815701,0.0757965,0,0.819215
2959,1.10169,3.18564,0.581952,0.77971,-0.0029237,0,0.779715,1.01072,0.00450395,0,1.01073,1.16389,0.365821,1.05646,0.707741,-0.00265384,0,0.707746
2960,1.08969,3.17438,0.670564,0.879524,0.00762618,0,0.879557,-0.160089,-0.092962,0,0.185123,1.12776,0.285188,1.03494,0.807134,0.0069985,0,0.807165
2961,1.09615,3.19061,0.661175,0.873272,0.0144165,0,0.873391,-0.153334,-0.068525,0,0.167949,1.13706,0.305947,1.03732,0.79667,0.013152,0,0.796779
2962,1.10519,3.21326,0.648018,0.860824,0.0789432,0,0.864436,-0.127495,0.0468038,0,0.135814,1.15008,0.334998,1.04062,0.778894,0.0714297,0,0.782163
2963,1.03044,3.02531,0.756644,0.927469,0.0343478,0,0.928105,1.12457,-0.310281,0,1.16659,1.04294,0.0958432,1.01213,0.900069,0.033333,0,0.900686
2964,1.09673,3.17294,0.588396,0.784206,-0.00822614,0,0.784249,1.01254,0.00731034,0,1.01257,1.15702,0.350486,1.05497,0.715039,-0.00750059,0,0.715078
2965,1.1305,3.27519,0.60556,0.829584,0.0364738,0,0.830386,-0.102431,-0.0158033,0,0.103643,1.18809,0.419835,1.05094,0.733822,0.0322635,0,0.734531
2966,1.12534,3.26256,0.614192,0.837243,0.0230276,0,0.83756,-0.106004,-0.0301452,0,0.110207,1.18035,0.40257,1.04888,0.74399,0.0204628,0,0.744271
2967,1.07311,3.11841,0.641995,0.831958,-0.017618,0,0.832145,1.03163,0.0321121,0,1.03213,1.11831,0.264075,1.04211,0.775276,-0.0164177,0,0.77545
2968,1.11539,3.22003,0.56133,0.763122,-0.00256729,0,0.763126,1.00552,0.00241123,0,1.00552,1.18359,0.4098,1.06115,0.684175,-0.0023017,0,0.684179
2969,1.13136,3.27916,0.611079,0.837859,0.0186812,0,0.838067,1.00498,-0.00159082,0,1.00498,1.1875,0.418535,1.04963,0.740578,0.0165122,0,0.740762
2970,1.04738,3.06815,0.732542,0.911215,0.0960358,0,0.916262,-0.171638,0.230755,0,0.287588,1.06695,0.149438,1.01869,0.869998,0.0916919,0,0.874817
2971,1.06878,3.12205,0.701547,0.894685,0.0884338,0,0.899045,-0.16955,0.139166,0,0.21935,1.09757,0.217785,1.02693,0.837106,0.0827425,0,0.841186
2972,1.05442,3.08606,0.722877,0.906524,0.0943083,0,0.911416,-0.172272,0.198952,0,0.263172,1.07686,0.171572,1.02128,0.859733,0.0894406,0,0.864373
2973,1.06108,3.10265,0.712665,0.900705,0.0922114,0,0.905413,-0.171234,0.170141,0,0.241389,1.08654,0.193177,1.024,0.848859,0.0869036,0,0.853296
2974,1.09,3.17531,0.670627,0.876514,0.076965,0,0.879886,-0.153146,0.0683387,0,0.167702,1.12807,0.285872,1.03493,0.804141,0.0706101,0,0.807235
2975,0.895288,2.67817,0.946383,0.978628,0.0613966,0,0.980552,0.246273,0.753284,0,0.792519,0.85648,-0.320358,0.956653,1.09309,0.0685775,0,1.09524
2976,0.917752,2.73665,0.915262,0.974081,0.0743357,0,0.976914,0.163706,0.717319,0,0.735763,0.886683,-0.252939,0.966147,1.06138,0.0809976,0,1.06446
2977,1.13746,3.29368,0.599283,0.825656,0.0540625,0,0.827424,-0.0946184,0.00118825,0,0.0946258,1.19709,0.439937,1.05242,0.725875,0.0475291,0,0.727429
2978,1.05646,3.09104,0.719368,0.909033,-0.015322,0,0.909162,-0.167789,-0.265441,0,0.314026,1.07994,0.17843,1.02222,0.860449,-0.0145031,0,0.860572
2979,1.06812,3.1204,0.702521,0.899576,-0.00937525,0,0.899625,-0.171853,-0.196445,0,0.261006,1.09662,0.215663,1.02668,0.842202,-0.00877731,0,0.842248
2980,1.06206,3.10507,0.711062,0.90431,-0.0127128,0,0.904399,-0.170655,-0.231593,0,0.287678,1.088,0.196426,1.02442,0.851469,-0.01197,0,0.851553
2981,1.0403,3.03695,0.694547,0.866994,-0.0152449,0,0.867128,1.10319,0.114036,0,1.10907,1.07022,0.156752,1.02876,0.833405,-0.0146542,0,0.833534
2982,1.04742,3.06825,0.73239,0.915691,0.0284171,0,0.916132,1.10875,-0.12895,0,1.11622,1.06704,0.149645,1.01873,0.874231,0.0271305,0,0.874652
2983,1.03643,3.02764,0.701919,0.872084,-0.0170057,0,0.87225,1.11132,0.143219,0,1.12051,1.06424,0.143396,1.02683,0.841431,-0.016408,0,0.841591
2984,1.04411,3.05978,0.73677,0.917685,0.0295958,0,0.918162,1.11512,-0.154844,0,1.12582,1.06243,0.139351,1.01755,0.878916,0.0283455,0,0.879373
2985,1.03314,3.02066,0.711574,0.880146,-0.0187812,0,0.880346,1.11821,0.177797,0,1.13226,1.05823,0.129982,1.02429,0.851915,-0.0181788,0,0.852109
2986,1.04089,3.05169,0.741528,0.92015,0.0306673,0,0.920661,1.12103,-0.184541,0,1.13611,1.05781,0.12905,1.01626,0.884,0.0294624,0,0.884491
2987,1.03083,3.01703,0.722965,0.890887,-0.0203378,0,0.891119,1.12321,0.214326,0,1.14347,1.05274,0.117729,1.02126,0.864243,-0.0197296,0,0.864468
2988,1.02834,3.0131,0.735151,0.902231,-0.021889,0,0.902497,1.12635,0.258075,0,1.15553,1.04683,0.104529,1.01798,0.87737,-0.0212859,0,0.877628
2989,1.02541,3.0078,0.746908,0.912582,-0.0235532,0,0.912886,1.12494,0.307831,0,1.1663,1.04058,0.0905713,1.01479,0.889969,-0.0229696,0,0.890266
2990,1.02242,3.00171,0.756446,0.920329,-0.0248535,0,0.920664,1.11776,0.358921,0,1.17397,1.03488,0.0778503,1.01218,0.900145,-0.0243084,0,0.900473
2991,1.01874,2.99299,0.763858,0.925028,-0.0264258,0,0.925405,1.10698,0.407502,0,1.1796,1.02907,0.0648935,1.01014,0.908008,-0.0259396,0,0.908378
2992,1.0149,2.98379,0.771335,0.929555,-0.028085,0,0.929979,1.08758,0.461674,0,1.18151,1.02308,0.0515225,1.00807,0.915911,-0.0276728,0,0.916329
2993,1.01082,2.97414,0.779656,0.934681,-0.0297631,0,0.935155,1.06548,0.514934,0,1.18339,1.01662,0.037109,1.00575,0.924679,-0.0294446,0,0.925147
2994,1.00625,2.96325,0.788626,0.939935,-0.0315807,0,0.940466,1.03306,0.566175,0,1.17804,1.0095,0.0212123,1.00323,0.934093,-0.0313844,0,0.93462
2995,1.00074,2.94964,0.797969,0.944554,-0.0334068,0,0.945145,0.993458,0.615555,0,1.1687,1.00133,0.00296402,1.00059,0.943859,-0.0333822,0,0.944449
2996,0.993494,2.93119,0.808235,0.948313,-0.0357767,0,0.948988,0.946865,0.661687,0,1.15515,0.991181,-0.0196847,0.997672,0.954523,-0.0360109,0,0.955202
2997,0.9866,2.91378,0.818621,0.952368,-0.0370876,0,0.95309,0.882591,0.708729,0,1.13193,0.98137,-0.0415855,0.994699,0.965303,-0.0375914,0,0.966035
2998,1.02745,3.01782,0.761239,0.925083,0.0997486,0,0.930445,-0.155587,0.32608,0,0.361297,1.03861,0.086177,1.01086,0.900369,0.0970838,0,0.905588
2999,1.03467,3.03612,0.750954,0.920345,0.0986919,0,0.925621,-0.163741,0.29177,0,0.334576,1.04884,0.109009,1.01369,0.889501,0.0953845,0,0.894601
3000,1.04097,3.05197,0.741732,0.915756,0.0977193,0,0.920955,-0.168159,0.260206,0,0.309814,1.05783,0.129093,1.0162,0.879715,0.0938733,0,0.884709
3001,0.972794,2.87834,0.837574,0.957998,-0.0406352,0,0.958859,0.79864,0.753156,0,1.09776,0.962309,-0.0841306,0.989223,0.98479,-0.0417717,0,0.985676
3002,0.932893,2.7749,0.890703,0.969084,-0.0438956,0,0.970078,0.70004,0.788356,0,1.05431,0.908212,-0.204883,0.973544,1.03879,-0.0470532,0,1.03986
3003,0.878603,2.63388,0.967138,0.97961,-0.0305591,0,0.980086,0.600764,0.805891,0,1.00518,0.834894,-0.36854,0.950252,1.11496,-0.0347814,0,1.11551
3004,0.85164,2.56388,1.00788,0.983383,-0.00299346,0,0.983387,0.51269,0.808577,0,0.957418,0.798448,-0.449894,0.937541,1.15469,-0.00351493,0,1.1547
3005,1.05122,3.07808,0.727841,0.91388,0.0273888,0,0.91429,1.10103,-0.105067,0,1.10603,1.07219,0.161148,1.01995,0.869351,0.0260543,0,0.869742
3006,1.06087,3.10243,0.713974,0.906319,0.027912,0,0.906749,1.07275,-0.0704656,0,1.07506,1.08597,0.191893,1.02365,0.854313,0.0263104,0,0.854718
3007,1.05456,3.08652,0.723103,0.911416,0.0260721,0,0.911788,1.09327,-0.0859547,0,1.09665,1.07694,0.171734,1.02122,0.864264,0.0247233,0,0.864618
3008,1.04437,3.04761,0.69007,0.865292,-0.013355,0,0.865395,1.09477,0.091664,0,1.0986,1.07562,0.168804,1.02993,0.828531,-0.0127876,0,0.828629
3009,1.00376,2.95763,0.794736,0.944353,-0.0211727,0,0.94459,0.00417757,-0.601107,0,0.601121,1.00527,0.0117649,1.00151,0.940816,-0.0210934,0,0.941052
3010,0.995489,2.93659,0.806508,0.948923,-0.0181736,0,0.949097,0.0527442,-0.644262,0,0.646417,0.993662,-0.0141473,0.998165,0.953223,-0.0182559,0,0.953398
3011,0.987348,2.91581,0.817962,0.953039,-0.01359,0,0.953136,0.110104,-0.687231,0,0.695995,0.982301,-0.0395061,0.994889,0.965251,-0.0137641,0,0.965349
3012,0.971331,2.87481,0.84042,0.960238,0.00769649,0,0.960269,0.315128,-0.778103,0,0.839494,0.960058,-0.0891553,0.988395,0.98858,0.00792365,0,0.988612
3013,0.974839,2.88381,0.835522,0.958809,-0.00134216,0,0.95881,0.232771,-0.749719,0,0.785023,0.964914,-0.0783164,0.989819,0.983556,-0.0013768,0,0.983557
3014,1.05974,3.08688,0.669584,0.854129,-0.0136171,0,0.854237,1.05713,0.0501908,0,1.05832,1.09703,0.216593,1.03519,0.80598,-0.0128495,0,0.806083
3015,1.01708,2.99147,0.77583,0.936192,0.0344882,0,0.936827,1.11018,-0.557885,0,1.24247,1.02401,0.053589,1.00681,0.920473,0.0339091,0,0.921097
3016,1.0687,3.12192,0.701896,0.896114,0.076627,0,0.899384,-0.19286,0.120664,0,0.227497,1.09739,0.217384,1.02684,0.838506,0.0717009,0,0.841566
3017,1.12035,3.25224,0.629459,0.852876,0.0182292,0,0.853071,1.00858,-0.00297044,0,1.00859,1.17099,0.381664,1.04519,0.761255,0.0162709,0,0.761429
3018,1.02578,3.01364,0.763754,0.931154,0.0314378,0,0.931684,1.16394,-0.377128,0,1.22351,1.03621,0.0808265,1.01017,0.907751,0.0306476,0,0.908268
3019,1.02832,3.01998,0.759811,0.929169,0.0305363,0,0.929671,1.16143,-0.338932,0,1.20987,1.0399,0.0890543,1.01125,0.903577,0.0296952,0,0.904065
3020,0.884111,2.6491,0.962397,0.981453,0.0370817,0,0.982153,0.355191,0.885933,0,0.954483,0.841425,-0.353963,0.951719,1.1101,0.0419424,0,1.11089
3021,0.994671,2.93455,0.807816,0.949054,0.0344078,0,0.949677,0.798144,-0.862865,0,1.1754,0.992475,-0.0167971,0.997792,0.954138,0.0345922,0,0.954765
3022,1.10839,3.1893,0.517595,0.702379,-0.000637423,0,0.702379,1.00549,0.000807235,0,1.00549,1.1867,0.416741,1.07065,0.633692,-0.000575088,0,0.633692
3023,1.1292,3.27335,0.612724,0.838345,0.0190911,0,0.838562,1.00599,-0.00150928,0,1.00599,1.18479,0.412485,1.04923,0.742425,0.0169068,0,0.742617
3024,1.07398,3.12018,0.639132,0.829288,-0.012845,0,0.829387,1.03364,0.0260887,0,1.03397,1.11997,0.267795,1.04282,0.77216,-0.0119601,0,0.772253
3025,0.959414,2.84421,0.857045,0.961261,0.0833473,0,0.964867,0.0107707,0.709234,0,0.709316,0.943613,-0.125864,0.983531,1.00193,0.0868732,0,1.00568
3026,0.999171,2.94598,0.801334,0.946519,0.0357381,0,0.947193,0.873366,-0.825218,0,1.20156,0.998807,-0.00266228,0.999636,0.947304,0.0357677,0,0.947979
3027,1.11057,3.22595,0.637197,0.85498,0.0211672,0,0.855242,1.01247,-0.00533463,0,1.01249,1.15866,0.354145,1.0433,0.769855,0.0190597,0,0.770091
3028,1.10039,3.20028,0.651554,0.864576,0.0274313,0,0.865011,1.01735,-0.0120601,0,1.01742,1.14411,0.321683,1.03974,0.785702,0.0249288,0,0.786097
3029,0.979914,2.89679,0.82837,0.956546,0.00310569,0,0.956551,0.243557,-0.852095,0,0.88622,0.971967,-0.0625737,0.99189,0.976154,0.00316935,0,0.976159
3030,1.01402,2.98371,0.780147,0.937989,0.0351114,0,0.938646,1.08192,-0.618404,0,1.24619,1.01971,0.0439919,1.00561,0.925019,0.0346259,0,0.925667
3031,1.06539,3.10045,0.658935,0.846111,-0.0141718,0,0.84623,1.04644,0.0418496,0,1.04727,1.10575,0.23605,1.03789,0.794183,-0.0133021,0,0.794295
3032,1.06294,3.10747,0.710476,0.904077,0.0266502,0,0.90447,1.0693,-0.0613631,0,1.07106,1.08906,0.198804,1.02458,0.850546,0.0250722,0,0.850916
3033,0.94248,2.80065,0.880868,0.967645,0.0767795,0,0.970686,0.0830104,0.765955,0,0.77044,0.920313,-0.177872,0.976481,1.0267,0.0814654,0,1.02993
3034,0.991023,2.92516,0.81268,0.951192,-0.00834072,0,0.951229,0.0965183,-0.77733,0,0.783299,0.987458,-0.0279963,0.996402,0.959808,-0.00841628,0,0.959845
3035,1.09226,3.1799,0.663415,0.872467,0.0304855,0,0.872999,1.02232,-0.019783,0,1.02252,1.13241,0.295555,1.03676,0.798772,0.0279105,0,0.799259
3036,1.10896,3.1899,0.513103,0.696845,0.0119731,0,0.696948,1.00511,-2.21188e-09,0,1.00511,1.18836,0.420439,1.07159,0.628375,0.0107967,0,0.628468
3037,1.07796,3.12912,0.629253,0.820456,-0.0118593,0,0.820542,1.02802,0.020515,0,1.02822,1.12673,0.282881,1.04524,0.761118,-0.0110016,0,0.761198
3038,1.06657,3.11652,0.7049,0.901082,0.000774496,0,0.901082,-0.201758,-0.179796,0,0.270246,1.09435,0.210609,1.02605,0.844843,0.000726158,0,0.844843
3039,1.11552,3.23827,0.629726,0.849339,0.0254963,0,0.849722,-0.121947,-0.031393,0,0.125923,1.16586,0.370217,1.04513,0.761386,0.0228561,0,0.761729
3040,1.1208,3.23798,0.570505,0.778338,0.0202933,0,0.778602,1.00549,-0.000807242,0,1.00549,1.18701,0.417442,1.05908,0.694448,0.0181061,0,0.694683
3041,1.05143,3.0784,0.726736,0.91319,-0.00742343,0,0.91322,-0.204108,-0.289911,0,0.354554,1.07272,0.162329,1.02025,0.868519,-0.0070603,0,0.868548
3042,1.12503,3.26227,0.616488,0.838833,0.0485191,0,0.840235,-0.107711,-0.00308384,0,0.107755,1.1794,0.40045,1.04833,0.745611,0.0431271,0,0.746858
3043,0.902495,2.69697,0.936404,0.978067,0.0545225,0,0.979585,0.259231,0.856086,0,0.894474,0.866134,-0.298807,0.959711,1.08374,0.0604132,0,1.08542
3044,1.00319,2.95616,0.795501,0.940485,0.0908066,0,0.944858,-0.145701,0.498328,0,0.519191,1.00448,0.0100024,1.00129,0.937496,0.0905181,0,0.941856
3045,1.1283,3.27051,0.611861,0.834156,0.0664456,0,0.836798,-0.103138,0.0160357,0,0.104377,1.18408,0.410902,1.04944,0.739303,0.0588899,0,0.741644
3046,1.07887,3.14641,0.683371,0.88563,0.0271944,0,0.886047,1.03796,-0.0314686,0,1.03844,1.11302,0.252287,1.03166,0.820889,0.0252064,0,0.821276
3047,1.04796,3.05729,0.687128,0.864911,-0.0117615,0,0.864991,1.08941,0.0757658,0,1.09205,1.08012,0.17885,1.03069,0.825325,-0.0112232,0,0.825402
3048,0.873905,2.62246,0.976946,0.983062,0.0134908,0,0.983155,0.458233,0.904372,0,1.01384,0.827771,-0.38444,0.947209,1.12491,0.0154374,0,1.12501
3049,0.985115,2.91008,0.821035,0.94994,0.0893103,0,0.954129,-0.0881893,0.596548,0,0.603032,0.97921,-0.0464063,0.994005,0.964293,0.0906598,0,0.968545
3050,1.01924,2.99698,0.772759,0.935369,-0.0158568,0,0.935504,-0.106652,-0.569557,0,0.579456,1.02706,0.0604052,1.00767,0.917709,-0.0155574,0,0.917841
3051,1.05557,3.08889,0.721065,0.906564,0.082731,0,0.910332,-0.202768,0.183428,0,0.273425,1.07854,0.175315,1.02177,0.858842,0.078376,0,0.862411
3052,1.0465,3.06593,0.733806,0.916867,-0.00972499,0,0.916919,-0.198713,-0.330955,0,0.386029,1.0657,0.146645,1.01835,0.87613,-0.0092929,0,0.876179
3053,0.989048,2.92014,0.815523,0.951717,0.0322862,0,0.952264,0.710248,-0.891205,0,1.1396,0.984685,-0.0341854,0.995588,0.962255,0.0326437,0,0.962809
3054,0.984885,2.9095,0.821365,0.954237,-0.00355885,0,0.954243,0.163679,-0.816904,0,0.83314,0.978888,-0.0471256,0.993911,0.968882,-0.00361346,0,0.968888
3055,1.02531,3.01235,0.76411,0.931517,-0.0154481,0,0.931645,-0.135558,-0.518324,0,0.535757,1.03563,0.0795393,1.01007,0.908522,-0.0150668,0,0.908647
3056,0.977738,2.8912,0.831331,0.957226,0.0195326,0,0.957425,0.445885,-0.902861,0,1.00696,0.968972,-0.0692594,0.991034,0.979021,0.0199773,0,0.979225
3057,1.04151,3.05338,0.741122,0.92068,-0.0113252,0,0.92075,-0.190955,-0.374125,0,0.420039,1.05855,0.1307,1.01637,0.883987,-0.0108739,0,0.884054
3058,1.08921,3.1554,0.604913,0.799185,-0.0110481,0,0.799262,1.01735,0.01206,0,1.01742,1.14486,0.323351,1.05109,0.733729,-0.0101432,0,0.733799
3059,1.10721,3.19915,0.572318,0.771449,-0.00203497,0,0.771452,1.00858,0.00297043,0,1.00859,1.17216,0.384283,1.05866,0.696753,-0.00183793,0,0.696756
3060,1.09538,3.1875,0.658015,0.868548,0.0260601,0,0.868939,1.02142,-0.0141833,0,1.02152,1.13714,0.306109,1.03812,0.792918,0.0237909,0,0.793274
3061,1.00337,2.95663,0.795291,0.944112,0.0362037,0,0.944806,0.939057,-0.78062,0,1.22115,1.00472,0.0105359,1.00135,0.940944,0.0360822,0,0.941635
3062,1.05621,3.09039,0.719663,0.909269,-0.00527974,0,0.909285,-0.20553,-0.251591,0,0.32487,1.0796,0.177674,1.02214,0.860877,-0.00499875,0,0.860892
3063,1.12744,3.27124,0.623767,0.851066,0.0184035,0,0.851265,1.00661,-0.00237683,0,1.00661,1.17995,0.401672,1.04658,0.754867,0.0163233,0,0.755044
3064,1.01075,2.9754,0.784804,0.936215,0.0906381,0,0.940592,-0.165592,0.453096,0,0.482408,1.0151,0.0337039,1.0043,0.926257,0.0896741,0,0.930588
3065,1.08404,3.1434,0.616385,0.809399,-0.0126875,0,0.809498,1.02148,0.0160767,0,1.02161,1.13646,0.3046,1.04836,0.74665,-0.0117039,0,0.746742
3066,1.08693,3.16669,0.671736,0.878334,0.0267799,0,0.878742,1.02898,-0.0210221,0,1.02919,1.12459,0.278103,1.03464,0.808084,0.024638,0,0.80846
3067,1.03092,3.02653,0.755947,0.927284,0.0300455,0,0.92777,1.16167,-0.290624,0,1.19747,1.04362,0.0973722,1.01232,0.899469,0.0291443,0,0.899941
3068,1.02557,3.01303,0.76386,0.927309,0.089358,0,0.931604,-0.193294,0.359873,0,0.408499,1.03596,0.0802726,1.01014,0.904193,0.0871305,0,0.908381
3069,1.01816,2.99419,0.774218,0.931719,0.0902704,0,0.936081,-0.180716,0.406958,0,0.445279,1.02555,0.0570356,1.00726,0.915103,0.0886606,0,0.919388
3070,1.10055,3.20158,0.654545,0.86853,0.0216659,0,0.8688,-0.147049,-0.048127,0,0.154725,1.14346,0.32023,1.03899,0.789176,0.0196864,0,0.789422
3071,1.03612,3.03969,0.748582,0.924187,-0.0132175,0,0.924281,-0.176394,-0.422786,0,0.458108,1.05097,0.113778,1.01434,0.891969,-0.0127567,0,0.89206
3072,1.06805,3.12001,0.70189,0.898398,0.0278523,0,0.89883,1.05692,-0.0500429,0,1.05811,1.09672,0.215893,1.02684,0.841156,0.0260777,0,0.84156
3073,0.97717,2.88975,0.83216,0.957643,0.0110454,0,0.957707,0.340568,-0.883238,0,0.946623,0.968175,-0.0710384,0.990794,0.980017,0.0113035,0,0.980082
3074,1.00724,2.96645,0.78974,0.941874,0.0360917,0,0.942565,0.995582,-0.730663,0,1.23493,1.01017,0.0227059,1.00292,0.935108,0.0358325,0,0.935794
3075,0.981813,2.90155,0.825342,0.954918,0.0278146,0,0.955323,0.580523,-0.905135,0,1.0753,0.97471,-0.0564509,0.992765,0.972606,0.0283298,0,0.973019
3076,1.10547,3.21261,0.642641,0.857665,0.0250433,0,0.858031,1.01459,-0.00828041,0,1.01462,1.15185,0.338946,1.04195,0.775839,0.022654,0,0.776169
3077,1.05433,3.07354,0.678584,0.860238,-0.0133657,0,0.860342,1.06968,0.0617797,0,1.07147,1.08901,0.198676,1.03289,0.815911,-0.012677,0,0.81601
3078,1.11664,3.24275,0.634241,0.85603,0.0179656,0,0.856219,1.01085,-0.0028663,0,1.01086,1.16579,0.370074,1.04402,0.766615,0.0160891,0,0.766784
3079,1.01075,2.97537,0.784702,0.939805,0.0357082,0,0.940483,1.04316,-0.676384,0,1.24326,1.01513,0.03377,1.00433,0.92981,0.0353284,0,0.93048
3080,0.973439,2.88019,0.837379,0.955337,0.0871033,0,0.9593,-0.0445771,0.653201,0,0.65472,0.963003,-0.082582,0.989279,0.981404,0.08948,0,0.985475
3081,1.02246,3.00512,0.768191,0.932923,0.03252,0,0.93349,1.14992,-0.453888,0,1.23625,1.03159,0.0705232,1.00894,0.912434,0.0318058,0,0.912989
3082,1.02006,2.99916,0.772029,0.934862,0.0334605,0,0.935461,1.13379,-0.497025,0,1.23795,1.02809,0.0626998,1.00787,0.916478,0.0328026,0,0.917065
3083,1.08327,3.15779,0.67819,0.883049,0.0277521,0,0.883485,1.0338,-0.0262091,0,1.03413,1.11901,0.265638,1.03299,0.815173,0.0256189,0,0.815576
3084,0.994937,2.93516,0.807236,0.945017,0.0903685,0,0.949328,-0.121414,0.546027,0,0.559362,0.992904,-0.0158391,0.997957,0.949826,0.0908284,0,0.954159
3085,1.0309,3.0265,0.756137,0.927844,-0.0144374,0,0.927956,-0.159689,-0.468673,0,0.495131,1.04354,0.0971922,1.01227,0.900035,-0.0140047,0,0.900144
3086,1.08605,3.16536,0.676234,0.883235,0.017856,0,0.883415,-0.178257,-0.0747874,0,0.19331,1.12243,0.273274,1.03349,0.813254,0.0164412,0,0.813421
3087,1.09615,3.19084,0.662013,0.871515,0.071057,0,0.874407,-0.147049,0.0481267,0,0.154725,1.13683,0.305427,1.03711,0.795068,0.0648241,0,0.797706
3088,1.10113,3.18171,0.572732,0.767735,-0.00294221,0,0.767741,1.01085,0.0028663,0,1.01086,1.16563,0.369701,1.05857,0.697223,-0.00267198,0,0.697228
3089,1.09841,3.17759,0.587582,0.784425,-0.0034827,0,0.784433,1.01247,0.00533463,0,1.01249,1.159,0.354904,1.05516,0.714145,-0.00317067,0,0.714152
3090,1.0746,3.13659,0.692824,0.890617,0.0740356,0,0.893689,-0.185799,0.0961294,0,0.209194,1.10599,0.236587,1.02921,0.828789,0.0688959,0,0.831648
3091,1.08108,3.15292,0.683547,0.887989,0.0125532,0,0.888078,-0.185908,-0.0978084,0,0.210068,1.11526,0.257283,1.03162,0.821387,0.0116117,0,0.821469
3092,1.06168,3.10417,0.711812,0.901386,0.0801271,0,0.904941,-0.198779,0.15311,0,0.25091,1.0874,0.195085,1.02423,0.849021,0.0754721,0,0.852369
3093,1.11009,3.22502,0.638961,0.853994,0.0723876,0,0.857056,-0.123664,0.0345184,0,0.128391,1.15767,0.351939,1.04286,0.769303,0.0652089,0,0.772062
3094,1.09379,3.16605,0.594691,0.789925,-0.00789165,0,0.789965,1.01459,0.0082804,0,1.01462,1.15231,0.339982,1.0535,0.722189,-0.00721494,0,0.722225
3095,1.11851,3.2455,0.624353,0.844511,0.0355461,0,0.845259,-0.118578,-0.0193966,0,0.120154,1.17045,0.38046,1.04643,0.755032,0.0317799,0,0.755701
3096,1.06987,3.11019,0.646484,0.834885,-0.013142,0,0.834988,1.03796,0.0314686,0,1.03844,1.11374,0.253885,1.041,0.780358,-0.0122837,0,0.780454
3097,1.11185,3.20601,0.545915,0.740991,-0.00420387,0,0.741003,1.00599,0.00150927,0,1.00599,1.18363,0.409895,1.06456,0.66645,-0.00378098,0,0.666461
3098,1.11259,3.21269,0.564265,0.764953,-0.00192338,0,0.764955,1.00661,0.00237682,0,1.00661,1.17989,0.40154,1.06049,0.68754,-0.00172874,0,0.687543
3099,1.07654,3.14159,0.690416,0.892421,0.00865149,0,0.892463,-0.19228,-0.121109,0,0.227242,1.10866,0.242553,1.02984,0.82897,0.00803637,0,0.829009
3100,1.07147,3.1288,0.69761,0.896689,0.00420786,0,0.896699,-0.197565,-0.150491,0,0.248354,1.10143,0.226417,1.02796,0.836875,0.00392717,0,0.836884
3101,1.0495,3.07358,0.729715,0.91103,0.0842744,0,0.914919,-0.205728,0.215527,0,0.297953,1.06991,0.156053,1.01945,0.86806,0.0802995,0,0.871766
3102,1.08093,3.1526,0.684024,0.885765,0.0698755,0,0.888517,-0.178002,0.0739535,0,0.192753,1.11497,0.25663,1.03149,0.819448,0.0646439,0,0.821994
3103,0.922812,2.74974,0.908102,0.973397,0.0670932,0,0.975707,0.169179,0.817516,0,0.834837,0.89357,-0.237566,0.968313,1.05482,0.0727052,0,1.05732
3104,1.06126,3.10309,0.712316,0.905163,-0.00229333,0,0.905166,-0.20572,-0.215194,0,0.297707,1.08683,0.193814,1.02409,0.852914,-0.00216095,0,0.852917
3105,1.03637,3.02714,0.7007,0.870731,-0.012574,0,0.870822,1.12605,0.123391,0,1.13279,1.06451,0.144002,1.02715,0.840173,-0.0121327,0,0.840261
3106,1.04393,3.05937,0.737191,0.918119,0.0256368,0,0.918477,1.13228,-0.136892,0,1.14053,1.06213,0.138678,1.01743,0.879483,0.024558,0,0.879826
3107,1.03273,3.01872,0.708806,0.876781,-0.0140209,0,0.876893,1.13729,0.15602,0,1.14795,1.05857,0.130748,1.02502,0.84899,-0.0135765,0,0.849098
3108,1.04082,3.05151,0.741611,0.920302,0.026706,0,0.92069,1.14163,-0.165007,0,1.15349,1.05772,0.128836,1.01623,0.884207,0.0256585,0,0.884579
3109,1.03016,3.01405,0.719213,0.886221,-0.0155432,0,0.886358,1.147,0.192464,0,1.16304,1.0531,0.118519,1.02226,0.860271,-0.015088,0,0.860404
3110,1.03746,3.04296,0.746301,0.922518,0.0277701,0,0.922936,1.1505,-0.20056,0,1.16785,1.05297,0.118244,1.01496,0.889212,0.0267675,0,0.889615
3111,1.02805,3.01118,0.731245,0.897757,-0.0168853,0,0.897916,1.15552,0.233996,0,1.17897,1.04762,0.106295,1.01904,0.873263,-0.0164246,0,0.873417
3112,1.0341,3.03451,0.751232,0.924963,0.028851,0,0.925413,1.15797,-0.244105,0,1.18342,1.04817,0.107527,1.01361,0.894464,0.0278997,0,0.894899
3113,1.02568,3.00761,0.74336,0.909042,-0.018263,0,0.909225,1.16105,0.283954,0,1.19527,1.04185,0.0934072,1.01576,0.886279,-0.0178057,0,0.886458
3114,1.02301,3.00272,0.753873,0.918177,-0.0194599,0,0.918383,1.16168,0.339046,0,1.21015,1.0362,0.0807978,1.01289,0.897522,-0.0190222,0,0.897723
3115,1.01996,2.99598,0.761791,0.924034,-0.0206377,0,0.924264,1.15707,0.393131,0,1.22203,1.03088,0.0689344,1.01071,0.905951,-0.0202338,0,0.906177
3116,1.01651,2.98779,0.768744,0.928397,-0.0220317,0,0.928658,1.14521,0.451756,0,1.23109,1.02544,0.0567807,1.00878,0.91332,-0.0216739,0,0.913577
3117,1.01296,2.97954,0.776504,0.933458,-0.0235345,0,0.933755,1.1288,0.509989,0,1.23866,1.01967,0.0439027,1.00663,0.921518,-0.0232335,0,0.921811
3118,1.00908,2.97048,0.784813,0.938712,-0.0250196,0,0.939046,1.1017,0.573728,0,1.24214,1.01342,0.0299485,1.0043,0.930268,-0.0247946,0,0.930598
3119,1.00456,2.95946,0.792841,0.942978,-0.0262959,0,0.943345,1.07018,0.636515,0,1.24516,1.00661,0.014763,1.00204,0.938694,-0.0261765,0,0.939059
3120,0.9985,2.944,0.801341,0.946146,-0.0281248,0,0.946564,1.02669,0.695711,0,1.2402,0.998135,-0.00416354,0.999634,0.947567,-0.0281671,0,0.947986
3121,0.991044,2.92495,0.811724,0.949787,-0.0299679,0,0.95026,0.966298,0.755668,0,1.22669,0.987749,-0.0273449,0.996675,0.95837,-0.0302387,0,0.958847
3122,1.03218,3.02977,0.754389,0.922951,0.0884724,0,0.927182,-0.200361,0.318597,0,0.376362,1.04534,0.101194,1.01275,0.894177,0.0857142,0,0.898275
3123,1.03812,3.04482,0.74599,0.919048,0.0872526,0,0.92318,-0.204654,0.281404,0,0.347954,1.05374,0.119944,1.01504,0.885301,0.0840487,0,0.889282
3124,1.04351,3.05837,0.73804,0.915018,0.0860877,0,0.919059,-0.205931,0.249737,0,0.323691,1.06146,0.137184,1.0172,0.876868,0.0824984,0,0.88074
3125,0.982764,2.90416,0.824654,0.955032,-0.0313306,0,0.955546,0.884419,0.813715,0,1.2018,0.975848,-0.0539102,0.992963,0.971782,-0.0318801,0,0.972304
3126,0.962342,2.8516,0.852466,0.962675,-0.0346638,0,0.963299,0.782519,0.863694,0,1.16546,0.947787,-0.116547,0.984875,1.00035,-0.0360203,0,1.00099
3127,0.921125,2.74461,0.907699,0.97302,-0.0322204,0,0.973553,0.668036,0.896962,0,1.1184,0.892049,-0.240962,0.968435,1.05634,-0.0349794,0,1.05692
3128,0.884054,2.64863,0.961321,0.981079,-0.0129172,0,0.981164,0.559815,0.908468,0,1.0671,0.841665,-0.353426,0.952051,1.10975,-0.0146113,0,1.10985
3129,1.0475,3.06863,0.73296,0.916508,0.0247398,0,0.916841,1.12239,-0.111354,0,1.1279,1.06695,0.149453,1.01857,0.874949,0.023618,0,0.875268
3130,1.05749,3.09393,0.718925,0.909202,0.0248577,0,0.909542,1.08729,-0.0718919,0,1.08966,1.08112,0.181063,1.02234,0.85977,0.0235062,0,0.860091
3131,1.05104,3.07774,0.728526,0.914607,0.023486,0,0.914908,1.11189,-0.0895307,0,1.11548,1.07181,0.160299,1.01977,0.870195,0.0223456,0,0.870482
3132,1.04041,3.03754,0.695541,0.868284,-0.0107006,0,0.86835,1.11467,0.0969448,0,1.11888,1.07007,0.156398,1.0285,0.834559,-0.010285,0,0.834622
3133,1.01258,2.98008,0.782298,0.939488,-0.0155742,0,0.939617,-0.0678565,-0.623567,0,0.627248,1.01765,0.0394006,1.00501,0.927814,-0.0153807,0,0.927942
3134,1.00544,2.96192,0.792412,0.943603,-0.0143487,0,0.943712,-0.0216443,-0.679073,0,0.679418,1.00761,0.0169906,1.00216,0.938499,-0.014271,0,0.938608
3135,0.998098,2.94323,0.802788,0.947621,-0.0119827,0,0.947697,0.0336337,-0.729542,0,0.730317,0.997323,-0.00597588,0.999223,0.949427,-0.0120055,0,0.949503
3136,1.06442,3.09712,0.657032,0.843142,-0.0109058,0,0.843213,1.04957,0.0345246,0,1.05014,1.10525,0.23494,1.03837,0.792117,-0.0102458,0,0.792184
3137,1.00324,2.95635,0.795565,0.944404,0.0329703,0,0.944979,0.963088,-0.886696,0,1.30911,1.00452,0.0100906,1.00127,0.941349,0.0328636,0,0.941923
3138,1.11008,3.20446,0.560329,0.757955,0.0200371,0,0.75822,1.0065,-0.000623326,0,1.0065,1.17821,0.397783,1.06137,0.682792,0.0180501,0,0.68303
3139,1.10145,3.20233,0.647725,0.860805,0.0246175,0,0.861157,1.01724,-0.00914932,0,1.01728,1.14627,0.326506,1.04069,0.781517,0.0223501,0,0.781837
3140,1.0239,3.00879,0.766107,0.932505,-0.00860155,0,0.932544,-0.178791,-0.576488,0,0.603576,1.03365,0.0751082,1.00952,0.910734,-0.00840073,0,0.910772
3141,0.976163,2.88718,0.833602,0.954911,0.0790261,0,0.958176,-0.0747945,0.738401,0,0.742179,0.966768,-0.0741785,0.990376,0.978229,0.0809559,0,0.981574
3142,1.08015,3.13352,0.621816,0.813107,-0.0115615,0,0.813189,1.02451,0.0176537,0,1.02466,1.13096,0.292331,1.04705,0.752775,-0.0107036,0,0.752851
3143,1.0185,2.99515,0.774062,0.935732,0.0304014,0,0.936225,1.17977,-0.54987,0,1.30162,1.02594,0.057898,1.00731,0.918738,0.0298492,0,0.919223
3144,1.01307,2.98128,0.781468,0.938636,0.0319959,0,0.939182,1.12439,-0.688739,0,1.31856,1.01838,0.0410212,1.00524,0.926526,0.0315831,0,0.927065
3145,1.08373,3.15869,0.67655,0.881585,0.0238457,0,0.881908,1.03484,-0.02041,0,1.03504,1.11994,0.26773,1.03341,0.813472,0.0220033,0,0.813769
3146,1.10626,3.21508,0.643246,0.858781,0.0324658,0,0.859394,-0.138039,-0.0261287,0,0.14049,1.15251,0.34042,1.0418,0.77629,0.0293473,0,0.776845
3147,1.11733,3.24321,0.628493,0.847407,0.0604546,0,0.849561,-0.118827,0.0142591,0,0.119679,1.16809,0.375205,1.04543,0.758419,0.0541061,0,0.760346
3148,0.987222,2.91543,0.817937,0.949549,0.0808901,0,0.952988,-0.125873,0.670671,0,0.68238,0.982182,-0.0397715,0.994895,0.961839,0.0819371,0,0.965323
3149,0.962459,2.85205,0.852849,0.960834,0.0754807,0,0.963794,-0.007628,0.807029,0,0.807065,0.947794,-0.116532,0.984763,0.998312,0.0784248,0,1.00139
3150,0.910531,2.71793,0.925424,0.977305,0.0467487,0,0.978422,0.275846,0.971848,0,1.01024,0.876897,-0.274783,0.963062,1.07334,0.0513422,0,1.07456
3151,1.05614,3.07788,0.675099,0.857685,-0.0116924,0,0.857764,1.0673,0.0537761,0,1.06865,1.09182,0.20496,1.03379,0.812094,-0.0110709,0,0.812169
3152,0.98228,2.90285,0.825079,0.955404,0.0142184,0,0.95551,0.373194,-1.00056,0,1.0679,0.975248,-0.0552499,0.992841,0.972638,0.0144749,0,0.972746
3153,0.984233,2.90784,0.822314,0.954558,0.00688098,0,0.954582,0.259906,-0.967835,0,1.00213,0.977971,-0.0491719,0.993638,0.969849,0.00699121,0,0.969874
3154,1.05066,3.07644,0.727797,0.913755,0.00120863,0,0.913756,-0.245755,-0.27227,0,0.366778,1.07164,0.15991,1.01996,0.869693,0.00115035,0,0.869694
3155,1.09484,3.16863,0.592939,0.788535,-0.00387792,0,0.788544,1.01442,0.00613028,0,1.01444,1.15386,0.343443,1.05391,0.720229,-0.003542,0,0.720238
3156,1.09247,3.18045,0.663193,0.872492,0.0266959,0,0.8729,1.02371,-0.0166712,0,1.02384,1.13269,0.296182,1.03681,0.79864,0.0244362,0,0.799014
3157,1.02939,3.0227,0.758364,0.925657,0.0792659,0,0.929045,-0.243134,0.347163,0,0.423835,1.04138,0.0923722,1.01165,0.899231,0.077003,0,0.902522
3158,0.994433,2.93384,0.807822,0.948943,0.0311912,0,0.949456,0.788279,-0.982746,0,1.25983,0.992235,-0.0173319,0.99779,0.954256,0.0313658,0,0.954771
3159,1.10667,3.21577,0.641441,0.8572,0.0219564,0,0.857481,1.01442,-0.00613029,0,1.01444,1.15343,0.342469,1.04225,0.774577,0.0198401,0,0.774831
3160,1.08273,3.1406,0.620191,0.813013,-0.0154704,0,0.81316,1.02195,0.0199051,0,1.02214,1.1341,0.299329,1.04744,0.750889,-0.0142882,0,0.751025
3161,1.00407,2.95843,0.794293,0.940874,0.0817277,0,0.944417,-0.190907,0.551379,0,0.583493,1.00571,0.0127472,1.00163,0.937057,0.0813961,0,0.940586
3162,1.07622,3.13992,0.687776,0.888745,0.0245163,0,0.889083,1.04445,-0.0294635,0,1.04487,1.10907,0.243465,1.03052,0.825799,0.0227799,0,0.826113
3163,1.04641,3.06571,0.733911,0.916959,-0.000987416,0,0.91696,-0.245166,-0.316185,0,0.400099,1.06558,0.146377,1.01832,0.876292,-0.000943624,0,0.876292
3164,1.05965,3.0991,0.714894,0.906735,0.0065526,0,0.906758,-0.238189,-0.193639,0,0.306969,1.08445,0.18851,1.02341,0.855695,0.00618376,0,0.855718
3165,1.08988,3.15635,0.601039,0.794947,-0.00716319,0,0.79498,1.01724,0.0091493,0,1.01728,1.14657,0.327155,1.05201,0.729389,-0.00657244,0,0.729418
3166,1.09101,3.17776,0.668839,0.878195,0.0248814,0,0.878548,-0.170596,-0.0513943,0,0.178169,1.12961,0.289316,1.03538,0.804937,0.0228058,0,0.80526
3167,1.01077,2.97548,0.784808,0.937084,0.0814821,0,0.94062,-0.210821,0.499975,0,0.542606,1.01512,0.0337573,1.0043,0.927094,0.0806135,0,0.930593
3168,1.04395,3.04708,0.692682,0.867985,-0.0090168,0,0.868032,1.10739,0.0790482,0,1.11021,1.07448,0.166247,1.02925,0.831447,-0.00863724,0,0.831492
3169,1.02064,3.00058,0.770968,0.934383,0.0294693,0,0.934848,1.19545,-0.495491,0,1.29407,1.02898,0.0646872,1.00817,0.915484,0.0288733,0,0.91594
3170,1.0232,3.00699,0.767064,0.932503,0.0286925,0,0.932945,1.20721,-0.424695,0,1.27974,1.03267,0.072916,1.00925,0.911359,0.0280419,0,0.91179
3171,1.03249,3.01748,0.706876,0.874458,-0.00998306,0,0.874515,1.15292,0.132383,0,1.16049,1.05885,0.13136,1.02553,0.846941,-0.00966892,0,0.846997
3172,1.05016,3.07525,0.728796,0.911444,0.0741142,0,0.914453,-0.238981,0.196275,0,0.309251,1.07084,0.158136,1.0197,0.867909,0.0705741,0,0.870774
3173,0.89706,2.68294,0.944473,0.980417,0.027801,0,0.980811,0.387375,1.00321,0,1.07541,0.858701,-0.315399,0.957239,1.09292,0.0309913,0,1.09336
3174,1.06468,3.11164,0.707164,0.901751,0.0256077,0,0.902115,1.06706,-0.0535822,0,1.0684,1.09178,0.204871,1.02545,0.846968,0.024052,0,0.84731
3175,1.05982,3.09965,0.71508,0.906802,0.0239374,0,0.907118,1.08178,-0.0618342,0,1.08355,1.08457,0.188782,1.02336,0.855622,0.0225864,0,0.85592
3176,1.00015,2.94844,0.799818,0.94651,-0.00657553,0,0.946532,0.0107104,-0.824976,0,0.825046,1.00022,0.000487528,1.00007,0.946366,-0.00657453,0,0.946389
3177,1.0422,3.05513,0.740098,0.920212,-0.00279184,0,0.920217,-0.242157,-0.361045,0,0.434734,1.05955,0.132922,1.01664,0.88295,-0.00267879,0,0.882954
3178,1.01579,2.98816,0.777512,0.936926,0.0313316,0,0.93745,1.15795,-0.617049,0,1.3121,1.02223,0.0496303,1.00634,0.922363,0.0308446,0,0.922878
3179,0.896226,2.68066,0.945253,0.980578,0.00381766,0,0.980586,0.504502,1.01858,0,1.13667,0.857688,-0.31766,0.957,1.09412,0.00425971,0,1.09413
3180,0.999354,2.94647,0.801148,0.946618,0.0323748,0,0.947172,0.883594,-0.939627,0,1.28982,0.999043,-0.00213564,0.999689,0.94723,0.0323957,0,0.947784
3181,1.11799,3.24555,0.630128,0.851903,0.0185792,0,0.852105,1.00992,-0.0023592,0,1.00993,1.16833,0.375733,1.04503,0.761997,0.0166185,0,0.762178
3182,1.11325,3.2349,0.64143,0.862397,0.0173162,0,0.862571,1.0124,-0.00381035,0,1.0124,1.16029,0.357798,1.04225,0.774663,0.0155546,0,0.774819
3183,1.07269,3.13137,0.694105,0.893247,0.0252523,0,0.893604,1.05114,-0.037339,0,1.0518,1.10367,0.231399,1.02888,0.832717,0.0235411,0,0.83305
3184,1.06932,3.12294,0.699097,0.8963,0.0246447,0,0.896639,1.05565,-0.0407398,0,1.05644,1.09881,0.220557,1.02757,0.838193,0.023047,0,0.83851
3185,0.98853,2.91882,0.816267,0.952532,0.000885387,0,0.952532,0.162873,-0.926984,0,0.941184,0.983958,-0.0358072,0.995375,0.963584,0.00089566,0,0.963584
3186,1.08545,3.1463,0.611816,0.804926,-0.00795353,0,0.804966,1.02087,0.0123307,0,1.02095,1.13913,0.310558,1.04945,0.741558,-0.00732738,0,0.741594
3187,1.10722,3.18779,0.525613,0.711819,0.0129325,0,0.711937,1.00609,-3.34067e-09,0,1.00609,1.18356,0.409734,1.06895,0.642892,0.0116802,0,0.642998
3188,1.10063,3.20144,0.653205,0.864674,0.0664318,0,0.867223,-0.142339,0.0354347,0,0.146683,1.14391,0.321236,1.03933,0.785617,0.0603579,0,0.787933
3189,0.946172,2.81015,0.875629,0.966991,0.0692303,0,0.969466,0.0775067,0.872936,0,0.87637,0.925393,-0.166533,0.978039,1.022,0.0731688,0,1.02462
3190,1.03323,3.03238,0.752754,0.926296,-0.00627718,0,0.926317,-0.221256,-0.465103,0,0.515049,1.04686,0.104599,1.01319,0.896506,-0.00607531,0,0.896527
3191,1.01714,2.99163,0.775781,0.933318,0.0810176,0,0.936828,-0.225686,0.447246,0,0.500962,1.02408,0.0537526,1.00683,0.917594,0.0796527,0,0.921044
3192,0.994065,2.93293,0.808439,0.949739,-0.00355064,0,0.949745,0.0817021,-0.87925,0,0.883038,0.991694,-0.0185411,0.997614,0.955409,-0.00357184,0,0.955416
3193,0.988342,2.91821,0.816084,0.951743,0.0282756,0,0.952163,0.657436,-1.01039,0,1.20545,0.983823,-0.0361099,0.995427,0.962969,0.0286092,0,0.963394
3194,1.02876,3.02109,0.759215,0.929381,-0.00750351,0,0.929411,-0.203275,-0.520545,0,0.558827,1.04051,0.0904157,1.01142,0.9034,-0.00729375,0,0.90343
3195,1.10063,3.17851,0.565725,0.758561,-0.00358781,0,0.75857,1.00992,0.00235919,0,1.00993,1.16684,0.372409,1.06016,0.689207,-0.00325978,0,0.689215
3196,1.06717,3.10332,0.65029,0.83734,-0.0096895,0,0.837396,1.04445,0.0294634,0,1.04487,1.10991,0.245335,1.04005,0.784639,-0.00907966,0,0.784692
3197,1.12309,3.25896,0.624998,0.849352,0.0175713,0,0.849534,1.00784,-0.00219342,0,1.00784,1.17506,0.390766,1.04628,0.756263,0.0156454,0,0.756425
3198,1.11908,3.24077,0.60057,0.815417,0.0206662,0,0.815679,1.00712,-0.00135707,0,1.00712,1.1774,0.395985,1.05212,0.728653,0.0184672,0,0.728887
3199,1.08948,3.17284,0.667167,0.874894,0.0266423,0,0.875299,1.02653,-0.0189342,0,1.0267,1.12849,0.286806,1.03581,0.803039,0.0244542,0,0.803411
3200,1.02641,3.01528,0.763061,0.931092,0.0274193,0,0.931495,1.20765,-0.355074,0,1.25877,1.03704,0.0826763,1.01036,0.907137,0.0267139,0,0.90753
3201,1.02829,3.01981,0.75951,0.928926,0.0268497,0,0.929314,1.20237,-0.314981,0,1.24295,1.03995,0.0891766,1.01134,0.903367,0.0261109,0,0.903745
3202,1.02335,3.00737,0.766877,0.929413,0.0802896,0,0.932875,-0.23584,0.396461,0,0.461305,1.03287,0.0733627,1.0093,0.908209,0.0784578,0,0.911592
3203,1.03768,3.04365,0.746437,0.923273,-0.00452597,0,0.923284,-0.235055,-0.41383,0,0.475927,1.05316,0.11866,1.01492,0.88975,-0.00436164,0,0.889761
3204,1.00689,2.96562,0.790421,0.942387,0.0329329,0,0.942962,1.02981,-0.826354,0,1.32037,1.00963,0.0214953,1.00272,0.93594,0.0327076,0,0.936512
3205,0.983544,2.90601,0.823042,0.954404,0.0220353,0,0.954658,0.511312,-1.016,0,1.13741,0.97708,-0.0511604,0.993428,0.970372,0.022404,0,0.970631
3206,1.05101,3.06533,0.683925,0.863753,-0.0102083,0,0.863813,1.08259,0.0629885,0,1.08442,1.08414,0.187813,1.03152,0.821828,-0.00971279,0,0.821885
3207,1.01011,2.97379,0.785734,0.940429,0.0325645,0,0.940992,1.08428,-0.760419,0,1.32435,1.0142,0.0316895,1.00404,0.931013,0.0322384,0,0.931571
3208,0.996397,2.93888,0.805129,0.945009,0.0815854,0,0.948525,-0.162941,0.609522,0,0.630925,0.99496,-0.0112507,0.998557,0.948426,0.0818804,0,0.951954
3209,1.06415,3.11045,0.708414,0.903069,0.00929378,0,0.903117,-0.231127,-0.160642,0,0.281471,1.09089,0.202883,1.02512,0.848626,0.00873348,0,0.848671
3210,1.09823,3.17574,0.582355,0.77777,-0.00144024,0,0.777771,1.0124,0.00381035,0,1.0124,1.16013,0.357436,1.05637,0.708204,-0.00131142,0,0.708205
3211,1.08718,3.16839,0.675284,0.880814,0.0648311,0,0.883197,-0.170191,0.0511226,0,0.177704,1.12386,0.276474,1.03374,0.810182,0.0596323,0,0.812374
3212,1.0775,3.14399,0.689067,0.891406,0.0212487,0,0.89166,-0.206052,-0.0783311,0,0.220439,1.11002,0.245587,1.03019,0.827294,0.0197204,0,0.827529
3213,1.06721,3.11806,0.703659,0.897699,0.066836,0,0.900184,-0.21548,0.100871,0,0.237922,1.09536,0.212866,1.02638,0.841162,0.0626266,0,0.84349
3214,1.05552,3.08876,0.721024,0.90736,0.0724561,0,0.910249,-0.232595,0.164082,0,0.284646,1.07851,0.175247,1.02178,0.85963,0.0686447,0,0.862367
3215,1.11298,3.23225,0.634654,0.852665,0.0464849,0,0.853932,-0.127435,-0.00171995,0,0.127446,1.16186,0.361306,1.04392,0.766109,0.0417661,0,0.767247
3216,1.06971,3.10916,0.644392,0.832317,-0.00909942,0,0.832367,1.0401,0.0253278,0,1.04041,1.11413,0.254745,1.04152,0.778076,-0.00850643,0,0.778123
3217,1.07949,3.14806,0.682791,0.885548,0.0238689,0,0.88587,1.04021,-0.0254099,0,1.04052,1.11383,0.254079,1.03181,0.820341,0.0221113,0,0.820638
3218,1.09971,3.16565,0.523337,0.704203,0.00286134,0,0.704209,1.0065,0.000623319,0,1.0065,1.17607,0.393017,1.06944,0.640353,0.00260191,0,0.640358
3219,1.10569,3.18709,0.54108,0.730728,-0.00362766,0,0.730737,1.00712,0.00135707,0,1.00712,1.17825,0.397878,1.06562,0.660878,-0.0032809,0,0.660886
3220,1.10713,3.19626,0.561593,0.757807,-0.00194939,0,0.757809,1.00784,0.00219341,0,1.00784,1.17476,0.390094,1.06109,0.684478,-0.00176076,0,0.68448
3221,1.07286,3.13228,0.695582,0.89532,0.0167901,0,0.895478,-0.215382,-0.10227,0,0.238429,1.10343,0.23086,1.02849,0.83452,0.0156499,0,0.834667
3222,1.06858,3.12158,0.702008,0.899316,0.012918,0,0.899409,-0.223677,-0.130628,0,0.259027,1.09723,0.217025,1.02681,0.841601,0.0120889,0,0.841688
3223,1.06136,3.10344,0.712465,0.902739,0.0697144,0,0.905427,-0.224701,0.131618,0,0.260411,1.08689,0.19396,1.02405,0.850546,0.0656837,0,0.853078
3224,1.07311,3.13299,0.695454,0.893278,0.0636469,0,0.895543,-0.205655,0.0766888,0,0.219488,1.10373,0.231531,1.02853,0.832417,0.0593104,0,0.834527
3225,0.928208,2.76373,0.900614,0.972613,0.0598885,0,0.974455,0.174241,0.930106,0,0.946286,0.900891,-0.221226,0.97057,1.04784,0.0645206,0,1.04982
3226,1.05492,3.08712,0.721499,0.91026,0.00356207,0,0.910267,-0.243211,-0.233589,0,0.337217,1.07776,0.173562,1.02165,0.862874,0.00337664,0,0.862881
3227,1.04053,3.05075,0.742004,0.920577,0.023107,0,0.920867,1.15954,-0.143444,0,1.16838,1.05731,0.127915,1.01613,0.884723,0.0222071,0,0.885002
3228,1.02934,3.01065,0.715638,0.881581,-0.0111504,0,0.881651,1.16735,0.16753,0,1.17931,1.05323,0.118813,1.02321,0.856456,-0.0108326,0,0.856525
3229,1.03742,3.04289,0.746432,0.922733,0.0241352,0,0.923049,1.17235,-0.176222,0,1.18552,1.0529,0.118077,1.01492,0.889451,0.0232647,0,0.889755
3230,1.02723,3.00758,0.726925,0.89232,-0.0124758,0,0.892407,1.18098,0.207135,0,1.19901,1.04798,0.107092,1.0202,0.868667,-0.0121451,0,0.868752
3231,1.03414,3.03459,0.751055,0.924918,0.0251032,0,0.925259,1.18518,-0.217027,0,1.20489,1.04827,0.107746,1.01366,0.89438,0.0242743,0,0.894709
3232,1.02529,3.00536,0.739374,0.904387,-0.0136193,0,0.904489,1.193,0.25513,0,1.21998,1.04256,0.0950014,1.01684,0.882075,-0.0132833,0,0.882175
3233,1.03109,3.02694,0.755663,0.927238,0.0261856,0,0.927608,1.19552,-0.264525,0,1.22444,1.04387,0.0979285,1.0124,0.899279,0.025396,0,0.899638
3234,1.02306,3.002,0.750863,0.915011,-0.0146702,0,0.915129,1.20184,0.311038,0,1.24143,1.03708,0.0827785,1.01371,0.894389,-0.0143395,0,0.894504
3235,1.02049,2.99701,0.759892,0.92255,-0.015614,0,0.922682,1.20487,0.369967,0,1.26039,1.03196,0.0713322,1.01123,0.904022,-0.0153005,0,0.904152
3236,1.01751,2.9902,0.766824,0.927348,-0.0166203,0,0.927497,1.20166,0.432664,0,1.27718,1.02699,0.0602464,1.00932,0.911389,-0.0163343,0,0.911536
3237,1.01448,2.98327,0.77386,0.932142,-0.0178755,0,0.932314,1.19224,0.496433,0,1.29146,1.02195,0.048991,1.00736,0.918839,-0.0176204,0,0.919008
3238,1.01123,2.97587,0.781497,0.93731,-0.0191068,0,0.937505,1.17353,0.566635,0,1.30317,1.01652,0.0368701,1.00523,0.926902,-0.0188946,0,0.927095
3239,1.00738,2.96658,0.788734,0.941412,-0.020253,0,0.941629,1.1485,0.63653,0,1.31309,1.0106,0.0236594,1.0032,0.934517,-0.0201046,0,0.934734
3240,1.00268,2.95471,0.795702,0.944344,-0.0214973,0,0.944589,1.10984,0.71123,0,1.31818,1.00391,0.00873142,1.00123,0.941824,-0.0214399,0,0.942068
3241,0.996235,2.93821,0.804493,0.947423,-0.0231934,0,0.947706,1.05995,0.7896,0,1.32172,0.994978,-0.0112109,0.998738,0.951003,-0.0232811,0,0.951288
3242,1.04473,3.06149,0.73641,0.915172,0.0757334,0,0.9183,-0.243363,0.23241,0,0.336511,1.06316,0.140983,1.01764,0.87599,0.0724911,0,0.878985
3243,1.03481,3.03642,0.750644,0.922082,0.0782274,0,0.925395,-0.24555,0.304969,0,0.391537,1.04906,0.109503,1.01377,0.891067,0.0755961,0,0.894268
3244,1.03975,3.04892,0.743577,0.918707,0.0770828,0,0.921936,-0.245838,0.267205,0,0.363091,1.05607,0.12516,1.0157,0.883586,0.074136,0,0.886691
3245,0.988864,2.91966,0.815752,0.952014,-0.0242441,0,0.952323,0.982548,0.86536,0,1.30929,0.984436,-0.034742,0.995522,0.962735,-0.0245171,0,0.963048
3246,0.977613,2.89104,0.832103,0.957739,-0.0256953,0,0.958083,0.880285,0.934155,0,1.28357,0.968629,-0.0700254,0.99081,0.979671,-0.0262837,0,0.980023
3247,0.951945,2.82458,0.865986,0.965662,-0.0272889,0,0.966047,0.756366,0.987312,0,1.24373,0.933759,-0.147859,0.980896,1.01441,-0.0286664,0,1.01481
3248,0.916935,2.73405,0.914655,0.975319,-0.0182422,0,0.97549,0.625865,1.01501,0,1.19246,0.886063,-0.254325,0.966331,1.06367,-0.0198947,0,1.06386
3249,1.04386,3.05938,0.737907,0.918956,0.0221994,0,0.919224,1.14666,-0.116642,0,1.15257,1.06186,0.138077,1.01724,0.88034,0.0212666,0,0.880597
3250,1.05395,3.08501,0.724126,0.912157,0.0221978,0,0.912427,1.10437,-0.0731411,0,1.10679,1.07602,0.169695,1.02095,0.865469,0.0210616,0,0.865726
3251,1.04733,3.06838,0.733802,0.917406,0.021073,0,0.917648,1.13348,-0.0925736,0,1.13726,1.06655,0.148549,1.01835,0.875944,0.0201206,0,0.876175
3252,1.03641,3.02738,0.70121,0.871389,-0.00828184,0,0.871428,1.13792,0.102615,0,1.14253,1.06441,0.143773,1.02702,0.840779,-0.00799092,0,0.840817
3253,1.01863,2.99544,0.773684,0.935896,-0.00913098,0,0.935941,-0.146645,-0.639223,0,0.655828,1.02618,0.0584425,1.00741,0.918777,-0.00896397,0,0.918821
3254,1.0128,2.98062,0.781964,0.939414,-0.00921514,0,0.939459,-0.104291,-0.700891,0,0.708608,1.01796,0.0400946,1.0051,0.927544,-0.0090987,0,0.927589
3255,1.00656,2.96477,0.790796,0.943017,-0.00833678,0,0.943053,-0.0510901,-0.766832,0,0.768532,1.0092,0.0205273,1.00262,0.93687,-0.00828244,0,0.936906
3256,1.04909,3.07248,0.730048,0.914899,0.0086158,0,0.91494,-0.286682,-0.250154,0,0.380478,1.0694,0.154915,1.01936,0.872087,0.00821262,0,0.872125
3257,1.04493,3.06203,0.736197,0.915808,0.0667913,0,0.918241,-0.279679,0.209673,0,0.349547,1.06343,0.141583,1.0177,0.876428,0.0639192,0,0.878755
3258,0.988861,2.91961,0.815624,0.951896,0.023604,0,0.952189,0.589176,-1.13821,0,1.28166,0.98447,-0.0346644,0.99556,0.962618,0.0238698,0,0.962914
3259,1.00643,2.96446,0.791042,0.942712,0.0301481,0,0.943194,1.06728,-0.93485,0,1.41881,1.009,0.0200838,1.00255,0.936686,0.0299554,0,0.937165
3260,0.977974,2.89184,0.831138,0.954787,0.0715037,0,0.957461,-0.106234,0.836353,0,0.843073,0.96926,-0.068616,0.99109,0.976291,0.0731141,0,0.979025
3261,1.03793,3.04433,0.746182,0.923223,0.00299873,0,0.923228,-0.292222,-0.394651,0,0.491063,1.05349,0.119399,1.01499,0.889483,0.00288914,0,0.889487
3262,1.00426,2.9589,0.794026,0.941446,0.0734926,0,0.94431,-0.242034,0.611767,0,0.657905,1.00597,0.0133304,1.00171,0.937453,0.0731809,0,0.940305
3263,0.912025,2.72186,0.923499,0.978109,0.0186579,0,0.978287,0.429877,1.13334,0,1.21213,0.87887,-0.270379,0.963647,1.07246,0.0204577,0,1.07265
3264,1.06165,3.09101,0.664192,0.849373,-0.0115158,0,0.849451,1.05586,0.0408489,0,1.05665,1.10047,0.224262,1.03656,0.800047,-0.010847,0,0.80012
3265,1.11575,3.23454,0.613426,0.829239,0.0189023,0,0.829455,1.00911,-0.00172486,0,1.00911,1.17049,0.380561,1.04907,0.743215,0.0169414,0,0.743408
3266,1.10958,3.2193,0.623301,0.837033,0.0167065,0,0.8372,1.01248,-0.00194543,0,1.01248,1.16138,0.360233,1.04669,0.754369,0.0150566,0,0.75452
3267,1.06652,3.11604,0.703732,0.899378,0.0233653,0,0.899681,1.065,-0.043661,0,1.0659,1.09463,0.211224,1.02636,0.843285,0.0219081,0,0.84357
3268,1.00173,2.95247,0.797611,0.945704,-0.00184556,0,0.945706,-0.0153083,-0.932575,0,0.932701,1.00242,0.00541039,1.00069,0.944071,-0.00184237,0,0.944073
3269,0.987849,2.91709,0.817271,0.952852,0.0103333,0,0.952908,0.283626,-1.09816,0,1.1342,0.982996,-0.0379556,0.995087,0.964573,0.0104604,0,0.96463
3270,0.986695,2.91413,0.818862,0.953273,0.0172532,0,0.953429,0.428569,-1.13071,0,1.2092,0.981396,-0.0415259,0.99463,0.966128,0.0174858,0,0.966286
3271,1.09212,3.17931,0.662795,0.871831,0.0230256,0,0.872135,1.02505,-0.0131456,0,1.02513,1.13243,0.295607,1.03691,0.798294,0.0210834,0,0.798573
3272,0.997126,2.94069,0.803966,0.945138,0.0736529,0,0.948003,-0.210638,0.680245,0,0.712111,0.996017,-0.0088904,0.998888,0.947862,0.0738652,0,0.950736
3273,1.00725,2.9665,0.789801,0.942634,-0.00316287,0,0.94264,-0.0852759,-0.865083,0,0.869275,1.01017,0.0226916,1.0029,0.935853,-0.00314011,0,0.935858
3274,1.08688,3.14922,0.607077,0.800192,-0.0057372,0,0.800213,1.01995,0.0105063,0,1.02,1.14186,0.316646,1.05058,0.736227,-0.00527858,0,0.736245
3275,1.09811,3.19414,0.653297,0.865022,0.0238506,0,0.865351,1.01995,-0.0105063,0,1.02,1.14127,0.315334,1.0393,0.787736,0.0217197,0,0.788036
3276,0.933862,2.77837,0.892797,0.971636,0.0525201,0,0.973055,0.181505,1.05696,0,1.07243,0.90857,-0.204086,0.972917,1.04045,0.0562397,0,1.04197
3277,1.10294,3.20613,0.645867,0.859763,0.0215985,0,0.860034,1.01667,-0.00703388,0,1.0167,1.14833,0.331089,1.04115,0.779521,0.0195827,0,0.779767
3278,1.09168,3.17924,0.66715,0.87495,0.0606254,0,0.877048,-0.16316,0.0349275,0,0.166857,1.13077,0.291906,1.03581,0.801471,0.055534,0,0.803393
3279,1.08173,3.1544,0.682069,0.886459,0.0263611,0,0.886851,-0.196061,-0.0540075,0,0.203363,1.11634,0.259693,1.032,0.819482,0.0243693,0,0.819844
3280,1.03133,3.02761,0.755551,0.925042,0.0702088,0,0.927702,-0.292894,0.328847,0,0.440371,1.04415,0.0985465,1.01243,0.896938,0.0680758,0,0.899518
3281,1.07873,3.13044,0.625748,0.816855,-0.00736925,0,0.816888,1.02874,0.0160524,0,1.02886,1.12846,0.286733,1.04609,0.757236,-0.0068314,0,0.757266
3282,1.06945,3.1238,0.700823,0.898432,0.0242951,0,0.89876,-0.237225,-0.0799701,0,0.250341,1.09846,0.219768,1.02712,0.840087,0.0227174,0,0.840394
3283,1.05765,3.08093,0.670061,0.85306,-0.00947542,0,0.853112,1.06529,0.043263,0,1.06617,1.09475,0.211485,1.03507,0.80656,-0.00895891,0,0.806609
3284,1.0573,3.09319,0.718337,0.908593,0.0138396,0,0.908698,-0.269642,-0.169653,0,0.318573,1.08108,0.180983,1.02249,0.859354,0.0130896,0,0.859454
3285,1.04978,3.07429,0.729297,0.912362,0.0652618,0,0.914693,-0.271189,0.173156,0,0.321755,1.07032,0.156964,1.01956,0.869094,0.0621668,0,0.871315
3286,0.919415,2.74102,0.913146,0.975984,0.0385412,0,0.976745,0.299389,1.1021,0,1.14204,0.888879,-0.248038,0.966788,1.06153,0.0419192,0,1.06236
3287,1.02644,3.01519,0.762469,0.930873,-0.00166725,0,0.930874,-0.253571,-0.575885,0,0.629239,1.03724,0.0831146,1.01052,0.906898,-0.00162431,0,0.9069
3288,1.0288,3.00833,0.712884,0.878084,-0.00746197,0,0.878116,1.1838,0.140241,0,1.19208,1.05343,0.119268,1.02394,0.853503,-0.00725308,0,0.853534
3289,1.01212,2.9789,0.782912,0.93939,0.0292331,0,0.939845,1.17757,-0.765561,0,1.40455,1.01701,0.0379763,1.00483,0.928141,0.0288831,0,0.92859
3290,0.919774,2.74169,0.911702,0.975796,-0.00350339,0,0.975802,0.568864,1.14208,0,1.27592,0.889628,-0.246366,0.967225,1.06091,-0.00380897,0,1.06092
3291,1.0531,3.08256,0.724246,0.911762,0.0110774,0,0.911829,-0.279091,-0.208789,0,0.348546,1.07512,0.167686,1.02092,0.865791,0.0105189,0,0.865855
3292,1.0399,3.03679,0.69823,0.87096,-0.00646045,0,0.870984,1.12857,0.0820235,0,1.13154,1.06881,0.153602,1.0278,0.837539,-0.00621255,0,0.837562
3293,0.991442,2.92626,0.812179,0.951101,0.00473688,0,0.951112,0.167067,-1.05269,0,1.06586,0.988018,-0.0267457,0.996546,0.95931,0.00477777,0,0.959322
3294,1.02234,3.00483,0.768412,0.933618,-0.00259201,0,0.933622,-0.229124,-0.641882,0,0.68155,1.03141,0.0701143,1.00888,0.913221,-0.00253538,0,0.913224
3295,1.05665,3.09161,0.719462,0.909174,0.0214934,0,0.909428,1.09573,-0.0607336,0,1.09741,1.0801,0.17879,1.02219,0.860434,0.0203412,0,0.860674
3296,1.0031,2.95597,0.795752,0.944562,0.0300389,0,0.94504,0.986529,-1.00806,0,1.41047,1.00432,0.00964572,1.00122,0.941644,0.0299461,0,0.94212
3297,0.964898,2.85831,0.849431,0.960441,0.0681125,0,0.962853,-0.0263086,0.919099,0,0.919476,0.951162,-0.109015,0.985764,0.995381,0.0705904,0,0.997881
3298,1.01688,2.99098,0.776105,0.936534,0.0276786,0,0.936943,1.23526,-0.605024,0,1.37547,1.02373,0.0529765,1.00674,0.920986,0.0272191,0,0.921388
3299,1.07391,3.11903,0.635534,0.824973,-0.00823111,0,0.825014,1.03518,0.0203196,0,1.03538,1.12085,0.269755,1.04371,0.768193,-0.00766459,0,0.768231
3300,0.988617,2.91901,0.816034,0.949569,0.0730532,0,0.952375,-0.168016,0.755578,0,0.774034,0.984111,-0.0354676,0.995441,0.960503,0.0738943,0,0.963341
3301,1.05319,3.07066,0.680179,0.861213,-0.00944419,0,0.861264,1.07877,0.0547137,0,1.08015,1.0874,0.195097,1.03248,0.817716,-0.0089672,0,0.817765
3302,1.09165,3.16088,0.598695,0.793368,-0.00308099,0,0.793374,1.01667,0.00703386,0,1.0167,1.14903,0.332659,1.05256,0.726759,-0.00282232,0,0.726764
3303,1.08202,3.13811,0.618584,0.810634,-0.0074241,0,0.810668,1.02448,0.0137571,0,1.02457,1.13377,0.298597,1.04783,0.749185,-0.00686132,0,0.749216
3304,1.08702,3.16658,0.67041,0.87692,0.0230416,0,0.877223,1.03044,-0.0168303,0,1.03057,1.12505,0.279129,1.03498,0.806717,0.021197,0,0.806996
3305,1.08983,3.17367,0.666428,0.874383,0.0233265,0,0.874695,1.02745,-0.0148946,0,1.02756,1.12906,0.288086,1.03599,0.802308,0.0214037,0,0.802594
3306,1.02638,3.01507,0.762573,0.928217,0.0711687,0,0.930941,-0.291675,0.379533,0,0.478664,1.03715,0.0829341,1.01049,0.904356,0.0693392,0,0.90701
3307,0.993659,2.93181,0.808679,0.949198,0.0278927,0,0.949608,0.748691,-1.11884,0,1.34623,0.991221,-0.0195963,0.997546,0.955255,0.0280707,0,0.955668
3308,1.10832,3.22136,0.644336,0.86214,0.0184761,0,0.862338,1.01426,-0.00447868,0,1.01427,1.15435,0.344536,1.04153,0.777881,0.0166704,0,0.77806
3309,1.07656,3.14056,0.6866,0.887711,0.0212839,0,0.887966,1.0465,-0.0230763,0,1.04676,1.10974,0.244958,1.03083,0.824585,0.0197704,0,0.824822
3310,1.04532,3.06297,0.735484,0.917757,0.00651892,0,0.91778,-0.291464,-0.294844,0,0.414589,1.06403,0.142916,1.01789,0.877966,0.00623628,0,0.877988
3311,1.01028,2.9742,0.785439,0.937978,0.0732426,0,0.940833,-0.262804,0.549673,0,0.609267,1.01445,0.0322519,1.00412,0.928432,0.0724972,0,0.931258
3312,1.01896,2.99636,0.773472,0.935634,0.0267868,0,0.936018,1.24908,-0.5404,0,1.36097,1.02658,0.0593248,1.00747,0.918221,0.0262882,0,0.918597
3313,1.02088,3.00111,0.770329,0.934012,0.0260674,0,0.934376,1.25815,-0.469534,0,1.34291,1.0294,0.0656331,1.00835,0.914905,0.0255341,0,0.915261
3314,1.06171,3.10424,0.711722,0.904567,0.0232327,0,0.904865,1.07844,-0.0545227,0,1.07982,1.08746,0.195221,1.02425,0.851989,0.0218823,0,0.85227
3315,1.04168,3.05381,0.740791,0.920524,0.00458499,0,0.920535,-0.293184,-0.341936,0,0.450419,1.05883,0.131311,1.01646,0.883687,0.00440151,0,0.883698
3316,1.01457,2.98507,0.779292,0.937801,0.0285188,0,0.938234,1.21042,-0.685317,0,1.39096,1.0205,0.0457596,1.00585,0.924335,0.0281093,0,0.924763
3317,0.998964,2.94539,0.801414,0.946618,0.0295843,0,0.94708,0.885658,-1.0711,0,1.38983,0.998578,-0.00317391,0.999614,0.9476,0.029615,0,0.948062
3318,1.09589,3.16556,0.56867,0.758995,0.00218763,0,0.758998,1.01248,0.00194543,0,1.01248,1.16109,0.359572,1.05949,0.692582,0.00199621,0,0.692585
3319,0.99636,2.9388,0.805238,0.948602,0.000749715,0,0.948602,0.0678537,-0.995681,0,0.99799,0.994892,-0.0114025,0.998527,0.952068,0.000752454,0,0.952068
3320,1.10754,3.21904,0.644189,0.859635,0.0573829,0,0.861548,-0.135532,0.0161843,0,0.136495,1.15358,0.342805,1.04157,0.776169,0.0518113,0,0.777896
3321,0.949884,2.81971,0.87044,0.966274,0.0620143,0,0.968262,0.0713088,0.993848,0,0.996403,0.930485,-0.155167,0.979578,1.01726,0.0652862,0,1.01935
3322,1.03401,3.03435,0.751632,0.925774,0.00116402,0,0.925774,-0.2846,-0.454658,0,0.536387,1.04797,0.107071,1.0135,0.895326,0.00112573,0,0.895327
3323,1.0159,2.98852,0.777582,0.934816,0.0726071,0,0.937631,-0.277898,0.490425,0,0.563688,1.02233,0.0498416,1.00632,0.920182,0.0714705,0,0.922953
3324,1.0303,3.02498,0.756995,0.928359,-0.000277542,0,0.928359,-0.272806,-0.512459,0,0.58055,1.04269,0.095293,1.01203,0.90106,-0.00026938,0,0.90106
3325,1.06687,3.10188,0.64806,0.8345,-0.0055079,0,0.834518,1.04643,0.0230286,0,1.04668,1.1102,0.245975,1.04061,0.782193,-0.00516266,0,0.78221
3326,1.06428,3.09604,0.654486,0.840071,-0.00615796,0,0.840094,1.05176,0.0271882,0,1.05211,1.10579,0.236134,1.039,0.789336,-0.00578606,0,0.789357
3327,1.11563,3.22871,0.592574,0.802796,0.0205316,0,0.803059,1.00834,-0.00103681,0,1.00834,1.17587,0.392572,1.054,0.719589,0.0184036,0,0.719824
3328,1.02378,3.00859,0.766693,0.932735,0.0250057,0,0.93307,1.25845,-0.390208,0,1.31756,1.03336,0.0744582,1.00935,0.911069,0.0244248,0,0.911396
3329,1.02121,3.00195,0.769976,0.931498,0.0721244,0,0.934286,-0.286529,0.433004,0,0.519222,1.02983,0.0665779,1.00844,0.912156,0.0706267,0,0.914886
3330,1.04712,3.05548,0.689475,0.866959,-0.00764033,0,0.866993,1.09924,0.0633819,0,1.10106,1.07862,0.175494,1.03008,0.827945,-0.0072965,0,0.827977
3331,1.00943,2.97208,0.78681,0.941026,0.0298427,0,0.941499,1.12708,-0.851236,0,1.41241,1.0132,0.0294737,1.00374,0.932236,0.029564,0,0.932705
3332,1.10105,3.2023,0.651846,0.864714,0.0451827,0,0.865893,-0.148493,-0.00707924,0,0.148661,1.14473,0.323052,1.03967,0.785351,0.0410359,0,0.786422
3333,1.09502,3.16822,0.589317,0.784169,-0.000824758,0,0.784169,1.01426,0.00447868,0,1.01427,1.15497,0.345925,1.05475,0.716125,-0.000753191,0,0.716125
3334,1.09507,3.18753,0.661447,0.87219,0.0341264,0,0.872858,-0.166246,-0.0233908,0,0.167883,1.13587,0.303272,1.03725,0.79647,0.0311637,0,0.797079
3335,1.07866,3.14696,0.687508,0.888752,0.0600663,0,0.890779,-0.195259,0.0530006,0,0.202325,1.11166,0.249238,1.03059,0.82394,0.055686,0,0.825819
3336,1.05487,3.08715,0.722098,0.908702,0.0634376,0,0.910913,-0.260915,0.140004,0,0.296104,1.07754,0.173084,1.02149,0.861433,0.0601377,0,0.86353
3337,1.08001,3.14919,0.681446,0.884453,0.0207923,0,0.884697,1.04109,-0.0190734,0,1.04127,1.11474,0.256107,1.03216,0.818933,0.019252,0,0.819159
3338,1.10491,3.18595,0.54573,0.736053,0.0114245,0,0.736141,1.00749,7.7627e-05,0,1.00749,1.17629,0.3935,1.0646,0.666168,0.0103397,0,0.666248
3339,1.10255,3.1781,0.541324,0.728973,-0.000821007,0,0.728974,1.00834,0.0010368,0,1.00834,1.17485,0.390282,1.06557,0.661168,-0.000744641,0,0.661168
3340,1.1003,3.17492,0.554975,0.744779,-0.00115638,0,0.74478,1.00911,0.00172485,0,1.00911,1.16914,0.377553,1.06256,0.676884,-0.00105096,0,0.676885
3341,1.06128,3.10325,0.712673,0.905441,0.0166785,0,0.905595,-0.259397,-0.137694,0,0.293677,1.08675,0.193636,1.024,0.85316,0.0157155,0,0.853304
3342,1.06515,3.11294,0.706948,0.902037,0.0200589,0,0.90226,-0.248992,-0.10783,0,0.271338,1.09232,0.206075,1.02551,0.846865,0.018832,0,0.847074
3343,1.05999,3.09991,0.714193,0.904195,0.0609413,0,0.906247,-0.249533,0.107415,0,0.27167,1.085,0.18974,1.0236,0.853021,0.0574922,0,0.854956
3344,1.06564,3.11417,0.706214,0.899964,0.057866,0,0.901823,-0.236847,0.0781026,0,0.249392,1.09303,0.207657,1.02571,0.844531,0.0543017,0,0.846275
3345,1.0261,3.00302,0.722394,0.886353,-0.00848662,0,0.886394,1.20238,0.17762,0,1.21543,1.04807,0.107294,1.02141,0.86381,-0.00827077,0,0.86385
3346,1.03718,3.04231,0.746856,0.923072,0.0208364,0,0.923308,1.19091,-0.150076,0,1.20033,1.05254,0.117268,1.01481,0.889983,0.0200895,0,0.89021
3347,1.03405,3.03436,0.751217,0.925096,0.0218288,0,0.925353,1.20833,-0.187327,0,1.22276,1.04813,0.107431,1.01361,0.894633,0.02111,0,0.894882
3348,1.02437,3.00132,0.734568,0.898321,-0.00958289,0,0.898372,1.22036,0.222773,0,1.24053,1.04295,0.0958744,1.01814,0.876951,-0.00935492,0,0.877001
3349,1.02616,3.01455,0.76309,0.930986,0.0241197,0,0.931299,1.25002,-0.329102,0,1.29261,1.03678,0.0820901,1.01035,0.907257,0.0235049,0,0.907561
3350,1.031,3.02669,0.755688,0.927277,0.0228094,0,0.927558,1.22502,-0.233228,0,1.24702,1.04378,0.0977174,1.01239,0.899392,0.0221234,0,0.899664
3351,1.02255,2.99944,0.746997,0.910379,-0.0104544,0,0.910439,1.23695,0.276836,0,1.26755,1.03765,0.0840416,1.01477,0.890303,-0.0102238,0,0.890362
3352,1.02818,3.01949,0.759594,0.929002,0.0235242,0,0.9293,1.23933,-0.284269,0,1.27151,1.03981,0.0888593,1.01131,0.903544,0.0228795,0,0.903834
3353,1.02047,2.99627,0.757473,0.91996,-0.0112565,0,0.920028,1.24889,0.338157,0,1.29386,1.03262,0.072803,1.0119,0.901502,-0.0110306,0,0.90157
3354,1.01791,2.99091,0.765208,0.926032,-0.0119531,0,0.926109,1.25511,0.403975,0,1.31852,1.02785,0.062161,1.00976,0.90974,-0.0117428,0,0.909815
3355,1.01522,2.98488,0.771869,0.930757,-0.0129027,0,0.930847,1.25456,0.473058,0,1.34078,1.02325,0.051903,1.00792,0.916808,-0.0127093,0,0.916896
3356,1.01255,2.97902,0.778915,0.935859,-0.0138803,0,0.935962,1.24526,0.548157,0,1.36057,1.01857,0.041462,1.00595,0.924262,-0.0137082,0,0.924363
3357,1.00943,2.97174,0.785612,0.940107,-0.0148209,0,0.940224,1.22833,0.625697,0,1.37851,1.01354,0.030232,1.00408,0.931325,-0.0146825,0,0.931441
3358,1.0056,2.96217,0.791578,0.942854,-0.0157812,0,0.942986,1.19874,0.709879,0,1.39316,1.00802,0.0178913,1.0024,0.937598,-0.0156933,0,0.93773
3359,1.00073,2.94973,0.798381,0.945417,-0.0170031,0,0.94557,1.15781,0.796837,0,1.40551,1.0012,0.00268568,1.00047,0.944728,-0.0169907,0,0.944881
3360,1.04033,3.0504,0.742836,0.919104,0.0680663,0,0.92162,-0.286561,0.246822,0,0.378204,1.05687,0.126937,1.0159,0.883477,0.0654278,0,0.885896
3361,1.03587,3.0391,0.749096,0.922043,0.0691151,0,0.924629,-0.291667,0.286438,0,0.408798,1.05057,0.112889,1.01419,0.890114,0.0667218,0,0.892611
3362,0.994271,2.93336,0.807803,0.949107,-0.018213,0,0.949282,1.09235,0.900126,0,1.41544,0.992079,-0.0176814,0.997795,0.954576,-0.018318,0,0.954751
3363,0.986429,2.91361,0.819775,0.953927,-0.0186471,0,0.954109,0.994159,0.993024,0,1.40515,0.980873,-0.0426942,0.994367,0.967051,-0.0189036,0,0.967236
3364,0.971383,2.87485,0.840016,0.959702,-0.0202394,0,0.959915,0.865893,1.07162,0,1.37773,0.960224,-0.0887859,0.988512,0.987975,-0.0208356,0,0.988195
3365,0.944611,2.80565,0.876131,0.968178,-0.018069,0,0.968347,0.717128,1.12371,0,1.33304,0.923726,-0.170254,0.97789,1.02495,-0.0191285,0,1.02513
3366,1.04045,3.05076,0.742808,0.921483,0.0199689,0,0.9217,1.17433,-0.119837,0,1.18043,1.057,0.127238,1.01591,0.885658,0.0191925,0,0.885866
3367,1.05014,3.07534,0.729338,0.914833,0.0198276,0,0.915048,1.12389,-0.074416,0,1.12635,1.07067,0.157743,1.01955,0.871155,0.0188809,0,0.871359
3368,1.04381,3.05948,0.73887,0.920057,0.0190596,0,0.920254,1.15801,-0.0947866,0,1.16189,1.06153,0.13734,1.01698,0.881443,0.0182597,0,0.881632
3369,1.03249,3.01753,0.707025,0.874667,-0.00593216,0,0.874687,1.16506,0.1076,0,1.17001,1.05881,0.131281,1.02549,0.84714,-0.00574546,0,0.847159
3370,1.01768,2.993,0.774997,0.936473,-0.00339624,0,0.936479,-0.192606,-0.716168,0,0.741616,1.02485,0.0554624,1.00705,0.920208,-0.00333725,0,0.920214
3371,1.01264,2.9802,0.782134,0.939485,-0.00366135,0,0.939492,-0.145757,-0.788778,0,0.802132,1.01775,0.039626,1.00505,0.927762,-0.00361567,0,0.927769
3372,0.990608,2.9241,0.81325,0.951218,0.0195287,0,0.951419,0.502417,-1.27265,0,1.36823,0.986883,-0.0292792,0.99624,0.960237,0.0197138,0,0.960439
3373,0.979251,2.8951,0.829325,0.95469,0.0645913,0,0.956872,-0.140553,0.949476,0,0.959823,0.971039,-0.0646454,0.991614,0.974919,0.0659599,0,0.977147
3374,1.03715,3.04234,0.747301,0.923726,0.00928759,0,0.923773,-0.348478,-0.369312,0,0.507768,1.05238,0.116913,1.01468,0.890642,0.00895495,0,0.890687
3375,1.06083,3.08819,0.662697,0.847003,-0.00718969,0,0.847033,1.05906,0.0330294,0,1.05958,1.10001,0.223242,1.03694,0.798436,-0.00677744,0,0.798465
3376,1.0732,3.13235,0.692229,0.891556,0.0220367,0,0.891828,1.05173,-0.0282773,0,1.05211,1.10472,0.233749,1.02937,0.830742,0.0205336,0,0.830996
3377,1.0028,2.95519,0.796116,0.945137,0.00224939,0,0.94514,-0.0427937,-1.05515,0,1.05601,1.00392,0.00874252,1.00112,0.9425,0.00224311,0,0.942503
3378,0.998036,2.94307,0.802868,0.947711,0.00447208,0,0.947722,0.0570512,-1.12932,0,1.13076,0.997238,-0.00616475,0.999201,0.949576,0.00448088,0,0.949587
3379,1.00873,2.9703,0.787768,0.941471,0.0274127,0,0.94187,1.18086,-0.952889,0,1.51738,1.01223,0.0273084,1.00347,0.93332,0.0271754,0,0.933716
3380,1.00264,2.95477,0.796304,0.94478,0.0276749,0,0.945185,1.00435,-1.1488,0,1.52593,1.0037,0.00826381,1.00106,0.942295,0.0276021,0,0.9427
3381,0.989374,2.92097,0.81509,0.949847,0.0659143,0,0.952131,-0.214155,0.854883,0,0.881299,0.985132,-0.033188,0.995712,0.960048,0.0666222,0,0.962357
3382,1.09778,3.16859,0.558826,0.747916,0.00387083,0,0.747926,1.01035,0.000962245,0,1.01035,1.16552,0.369469,1.06171,0.681297,0.00352605,0,0.681306
3383,1.0973,3.19332,0.658858,0.869834,0.0536868,0,0.87149,-0.155503,0.0174068,0,0.156474,1.1389,0.310045,1.03791,0.792701,0.048926,0,0.794209
3384,1.02299,2.99574,0.729025,0.891024,-0.00602428,0,0.891044,1.24283,0.187672,0,1.25692,1.04307,0.0961461,1.01963,0.871001,-0.0058889,0,0.871021
3385,0.929153,2.76626,0.899593,0.974023,0.030326,0,0.974495,0.333313,1.24854,0,1.29227,0.902093,-0.218543,0.970877,1.04829,0.0326383,0,1.0488
3386,1.01223,2.97918,0.782729,0.939755,0.00105816,0,0.939755,-0.192904,-0.88827,0,0.908976,1.01718,0.038348,1.00489,0.928396,0.00104537,0,0.928397
3387,0.95359,2.82924,0.865233,0.965415,0.055059,0,0.966984,0.0660074,1.13087,0,1.13279,0.935584,-0.143785,0.981118,1.0124,0.0577386,0,1.01405
3388,1.05439,3.07325,0.676848,0.858337,-0.00790364,0,0.858374,1.07607,0.0466483,0,1.07708,1.08954,0.199863,1.03334,0.814062,-0.00749595,0,0.814097
3389,1.05293,3.08208,0.724302,0.911545,0.0190528,0,0.911744,1.11342,-0.0586791,0,1.11497,1.07493,0.167262,1.0209,0.865726,0.0180951,0,0.865915
3390,0.993525,2.93152,0.809075,0.949577,0.0244004,0,0.94989,0.685758,-1.26704,0,1.44071,0.990974,-0.0201465,0.997433,0.955766,0.0245594,0,0.956081
3391,1.07946,3.13155,0.621937,0.812811,-0.00312178,0,0.812817,1.02835,0.0116659,0,1.02842,1.13021,0.290652,1.04702,0.752981,-0.00289199,0,0.752987
3392,0.997437,2.9415,0.803585,0.945573,0.0664005,0,0.947901,-0.265454,0.760982,0,0.805952,0.996436,-0.00795625,0.998996,0.948003,0.0665711,0,0.950337
3393,1.10586,3.21216,0.636786,0.850954,0.0161131,0,0.851107,1.01408,-0.00268971,0,1.01408,1.15386,0.343429,1.0434,0.769493,0.0145706,0,0.769631
3394,1.0842,3.15971,0.675283,0.880544,0.0201801,0,0.880776,1.03621,-0.0150271,0,1.03632,1.12078,0.269602,1.03374,0.812159,0.0186128,0,0.812372
3395,1.01334,2.98201,0.781171,0.938754,0.0260973,0,0.939117,1.2739,-0.758149,0,1.48244,1.01874,0.041824,1.00532,0.926392,0.0257537,0,0.92675
3396,1.03377,3.03377,0.752016,0.925955,0.00757647,0,0.925986,-0.34828,-0.432258,0,0.555109,1.04762,0.106291,1.0134,0.895707,0.00732897,0,0.895737
3397,1.00597,2.96326,0.791636,0.942982,0.0276968,0,0.943389,1.10647,-1.05921,0,1.53173,1.00836,0.0186706,1.00238,0.937387,0.0275325,0,0.937791
3398,1.10529,3.21372,0.64856,0.86501,0.0174512,0,0.865186,1.01641,-0.00511358,0,1.01642,1.15004,0.334912,1.04048,0.782607,0.0157887,0,0.782766
3399,1.00948,2.97218,0.786654,0.939073,0.0658284,0,0.941378,-0.323158,0.604382,0,0.685353,1.0133,0.0296785,1.00378,0.930257,0.0652104,0,0.93254
3400,1.10786,3.20759,0.597857,0.803909,0.0176683,0,0.804103,1.01035,-0.000962252,0,1.01035,1.16631,0.371232,1.05276,0.725639,0.0159481,0,0.725815
3401,1.04017,3.05003,0.743112,0.919813,0.0603869,0,0.921793,-0.32595,0.220313,0,0.393422,1.05663,0.126414,1.01583,0.884289,0.0580547,0,0.886193
3402,1.05025,3.06314,0.684122,0.863382,-0.00682037,0,0.863409,1.0915,0.0538471,0,1.09283,1.0833,0.185927,1.03147,0.822075,-0.00649406,0,0.822101
3403,1.08621,3.16547,0.67496,0.88133,0.034876,0,0.88202,-0.185965,-0.027012,0,0.187916,1.12295,0.274433,1.03382,0.811381,0.032108,0,0.812016
3404,1.09237,3.1622,0.595709,0.7902,-0.00052929,0,0.7902,1.01641,0.00511357,0,1.01642,1.15056,0.336061,1.05326,0.723379,-0.000484533,0,0.72338
3405,1.07357,3.13403,0.694426,0.894255,0.0286625,0,0.894714,-0.224333,-0.0538595,0,0.230708,1.10448,0.23322,1.02879,0.832973,0.0266983,0,0.833401
3406,1.03382,3.0338,0.751597,0.925376,0.0188508,0,0.925568,1.22735,-0.155735,0,1.23719,1.04779,0.10667,1.01351,0.895103,0.0182342,0,0.895289
3407,0.927991,2.76317,0.900937,0.97447,0.0105221,0,0.974527,0.490671,1.27605,0,1.36713,0.90059,-0.221898,0.970472,1.05009,0.0113386,0,1.05015
3408,0.941758,2.79841,0.880539,0.969602,-0.00720724,0,0.969629,0.660175,1.27149,0,1.43266,0.919701,-0.179239,0.976579,1.02957,-0.00765296,0,1.02959
3409,1.04321,3.04563,0.695215,0.870303,-0.00507077,0,0.870317,1.11835,0.064499,0,1.12021,1.07304,0.163031,1.02859,0.834251,-0.00486072,0,0.834265
3410,1.0076,2.9674,0.78933,0.942468,0.00124268,0,0.942469,-0.124273,-0.975523,0,0.983407,1.01065,0.0237758,1.00303,0.935362,0.00123331,0,0.935362
3411,1.0235,3.00776,0.766695,0.930611,0.0641027,0,0.932816,-0.347646,0.411903,0,0.539001,1.03307,0.0738223,1.00935,0.909244,0.0626309,0,0.911398
3412,1.04714,3.06755,0.73291,0.916346,0.0149307,0,0.916468,-0.325783,-0.221599,0,0.394006,1.0666,0.14866,1.01859,0.875098,0.0142586,0,0.875214
3413,1.0039,2.95795,0.794404,0.942044,0.0662756,0,0.944372,-0.299022,0.679332,0,0.74223,1.00551,0.0122896,1.0016,0.938384,0.0660181,0,0.940703
3414,1.06863,3.12092,0.699141,0.895852,0.021281,0,0.896105,1.06285,-0.0341494,0,1.06339,1.09808,0.21893,1.02756,0.838321,0.0199144,0,0.838557
3415,1.10081,3.18309,0.581871,0.778909,0.0114792,0,0.778993,1.01248,-1.21527e-09,0,1.01248,1.16298,0.363802,1.05648,0.707577,0.010428,0,0.707654
3416,0.993737,2.93212,0.808994,0.949974,0.00816674,0,0.950009,0.178511,-1.19548,0,1.20873,0.991209,-0.0196229,0.997456,0.955961,0.00821821,0,0.955996
3417,0.990826,2.92469,0.813062,0.951338,0.0135033,0,0.951434,0.326723,-1.24525,0,1.2874,0.987154,-0.0286746,0.996293,0.960146,0.0136284,0,0.960243
3418,1.09486,3.18655,0.660137,0.870872,0.0198149,0,0.871098,1.0239,-0.00911226,0,1.02394,1.13601,0.303586,1.03758,0.795422,0.0180982,0,0.795627
3419,1.10022,3.20039,0.653718,0.867328,0.0186445,0,0.867528,1.01955,-0.00747124,0,1.01958,1.14335,0.319971,1.0392,0.788321,0.0169462,0,0.788503
3420,0.93975,2.79359,0.884633,0.9704,0.0452014,0,0.971452,0.194186,1.20033,0,1.21594,0.916593,-0.186177,0.975358,1.03262,0.0480994,0,1.03373
3421,1.02786,3.01881,0.760503,0.927859,0.063196,0,0.930008,-0.34687,0.355502,0,0.49669,1.03923,0.0875642,1.01106,0.902712,0.0614832,0,0.904804
3422,1.07088,3.12746,0.69896,0.896097,0.0550623,0,0.897787,-0.223562,0.0520914,0,0.22955,1.10045,0.224222,1.02761,0.836782,0.0514176,0,0.83836
3423,1.01115,2.97645,0.784359,0.940106,0.0268406,0,0.940489,1.23331,-0.856123,0,1.50133,1.01563,0.0348814,1.00443,0.92974,0.0265446,0,0.930119
3424,1.05082,3.07686,0.727614,0.913523,0.017343,0,0.913687,-0.313165,-0.179854,0,0.361137,1.07185,0.160388,1.02001,0.86934,0.0165042,0,0.869497
3425,1.04433,3.0605,0.737039,0.916756,0.059093,0,0.918659,-0.314894,0.18224,0,0.363826,1.06258,0.139684,1.01747,0.87784,0.0565846,0,0.879662
3426,1.03604,3.02712,0.704171,0.87446,-0.00406224,0,0.874469,1.15296,0.0845848,0,1.15606,1.06323,0.14114,1.02624,0.844039,-0.00392092,0,0.844048
3427,1.02411,3.00931,0.765807,0.932398,0.00337717,0,0.932404,-0.313438,-0.635588,0,0.708672,1.03394,0.0757587,1.0096,0.910448,0.00329766,0,0.910454
3428,0.967187,2.86418,0.846199,0.959975,0.0612216,0,0.961926,-0.0464609,1.04653,0,1.04756,0.954333,-0.101936,0.986709,0.992544,0.0632986,0,0.99456
3429,1.01532,2.98698,0.778248,0.937465,0.0252966,0,0.937806,1.29782,-0.668365,0,1.45981,1.02155,0.0481044,1.00614,0.923322,0.024915,0,0.923658
3430,1.08911,3.15523,0.605412,0.799796,-0.00288679,0,0.799801,1.01955,0.00747122,0,1.01958,1.14462,0.322822,1.05098,0.734359,-0.0026506,0,0.734364
3431,1.08771,3.16857,0.670402,0.877549,0.019491,0,0.877765,1.03111,-0.0125159,0,1.03119,1.12576,0.280716,1.03498,0.806787,0.0179193,0,0.806986
3432,1.09024,3.17484,0.666418,0.874799,0.0190807,0,0.875007,1.02839,-0.0110804,0,1.02845,1.12948,0.289024,1.036,0.802393,0.0175014,0,0.802583
3433,1.06966,3.10828,0.64163,0.829019,-0.00478974,0,0.829033,1.04139,0.0189883,0,1.04156,1.11481,0.256263,1.0422,0.775029,-0.00447781,0,0.775042
3434,1.07689,3.1417,0.687176,0.888763,0.0168643,0,0.888923,1.04727,-0.0163831,0,1.0474,1.10992,0.245368,1.03068,0.825307,0.0156602,0,0.825455
3435,1.01718,2.99177,0.775836,0.936606,0.024453,0,0.936925,1.31249,-0.587751,0,1.43808,1.02411,0.0538084,1.00681,0.92079,0.02404,0,0.921103
3436,1.01888,2.99605,0.773292,0.935443,0.0237565,0,0.935744,1.31842,-0.513259,0,1.4148,1.02654,0.0592447,1.00752,0.91811,0.0233164,0,0.918406
3437,1.06308,3.10751,0.709162,0.902807,0.0217362,0,0.903069,1.07576,-0.0466079,0,1.07677,1.08958,0.199948,1.02493,0.84924,0.0204465,0,0.849486
3438,1.04362,3.05869,0.737936,0.918956,0.0128299,0,0.919045,-0.336324,-0.267443,0,0.429698,1.06161,0.137515,1.01723,0.880542,0.0122936,0,0.880628
3439,1.03198,3.02924,0.754596,0.925136,0.0623045,0,0.927231,-0.342747,0.306182,0,0.45959,1.04508,0.100614,1.01269,0.896466,0.0603737,0,0.898497
3440,0.998177,2.94336,0.802442,0.947023,0.0270576,0,0.94741,0.86208,-1.22381,0,1.49696,0.9975,-0.00557943,0.999322,0.948753,0.027107,0,0.94914
3441,1.09304,3.15986,0.578893,0.769782,0.00197986,0,0.769784,1.01408,0.00268971,0,1.01408,1.15552,0.347141,1.05716,0.704258,0.00181134,0,0.70426
3442,1.02737,3.01756,0.761169,0.930283,0.00470093,0,0.930295,-0.332829,-0.565293,0,0.655996,1.03854,0.0860373,1.01088,0.905502,0.00457571,0,0.905514
3443,1.01436,2.98457,0.779677,0.936179,0.0653384,0,0.938457,-0.336874,0.536997,0,0.633916,1.02018,0.0450522,1.00574,0.922925,0.0644133,0,0.92517
3444,1.03055,3.02562,0.756659,0.928195,0.00603993,0,0.928215,-0.34311,-0.4967,0,0.603685,1.04304,0.096069,1.01212,0.900682,0.0058609,0,0.900701
3445,1.06399,3.09426,0.65092,0.835646,-0.00259039,0,0.83565,1.05314,0.019921,0,1.05333,1.10644,0.237589,1.0399,0.785388,-0.0024346,0,0.785392
3446,1.02108,3.00164,0.770207,0.934141,0.0228452,0,0.93442,1.31606,-0.43009,0,1.38456,1.02963,0.0661445,1.00838,0.914858,0.0223736,0,0.915132
3447,1.01907,2.99656,0.77307,0.933442,0.0647119,0,0.935682,-0.345337,0.471202,0,0.5842,1.0268,0.0598227,1.00758,0.915972,0.0635007,0,0.91817
3448,1.09142,3.17844,0.667031,0.875551,0.0447191,0,0.876692,-0.170625,-0.000807497,0,0.170627,1.13053,0.291371,1.03584,0.802215,0.0409734,0,0.803261
3449,1.08325,3.15832,0.680254,0.88417,0.0558977,0,0.885935,-0.186995,0.0342034,0,0.190098,1.11842,0.264325,1.03246,0.816218,0.0516017,0,0.817848
3450,1.04894,3.07221,0.730682,0.913716,0.0575667,0,0.915527,-0.301767,0.145512,0,0.335018,1.06907,0.154173,1.01919,0.871083,0.0548807,0,0.87281
3451,1.06186,3.10473,0.711892,0.904802,0.0264855,0,0.905189,-0.272627,-0.0814323,0,0.284529,1.08756,0.195456,1.02421,0.85209,0.0249425,0,0.852455
3452,1.10016,3.17585,0.560467,0.751519,0.0120971,0,0.751616,1.00938,5.26104e-05,0,1.00938,1.16764,0.374199,1.06134,0.6831,0.0109958,0,0.683189
3453,1.05456,3.08634,0.722407,0.91078,0.0200401,0,0.911,-0.299829,-0.142354,0,0.331907,1.07714,0.172188,1.02141,0.863656,0.0190032,0,0.863865
3454,1.05345,3.08351,0.723897,0.91003,0.0558348,0,0.911741,-0.287772,0.112342,0,0.308923,1.07559,0.168721,1.02101,0.863853,0.0530016,0,0.865477
3455,1.05803,3.09507,0.71737,0.907934,0.0227755,0,0.90822,-0.286615,-0.111466,0,0.307527,1.0821,0.183268,1.02275,0.858135,0.0215263,0,0.858404
3456,1.0585,3.09617,0.716415,0.905973,0.0530669,0,0.907526,-0.272559,0.0800482,0,0.284071,1.08285,0.184936,1.02301,0.855902,0.050134,0,0.857369
3457,1.0253,2.9997,0.718724,0.881617,-0.00506911,0,0.881631,1.21935,0.14588,0,1.22804,1.04826,0.107725,1.02239,0.859859,-0.00494401,0,0.859873
3458,1.03083,3.02623,0.755921,0.927441,0.0198494,0,0.927653,1.24963,-0.198293,0,1.26526,1.04353,0.0971677,1.01232,0.899706,0.0192558,0,0.899913
3459,1.02154,2.99504,0.741851,0.90387,-0.00686589,0,0.903896,1.26638,0.238228,0,1.28859,1.03805,0.0849442,1.01617,0.884812,-0.00672113,0,0.884838
3460,1.02566,3.01317,0.763348,0.930892,0.0212083,0,0.931134,1.28905,-0.296105,0,1.32262,1.03621,0.0808183,1.01028,0.9076,0.0206777,0,0.907835
3461,1.02795,3.01891,0.759894,0.929198,0.0205847,0,0.929426,1.27116,-0.247815,0,1.29509,1.0395,0.08816,1.01123,0.903933,0.020025,0,0.904154
3462,1.01996,2.99378,0.753964,0.91571,-0.00748048,0,0.91574,1.28736,0.298844,0,1.32159,1.03308,0.0738346,1.01286,0.897791,-0.0073341,0,0.897821
3463,1.02361,3.00814,0.766882,0.93286,0.0219634,0,0.933118,1.30486,-0.35267,0,1.35168,1.03313,0.0739492,1.0093,0.911345,0.0214568,0,0.911597
3464,1.01794,2.99045,0.763271,0.924001,-0.0080007,0,0.924035,1.30377,0.366172,0,1.35422,1.02842,0.0634407,1.0103,0.907719,-0.00785972,0,0.907753
3465,1.01552,2.98531,0.770252,0.929342,-0.00863598,0,0.929382,1.31366,0.43899,0,1.38507,1.02402,0.0536067,1.00837,0.915139,-0.008504,0,0.915179
3466,1.01316,2.98024,0.776893,0.93431,-0.00940059,0,0.934357,1.31501,0.518663,0,1.4136,1.01976,0.044108,1.00652,0.922176,-0.00927851,0,0.922223
3467,1.01068,2.97478,0.783349,0.93892,-0.0100885,0,0.938974,1.30818,0.602511,0,1.44026,1.01544,0.0344688,1.00471,0.928998,-0.00998185,0,0.929052
3468,1.00755,2.96711,0.788772,0.941771,-0.0108419,0,0.941833,1.28937,0.694452,0,1.46449,1.01076,0.0240269,1.00319,0.934711,-0.0107606,0,0.934773
3469,1.00389,2.95784,0.794066,0.943938,-0.0116465,0,0.944009,1.25867,0.791197,0,1.48669,1.0056,0.0124907,1.00169,0.940276,-0.0116014,0,0.940347
3470,1.03609,3.03968,0.748896,0.922567,0.0612643,0,0.924599,-0.335788,0.260615,0,0.425057,1.05085,0.113501,1.01425,0.890435,0.0591306,0,0.892397
3471,1.04034,3.05041,0.742676,0.921393,0.0109088,0,0.921457,-0.343544,-0.316519,0,0.467126,1.05693,0.127079,1.01594,0.885662,0.0104858,0,0.885724
3472,0.99898,2.94538,0.80122,0.946806,-0.0127755,0,0.946892,1.20828,0.901203,0,1.50735,0.998648,-0.00301705,0.999668,0.947773,-0.0127885,0,0.947859
3473,0.992497,2.929,0.810879,0.950683,-0.0134496,0,0.950778,1.12407,1.032,0,1.52597,0.989437,-0.0235777,0.996917,0.957869,-0.0135513,0,0.957965
3474,0.983175,2.90523,0.824141,0.95532,-0.0139575,0,0.955422,0.996932,1.14151,0,1.51556,0.976402,-0.0526752,0.993111,0.971668,-0.0141964,0,0.971772
3475,0.965163,2.85872,0.848091,0.961682,-0.0143771,0,0.961789,0.836689,1.2267,0,1.48487,0.951801,-0.107587,0.986156,0.996393,-0.0148961,0,0.996505
3476,1.03705,3.04211,0.747484,0.923715,0.0180763,0,0.923892,1.20589,-0.122206,0,1.21206,1.05223,0.116582,1.01463,0.890712,0.0174305,0,0.890883
3477,1.04655,3.06628,0.734456,0.917522,0.0180884,0,0.9177,1.14613,-0.0746574,0,1.14856,1.06557,0.146357,1.01817,0.87671,0.0172838,0,0.87688
3478,1.04021,3.05025,0.743481,0.922079,0.0172548,0,0.92224,1.18569,-0.0945961,0,1.18946,1.05657,0.126271,1.01573,0.886434,0.0165878,0,0.886589
3479,1.02877,3.00823,0.712794,0.877985,-0.00360844,0,0.877992,1.19617,0.111433,0,1.20135,1.05343,0.119262,1.02397,0.853429,-0.00350751,0,0.853436
3480,1.02055,3.00031,0.770951,0.934741,0.00239882,0,0.934744,-0.28632,-0.716117,0,0.771235,1.02889,0.0644904,1.00817,0.915918,0.00235051,0,0.915921
3481,1.01651,2.99002,0.776593,0.937124,0.00142658,0,0.937125,-0.245189,-0.801514,0,0.838178,1.02322,0.0518293,1.0066,0.921904,0.00140341,0,0.921905
3482,0.993413,2.93128,0.809385,0.949968,0.0161231,0,0.950105,0.39124,-1.40857,0,1.46189,0.990776,-0.0205901,0.997345,0.956267,0.01623,0,0.956404
3483,1.0663,3.09904,0.643652,0.828827,-0.00177403,0,0.828829,1.04738,0.016163,0,1.04751,1.11076,0.247243,1.0417,0.777295,-0.00166373,0,0.777297
3484,1.03279,3.0313,0.753463,0.926618,0.0129531,0,0.926709,-0.410583,-0.400981,0,0.573902,1.04622,0.103163,1.013,0.897198,0.0125418,0,0.897286
3485,1.00183,2.95271,0.797412,0.945243,0.0256756,0,0.945591,1.00145,-1.31574,0,1.6535,1.00258,0.00576057,1.00075,0.943516,0.0256287,0,0.943864
3486,1.02078,3.00089,0.770615,0.932805,0.0577736,0,0.934592,-0.412488,0.444122,0,0.606128,1.02922,0.0652218,1.00827,0.913814,0.0565974,0,0.915565
3487,1.09945,3.18564,0.607164,0.809476,0.0122731,0,0.809569,1.01413,-0.000831699,0,1.01413,1.15503,0.346055,1.05056,0.736259,0.011163,0,0.736343
3488,1.04919,3.07265,0.729585,0.914346,0.0170816,0,0.914505,1.13361,-0.0574699,0,1.13507,1.06964,0.155439,1.01948,0.871474,0.0162806,0,0.871626
3489,0.945858,2.80937,0.876179,0.968924,0.0380449,0,0.969671,0.215932,1.36242,0,1.37943,0.924932,-0.167563,0.977876,1.02439,0.0402226,0,1.02518
3490,0.943736,2.8037,0.878439,0.969648,0.00440283,0,0.969658,0.57958,1.42856,0,1.54165,0.922222,-0.173612,0.977204,1.02746,0.00466532,0,1.02747
3491,0.939412,2.79278,0.885309,0.971485,0.0224592,0,0.971745,0.385866,1.41176,0,1.46355,0.916074,-0.187334,0.975156,1.03414,0.0239078,0,1.03442
3492,1.03226,3.01767,0.710058,0.877894,-0.00195226,0,0.877896,1.18103,0.0858745,0,1.18415,1.05775,0.128898,1.02469,0.850459,-0.00189125,0,0.850461
3493,1.07012,3.12462,0.696789,0.894415,0.0184333,0,0.894604,1.06085,-0.0244658,0,1.06113,1.10027,0.223818,1.02818,0.83581,0.0172255,0,0.835987
3494,1.00333,2.95649,0.795212,0.942785,0.0598481,0,0.944683,-0.365751,0.754491,0,0.83847,1.0047,0.0104921,1.00137,0.939661,0.0596497,0,0.941552
3495,1.01529,2.98693,0.778367,0.93789,0.00551224,0,0.937906,-0.306597,-0.897655,0,0.94857,1.02149,0.0479639,1.00611,0.923767,0.00542924,0,0.923783
3496,1.05674,3.07853,0.671071,0.853539,-0.00487254,0,0.853553,1.07162,0.034679,0,1.07218,1.09353,0.208764,1.03481,0.807712,-0.00461093,0,0.807725
3497,0.994157,2.93313,0.808178,0.949328,0.0210994,0,0.949562,0.598811,-1.42434,0,1.54509,0.991859,-0.0181719,0.997689,0.954908,0.0212235,0,0.955144
3498,1.00801,2.96844,0.788726,0.94187,0.0253475,0,0.942211,1.23934,-1.073,0,1.6393,1.01123,0.0250761,1.0032,0.934388,0.0251462,0,0.934726
3499,1.08185,3.13674,0.615175,0.806388,-0.00277135,0,0.806392,1.0248,0.00971747,0,1.02485,1.13448,0.300186,1.04865,0.745375,-0.00256166,0,0.74538
3500,1.07535,3.12138,0.628615,0.817777,-0.00390413,0,0.817786,1.03256,0.0135078,0,1.03265,1.12417,0.277165,1.0454,0.760474,-0.00363056,0,0.760483
3501,1.01021,2.97406,0.785703,0.940722,0.0247342,0,0.941047,1.30078,-0.955286,0,1.61388,1.0143,0.0319203,1.00405,0.931216,0.0244842,0,0.931538
3502,1.0394,3.04806,0.74416,0.92071,0.0537875,0,0.92228,-0.363789,0.188683,0,0.409809,1.05555,0.124006,1.01554,0.885807,0.0517485,0,0.887318
3503,1.03938,3.03611,0.701378,0.874115,-0.00255176,0,0.874119,1.14044,0.0649002,0,1.14229,1.06742,0.150488,1.02698,0.840997,-0.00245508,0,0.841
3504,1.02824,3.01977,0.75994,0.928026,0.0563879,0,0.929737,-0.401251,0.326124,0,0.517068,1.03977,0.0887828,1.01122,0.902539,0.0548393,0,0.904203
3505,1.09754,3.19458,0.660992,0.874138,0.0151515,0,0.87427,1.02274,-0.00560524,0,1.02276,1.13855,0.309261,1.03737,0.796456,0.013805,0,0.796575
3506,1.08572,3.16469,0.677311,0.884302,0.0151629,0,0.884432,1.03559,-0.00984969,0,1.03564,1.12178,0.271834,1.03322,0.814488,0.0139659,0,0.814608
3507,1.04751,3.06855,0.732582,0.914997,0.051125,0,0.916424,-0.330564,0.113825,0,0.349612,1.06707,0.149716,1.01868,0.873498,0.0488063,0,0.87486
3508,1.01277,2.98055,0.781985,0.937611,0.0588663,0,0.939457,-0.405611,0.586076,0,0.712745,1.01793,0.0400229,1.00509,0.925787,0.0581239,0,0.92761
3509,1.07364,3.13339,0.691386,0.891025,0.0176803,0,0.8912,1.05351,-0.0207117,0,1.05372,1.10541,0.23528,1.02959,0.829909,0.0164676,0,0.830072
3510,1.03571,3.03875,0.749485,0.923304,0.0546753,0,0.924921,-0.378239,0.2289,0,0.442109,1.05031,0.112289,1.01409,0.891466,0.0527899,0,0.893028
3511,1.04661,3.05411,0.689917,0.867067,-0.00420373,0,0.867078,1.10565,0.0502712,0,1.1068,1.07797,0.174051,1.02997,0.828452,-0.00401651,0,0.828462
3512,1.08174,3.1541,0.680902,0.884454,0.0424567,0,0.885472,-0.19744,-0.00270249,0,0.197459,1.11668,0.260444,1.0323,0.817619,0.0392484,0,0.818561
3513,1.04491,3.06195,0.736167,0.917966,0.0201895,0,0.918188,-0.362565,-0.187701,0,0.408271,1.06341,0.141551,1.01771,0.878511,0.0193217,0,0.878724
3514,1.07224,3.11396,0.634726,0.822751,-0.00379451,0,0.82276,1.03725,0.0148256,0,1.03735,1.11932,0.266335,1.0439,0.767318,-0.00353885,0,0.767327
3515,1.07739,3.14337,0.687896,0.889539,0.034047,0,0.890191,-0.212857,-0.0301432,0,0.21498,1.11024,0.246081,1.03049,0.82564,0.0316013,0,0.826245
3516,1.01994,2.98856,0.735362,0.895353,-0.00372933,0,0.89536,1.28982,0.196543,0,1.30471,1.03822,0.0853206,1.01793,0.877849,-0.00365642,0,0.877856
3517,0.960428,2.8465,0.854527,0.963383,-0.00747288,0,0.963412,0.786375,1.39862,0,1.60453,0.94532,-0.122053,0.98427,1.00308,-0.00778078,0,1.00311
3518,1.02725,3.01728,0.761386,0.930373,0.0101217,0,0.930428,-0.411036,-0.541948,0,0.68019,1.03837,0.0856415,1.01082,0.905691,0.00985316,0,0.905745
3519,1.05915,3.09744,0.714156,0.90526,0.0202295,0,0.905486,1.08761,-0.047008,0,1.08862,1.08415,0.187842,1.02361,0.854703,0.0190998,0,0.854916
3520,1.02995,3.02412,0.757509,0.928545,0.011412,0,0.928615,-0.413463,-0.469916,0,0.625918,1.0422,0.0941943,1.01189,0.90154,0.0110801,0,0.901608
3521,0.980294,2.89774,0.827753,0.95452,0.0582422,0,0.956295,-0.177755,1.07968,0,1.09421,0.972518,-0.0613433,0.992068,0.973708,0.059413,0,0.975519
3522,1.06552,3.11374,0.705948,0.900899,0.0304216,0,0.901412,-0.25685,-0.0516715,0,0.261996,1.09298,0.207548,1.02578,0.845503,0.028551,0,0.845985
3523,1.05575,3.08889,0.719099,0.908065,0.0179575,0,0.908242,1.10303,-0.0464056,0,1.10401,1.07929,0.176977,1.02229,0.860112,0.0170092,0,0.86028
3524,1.08108,3.15267,0.682705,0.886933,0.0156371,0,0.887071,1.04197,-0.0129156,0,1.04205,1.11549,0.25779,1.03183,0.820416,0.0144643,0,0.820543
3525,1.00344,2.95683,0.795201,0.944765,0.00571784,0,0.944782,-0.0698362,-1.19584,0,1.19788,1.00482,0.0107644,1.00137,0.941523,0.00569822,0,0.941541
3526,0.989648,2.92166,0.814666,0.950093,0.0595405,0,0.951957,-0.263732,0.96939,0,1.00462,0.985524,-0.032312,0.995834,0.960032,0.0601633,0,0.961915
3527,1.01684,2.99088,0.776188,0.935174,0.0583713,0,0.936994,-0.411556,0.513162,0,0.65781,1.02367,0.0528287,1.00671,0.919686,0.0574046,0,0.921476
3528,1.00763,2.96747,0.789274,0.942423,0.00493711,0,0.942436,-0.166749,-1.10049,0,1.11305,1.0107,0.0238759,1.00305,0.93529,0.00489975,0,0.935303
3529,0.957264,2.8387,0.8601,0.964478,0.048476,0,0.965695,0.0644357,1.28676,0,1.28837,0.940638,-0.132504,0.982632,1.00754,0.0506402,0,1.00881
3530,0.997362,2.94135,0.803836,0.946202,0.0598528,0,0.948093,-0.326713,0.855412,0,0.91568,0.99629,-0.00828136,0.998925,0.948704,0.0600111,0,0.9506
3531,1.09182,3.15845,0.587312,0.77939,0.00013051,0,0.77939,1.01616,0.00337921,0,1.01617,1.15211,0.339529,1.05522,0.713846,0.000119535,0,0.713846
3532,1.01207,2.97878,0.783032,0.939617,0.0240545,0,0.939925,1.34383,-0.844519,0,1.58716,1.01693,0.0377818,1.0048,0.928413,0.0237677,0,0.928717
3533,1.00538,2.96177,0.792475,0.943376,0.0256499,0,0.943725,1.1437,-1.20465,0,1.66109,1.00754,0.0168228,1.00214,0.938328,0.0255127,0,0.938674
3534,1.10744,3.21972,0.647675,0.865629,0.0159366,0,0.865776,1.01616,-0.00337921,0,1.01617,1.15252,0.340443,1.04071,0.781649,0.0143904,0,0.781781
3535,1.00832,2.96921,0.788201,0.940074,0.0593474,0,0.941946,-0.390887,0.667554,0,0.773577,1.0117,0.0261115,1.00335,0.932316,0.0588576,0,0.934172
3536,1.0895,3.15521,0.600869,0.794495,-0.000688555,0,0.794495,1.01887,0.00575561,0,1.01889,1.14621,0.326367,1.05205,0.729226,-0.000631989,0,0.729226
3537,1.03373,3.03366,0.752066,0.925861,0.0164258,0,0.926006,1.24211,-0.122653,0,1.24815,1.04756,0.10617,1.01338,0.89565,0.0158898,0,0.895791
3538,1.01163,2.97764,0.78362,0.940129,0.00500954,0,0.940142,-0.246235,-1.00084,0,1.03068,1.01632,0.0364183,1.00464,0.929325,0.00495197,0,0.929338
3539,1.03857,3.04593,0.745222,0.922585,0.0161806,0,0.922727,-0.392313,-0.284275,0,0.484481,1.05441,0.121456,1.01525,0.888321,0.0155796,0,0.888457
3540,0.999216,2.94608,0.801228,0.947094,0.00768835,0,0.947125,0.0521315,-1.28292,0,1.28397,0.998884,-0.00249213,0.999667,0.947837,0.00769438,0,0.947868
3541,0.995475,2.93656,0.806541,0.949051,0.011226,0,0.949117,0.206267,-1.35839,0,1.37396,0.993638,-0.0141999,0.998156,0.953365,0.011277,0,0.953432
3542,1.10278,3.2079,0.653953,0.869702,0.0151486,0,0.869834,1.01887,-0.00575562,0,1.01889,1.14594,0.325763,1.03914,0.788645,0.0137367,0,0.788764
3543,1.02455,3.01044,0.765209,0.930401,0.0571704,0,0.932156,-0.408083,0.382865,0,0.559569,1.03456,0.077138,1.00976,0.908104,0.0558003,0,0.909817
3544,1.02451,3.01032,0.765204,0.932074,0.00876035,0,0.932115,-0.399882,-0.621612,0,0.739126,1.03452,0.0770533,1.00977,0.909771,0.00855073,0,0.909812
3545,0.969365,2.86975,0.843099,0.959437,0.0548073,0,0.961001,-0.0673831,1.1916,0,1.1935,0.957359,-0.0951808,0.987614,0.989758,0.0565393,0,0.991371
3546,1.01382,2.98321,0.780466,0.938514,0.0232662,0,0.938803,1.37168,-0.736117,0,1.55672,1.01942,0.0433402,1.00552,0.92572,0.0229491,0,0.926005
3547,1.08492,3.14424,0.60984,0.802144,-0.00274407,0,0.802149,1.02256,0.00862262,0,1.02259,1.13908,0.310444,1.04992,0.73936,-0.00252929,0,0.739364
3548,1.08889,3.17267,0.672782,0.881454,0.0147608,0,0.881577,1.03157,-0.00833725,0,1.03161,1.12632,0.281964,1.03438,0.8095,0.0135559,0,0.809614
3549,1.09333,3.18421,0.667693,0.878896,0.0153919,0,0.879031,1.02752,-0.00696179,0,1.02754,1.13234,0.295391,1.03567,0.803869,0.0140779,0,0.803993
3550,1.01542,2.98728,0.778208,0.937591,0.0224704,0,0.93786,1.38452,-0.642503,0,1.52634,1.02167,0.0483668,1.00615,0.92335,0.0221291,0,0.923616
3551,1.01698,2.99126,0.776074,0.936748,0.0217675,0,0.937001,1.38895,-0.556355,0,1.49623,1.02384,0.0532185,1.00675,0.921106,0.0214041,0,0.921355
3552,1.06457,3.1108,0.705319,0.899656,0.0201992,0,0.899883,1.07287,-0.0363867,0,1.07348,1.09219,0.205776,1.02594,0.845087,0.0189741,0,0.8453
3553,0.997526,2.94171,0.803383,0.947459,0.024489,0,0.947776,0.81059,-1.39497,0,1.61338,0.996582,-0.00762845,0.999054,0.949809,0.0245498,0,0.950127
3554,1.09448,3.1642,0.579503,0.771526,0.00759647,0,0.771564,1.01413,0.000831695,0,1.01413,1.15689,0.350211,1.05702,0.704922,0.00694068,0,0.704956
3555,1.06083,3.08704,0.658332,0.841897,-0.00321067,0,0.841904,1.05978,0.0245843,0,1.06007,1.10119,0.225861,1.03804,0.79362,-0.00302656,0,0.793626
3556,1.01877,2.9958,0.773522,0.935658,0.0209967,0,0.935893,1.3832,-0.469806,0,1.46081,1.02637,0.0588575,1.00746,0.918418,0.0206099,0,0.91865
3557,1.07516,3.13794,0.691782,0.891445,0.0514185,0,0.892926,-0.213919,0.0335815,0,0.216539,1.10686,0.238523,1.02948,0.829127,0.047824,0,0.830506
3558,1.08691,3.16704,0.673265,0.879042,0.0516401,0,0.880557,-0.178387,0.019717,0,0.179474,1.12414,0.2771,1.03425,0.808753,0.0475109,0,0.810147
3559,1.04343,3.05828,0.738546,0.918059,0.0524332,0,0.919555,-0.34789,0.149737,0,0.378746,1.06123,0.136681,1.01707,0.87985,0.0502509,0,0.881284
3560,1.04827,3.07045,0.7314,0.915472,0.0226463,0,0.915752,-0.345779,-0.147134,0,0.375781,1.06818,0.152189,1.019,0.873318,0.0216035,0,0.873585
3561,1.06372,3.10945,0.709398,0.902484,0.0503225,0,0.903886,-0.256512,0.0498226,0,0.261305,1.09017,0.201266,1.02486,0.848425,0.0473081,0,0.849743
3562,1.05157,3.0788,0.726794,0.913055,0.0251351,0,0.913401,-0.328716,-0.111726,0,0.347185,1.07284,0.162594,1.02023,0.868282,0.0239026,0,0.868611
3563,1.05203,3.07994,0.725963,0.911553,0.0488745,0,0.912862,-0.312694,0.080872,0,0.322982,1.07355,0.164184,1.02046,0.866467,0.0464571,0,0.867712
3564,1.05477,3.08684,0.722063,0.910351,0.028113,0,0.910785,-0.31217,-0.0812893,0,0.322581,1.07745,0.172871,1.0215,0.863081,0.0266533,0,0.863492
3565,1.02198,2.99155,0.724483,0.885144,-0.00276791,0,0.885149,1.26011,0.150469,0,1.26906,1.04329,0.0966333,1.02085,0.866107,-0.00270838,0,0.866111
3566,1.03059,3.02561,0.756213,0.927599,0.0172166,0,0.927759,1.26918,-0.160947,0,1.27935,1.0432,0.096438,1.01224,0.90007,0.0167056,0,0.900225
3567,1.02522,3.012,0.76379,0.931029,0.0186189,0,0.931215,1.32255,-0.256237,0,1.34715,1.03563,0.0795403,1.01016,0.908125,0.0181609,0,0.908306
3568,1.02772,3.01835,0.760296,0.929483,0.0180112,0,0.929657,1.29718,-0.20706,0,1.3136,1.03915,0.0873858,1.01112,0.904413,0.0175254,0,0.904583
3569,1.01884,2.989,0.748594,0.908868,-0.00432695,0,0.908879,1.31918,0.253893,0,1.34339,1.03344,0.0746459,1.01433,0.892062,-0.00424694,0,0.892073
3570,1.02317,3.00696,0.767244,0.932915,0.0194021,0,0.933116,1.34631,-0.310595,0,1.38167,1.03259,0.072741,1.0092,0.911785,0.0189627,0,0.911982
3571,1.01739,2.98795,0.76009,0.920078,-0.0046058,0,0.920089,1.3459,0.32024,0,1.38347,1.02876,0.0641987,1.01118,0.904352,-0.00452708,0,0.904363
3572,1.02098,3.00146,0.770619,0.934557,0.0201753,0,0.934775,1.36767,-0.3831,0,1.42031,1.02941,0.0656575,1.00826,0.915356,0.0197608,0,0.915569
3573,1.01545,2.9846,0.768424,0.927333,-0.00500275,0,0.927347,1.36729,0.394629,0,1.4231,1.02446,0.0546013,1.00887,0.913223,-0.00492663,0,0.913236
3574,1.01327,2.98006,0.775044,0.932462,-0.00556591,0,0.932478,1.38072,0.477697,0,1.46102,1.0204,0.0455355,1.00703,0.920247,-0.005493,0,0.920263
3575,1.01123,2.97585,0.781455,0.937437,-0.00611568,0,0.937457,1.38577,0.566628,0,1.49714,1.01653,0.0368896,1.00524,0.927031,-0.00604779,0,0.92705
3576,1.00877,2.97015,0.786876,0.940928,-0.00660548,0,0.940951,1.37935,0.664967,0,1.53127,1.01252,0.0279447,1.00372,0.932752,-0.00654808,0,0.932775
3577,1.00578,2.96264,0.791375,0.94291,-0.00719908,0,0.942938,1.36107,0.770454,0,1.56401,1.00825,0.0184189,1.00245,0.937488,-0.00715768,0,0.937516
3578,1.03195,3.02919,0.754736,0.92569,0.0555546,0,0.927356,-0.391013,0.275496,0,0.478319,1.045,0.100451,1.01265,0.897032,0.0538347,0,0.898646
3579,1.04165,3.05369,0.740809,0.920342,0.0181373,0,0.92052,-0.378858,-0.233529,0,0.44505,1.05878,0.131209,1.01645,0.883546,0.0174121,0,0.883718
3580,1.0357,3.03869,0.749366,0.924666,0.0145699,0,0.924781,-0.403355,-0.337557,0,0.525966,1.05033,0.112344,1.01412,0.892789,0.0140676,0,0.8929
3581,1.00234,2.95399,0.796635,0.945221,-0.00786686,0,0.945254,1.32544,0.888323,0,1.59559,1.00331,0.00738924,1.00097,0.943015,-0.00784849,0,0.943047
3582,0.997161,2.9408,0.803974,0.948003,-0.00898141,0,0.948046,1.2602,1.02713,0,1.62576,0.99605,-0.00881633,0.998886,0.950702,-0.00900698,0,0.950745
3583,0.990556,2.92405,0.813638,0.951726,-0.00913705,0,0.95177,1.14167,1.181,0,1.64261,0.986721,-0.0296417,0.996128,0.9608,-0.00922416,0,0.960844
3584,0.97928,2.89511,0.829065,0.956591,-0.00939204,0,0.956638,0.985413,1.31314,0,1.64176,0.971142,-0.0644158,0.991689,0.976831,-0.00959076,0,0.976878
3585,1.04274,3.0565,0.739364,0.919729,0.0160644,0,0.91987,1.1708,-0.0735089,0,1.17311,1.06031,0.134611,1.01684,0.882029,0.0154059,0,0.882164
3586,1.03692,3.04198,0.748345,0.924605,0.0154356,0,0.924734,1.21696,-0.0929139,0,1.2205,1.05185,0.115747,1.0144,0.891682,0.014886,0,0.891806
3587,1.02534,2.99972,0.718476,0.881382,-0.00134446,0,0.881383,1.23163,0.112598,0,1.23677,1.04836,0.107949,1.02246,0.859603,-0.00131124,0,0.859604
3588,1.02176,3.00336,0.769197,0.933916,0.00758839,0,0.933947,-0.381989,-0.703502,0,0.800519,1.03061,0.0683186,1.00866,0.914028,0.0074268,0,0.914058
3589,1.01864,2.99544,0.773589,0.935824,0.00643653,0,0.935847,-0.349931,-0.799359,0,0.872598,1.02622,0.0585231,1.00744,0.918699,0.00631874,0,0.918721
3590,1.06942,3.10593,0.635362,0.821356,-0.00138811,0,0.821357,1.04254,0.0129286,0,1.04262,1.11621,0.259391,1.04375,0.768037,-0.001298,0,0.768038
3591,1.08968,3.15078,0.581384,0.770505,0.0030726,0,0.770512,1.01606,0.00181391,0,1.01607,1.15134,0.337823,1.05659,0.707093,0.00281973,0,0.707099
3592,0.960874,2.84799,0.855107,0.963503,0.0422741,0,0.96443,0.070297,1.46452,0,1.46621,0.945596,-0.121438,0.9841,1.00274,0.0439955,0,1.0037
3593,1.05227,3.06759,0.67879,0.85889,-0.00359968,0,0.858898,1.08598,0.0386,0,1.08666,1.08682,0.1938,1.03284,0.816229,-0.00342088,0,0.816236
3594,1.00454,2.95962,0.793651,0.943872,0.0240859,0,0.944179,1.16714,-1.38127,0,1.80835,1.00636,0.0141983,1.00181,0.939606,0.0239771,0,0.939912
3595,1.09227,3.17713,0.65321,0.860518,0.0147639,0,0.860644,1.026,-0.00322452,0,1.026,1.13523,0.301845,1.03932,0.787822,0.0135166,0,0.787938
3596,0.995745,2.93721,0.806015,0.948653,0.0181679,0,0.948827,0.482113,-1.5864,0,1.65804,0.994058,-0.0132627,0.998306,0.952707,0.0182455,0,0.952881
3597,1.04257,3.05608,0.739701,0.919763,0.0246579,0,0.920093,-0.397255,-0.14959,0,0.424487,1.06003,0.134,1.01675,0.88221,0.0236511,0,0.882527
3598,1.05706,3.09263,0.718853,0.907928,0.0458125,0,0.909083,-0.293774,0.04511,0,0.297217,1.08069,0.18011,1.02236,0.858921,0.0433397,0,0.860013
3599,1.04618,3.06525,0.734645,0.91648,0.0451339,0,0.91759,-0.357265,0.0780229,0,0.365685,1.06514,0.145401,1.01812,0.876022,0.0431415,0,0.877084
3600,1.05224,3.08023,0.724889,0.911687,0.0154951,0,0.911818,1.12086,-0.0430128,0,1.12169,1.07407,0.165326,1.02074,0.866426,0.0147258,0,0.866551
3601,1.03524,3.0255,0.706827,0.876788,-0.000763858,0,0.876789,1.16558,0.0642143,0,1.16734,1.06168,0.137686,1.02554,0.846942,-0.000737856,0,0.846943
3602,0.958542,2.84176,0.857525,0.96446,0.000826698,0,0.964461,0.707667,1.58413,0,1.73501,0.94262,-0.128079,0.98339,1.00617,0.000862454,0,1.00617
3603,0.981305,2.90032,0.826294,0.954354,0.0525136,0,0.955797,-0.217551,1.22931,0,1.24841,0.973936,-0.0581794,0.99249,0.972535,0.053514,0,0.974006
3604,1.02149,3.00269,0.769589,0.932689,0.0518472,0,0.934129,-0.478461,0.408592,0,0.629184,1.03023,0.0674699,1.00855,0.913065,0.0507563,0,0.914475
3605,0.996874,2.94012,0.80456,0.948284,0.0138151,0,0.948385,0.255699,-1.5422,0,1.56325,0.995598,-0.00982694,0.99872,0.951258,0.0138585,0,0.951359
3606,1.00707,2.96602,0.789923,0.94107,0.0537413,0,0.942604,-0.468153,0.736996,0,0.873115,1.00995,0.0222184,1.00286,0.934464,0.053364,0,0.935986
3607,1.02642,3.01518,0.762561,0.930847,0.0146026,0,0.930961,-0.488647,-0.508507,0,0.705234,1.03719,0.0830231,1.0105,0.906886,0.0142267,0,0.906998
3608,1.04537,3.06308,0.735426,0.917641,0.0143998,0,0.917754,1.15615,-0.0548262,0,1.15745,1.06409,0.143054,1.01791,0.877818,0.0137749,0,0.877926
3609,1.01085,2.97566,0.784706,0.94054,0.00825745,0,0.940577,-0.306045,-1.13007,0,1.17078,1.01522,0.0339822,1.00433,0.930449,0.00816885,0,0.930485
3610,1.0009,2.95033,0.798665,0.945732,0.0239224,0,0.946034,0.969882,-1.50918,0,1.79396,1.0013,0.00290024,1.00039,0.944877,0.0239008,0,0.945179
3611,1.0288,3.02121,0.759166,0.929262,0.0159017,0,0.929398,-0.482131,-0.432519,0,0.647706,1.04057,0.0905482,1.01143,0.903245,0.0154565,0,0.903377
3612,1.04204,3.05476,0.740423,0.919244,0.0469298,0,0.920441,-0.378556,0.112806,0,0.395006,1.0593,0.132359,1.01656,0.882154,0.0450363,0,0.883303
3613,1.06618,3.11467,0.702334,0.897594,0.0178752,0,0.897772,1.06993,-0.0271445,0,1.07027,1.09468,0.211328,1.02673,0.841877,0.0167656,0,0.842044
3614,1.01401,2.98369,0.780235,0.938684,0.00891839,0,0.938726,-0.376198,-1.00762,0,1.07556,1.01967,0.0439017,1.00558,0.925718,0.0087952,0,0.92576
3615,1.05843,3.08196,0.665473,0.848366,-0.00312185,0,0.848372,1.06759,0.0295037,0,1.068,1.09678,0.216037,1.03624,0.801532,-0.0029495,0,0.801537
3616,1.06885,3.12179,0.699877,0.896474,0.0349429,0,0.897154,-0.243038,-0.0301731,0,0.244904,1.09811,0.218988,1.02737,0.838725,0.032692,0,0.839362
3617,1.03132,3.0276,0.755591,0.927573,0.0174023,0,0.927736,-0.471312,-0.361936,0,0.59425,1.04413,0.098498,1.01242,0.899402,0.0168738,0,0.89956
3618,1.03048,3.02543,0.7567,0.928078,0.0149358,0,0.928198,1.28358,-0.122042,0,1.28937,1.04296,0.0958892,1.01211,0.900629,0.0144941,0,0.900745
3619,1.01884,2.98391,0.730118,0.888636,-0.000601735,0,0.888636,1.30707,0.152803,0,1.31597,1.03855,0.0860452,1.01934,0.872201,-0.000590606,0,0.872201
3620,1.02486,3.01105,0.764231,0.931219,0.016423,0,0.931364,1.34989,-0.210995,0,1.36628,1.03514,0.0784367,1.01003,0.908634,0.0160247,0,0.908776
3621,1.02864,3.00857,0.715455,0.880853,-4.30668e-05,0,0.880853,1.21253,0.0854123,0,1.21553,1.05257,0.117338,1.02326,0.856327,-4.18676e-05,0,0.856327
3622,1.01623,2.983,0.754576,0.913054,-0.0019713,0,0.913057,1.38019,0.267879,0,1.40594,1.02913,0.0650195,1.01269,0.898473,-0.00193982,0,0.898475
3623,0.975018,2.88401,0.834379,0.957822,-0.00492761,0,0.957835,0.951621,1.50893,0,1.78394,0.965414,-0.0771998,0.99015,0.982363,-0.00505386,0,0.982376
3624,1.06196,3.08646,0.64377,0.825598,0.000464995,0,0.825598,1.05376,0.0126798,0,1.05384,1.10622,0.237089,1.04167,0.777429,0.000437865,0,0.777429
3625,1.01814,2.99419,0.774354,0.934753,0.0523269,0,0.936216,-0.486126,0.479643,0,0.682917,1.0255,0.0569212,1.00723,0.918095,0.0513944,0,0.919532
3626,0.95209,2.82548,0.867658,0.967316,0.0311011,0,0.967816,0.254943,1.54538,0,1.56627,0.933431,-0.148592,0.980401,1.01599,0.0326662,0,1.01652
3627,0.949747,2.81936,0.870633,0.968185,0.0154557,0,0.968308,0.467976,1.59025,0,1.65768,0.930297,-0.155588,0.979521,1.01941,0.0162735,0,1.01954
3628,1.00725,2.96651,0.789834,0.942379,0.0236293,0,0.942675,1.29916,-1.21702,0,1.78015,1.01016,0.0226725,1.00289,0.935599,0.0234593,0,0.935893
3629,1.00924,2.97157,0.787014,0.941257,0.0230061,0,0.941538,1.37734,-1.07013,0,1.7442,1.01295,0.0289141,1.00368,0.932643,0.0227956,0,0.932921
3630,1.03847,3.04576,0.745667,0.921879,0.0481027,0,0.923133,-0.39924,0.151493,0,0.427016,1.05418,0.120946,1.01513,0.887727,0.0463207,0,0.888935
3631,1.04837,3.05775,0.684439,0.862225,-0.00272231,0,0.86223,1.09554,0.0400289,0,1.09627,1.08127,0.181409,1.03138,0.822445,-0.00259671,0,0.822449
3632,1.01107,2.97622,0.784366,0.938917,0.0532092,0,0.940423,-0.483633,0.642245,0,0.803977,1.01555,0.0347021,1.00443,0.928635,0.0526265,0,0.930125
3633,1.07185,3.13003,0.698093,0.897458,0.0146469,0,0.897577,1.06049,-0.0161273,0,1.06061,1.10168,0.226973,1.02784,0.8373,0.0136651,0,0.837412
3634,1.07531,3.13896,0.693866,0.895401,0.0138106,0,0.895507,1.05406,-0.0132553,0,1.05414,1.10643,0.237571,1.02894,0.832689,0.0128433,0,0.832788
3635,1.04309,3.04522,0.695033,0.870004,-0.00185608,0,0.870006,1.12639,0.0479377,0,1.12741,1.07296,0.16286,1.02864,0.834064,-0.0017794,0,0.834065
3636,1.07357,3.13388,0.693918,0.893127,0.0420252,0,0.894115,-0.226925,0.00259586,0,0.22694,1.10462,0.233528,1.02893,0.831925,0.0391454,0,0.832846
3637,1.0349,3.0367,0.750621,0.924154,0.0490644,0,0.925456,-0.418628,0.191683,0,0.460425,1.04916,0.109737,1.01378,0.892986,0.0474097,0,0.894244
3638,1.03948,3.04823,0.743924,0.921809,0.0225375,0,0.922085,-0.418442,-0.193645,0,0.461077,1.0557,0.124331,1.0156,0.886799,0.0216815,0,0.887064
3639,1.07276,3.11328,0.626392,0.813138,-0.00190167,0,0.81314,1.03611,0.00985918,0,1.03616,1.12204,0.272413,1.04594,0.757987,-0.00177269,0,0.757989
3640,1.06115,3.10205,0.709801,0.901968,0.0189086,0,0.902167,1.08428,-0.0386794,0,1.08497,1.08742,0.195132,1.02476,0.849994,0.017819,0,0.850181
3641,1.00259,2.95466,0.796371,0.943666,0.0540909,0,0.945215,-0.441517,0.84181,0,0.950569,1.00364,0.00812308,1.00104,0.941225,0.053951,0,0.94277
3642,1.06776,3.11943,0.702863,0.898475,0.0472878,0,0.899719,-0.244085,0.0296337,0,0.245878,1.09615,0.214619,1.02659,0.841457,0.0442869,0,0.842622
3643,1.07889,3.14786,0.68838,0.891892,0.0137739,0,0.891998,1.04773,-0.00989572,0,1.04778,1.11165,0.249214,1.03037,0.826678,0.0127667,0,0.826776
3644,1.08328,3.15848,0.680504,0.886156,0.0134456,0,0.886258,1.04088,-0.00701624,0,1.04091,1.11838,0.264241,1.0324,0.818029,0.0124119,0,0.818123
3645,1.00742,2.96695,0.789548,0.942501,0.00802096,0,0.942535,-0.212777,-1.2442,0,1.26226,1.01041,0.023244,1.00297,0.935558,0.00796187,0,0.935592
3646,0.989755,2.92191,0.814438,0.950294,0.0539737,0,0.951826,-0.316761,1.09938,0,1.14411,0.985696,-0.0319286,0.995899,0.96013,0.0545324,0,0.961678
3647,1.01471,2.98546,0.779239,0.936816,0.0528296,0,0.938305,-0.48823,0.556113,0,0.740021,1.02065,0.0461011,1.00586,0.92324,0.052064,0,0.924707
3648,0.99689,2.94014,0.804475,0.946763,0.0541604,0,0.948311,-0.393599,0.966761,0,1.04381,0.995637,-0.00973942,0.998743,0.949717,0.0543294,0,0.95127
3649,1.08812,3.14887,0.591678,0.782149,0.000342901,0,0.78215,1.01853,0.0039294,0,1.01854,1.1471,0.328356,1.0542,0.718807,0.000315131,0,0.718807
3650,1.01086,2.97572,0.784767,0.940393,0.0223122,0,0.940658,1.42514,-0.939865,0,1.70715,1.01522,0.0339813,1.00431,0.930288,0.0220724,0,0.93055
3651,1.10344,3.20343,0.630563,0.841431,0.0145212,0,0.841556,1.01606,-0.00181391,0,1.01607,1.15301,0.341537,1.04492,0.762553,0.0131599,0,0.762666
3652,1.03661,3.04099,0.748046,0.923897,0.0206076,0,0.924127,-0.438441,-0.244889,0,0.502196,1.05163,0.115237,1.01448,0.891264,0.0198798,0,0.891486
3653,1.02808,3.0194,0.760254,0.928564,0.0505825,0,0.92994,-0.453712,0.289166,0,0.538026,1.03953,0.0882334,1.01113,0.903199,0.0492008,0,0.904538
3654,1.00375,2.95761,0.794789,0.944595,0.00862982,0,0.944634,-0.0937029,-1.35822,0,1.36145,1.00524,0.0117049,1.00149,0.941069,0.00859761,0,0.941108
3655,0.999959,2.94797,0.800182,0.946674,0.0104704,0,0.946731,0.0606647,-1.46062,0,1.46188,0.999922,-0.000173062,0.999964,0.946713,0.0104708,0,0.946771
3656,1.10409,3.2104,0.649262,0.864971,0.0151852,0,0.865105,1.01853,-0.00392939,0,1.01854,1.14859,0.331678,1.04031,0.783427,0.0137537,0,0.783548
3657,1.02409,3.00925,0.765846,0.932331,0.0132966,0,0.932426,-0.487165,-0.593219,0,0.767619,1.03391,0.0756819,1.00959,0.910402,0.0129839,0,0.910495
3658,1.01681,2.99078,0.776197,0.93692,0.00979159,0,0.936971,-0.424972,-0.891142,0,0.987287,1.02363,0.0527462,1.00671,0.921435,0.00962976,0,0.921485
3659,0.971469,2.87515,0.840177,0.958914,0.0489408,0,0.960162,-0.0868619,1.35746,0,1.36023,0.960264,-0.0886972,0.988465,0.987076,0.0503781,0,0.988361
3660,1.01232,2.97942,0.782634,0.939489,0.021599,0,0.939738,1.45522,-0.815359,0,1.66808,1.0173,0.0386086,1.00491,0.928052,0.021336,0,0.928297
3661,1.08611,3.16408,0.671018,0.877112,0.0132538,0,0.877212,1.03507,-0.00512823,0,1.03509,1.12393,0.276634,1.03483,0.807575,0.0122031,0,0.807667
3662,1.07544,3.11951,0.620404,0.80794,-0.00181357,0,0.807942,1.03205,0.00895182,0,1.03209,1.12641,0.282162,1.04739,0.751261,-0.00168634,0,0.751263
3663,1.08834,3.16824,0.66252,0.86868,0.013747,0,0.868789,1.03074,-0.00413428,0,1.03075,1.12859,0.287036,1.03698,0.798168,0.0126312,0,0.798268
3664,1.07879,3.12767,0.614489,0.803272,-0.00125381,0,0.803273,1.02826,0.00762067,0,1.02829,1.13145,0.293404,1.04881,0.744606,-0.00116224,0,0.744607
3665,1.01375,2.98304,0.780585,0.938636,0.0208196,0,0.938866,1.46858,-0.701726,0,1.62762,1.01931,0.0431101,1.00549,0.925903,0.0205372,0,0.92613
3666,1.01708,2.98184,0.741356,0.899412,-0.00155864,0,0.899413,1.3438,0.205098,0,1.35936,1.03367,0.0751466,1.0163,0.884304,-0.00153246,0,0.884306
3667,1.01509,2.98643,0.77866,0.937823,0.0201244,0,0.938039,1.46939,-0.603674,0,1.58856,1.02121,0.0473349,1.00602,0.923881,0.0198252,0,0.924094
3668,1.05867,3.0962,0.714804,0.905671,0.0161447,0,0.905815,1.09485,-0.034711,0,1.0954,1.08347,0.186324,1.02343,0.855484,0.0152501,0,0.85562
3669,0.997351,2.94127,0.803643,0.947625,0.0220009,0,0.947881,0.728349,-1.58021,0,1.73998,0.996335,-0.00818101,0.998981,0.950142,0.0220594,0,0.950398
3670,1.0937,3.16625,0.596554,0.792137,0.0104524,0,0.792206,1.01608,-9.03833e-09,0,1.01608,1.15173,0.338692,1.05306,0.724274,0.00955693,0,0.724337
3671,1.05978,3.08219,0.651588,0.833131,-0.000455523,0,0.833131,1.06061,0.0163402,0,1.06074,1.10189,0.227424,1.03973,0.786135,-0.000429828,0,0.786135
3672,1.07954,3.14882,0.684971,0.887183,0.0483635,0,0.8885,-0.202372,0.0152661,0,0.202947,1.11328,0.252848,1.03125,0.821813,0.0448,0,0.823034
3673,1.0455,3.06345,0.735336,0.917372,0.0270386,0,0.91777,-0.376319,-0.110602,0,0.392236,1.06425,0.143415,1.01793,0.877448,0.0258619,0,0.877829
3674,1.05821,3.0953,0.716312,0.906607,0.0317075,0,0.907161,-0.293324,-0.0485929,0,0.297322,1.08259,0.184345,1.02303,0.856733,0.0299632,0,0.857257
3675,1.04864,3.07147,0.731145,0.915314,0.0294661,0,0.915788,-0.355927,-0.0772188,0,0.364207,1.06863,0.153198,1.01906,0.872857,0.0280993,0,0.873309
3676,1.02741,3.01749,0.760518,0.929483,0.0158007,0,0.929617,1.31708,-0.163424,0,1.32718,1.03877,0.0865384,1.01106,0.904689,0.0153792,0,0.904819
3677,1.02262,3.00546,0.767626,0.932875,0.0170628,0,0.933031,1.38139,-0.262894,0,1.40619,1.03193,0.0712626,1.0091,0.912235,0.0166853,0,0.912388
3678,1.02052,3.00022,0.771023,0.93462,0.0178587,0,0.93479,1.41245,-0.330505,0,1.4506,1.02884,0.0643646,1.00815,0.915831,0.0174997,0,0.915998
3679,1.01506,2.98266,0.765564,0.923904,-0.00205978,0,0.923906,1.41336,0.341111,0,1.45394,1.02488,0.0555252,1.00967,0.910193,-0.00202921,0,0.910195
3680,1.01841,2.99489,0.774013,0.935912,0.0186231,0,0.936097,1.44063,-0.414772,0,1.49915,1.02587,0.0577457,1.00732,0.918989,0.0182864,0,0.919171
3681,1.01326,2.97952,0.773254,0.930541,-0.00232216,0,0.930544,1.44003,0.425482,0,1.50158,1.02089,0.0466358,1.00753,0.918362,-0.00229177,0,0.918365
3682,1.01658,2.99022,0.776522,0.936917,0.0194127,0,0.937118,1.46083,-0.508118,0,1.54668,1.02332,0.0520427,1.00662,0.921632,0.019096,0,0.92183
3683,1.01138,2.97578,0.779638,0.935648,-0.00277082,0,0.935652,1.45863,0.517884,0,1.54784,1.01719,0.0383737,1.00575,0.925124,-0.00273965,0,0.925128
3684,1.00941,2.97162,0.78535,0.939926,-0.00309269,0,0.939932,1.46626,0.621262,0,1.59244,1.0136,0.0303648,1.00415,0.93116,-0.00306384,0,0.931165
3685,1.00696,2.96563,0.789697,0.942256,-0.00342214,0,0.942262,1.46244,0.733689,0,1.63616,1.00991,0.0221169,1.00293,0.935742,-0.00339848,0,0.935749
3686,1.03149,3.02807,0.755478,0.926425,0.0498597,0,0.927766,-0.436938,0.237858,0,0.497485,1.04433,0.0989564,1.01245,0.898139,0.0483373,0,0.899439
3687,1.03393,3.03419,0.75191,0.925815,0.0189503,0,0.926009,-0.456107,-0.298839,0,0.545287,1.04781,0.10671,1.01342,0.895437,0.0183285,0,0.895624
3688,1.02473,3.01089,0.764922,0.930598,0.0512272,0,0.932007,-0.468623,0.346794,0,0.582986,1.03482,0.0777249,1.00984,0.908137,0.0499908,0,0.909511
3689,1.00423,2.95877,0.793844,0.944086,-0.00386855,0,0.944094,1.44279,0.859482,0,1.67939,1.006,0.01339,1.00176,0.940106,-0.00385224,0,0.940114
3690,1.00063,2.94967,0.799201,0.946324,-0.00466567,0,0.946335,1.39677,1.00659,0,1.72168,1.00087,0.0019394,1.00024,0.94573,-0.00466275,0,0.945742
3691,0.995613,2.93689,0.806304,0.948986,-0.00535771,0,0.949001,1.30274,1.18249,0,1.75938,0.993843,-0.0137437,0.998223,0.953168,-0.00538132,0,0.953183
3692,0.988981,2.92004,0.815903,0.95258,-0.00448855,0,0.952591,1.17472,1.37853,0,1.81116,0.984509,-0.0345778,0.995479,0.963194,-0.00453857,0,0.963205
3693,1.03974,3.04934,0.745122,0.923548,0.0140518,0,0.923655,1.19867,-0.0697135,0,1.2007,1.05563,0.12417,1.01528,0.888247,0.0135146,0,0.88835
3694,1.03381,3.03433,0.75355,0.927621,0.0137054,0,0.927722,1.25237,-0.0884749,0,1.25549,1.04723,0.105421,1.01298,0.89728,0.0132571,0,0.897378
3695,1.02199,2.9914,0.723818,0.884424,0.000698757,0,0.884425,1.272,0.111881,0,1.27691,1.04349,0.0970669,1.02103,0.865392,0.00068372,0,0.865392
3696,1.02181,3.00349,0.769102,0.933814,0.0120992,0,0.933892,-0.478549,-0.681702,0,0.832903,1.03069,0.0684966,1.00869,0.913881,0.0118409,0,0.913958
3697,1.01941,2.99741,0.772514,0.935331,0.0109289,0,0.935394,-0.458662,-0.782434,0,0.906958,1.0273,0.0609426,1.00774,0.917518,0.0107208,0,0.91758
3698,1.09242,3.17425,0.641062,0.845852,0.0145002,0,0.845977,1.02264,-0.00204675,0,1.02264,1.13867,0.309541,1.04234,0.774294,0.0132735,0,0.774408
3699,1.00585,2.96294,0.791726,0.94211,0.0488159,0,0.943374,-0.557294,0.81544,0,0.987684,1.00822,0.0183497,1.00236,0.936629,0.0485319,0,0.937886
3700,1.02499,2.99913,0.719964,0.882742,0.00152332,0,0.882743,1.24849,0.0818185,0,1.25116,1.04761,0.106261,1.02206,0.861217,0.00148618,0,0.861218
3701,1.06428,3.11038,0.706851,0.900504,0.0404478,0,0.901412,-0.258057,0.00119389,0,0.25806,1.09146,0.204147,1.02554,0.846117,0.0380049,0,0.84697
3702,1.02453,3.01039,0.765306,0.931089,0.0462459,0,0.932236,-0.524935,0.301481,0,0.605349,1.0345,0.0770134,1.00974,0.9088,0.0451388,0,0.90992
3703,1.00362,2.95725,0.794847,0.9443,0.0227184,0,0.944573,1.16399,-1.59247,0,1.97252,1.0051,0.0113793,1.00147,0.940896,0.0226365,0,0.941168
3704,1.04887,3.07233,0.731825,0.916672,0.0127005,0,0.91676,1.14111,-0.039183,0,1.14179,1.06868,0.153293,1.01888,0.87396,0.0121087,0,0.874044
3705,1.00044,2.94921,0.799536,0.946422,0.012807,0,0.946509,0.0897458,-1.66502,0,1.66743,1.00059,0.00130818,1.00015,0.946007,0.0128014,0,0.946094
3706,1.04281,3.05664,0.739173,0.919194,0.0309188,0,0.919714,-0.40482,-0.0702712,0,0.410873,1.06043,0.134879,1.0169,0.881461,0.0296496,0,0.881959
3707,0.973428,2.88019,0.837487,0.958407,0.0435866,0,0.959397,-0.101492,1.54781,0,1.55114,0.962961,-0.0826757,0.989248,0.984569,0.0447764,0,0.985586
3708,1.0573,3.07727,0.660252,0.841351,-0.00127172,0,0.841352,1.06808,0.0206718,0,1.06828,1.09701,0.216534,1.03756,0.795754,-0.0012028,0,0.795755
3709,1.06112,3.10288,0.713065,0.90483,0.0441698,0,0.905907,-0.27641,0.0236567,0,0.27742,1.08647,0.193015,1.02389,0.852715,0.0416258,0,0.853731
3710,0.989877,2.92221,0.814205,0.95044,0.0489909,0,0.951702,-0.377228,1.2484,0,1.30415,0.985883,-0.0315112,0.995965,0.96016,0.0494919,0,0.961435
3711,1.03128,3.01511,0.711149,0.878288,0.000586339,0,0.878288,1.19402,0.061706,0,1.19561,1.05645,0.125997,1.0244,0.851647,0.000568554,0,0.851647
3712,1.02212,3.00405,0.767854,0.932697,0.0152128,0,0.932821,1.40933,-0.210428,0,1.42496,1.03136,0.0699891,1.00903,0.912509,0.0148835,0,0.91263
3713,0.997946,2.94282,0.802931,0.947498,0.0196568,0,0.947702,0.610022,-1.77378,0,1.87575,0.997131,-0.00640504,0.999183,0.949449,0.0196972,0,0.949653
3714,1.03072,3.02612,0.756596,0.92721,0.0450275,0,0.928303,-0.480418,0.193898,0,0.518071,1.04323,0.0965043,1.01214,0.899574,0.0436854,0,0.900634
3715,1.01569,2.98797,0.777844,0.936506,0.0476596,0,0.937718,-0.569889,0.515603,0,0.768518,1.02204,0.0492038,1.00625,0.922036,0.0469232,0,0.92323
3716,1.00936,2.97186,0.786728,0.940104,0.0484217,0,0.94135,-0.571619,0.70526,0,0.907821,1.01316,0.0293762,1.00376,0.931384,0.0479726,0,0.932618
3717,1.02117,3.00186,0.770019,0.934167,0.0158716,0,0.934302,-0.575414,-0.646473,0,0.865464,1.02978,0.0664758,1.00843,0.9148,0.0155426,0,0.914932
3718,0.960075,2.84588,0.856023,0.964478,0.00987123,0,0.964529,0.592692,1.77796,0,1.87414,0.944552,-0.123768,0.983831,1.00459,0.0102817,0,1.00464
3719,0.998074,2.94316,0.802794,0.947546,0.0159504,0,0.94768,0.333386,-1.74623,0,1.77777,0.997297,-0.00603286,0.999222,0.949375,0.0159812,0,0.94951
3720,1.02312,3.00681,0.76724,0.932908,0.0170374,0,0.933064,-0.573225,-0.552356,0,0.796043,1.03254,0.0726244,1.0092,0.911826,0.0166523,0,0.911978
3721,1.02733,3.01748,0.761297,0.930194,0.0195834,0,0.9304,-0.548325,-0.386252,0,0.670709,1.03847,0.0858708,1.01085,0.905449,0.0190624,0,0.90565
3722,1.00165,2.95227,0.797735,0.944489,0.0490854,0,0.945764,-0.52581,0.9458,0,1.08213,1.00231,0.00515713,1.00066,0.942931,0.0490044,0,0.944203
3723,1.09681,3.18169,0.621217,0.824854,0.015214,0,0.824994,1.01826,-0.000925589,0,1.01826,1.14857,0.331625,1.04719,0.75205,0.0138711,0,0.752178
3724,1.07173,3.10944,0.6231,0.808389,0.00457396,0,0.808402,1.03501,0.00524266,0,1.03502,1.12182,0.271927,1.04674,0.754281,0.00426782,0,0.754293
3725,1.07985,3.13793,0.641812,0.837054,0.0124931,0,0.837147,1.03381,-0.000676708,0,1.03381,1.12537,0.279853,1.04216,0.775158,0.0115693,0,0.775245
3726,1.08297,3.14438,0.631989,0.827595,0.0112994,0,0.827673,1.02903,-0.000251828,0,1.02903,1.13124,0.292944,1.04457,0.764193,0.0104337,0,0.764264
3727,1.01375,2.97718,0.759831,0.916516,0.000270775,0,0.916516,1.44974,0.280503,0,1.47663,1.02515,0.05614,1.01125,0.904087,0.000267103,0,0.904087
3728,1.02153,3.00276,0.769496,0.932885,0.0468167,0,0.934059,-0.543591,0.366541,0,0.655625,1.03029,0.0676053,1.00858,0.913226,0.0458301,0,0.914376
3729,1.02757,3.0183,0.761698,0.930957,0.013533,0,0.931056,1.33078,-0.118092,0,1.33601,1.0386,0.0861544,1.01073,0.905982,0.0131699,0,0.906078
3730,1.01267,2.98029,0.782129,0.939445,0.0116459,0,0.939517,-0.454708,-1.13392,0,1.22169,1.01779,0.0397039,1.00505,0.927692,0.0115002,0,0.927763
3731,0.98529,2.91051,0.820737,0.953992,-0.00112947,0,0.953992,1.15182,1.5954,0,1.96774,0.979467,-0.0458317,0.994091,0.968235,-0.00114633,0,0.968235
3732,0.97144,2.87477,0.839116,0.959071,0.000128289,0,0.959071,0.885309,1.72711,0,1.94079,0.960535,-0.0880918,0.988774,0.987267,0.00013206,0,0.987267
3733,1.04561,3.05005,0.685756,0.861471,-0.00111627,0,0.861472,1.10992,0.0359401,0,1.1105,1.07807,0.174257,1.03104,0.823896,-0.00106758,0,0.823896
3734,1.02518,3.01202,0.764347,0.931602,0.0183009,0,0.931782,-0.564083,-0.463765,0,0.730252,1.03543,0.0790858,1.01,0.908725,0.0178514,0,0.9089
3735,1.09985,3.19996,0.656023,0.869934,0.0144532,0,0.870054,1.02122,-0.00436978,0,1.02123,1.14233,0.317698,1.03862,0.790955,0.0131411,0,0.791064
3736,0.964412,2.85714,0.850374,0.962614,0.036392,0,0.963302,0.091322,1.66775,0,1.67025,0.950417,-0.110676,0.985488,0.998136,0.0377349,0,0.998849
3737,1.06794,3.11991,0.702678,0.899531,0.0150535,0,0.899657,1.06863,-0.0199497,0,1.06881,1.09639,0.215152,1.02664,0.842302,0.0140957,0,0.84242
3738,1.03398,3.03439,0.75204,0.925144,0.0442201,0,0.9262,-0.456284,0.148746,0,0.479918,1.04782,0.106748,1.01339,0.894742,0.0427669,0,0.895763
3739,1.05029,3.07554,0.728435,0.913156,0.0428074,0,0.914159,-0.334197,0.0433725,0,0.337,1.07108,0.158667,1.01979,0.869429,0.0407575,0,0.870384
3740,1.05172,3.07893,0.725688,0.911662,0.0333986,0,0.912274,-0.334017,-0.0429813,0,0.336771,1.07331,0.163634,1.02053,0.866833,0.0317562,0,0.867414
3741,1.0614,3.10295,0.710394,0.902378,0.0352284,0,0.903066,-0.275697,-0.0243775,0,0.276773,1.08751,0.195336,1.0246,0.850179,0.0331906,0,0.850826
3742,0.982286,2.90283,0.824934,0.954193,0.0473548,0,0.955367,-0.258448,1.40173,0,1.42536,0.975294,-0.0551464,0.992882,0.9714,0.0482088,0,0.972596
3743,1.01865,2.99548,0.773642,0.934721,0.0472538,0,0.935914,-0.558591,0.435886,0,0.708534,1.02621,0.058513,1.00742,0.917606,0.0463886,0,0.918778
3744,1.03733,3.04284,0.747208,0.923455,0.0263059,0,0.92383,-0.455125,-0.148882,0,0.478857,1.05259,0.117378,1.01471,0.890226,0.0253594,0,0.890587
3745,1.0428,3.05749,0.74225,0.92307,0.0126066,0,0.923156,1.18085,-0.0504518,0,1.18193,1.05955,0.132919,1.01606,0.885184,0.0120892,0,0.885266
3746,1.01505,2.98634,0.778721,0.937987,0.0125512,0,0.938071,-0.51093,-0.995586,0,1.11904,1.02115,0.0472126,1.00601,0.924076,0.0123651,0,0.924159
3747,1.00012,2.9483,0.799656,0.94607,0.0222146,0,0.946331,0.902392,-1.72588,0,1.94755,1.00023,0.000515839,1.00011,0.945959,0.022212,0,0.94622
3748,1.03724,3.04264,0.747417,0.922961,0.0434357,0,0.923982,-0.431932,0.109141,0,0.445508,1.05244,0.117044,1.01465,0.889826,0.0418764,0,0.890811
3749,1.06517,3.09393,0.636713,0.819697,0.0010868,0,0.819698,1.04792,0.00947063,0,1.04796,1.11141,0.248688,1.04342,0.769548,0.00102031,0,0.769549
3750,1.05527,3.08812,0.721396,0.910343,0.0141746,0,0.910454,1.10948,-0.0331858,0,1.10998,1.07814,0.17443,1.02168,0.862665,0.0134323,0,0.86277
3751,1.05919,3.07976,0.648907,0.829497,0.00389964,0,0.829506,1.0605,0.00830357,0,1.06054,1.10198,0.227629,1.0404,0.783144,0.00368173,0,0.783153
3752,0.958297,2.84145,0.858997,0.965347,0.0244821,0,0.965657,0.323178,1.74957,0,1.77917,0.941964,-0.129544,0.982957,1.00736,0.0255475,0,1.00768
3753,1.00636,2.96429,0.791141,0.942968,0.02242,0,0.943235,1.35094,-1.39382,0,1.94108,1.0089,0.0198689,1.00252,0.937005,0.0222782,0,0.93727
3754,1.0083,2.9692,0.788413,0.9419,0.0216098,0,0.942147,1.45998,-1.20837,0,1.89518,1.01161,0.025921,1.00329,0.93415,0.021432,0,0.934396
3755,1.038,3.03157,0.699444,0.870771,-2.91386e-05,0,0.870771,1.14961,0.0456856,0,1.15051,1.06653,0.14851,1.02748,0.838889,-2.80717e-05,0,0.838889
3756,1.07023,3.12363,0.692073,0.889091,0.0120754,0,0.889173,1.06016,-0.00823177,0,1.06019,1.1017,0.227014,1.02941,0.830748,0.011283,0,0.830824
3757,1.06277,3.10628,0.707952,0.90126,0.0163166,0,0.901408,1.08053,-0.0282836,0,1.0809,1.0896,0.200002,1.02525,0.84803,0.0153529,0,0.848169
3758,1.07351,3.13073,0.683211,0.881369,0.012501,0,0.881458,1.05384,-0.00603096,0,1.05386,1.10754,0.240045,1.0317,0.821017,0.011645,0,0.8211
3759,1.06914,3.10366,0.629809,0.81449,0.00253829,0,0.814494,1.04144,0.0069644,0,1.04147,1.11737,0.261975,1.04511,0.761818,0.00237414,0,0.761822
3760,1.07334,3.12632,0.668948,0.864358,0.0123817,0,0.864447,1.04642,-0.00342768,0,1.04643,1.11129,0.248409,1.03535,0.805297,0.0115357,0,0.80538
3761,1.00998,2.97345,0.785912,0.940996,0.0108862,0,0.941059,-0.37044,-1.27787,0,1.33048,1.01401,0.0312807,1.00399,0.931696,0.0107786,0,0.931759
3762,1.01263,2.9802,0.782165,0.938295,0.0479943,0,0.939522,-0.575719,0.603971,0,0.834406,1.01774,0.0396,1.00504,0.926589,0.0473955,0,0.9278
3763,0.996324,2.93868,0.805222,0.947275,0.0491938,0,0.948551,-0.467827,1.09834,0,1.19382,0.99486,-0.0114734,0.998531,0.95077,0.0493753,0,0.952051
3764,1.08363,3.13798,0.599978,0.789119,5.5916e-05,0,0.789119,1.02122,0.00436978,0,1.02123,1.14026,0.313084,1.05226,0.728217,5.16006e-05,0,0.728217
3765,1.00968,2.97269,0.786385,0.941046,0.0209144,0,0.941278,1.51898,-1.0482,0,1.84554,1.01357,0.0302996,1.00386,0.932027,0.0207139,0,0.932257
3766,1.03204,3.02943,0.754628,0.927044,0.0225952,0,0.927319,-0.505735,-0.252721,0,0.565363,1.04513,0.100726,1.01268,0.898264,0.0218938,0,0.898531
3767,1.00702,2.96594,0.790099,0.94269,0.010544,0,0.942749,-0.258845,-1.41149,0,1.43503,1.00986,0.0220073,1.00281,0.936114,0.0104704,0,0.936173
3768,1.00374,2.9576,0.794793,0.944569,0.0110558,0,0.944634,-0.108027,-1.54738,0,1.55115,1.00524,0.0116921,1.00149,0.941048,0.0110145,0,0.941112
3769,1.01092,2.97586,0.78464,0.94036,0.0202168,0,0.940577,1.55084,-0.90435,0,1.79526,1.01532,0.0341934,1.00435,0.9302,0.0199984,0,0.930415
3770,1.07671,3.13129,0.651109,0.84578,0.0119516,0,0.845864,1.03942,-0.00162433,0,1.03943,1.11961,0.266993,1.03985,0.785524,0.0111002,0,0.785603
3771,1.07423,3.11501,0.616656,0.802491,0.00336804,0,0.802498,1.03142,0.00467829,0,1.03143,1.1261,0.281479,1.04829,0.74704,0.00313531,0,0.747047
3772,1.01213,2.97892,0.782896,0.939634,0.019496,0,0.939836,1.56473,-0.770626,0,1.7442,1.01703,0.0380034,1.00484,0.928374,0.0192624,0,0.928574
3773,1.01335,2.98201,0.781174,0.938933,0.0187929,0,0.939121,1.56276,-0.653472,0,1.69388,1.01874,0.0418237,1.00532,0.926568,0.0185454,0,0.926754
3774,1.08839,3.15024,0.594001,0.785173,0.00796989,0,0.785214,1.01826,0.00092557,0,1.01826,1.1468,0.327679,1.05366,0.721406,0.00732261,0,0.721443
3775,1.04076,3.05152,0.742335,0.920487,0.0419045,0,0.921441,-0.406782,0.0716213,0,0.413039,1.05745,0.128229,1.01604,0.884441,0.0402635,0,0.885357
3776,1.04004,3.04968,0.743271,0.921416,0.0283365,0,0.921852,-0.429531,-0.107144,0,0.442693,1.05645,0.126012,1.01578,0.885944,0.0272456,0,0.886363
3777,1.02445,3.00996,0.764577,0.931263,0.0144571,0,0.931375,1.37026,-0.161841,0,1.37979,1.03463,0.0773091,1.00994,0.909035,0.014112,0,0.909145
3778,1.01586,2.97662,0.735382,0.891801,0.0013716,0,0.891802,1.36099,0.153977,0,1.36967,1.03407,0.076044,1.01792,0.877876,0.00135019,0,0.877877
3779,1.02012,2.99915,0.771407,0.934704,0.0159466,0,0.93484,1.4494,-0.272592,0,1.47481,1.02832,0.0632212,1.00805,0.916272,0.0156322,0,0.916405
3780,1.01429,2.97515,0.74675,0.902819,0.000586912,0,0.902819,1.4059,0.211042,0,1.42165,1.02934,0.0654939,1.01484,0.890096,0.000578641,0,0.890096
3781,1.01814,2.99427,0.774706,0.936442,0.0166768,0,0.936591,1.48941,-0.351613,0,1.53035,1.02539,0.0566841,1.00713,0.91976,0.0163797,0,0.919906
3782,1.0127,2.97703,0.770298,0.926847,0.000368981,0,0.926847,1.49061,0.363093,0,1.5342,1.02116,0.0472226,1.00835,0.915227,0.000364355,0,0.915227
3783,1.01623,2.98941,0.777292,0.937462,0.0174228,0,0.937623,1.52459,-0.445465,0,1.58833,1.02274,0.0507664,1.00641,0.922487,0.0171444,0,0.922646
3784,1.01115,2.97454,0.777607,0.933271,0.000153398,0,0.933271,1.52409,0.456639,0,1.59102,1.01754,0.0391501,1.00632,0.922979,0.000151706,0,0.922979
3785,1.01463,2.98528,0.779363,0.938195,0.0181462,0,0.938371,1.54917,-0.548372,0,1.64336,1.02054,0.0458591,1.00583,0.924665,0.0178845,0,0.924838
3786,1.00952,2.97146,0.78364,0.93821,-0.000192017,0,0.93821,1.54745,0.563302,0,1.64678,1.0142,0.03169,1.00463,0.929359,-0.000190206,0,0.929359
3787,1.00767,2.96736,0.788449,0.941597,-0.000298738,0,0.941597,1.55992,0.680717,0,1.70198,1.01097,0.0244878,1.00328,0.934433,-0.000296465,0,0.934433
3788,1.02762,3.01825,0.761015,0.929226,0.045742,0,0.930351,-0.503223,0.244583,0,0.559512,1.03884,0.0866964,1.01092,0.904255,0.0445128,0,0.90535
3789,1.03453,3.03571,0.751002,0.925224,0.024289,0,0.925543,-0.481466,-0.198573,0,0.520808,1.04868,0.10865,1.01367,0.894344,0.0234783,0,0.894652
3790,1.02962,3.0233,0.758049,0.928672,0.0210684,0,0.928911,-0.528755,-0.314713,0,0.615326,1.04171,0.093106,1.01174,0.901953,0.0204623,0,0.902185
3791,1.00533,2.96152,0.792163,0.943345,-0.000601805,0,0.943345,1.558,0.81305,0,1.75739,1.00757,0.0169025,1.00223,0.938345,-0.000598615,0,0.938345
3792,1.00275,2.95511,0.796337,0.945327,-0.00104343,0,0.945328,1.53238,0.968255,0,1.81265,1.00381,0.00849528,1.00105,0.942734,-0.00104057,0,0.942735
3793,0.99889,2.94523,0.801636,0.94724,-0.00203544,0,0.947242,1.46645,1.15691,0,1.86787,0.99844,-0.00348165,0.99955,0.948293,-0.0020377,0,0.948295
3794,0.994929,2.9352,0.807434,0.949524,-0.00197177,0,0.949526,1.36339,1.36192,0,1.92708,0.99284,-0.0159823,0.9979,0.954363,-0.00198182,0,0.954365
3795,1.03678,3.0422,0.750656,0.927088,0.0123878,0,0.927171,1.22992,-0.0638499,0,1.23158,1.05105,0.113954,1.01377,0.894202,0.0119484,0,0.894282
3796,1.03104,3.02776,0.759128,0.931296,0.0121394,0,0.931375,1.29273,-0.0822478,0,1.29534,1.04284,0.095618,1.01144,0.90326,0.0117739,0,0.903337
3797,1.01865,2.98285,0.728335,0.886503,0.0023117,0,0.886506,1.31803,0.107927,0,1.32244,1.03884,0.0866922,1.01982,0.870273,0.00226938,0,0.870276
3798,1.01719,2.99177,0.775651,0.936643,0.0135905,0,0.936742,-0.546314,-0.869172,0,1.02661,1.02418,0.0539643,1.00686,0.920811,0.0133608,0,0.920908
3799,1.01923,2.99694,0.772776,0.935394,0.0147492,0,0.93551,-0.567852,-0.751662,0,0.942046,1.02704,0.0603665,1.00767,0.917744,0.0144709,0,0.917858
3800,1.00357,2.95717,0.795084,0.944687,0.0130211,0,0.944777,-0.105236,-1.76775,0,1.77088,1.00498,0.0111189,1.00141,0.941328,0.0129748,0,0.941418
3801,1.03345,3.01939,0.703595,0.871631,0.00111133,0,0.871632,1.17527,0.0417807,0,1.17601,1.06073,0.135552,1.02639,0.843419,0.00107536,0,0.84342
3802,0.983177,2.90513,0.823763,0.95408,0.0427781,0,0.955038,-0.297636,1.6012,0,1.62863,0.976511,-0.0524305,0.99322,0.970404,0.04351,0,0.971379
3803,1.03743,3.04297,0.746613,0.922724,0.0314321,0,0.923259,-0.459408,-0.0604035,0,0.463362,1.05286,0.117987,1.01487,0.889434,0.0302981,0,0.889949
3804,1.02571,3.01339,0.763629,0.93121,0.0226015,0,0.931484,-0.610697,-0.330743,0,0.694508,1.03617,0.0807459,1.0102,0.907868,0.022035,0,0.908135
3805,1.04021,3.03499,0.688299,0.859929,0.000898238,0,0.859929,1.13163,0.0301925,0,1.13204,1.07182,0.16031,1.03039,0.826687,0.000863515,0,0.826688
3806,1.04629,3.06648,0.737866,0.921244,0.0114151,0,0.921314,1.16352,-0.0335829,0,1.16401,1.06434,0.143615,1.01725,0.880485,0.0109101,0,0.880552
3807,0.995789,2.9373,0.805896,0.94768,0.0449452,0,0.948745,-0.545643,1.2477,0,1.36179,0.994135,-0.0130919,0.998339,0.951687,0.0451352,0,0.952757
3808,1.01343,2.98222,0.781063,0.938065,0.0436072,0,0.939078,-0.665728,0.553657,0,0.865869,1.01885,0.0420764,1.00535,0.925637,0.0430295,0,0.926636
3809,1.0078,2.96789,0.788974,0.941236,0.0442536,0,0.942276,-0.673171,0.774484,0,1.02615,1.01095,0.0244442,1.00313,0.933955,0.0439113,0,0.934987
3810,1.08429,3.14575,0.622635,0.817232,0.0110239,0,0.817306,1.02529,0.000407416,0,1.02529,1.13509,0.301536,1.04685,0.753703,0.0101669,0,0.753771
3811,1.03366,3.03438,0.755324,0.929479,0.0109363,0,0.929543,1.2655,-0.054774,0,1.26668,1.04657,0.103945,1.01249,0.899213,0.0105802,0,0.899275
3812,0.969986,2.87119,0.84167,0.960167,0.00645295,0,0.960189,0.775273,1.96126,0,2.10893,0.958376,-0.0929104,0.988031,0.989877,0.00665262,0,0.9899
3813,1.04544,3.06325,0.73525,0.917033,0.0328776,0,0.917622,-0.379968,-0.0377044,0,0.381834,1.06421,0.143337,1.01796,0.877172,0.0314486,0,0.877736
3814,1.05365,3.06901,0.669033,0.84869,-0.00152348,0,0.848691,1.07911,0.0263293,0,1.07943,1.09088,0.202863,1.03533,0.805473,-0.00144591,0,0.805474
3815,1.05286,3.0828,0.727508,0.915265,0.011836,0,0.915342,1.12635,-0.0265179,0,1.12666,1.07397,0.165101,1.02004,0.86931,0.0112417,0,0.869383
3816,1.05568,3.07064,0.653057,0.831626,0.00156962,0,0.831627,1.06833,0.0118971,0,1.06839,1.09723,0.21703,1.03936,0.787767,0.00148684,0,0.787768
3817,0.964693,2.85792,0.850203,0.963237,0.0183862,0,0.963413,0.435973,1.97231,0,2.01992,0.950742,-0.109951,0.985538,0.998491,0.0190591,0,0.998673
3818,1.06884,3.1106,0.659261,0.849306,0.00960586,0,0.849361,1.05213,0.000987637,0,1.05214,1.10925,0.243859,1.03781,0.794605,0.00898718,0,0.794656
3819,1.01516,2.9866,0.778572,0.937874,0.0157268,0,0.938006,-0.647924,-0.965773,0,1.16298,1.0213,0.0475376,1.00605,0.923871,0.015492,0,0.924001
3820,1.00075,2.94999,0.799072,0.946199,0.0147727,0,0.946314,0.147931,-1.89652,0,1.90228,1.00103,0.00229459,1.00028,0.945491,0.0147616,0,0.945606
3821,1.06854,3.1055,0.643407,0.830259,0.00647824,0,0.830285,1.04544,0.00280773,0,1.04545,1.11317,0.252615,1.04176,0.777,0.00606267,0,0.777024
3822,1.08494,3.1405,0.595036,0.783962,0.00696444,0,0.783993,1.02029,0.00164393,0,1.02029,1.14289,0.318959,1.05342,0.722588,0.00641922,0,0.722617
3823,1.04543,3.06276,0.733667,0.915068,0.0372527,0,0.915826,-0.373865,0.000112589,0,0.373865,1.06465,0.144303,1.01838,0.875304,0.0356339,0,0.876029
3824,1.05433,3.08553,0.722023,0.909456,0.0404695,0,0.910356,-0.311847,0.0127276,0,0.312107,1.077,0.171885,1.02151,0.862595,0.0383843,0,0.863449
3825,1.01164,2.97233,0.764619,0.91977,0.00223041,0,0.919773,1.53003,0.292177,0,1.55768,1.02168,0.0484021,1.00993,0.909186,0.00220474,0,0.909189
3826,0.992064,2.92795,0.811683,0.951195,-0.000767923,0,0.951195,1.28336,1.53271,0,1.99906,0.988777,-0.0250515,0.996687,0.958804,-0.000774066,0,0.958805
3827,1.03919,3.04804,0.746256,0.924359,0.0114809,0,0.92443,1.20839,-0.0429851,0,1.20915,1.05475,0.122205,1.01497,0.889498,0.0110479,0,0.889567
3828,1.02012,2.99921,0.771516,0.934774,0.0189402,0,0.934965,-0.67057,-0.597176,0,0.897933,1.0283,0.0631714,1.00802,0.916333,0.0185666,0,0.916521
3829,1.01336,2.98205,0.78113,0.938976,0.0147299,0,0.939091,-0.608413,-1.1158,0,1.27089,1.01877,0.0418952,1.00533,0.926593,0.0145357,0,0.926707
3830,1.0046,2.95978,0.793536,0.943064,0.0445549,0,0.944116,-0.658039,0.908753,0,1.12198,1.00646,0.0144116,1.00184,0.938743,0.0443508,0,0.93979
3831,1.01948,2.99728,0.771445,0.934185,0.014251,0,0.934294,1.47775,-0.210325,0,1.49264,1.02767,0.061758,1.00804,0.916339,0.0139788,0,0.916445
3832,1.01682,2.99083,0.776188,0.936828,0.0167676,0,0.936978,-0.668634,-0.830863,0,1.06649,1.02365,0.0527923,1.00671,0.921328,0.0164902,0,0.921476
3833,1.00246,2.95429,0.796483,0.94496,0.0214704,0,0.945203,1.12462,-1.83845,0,2.15515,1.00347,0.00774699,1.00101,0.942645,0.0214178,0,0.942888
3834,0.975253,2.88492,0.835132,0.958043,0.0386977,0,0.958824,-0.104393,1.76742,0,1.7705,0.965434,-0.0771551,0.989932,0.982353,0.0396797,0,0.983154
3835,1.04754,3.05305,0.675997,0.851816,-0.000445504,0,0.851816,1.09937,0.0261692,0,1.09968,1.08269,0.184574,1.03356,0.81316,-0.000425286,0,0.81316
3836,0.990047,2.92264,0.813963,0.950572,0.0445761,0,0.951616,-0.442513,1.42164,0,1.48892,0.986121,-0.0309803,0.996035,0.960128,0.0450242,0,0.961183
3837,1.02729,3.00438,0.714542,0.878679,0.00180343,0,0.878681,1.22563,0.0570057,0,1.22696,1.05144,0.114818,1.0235,0.855333,0.00175551,0,0.855335
3838,0.999257,2.9462,0.801209,0.946979,0.0176392,0,0.947144,0.450949,-1.96842,0,2.01941,0.99893,-0.00238901,0.999673,0.947684,0.0176523,0,0.947848
3839,1.02185,3.00359,0.769061,0.933668,0.0200867,0,0.933884,-0.657081,-0.498935,0,0.82504,1.03074,0.0686134,1.0087,0.913702,0.0196571,0,0.913913
3840,1.00066,2.94973,0.799119,0.945216,0.0447689,0,0.946276,-0.620185,1.06896,0,1.23585,1.00092,0.00205632,1.00026,0.944596,0.0447396,0,0.945655
3841,1.08174,3.13434,0.607108,0.796467,-0.000464143,0,0.796467,1.02473,0.00560602,0,1.02474,1.13645,0.304579,1.05057,0.73628,-0.000429069,0,0.73628
3842,1.07889,3.12668,0.609505,0.797277,0.00328038,0,0.797284,1.02743,0.00356356,0,1.02744,1.13284,0.296507,1.05,0.73898,0.00304052,0,0.738986
3843,1.02124,2.9891,0.723482,0.883396,0.00267659,0,0.8834,1.28905,0.0757051,0,1.29127,1.04281,0.095551,1.02112,0.865024,0.00262093,0,0.865028
3844,1.02502,3.01232,0.767013,0.93447,0.0120346,0,0.934548,1.38334,-0.110343,0,1.38773,1.03452,0.0770459,1.00926,0.91166,0.0117408,0,0.911736
3845,1.01847,2.99501,0.773857,0.935809,0.0178798,0,0.935979,-0.67625,-0.706588,0,0.97805,1.02597,0.0579697,1.00736,0.918837,0.0175555,0,0.919005
3846,0.982141,2.90242,0.824992,0.955283,0.00193296,0,0.955285,1.10786,1.84195,0,2.14945,0.975134,-0.055505,0.992865,0.972653,0.00196811,0,0.972655
3847,1.01606,2.98891,0.777324,0.936498,0.0433471,0,0.9375,-0.64903,0.463727,0,0.797673,1.02256,0.0503631,1.0064,0.921693,0.0426618,0,0.922679
3848,1.09274,3.17095,0.625226,0.82672,0.0149595,0,0.826855,1.0205,-0.000821975,0,1.0205,1.14325,0.319746,1.04622,0.756558,0.01369,0,0.756682
3849,0.967747,2.86573,0.845812,0.961609,0.0306708,0,0.962098,0.140196,1.89868,0,1.90385,0.954994,-0.100459,0.986822,0.993657,0.031693,0,0.994162
3850,1.0685,3.12078,0.699949,0.896858,0.0124288,0,0.896944,1.06798,-0.011335,0,1.06805,1.09773,0.21814,1.02735,0.83936,0.011632,0,0.839441
3851,1.04433,3.06046,0.736865,0.917565,0.0406452,0,0.918465,-0.378415,0.0347078,0,0.380003,1.06263,0.1398,1.01752,0.878613,0.0389197,0,0.879474
3852,1.05806,3.09494,0.716652,0.906611,0.0382165,0,0.907417,-0.302262,-0.012085,0,0.302504,1.08233,0.183775,1.02294,0.856865,0.0361195,0,0.857625
3853,1.02372,3.00834,0.766442,0.932498,0.0213105,0,0.932741,-0.636163,-0.408753,0,0.756163,1.03337,0.0744803,1.00942,0.910891,0.0208168,0,0.911129
3854,1.01862,2.9954,0.773648,0.934906,0.0430178,0,0.935896,-0.628913,0.38438,0,0.737075,1.02618,0.0584484,1.00742,0.917812,0.0422313,0,0.918783
3855,1.02986,3.02396,0.757902,0.928065,0.0408883,0,0.928965,-0.520269,0.143573,0,0.539715,1.04199,0.0937379,1.01178,0.901154,0.0397027,0,0.902028
3856,1.03256,3.03079,0.754038,0.926728,0.0274975,0,0.927136,-0.520384,-0.146116,0,0.540508,1.04582,0.102278,1.01284,0.897505,0.0266304,0,0.8979
3857,0.999946,2.9479,0.800042,0.94635,0.0205824,0,0.946573,0.790456,-1.95884,0,2.11232,0.99995,-0.000111655,1,0.946401,0.0205835,0,0.946624
3858,1.03285,3.03152,0.7536,0.926044,0.0401563,0,0.926915,-0.490767,0.100255,0,0.500902,1.04624,0.103215,1.01296,0.896589,0.038879,0,0.897432
3859,1.03619,3.04001,0.748955,0.923928,0.0392312,0,0.924761,-0.461818,0.0619189,0,0.46595,1.05094,0.113709,1.01423,0.891656,0.0378609,0,0.89246
3860,1.05628,3.0906,0.719709,0.909326,0.0112489,0,0.909395,1.1009,-0.0217676,0,1.10111,1.07965,0.177798,1.02213,0.860876,0.0106495,0,0.860942
3861,1.06205,3.10602,0.714571,0.908363,0.0117891,0,0.90844,1.09215,-0.0215422,0,1.09237,1.087,0.194195,1.02349,0.855295,0.0111003,0,0.855367
3862,1.0633,3.09061,0.644685,0.827709,0.00556617,0,0.827728,1.0537,0.00526307,0,1.05371,1.10738,0.239677,1.04145,0.778431,0.00523479,0,0.778449
3863,1.00551,2.96206,0.792115,0.943224,0.0214889,0,0.943469,1.38507,-1.61324,0,2.12625,1.00777,0.01735,1.00225,0.938052,0.021371,0,0.938295
3864,1.00725,2.96656,0.789903,0.942528,0.020734,0,0.942756,1.54068,-1.3806,0,2.06876,1.01015,0.0226467,1.00287,0.935739,0.0205847,0,0.935966
3865,1.06498,3.11258,0.707401,0.902531,0.014239,0,0.902643,1.07818,-0.0219386,0,1.0784,1.09202,0.205407,1.02539,0.847463,0.0133702,0,0.847568
3866,1.06544,3.10297,0.667656,0.856511,0.0094829,0,0.856564,1.05927,-0.000613326,0,1.05927,1.10346,0.230937,1.03568,0.803902,0.00890043,0,0.803952
3867,1.01134,2.97691,0.783993,0.940176,0.0137825,0,0.940277,-0.540663,-1.28088,0,1.39031,1.01592,0.0355442,1.00453,0.929633,0.013628,0,0.929733
3868,1.01066,2.97518,0.784923,0.939614,0.0439144,0,0.94064,-0.674834,0.658711,0,0.943028,1.01498,0.0334367,1.00427,0.929699,0.043451,0,0.930714
3869,1.0086,2.96998,0.788019,0.941803,0.0198215,0,0.942012,1.62364,-1.1777,0,2.00579,1.01203,0.0268483,1.0034,0.933774,0.0196526,0,0.933981
3870,1.03007,3.02442,0.757386,0.92823,0.0256114,0,0.928584,-0.55169,-0.199611,0,0.586691,1.04235,0.0945279,1.01192,0.901135,0.0248638,0,0.901478
3871,1.02407,3.00925,0.76604,0.931669,0.042143,0,0.932622,-0.577883,0.248685,0,0.629121,1.03383,0.075521,1.00953,0.909771,0.0411524,0,0.910701
3872,1.00907,2.97112,0.787191,0.941478,0.0129441,0,0.941567,-0.437311,-1.44713,0,1.51176,1.01273,0.0284196,1.00363,0.933019,0.0128278,0,0.933108
3873,1.00649,2.96457,0.790864,0.942974,0.0125732,0,0.943058,-0.299505,-1.60826,0,1.63591,1.0091,0.0203214,1.0026,0.936895,0.0124922,0,0.936979
3874,1.0096,2.9725,0.786484,0.941118,0.0191413,0,0.941313,1.66148,-1.00431,0,1.94143,1.01347,0.0300656,1.00383,0.932169,0.0189593,0,0.932361
3875,1.01063,2.97512,0.785056,0.94057,0.0184539,0,0.940751,1.67434,-0.849595,0,1.87756,1.01491,0.0332794,1.00423,0.930675,0.0182598,0,0.930855
3876,1.01166,2.97771,0.783552,0.939929,0.0177922,0,0.940098,1.67009,-0.710259,0,1.81485,1.01637,0.0365301,1.00465,0.929099,0.0175872,0,0.929266
3877,1.03499,3.03691,0.750453,0.924883,0.0293705,0,0.92535,-0.488837,-0.0994934,0,0.49886,1.0493,0.110045,1.01382,0.893614,0.0283775,0,0.894064
3878,1.01184,2.96928,0.751553,0.905839,0.00246458,0,0.905842,1.4765,0.215047,0,1.49208,1.02552,0.0569714,1.01352,0.895239,0.00243574,0,0.895242
3879,1.0174,2.99213,0.774772,0.935865,0.0149246,0,0.935984,1.52846,-0.282207,0,1.55429,1.02463,0.0549869,1.00711,0.919858,0.0146694,0,0.919975
3880,1.01288,2.96903,0.739638,0.893816,0.00299226,0,0.893821,1.42273,0.151598,0,1.43078,1.02986,0.066654,1.01677,0.882454,0.00295422,0,0.882459
3881,1.02198,3.00393,0.768961,0.933796,0.0132452,0,0.93389,1.42939,-0.154297,0,1.43769,1.03089,0.0689586,1.00872,0.913715,0.0129603,0,0.913807
3882,1.01562,2.98778,0.777885,0.93757,0.0155976,0,0.937699,1.57799,-0.371928,0,1.62123,1.02196,0.0490227,1.00624,0.923146,0.0153577,0,0.923274
3883,1.01086,2.97289,0.77478,0.929971,0.00238049,0,0.929974,1.57949,0.38405,0,1.62551,1.01804,0.0402727,1.00711,0.919981,0.00235492,0,0.919984
3884,1.01404,2.98377,0.780164,0.93854,0.0163737,0,0.938683,1.62001,-0.477063,0,1.6888,1.01972,0.0440245,1.0056,0.925545,0.016147,0,0.925685
3885,1.0095,2.97085,0.781746,0.936164,0.00225485,0,0.936167,1.62003,0.491517,0,1.69295,1.01471,0.0328327,1.00516,0.927355,0.00223363,0,0.927358
3886,1.01275,2.98047,0.781944,0.939236,0.0171151,0,0.939392,1.65106,-0.588624,0,1.75285,1.01792,0.039998,1.00511,0.927413,0.0168996,0,0.927567
3887,1.00797,2.96786,0.787103,0.940447,0.00221253,0,0.94045,1.6505,0.611721,0,1.76022,1.01166,0.0260164,1.00366,0.933012,0.00219504,0,0.933014
3888,1.02691,3.01647,0.762064,0.929929,0.0416021,0,0.93086,-0.549489,0.193293,0,0.582495,1.03783,0.0844364,1.01063,0.905562,0.040512,0,0.906468
3889,1.02786,3.01884,0.760599,0.929802,0.0240947,0,0.930114,-0.582074,-0.259643,0,0.637358,1.0392,0.0875067,1.01104,0.904602,0.0234417,0,0.904905
3890,1.02127,3.00212,0.769906,0.933299,0.0426088,0,0.934271,-0.604953,0.31374,0,0.68147,1.02991,0.0667709,1.00846,0.91386,0.0417213,0,0.914812
3891,1.00604,2.9633,0.791037,0.942816,0.00214379,0,0.942819,1.66805,0.748471,0,1.82828,1.0086,0.0192053,1.00255,0.937157,0.00213092,0,0.93716
3892,1.00394,2.95813,0.794579,0.944597,0.00192052,0,0.944598,1.66458,0.910361,0,1.89725,1.0055,0.0122776,1.00155,0.940885,0.00191297,0,0.940887
3893,1.00102,2.95066,0.798645,0.94612,0.00125405,0,0.946121,1.62776,1.10744,0,1.96876,1.00142,0.00316451,1.0004,0.945157,0.00125277,0,0.945158
3894,0.99768,2.94209,0.803137,0.947663,0.00126562,0,0.947664,1.55143,1.32804,0,2.04222,0.996806,-0.00713009,0.999124,0.949867,0.00126856,0,0.949868
3895,1.02804,3.0203,0.763888,0.933817,0.0108886,0,0.933881,1.33826,-0.0720341,0,1.34019,1.03845,0.0858305,1.01013,0.908349,0.0105917,0,0.90841
3896,1.01526,2.97386,0.731824,0.88737,0.00343016,0,0.887376,1.37073,0.101827,0,1.37451,1.03442,0.0768398,1.01888,0.874036,0.00337862,0,0.874043
3897,0.990257,2.92321,0.813777,0.950756,0.0406752,0,0.951626,-0.509988,1.62431,0,1.70249,0.986383,-0.0303942,0.996088,0.96011,0.0410754,0,0.960989
3898,1.01134,2.97691,0.784006,0.939429,0.0401656,0,0.940287,-0.774793,0.597125,0,0.978193,1.01592,0.0355282,1.00453,0.928897,0.0397153,0,0.929745
3899,1.05275,3.06367,0.658886,0.836136,4.34103e-05,0,0.836136,1.07694,0.0165297,0,1.07707,1.09265,0.206807,1.0379,0.79424,4.12351e-05,0,0.79424
3900,1.00337,2.95663,0.795283,0.943912,0.0408881,0,0.944797,-0.771725,1.02019,0,1.2792,1.00472,0.0105414,1.00135,0.940744,0.0407509,0,0.941626
3901,1.04331,3.04154,0.679061,0.851895,0.0014936,0,0.851896,1.11352,0.0214706,0,1.11373,1.0775,0.172983,1.03277,0.816533,0.0014316,0,0.816534
3902,1.04023,3.04992,0.742171,0.920158,0.0340802,0,0.920788,-0.425611,-0.0185993,0,0.426017,1.05695,0.127131,1.01608,0.884574,0.0327623,0,0.885181
3903,1.00445,2.95942,0.793828,0.944045,0.0212091,0,0.944284,1.25815,-1.77717,0,2.17745,1.00622,0.013892,1.00176,0.93986,0.0211151,0,0.940098
3904,1.02964,3.00934,0.707612,0.872919,0.00269892,0,0.872924,1.20376,0.0355175,0,1.20428,1.05572,0.124383,1.02534,0.847794,0.00262124,0,0.847798
3905,0.990889,2.92503,0.813607,0.952055,0.00188346,0,0.952057,1.29653,1.72969,0,2.16166,0.987061,-0.0288817,0.996137,0.960809,0.00190078,0,0.960811
3906,1.08335,3.13903,0.607296,0.797846,0.00717191,0,0.797878,1.02323,0.00108876,0,1.02323,1.13809,0.308231,1.05053,0.736463,0.00662014,0,0.736493
3907,1.01726,2.9919,0.775399,0.936434,0.0135754,0,0.936533,1.55697,-0.208262,0,1.57084,1.02432,0.0542786,1.00693,0.920543,0.013345,0,0.92064
3908,1.02347,2.9942,0.718238,0.87951,0.00326447,0,0.879516,1.26137,0.0485215,0,1.26231,1.04652,0.103839,1.02252,0.85934,0.0031896,0,0.859346
3909,1.00588,2.96305,0.791763,0.943336,0.0141627,0,0.943443,-0.327533,-1.84046,0,1.86938,1.00824,0.0184,1.00235,0.937819,0.0140798,0,0.937924
3910,1.04791,3.06867,0.728836,0.912473,0.0108788,0,0.912538,1.1462,-0.0198773,0,1.14638,1.06854,0.152989,1.01969,0.870755,0.0103814,0,0.870816
3911,0.999725,2.94734,0.800393,0.945839,0.0410894,0,0.946731,-0.725163,1.21766,0,1.41723,0.999628,-0.000830578,0.999903,0.9461,0.0411007,0,0.946992
3912,1.00178,2.95255,0.797406,0.94531,0.0206198,0,0.945535,1.03549,-2.11502,0,2.3549,1.00253,0.00564608,1.00075,0.943633,0.0205832,0,0.943858
3913,0.971256,2.87486,0.841373,0.960818,0.0251993,0,0.961149,0.233045,2.1566,0,2.16915,0.959714,-0.0899237,0.988117,0.989254,0.0259451,0,0.989594
3914,1.03273,3.03104,0.753123,0.925722,0.0322282,0,0.926283,-0.519035,-0.0461348,0,0.521082,1.04626,0.10325,1.01309,0.896379,0.0312067,0,0.896922
3915,1.01009,2.97374,0.785757,0.940844,0.0170169,0,0.940998,1.79255,-0.776255,0,1.9534,1.01417,0.0316304,1.00404,0.931442,0.0168468,0,0.931594
3916,1.01838,2.9948,0.774034,0.935257,0.0394571,0,0.936089,-0.69516,0.322527,0,0.766336,1.02583,0.0576555,1.00731,0.918376,0.0387449,0,0.919193
3917,1.00928,2.96649,0.76855,0.921836,0.00435301,0,0.921847,1.62215,0.301833,0,1.65,1.0182,0.0406254,1.00884,0.913361,0.00431299,0,0.913371
3918,1.0174,2.99231,0.77538,0.93642,0.0203938,0,0.936642,-0.781886,-0.64625,0,1.01439,1.02446,0.0546075,1.00694,0.920401,0.020045,0,0.92062
3919,1.05502,3.08788,0.723075,0.912096,0.0108644,0,0.91216,1.11571,-0.0195697,0,1.11588,1.07742,0.172817,1.02123,0.864526,0.0102978,0,0.864587
3920,1.00842,2.96951,0.788249,0.941908,0.018319,0,0.942086,1.78707,-1.12254,0,2.11038,1.01178,0.0262944,1.00334,0.934046,0.0181661,0,0.934223
3921,1.00634,2.96418,0.791068,0.942253,0.0406622,0,0.94313,-0.788975,0.855522,0,1.16379,1.00889,0.019849,1.00254,0.936321,0.0404062,0,0.937192
3922,1.03967,3.04859,0.743215,0.920688,0.0378246,0,0.921465,-0.42775,0.0216635,0,0.428299,1.0561,0.125217,1.0158,0.885556,0.0363813,0,0.886303
3923,1.02086,3.0011,0.77057,0.933795,0.0391045,0,0.934614,-0.661802,0.251925,0,0.70813,1.02931,0.0654258,1.00828,0.914714,0.0383055,0,0.915516
3924,1.00111,2.95096,0.798756,0.946182,0.0163623,0,0.946323,0.246909,-2.15386,0,2.16796,1.00148,0.00329849,1.00037,0.945134,0.0163442,0,0.945275
3925,1.01762,2.97943,0.726886,0.884006,0.00398867,0,0.884015,1.33563,0.0656158,0,1.33724,1.03818,0.0852291,1.02021,0.868701,0.00391961,0,0.86871
3926,1.01967,2.99847,0.773658,0.936787,0.0119781,0,0.936864,1.49689,-0.144919,0,1.50389,1.02723,0.0607862,1.00742,0.918719,0.0117471,0,0.918794
3927,1.02609,3.01439,0.763229,0.930609,0.0380977,0,0.931388,-0.591584,0.135107,0,0.606816,1.03667,0.081849,1.01031,0.906949,0.0371291,0,0.907708
3928,0.994417,2.93378,0.807778,0.949394,0.00147254,0,0.949395,1.482,1.51422,0,2.11877,0.992232,-0.0173399,0.997802,0.954724,0.00148081,0,0.954725
3929,1.0352,3.03675,0.747759,0.922488,0.0103104,0,0.922545,1.23919,-0.0329763,0,1.23963,1.05027,0.112209,1.01456,0.891122,0.00995982,0,0.891178
3930,1.00989,2.9611,0.742635,0.894428,0.00408493,0,0.894437,1.49295,0.146591,0,1.50013,1.026,0.0580384,1.01596,0.88567,0.00404494,0,0.88568
3931,0.983921,2.90707,0.822852,0.954045,0.0387079,0,0.954829,-0.329281,1.83343,0,1.86276,0.977508,-0.0502053,0.993482,0.969635,0.0393404,0,0.970433
3932,1.01887,2.99603,0.773304,0.935506,0.021415,0,0.935751,-0.7625,-0.534506,0,0.931184,1.02653,0.0592217,1.00752,0.918178,0.0210183,0,0.918419
3933,1.03602,3.02472,0.695524,0.86466,0.00355443,0,0.864668,1.15572,0.0249865,0,1.15599,1.06556,0.146333,1.02851,0.834596,0.00343084,0,0.834603
3934,0.995383,2.93626,0.806445,0.948032,0.0412548,0,0.948929,-0.635023,1.41824,0,1.55391,0.993573,-0.014345,0.998182,0.95243,0.0414461,0,0.953331
3935,0.979147,2.89466,0.828836,0.956259,0.0055829,0,0.956275,1.01933,2.11838,0,2.35087,0.971075,-0.064565,0.991756,0.976624,0.0057018,0,0.976641
3936,0.971154,2.87437,0.840715,0.960296,0.0133645,0,0.960389,0.613256,2.20109,0,2.28492,0.9598,-0.089732,0.988309,0.98882,0.0137614,0,0.988915
3937,1.01465,2.98532,0.779293,0.938133,0.0183459,0,0.938312,-0.785251,-0.917809,0,1.20789,1.02058,0.0459461,1.00585,0.924587,0.018081,0,0.924764
3938,1.00326,2.95639,0.795521,0.944834,0.0146527,0,0.944948,-0.0754332,-2.02242,0,2.02382,1.00455,0.0101545,1.00128,0.941764,0.0146051,0,0.941877
3939,1.04017,3.04856,0.73795,0.915952,0.0109913,0,0.916017,1.1878,-0.0260192,0,1.18809,1.05809,0.12966,1.01723,0.880579,0.0105668,0,0.880643
3940,1.01327,2.98181,0.781256,0.938979,0.0173825,0,0.93914,-0.763972,-1.07655,0,1.32008,1.01864,0.0416046,1.0053,0.926682,0.0171548,0,0.92684
3941,1.02978,3.02354,0.757262,0.928131,0.0103132,0,0.928188,1.30548,-0.0430686,0,1.30619,1.04209,0.093957,1.01196,0.90129,0.010015,0,0.901345
3942,1.016,2.98874,0.777363,0.937283,0.0193513,0,0.937483,-0.79064,-0.77597,0,1.10781,1.02249,0.0501966,1.00639,0.922524,0.0190465,0,0.92272
3943,0.976779,2.88886,0.8331,0.95767,0.0340013,0,0.958273,-0.0830727,2.02121,0,2.02292,0.96752,-0.0724989,0.990521,0.980436,0.0348096,0,0.981054
3944,1.04914,3.05504,0.665958,0.841487,0.00142778,0,0.841488,1.08916,0.015669,0,1.08927,1.08703,0.194258,1.03611,0.802073,0.0013609,0,0.802074
3945,1.01372,2.98296,0.780655,0.938058,0.0399816,0,0.93891,-0.752175,0.491091,0,0.898297,1.01926,0.042989,1.00547,0.925364,0.0394405,0,0.926204
3946,1.0648,3.1056,0.684133,0.875319,0.0109163,0,0.875387,1.06705,-0.00305846,0,1.06706,1.0983,0.219431,1.03146,0.822049,0.010252,0,0.822113
3947,1.02046,3.00008,0.771067,0.934517,0.0225578,0,0.934789,-0.736139,-0.433081,0,0.854084,1.02877,0.0642165,1.00814,0.915778,0.0221055,0,0.916045
3948,1.01601,2.98876,0.777363,0.93665,0.0397242,0,0.937492,-0.726704,0.40181,0,0.830391,1.0225,0.0502158,1.00639,0.921892,0.0390983,0,0.922721
3949,1.0222,3.0045,0.768636,0.933439,0.0237662,0,0.933741,-0.703574,-0.343585,0,0.782986,1.03121,0.0696686,1.00882,0.913166,0.02325,0,0.913462
3950,1.00034,2.94892,0.799607,0.946296,0.0189245,0,0.946486,0.627307,-2.19776,0,2.28554,1.00046,0.001033,1.00013,0.945979,0.0189181,0,0.946168
3951,1.02893,3.02161,0.759301,0.928907,0.037354,0,0.929658,-0.556227,0.0873783,0,0.563048,1.04065,0.0907409,1.0114,0.902792,0.0363038,0,0.903521
3952,1.03178,3.02878,0.755025,0.926816,0.0362617,0,0.927525,-0.521357,0.0470572,0,0.523476,1.04475,0.0998919,1.01257,0.898268,0.0351447,0,0.898955
3953,1.05826,3.08086,0.663155,0.845486,0.00792058,0,0.845523,1.06751,0.00289957,0,1.06751,1.09723,0.217039,1.03682,0.798937,0.00748449,0,0.798972
3954,1.00622,2.96383,0.79107,0.942809,0.0199454,0,0.94302,1.61293,-1.59729,0,2.27,1.00877,0.0195808,1.00254,0.936985,0.0198222,0,0.937195
3955,1.06574,3.11485,0.707542,0.903372,0.0122539,0,0.903455,1.07701,-0.0149945,0,1.07711,1.09277,0.207066,1.02535,0.847644,0.011498,0,0.847722
3956,1.01177,2.978,0.783391,0.939888,0.016402,0,0.940031,-0.716925,-1.25677,0,1.44688,1.01652,0.0368831,1.0047,0.928956,0.0162113,0,0.929097
3957,1.00889,2.97068,0.787438,0.9408,0.0404268,0,0.941668,-0.78762,0.718229,0,1.06593,1.01249,0.0278738,1.00356,0.932507,0.0400705,0,0.933368
3958,1.00747,2.96711,0.789589,0.942431,0.0191293,0,0.942625,1.73264,-1.34068,0,2.19077,1.01045,0.0233289,1.00296,0.935443,0.0189875,0,0.935635
3959,1.02605,3.01424,0.763131,0.930866,0.0265896,0,0.931246,-0.63074,-0.197307,0,0.66088,1.03666,0.0818233,1.01034,0.907234,0.0259145,0,0.907604
3960,1.01007,2.97368,0.785778,0.940873,0.0154322,0,0.941,-0.634709,-1.45459,0,1.58704,1.01414,0.0315672,1.00403,0.931492,0.0152783,0,0.931617
3961,1.00815,2.96878,0.788489,0.941975,0.0145645,0,0.942088,-0.506404,-1.64571,0,1.72186,1.01144,0.0255384,1.00327,0.934364,0.0144468,0,0.934476
3962,1.00922,2.97151,0.786999,0.941336,0.0176688,0,0.941502,1.8011,-0.938024,0,2.03072,1.01294,0.0288762,1.00369,0.932741,0.0175075,0,0.932905
3963,1.03034,3.0251,0.757021,0.927939,0.0299742,0,0.928423,-0.555362,-0.0884645,0,0.562364,1.04272,0.0953636,1.01202,0.900618,0.0290917,0,0.901088
3964,1.01532,2.98695,0.778143,0.937577,0.014611,0,0.937691,1.61957,-0.290439,0,1.6454,1.02158,0.0481672,1.00617,0.923434,0.0143905,0,0.923546
3965,1.00908,2.96218,0.755106,0.9072,0.00424088,0,0.90721,1.55768,0.215843,0,1.57256,1.02175,0.0485436,1.01255,0.899032,0.0042027,0,0.899042
3966,1.02248,3.00617,0.771641,0.937196,0.0109387,0,0.93726,1.44114,-0.0958818,0,1.44433,1.03064,0.0683935,1.00798,0.916591,0.0106982,0,0.916653
3967,1.01367,2.98291,0.780964,0.939078,0.0150935,0,0.939199,1.67892,-0.392557,0,1.7242,1.01912,0.0426893,1.00538,0.926412,0.0148899,0,0.926532
3968,1.00884,2.96803,0.778589,0.932178,0.00447127,0,0.932189,1.68105,0.407117,0,1.72965,1.01494,0.0333456,1.00604,0.924008,0.00443209,0,0.924019
3969,1.01225,2.97929,0.782971,0.939897,0.0156442,0,0.940027,1.72944,-0.506712,0,1.80214,1.01712,0.0382237,1.00482,0.928524,0.0154549,0,0.928653
3970,1.00781,2.96685,0.785183,0.93825,0.00433696,0,0.93826,1.73097,0.527358,0,1.80952,1.01204,0.0268743,1.0042,0.930979,0.00430335,0,0.930989
3971,1.01106,2.9762,0.784428,0.940335,0.0163374,0,0.940477,1.76818,-0.632608,0,1.87794,1.01552,0.0346333,1.00441,0.930051,0.0161588,0,0.930191
3972,1.02348,3.00778,0.766995,0.932322,0.0386508,0,0.933122,-0.626789,0.188643,0,0.654561,1.03296,0.0735826,1.00927,0.910935,0.0377642,0,0.911717
3973,1.02827,3.01992,0.760154,0.929569,0.0282693,0,0.929999,-0.593001,-0.139528,0,0.609194,1.03974,0.0887159,1.01116,0.904013,0.0274922,0,0.904431
3974,1.02407,3.00924,0.765997,0.932238,0.0250936,0,0.932576,-0.668088,-0.266328,0,0.719217,1.03385,0.0755498,1.00955,0.910326,0.0245037,0,0.910656
3975,1.0064,2.96404,0.789866,0.941911,0.00429799,0,0.941921,1.7696,0.665938,0,1.89076,1.0093,0.0207632,1.00288,0.935917,0.00427064,0,0.935927
3976,1.00469,2.96,0.793417,0.944061,0.00430248,0,0.944071,1.79011,0.832072,0,1.97404,1.00658,0.014679,1.00188,0.939655,0.00428239,0,0.939665
3977,1.00245,2.95433,0.796691,0.945408,0.00394499,0,0.945417,1.78325,1.03451,0,2.0616,1.0034,0.00760042,1.00095,0.943098,0.00393535,0,0.943106
3978,0.999905,2.94774,0.799923,0.9464,0.00403864,0,0.946409,1.73792,1.26906,0,2.15195,0.999941,-0.000130663,1.00004,0.94649,0.00403902,0,0.946499
3979,1.02495,3.01191,0.766285,0.933631,0.0105241,0,0.933691,1.38908,-0.0579063,0,1.39028,1.03465,0.0773486,1.00947,0.910905,0.0102679,0,0.910963
3980,1.01195,2.96501,0.734897,0.887826,0.00456986,0,0.887838,1.4307,0.0912199,0,1.43361,1.03022,0.0674445,1.01805,0.877344,0.0045159,0,0.877356
3981,0.99511,2.93558,0.806903,0.948384,0.0380192,0,0.949145,-0.732288,1.61822,0,1.7762,0.993171,-0.0152433,0.998052,0.953044,0.0382061,0,0.95381
3982,0.998926,2.9453,0.801475,0.946346,0.0379933,0,0.947108,-0.835412,1.38775,0,1.6198,0.998523,-0.00329784,0.999596,0.947363,0.0380342,0,0.948126
3983,1.00223,2.95374,0.79688,0.944656,0.0377693,0,0.945411,-0.898499,1.15431,0,1.46278,1.00313,0.00699302,1.0009,0.942552,0.0376851,0,0.943305
3984,1.00523,2.96141,0.792738,0.943739,0.0154243,0,0.943865,-0.332878,-2.11349,0,2.13954,1.00731,0.016328,1.00207,0.938826,0.015344,0,0.938951
3985,0.98902,2.9202,0.816041,0.952761,0.00435547,0,0.952771,1.2909,2.00587,0,2.38536,0.98451,-0.0345763,0.995439,0.963338,0.00440383,0,0.963348
3986,1.04085,3.03825,0.69345,0.86631,0.00634072,0,0.866333,1.14017,0.0113592,0,1.14022,1.07108,0.158669,1.02905,0.832311,0.00609187,0,0.832333
3987,0.990372,2.92353,0.813708,0.950935,0.0372532,0,0.951665,-0.574849,1.863,0,1.94967,0.986517,-0.0300965,0.996108,0.96018,0.0376154,0,0.960917
3988,1.04763,3.06327,0.712465,0.893643,0.0109079,0,0.893709,1.12904,-0.0107738,0,1.12909,1.07283,0.162564,1.02405,0.853014,0.010412,0,0.853078
3989,1.03594,3.03925,0.748919,0.923835,0.0349251,0,0.924495,-0.480549,-0.00301518,0,0.480559,1.05069,0.113157,1.01424,0.891784,0.0337135,0,0.892421
3990,1.00728,2.96662,0.789859,0.942565,0.0178219,0,0.942733,1.92433,-1.27265,0,2.30709,1.01018,0.0227292,1.00288,0.935753,0.0176931,0,0.93592
3991,1.01447,2.9717,0.732311,0.887205,0.00587842,0,0.887225,1.38833,0.0524646,0,1.38932,1.03349,0.074763,1.01875,0.874548,0.00579455,0,0.874568
3992,1.03614,3.03608,0.735537,0.909723,0.00995396,0,0.909777,1.21461,-0.014841,0,1.2147,1.05467,0.122022,1.01788,0.877992,0.00960677,0,0.878044
3993,1.01368,2.98285,0.780685,0.938178,0.0369466,0,0.938905,-0.835649,0.419002,0,0.934811,1.01921,0.042879,1.00546,0.925519,0.0364481,0,0.926236
3994,1.03167,3.01453,0.704889,0.871567,0.00547894,0,0.871584,1.1817,0.0177256,0,1.18184,1.05855,0.130682,1.02605,0.844814,0.00531077,0,0.844831
3995,1.04007,3.04399,0.722662,0.898713,0.00977044,0,0.898766,1.16809,-0.0113038,0,1.16814,1.06227,0.138985,1.02134,0.864089,0.00939402,0,0.86414
3996,1.0301,3.02118,0.745532,0.915492,0.00998847,0,0.915546,1.27405,-0.0190263,0,1.27419,1.04573,0.102071,1.01517,0.888737,0.00969657,0,0.88879
3997,1.02036,2.99986,0.771377,0.93433,0.0361499,0,0.935029,-0.713551,0.181965,0,0.736387,1.02858,0.0637855,1.00805,0.915688,0.0354287,0,0.916373
3998,1.0162,2.98926,0.777089,0.937111,0.0223882,0,0.937378,-0.882957,-0.571163,0,1.05159,1.02277,0.0508306,1.00646,0.922168,0.0220312,0,0.922431
3999,0.974424,2.88269,0.835908,0.958587,0.0197715,0,0.958791,0.393386,2.43321,0,2.46481,0.964393,-0.079479,0.989707,0.983747,0.0202905,0,0.983957
4000,0.978401,2.89313,0.831256,0.95754,0.029601,0,0.957998,-0.0203563,2.31152,0,2.31161,0.969649,-0.0677468,0.991055,0.978679,0.0302545,0,0.979146
4001,1.00799,2.96841,0.788833,0.942151,0.017112,0,0.942306,1.94629,-1.04185,0,2.2076,1.01118,0.0249649,1.00317,0.934685,0.0169764,0,0.934839
4002,1.0627,3.10086,0.689225,0.879523,0.0115268,0,0.879598,1.0758,-0.00426074,0,1.07581,1.09473,0.211461,1.03015,0.827632,0.0108467,0,0.827703
4003,1.00303,2.95587,0.796047,0.945156,0.0159211,0,0.94529,-0.00563593,-2.31222,0,2.31223,1.00417,0.00931652,1.00114,0.942297,0.0158729,0,0.942431
4004,1.00523,2.96136,0.792656,0.943555,0.0202125,0,0.943771,1.49588,-1.80928,0,2.34758,1.00733,0.0163638,1.00209,0.938649,0.0201074,0,0.938865
4005,1.00724,2.96649,0.789773,0.942476,0.0157983,0,0.942609,-0.569202,-1.88291,0,1.96706,1.01017,0.0227058,1.00291,0.935698,0.0156847,0,0.935829
4006,1.00144,2.95168,0.797854,0.94549,0.0193705,0,0.945688,0.882917,-2.41055,0,2.56715,1.00207,0.00460967,1.00062,0.944131,0.0193426,0,0.944329
4007,1.01267,2.97998,0.781011,0.938222,0.013729,0,0.938323,1.72379,-0.298169,0,1.74939,1.01811,0.0404182,1.00537,0.926481,0.0135572,0,0.92658
4008,1.02824,3.01961,0.759395,0.928566,0.0325768,0,0.929137,-0.585101,-0.0261906,0,0.585687,1.03993,0.0891225,1.01137,0.903066,0.0316822,0,0.903622
4009,1.0146,2.98523,0.77951,0.938422,0.0120736,0,0.9385,1.64834,-0.2036,0,1.66086,1.02047,0.0456978,1.00579,0.924917,0.0118998,0,0.924993
4010,1.04544,3.04706,0.676445,0.850612,0.0052101,0,0.850628,1.10258,0.0124802,0,1.10265,1.0804,0.17947,1.03344,0.813638,0.00498363,0,0.813653
4011,1.05328,3.07798,0.7059,0.890938,0.0110827,0,0.891007,1.10645,-0.00819116,0,1.10648,1.08045,0.179565,1.02579,0.845868,0.010522,0,0.845933
4012,1.02626,3.00125,0.714192,0.877388,0.00511184,0,0.877403,1.23501,0.0265761,0,1.2353,1.05047,0.112661,1.0236,0.85494,0.00498106,0,0.854955
4013,1.05402,3.06976,0.667892,0.84763,0.00656689,0,0.847656,1.07949,0.00643991,0,1.07951,1.09157,0.204389,1.03562,0.804188,0.00623033,0,0.804213
4014,1.02019,2.98617,0.724014,0.883063,0.00516147,0,0.883078,1.30169,0.0369104,0,1.30221,1.04159,0.0928315,1.02098,0.86559,0.00505934,0,0.865604
4015,1.0407,3.03674,0.689452,0.861629,0.00615878,0,0.861651,1.12898,0.0125374,0,1.12905,1.07201,0.160747,1.03009,0.827931,0.0059179,0,0.827952
4016,1.00869,2.97019,0.787777,0.941698,0.0164908,0,0.941842,1.93409,-0.849883,0,2.11258,1.01219,0.0272118,1.00347,0.933583,0.0163487,0,0.933726
4017,1.01496,2.98609,0.77885,0.937875,0.0214056,0,0.938119,-0.908673,-0.702849,0,1.14877,1.02102,0.0469127,1.00597,0.924055,0.0210902,0,0.924295
4018,1.00792,2.96355,0.77227,0.924572,0.00566231,0,0.92459,1.72756,0.311983,0,1.7555,1.01579,0.0352475,1.00781,0.917304,0.0056178,0,0.917321
4019,1.00498,2.96073,0.792995,0.943147,0.0376085,0,0.943897,-0.920577,0.952546,0,1.32469,1.00699,0.0155943,1.002,0.938475,0.0374221,0,0.93922
4020,1.00947,2.97216,0.786641,0.940622,0.0372668,0,0.94136,-0.898209,0.645285,0,1.10597,1.01329,0.0296761,1.00379,0.931796,0.0369171,0,0.932527
4021,1.01756,2.9927,0.775193,0.936288,0.0234082,0,0.936581,-0.848966,-0.457895,0,0.964578,1.02467,0.0550695,1.00699,0.920134,0.0230044,0,0.920421
4022,1.0252,3.00949,0.755138,0.921674,0.0102812,0,0.921731,1.35007,-0.0266983,0,1.35033,1.03805,0.0849435,1.01254,0.89902,0.0100285,0,0.899076
4023,1.02033,3.00065,0.774405,0.938225,0.0106366,0,0.938285,1.50651,-0.0777759,0,1.50852,1.02769,0.0618108,1.00721,0.919527,0.0104246,0,0.919587
4024,1.01906,2.99652,0.773104,0.935381,0.0245655,0,0.935703,-0.809099,-0.35586,0,0.883899,1.02677,0.0597612,1.00757,0.91789,0.0241062,0,0.918207
4025,1.01581,2.98827,0.777679,0.936931,0.0367163,0,0.93765,-0.797046,0.327907,0,0.861862,1.02221,0.0495727,1.0063,0.922347,0.0361448,0,0.923055
4026,0.994014,2.93295,0.809014,0.950286,0.00377133,0,0.950294,1.53555,1.74788,0,2.32659,0.991479,-0.0190205,0.99745,0.956009,0.00379404,0,0.956016
4027,1.00703,2.95687,0.757738,0.908178,0.00499587,0,0.908192,1.65078,0.213208,0,1.66449,1.01894,0.0422691,1.01183,0.90184,0.004961,0,0.901854
4028,0.984524,2.90867,0.822204,0.954109,0.0350509,0,0.954753,-0.34206,2.10548,0,2.13308,0.978291,-0.0484574,0.993669,0.969107,0.0356019,0,0.96976
4029,1.0116,2.97758,0.783646,0.939416,0.037107,0,0.940149,-0.869704,0.52145,0,1.01405,1.01628,0.0363493,1.00463,0.928641,0.0366814,0,0.929366
4030,0.977732,2.89092,0.830404,0.956422,0.0105967,0,0.956481,0.868079,2.414,0,2.56534,0.969228,-0.068688,0.991302,0.978205,0.010838,0,0.978265
4031,1.0138,2.98315,0.780501,0.938598,0.0204414,0,0.93882,-0.921008,-0.851945,0,1.25462,1.01938,0.0432691,1.00551,0.925822,0.0201632,0,0.926042
4032,1.01269,2.98033,0.782083,0.939281,0.0195363,0,0.939484,-0.918932,-1.01653,0,1.37031,1.01782,0.039771,1.00507,0.927514,0.0192915,0,0.927715
4033,1.02755,3.01803,0.760921,0.929537,0.0347944,0,0.930188,-0.586666,0.0258157,0,0.587234,1.0388,0.0866068,1.01095,0.904615,0.0338616,0,0.905249
4034,1.00134,2.9515,0.798253,0.945846,0.0177295,0,0.946012,0.407701,-2.43059,0,2.46455,1.00185,0.00413086,1.00051,0.944581,0.0177058,0,0.944747
4035,1.02522,3.01217,0.764367,0.931185,0.0350964,0,0.931846,-0.628362,0.0709007,0,0.632349,1.03547,0.0791806,1.01,0.908275,0.0342329,0,0.90892
4036,1.01155,2.97743,0.783705,0.939976,0.0185997,0,0.94016,-0.894768,-1.20695,0,1.50244,1.01621,0.0361854,1.00461,0.929247,0.0183874,0,0.929429
4037,1.00731,2.96667,0.789693,0.941844,0.0374275,0,0.942587,-0.916909,0.785606,0,1.20743,1.01026,0.0229064,1.00293,0.935007,0.0371558,0,0.935745
4038,1.00646,2.96446,0.790808,0.942786,0.0185688,0,0.942968,1.84246,-1.54814,0,2.40653,1.00909,0.0202857,1.00261,0.936738,0.0184496,0,0.93692
4039,1.02068,3.00065,0.770812,0.934358,0.0257883,0,0.934714,-0.765022,-0.268583,0,0.810799,1.02906,0.0648739,1.00821,0.915425,0.0252657,0,0.915773
4040,1.0103,2.97425,0.785471,0.940715,0.0176544,0,0.94088,-0.837556,-1.4229,0,1.65111,1.01445,0.0322633,1.00412,0.931129,0.0174745,0,0.931293
4041,1.00889,2.97067,0.787444,0.941523,0.0166709,0,0.941671,-0.732408,-1.65881,0,1.8133,1.01248,0.0278632,1.00356,0.933228,0.016524,0,0.933374
4042,1.02434,3.00991,0.76559,0.931932,0.0287526,0,0.932375,-0.67401,-0.127829,0,0.686025,1.03423,0.0764101,1.00966,0.909789,0.0280695,0,0.910222
4043,1.00706,2.95342,0.744885,0.894352,0.0050957,0,0.894367,1.57314,0.136521,0,1.57905,1.02251,0.0502515,1.01534,0.888082,0.00505997,0,0.888096
4044,1.01761,2.99378,0.778476,0.940103,0.0107919,0,0.940165,1.57447,-0.131501,0,1.57995,1.02379,0.0530984,1.00608,0.923838,0.0106052,0,0.923899
4045,0.997359,2.94132,0.803741,0.947982,0.00394251,0,0.94799,1.68826,1.472,0,2.23986,0.996314,-0.00822692,0.998952,0.950492,0.00395295,0,0.9505
4046,1.01138,2.97684,0.783323,0.939483,0.0146526,0,0.939597,1.79422,-0.409783,0,1.84042,1.01615,0.0360559,1.00472,0.928912,0.0144877,0,0.929024
4047,1.00769,2.96574,0.782468,0.935239,0.00625293,0,0.93526,1.79805,0.429027,0,1.84853,1.01269,0.0283225,1.00496,0.9281,0.0062052,0,0.928121
4048,1.01041,2.97453,0.785289,0.940668,0.0152327,0,0.940791,1.85488,-0.537018,0,1.93105,1.01462,0.0326302,1.00417,0.930978,0.0150758,0,0.9311
4049,1.02622,3.01468,0.762877,0.930638,0.030146,0,0.931126,-0.62878,-0.0737513,0,0.633091,1.0369,0.0823757,1.01041,0.906858,0.0293757,0,0.907333
4050,1.02278,3.00601,0.768001,0.932893,0.0357511,0,0.933578,-0.670828,0.121341,0,0.681714,1.03197,0.071369,1.00899,0.912118,0.034955,0,0.912787
4051,1.02245,3.00513,0.768313,0.933218,0.027185,0,0.933614,-0.720165,-0.193533,0,0.745716,1.03155,0.0704244,1.0089,0.912731,0.0265882,0,0.913119
4052,1.01804,2.99396,0.774591,0.935668,0.0365087,0,0.936379,-0.755963,0.250617,0,0.796422,1.02533,0.0565459,1.00716,0.919084,0.0358616,0,0.919783
4053,1.00653,2.96401,0.788416,0.940484,0.00624411,0,0.940504,1.8591,0.566312,0,1.94344,1.00984,0.021972,1.00329,0.934378,0.00620358,0,0.934399
4054,1.00951,2.97229,0.786678,0.941303,0.0158501,0,0.941436,1.90196,-0.683804,0,2.02115,1.01333,0.0297439,1.00378,0.932434,0.0157008,0,0.932566
4055,1.00509,2.96088,0.792352,0.943303,0.00619436,0,0.943323,1.90525,0.733523,0,2.04158,1.00728,0.0162537,1.00218,0.938524,0.00616298,0,0.938544
4056,1.00334,2.95661,0.795467,0.944951,0.0060668,0,0.94497,1.92934,0.938126,0,2.14533,1.00465,0.0103739,1.0013,0.941801,0.00604658,0,0.94182
4057,1.0013,2.9513,0.797943,0.94563,0.00620993,0,0.945651,1.91872,1.18235,0,2.25376,1.0019,0.00424306,1.0006,0.944401,0.00620186,0,0.944421
4058,1.02024,2.99731,0.763574,0.926395,0.010678,0,0.926457,1.44447,-0.0366383,0,1.44494,1.03066,0.068447,1.01022,0.908016,0.0104661,0,0.908076
4059,1.009,2.95763,0.739502,0.89023,0.00641245,0,0.890253,1.49899,0.0771232,0,1.50097,1.02596,0.0579392,1.01681,0.88229,0.00635526,0,0.882313
4060,0.986519,2.91356,0.818674,0.953033,0.0079121,0,0.953066,1.21565,2.33932,0,2.63633,0.981275,-0.0417971,0.994684,0.966056,0.00802021,0,0.96609
4061,1.0297,3.01562,0.729809,0.897719,0.00904546,0,0.897764,1.24441,-0.000673671,0,1.24441,1.0497,0.110943,1.01942,0.871824,0.00878454,0,0.871868
4062,1.01279,2.9806,0.781924,0.939154,0.02209,0,0.939414,-1.05226,-0.766028,0,1.30156,1.01797,0.0401138,1.00511,0.92729,0.0218109,0,0.927546
4063,0.994899,2.93508,0.807323,0.948729,0.0351851,0,0.949381,-0.8331,1.85608,0,2.03448,0.992842,-0.0159787,0.997932,0.953593,0.0353655,0,0.954249
4064,0.97834,2.89238,0.829214,0.955735,0.0160136,0,0.95587,0.642339,2.71032,0,2.78539,0.970167,-0.0665916,0.991646,0.976895,0.0163681,0,0.977032
4065,1.00411,2.95859,0.794463,0.94441,0.0204846,0,0.944632,1.34847,-2.00462,0,2.41596,1.0057,0.0127225,1.00158,0.940544,0.0204008,0,0.940766
4066,0.990474,2.92384,0.813752,0.951188,0.0343561,0,0.951808,-0.627415,2.14645,0,2.23627,0.986606,-0.0298975,0.996095,0.960336,0.0346865,0,0.960963
4067,1.03762,3.03145,0.703122,0.874579,0.0079463,0,0.874615,1.15975,0.0047015,0,1.15976,1.06514,0.145396,1.02652,0.842869,0.00765819,0,0.842904
4068,1.00296,2.95558,0.795764,0.944714,0.0199916,0,0.944926,1.19655,-2.38533,0,2.66862,1.00418,0.00933883,1.00122,0.941922,0.0199325,0,0.942133
4069,1.02383,3.00113,0.739541,0.903335,0.00942962,0,0.903384,1.31288,-0.00196724,0,1.31288,1.04103,0.0915841,1.0168,0.882306,0.00921011,0,0.882354
4070,1.0246,2.99944,0.725297,0.88829,0.00753352,0,0.888322,1.26998,0.0131988,0,1.27005,1.04574,0.102106,1.02063,0.866961,0.00735263,0,0.866992
4071,1.03123,3.01608,0.715189,0.882745,0.00744779,0,0.882776,1.20994,0.00786625,0,1.20997,1.05529,0.123425,1.02333,0.856008,0.0072222,0,0.856038
4072,1.00641,2.96438,0.791026,0.943006,0.0167258,0,0.943155,-0.619772,-2.17113,0,2.25786,1.00898,0.0200404,1.00255,0.937002,0.0166193,0,0.93715
4073,1.00569,2.96254,0.791966,0.943286,0.0191381,0,0.94348,1.75278,-1.78771,0,2.50363,1.00799,0.0178457,1.00229,0.937946,0.0190297,0,0.938139
4074,1.01352,2.97165,0.742324,0.897272,0.00838508,0,0.897311,1.44847,0.0337188,0,1.44886,1.02977,0.0664555,1.01604,0.885307,0.00827327,0,0.885346
4075,1.00374,2.95756,0.794739,0.943923,0.0350046,0,0.944572,-1.06921,1.0709,0,1.51329,1.00525,0.0117124,1.0015,0.940409,0.0348743,0,0.941055
4076,1.01907,2.98585,0.734748,0.893892,0.00783919,0,0.893926,1.3477,0.0204333,0,1.34786,1.03751,0.0837284,1.01809,0.877161,0.00769248,0,0.877195
4077,1.04382,3.05129,0.709431,0.886968,0.00905593,0,0.887015,1.14528,-0.00087822,0,1.14528,1.06976,0.155722,1.02486,0.849734,0.00867577,0,0.849779
4078,1.01161,2.9776,0.78363,0.939502,0.0345751,0,0.940138,-0.959567,0.434694,0,1.05344,1.0163,0.0363736,1.00463,0.92872,0.0341783,0,0.929349
4079,0.993143,2.93059,0.809779,0.950236,0.0060319,0,0.950255,1.57431,2.02963,0,2.56863,0.990394,-0.0214429,0.997231,0.956797,0.00607354,0,0.956816
4080,1.02489,3.01126,0.764578,0.931215,0.0323856,0,0.931778,-0.658198,-0.00154533,0,0.6582,1.03508,0.0783036,1.00994,0.908597,0.031599,0,0.909146
4081,1.00782,2.96795,0.78897,0.942127,0.0175637,0,0.94229,-0.831187,-1.90222,0,2.07589,1.01097,0.0244937,1.00313,0.93482,0.0174275,0,0.934983
4082,1.01879,2.9889,0.748716,0.908919,0.00974449,0,0.908971,1.39862,-0.00565798,0,1.39863,1.03336,0.0744674,1.0143,0.892152,0.00956473,0,0.892203
4083,1.0036,2.94392,0.74722,0.893785,0.00639963,0,0.893808,1.66485,0.121318,0,1.66926,1.01836,0.0409863,1.01471,0.890577,0.00637666,0,0.8906
4084,1.0053,2.95622,0.773681,0.923659,0.00698021,0,0.923685,1.84853,0.318874,0,1.87583,1.01275,0.0284564,1.00741,0.918792,0.00694343,0,0.918819
4085,1.01353,2.98247,0.78092,0.938386,0.0344253,0,0.939017,-0.911861,0.33298,0,0.970755,1.01899,0.042392,1.00539,0.925862,0.0339658,0,0.926485
4086,0.998333,2.9438,0.802351,0.946804,0.0353458,0,0.947463,-0.961242,1.58236,0,1.85144,0.997682,-0.00517507,0.999347,0.948384,0.0354048,0,0.949045
4087,1.00123,2.95117,0.798273,0.945273,0.0351813,0,0.945928,-1.03709,1.317,0,1.67632,1.00173,0.00386692,1.0005,0.944114,0.0351382,0,0.944768
4088,1.00784,2.96802,0.788959,0.941662,0.0347797,0,0.942304,-1.03957,0.697853,0,1.25208,1.011,0.0245613,1.00314,0.934334,0.034509,0,0.934971
4089,1.00362,2.94695,0.758047,0.905431,0.00572411,0,0.905449,1.75764,0.209372,0,1.77006,1.0154,0.0343828,1.01174,0.902165,0.00570346,0,0.902183
4090,1.00626,2.96398,0.791151,0.942986,0.0174584,0,0.943148,2.06926,-1.46563,0,2.53573,1.00879,0.0196286,1.00252,0.93712,0.0173498,0,0.937281
4091,1.01633,2.99086,0.781399,0.94206,0.0114452,0,0.94213,1.6638,-0.113869,0,1.6677,1.02167,0.0483808,1.00526,0.926923,0.0112613,0,0.926991
4092,1.03533,3.02995,0.722053,0.893941,0.00930713,0,0.893989,1.19156,-0.000568129,0,1.19156,1.05759,0.128556,1.0215,0.863435,0.00898953,0,0.863482
4093,1.01626,2.98942,0.777072,0.937077,0.0250277,0,0.937411,-0.928125,-0.368159,0,0.998478,1.02283,0.050966,1.00647,0.922084,0.0246273,0,0.922412
4094,1.01383,2.98324,0.780447,0.938511,0.0230215,0,0.938794,-1.02045,-0.612668,0,1.19024,1.01943,0.0433778,1.00552,0.925707,0.0227074,0,0.925985
4095,0.979395,2.89522,0.82825,0.955599,0.0248783,0,0.955923,0.108127,2.63888,0,2.6411,0.971487,-0.0636455,0.991925,0.975703,0.0254017,0,0.976034
4096,1.00683,2.96548,0.790466,0.942811,0.0168115,0,0.942961,2.10958,-1.17384,0,2.41417,1.00956,0.0213495,1.00271,0.936411,0.0166974,0,0.936559
4097,1.06149,3.10066,0.701235,0.892465,0.0121411,0,0.892548,1.08592,-0.0085546,0,1.08595,1.09017,0.201262,1.02701,0.840767,0.0114378,0,0.840844
4098,1.00463,2.95992,0.793724,0.944201,0.0164197,0,0.944344,-0.303736,-2.43429,0,2.45317,1.00644,0.0143638,1.00179,0.939846,0.016344,0,0.939988
4099,1.00262,2.95471,0.79628,0.944988,0.017072,0,0.945142,0.124572,-2.6384,0,2.64134,1.00369,0.00823747,1.00107,0.942521,0.0170274,0,0.942675
4100,1.00174,2.95243,0.797373,0.945286,0.0184252,0,0.945466,0.657398,-2.70713,0,2.7858,1.0025,0.00558757,1.00076,0.943644,0.0183932,0,0.943823
4101,1.04571,3.05135,0.689471,0.865779,0.00814717,0,0.865817,1.11639,0.00681233,0,1.11642,1.07716,0.172241,1.03008,0.827936,0.00779107,0,0.827973
4102,1.05194,3.06723,0.681037,0.861171,0.0099661,0,0.861229,1.09238,0.00342448,0,1.09238,1.08587,0.191681,1.03226,0.818654,0.00947406,0,0.818709
4103,1.00741,2.96692,0.789584,0.942423,0.0161286,0,0.94256,2.09701,-0.935898,0,2.29638,1.01039,0.0231895,1.00296,0.935493,0.0160101,0,0.93563
4104,0.999596,2.94707,0.800769,0.946983,0.00623089,0,0.947004,1.89589,1.39875,0,2.35604,0.999393,-0.00135593,0.999796,0.947366,0.00623341,0,0.947386
4105,1.01394,2.98478,0.784813,0.943496,0.011499,0,0.943566,1.75332,-0.197218,0,1.76438,1.0183,0.04084,1.0043,0.930528,0.0113409,0,0.930598
4106,1.01767,2.99302,0.775087,0.936208,0.02622,0,0.936575,-0.874691,-0.267965,0,0.914817,1.02482,0.0554003,1.00702,0.919949,0.0257646,0,0.920309
4107,0.984762,2.90923,0.821712,0.953966,0.0313064,0,0.95448,-0.321945,2.42824,0,2.44948,0.978666,-0.0476201,0.99381,0.968728,0.0317908,0,0.969249
4108,1.00973,2.97281,0.786294,0.940589,0.0346828,0,0.941228,-1.00259,0.55606,0,1.14647,1.01365,0.0304671,1.00388,0.931528,0.0343487,0,0.932161
4109,1.01498,2.98617,0.778842,0.937829,0.0239847,0,0.938136,-0.977328,-0.481109,0,1.08933,1.02105,0.0469783,1.00597,0.923984,0.0236306,0,0.924286
4110,1.00589,2.96306,0.791703,0.942744,0.0348668,0,0.943388,-1.06463,0.865871,0,1.37228,1.00827,0.0184573,1.00236,0.937221,0.0346626,0,0.937861
4111,1.01184,2.97819,0.78328,0.939743,0.0212272,0,0.939983,-1.07089,-0.936139,0,1.42238,1.01663,0.0371247,1.00473,0.928742,0.0209787,0,0.928979
4112,1.01093,2.97587,0.784578,0.940298,0.0203712,0,0.940518,-1.07088,-1.13255,0,1.55867,1.01534,0.0342504,1.00437,0.930132,0.0201509,0,0.93035
4113,1.01987,2.99862,0.772137,0.934797,0.033586,0,0.9354,-0.759779,0.104022,0,0.766867,1.02786,0.0621946,1.00784,0.916589,0.0329318,0,0.917181
4114,1.01553,2.98757,0.778127,0.937247,0.0342455,0,0.937872,-0.861407,0.244132,0,0.895334,1.0218,0.0486583,1.00617,0.922914,0.0337217,0,0.92353
4115,1.00999,2.97348,0.785908,0.940861,0.0194814,0,0.941063,-1.04165,-1.36142,0,1.7142,1.01402,0.0313026,1.00399,0.931555,0.0192887,0,0.931754
4116,1.00897,2.97089,0.787341,0.941455,0.0185541,0,0.941638,-0.972114,-1.62426,0,1.89295,1.01259,0.0281136,1.00359,0.933084,0.0183891,0,0.933266
4117,1.01529,2.98475,0.770581,0.92946,0.011509,0,0.929531,1.58078,-0.0536753,0,1.58169,1.0237,0.0528936,1.00828,0.915458,0.0113356,0,0.915528
4118,0.996844,2.94016,0.805022,0.94882,0.00569385,0,0.948837,1.78698,1.70685,0,2.47116,0.995436,-0.0101883,0.998588,0.951824,0.00571188,0,0.951841
4119,1.01139,2.97738,0.785177,0.941492,0.01317,0,0.941584,1.84268,-0.301174,0,1.86713,1.01563,0.0348976,1.0042,0.930891,0.0130218,0,0.930982
4120,1.00982,2.97299,0.78599,0.940878,0.0143182,0,0.940987,1.92605,-0.425016,0,1.97239,1.01382,0.0308592,1.00397,0.931732,0.0141791,0,0.93184
4121,1.02276,3.0059,0.767749,0.932789,0.0305722,0,0.93329,-0.709933,-0.0518307,0,0.711822,1.03203,0.0714939,1.00906,0.912029,0.0298918,0,0.912519
4122,1.0223,3.00477,0.768567,0.933169,0.0331536,0,0.933758,-0.707785,0.0471302,0,0.709352,1.03133,0.0699387,1.00883,0.912812,0.0324303,0,0.913388
4123,1.02085,3.00106,0.770488,0.934069,0.0289632,0,0.934518,-0.765355,-0.112726,0,0.773612,1.02933,0.0654583,1.0083,0.91499,0.0283717,0,0.91543
4124,1.01922,2.99696,0.772909,0.935242,0.0275093,0,0.935647,-0.820049,-0.184764,0,0.840606,1.027,0.0602648,1.00763,0.917602,0.0269905,0,0.917999
4125,1.01764,2.99296,0.775265,0.936114,0.0340072,0,0.936732,-0.810473,0.169516,0,0.828011,1.02473,0.0552023,1.00697,0.919891,0.0334178,0,0.920498
4126,1.00608,2.9618,0.785312,0.936756,0.00780621,0,0.936788,1.93296,0.451253,0,1.98493,1.01027,0.0229212,1.00416,0.931092,0.00775901,0,0.931124
4127,1.00883,2.97048,0.787419,0.941466,0.0149329,0,0.941584,1.99826,-0.571969,0,2.0785,1.01243,0.0277354,1.00357,0.93323,0.0148023,0,0.933347
4128,1.00534,2.96129,0.791244,0.94235,0.00788477,0,0.942383,2.00602,0.61574,0,2.09839,1.00784,0.017508,1.00249,0.937345,0.0078429,0,0.937378
4129,1.00805,2.96855,0.78863,0.942025,0.0154938,0,0.942153,2.05645,-0.74007,0,2.18556,1.01131,0.0252431,1.00323,0.934498,0.01537,0,0.934624
4130,1.00391,2.95801,0.794542,0.944492,0.00768804,0,0.944523,2.06202,0.818782,0,2.21863,1.00547,0.0122168,1.00156,0.940816,0.00765812,0,0.940848
4131,1.00218,2.95357,0.796785,0.945232,0.00795002,0,0.945266,2.08884,1.0674,0,2.34576,1.00311,0.00694828,1.00093,0.943171,0.00793269,0,0.943205
4132,1.01471,2.97913,0.756724,0.913955,0.0106871,0,0.914017,1.50654,-0.0103841,0,1.50658,1.02699,0.0602415,1.0121,0.900709,0.0105322,0,0.900771
4133,1.00813,2.95755,0.748468,0.899149,0.00888061,0,0.899192,1.57638,0.0564989,0,1.57739,1.02262,0.0504814,1.01437,0.891895,0.00880897,0,0.891938
4134,0.989991,2.92241,0.813711,0.950792,0.0311675,0,0.951302,-0.658432,2.48654,0,2.57224,0.986137,-0.0309432,0.996107,0.960404,0.0314826,0,0.96092
4135,0.995911,2.93759,0.805668,0.948591,0.00771866,0,0.948622,1.87357,1.99535,0,2.73709,0.994321,-0.0126767,0.998404,0.952486,0.00775035,0,0.952518
4136,1.00279,2.95512,0.795999,0.944959,0.00934884,0,0.945005,2.24297,0.925019,0,2.42623,1.00394,0.00879047,1.00115,0.942333,0.00932286,0,0.942379
4137,1.00463,2.95983,0.793495,0.943529,0.0326964,0,0.944095,-1.23294,0.964674,0,1.56548,1.00649,0.0144897,1.00186,0.939183,0.0325458,0,0.939747
4138,1.00265,2.95479,0.796269,0.94459,0.0328172,0,0.94516,-1.23373,1.21752,0,1.73333,1.00372,0.00831153,1.00107,0.942094,0.0327305,0,0.942663
4139,1.00641,2.96438,0.790983,0.942546,0.0326442,0,0.943112,-1.20144,0.75959,0,1.42142,1.00899,0.0200723,1.00256,0.936542,0.0324362,0,0.937104
4140,1.00944,2.97241,0.787836,0.942515,0.0129868,0,0.942604,1.97834,-0.299836,0,2.00093,1.01293,0.0288518,1.00345,0.933699,0.0128654,0,0.933787
4141,1.01175,2.97794,0.783401,0.939733,0.0233791,0,0.940023,-1.17603,-0.660373,0,1.34876,1.0165,0.0368329,1.0047,0.92882,0.0231077,0,0.929107
4142,1.0138,2.98318,0.780561,0.938548,0.0252801,0,0.938889,-1.06293,-0.376626,0,1.12769,1.01937,0.0432398,1.00549,0.92577,0.0249359,0,0.926105
4143,1.0109,2.97579,0.784619,0.940264,0.0225407,0,0.940534,-1.21698,-0.834066,0,1.47537,1.0153,0.0341591,1.00436,0.930126,0.0222977,0,0.930393
4144,0.981909,2.90195,0.825766,0.955613,0.0211879,0,0.955848,0.333744,2.98487,0,3.00347,0.974685,-0.0565073,0.992642,0.973219,0.0215783,0,0.973459
4145,1.00317,2.94645,0.760986,0.908159,0.00759949,0,0.908191,1.87998,0.200292,0,1.89062,1.01414,0.0315598,1.01093,0.905287,0.00757545,0,0.905318
4146,1.00239,2.9541,0.796516,0.944977,0.0192751,0,0.945174,1.03605,-2.71326,0,2.90434,1.00339,0.00757398,1.001,0.942727,0.0192292,0,0.942923
4147,1.0025,2.95442,0.796472,0.94507,0.017749,0,0.945237,0.350966,-2.98303,0,3.0036,1.00352,0.00785966,1.00102,0.942711,0.0177047,0,0.942877
4148,1.0041,2.95334,0.776007,0.925022,0.00811385,0,0.925058,1.98765,0.32326,0,2.01377,1.01089,0.0243043,1.00676,0.921249,0.00808075,0,0.921284
4149,1.01331,2.98192,0.781262,0.938624,0.0323434,0,0.939181,-0.980201,0.235421,0,1.00808,1.01867,0.041684,1.0053,0.926297,0.0319186,0,0.926847
4150,0.994663,2.9345,0.80775,0.949037,0.0327264,0,0.949601,-0.929424,2.14235,0,2.33527,0.992485,-0.0167736,0.99781,0.954129,0.032902,0,0.954696
4151,1.0078,2.96791,0.788995,0.94211,0.0191365,0,0.942304,-1.10562,-1.86666,0,2.16952,1.01095,0.0244457,1.00313,0.934817,0.0189884,0,0.93501
4152,0.997895,2.9427,0.80305,0.947201,0.0330465,0,0.947778,-1.09826,1.81336,0,2.12001,0.997045,-0.00659641,0.999148,0.9492,0.0331162,0,0.949777
4153,1.00506,2.96102,0.793165,0.943953,0.0195014,0,0.944155,1.62237,-2.03169,0,2.59997,1.00702,0.015672,1.00195,0.9392,0.0194032,0,0.9394
4154,1.00687,2.96555,0.790354,0.942697,0.0181752,0,0.942872,-0.922329,-2.19144,0,2.37763,1.00963,0.0214948,1.00274,0.936267,0.0180512,0,0.936441
4155,1.01048,2.97503,0.786313,0.941869,0.0122302,0,0.941948,1.87303,-0.184707,0,1.88211,1.0144,0.0321395,1.00388,0.932102,0.0121034,0,0.932181
4156,1.0008,2.9501,0.798975,0.946222,0.00802203,0,0.946256,2.09767,1.29208,0,2.46367,1.0011,0.00245743,1.00031,0.94547,0.00801566,0,0.945504
4157,1.00503,2.95952,0.788203,0.938825,0.00921834,0,0.938871,2.08839,0.480681,0,2.143,1.00839,0.0187335,1.00335,0.934129,0.00917222,0,0.934174
4158,0.983679,2.90614,0.822104,0.953768,0.0109593,0,0.953831,1.04815,2.70036,0,2.89665,0.977479,-0.0502692,0.993697,0.969593,0.0111411,0,0.969657
4159,1.00418,2.95872,0.794178,0.944195,0.0195888,0,0.944398,1.50222,-2.28663,0,2.73594,1.00585,0.0130653,1.00166,0.940263,0.0195072,0,0.940465
4160,0.990759,2.92442,0.812833,0.951104,0.00744213,0,0.951133,1.41252,2.25736,0,2.66287,0.987151,-0.0286817,0.996358,0.959975,0.00751154,0,0.960005
4161,1.01502,2.98627,0.778869,0.937823,0.0263833,0,0.938194,-0.99899,-0.266022,0,1.0338,1.02107,0.0470336,1.00597,0.923949,0.025993,0,0.924315
4162,1.00044,2.94917,0.799412,0.945804,0.0329516,0,0.946378,-1.19292,1.50506,0,1.92049,1.00062,0.00138438,1.00018,0.94539,0.0329371,0,0.945963
4163,1.00575,2.96269,0.791899,0.943288,0.0180158,0,0.94346,2.0133,-1.7244,0,2.65083,1.00807,0.0180093,1.00231,0.937897,0.0179129,0,0.938068
4164,1.01151,2.97736,0.78378,0.939648,0.0324572,0,0.940208,-1.04148,0.334231,0,1.09379,1.01616,0.0360638,1.00459,0.928953,0.0320878,0,0.929507
4165,1.01271,2.98039,0.782051,0.939158,0.0243046,0,0.939472,-1.12371,-0.505977,0,1.23237,1.01785,0.0398466,1.00508,0.92737,0.0239996,0,0.92768
4166,1.0081,2.96868,0.788603,0.941602,0.0326156,0,0.942166,-1.15443,0.592179,0,1.29745,1.01136,0.0253618,1.00324,0.934035,0.0323535,0,0.934596
4167,1.00582,2.96286,0.791802,0.943275,0.0166189,0,0.943421,2.28789,-1.34715,0,2.65504,1.00816,0.0182226,1.00233,0.937821,0.0165228,0,0.937966
4168,1.00563,2.96241,0.792199,0.943502,0.0174235,0,0.943663,-0.636252,-2.51227,0,2.59159,1.00786,0.0175483,1.00222,0.938224,0.017326,0,0.938384
4169,1.00402,2.95829,0.794349,0.944271,0.0171619,0,0.944427,-0.2166,-2.80289,0,2.81125,1.00564,0.012596,1.00162,0.940491,0.0170931,0,0.940646
4170,1.00631,2.96415,0.791252,0.943164,0.015996,0,0.943299,2.28334,-1.04536,0,2.51125,1.00881,0.0196702,1.00249,0.937252,0.0158958,0,0.937387
4171,1.00412,2.94792,0.756252,0.903926,0.00954525,0,0.903976,1.77043,0.102972,0,1.77343,1.01641,0.0366186,1.01223,0.900216,0.00950608,0,0.900266
4172,1.0108,2.97335,0.777063,0.932283,0.0122217,0,0.932364,1.76687,-0.092924,0,1.76931,1.01734,0.0387004,1.00647,0.922324,0.0120911,0,0.922403
4173,0.98509,2.90992,0.820705,0.953352,0.0281393,0,0.953767,-0.23673,2.79861,0,2.8086,0.979278,-0.0462543,0.9941,0.967781,0.0285652,0,0.968203
4174,1.00978,2.97294,0.786221,0.940634,0.0325496,0,0.941198,-1.10071,0.452971,0,1.19027,1.01372,0.0306278,1.00391,0.931526,0.0322344,0,0.932084
4175,1.01012,2.9738,0.785727,0.940737,0.0217421,0,0.940988,-1.2422,-1.03435,0,1.61646,1.0142,0.0317045,1.00404,0.931314,0.0215243,0,0.931562
4176,1.01935,2.99722,0.772529,0.934842,0.030911,0,0.935352,-0.797805,-0.00789296,0,0.797844,1.02723,0.0607892,1.00773,0.917095,0.0303242,0,0.917596
4177,1.00938,2.97192,0.786784,0.941191,0.0209229,0,0.941423,-1.24292,-1.27083,0,1.77759,1.01316,0.0293711,1.00375,0.932448,0.0207286,0,0.932679
4178,1.00861,2.96997,0.787855,0.941636,0.0200855,0,0.94185,-1.20728,-1.54585,0,1.96142,1.01209,0.026982,1.00345,0.933596,0.019914,0,0.933808
4179,1.00901,2.96384,0.76184,0.914322,0.0116882,0,0.914397,1.65711,0.00348109,0,1.65711,1.0198,0.0442074,1.0107,0.906155,0.0115838,0,0.906229
4180,1.01633,2.98959,0.776968,0.936956,0.0275984,0,0.937363,-0.932334,-0.170566,0,0.947807,1.02293,0.0511858,1.0065,0.921903,0.027155,0,0.922303
4181,1.01524,2.98688,0.778679,0.93765,0.03212,0,0.9382,-0.918442,0.150508,0,0.930692,1.02135,0.0476636,1.00602,0.923572,0.0316377,0,0.924114
4182,1.01768,2.99299,0.774916,0.935952,0.028857,0,0.936397,-0.866618,-0.0926241,0,0.871554,1.02488,0.0555245,1.00707,0.919691,0.0283556,0,0.920128
4183,1.01716,2.99174,0.775946,0.936483,0.0318923,0,0.937026,-0.857745,0.0805598,0,0.86152,1.02406,0.0536973,1.00678,0.920686,0.0313543,0,0.921219
4184,1.00826,2.96905,0.788266,0.941848,0.0142112,0,0.941956,2.07684,-0.442141,0,2.12338,1.01162,0.025928,1.00333,0.934134,0.0140949,0,0.934241
4185,0.99892,2.94545,0.802098,0.947724,0.00772458,0,0.947755,2.03596,1.62156,0,2.6028,0.99834,-0.00370646,0.999419,0.948748,0.00773293,0,0.94878
4186,1.00746,2.967,0.789338,0.942231,0.0149248,0,0.942349,2.16351,-0.608889,0,2.24756,1.01051,0.0234631,1.00303,0.935253,0.0148143,0,0.935371
4187,1.00427,2.95887,0.793774,0.944009,0.00937684,0,0.944056,2.17696,0.677834,0,2.28005,1.00606,0.0135185,1.00178,0.939994,0.00933696,0,0.94004
4188,1.00687,2.96557,0.790449,0.942849,0.0153939,0,0.942974,2.2347,-0.805258,0,2.37536,1.0096,0.0214352,1.00272,0.936417,0.0152889,0,0.936541
4189,0.993337,2.93092,0.808913,0.949504,0.00851072,0,0.949542,1.72626,2.27605,0,2.85663,0.990833,-0.0204626,0.997479,0.955872,0.00856781,0,0.955911
4190,1.01268,2.98034,0.782194,0.939225,0.0263658,0,0.939595,-1.13863,-0.259079,0,1.16773,1.01778,0.0396818,1.00504,0.927466,0.0260357,0,0.927831
4191,1.00925,2.97158,0.786965,0.941217,0.0227912,0,0.941493,-1.40562,-0.912037,0,1.67558,1.01298,0.0289642,1.0037,0.932595,0.0225824,0,0.932869
4192,0.983412,2.90579,0.823632,0.954801,0.0251509,0,0.955133,0.0687484,3.00601,0,3.0068,0.976781,-0.051828,0.993257,0.970907,0.0255751,0,0.971244
4193,1.00018,2.94864,0.800186,0.946902,0.00938514,0,0.946948,2.27528,1.49587,0,2.72297,1.00015,0.00032478,0.999962,0.946728,0.00938342,0,0.946774
4194,0.994389,2.9337,0.807766,0.948869,0.0304187,0,0.949356,-1.0161,2.48936,0,2.68875,0.992207,-0.0173943,0.997806,0.954222,0.0305903,0,0.954713
4195,1.01378,2.98311,0.780511,0.938413,0.0274948,0,0.938816,-1.05955,-0.152735,0,1.0705,1.01937,0.0432272,1.00551,0.925655,0.027121,0,0.926052
4196,0.999601,2.93641,0.762626,0.906663,0.00877583,0,0.906705,2.02035,0.186007,0,2.02889,1.01008,0.0224896,1.01048,0.907024,0.00877933,0,0.907067
4197,1.00241,2.95421,0.79662,0.945125,0.018635,0,0.945309,0.783227,-3.06156,0,3.16016,1.00339,0.00756906,1.00097,0.942849,0.0185902,0,0.943032
4198,1.00464,2.95989,0.793571,0.943997,0.0187833,0,0.944184,1.79426,-2.26848,0,2.8923,1.00648,0.0144659,1.00184,0.939641,0.0186966,0,0.939827
4199,1.00352,2.957,0.795061,0.944199,0.0308798,0,0.944704,-1.42143,1.09051,0,1.79156,1.00493,0.0110138,1.00141,0.940891,0.0307716,0,0.941394
4200,1.00308,2.95589,0.795619,0.944722,0.0173952,0,0.944883,0.0915169,-3.0059,0,3.00729,1.00434,0.00969145,1.00126,0.941821,0.0173418,0,0.941981
4201,1.00338,2.95664,0.795134,0.944459,0.0193416,0,0.944658,1.40363,-2.63631,0,2.98669,1.00478,0.010678,1.00139,0.941274,0.0192764,0,0.941471
4202,1.00984,2.97357,0.787742,0.942797,0.0124553,0,0.94288,2.00862,-0.166408,0,2.0155,1.01336,0.0298142,1.00348,0.933606,0.0123338,0,0.933688
4203,0.990009,2.92266,0.814433,0.951616,0.0292103,0,0.952064,-0.632197,2.89205,0,2.96034,0.98595,-0.0313606,0.995901,0.961219,0.0295051,0,0.961672
4204,0.98321,2.90516,0.823518,0.954698,0.0152543,0,0.95482,0.780292,3.06082,0,3.15872,0.976613,-0.0522042,0.99329,0.971002,0.0155148,0,0.971125
4205,1.00569,2.96252,0.791941,0.943321,0.0154169,0,0.943447,2.4405,-0.888551,0,2.59723,1.008,0.0178466,1.0023,0.937987,0.0153297,0,0.938112
4206,1.00974,2.97284,0.786283,0.940724,0.0307719,0,0.941227,-1.18888,0.334847,0,1.23514,1.01366,0.0304984,1.00389,0.931651,0.0304752,0,0.93215
4207,1.01138,2.97703,0.784012,0.939832,0.030704,0,0.940334,-1.11384,0.22095,0,1.13554,1.01596,0.0356197,1.00453,0.929256,0.0303585,0,0.929752
4208,1.00202,2.94748,0.77694,0.924093,0.00847154,0,0.924132,2.1485,0.331271,0,2.17389,1.00853,0.0190477,1.0065,0.922234,0.0084545,0,0.922273
4209,1.00152,2.95191,0.797819,0.945682,0.00940937,0,0.945729,2.2865,1.15198,0,2.5603,1.00216,0.00481257,1.00063,0.944245,0.00939506,0,0.944291
4210,1.00176,2.95252,0.797533,0.945143,0.0309598,0,0.94565,-1.41969,1.39058,0,1.98727,1.00247,0.00551964,1.00071,0.943484,0.0309055,0,0.94399
4211,1.00669,2.96509,0.7906,0.94246,0.030836,0,0.942965,-1.32831,0.633658,0,1.47171,1.00938,0.0209362,1.00267,0.936198,0.0306311,0,0.936699
4212,1.00837,2.97008,0.790743,0.944608,0.0126324,0,0.944693,2.13369,-0.297544,0,2.15434,1.01103,0.0246096,1.00263,0.936767,0.0125276,0,0.936851
4213,1.00994,2.97336,0.785968,0.940787,0.0235583,0,0.941082,-1.35399,-0.710097,0,1.5289,1.01396,0.0311576,1.00398,0.931526,0.0233264,0,0.931818
4214,1.00514,2.96114,0.792768,0.943306,0.0308282,0,0.94381,-1.38687,0.836072,0,1.61939,1.00721,0.0161023,1.00206,0.938481,0.0306705,0,0.938982
4215,1.01314,2.98155,0.781654,0.938952,0.0305285,0,0.939448,-1.03905,0.1277,0,1.04687,1.0184,0.0410648,1.00519,0.926771,0.0301325,0,0.927261
4216,0.997417,2.94146,0.803656,0.947453,0.0309058,0,0.947957,-1.24823,2.09815,0,2.44137,0.996396,-0.00804503,0.998976,0.949906,0.0309858,0,0.950412
4217,1.00521,2.96136,0.792834,0.943762,0.0185198,0,0.943944,1.91636,-2.00102,0,2.77065,1.00726,0.0162132,1.00204,0.938871,0.0184239,0,0.939052
4218,1.00679,2.96534,0.79044,0.94269,0.019503,0,0.942891,-1.24194,-2.1577,0,2.48959,1.00953,0.0212671,1.00272,0.936332,0.0193715,0,0.936532
4219,1.00643,2.95787,0.767726,0.918289,0.0112624,0,0.918358,1.86223,0.00331955,0,1.86223,1.01555,0.034711,1.00907,0.912426,0.0111905,0,0.912495
4220,1.00816,2.96648,0.780175,0.933178,0.0118553,0,0.933253,1.88437,-0.0643051,0,1.88546,1.01381,0.0308242,1.0056,0.925622,0.0117593,0,0.925696
4221,1.00606,2.96334,0.790946,0.94263,0.0148282,0,0.942747,2.35428,-0.650812,0,2.44258,1.00865,0.0193186,1.00258,0.936949,0.0147388,0,0.937065
4222,0.999862,2.94773,0.800312,0.946266,0.0310649,0,0.946776,-1.36596,1.72687,0,2.2018,0.999789,-0.000472092,0.999926,0.946397,0.0310691,0,0.946907
4223,1.01073,2.97535,0.784853,0.940307,0.0244035,0,0.940623,-1.29054,-0.5355,0,1.39723,1.01506,0.033622,1.00429,0.930327,0.0241445,0,0.93064
4224,1.00546,2.96195,0.792309,0.943467,0.0171004,0,0.943622,2.27063,-1.6204,0,2.78953,1.00766,0.0171047,1.00219,0.938345,0.0170075,0,0.938499
4225,1.00603,2.96344,0.791582,0.943211,0.0185793,0,0.943394,-0.993201,-2.5426,0,2.7297,1.00845,0.0188548,1.0024,0.937553,0.0184678,0,0.937735
4226,1.00493,2.96061,0.793079,0.943769,0.0178798,0,0.943938,-0.60384,-2.91376,0,2.97568,1.00691,0.0154284,1.00198,0.939142,0.0177921,0,0.93931
4227,1.00531,2.9616,0.792596,0.943654,0.0159538,0,0.943788,2.49205,-1.19314,0,2.76295,1.00743,0.0165929,1.00211,0.938667,0.0158695,0,0.938801
4228,1.00188,2.94179,0.757852,0.903609,0.010521,0,0.903671,1.89114,0.0774126,0,1.89273,1.0137,0.030573,1.01179,0.901913,0.0105013,0,0.901975
4229,1.0082,2.96892,0.788472,0.941613,0.0308322,0,0.942118,-1.26073,0.471183,0,1.3459,1.0115,0.0256596,1.00327,0.933958,0.0305816,0,0.934458
4230,1.01165,2.97771,0.783608,0.939811,0.0253459,0,0.940153,-1.21625,-0.383545,0,1.27529,1.01634,0.0364819,1.00464,0.928988,0.025054,0,0.929326
4231,1.00742,2.96694,0.78955,0.942313,0.0204386,0,0.942535,-1.39011,-1.7803,0,2.25873,1.01041,0.0232357,1.00297,0.935374,0.0202881,0,0.935594
4232,1.00861,2.96998,0.787864,0.941602,0.0220295,0,0.941859,-1.43745,-1.152,0,1.84211,1.01209,0.0269781,1.00344,0.933561,0.0218414,0,0.933817
4233,1.00801,2.96846,0.788709,0.941959,0.0212734,0,0.942199,-1.43799,-1.43593,0,2.03217,1.01125,0.0251039,1.00321,0.934469,0.0211043,0,0.934708
4234,1.01514,2.98655,0.778596,0.93757,0.0287999,0,0.938012,-0.979431,-0.0641818,0,0.981532,1.02127,0.0474779,1.00604,0.92359,0.0283705,0,0.924026
4235,1.01492,2.98605,0.779109,0.937869,0.0303882,0,0.938361,-0.96598,0.0479481,0,0.96717,1.0209,0.0466588,1.0059,0.924084,0.0299416,0,0.924569
4236,1.01655,2.99013,0.7766,0.936684,0.0301214,0,0.937168,-0.907072,-0.00358184,0,0.907079,1.02326,0.0519104,1.0066,0.921436,0.029631,0,0.921912
4237,1.00688,2.96565,0.79058,0.943023,0.0138779,0,0.943125,2.25022,-0.45792,0,2.29634,1.00958,0.0213836,1.00268,0.936577,0.013783,0,0.936678
4238,1.00424,2.95788,0.790662,0.940678,0.0101384,0,0.940733,2.2698,0.517658,0,2.32808,1.0069,0.015407,1.00266,0.936711,0.0100957,0,0.936765
4239,1.00345,2.95703,0.795832,0.945393,0.0108791,0,0.945456,2.37577,0.757152,0,2.4935,1.00465,0.0103825,1.0012,0.942141,0.0108416,0,0.942204
4240,1.00404,2.95831,0.794211,0.944109,0.0189904,0,0.9443,1.6654,-2.55361,0,3.04868,1.0057,0.0127269,1.00166,0.94031,0.018914,0,0.9405
4241,0.996043,2.93788,0.805286,0.948303,0.00956678,0,0.948351,2.03414,2.25863,0,3.03959,0.994562,-0.0121391,0.998512,0.95207,0.00960479,0,0.952118
4242,0.985052,2.91004,0.821537,0.954388,0.0192498,0,0.954582,0.497602,3.37219,0,3.4087,0.979005,-0.046865,0.993861,0.968871,0.0195419,0,0.969068
4243,1.01062,2.97509,0.785098,0.940418,0.0261679,0,0.940782,-1.29667,-0.246954,0,1.31998,1.01488,0.0332201,1.00422,0.930538,0.025893,0,0.930899
4244,1.0064,2.96436,0.790995,0.942891,0.0206008,0,0.943116,-1.56991,-2.06868,0,2.59693,1.00898,0.0200495,1.00256,0.936893,0.0204697,0,0.937116
4245,1.00278,2.95518,0.796211,0.94505,0.0182668,0,0.945226,0.503749,-3.37095,0,3.40838,1.00388,0.00865376,1.00109,0.942427,0.0182161,0,0.942603
4246,0.987397,2.91583,0.817538,0.952669,0.0122391,0,0.952748,1.18619,3.08269,0,3.30303,0.98247,-0.0391287,0.99501,0.964828,0.0123953,0,0.964908
4247,1.00259,2.95466,0.796372,0.944761,0.0293277,0,0.945216,-1.63588,1.24179,0,2.05382,1.00364,0.00812083,1.00104,0.942317,0.0292519,0,0.942771
4248,1.00397,2.95819,0.79447,0.944345,0.017731,0,0.944511,-0.282506,-3.18299,0,3.19551,1.00556,0.012417,1.00158,0.940607,0.0176608,0,0.940773
4249,1.00477,2.96018,0.793265,0.943857,0.0155205,0,0.943984,2.67547,-1.00544,0,2.85816,1.0067,0.0149508,1.00192,0.939378,0.0154469,0,0.939505
4250,1.00781,2.96794,0.788999,0.94204,0.022869,0,0.942318,-1.62152,-1.00549,0,1.90797,1.01096,0.0244655,1.00312,0.934738,0.0226918,0,0.935013
4251,1.00293,2.9555,0.795866,0.944806,0.0190474,0,0.944998,1.23468,-3.03734,0,3.2787,1.00412,0.00919042,1.00119,0.942049,0.0189918,0,0.942241
4252,0.991815,2.9272,0.811651,0.950877,0.00935985,0,0.950923,1.55318,2.53881,0,2.97623,0.988538,-0.025585,0.996696,0.958725,0.0094371,0,0.958771
4253,1.005,2.96078,0.792975,0.943749,0.0164271,0,0.943892,2.51721,-1.47433,0,2.91719,1.00701,0.0156455,1.002,0.939058,0.0163455,0,0.939201
4254,1.00545,2.96193,0.792347,0.943197,0.0293099,0,0.943652,-1.52805,0.685553,0,1.67479,1.00764,0.0170529,1.00218,0.938086,0.0291511,0,0.938539
4255,1.00902,2.97101,0.78727,0.941295,0.0243591,0,0.94161,-1.47961,-0.565619,0,1.58404,1.01267,0.0282709,1.00361,0.932878,0.0241413,0,0.93319
4256,0.998362,2.94392,0.802503,0.947598,0.00977925,0,0.947649,2.21849,1.83341,0,2.87803,0.997667,-0.00520738,0.999304,0.949153,0.00979529,0,0.949203
4257,1.00404,2.95833,0.794326,0.943965,0.0292983,0,0.94442,-1.59823,0.936926,0,1.85262,1.00567,0.0126466,1.00162,0.940168,0.0291805,0,0.940621
4258,0.98771,2.91689,0.818009,0.953166,0.0264424,0,0.953533,-0.314977,3.17574,0,3.19132,0.982648,-0.0387326,0.994875,0.965026,0.0267715,0,0.965397
4259,1.00469,2.96002,0.793502,0.943987,0.0180032,0,0.944159,2.09825,-2.24566,0,3.07337,1.00655,0.0146217,1.00186,0.939584,0.0179192,0,0.939755
4260,1.00108,2.95081,0.798543,0.945613,0.0293867,0,0.946069,-1.62855,1.59639,0,2.28049,1.00151,0.00336299,1.00043,0.944594,0.0293551,0,0.94505
4261,0.997076,2.94055,0.803983,0.947524,0.0292115,0,0.947974,-1.38579,2.44424,0,2.80976,0.995962,-0.00901309,0.998883,0.950303,0.0292972,0,0.950755
4262,0.992399,2.92864,0.810616,0.949942,0.0298642,0,0.950411,-0.834857,2.79294,0,2.91505,0.989414,-0.0236294,0.996992,0.957218,0.030093,0,0.957691
4263,1.00508,2.96102,0.792958,0.943788,0.0176142,0,0.943953,2.21377,-1.91948,0,2.93005,1.0071,0.015844,1.00201,0.939019,0.0175252,0,0.939182
4264,1.00977,2.97292,0.786252,0.940884,0.0252353,0,0.941222,-1.3914,-0.392048,0,1.44558,1.0137,0.0305868,1.0039,0.931782,0.0249912,0,0.932117
4265,1.00683,2.96546,0.790404,0.942436,0.0293466,0,0.942893,-1.4438,0.490328,0,1.52479,1.00958,0.0213836,1.00273,0.93604,0.0291474,0,0.936493
4266,1.00968,2.97271,0.786414,0.940858,0.0292754,0,0.941313,-1.2654,0.202767,0,1.28154,1.01357,0.0302899,1.00385,0.931836,0.0289947,0,0.932287
4267,1.0115,2.9773,0.783668,0.939686,0.0272288,0,0.940081,-1.20179,-0.129536,0,1.20875,1.01618,0.036113,1.00462,0.928999,0.0269191,0,0.929389
4268,1.00607,2.96393,0.792923,0.944744,0.0140588,0,0.944848,2.45025,-0.474527,0,2.49578,1.0081,0.0180853,1.00202,0.939042,0.013974,0,0.939146
4269,1.00137,2.94619,0.779113,0.925786,0.00999001,0,0.92584,2.33631,0.341709,0,2.36116,1.00728,0.0162412,1.0059,0.924519,0.00997633,0,0.924573
4270,1.00518,2.96123,0.792655,0.943609,0.0150516,0,0.943729,2.57409,-0.705595,0,2.66905,1.00729,0.0162657,1.00209,0.938744,0.014974,0,0.938863
4271,1.00087,2.95029,0.798844,0.946133,0.0105958,0,0.946193,2.49824,1.33101,0,2.83069,1.00122,0.00271384,1.00034,0.945308,0.0105865,0,0.945367
4272,0.999064,2.93577,0.766029,0.909777,0.0104486,0,0.909837,2.18307,0.171614,0,2.18981,1.00859,0.0191791,1.00954,0.91063,0.0104584,0,0.91069
4273,1.00688,2.96464,0.787035,0.93927,0.0130443,0,0.93936,2.1649,-0.142564,0,2.16959,1.01058,0.0236185,1.00368,0.932852,0.0129551,0,0.932942
4274,1.00838,2.96938,0.788184,0.941686,0.023597,0,0.941981,-1.5577,-0.765581,0,1.73567,1.01176,0.0262521,1.00335,0.933861,0.0234009,0,0.934154
4275,1.01128,2.97681,0.784312,0.940105,0.0292005,0,0.940558,-1.17398,0.0961044,0,1.1779,1.01577,0.0351981,1.00444,0.929621,0.0288748,0,0.930069
4276,1.01283,2.98071,0.781944,0.939026,0.0287782,0,0.939467,-1.09678,-0.0109401,0,1.09684,1.018,0.0401787,1.00511,0.927132,0.0284137,0,0.927567
4277,1.00348,2.95013,0.771019,0.919095,0.0123168,0,0.919178,2.02354,0.0076737,0,2.02355,1.01166,0.0260239,1.00815,0.915911,0.0122741,0,0.915993
4278,0.99927,2.9462,0.801081,0.946569,0.0293085,0,0.947023,-1.55905,1.9924,0,2.52988,0.998978,-0.00228015,0.999708,0.94726,0.0293299,0,0.947714
4279,1.00596,2.96324,0.791664,0.943204,0.019686,0,0.943409,-1.36959,-2.51302,0,2.862,1.00835,0.0186343,1.00237,0.937616,0.0195694,0,0.93782
4280,1.0053,2.96155,0.792558,0.943547,0.018848,0,0.943735,-1.02487,-2.96563,0,3.13772,1.00743,0.0165885,1.00212,0.938575,0.0187487,0,0.938762
4281,1.00821,2.96896,0.788455,0.941656,0.0293525,0,0.942113,-1.35567,0.334049,0,1.39622,1.01152,0.0257055,1.00328,0.933986,0.0291134,0,0.93444
4282,1.00684,2.96547,0.790366,0.942618,0.0214313,0,0.942862,-1.65575,-1.64172,0,2.33169,1.0096,0.0214299,1.00274,0.936212,0.0212857,0,0.936454
4283,1.00731,2.96665,0.789711,0.94234,0.0221541,0,0.9426,-1.65994,-1.29354,0,2.10443,1.01025,0.0228814,1.00292,0.935505,0.0219935,0,0.935764
4284,1.00706,2.96681,0.792794,0.945548,0.0131639,0,0.94564,2.31196,-0.290544,0,2.33014,1.00913,0.0203792,1.00205,0.938918,0.0130716,0,0.939009
4285,1.00291,2.9544,0.792225,0.941068,0.0114646,0,0.941138,2.482,0.566956,0,2.54593,1.00513,0.0114435,1.00221,0.938341,0.0114314,0,0.938411
4286,1.0021,2.95343,0.797157,0.945517,0.0106674,0,0.945577,2.45552,0.979904,0,2.64382,1.00292,0.00652251,1.00082,0.943536,0.010645,0,0.943596
4287,1.00277,2.95513,0.796173,0.944989,0.0186555,0,0.945174,0.974215,-3.43945,0,3.57476,1.00387,0.00864684,1.0011,0.94238,0.018604,0,0.942563
4288,0.994333,2.93357,0.807889,0.949377,0.0100581,0,0.94943,1.88824,2.55896,0,3.18021,0.992116,-0.0175974,0.997771,0.954788,0.0101155,0,0.954841
4289,0.986096,2.9127,0.820047,0.953784,0.0231802,0,0.954066,0.0222172,3.41945,0,3.41952,0.980465,-0.0436042,0.99429,0.967232,0.023507,0,0.967518
4290,1.00044,2.94918,0.799409,0.945967,0.0279418,0,0.946379,-1.86335,1.8417,0,2.61991,1.00063,0.00139759,1.00018,0.945547,0.0279294,0,0.94596
4291,1.00363,2.95729,0.794836,0.944389,0.0187813,0,0.944575,1.62773,-2.89002,0,3.31689,1.00512,0.0114179,1.00148,0.940972,0.0187133,0,0.941158
4292,1.00311,2.95598,0.795637,0.944517,0.0279987,0,0.944932,-1.8378,1.0621,0,2.12263,1.00437,0.00975129,1.00125,0.941585,0.0279118,0,0.941999
4293,1.00703,2.96596,0.790096,0.94246,0.0235093,0,0.942754,-1.79132,-0.83188,0,1.97506,1.00987,0.022029,1.00282,0.935878,0.0233451,0,0.936169
4294,1.00419,2.95868,0.793992,0.944028,0.0183564,0,0.944206,1.98114,-2.537,0,3.21889,1.00591,0.0131922,1.00172,0.940093,0.0182799,0,0.940271
4295,1.00459,2.95976,0.79358,0.943972,0.0183863,0,0.944151,-0.72105,-3.3056,0,3.38332,1.00643,0.0143599,1.00183,0.939659,0.0183023,0,0.939837
4296,1.00329,2.95644,0.795457,0.944734,0.0179553,0,0.944905,0.0583343,-3.41933,0,3.41983,1.00459,0.0102533,1.0013,0.941641,0.0178965,0,0.941811
4297,1.00961,2.97256,0.78658,0.94101,0.028034,0,0.941427,-1.32666,0.0577535,0,1.32791,1.01345,0.0300319,1.0038,0.932049,0.0277671,0,0.932463
4298,0.99775,2.94224,0.802933,0.947454,0.0109349,0,0.947518,2.37734,2.15484,0,3.20859,0.996933,-0.00684573,0.999182,0.949591,0.0109596,0,0.949655
4299,1.00541,2.96215,0.793525,0.944769,0.0133388,0,0.944863,2.51737,-0.280105,0,2.53291,1.00727,0.0162253,1.00185,0.939684,0.013267,0,0.939778
4300,0.99985,2.94775,0.800536,0.946934,0.0111614,0,0.947,2.50775,1.65454,0,3.00438,0.999713,-0.00064052,0.999863,0.947076,0.0111631,0,0.947142
4301,1.00587,2.96301,0.791752,0.943179,0.0214265,0,0.943422,-1.88981,-1.91089,0,2.68754,1.00824,0.0183835,1.00235,0.937672,0.0213014,0,0.937913
4302,1.00522,2.96135,0.792666,0.943567,0.0198024,0,0.943775,-1.47098,-2.94781,0,3.29445,1.00732,0.0163424,1.00209,0.938668,0.0196996,0,0.938875
4303,1.0069,2.96563,0.790307,0.942434,0.028113,0,0.942853,-1.54562,0.329921,0,1.58044,1.00968,0.0215979,1.00276,0.935975,0.0279203,0,0.936391
4304,0.999375,2.93775,0.769889,0.914153,0.0111836,0,0.914222,2.3729,0.154673,0,2.37793,1.00784,0.017492,1.00847,0.914725,0.0111905,0,0.914794
4305,1.00449,2.95951,0.793751,0.944104,0.0158683,0,0.944237,2.74517,-1.28715,0,3.03195,1.00628,0.0140242,1.00178,0.939884,0.0157974,0,0.940016
4306,1.00186,2.95279,0.797433,0.945224,0.028,0,0.945638,-1.87891,1.42419,0,2.35767,1.0026,0.00580371,1.00074,0.943472,0.0279481,0,0.943886
4307,0.986761,2.91433,0.818853,0.95336,0.0154184,0,0.953484,0.939183,3.45201,0,3.57749,0.981465,-0.0413728,0.994633,0.96615,0.0156252,0,0.966276
4308,1.00416,2.9564,0.786202,0.935846,0.013314,0,0.935941,2.34427,-0.111372,0,2.34692,1.00809,0.018052,1.00391,0.931969,0.0132588,0,0.932063
4309,1.00658,2.96481,0.790746,0.942742,0.0228242,0,0.943018,-1.86862,-1.11912,0,2.17811,1.00923,0.0206011,1.00263,0.936579,0.022675,0,0.936854
4310,0.989487,2.92113,0.814453,0.951527,0.0103176,0,0.951583,1.40969,2.78591,0,3.12226,0.985424,-0.032535,0.995895,0.961637,0.0104272,0,0.961694
4311,0.995442,2.93654,0.806827,0.948943,0.028895,0,0.949383,-1.22056,2.79421,0,3.04916,0.993524,-0.0144554,0.998074,0.953289,0.0290273,0,0.953731
4312,1.00447,2.95946,0.793805,0.944115,0.0173526,0,0.944275,2.41857,-2.17555,0,3.25308,1.00625,0.0139433,1.00177,0.939915,0.0172754,0,0.940074
4313,1.00472,2.96007,0.793417,0.943945,0.0169053,0,0.944096,2.50589,-1.78936,0,3.07918,1.0066,0.0147387,1.00188,0.939515,0.016826,0,0.939666
4314,1.00564,2.96241,0.792091,0.943142,0.02806,0,0.943559,-1.65441,0.515232,0,1.73278,1.0079,0.0176415,1.00225,0.937854,0.0279027,0,0.938269
4315,1.00816,2.96884,0.788515,0.941801,0.0249963,0,0.942132,-1.58988,-0.400382,0,1.63952,1.01145,0.0255581,1.00326,0.934175,0.0247939,0,0.934504
4316,1.00823,2.96902,0.788508,0.941765,0.0280956,0,0.942184,-1.43628,0.181938,0,1.44776,1.01152,0.0257059,1.00326,0.93408,0.0278664,0,0.934495
4317,1.00885,2.9706,0.787563,0.941408,0.0259052,0,0.941764,-1.47709,-0.232626,0,1.4953,1.01241,0.027709,1.00353,0.933146,0.0256778,0,0.933499
4318,1.00975,2.97288,0.786281,0.94085,0.0269519,0,0.941236,-1.36175,-0.0973226,0,1.36522,1.01368,0.0305287,1.00389,0.931764,0.0266917,0,0.932147
4319,1.00415,2.95854,0.793858,0.94391,0.0152308,0,0.944033,2.83057,-0.785945,0,2.93766,1.00591,0.0132018,1.00175,0.940006,0.0151678,0,0.940129
4320,0.999873,2.94211,0.780261,0.925611,0.0103977,0,0.92567,2.55684,0.358806,0,2.5819,1.00545,0.012162,1.00558,0.925729,0.0103991,0,0.925787
4321,1.00477,2.9605,0.794394,0.945072,0.0140006,0,0.945176,2.68109,-0.499526,0,2.72723,1.00638,0.0142336,1.0016,0.940589,0.0139342,0,0.940692
4322,1.00755,2.96727,0.78934,0.942124,0.0242228,0,0.942435,-1.69565,-0.596484,0,1.7975,1.0106,0.0236625,1.00303,0.935064,0.0240413,0,0.935373
4323,1.00437,2.95918,0.793868,0.943831,0.0280173,0,0.944247,-1.758,0.756832,0,1.91399,1.00613,0.0136797,1.00175,0.939725,0.0278954,0,0.940139
4324,0.998868,2.94515,0.801567,0.946738,0.02791,0,0.947149,-1.7583,2.32795,0,2.91736,0.998438,-0.00348601,0.99957,0.947811,0.0279416,0,0.948223
4325,1.0056,2.96234,0.792167,0.943385,0.0206058,0,0.94361,-1.7553,-2.41958,0,2.98922,1.00785,0.0175202,1.00223,0.938127,0.020491,0,0.938351
4326,1.00618,2.96379,0.791291,0.942961,0.022156,0,0.943222,-1.91201,-1.47069,0,2.4122,1.00868,0.0193643,1.00248,0.937169,0.0220199,0,0.937427
4327,1.01085,2.97568,0.784771,0.94023,0.0279824,0,0.940646,-1.24159,-0.034011,0,1.24205,1.01521,0.0339415,1.00431,0.930141,0.0276822,0,0.930553
4328,1.00274,2.95532,0.797179,0.946129,0.0119974,0,0.946205,2.59809,0.778686,0,2.71227,1.00356,0.00793983,1.00081,0.943543,0.0119646,0,0.943619
4329,1.00155,2.95211,0.798184,0.946069,0.0117035,0,0.946141,2.69757,1.12861,0,2.92414,1.00208,0.00464945,1.00053,0.944602,0.0116854,0,0.944674
4330,1.00286,2.95537,0.796062,0.944964,0.0184418,0,0.945144,0.681411,-3.80063,0,3.86123,1.004,0.00892403,1.00113,0.942268,0.0183892,0,0.942447
4331,1.0031,2.95599,0.79573,0.944844,0.0182886,0,0.945021,0.323794,-3.78871,0,3.80252,1.00433,0.00967315,1.00123,0.941922,0.018232,0,0.942098
4332,0.989109,2.92016,0.814982,0.951434,0.0251141,0,0.951765,-0.369602,3.60644,0,3.62533,0.984898,-0.0337093,0.995743,0.96191,0.0253906,0,0.962245
4333,1.00317,2.95614,0.795577,0.944736,0.0187197,0,0.944922,1.48171,-3.36297,0,3.67492,1.00444,0.00991827,1.00127,0.941752,0.0186605,0,0.941937
4334,1.00445,2.96013,0.79639,0.946881,0.0139822,0,0.946985,2.95232,-0.540193,0,3.00133,1.00549,0.0122581,1.00104,0.942687,0.0139202,0,0.94279
4335,1.00003,2.94813,0.799997,0.946225,0.0267779,0,0.946604,-2.12084,2.1518,0,3.02129,1.00004,9.98483e-05,1.00002,0.946197,0.0267771,0,0.946576
4336,0.986849,2.91448,0.818467,0.952947,0.0207157,0,0.953173,0.299083,3.78986,0,3.80164,0.981662,-0.0409335,0.994744,0.965646,0.0209917,0,0.965875
4337,0.987637,2.91656,0.81762,0.95289,0.0181699,0,0.953063,0.64721,3.80588,0,3.86052,0.982686,-0.0386478,0.994987,0.964818,0.0183973,0,0.964993
4338,0.997624,2.94204,0.803554,0.947635,0.0279271,0,0.948046,-1.63874,2.73214,0,3.18592,0.996631,-0.00751949,0.999005,0.949892,0.0279937,0,0.950305
4339,1.00488,2.96048,0.793156,0.943747,0.0206066,0,0.943972,-1.92999,-2.85424,0,3.44551,1.00684,0.0152684,1.00195,0.939167,0.0205066,0,0.939391
4340,1.00817,2.96888,0.788608,0.941853,0.0268335,0,0.942235,-1.52123,-0.0220753,0,1.52139,1.01143,0.0255117,1.00323,0.934222,0.0266161,0,0.934601
4341,1.0012,2.95111,0.79833,0.945582,0.0267988,0,0.945962,-2.15392,1.64348,0,2.70932,1.00169,0.00377115,1.00049,0.944448,0.0267667,0,0.944827
4342,0.99643,2.93888,0.804818,0.948165,0.0111671,0,0.948231,2.26201,2.51585,0,3.38322,0.995081,-0.0109809,0.998646,0.951562,0.0112071,0,0.951628
4343,0.991167,2.9256,0.81272,0.951021,0.0271262,0,0.951407,-0.709382,3.29756,0,3.373,0.98759,-0.0277012,0.996391,0.959496,0.027368,0,0.959886
4344,1.00418,2.9587,0.794067,0.944117,0.0177303,0,0.944284,2.32182,-2.50418,0,3.41494,1.00589,0.0131415,1.0017,0.940183,0.0176564,0,0.940349
4345,1.00479,2.96026,0.793284,0.94383,0.0192351,0,0.944026,-1.20725,-3.35644,0,3.56695,1.00672,0.0149919,1.00192,0.939331,0.0191434,0,0.939526
4346,0.992859,2.92979,0.80992,0.950066,0.0109673,0,0.950129,1.70218,2.85713,0,3.32575,0.99007,-0.0221653,0.997191,0.956899,0.0110462,0,0.956963
4347,0.993531,2.93171,0.809673,0.950104,0.0280162,0,0.950517,-1.02658,3.13829,0,3.30192,0.990811,-0.0205114,0.997262,0.956289,0.0281986,0,0.956705
4348,1.00394,2.95809,0.794471,0.944305,0.0182244,0,0.944481,-0.364233,-3.61286,0,3.63117,1.00553,0.0123419,1.00158,0.940599,0.0181529,0,0.940774
4349,1.00393,2.95801,0.794276,0.944137,0.0156902,0,0.944267,2.94703,-1.06049,0,3.13203,1.00557,0.0124441,1.00164,0.940438,0.0156288,0,0.940568
4350,1.0046,2.95976,0.793568,0.943757,0.0269714,0,0.944142,-1.89828,0.553674,0,1.97737,1.00644,0.0143721,1.00184,0.93944,0.026848,0,0.939824
4351,1.00346,2.95687,0.795151,0.944363,0.0269209,0,0.944746,-2.02008,0.851388,0,2.19216,1.00485,0.010832,1.00139,0.941106,0.0268281,0,0.941489
4352,1.0074,2.96692,0.789643,0.942273,0.0255437,0,0.94262,-1.68147,-0.217006,0,1.69542,1.01037,0.0231442,1.00294,0.935348,0.025356,0,0.935692
4353,0.99697,2.93133,0.772229,0.914417,0.0121882,0,0.914498,2.59625,0.138358,0,2.59993,1.00476,0.0106324,1.00782,0.917196,0.0122253,0,0.917278
4354,0.990073,2.92275,0.814083,0.951669,0.0134844,0,0.951765,1.38197,3.48089,0,3.74519,0.986114,-0.0309964,0.996001,0.961211,0.0136195,0,0.961308
4355,1.00236,2.95407,0.796716,0.944977,0.026878,0,0.945359,-2.11161,1.2144,0,2.43591,1.00331,0.00738468,1.00095,0.942751,0.0268147,0,0.943132
4356,1.0053,2.96155,0.792578,0.943497,0.0220109,0,0.943754,-2.20279,-1.70601,0,2.78617,1.00742,0.0165682,1.00212,0.938527,0.0218949,0,0.938782
4357,1.00255,2.9512,0.784554,0.932589,0.0143393,0,0.9327,2.55077,-0.0726905,0,2.5518,1.00694,0.0154843,1.00437,0.930215,0.0143028,0,0.930325
4358,1.00589,2.96304,0.79173,0.943121,0.023327,0,0.943409,-2.05955,-0.913718,0,2.25313,1.00825,0.0184236,1.00235,0.937603,0.0231905,0,0.93789
4359,1.00514,2.96116,0.792843,0.943645,0.0213238,0,0.943886,-2.13698,-2.24837,0,3.10191,1.00719,0.0160483,1.00204,0.938821,0.0212149,0,0.939061
4360,1.00158,2.94516,0.773173,0.919641,0.0128877,0,0.919732,2.24767,0.0157806,0,2.24773,1.00915,0.0204195,1.00755,0.918189,0.0128673,0,0.918279
4361,0.991422,2.92615,0.812024,0.950857,0.0119391,0,0.950932,1.56688,3.13684,0,3.5064,0.988041,-0.0266935,0.99659,0.959084,0.0120424,0,0.95916
4362,1.00407,2.95845,0.794357,0.944335,0.0168488,0,0.944485,2.74485,-2.04637,0,3.42372,1.00569,0.0127078,1.00161,0.940504,0.0167805,0,0.940654
4363,1.00423,2.95884,0.79407,0.944191,0.0163549,0,0.944333,2.78367,-1.61018,0,3.21582,1.00594,0.0132481,1.00169,0.940211,0.0162859,0,0.940352
4364,1.00574,2.96266,0.791934,0.943099,0.0270327,0,0.943487,-1.76381,0.326426,0,1.79376,1.00805,0.0179612,1.0023,0.93772,0.0268785,0,0.938105
4365,1.00694,2.96575,0.79031,0.942505,0.0270867,0,0.942894,-1.62992,0.153245,0,1.63711,1.00972,0.0216856,1.00275,0.936008,0.0269,0,0.936394
4366,1.00218,2.9524,0.792734,0.940915,0.0118174,0,0.940989,2.70794,0.55256,0,2.76374,1.00425,0.00949021,1.00207,0.938872,0.0117917,0,0.938946
4367,1.00043,2.94914,0.799422,0.946304,0.0118049,0,0.946378,2.76169,1.44262,0,3.11578,1.00061,0.00135288,1.00018,0.9459,0.0117998,0,0.945973
4368,1.00514,2.96161,0.79443,0.945459,0.0141919,0,0.945566,2.7552,-0.273444,0,2.76873,1.00674,0.0150452,1.00159,0.940624,0.0141194,0,0.94073
4369,1.0068,2.96538,0.790434,0.942571,0.0247457,0,0.942896,-1.81577,-0.405122,0,1.86041,1.00954,0.0212965,1.00272,0.936203,0.0245785,0,0.936525
4370,1.00628,2.96405,0.791122,0.942835,0.0239974,0,0.94314,-1.94349,-0.632891,0,2.04395,1.00883,0.019702,1.00253,0.936947,0.0238475,0,0.93725
4371,1.00553,2.96214,0.79222,0.943325,0.0226893,0,0.943597,-2.15112,-1.26271,0,2.49435,1.00776,0.0173251,1.00222,0.938134,0.0225645,0,0.938405
4372,0.999159,2.94595,0.801371,0.947144,0.0120765,0,0.947221,2.71518,1.97576,0,3.35795,0.998785,-0.00271242,0.999625,0.947941,0.0120867,0,0.948018
4373,1.00224,2.95417,0.798294,0.946819,0.0131259,0,0.94691,2.86568,0.891717,0,3.00121,1.00274,0.00612338,1.0005,0.944699,0.0130965,0,0.94479
4374,0.995967,2.93781,0.805858,0.94849,0.0270392,0,0.948875,-1.46046,3.13143,0,3.45525,0.994323,-0.0126712,0.99835,0.95233,0.0271486,0,0.952717
4375,1.00297,2.95563,0.795906,0.944895,0.0185894,0,0.945078,1.22175,-3.84391,0,4.0334,1.00415,0.00925863,1.00118,0.9421,0.0185344,0,0.942282
4376,1.00354,2.95709,0.79506,0.944548,0.0184273,0,0.944728,1.89681,-3.23212,0,3.74759,1.00496,0.0110798,1.00142,0.941214,0.0183623,0,0.941393
4377,0.994022,2.9328,0.808423,0.949608,0.0123756,0,0.949689,1.9494,3.14929,0,3.7038,0.991655,-0.018627,0.997618,0.955319,0.01245,0,0.9554
4378,1.00432,2.95907,0.793967,0.944119,0.0188528,0,0.944307,-0.863976,-3.74755,0,3.84585,1.00605,0.0135136,1.00173,0.940057,0.0187717,0,0.940244
4379,0.994923,2.93501,0.806828,0.948819,0.011613,0,0.94889,2.09232,2.86985,0,3.5516,0.993006,-0.0156114,0.998073,0.95366,0.0116723,0,0.953732
4380,1.00358,2.95732,0.795451,0.94506,0.014994,0,0.945179,3.11378,-0.798487,0,3.21453,1.00489,0.0109191,1.0013,0.941685,0.0149404,0,0.941804
4381,1.00356,2.95716,0.795093,0.944605,0.0182889,0,0.944782,-0.138938,-3.84119,0,3.8437,1.00498,0.0111059,1.00141,0.941252,0.018224,0,0.941428
4382,0.993139,2.93061,0.809887,0.950273,0.0130831,0,0.950363,1.81028,3.48936,0,3.931,0.990358,-0.0215213,0.997201,0.956838,0.0131735,0,0.956929
4383,0.988732,2.91928,0.815796,0.952043,0.0194049,0,0.952241,0.452815,4.23968,0,4.26379,0.984293,-0.0350611,0.99551,0.962893,0.0196261,0,0.963093
4384,1.00391,2.958,0.794518,0.944341,0.0171927,0,0.944498,2.68581,-2.41589,0,3.61249,1.00548,0.0122321,1.00157,0.940668,0.0171258,0,0.940823
4385,1.00522,2.96134,0.792646,0.943457,0.0237031,0,0.943754,-2.22868,-0.679429,0,2.32995,1.00733,0.0163532,1.0021,0.938558,0.0235801,0,0.938854
4386,1.00442,2.95931,0.793821,0.944002,0.021255,0,0.944241,-2.38794,-2.67241,0,3.58386,1.00619,0.013815,1.00177,0.939852,0.0211616,0,0.94009
4387,1.00462,2.95983,0.793511,0.943895,0.0200569,0,0.944108,-1.72358,-3.3236,0,3.74394,1.00648,0.0144724,1.00185,0.939553,0.0199646,0,0.939765
4388,1.00003,2.94077,0.773816,0.918897,0.0130557,0,0.91899,2.41991,0.0463694,0,2.42036,1.00741,0.0165322,1.00738,0.918869,0.0130553,0,0.918961
4389,1.00612,2.96366,0.791516,0.943063,0.0252072,0,0.9434,-1.91345,-0.193395,0,1.9232,1.00855,0.0190757,1.00241,0.93733,0.0250539,0,0.937665
4390,0.999425,2.94105,0.781176,0.926102,0.0149004,0,0.926222,2.77543,-0.0200986,0,2.77551,1.00474,0.0105855,1.00532,0.926635,0.014909,0,0.926755
4391,1.00389,2.95796,0.794504,0.944297,0.0181433,0,0.944471,2.11012,-2.8954,0,3.58273,1.00547,0.0122129,1.00157,0.940636,0.018073,0,0.940809
4392,0.989484,2.92124,0.814874,0.951888,0.0155444,0,0.952015,1.12562,3.88778,0,4.04745,0.985303,-0.0328065,0.995774,0.962004,0.0157096,0,0.962133
4393,1.00171,2.95241,0.797623,0.945344,0.0258729,0,0.945698,-2.42373,1.40024,0,2.79913,1.0024,0.00535426,1.00069,0.943731,0.0258287,0,0.944085
4394,1.00446,2.95941,0.793747,0.943951,0.0218176,0,0.944203,-2.50459,-2.01781,0,3.21629,1.00625,0.0139554,1.00179,0.939761,0.0217208,0,0.940012
4395,1.00287,2.95437,0.792483,0.941257,0.0149577,0,0.941376,3.0349,-0.272963,0,3.04715,1.00502,0.0111999,1.00214,0.938564,0.0149149,0,0.938682
4396,1.00195,2.95186,0.793222,0.941205,0.0125082,0,0.941288,2.99304,0.626221,0,3.05785,1.00388,0.00866803,1.00193,0.939377,0.0124839,0,0.93946
4397,1.003,2.95571,0.795846,0.944864,0.0184621,0,0.945044,0.48786,-4.2369,0,4.26489,1.0042,0.00936617,1.0012,0.94204,0.0184069,0,0.94222
4398,0.999055,2.94568,0.801481,0.946859,0.0267358,0,0.947237,-2.06127,2.58844,0,3.30891,0.998649,-0.0030146,0.999594,0.947755,0.0267611,0,0.948133
4399,0.988504,2.91869,0.816079,0.952054,0.022224,0,0.952313,0.00172571,3.88051,0,3.88051,0.983985,-0.0357474,0.995429,0.963126,0.0224825,0,0.963389
4400,1.00077,2.95001,0.798956,0.945856,0.0258254,0,0.946209,-2.46182,1.91875,0,3.12124,1.00108,0.0024043,1.00031,0.945132,0.0258057,0,0.945484
4401,0.991942,2.92742,0.811079,0.950103,0.0257687,0,0.950452,-0.809759,3.7493,0,3.83575,0.988827,-0.0249398,0.99686,0.957822,0.0259781,0,0.958174
4402,0.993639,2.93174,0.808667,0.949206,0.0264535,0,0.949575,-1.04176,3.56402,0,3.71315,0.991203,-0.0196361,0.997549,0.955283,0.0266228,0,0.955654
4403,1.0027,2.95494,0.796223,0.944805,0.0259653,0,0.945162,-2.32099,0.968559,0,2.51497,1.00379,0.00845903,1.00108,0.942259,0.0258953,0,0.942615
4404,0.998014,2.93635,0.779224,0.922783,0.0114648,0,0.922854,2.77943,0.307297,0,2.79636,1.00387,0.00863421,1.00587,0.924619,0.0114876,0,0.924691
4405,1.00469,2.96,0.793431,0.943819,0.0224393,0,0.944086,-2.47442,-1.44969,0,2.86781,1.00657,0.0146699,1.00187,0.939415,0.0223346,0,0.93968
4406,1.00358,2.95719,0.795011,0.944572,0.0164119,0,0.944715,3.06347,-1.8549,0,3.58127,1.00502,0.011199,1.00143,0.941199,0.0163533,0,0.941342
4407,1.00377,2.95768,0.794785,0.944517,0.0159844,0,0.944652,3.03783,-1.38304,0,3.33784,1.00527,0.0117592,1.00149,0.940969,0.0159244,0,0.941104
4408,1.00587,2.96303,0.791804,0.943116,0.0261106,0,0.943477,-1.85182,0.120039,0,1.85571,1.00822,0.018351,1.00233,0.937608,0.0259582,0,0.937967
4409,1.0069,2.96567,0.790452,0.942646,0.0261274,0,0.943008,-1.72965,-0.0299376,0,1.72991,1.00964,0.0215073,1.00271,0.936185,0.0259483,0,0.936544
4410,0.998064,2.94306,0.802542,0.947328,0.0122421,0,0.947407,2.65419,2.38362,0,3.56741,0.997359,-0.00589608,0.999293,0.949166,0.0122659,0,0.949245
4411,0.999967,2.94806,0.800404,0.94689,0.0124339,0,0.946972,2.80764,1.75579,0,3.31144,0.999867,-0.000297496,0.9999,0.946921,0.0124343,0,0.947003
4412,1.00473,2.9601,0.793371,0.943698,0.0261256,0,0.944059,-2.01695,0.330038,0,2.04378,1.00663,0.0147957,1.00189,0.939256,0.0260026,0,0.939616
4413,1.00564,2.96241,0.792073,0.943225,0.0244433,0,0.943541,-2.07441,-0.409782,0,2.1145,1.00791,0.0176526,1.00226,0.937936,0.0243063,0,0.938251
4414,1.0037,2.95748,0.794824,0.944266,0.0260497,0,0.944626,-2.1786,0.612761,0,2.26313,1.00518,0.0115728,1.00148,0.940787,0.0259537,0,0.941145
4415,1.00491,2.96057,0.793099,0.943665,0.0230765,0,0.943947,-2.368,-1.0193,0,2.57806,1.00689,0.0153865,1.00197,0.939049,0.0229636,0,0.93933
4416,1.00103,2.95077,0.798896,0.94631,0.0128874,0,0.946397,2.98135,1.19383,0,3.21149,1.00136,0.00303541,1.00033,0.945334,0.0128741,0,0.945422
4417,1.00437,2.95919,0.793906,0.944081,0.0195781,0,0.944284,-1.42358,-3.79669,0,4.05481,1.00612,0.0136507,1.00174,0.939978,0.019493,0,0.94018
4418,0.992139,2.92803,0.811196,0.950656,0.0142838,0,0.950763,1.59767,3.90159,0,4.21603,0.988991,-0.0245742,0.996827,0.958188,0.014397,0,0.958296
4419,1.00434,2.9591,0.793911,0.943974,0.0233667,0,0.944263,-2.55793,-0.742955,0,2.66364,1.00608,0.0135818,1.00174,0.939897,0.0232657,0,0.940184
4420,1.00337,2.95668,0.795367,0.944711,0.0184767,0,0.944892,0.0628421,-4.21187,0,4.21234,1.00471,0.010506,1.00133,0.941536,0.0184146,0,0.941716
4421,1.0039,2.95799,0.794587,0.944223,0.025311,0,0.944562,-2.31182,0.34902,0,2.33802,1.00545,0.0121658,1.00155,0.940557,0.0252127,0,0.940895
4422,0.995998,2.93782,0.805558,0.948236,0.0259862,0,0.948592,-1.5477,3.63479,0,3.95058,0.99444,-0.0124108,0.998435,0.952045,0.0260906,0,0.952403
4423,1.00349,2.95697,0.795134,0.944612,0.0168037,0,0.944761,3.05704,-2.25658,0,3.79969,1.00489,0.0109245,1.00139,0.941322,0.0167452,0,0.941471
4424,1.00494,2.96065,0.79315,0.943682,0.02531,0,0.944022,-2.10937,0.0874411,0,2.11118,1.0069,0.0154022,1.00195,0.939046,0.0251857,0,0.939384
4425,0.997772,2.94238,0.803188,0.947439,0.0263233,0,0.947804,-1.93786,3.05279,0,3.61592,0.996883,-0.00695687,0.99911,0.949555,0.0263821,0,0.949921
4426,1.00293,2.95555,0.795948,0.944912,0.0185218,0,0.945093,1.00143,-4.20368,0,4.32131,1.0041,0.00916088,1.00117,0.942147,0.0184676,0,0.942328
4427,1.00379,2.95771,0.794644,0.944277,0.021615,0,0.944524,-2.82908,-2.41332,0,3.71858,1.00533,0.0119004,1.00153,0.940709,0.0215334,0,0.940955
4428,0.99583,2.9374,0.805825,0.948622,0.0128669,0,0.948709,2.3484,3.1771,0,3.95082,0.994196,-0.0129555,0.998359,0.952594,0.0129208,0,0.952682
4429,0.999992,2.94806,0.800139,0.946368,0.0257369,0,0.946718,-2.47043,2.37348,0,3.42584,0.999968,-7.18334e-05,0.999975,0.946375,0.0257371,0,0.946725
4430,1.00387,2.95794,0.79465,0.94442,0.0186029,0,0.944603,-0.556935,-4.02832,0,4.06663,1.00541,0.0120709,1.00153,0.94078,0.0185312,0,0.940963
4431,1.00323,2.95629,0.795529,0.944746,0.0184288,0,0.944925,1.7602,-3.73569,0,4.12961,1.00451,0.0100755,1.00128,0.941708,0.0183695,0,0.941887
4432,0.991013,2.92517,0.812819,0.951054,0.024204,0,0.951362,-0.448524,4.08951,0,4.11403,0.987408,-0.0281066,0.996363,0.959679,0.0244234,0,0.95999
4433,1.00127,2.95129,0.798264,0.945625,0.0250563,0,0.945957,-2.77772,1.63489,0,3.22314,1.00178,0.00396557,1.00051,0.944426,0.0250246,0,0.944758
4434,1.00424,2.95886,0.79406,0.944103,0.0207365,0,0.94433,-2.25574,-3.19725,0,3.9129,1.00595,0.0132734,1.0017,0.940116,0.0206489,0,0.940342
4435,0.999003,2.9455,0.801394,0.947003,0.0132267,0,0.947096,3.00509,2.2276,0,3.74069,0.998622,-0.00307581,0.999619,0.947949,0.0132399,0,0.948041
4436,1.00493,2.96062,0.793111,0.943651,0.0247041,0,0.943975,-2.17857,-0.164244,0,2.18475,1.00691,0.0154143,1.00196,0.939021,0.0245828,0,0.939343
4437,1.00394,2.95811,0.794483,0.944235,0.0222034,0,0.944496,-2.83684,-1.7153,0,3.3151,1.00553,0.01234,1.00158,0.940526,0.0221161,0,0.940786
4438,1.00359,2.95784,0.797197,0.94692,0.0144719,0,0.94703,3.23929,-0.507137,0,3.27875,1.00441,0.00983757,1.00081,0.943528,0.01442,0,0.943638
4439,1.00023,2.94857,0.799493,0.946177,0.0128398,0,0.946265,3.07063,1.52959,0,3.43052,1.00039,0.00086394,1.00016,0.945961,0.0128369,0,0.946048
4440,0.996786,2.93976,0.804199,0.947842,0.0124274,0,0.947924,2.5259,2.80493,0,3.77463,0.995612,-0.00979451,0.998822,0.950898,0.0124675,0,0.95098
4441,0.99522,2.93594,0.807029,0.949289,0.0133126,0,0.949382,2.24443,3.46847,0,4.13131,0.993246,-0.0150764,0.998016,0.953848,0.0133765,0,0.953942
4442,0.989876,2.92224,0.814311,0.951652,0.0174483,0,0.951812,0.888126,4.25092,0,4.34271,0.985853,-0.0315787,0.995935,0.961385,0.0176268,0,0.961546
4443,1.00356,2.95713,0.795032,0.944543,0.0179734,0,0.944714,2.3196,-3.26404,0,4.00431,1.00499,0.0111341,1.00142,0.941193,0.0179096,0,0.941364
4444,1.00374,2.95757,0.794722,0.944394,0.0175824,0,0.944557,2.55215,-2.82753,0,3.80899,1.00526,0.0117329,1.00151,0.940875,0.0175169,0,0.941038
4445,1.00293,2.95552,0.795878,0.944679,0.0252454,0,0.945016,-2.50193,0.689756,0,2.59527,1.00412,0.00919649,1.00118,0.941915,0.0251716,0,0.942252
4446,1.00206,2.95392,0.799302,0.947691,0.0142472,0,0.947798,3.1601,0.909102,0,3.28827,1.00228,0.00507882,1.00021,0.945741,0.0142179,0,0.945847
4447,1.00413,2.95857,0.794217,0.944115,0.0227814,0,0.94439,-2.72103,-1.16036,0,2.95811,1.00579,0.0129207,1.00165,0.940233,0.0226877,0,0.940506
4448,0.999206,2.94023,0.780581,0.925274,0.0147,0,0.925391,3.02903,0.0784556,0,3.03005,1.00469,0.0104644,1.00549,0.92601,0.0147117,0,0.926127
4449,0.998398,2.93811,0.781494,0.925529,0.0119858,0,0.925606,3.07731,0.338781,0,3.0959,1.00362,0.00808258,1.00523,0.927013,0.012005,0,0.927091
4450,1.00206,2.95329,0.797128,0.945173,0.0251113,0,0.945506,-2.66601,1.11451,0,2.8896,1.00289,0.00644537,1.00083,0.943232,0.0250597,0,0.943565
4451,1.00313,2.95604,0.795635,0.944809,0.0162014,0,0.944948,3.36046,-1.60213,0,3.72284,1.00439,0.00979665,1.00125,0.941858,0.0161508,0,0.941997
4452,1.0031,2.95583,0.795185,0.944314,0.0157621,0,0.944446,3.25893,-1.11064,0,3.44299,1.00449,0.0100148,1.00138,0.941393,0.0157134,0,0.941524
4453,1.00464,2.95987,0.793486,0.943791,0.0240536,0,0.944098,-2.37211,-0.418412,0,2.40873,1.00651,0.0145237,1.00186,0.939433,0.0239425,0,0.939738
4454,0.990332,2.92344,0.813811,0.951489,0.0215359,0,0.951733,-0.0469052,4.4151,0,4.41535,0.986448,-0.0302492,0.996079,0.960778,0.0217462,0,0.961024
4455,1.00411,2.95855,0.794253,0.944198,0.0202622,0,0.944415,-2.02104,-3.7445,0,4.2551,1.00577,0.0128692,1.00164,0.940329,0.0201792,0,0.940546
4456,1.0034,2.95674,0.795306,0.94468,0.0181666,0,0.944854,2.07803,-3.6477,0,4.19808,1.00475,0.0106061,1.00135,0.941479,0.018105,0,0.941653
4457,1.00381,2.95777,0.794713,0.944372,0.0212531,0,0.944611,-2.77936,-2.97268,0,4.0696,1.00533,0.0118887,1.00151,0.940791,0.0211725,0,0.941029
4458,0.999017,2.94554,0.801387,0.946761,0.025421,0,0.947103,-2.41329,2.87337,0,3.75236,0.998639,-0.00303851,0.999621,0.947693,0.025446,0,0.948034
4459,0.990515,2.92384,0.813323,0.95122,0.018818,0,0.951406,0.657673,4.74089,0,4.78629,0.986769,-0.0295323,0.996219,0.960328,0.0189982,0,0.960516
4460,1.00404,2.95836,0.794399,0.944303,0.0191449,0,0.944497,-1.06064,-4.22495,0,4.35605,1.00565,0.0126075,1.0016,0.940505,0.0190679,0,0.940699
4461,1.00345,2.95683,0.795177,0.944492,0.0224855,0,0.944759,-3.12667,-1.36526,0,3.41175,1.00483,0.010785,1.00138,0.941249,0.0224083,0,0.941515
4462,0.99971,2.94734,0.800549,0.94679,0.013154,0,0.946881,3.1382,1.87414,0,3.65523,0.999569,-0.000961527,0.999859,0.947064,0.0131578,0,0.947155
4463,1.00302,2.95576,0.795816,0.944853,0.0184573,0,0.945033,1.54456,-4.24842,0,4.52048,1.00423,0.0094325,1.0012,0.942009,0.0184018,0,0.942189
4464,0.991648,2.92676,0.811824,0.950812,0.0157431,0,0.950943,1.3749,4.34286,0,4.5553,0.988324,-0.0260628,0.996647,0.95882,0.0158757,0,0.958951
4465,1.00358,2.9572,0.795049,0.944567,0.0187522,0,0.944753,-0.382966,-4.57904,0,4.59503,1.00501,0.0111761,1.00142,0.941197,0.0186853,0,0.941382
4466,1.00305,2.95585,0.795825,0.944925,0.0164757,0,0.945069,3.41725,-2.02322,0,3.97127,1.00425,0.00948638,1.0012,0.942054,0.0164257,0,0.942197
4467,1.00313,2.95603,0.795646,0.944772,0.018573,0,0.944954,0.246469,-4.71482,0,4.72126,1.00438,0.00977992,1.00125,0.941828,0.0185151,0,0.94201
4468,1.0001,2.94579,0.790993,0.937123,0.0125214,0,0.937207,3.2905,0.59429,0,3.34374,1.00266,0.00594138,1.00256,0.93703,0.0125201,0,0.937114
4469,1.00118,2.95149,0.799907,0.947488,0.0143493,0,0.947596,3.30665,1.24428,0,3.53302,1.00122,0.00271884,1.00004,0.946374,0.0143324,0,0.946482
4470,1.00382,2.95778,0.794655,0.944263,0.0236165,0,0.944558,-2.71655,-0.43667,0,2.75142,1.00535,0.0119438,1.00153,0.940673,0.0235267,0,0.940967
4471,0.993264,2.93091,0.809644,0.94991,0.0247065,0,0.950231,-0.941666,4.25124,0,4.35428,0.990553,-0.0210873,0.99727,0.956352,0.0248741,0,0.956675
4472,0.997738,2.94227,0.803149,0.947391,0.0254113,0,0.947732,-2.10345,3.58558,0,4.15702,0.99686,-0.00700789,0.999121,0.949539,0.025469,0,0.949881
4473,1.00294,2.95555,0.795911,0.944873,0.0185437,0,0.945055,0.776531,-4.71321,0,4.77675,1.00412,0.00918698,1.00118,0.942108,0.0184895,0,0.942289
4474,1.00369,2.95745,0.794779,0.944319,0.0218942,0,0.944573,-2.92407,-2.14482,0,3.62635,1.00519,0.0115907,1.00149,0.940845,0.0218137,0,0.941098
4475,0.994363,2.93371,0.808089,0.949563,0.0140231,0,0.949666,2.06617,3.89674,0,4.41063,0.99209,-0.0176561,0.997714,0.954946,0.0141026,0,0.95505
4476,1.0006,2.94959,0.799224,0.946004,0.0249066,0,0.946332,-2.8521,2.09408,0,3.53831,1.00083,0.00186055,1.00023,0.945438,0.0248917,0,0.945766
4477,1.00407,2.95846,0.794372,0.944179,0.0247178,0,0.944502,-2.39712,0.0450488,0,2.39754,1.00569,0.0126998,1.00161,0.940347,0.0246175,0,0.940669
4478,0.998127,2.9432,0.802397,0.947223,0.0132345,0,0.947315,2.95149,2.6616,0,3.97435,0.997463,-0.00566323,0.999334,0.949,0.0132594,0,0.949092
4479,0.997208,2.94089,0.803804,0.947816,0.0135316,0,0.947913,2.78714,3.15794,0,4.21197,0.996145,-0.00860396,0.998934,0.95047,0.0135695,0,0.950567
4480,0.996621,2.93951,0.805034,0.948538,0.0138028,0,0.948638,2.68472,3.46135,0,4.38049,0.995211,-0.0106908,0.998584,0.951754,0.0138496,0,0.951854
4481,1.00332,2.95652,0.79535,0.944664,0.0175417,0,0.944827,2.7835,-3.23098,0,4.26463,1.00466,0.0104039,1.00133,0.941536,0.0174837,0,0.941698
4482,1.00338,2.95664,0.795208,0.944573,0.0171387,0,0.944728,2.98723,-2.69808,0,4.02532,1.00476,0.0106147,1.00137,0.941394,0.017081,0,0.941549
4483,1.00161,2.95217,0.797783,0.945462,0.0244138,0,0.945777,-3.06089,1.30192,0,3.32626,1.00226,0.00503984,1.00064,0.943938,0.0243744,0,0.944253
4484,1.00084,2.94755,0.789531,0.936226,0.0156144,0,0.936356,3.3056,-0.156699,0,3.30932,1.00381,0.00851092,1.00297,0.935444,0.0156014,0,0.935574
4485,0.9974,2.93508,0.781142,0.924203,0.0140628,0,0.92431,3.29966,0.162913,0,3.30368,1.00272,0.00606265,1.00533,0.926612,0.0140995,0,0.926719
4486,1.00362,2.95728,0.794928,0.944382,0.02301,0,0.944662,-2.93863,-0.834766,0,3.05489,1.00508,0.0113363,1.00145,0.940974,0.0229269,0,0.941253
4487,1.00229,2.95389,0.796767,0.945032,0.0245174,0,0.94535,-2.87457,0.789879,0,2.98112,1.00323,0.00720238,1.00093,0.942869,0.0244613,0,0.943186
4488,1.00254,2.95444,0.796173,0.94482,0.0159935,0,0.944955,3.62233,-1.2918,0,3.84578,1.00364,0.00812817,1.0011,0.942427,0.015953,0,0.942562
4489,1.0033,2.95696,0.797151,0.946583,0.0150429,0,0.946702,3.43676,-0.798434,0,3.52829,1.00412,0.00920693,1.00082,0.94347,0.0149935,0,0.943589
4490,1.00409,2.95847,0.794253,0.944079,0.0242852,0,0.944391,-2.48366,-0.132697,0,2.48721,1.00574,0.0128107,1.00164,0.940233,0.0241863,0,0.940544
4491,1.00319,2.95619,0.795593,0.944636,0.0245842,0,0.944956,-2.65116,0.383095,0,2.67869,1.00446,0.00994574,1.00126,0.941634,0.024506,0,0.941953
4492,1.00329,2.95645,0.795404,0.944599,0.0220965,0,0.944857,-3.27419,-1.81954,0,3.7458,1.00462,0.0103055,1.00132,0.941496,0.022024,0,0.941754
4493,0.993649,2.93187,0.808996,0.949808,0.0149947,0,0.949927,1.87191,4.34931,0,4.73504,0.991121,-0.0198196,0.997455,0.955879,0.0150905,0,0.955998
4494,1.00372,2.95753,0.794826,0.944415,0.0208148,0,0.944645,-2.63314,-3.58122,0,4.44506,1.0052,0.0116161,1.00148,0.940919,0.0207377,0,0.941147
4495,0.998848,2.94512,0.801663,0.946908,0.0247416,0,0.947231,-2.67064,3.40883,0,4.33041,0.998391,-0.00359147,0.999543,0.948,0.0247701,0,0.948324
4496,0.991731,2.92698,0.811723,0.95076,0.0173078,0,0.950918,1.03743,4.79502,0,4.90596,0.988435,-0.0258153,0.996676,0.958687,0.0174521,0,0.958846
4497,1.00389,2.95797,0.794572,0.944329,0.0198135,0,0.944537,-1.68696,-4.28512,0,4.60522,1.00545,0.0121589,1.00156,0.940674,0.0197368,0,0.940881
4498,1.00016,2.94848,0.799887,0.946512,0.0138603,0,0.946613,3.42365,1.61333,0,3.78474,1.00021,0.000463032,1.00005,0.94636,0.013858,0,0.946461
4499,0.992283,2.92842,0.811045,0.95046,0.023246,0,0.950745,-0.549536,4.63369,0,4.66616,0.989177,-0.0241584,0.99687,0.957852,0.0234268,0,0.958139
4500,1.00103,2.95068,0.798606,0.945778,0.0242825,0,0.94609,-3.20021,1.7582,0,3.65138,1.00144,0.00321441,1.00041,0.944805,0.0242575,0,0.945117
4501,1.00325,2.95636,0.795516,0.944766,0.0178218,0,0.944934,2.56941,-3.67542,0,4.48448,1.00454,0.0101377,1.00129,0.941705,0.017764,0,0.941873
4502,1.00293,2.95553,0.795939,0.944894,0.0184914,0,0.945075,1.2944,-4.69552,0,4.87066,1.0041,0.00914809,1.00117,0.942138,0.0184375,0,0.942318
4503,0.994479,2.93399,0.807865,0.949202,0.0254806,0,0.949544,-1.2337,4.03574,0,4.22009,0.992269,-0.0172571,0.997778,0.954472,0.0256221,0,0.954816
4504,0.996615,2.93948,0.804982,0.948248,0.0250246,0,0.948578,-1.86669,4.07453,0,4.48178,0.99522,-0.0106708,0.998599,0.951469,0.0251096,0,0.9518
4505,1.00255,2.95455,0.796458,0.94496,0.0239481,0,0.945263,-3.04406,0.432048,0,3.07457,1.00357,0.00796656,1.00102,0.942558,0.0238873,0,0.942861
4506,0.995943,2.93775,0.805899,0.948788,0.0142286,0,0.948895,2.51879,3.87946,0,4.62542,0.994288,-0.0127502,0.998338,0.952653,0.0142866,0,0.95276
4507,0.997809,2.93775,0.786408,0.930146,0.0130918,0,0.930238,3.5777,0.384598,0,3.59831,1.00165,0.00368988,1.00385,0.932189,0.0131205,0,0.932281
4508,1.00238,2.954,0.796231,0.944746,0.0151655,0,0.944868,3.56205,-0.437177,0,3.58878,1.00347,0.00773964,1.00108,0.942501,0.0151295,0,0.942623
4509,0.999962,2.94797,0.800142,0.94637,0.0247321,0,0.946693,-2.87293,2.61393,0,3.88412,0.999937,-0.000141603,0.999974,0.946406,0.024733,0,0.946729
4510,1.00152,2.95201,0.798181,0.946002,0.0141137,0,0.946107,3.49572,0.909903,0,3.6122,1.00205,0.00457983,1.00053,0.944566,0.0140923,0,0.944671
4511,1.00366,2.9574,0.794917,0.944493,0.0191816,0,0.944688,-0.960175,-4.8582,0,4.95218,1.00512,0.0114336,1.00146,0.941051,0.0191117,0,0.941245
4512,1.00257,2.95458,0.796344,0.945021,0.0164,0,0.945163,3.7491,-1.71806,0,4.12401,1.00362,0.00808451,1.00105,0.9426,0.016358,0,0.942742
4513,1.00327,2.95641,0.795468,0.944717,0.0187918,0,0.944903,-0.181925,-5.17389,0,5.17709,1.00458,0.0102171,1.0013,0.941638,0.0187305,0,0.941824
4514,0.991693,2.92687,0.811734,0.950666,0.0207366,0,0.950892,0.0832923,5.05831,0,5.05899,0.988394,-0.0259059,0.996673,0.958629,0.0209103,0,0.958857
4515,1.00297,2.95564,0.795878,0.944869,0.0186451,0,0.945053,0.513164,-5.26162,0,5.28659,1.00416,0.00928717,1.00119,0.942072,0.0185899,0,0.942255
4516,0.999423,2.94654,0.800695,0.94666,0.0139379,0,0.946763,3.39725,2.1735,0,4.03304,0.999241,-0.00169467,0.999817,0.947206,0.013946,0,0.947309
4517,0.998882,2.94515,0.801437,0.946922,0.0140625,0,0.947026,3.34564,2.48996,0,4.17052,0.998489,-0.00337334,0.999607,0.947982,0.0140783,0,0.948087
4518,0.99816,2.94329,0.802373,0.947215,0.0141589,0,0.947321,3.2528,3.03675,0,4.45001,0.997502,-0.00557573,0.999341,0.948961,0.014185,0,0.949067
4519,0.997606,2.94199,0.803527,0.947893,0.01439,0,0.948002,3.14837,3.44886,0,4.66979,0.996622,-0.00754095,0.999013,0.950168,0.0144245,0,0.950277
4520,1.00297,2.95562,0.795835,0.944848,0.017209,0,0.945005,3.26881,-3.11112,0,4.51267,1.00417,0.00930429,1.0012,0.942052,0.017158,0,0.942208
4521,1.00297,2.95562,0.79583,0.944851,0.0168219,0,0.945001,3.41627,-2.49312,0,4.22925,1.00417,0.00931096,1.0012,0.942053,0.0167721,0,0.942203
4522,1.003,2.95569,0.795793,0.944716,0.0226728,0,0.944988,-3.37795,-0.977618,0,3.51658,1.00421,0.00939482,1.00121,0.941892,0.022605,0,0.942163
4523,1.00186,2.95279,0.797425,0.94533,0.0239044,0,0.945632,-3.30399,0.92355,0,3.43064,1.0026,0.00581446,1.00074,0.943576,0.0238601,0,0.943877
4524,1.00317,2.95613,0.79558,0.944637,0.0232085,0,0.944922,-3.11716,-0.474178,0,3.15302,1.00444,0.00990688,1.00127,0.941655,0.0231352,0,0.941939
4525,1.00243,2.95464,0.797983,0.946636,0.0153456,0,0.946761,3.83564,-0.929988,0,3.94678,1.00302,0.00674246,1.00059,0.94434,0.0153084,0,0.944464
4526,0.998678,2.94014,0.785783,0.930257,0.0157578,0,0.93039,3.58244,0.00831432,0,3.58245,1.0027,0.00602888,1.00403,0.931488,0.0157786,0,0.931622
4527,1.00339,2.95671,0.795343,0.944579,0.0239161,0,0.944882,-2.83712,-0.103104,0,2.83899,1.00473,0.0105521,1.00133,0.941389,0.0238353,0,0.94169
4528,0.995323,2.93618,0.806789,0.948914,0.0244922,0,0.94923,-1.38166,4.54186,0,4.74736,0.993417,-0.0146948,0.998085,0.953373,0.0246073,0,0.953691
4529,1.0026,2.95467,0.796371,0.944944,0.0228532,0,0.94522,-3.58257,-0.552353,0,3.6249,1.00364,0.00813454,1.00104,0.942495,0.022794,0,0.942771
4530,1.00329,2.95645,0.795406,0.944613,0.0214916,0,0.944857,-3.24698,-2.73236,0,4.24366,1.00461,0.0102996,1.00132,0.941513,0.021421,0,0.941757
4531,0.993212,2.93073,0.809538,0.949935,0.0160896,0,0.950072,1.62691,4.87492,0,5.13923,0.990531,-0.0211362,0.997301,0.956428,0.0161996,0,0.956565
4532,1.00294,2.95558,0.795917,0.944893,0.0183216,0,0.945071,1.86384,-4.72061,0,5.07524,1.00412,0.009205,1.00118,0.942118,0.0182678,0,0.942296
4533,1.00175,2.95246,0.797401,0.945371,0.0156774,0,0.945501,3.98738,-0.523399,0,4.02158,1.0025,0.00558116,1.00075,0.943722,0.01565,0,0.943852
4534,1.00024,2.94624,0.791163,0.93737,0.0164706,0,0.937515,3.88614,-0.228795,0,3.89287,1.00275,0.00614256,1.00251,0.937148,0.0164667,0,0.937293
4535,1.00312,2.95602,0.795693,0.944824,0.0181175,0,0.944997,2.29808,-4.11599,0,4.71408,1.00436,0.00973403,1.00124,0.941886,0.0180612,0,0.942059
4536,1.00134,2.95148,0.798173,0.94563,0.0237553,0,0.945929,-3.50964,1.36899,0,3.76719,1.00187,0.00418353,1.00053,0.944364,0.0237235,0,0.944662
4537,1.00286,2.95535,0.796023,0.944917,0.0185416,0,0.945099,1.10441,-5.24479,0,5.35981,1.00401,0.00894318,1.00115,0.942225,0.0184888,0,0.942406
4538,0.994153,2.93315,0.808271,0.949357,0.0238275,0,0.949656,-1.1064,4.8124,0,4.93794,0.99183,-0.0182376,0.997662,0.95494,0.0239676,0,0.95524
4539,0.998031,2.94305,0.802862,0.947392,0.0245317,0,0.94771,-2.48114,4.00452,0,4.71086,0.997235,-0.00617239,0.999202,0.949261,0.0245801,0,0.94958
4540,0.999426,2.94658,0.800794,0.946549,0.0245933,0,0.946868,-2.85965,3.12729,0,4.23764,0.999216,-0.00175091,0.99979,0.947092,0.0246075,0,0.947412
4541,1.0036,2.95724,0.794932,0.94443,0.0204206,0,0.944651,-2.37075,-4.21402,0,4.83513,1.00506,0.0113,1.00145,0.941039,0.0203472,0,0.941259
4542,1.00214,2.95353,0.797073,0.94539,0.016133,0,0.945528,4.03636,-1.34617,0,4.25492,1.00299,0.00666911,1.00085,0.94337,0.0160985,0,0.943508
4543,0.993358,2.93113,0.809441,0.949849,0.022304,0,0.950111,-0.544136,5.30951,0,5.33732,0.990705,-0.0207483,0.997329,0.9562,0.0224531,0,0.956463
4544,1.00323,2.95629,0.795466,0.944613,0.0217732,0,0.944864,-3.3886,-2.29376,0,4.09194,1.00454,0.0101249,1.0013,0.94157,0.0217031,0,0.94182
4545,0.995319,2.93614,0.806684,0.949001,0.0148933,0,0.949117,2.36243,4.34062,0,4.94187,0.993443,-0.014637,0.998115,0.953464,0.0149634,0,0.953581
4546,1.00287,2.95536,0.796003,0.944821,0.0222924,0,0.945084,-3.58664,-1.42801,0,3.86047,1.00402,0.00896647,1.00115,0.942121,0.0222287,0,0.942383
4547,1.00297,2.95565,0.795904,0.94492,0.017501,0,0.945082,3.10582,-3.62507,0,4.7736,1.00415,0.00927247,1.00118,0.942119,0.0174491,0,0.942281
4548,1.00329,2.95646,0.795437,0.944655,0.0211735,0,0.944892,-3.17918,-3.39058,0,4.64793,1.00461,0.0102842,1.00131,0.941554,0.021104,0,0.94179
4549,0.9921,2.9279,0.811114,0.950459,0.0186133,0,0.950641,0.768968,5.31933,0,5.37462,0.988975,-0.0246087,0.996851,0.958027,0.0187615,0,0.958211
4550,1.00109,2.95138,0.800466,0.94798,0.015038,0,0.948099,3.67802,1.28187,0,3.895,1.00097,0.00216423,0.999882,0.94695,0.0150217,0,0.947069
4551,1.0005,2.94933,0.799364,0.946077,0.0241087,0,0.946384,-3.29907,2.28091,0,4.01078,1.00069,0.00154695,1.0002,0.945606,0.0240967,0,0.945913
4552,0.999927,2.94612,0.793954,0.940062,0.0136124,0,0.940161,3.85078,0.696266,0,3.91322,1.00165,0.00368954,1.00173,0.940131,0.0136134,0,0.94023
4553,1.00348,2.95695,0.795129,0.944542,0.0197054,0,0.944748,-1.6626,-5.00162,0,5.27071,1.00489,0.0109117,1.0014,0.941262,0.019637,0,0.941467
4554,1.00333,2.95657,0.795407,0.944701,0.0191456,0,0.944895,-0.79085,-5.5579,0,5.61388,1.00465,0.0103892,1.00132,0.941567,0.0190821,0,0.94176
4555,1.00303,2.95581,0.795821,0.944864,0.018821,0,0.945051,0.0898304,-5.81824,0,5.81893,1.00424,0.00946339,1.0012,0.942008,0.0187642,0,0.942195
4556,0.999832,2.94763,0.80028,0.946603,0.0145312,0,0.946714,3.7753,1.9106,0,4.23123,0.999767,-0.000519817,0.999935,0.946762,0.0145336,0,0.946873
4557,0.997069,2.94064,0.804361,0.948249,0.0146832,0,0.948362,2.98176,3.88075,0,4.89399,0.995849,-0.00926599,0.998776,0.951036,0.0147264,0,0.95115
4558,0.999268,2.94612,0.800832,0.946645,0.0146863,0,0.946759,3.76137,2.39533,0,4.45932,0.999046,-0.00212906,0.999779,0.947339,0.014697,0,0.947453
4559,0.998834,2.94503,0.801495,0.946926,0.0147951,0,0.947041,3.71459,2.83388,0,4.67216,0.998425,-0.00351644,0.999591,0.948032,0.0148124,0,0.948147
4560,0.99832,2.94376,0.802352,0.947334,0.0149216,0,0.947451,3.64524,3.35548,0,4.9545,0.997668,-0.00520583,0.999347,0.948928,0.0149467,0,0.949046
4561,1.00255,2.95454,0.796396,0.945047,0.0169701,0,0.9452,3.75986,-2.9017,0,4.74936,1.00359,0.00801144,1.00104,0.942645,0.016927,0,0.942797
4562,1.00253,2.9545,0.796473,0.945116,0.0166035,0,0.945262,3.82552,-2.20595,0,4.41597,1.00355,0.00791413,1.00102,0.942733,0.0165616,0,0.942878
4563,1.00207,2.95334,0.797136,0.945238,0.0234504,0,0.945529,-3.49975,0.505537,0,3.53608,1.0029,0.00647218,1.00083,0.943284,0.023402,0,0.943574
4564,0.997504,2.93657,0.785394,0.928765,0.015043,0,0.928887,3.89506,0.200425,0,3.90021,1.00163,0.00364011,1.00414,0.931089,0.0150807,0,0.931211
4565,1.00269,2.95493,0.796303,0.944947,0.0233834,0,0.945236,-3.25264,-0.0201653,0,3.2527,1.00376,0.0083862,1.00106,0.94241,0.0233206,0,0.942699
4566,0.994959,2.9352,0.807134,0.948965,0.0229613,0,0.949243,-1.21485,5.5016,0,5.63413,0.992956,-0.0157225,0.997987,0.953773,0.0230777,0,0.954052
4567,0.994867,2.93498,0.8073,0.949199,0.0156237,0,0.949327,2.17924,4.85272,0,5.31959,0.992816,-0.0160351,0.997939,0.954096,0.0157043,0,0.954226
4568,1.00247,2.95435,0.79654,0.945013,0.0224127,0,0.945279,-3.85637,-0.985356,0,3.98027,1.00347,0.00774636,1.001,0.942683,0.0223574,0,0.942948
4569,1.00157,2.95206,0.797848,0.945516,0.0233281,0,0.945803,-3.77164,0.930102,0,3.88463,1.0022,0.00490038,1.00062,0.944034,0.0232916,0,0.944321
4570,1.00281,2.95522,0.796101,0.944881,0.0219468,0,0.945136,-3.76855,-1.92491,0,4.23169,1.00393,0.00878148,1.00112,0.942233,0.0218853,0,0.942487
4571,0.996949,2.94029,0.804375,0.947958,0.0240505,0,0.948263,-2.11323,4.62779,0,5.08746,0.995725,-0.00954317,0.998772,0.950859,0.0241241,0,0.951165
4572,1.00086,2.95025,0.798825,0.945866,0.023596,0,0.94616,-3.68363,1.8843,0,4.1376,1.00121,0.00269912,1.00035,0.945052,0.0235757,0,0.945346
4573,1.00286,2.95535,0.796038,0.944943,0.0180484,0,0.945115,2.50732,-4.72452,0,5.34862,1.004,0.00893246,1.00114,0.94225,0.0179969,0,0.942422
4574,1.00293,2.95554,0.795959,0.944934,0.0177772,0,0.945101,2.86332,-4.13871,0,5.03264,1.0041,0.00914413,1.00116,0.942173,0.0177252,0,0.942339
4575,0.993164,2.93062,0.809638,0.949972,0.0172793,0,0.950129,1.33716,5.36133,0,5.52557,0.990455,-0.0213061,0.997272,0.956511,0.0173983,0,0.956669
4576,1.00282,2.95526,0.796089,0.944948,0.0186349,0,0.945132,0.813632,-5.89282,0,5.94872,1.00395,0.00881533,1.00113,0.942294,0.0185825,0,0.942477
4577,1.00261,2.95471,0.796396,0.945096,0.0172737,0,0.945254,3.66598,-3.4727,0,5.04965,1.00365,0.00813876,1.00104,0.94264,0.0172288,0,0.942798
4578,0.998329,2.94023,0.789785,0.934165,0.0144767,0,0.934277,4.22492,0.479773,0,4.25208,1.00123,0.00273744,1.0029,0.935729,0.0145009,0,0.935841
4579,1.00219,2.95416,0.798808,0.947268,0.0157934,0,0.9474,4.26342,-0.914501,0,4.3604,1.00254,0.00568001,1.00035,0.945198,0.0157589,0,0.945329
4580,0.998721,2.94135,0.789632,0.934344,0.016214,0,0.934484,4.25862,-0.140606,0,4.26094,1.00166,0.00371234,1.00295,0.93554,0.0162348,0,0.935681
4581,0.995799,2.93733,0.805893,0.948454,0.0237785,0,0.948752,-1.63431,5.07422,0,5.33092,0.994146,-0.0130664,0.99834,0.952455,0.0238788,0,0.952754
4582,1.0028,2.9552,0.796074,0.944855,0.0215971,0,0.945101,-3.77383,-2.66031,0,4.61726,1.00394,0.00878635,1.00113,0.942212,0.0215367,0,0.942458
4583,1.00286,2.95537,0.796023,0.944864,0.0213688,0,0.945105,-3.71781,-3.11346,0,4.84931,1.00401,0.00895453,1.00114,0.942165,0.0213078,0,0.942406
4584,1.00284,2.9553,0.796057,0.944938,0.018421,0,0.945117,1.6387,-5.20844,0,5.46014,1.00398,0.0088799,1.00114,0.942264,0.0183688,0,0.942443
4585,1.00218,2.95362,0.796996,0.945204,0.0229899,0,0.945483,-3.73756,-0.00128666,0,3.73756,1.00305,0.00680196,1.00087,0.943148,0.02294,0,0.943427
4586,1.00001,2.94811,0.80009,0.946382,0.0239686,0,0.946686,-3.34721,2.84439,0,4.39254,1,4.817e-06,0.999989,0.94637,0.0239683,0,0.946674
4587,1.00351,2.95702,0.795107,0.944538,0.0201286,0,0.944752,-2.08502,-4.78978,0,5.22392,1.00492,0.0109889,1.0014,0.94123,0.0200582,0,0.941444
4588,1.00319,2.95619,0.795511,0.944645,0.0208447,0,0.944875,-3.03526,-4.04015,0,5.05328,1.00449,0.0100119,1.00129,0.941639,0.0207784,0,0.941868
4589,0.993014,2.93025,0.809884,0.950023,0.0203758,0,0.950242,0.102485,5.74482,0,5.74574,0.990236,-0.0217952,0.997202,0.956707,0.0205192,0,0.956927
4590,0.997927,2.94284,0.803197,0.94784,0.0152,0,0.947962,3.50618,3.86407,0,5.2177,0.997036,-0.00661634,0.999107,0.949809,0.0152316,0,0.949931
4591,1.00318,2.95619,0.795589,0.944744,0.0195913,0,0.944947,-1.56344,-5.80742,0,6.01419,1.00446,0.00994532,1.00127,0.941749,0.0195292,0,0.941951
4592,1.00303,2.95582,0.795812,0.944852,0.0191191,0,0.945045,-0.53728,-6.31988,0,6.34268,1.00425,0.00947944,1.00121,0.941993,0.0190613,0,0.942186
4593,1.00056,2.94937,0.7989,0.945835,0.0148601,0,0.945951,4.10621,1.0899,0,4.24839,1.00088,0.00197189,1.00033,0.945308,0.0148518,0,0.945425
4594,1.00031,2.94922,0.800895,0.947688,0.0155217,0,0.947815,4.09945,1.53856,0,4.37866,1.00007,0.0001652,0.999761,0.947391,0.0155169,0,0.947518
4595,0.996418,2.93893,0.805124,0.948421,0.0149498,0,0.948539,2.83173,4.32437,0,5.16903,0.994982,-0.0112017,0.998559,0.951831,0.0150035,0,0.951949
4596,0.999576,2.94689,0.800333,0.946407,0.0151143,0,0.946528,4.18599,2.16496,0,4.71271,0.999496,-0.00112532,0.99992,0.946809,0.0151207,0,0.946929
4597,0.999195,2.94591,0.800835,0.94657,0.0152915,0,0.946693,4.18489,2.66228,0,4.95994,0.998973,-0.00229283,0.999778,0.947332,0.0153038,0,0.947456
4598,0.99889,2.9452,0.80152,0.946996,0.0154068,0,0.947122,4.15664,3.15807,0,5.22025,0.998474,-0.00340553,0.999583,0.948048,0.0154239,0,0.948174
4599,1.00218,2.95362,0.797012,0.945351,0.0168253,0,0.9455,4.23753,-2.59581,0,4.9694,1.00304,0.00679407,1.00086,0.943295,0.0167887,0,0.943445
4600,1.00207,2.95329,0.796949,0.945187,0.0165668,0,0.945332,4.19529,-1.83679,0,4.57977,1.00295,0.00659396,1.00088,0.943233,0.0165326,0,0.943378
4601,0.996326,2.93869,0.805221,0.948273,0.0230564,0,0.948553,-1.87182,5.72686,0,6.025,0.994863,-0.0114655,0.998532,0.951769,0.0231414,0,0.952051
4602,1.00242,2.95423,0.796646,0.945083,0.0220814,0,0.945341,-4.10822,-1.4803,0,4.36678,1.00339,0.00756128,1.00097,0.942802,0.0220281,0,0.94306
4603,0.998135,2.94331,0.802693,0.947336,0.0236773,0,0.947632,-2.78056,4.60147,0,5.37634,0.997387,-0.00583235,0.999251,0.949106,0.0237215,0,0.949403
4604,0.998904,2.94525,0.801553,0.946868,0.0238971,0,0.947169,-3.06807,3.86325,0,4.93333,0.998479,-0.00339574,0.999574,0.947907,0.0239233,0,0.948209
4605,0.99714,2.94076,0.804039,0.947804,0.0234027,0,0.948093,-2.28266,5.28966,0,5.76117,0.996011,-0.00890417,0.998868,0.950523,0.0234698,0,0.950813
4606,0.994524,2.93409,0.807746,0.949323,0.0164032,0,0.949465,1.95473,5.42804,0,5.76928,0.992349,-0.017079,0.997812,0.95455,0.0164935,0,0.954692
4607,0.999498,2.94678,0.800766,0.946606,0.0238751,0,0.946907,-3.35292,3.41581,0,4.78642,0.999296,-0.00157239,0.999798,0.947082,0.0238871,0,0.947383
4608,1.00322,2.95628,0.795547,0.944726,0.0200308,0,0.944938,-2.14577,-5.43802,0,5.84606,1.0045,0.0100529,1.00128,0.941695,0.0199665,0,0.941907
4609,1.00321,2.95624,0.795539,0.944696,0.0204222,0,0.944916,-2.7948,-4.71712,0,5.48289,1.00449,0.0100267,1.00128,0.941677,0.0203569,0,0.941897
4610,0.998525,2.94433,0.802233,0.947393,0.0155867,0,0.947521,4.08317,3.74422,0,5.53999,0.997907,-0.00467202,0.999381,0.948792,0.0156097,0,0.948921
4611,1.00222,2.95372,0.796948,0.945313,0.0171076,0,0.945468,4.22957,-3.21287,0,5.31148,1.0031,0.00691897,1.00088,0.943223,0.0170698,0,0.943378
4612,1.00278,2.95516,0.796149,0.944985,0.0182363,0,0.945161,2.22613,-5.24722,0,5.69991,1.0039,0.00869464,1.00111,0.942364,0.0181857,0,0.942539
4613,1.00263,2.95477,0.796385,0.9451,0.0175123,0,0.945263,3.48177,-4.0684,0,5.35487,1.00367,0.00819435,1.00104,0.942625,0.0174665,0,0.942787
4614,1.00046,2.94925,0.799439,0.946139,0.0234911,0,0.94643,-3.81406,2.46582,0,4.54173,1.00064,0.00142337,1.00017,0.9457,0.0234802,0,0.945992
4615,1.00174,2.95249,0.797627,0.94545,0.0229662,0,0.945729,-3.99331,0.460416,0,4.01977,1.00242,0.00541153,1.00069,0.943811,0.0229264,0,0.94409
4616,1.00264,2.95481,0.796348,0.945073,0.0177965,0,0.945241,3.15632,-4.71784,0,5.6763,1.0037,0.00825988,1.00105,0.942581,0.0177496,0,0.942748
4617,1.00114,2.95096,0.798447,0.945742,0.023177,0,0.946026,-4.02086,1.42939,0,4.26738,1.00159,0.00355705,1.00045,0.944667,0.0231506,0,0.944951
4618,1.00281,2.95526,0.796107,0.944962,0.0188227,0,0.945149,0.296176,-6.57103,0,6.57771,1.00394,0.00880256,1.00113,0.942309,0.0187699,0,0.942496
4619,1.00285,2.95534,0.79605,0.944887,0.0211121,0,0.945123,-3.67315,-3.78642,0,5.27532,1.00399,0.00891189,1.00114,0.942199,0.021052,0,0.942434
4620,0.997212,2.94097,0.804035,0.948034,0.0152762,0,0.948157,3.33278,4.33458,0,5.46772,0.996084,-0.00874104,0.998869,0.950685,0.0153189,0,0.950808
4621,0.994326,2.9336,0.808073,0.949365,0.0217681,0,0.949615,-0.640552,6.03352,0,6.06742,0.992058,-0.0177268,0.99772,0.954783,0.0218924,0,0.955033
4622,1.00095,2.94993,0.796781,0.943956,0.016323,0,0.944098,4.43396,-0.525329,0,4.46497,1.00188,0.00419268,1.00093,0.94306,0.0163075,0,0.943201
4623,0.9985,2.94045,0.788769,0.933243,0.0152952,0,0.933368,4.63637,0.191016,0,4.64031,1.00168,0.00375782,1.00319,0.934645,0.0153182,0,0.934771
4624,1.0024,2.95417,0.796658,0.945085,0.0217007,0,0.945334,-4.27606,-2.28898,0,4.85017,1.00336,0.00751005,1.00096,0.942823,0.0216487,0,0.943072
4625,1.00243,2.95426,0.796605,0.945069,0.0214263,0,0.945312,-4.28349,-2.95335,0,5.20294,1.00341,0.00762124,1.00098,0.942775,0.0213742,0,0.943017
4626,1.00275,2.95508,0.79619,0.944992,0.0185158,0,0.945174,1.41351,-5.8432,0,6.01174,1.00385,0.00859925,1.0011,0.942402,0.018465,0,0.942583
4627,1.00211,2.95344,0.797042,0.945201,0.0225459,0,0.94547,-4.07567,-0.46527,0,4.10214,1.00297,0.00662647,1.00085,0.943207,0.0224983,0,0.943476
4628,0.993419,2.93127,0.809287,0.949828,0.0185531,0,0.95001,0.892433,6.01624,0,6.08207,0.99081,-0.0205145,0.997373,0.95612,0.0186761,0,0.956303
4629,1.0029,2.95548,0.795978,0.944894,0.0194977,0,0.945095,-1.36717,-6.69805,0,6.83615,1.00407,0.00907977,1.00116,0.94216,0.0194413,0,0.942361
4630,0.999295,2.9445,0.794844,0.940381,0.0150444,0,0.940501,4.55439,0.860494,0,4.63497,1.00077,0.00171493,1.00147,0.941045,0.0150551,0,0.941165
4631,1.0006,2.95002,0.800758,0.94781,0.015693,0,0.94794,4.50931,1.32035,0,4.69864,1.0004,0.000883766,0.9998,0.947245,0.0156837,0,0.947375
4632,0.996144,2.93823,0.805467,0.948511,0.0154059,0,0.948636,2.70065,4.82694,0,5.53108,0.994612,-0.0120272,0.998461,0.952182,0.0154655,0,0.952308
4633,1.00022,2.94892,0.800842,0.947538,0.015776,0,0.947669,4.57422,1.79215,0,4.91276,0.999993,-1.51167e-05,0.999776,0.947332,0.0157726,0,0.947463
4634,0.999548,2.94682,0.80037,0.946409,0.0156657,0,0.946539,4.66171,2.41468,0,5.24997,0.999458,-0.00121043,0.99991,0.946838,0.0156728,0,0.946967
4635,0.999246,2.94607,0.800881,0.946657,0.0158295,0,0.94679,4.6806,2.93922,0,5.52693,0.999011,-0.00220789,0.999765,0.947372,0.0158414,0,0.947504
4636,1.0017,2.95232,0.797398,0.945305,0.0168063,0,0.945454,4.67904,-2.19055,0,5.16643,1.00246,0.00548097,1.00075,0.9437,0.0167778,0,0.943849
4637,1.0018,2.95272,0.797811,0.945837,0.0163548,0,0.945979,4.50971,-1.39146,0,4.71949,1.00243,0.00543043,1.00064,0.944142,0.0163255,0,0.944283
4638,1.00269,2.95493,0.796274,0.945027,0.0183871,0,0.945206,1.89177,-5.84348,0,6.14208,1.00377,0.0084107,1.00108,0.942493,0.0183378,0,0.942672
4639,0.997425,2.94149,0.803659,0.947693,0.0228585,0,0.947969,-2.5708,5.97206,0,6.50188,0.996404,-0.00802569,0.998976,0.950139,0.0229175,0,0.950416
4640,1.00182,2.9527,0.797463,0.945483,0.0170199,0,0.945636,4.77339,-2.8385,0,5.55358,1.00256,0.00570939,1.00074,0.943765,0.0169889,0,0.943918
4641,1.00205,2.9533,0.79716,0.945287,0.0217988,0,0.945538,-4.70577,-1.77804,0,5.03048,1.00288,0.00642122,1.00082,0.943349,0.0217541,0,0.9436
4642,0.994117,2.93307,0.808355,0.949495,0.0201181,0,0.949708,0.12694,6.52314,0,6.52438,0.99177,-0.0183709,0.997639,0.955114,0.0202372,0,0.955329
4643,1.00132,2.95142,0.798177,0.945639,0.0228393,0,0.945915,-4.30265,0.931343,0,4.40229,1.00185,0.00413798,1.00053,0.944391,0.0228092,0,0.944666
4644,1.00262,2.95477,0.796371,0.945076,0.01802,0,0.945247,2.86475,-5.29122,0,6.01696,1.00368,0.00820545,1.00105,0.942601,0.0179728,0,0.942773
4645,0.99808,2.9432,0.802899,0.947664,0.0157646,0,0.947795,3.9258,4.32179,0,5.83865,0.997273,-0.0060867,0.999192,0.949487,0.0157949,0,0.949619
4646,0.995615,2.93688,0.806234,0.948668,0.0223166,0,0.948931,-1.35449,6.25208,0,6.39712,0.993866,-0.0136918,0.998244,0.952847,0.0224149,0,0.953111
4647,0.999979,2.94801,0.800085,0.946363,0.023267,0,0.946649,-3.88858,3.08981,0,4.96668,0.999969,-6.80623e-05,0.999991,0.946383,0.0232675,0,0.946669
4648,1.00226,2.95383,0.796893,0.945291,0.0173354,0,0.945449,4.12779,-3.87699,0,5.66301,1.00316,0.00704865,1.0009,0.943161,0.0172963,0,0.94332
4649,1.00167,2.95267,0.798912,0.946882,0.0161536,0,0.94702,4.74707,-0.922323,0,4.83584,1.002,0.0044592,1.00032,0.9453,0.0161266,0,0.945438
4650,1.0018,2.95264,0.797541,0.945424,0.0226249,0,0.945695,-4.25926,0.0221402,0,4.25932,1.00251,0.00560155,1.00071,0.943729,0.0225844,0,0.943999
4651,1.00265,2.95485,0.796344,0.945064,0.0186346,0,0.945248,1.14441,-6.60764,0,6.70601,1.00372,0.00829506,1.00106,0.942562,0.0185852,0,0.942746
4652,1.00285,2.95534,0.796049,0.944893,0.020784,0,0.945122,-3.52773,-4.52222,0,5.73545,1.00399,0.00891328,1.00114,0.942206,0.0207249,0,0.942434
4653,1.00292,2.95553,0.795986,0.944902,0.0203267,0,0.945121,-2.95344,-5.51255,0,6.25388,1.00408,0.00910963,1.00116,0.942151,0.0202676,0,0.942369
4654,1.00279,2.9552,0.796156,0.944984,0.0191317,0,0.945178,-0.487346,-7.1776,0,7.19413,1.0039,0.00871629,1.00111,0.942356,0.0190785,0,0.942549
4655,0.99821,2.94351,0.802606,0.947332,0.0230853,0,0.947613,-3.04912,5.31998,0,6.13182,0.997487,-0.00560866,0.999276,0.949031,0.0231267,0,0.949312
4656,0.994377,2.93372,0.807954,0.949381,0.0173768,0,0.94954,1.57735,6.02969,0,6.23259,0.992143,-0.0175386,0.997753,0.95475,0.0174751,0,0.95491
4657,0.998895,2.94524,0.801576,0.946898,0.0233099,0,0.947185,-3.47354,4.44627,0,5.64223,0.998464,-0.00342914,0.999568,0.947945,0.0233357,0,0.948232
4658,0.999418,2.94655,0.800788,0.946568,0.0232794,0,0.946854,-3.68301,3.94034,0,5.39359,0.999209,-0.00176487,0.999792,0.94712,0.0232929,0,0.947406
4659,1.00234,2.95404,0.796792,0.945257,0.0175986,0,0.945421,3.83868,-4.65352,0,6.03247,1.00327,0.00730006,1.00093,0.943051,0.0175575,0,0.943214
4660,1.00076,2.95,0.79899,0.94596,0.0230619,0,0.946241,-4.236,2.00619,0,4.68706,1.00106,0.00237323,1.0003,0.945239,0.0230444,0,0.94552
4661,1.00207,2.95332,0.797129,0.945257,0.0221817,0,0.945517,-4.40003,-0.962187,0,4.504,1.0029,0.00646767,1.00083,0.943307,0.022136,0,0.943567
4662,0.99896,2.94252,0.791299,0.936317,0.016418,0,0.936461,4.71592,-0.164501,0,4.71879,1.00143,0.0031993,1.00248,0.937292,0.0164351,0,0.937436
4663,1.0025,2.95443,0.796555,0.94508,0.0212304,0,0.945318,-4.15705,-3.58596,0,5.49,1.00349,0.00779509,1.00099,0.942726,0.0211775,0,0.942964
4664,1.00205,2.95329,0.797144,0.945277,0.0215082,0,0.945522,-4.85326,-2.61476,0,5.51281,1.00288,0.00643351,1.00083,0.943339,0.0214641,0,0.943583
4665,1.00293,2.95555,0.795936,0.94487,0.0198911,0,0.945079,-2.19279,-6.30324,0,6.67377,1.00411,0.00917073,1.00117,0.942108,0.019833,0,0.942316
4666,0.99899,2.9455,0.801529,0.947092,0.0159379,0,0.947226,4.64653,3.53608,0,5.83902,0.998572,-0.00318792,0.999581,0.948049,0.015954,0,0.948183
4667,0.995837,2.93745,0.805918,0.948677,0.0161078,0,0.948814,2.54607,5.39304,0,5.96383,0.994177,-0.012998,0.998333,0.952643,0.0161751,0,0.952781
4668,0.999662,2.94645,0.797905,0.943927,0.0159319,0,0.944062,4.97783,1.13414,0,5.1054,1.00027,0.000602609,1.00061,0.944247,0.0159373,0,0.944381
4669,1.00029,2.94914,0.800867,0.947625,0.0161023,0,0.947762,5.00198,1.49294,0,5.22003,1.00006,0.000127359,0.999769,0.947352,0.0160977,0,0.947489
4670,0.998722,2.94201,0.791966,0.936808,0.0156878,0,0.936939,5.03359,0.579416,0,5.06683,1.00101,0.00224643,1.00229,0.938007,0.0157079,0,0.938138
4671,0.999891,2.94787,0.800515,0.946879,0.0161338,0,0.947017,5.11304,2.03384,0,5.5027,0.99976,-0.000535356,0.999869,0.946982,0.0161355,0,0.947119
4672,0.999491,2.94664,0.800324,0.946302,0.0160718,0,0.946438,5.21227,2.65746,0,5.85063,0.999414,-0.00130776,0.999923,0.946784,0.01608,0,0.94692
4673,1.00151,2.95198,0.798214,0.945983,0.0166487,0,0.94613,5.06234,-1.69184,0,5.33757,1.00203,0.00453208,1.00052,0.944559,0.0166236,0,0.944706
4674,1.00238,2.95414,0.796722,0.945216,0.0178269,0,0.945384,3.56277,-5.29834,0,6.38481,1.00333,0.00743172,1.00095,0.942974,0.0177846,0,0.943141
4675,1.00267,2.95489,0.796333,0.945049,0.0194545,0,0.945249,-1.31346,-7.64639,0,7.75838,1.00373,0.00833433,1.00106,0.942535,0.0194027,0,0.942735
4676,0.99676,2.93981,0.804636,0.94809,0.0224336,0,0.948355,-2.05194,6.50462,0,6.8206,0.995463,-0.0101269,0.998699,0.951172,0.0225066,0,0.951438
4677,1.00148,2.9518,0.797852,0.945569,0.0170692,0,0.945723,5.26949,-2.34899,0,5.76934,1.00211,0.00470144,1.00063,0.944172,0.017044,0,0.944326
4678,1.00146,2.95177,0.79801,0.945597,0.0225533,0,0.945866,-4.53989,0.460469,0,4.56318,1.00203,0.00454223,1.00058,0.944223,0.0225205,0,0.944492
4679,1.00263,2.95479,0.796394,0.945087,0.018848,0,0.945275,0.536597,-7.42461,0,7.44398,1.00368,0.00820452,1.00105,0.942611,0.0187987,0,0.942799
4680,0.997091,2.94062,0.804047,0.947922,0.0158684,0,0.948055,3.36176,5.12759,0,6.13137,0.99596,-0.00901813,0.998866,0.950688,0.0159147,0,0.950821
4681,0.998699,2.94479,0.802037,0.947344,0.0161355,0,0.947481,4.57275,4.19126,0,6.20296,0.998136,-0.00416013,0.999437,0.948578,0.0161565,0,0.948716
4682,0.99833,2.9438,0.802392,0.947234,0.022585,0,0.947503,-3.39411,6.07451,0,6.95843,0.997668,-0.00520607,0.999337,0.948819,0.0226227,0,0.949088
4683,1.00257,2.95464,0.796442,0.945099,0.0181955,0,0.945274,2.56088,-5.88361,0,6.41677,1.00361,0.00804733,1.00103,0.942673,0.0181488,0,0.942848
4684,1.00099,2.95057,0.798676,0.94585,0.0227201,0,0.946122,-4.60109,1.48309,0,4.83421,1.00138,0.0030723,1.00039,0.944918,0.0226977,0,0.94519
4685,1.00269,2.95495,0.796287,0.945016,0.0197804,0,0.945223,-2.11592,-7.20317,0,7.50752,1.00377,0.00841582,1.00108,0.94248,0.0197273,0,0.942686
4686,0.995538,2.93668,0.806318,0.948798,0.0167274,0,0.948946,2.30694,6.06849,0,6.49219,0.993766,-0.0139149,0.99822,0.95305,0.0168024,0,0.953198
4687,1.00137,2.95145,0.797733,0.945355,0.0165121,0,0.945499,4.9154,-0.610957,0,4.95322,1.00203,0.00453886,1.00066,0.944057,0.0164895,0,0.944201
4688,1.00174,2.95249,0.797602,0.945458,0.0215616,0,0.945704,-5.37031,-2.09226,0,5.76349,1.00243,0.00543427,1.0007,0.943818,0.0215242,0,0.944063
4689,1.00263,2.95478,0.796386,0.945084,0.0185118,0,0.945265,1.65223,-6.53447,0,6.74011,1.00368,0.00820423,1.00105,0.942609,0.0184633,0,0.94279
4690,1.00187,2.95284,0.797414,0.945478,0.0172216,0,0.945635,4.77473,-3.55631,0,5.95361,1.00262,0.00585918,1.00075,0.94371,0.0171894,0,0.943867
4691,0.994491,2.93401,0.807786,0.949293,0.018548,0,0.949474,1.06427,6.79999,0,6.88277,0.992305,-0.0171764,0.997802,0.954552,0.0186507,0,0.954734
4692,0.998312,2.9401,0.789478,0.9338,0.0161164,0,0.933939,5.11178,0.110731,0,5.11298,1.0013,0.00289177,1.00299,0.935379,0.0161436,0,0.935518
4693,0.99515,2.93571,0.806924,0.948967,0.0212927,0,0.949206,-0.71621,6.85736,0,6.89466,0.993207,-0.0151633,0.998048,0.953592,0.0213965,0,0.953832
4694,1.00036,2.94898,0.799556,0.946178,0.0229124,0,0.946455,-4.40259,2.65446,0,5.14091,1.0005,0.001121,1.00014,0.945836,0.0229041,0,0.946114
4695,1.00199,2.95314,0.797281,0.945443,0.0174812,0,0.945604,4.55715,-4.47893,0,6.38971,1.00278,0.00620357,1.00079,0.943567,0.0174465,0,0.943728
4696,1.00251,2.95447,0.796541,0.945091,0.0206534,0,0.945317,-3.83394,-5.36147,0,6.59125,1.00351,0.00783867,1.001,0.942726,0.0206017,0,0.942951
4697,0.999866,2.94771,0.80022,0.946409,0.0228224,0,0.946684,-4.36213,3.65437,0,5.69057,0.999819,-0.000405113,0.999952,0.946536,0.0228255,0,0.946811
4698,0.998946,2.94538,0.801559,0.946942,0.0227372,0,0.947215,-3.86725,5.17746,0,6.46233,0.998519,-0.00330533,0.999573,0.947942,0.0227612,0,0.948215
4699,0.999422,2.94659,0.800861,0.94666,0.0228557,0,0.946935,-4.16345,4.43558,0,6.08347,0.999193,-0.00180057,0.999771,0.947207,0.0228689,0,0.947483
4700,1.00176,2.95253,0.797559,0.945414,0.0222664,0,0.945676,-4.63238,-0.41895,0,4.65129,1.00246,0.00550086,1.00071,0.943756,0.0222273,0,0.944018
4701,1.00174,2.95248,0.797592,0.945441,0.0218695,0,0.945694,-5.06081,-1.17977,0,5.19651,1.00244,0.00543932,1.0007,0.943801,0.0218315,0,0.944053
4702,1.0025,2.95445,0.796532,0.945069,0.020987,0,0.945302,-4.15172,-4.25739,0,5.94661,1.00351,0.00783065,1.001,0.942708,0.0209345,0,0.94294
4703,1.0021,2.95342,0.797087,0.945267,0.0212812,0,0.945506,-4.85142,-3.35099,0,5.89622,1.00295,0.00657693,1.00084,0.943284,0.0212366,0,0.943523
4704,1.00264,2.95481,0.79635,0.945023,0.0202004,0,0.945238,-3.10619,-6.42072,0,7.1326,1.0037,0.00825334,1.00106,0.942536,0.0201472,0,0.942751
4705,1.00043,2.94923,0.799734,0.946567,0.016184,0,0.946706,5.49653,1.27945,0,5.64348,1.00052,0.00115761,1.00009,0.946162,0.0161771,0,0.9463
4706,0.99928,2.94461,0.795361,0.940897,0.0159065,0,0.941031,5.50118,0.906581,0,5.57538,1.00061,0.00135724,1.00133,0.941574,0.0159179,0,0.941709
4707,0.999292,2.94623,0.800952,0.946768,0.0162673,0,0.946908,5.2288,3.28949,0,6.17747,0.999037,-0.00214943,0.999745,0.947439,0.0162789,0,0.947579
4708,1.00074,2.95056,0.801186,0.94838,0.0166165,0,0.948526,5.57712,1.6567,0,5.81798,1.00042,0.000933749,0.999678,0.947679,0.0166042,0,0.947824
4709,0.999867,2.9478,0.800531,0.946863,0.0166758,0,0.94701,5.72659,2.25592,0,6.15492,0.999731,-0.000601056,0.999864,0.94699,0.016678,0,0.947136
4710,0.998993,2.94549,0.801456,0.94689,0.0223024,0,0.947153,-4.30982,5.98419,0,7.37463,0.998596,-0.00313435,0.999603,0.947845,0.0223249,0,0.948108
4711,1.00247,2.95439,0.796625,0.945164,0.019708,0,0.945369,-2.13969,-8.19425,0,8.469,1.00345,0.00770665,1.00098,0.942838,0.0196595,0,0.943043
4712,0.996179,2.93833,0.805444,0.948395,0.0218174,0,0.948646,-1.50162,7.09734,0,7.25445,0.994654,-0.0119329,0.998469,0.952032,0.0219011,0,0.952284
4713,1.00257,2.95466,0.796476,0.945116,0.0191285,0,0.94531,-0.328078,-8.13444,0,8.14106,1.0036,0.00803159,1.00103,0.942693,0.0190794,0,0.942886
4714,0.995342,2.93618,0.806569,0.948859,0.0175376,0,0.949021,1.91408,6.78754,0,7.05226,0.9935,-0.0145097,0.998149,0.953299,0.0176196,0,0.953462
4715,0.995037,2.93542,0.80707,0.949043,0.0198613,0,0.949251,0.183651,7.40366,0,7.40594,0.993054,-0.0155055,0.998006,0.953777,0.0199604,0,0.953986
4716,0.996694,2.93964,0.804713,0.94823,0.0164922,0,0.948374,3.11022,5.92169,0,6.68879,0.995375,-0.0103239,0.998676,0.951376,0.0165469,0,0.95152
4717,1.00152,2.95195,0.79793,0.945583,0.0222789,0,0.945846,-4.82249,-0.0294538,0,4.82258,1.00213,0.00474406,1.0006,0.944145,0.0222451,0,0.944407
4718,1.00152,2.95195,0.797888,0.945649,0.0171854,0,0.945805,5.39314,-3.10025,0,6.22073,1.00214,0.00477927,1.00062,0.944209,0.0171593,0,0.944365
4719,1.00238,2.95414,0.796716,0.945206,0.0180144,0,0.945378,3.2602,-5.93098,0,6.76797,1.00333,0.00743811,1.00095,0.942964,0.0179717,0,0.943135
4720,1.00175,2.95251,0.797575,0.945444,0.0213414,0,0.945685,-5.53777,-2.89698,0,6.24975,1.00245,0.00547575,1.0007,0.943795,0.0213042,0,0.944035
4721,1.00062,2.94964,0.799177,0.946033,0.0225724,0,0.946303,-4.86439,2.12466,0,5.30815,1.00087,0.00193872,1.00025,0.945447,0.0225584,0,0.945716
4722,1.0003,2.94755,0.795144,0.941613,0.0167085,0,0.941762,5.1793,-0.408667,0,5.19539,1.00169,0.00376868,1.00139,0.941333,0.0167035,0,0.941481
4723,1.00147,2.9521,0.799038,0.946817,0.0163962,0,0.946959,5.24806,-0.991989,0,5.34099,1.00176,0.00392324,1.00029,0.945429,0.0163721,0,0.94557
4724,1.00146,2.95178,0.797992,0.945604,0.0216061,0,0.945851,-5.80552,-1.43592,0,5.98047,1.00205,0.00456573,1.00058,0.944226,0.0215746,0,0.944472
4725,1.00113,2.95094,0.798452,0.945759,0.0224543,0,0.946025,-4.89814,0.9428,0,4.98805,1.00159,0.00354073,1.00045,0.944689,0.0224289,0,0.944955
4726,1.00242,2.95426,0.796679,0.945166,0.0200597,0,0.945378,-3.13245,-7.47181,0,8.10187,1.00339,0.00755621,1.00097,0.942886,0.0200113,0,0.943099
4727,1.00207,2.95335,0.797158,0.945386,0.0176881,0,0.945551,4.33172,-5.22213,0,6.78487,1.0029,0.00646231,1.00083,0.943435,0.0176516,0,0.9436
4728,1.00119,2.95116,0.798604,0.946092,0.0167835,0,0.946241,5.69104,-1.85489,0,5.9857,1.0016,0.00357872,1.00041,0.944967,0.0167635,0,0.945115
4729,0.999074,2.94574,0.801496,0.947129,0.0164076,0,0.947271,5.20504,3.95948,0,6.53987,0.998665,-0.00297963,0.99959,0.948007,0.0164228,0,0.948149
4730,0.997916,2.93929,0.790741,0.934759,0.0159658,0,0.934896,5.56126,0.376315,0,5.57397,1.00054,0.00121217,1.00263,0.936712,0.0159991,0,0.936849
4731,0.999547,2.94577,0.79668,0.94253,0.0161254,0,0.942668,6.04136,1.09978,0,6.14064,1.0005,0.00112114,1.00096,0.942957,0.0161327,0,0.943095
4732,1.00216,2.95357,0.797028,0.945262,0.0211038,0,0.945498,-4.7589,-4.00602,0,6.22056,1.00302,0.00674108,1.00086,0.943227,0.0210584,0,0.943462
4733,0.997745,2.94232,0.80325,0.947583,0.0223297,0,0.947846,-2.87345,6.77932,0,7.36315,0.996841,-0.00705156,0.999093,0.949724,0.0223801,0,0.949987
4734,1.00251,2.9545,0.796538,0.945142,0.0183765,0,0.94532,2.18459,-6.55956,0,6.91378,1.00352,0.00785766,1.001,0.942771,0.0183304,0,0.94295
4735,1.00164,2.95227,0.797779,0.945644,0.017404,0,0.945804,5.29203,-4.16528,0,6.73462,1.00229,0.00511988,1.00065,0.944091,0.0173754,0,0.944251
4736,0.998225,2.94354,0.802578,0.947459,0.0162333,0,0.947598,4.37459,4.87758,0,6.55193,0.99751,-0.00555797,0.999283,0.949143,0.0162622,0,0.949282
4737,1.00021,2.94859,0.79975,0.946247,0.022469,0,0.946514,-5.00019,3.17941,0,5.92541,1.00029,0.000655204,1.00009,0.946051,0.0224643,0,0.946318
4738,0.999805,2.94756,0.800316,0.94646,0.0224308,0,0.946726,-4.91585,4.21106,0,6.47291,0.99973,-0.000602273,0.999926,0.946645,0.0224351,0,0.946911
4739,0.99943,2.94661,0.800849,0.946666,0.022385,0,0.946931,-4.68271,5.07297,0,6.90382,0.999205,-0.00177489,0.999774,0.947206,0.0223978,0,0.947471
4740,1.00148,2.95182,0.797949,0.945569,0.0219378,0,0.945824,-5.33411,-0.52483,0,5.35987,1.00208,0.00463263,1.0006,0.944174,0.0219055,0,0.944428
4741,1.00227,2.95387,0.79686,0.945208,0.0204821,0,0.945429,-4.11591,-6.33482,0,7.55451,1.00319,0.0071104,1.00091,0.943066,0.0204357,0,0.943287
4742,0.999497,2.94667,0.800369,0.946347,0.0164885,0,0.94649,5.84123,2.94827,0,6.54311,0.999407,-0.00132279,0.99991,0.946823,0.0164968,0,0.946966
4743,1.00037,2.94944,0.801045,0.947876,0.0170114,0,0.948029,6.23878,1.80991,0,6.49601,1.00009,0.000202104,0.999718,0.947523,0.0170051,0,0.947676
4744,0.999458,2.94668,0.800812,0.946662,0.0220162,0,0.946918,-5.25213,5.83789,0,7.85276,0.999244,-0.00168804,0.999785,0.947176,0.0220281,0,0.947432
4745,1.00207,2.95337,0.797152,0.945333,0.0203045,0,0.945551,-4.30265,-7.49018,0,8.63803,1.00291,0.00648714,1.00083,0.943377,0.0202625,0,0.943595
4746,1.00146,2.95179,0.797986,0.945607,0.0213813,0,0.945849,-6.13697,-2.24645,0,6.53521,1.00205,0.00457627,1.00059,0.944226,0.0213501,0,0.944467
4747,1.00242,2.95428,0.796682,0.945199,0.0188711,0,0.945388,0.666761,-8.46473,0,8.49095,1.00339,0.00757333,1.00097,0.942915,0.0188255,0,0.943103
4748,1.00046,2.94922,0.799403,0.946125,0.0221903,0,0.946385,-5.56756,2.57025,0,6.1322,1.00064,0.00142875,1.00018,0.945694,0.0221802,0,0.945954
4749,0.998797,2.94502,0.80184,0.947223,0.0165496,0,0.947368,5.12054,4.71322,0,6.95948,0.998291,-0.00381562,0.999493,0.948364,0.0165696,0,0.948509
4750,0.997169,2.94086,0.804077,0.947907,0.0219604,0,0.948162,-2.28559,7.37719,0,7.72314,0.99603,-0.00886061,0.998859,0.950599,0.0220228,0,0.950854
4751,1.00181,2.95269,0.797521,0.945453,0.0211396,0,0.945689,-5.53515,-3.74024,0,6.68036,1.00253,0.00565271,1.00072,0.943744,0.0211014,0,0.943979
4752,1.00132,2.95143,0.798202,0.945781,0.0174114,0,0.945941,6.01253,-3.69636,0,7.05787,1.00185,0.00412544,1.00053,0.944534,0.0173885,0,0.944694
4753,1.00212,2.95348,0.797085,0.945352,0.0178723,0,0.945521,4.03534,-5.94417,0,7.18451,1.00297,0.00662171,1.00085,0.943354,0.0178345,0,0.943523
4754,0.99978,2.9475,0.800353,0.946485,0.0220624,0,0.946742,-5.53775,4.84177,0,7.35591,0.999695,-0.00068104,0.999915,0.946693,0.0220673,0,0.94695
4755,1.00244,2.95433,0.796658,0.945181,0.0194008,0,0.94538,-1.22213,-8.69881,0,8.78424,1.00342,0.00763165,1.00098,0.942879,0.0193536,0,0.943078
4756,0.995843,2.93747,0.805932,0.948605,0.0208931,0,0.948835,-0.781174,7.79263,0,7.83168,0.994181,-0.0129893,0.998331,0.952565,0.0209804,0,0.952796
4757,1.00081,2.95013,0.798902,0.945934,0.0223105,0,0.946197,-5.25566,1.53501,0,5.47523,1.00114,0.00254447,1.00033,0.945165,0.0222923,0,0.945428
4758,1.00216,2.95356,0.797013,0.945249,0.0209032,0,0.94548,-4.72227,-4.77655,0,6.71679,1.00302,0.00674642,1.00087,0.943216,0.0208582,0,0.943447
4759,0.99541,2.93636,0.806519,0.948853,0.0185127,0,0.949033,1.29322,7.68374,0,7.79181,0.993582,-0.0143266,0.998164,0.953228,0.0185981,0,0.95341
4760,0.999488,2.94603,0.798218,0.944079,0.0166909,0,0.944226,6.75967,1.28259,0,6.88028,1.00001,1.74976e-05,1.00052,0.944562,0.0166995,0,0.94471
4761,1.00114,2.9509,0.798194,0.945606,0.0172304,0,0.945763,5.93347,-2.55792,0,6.46134,1.00167,0.0037261,1.00053,0.944529,0.0172108,0,0.944686
4762,0.999336,2.94637,0.801008,0.946861,0.016674,0,0.947008,5.86541,3.67117,0,6.91958,0.999065,-0.00208785,0.999729,0.94749,0.0166851,0,0.947637
4763,1.00247,2.95439,0.796609,0.945171,0.0185173,0,0.945352,1.88205,-7.31827,0,7.55641,1.00346,0.00771583,1.00099,0.942843,0.0184717,0,0.943024
4764,1.00011,2.94834,0.799899,0.94632,0.022123,0,0.946579,-5.66342,3.75291,0,6.79401,1.00015,0.000344019,1.00004,0.946216,0.0221206,0,0.946474
4765,0.996388,2.93885,0.80511,0.948344,0.0169959,0,0.948496,2.8023,6.74866,0,7.30735,0.994958,-0.0112549,0.998564,0.951782,0.0170575,0,0.951934
4766,1.00175,2.95254,0.797635,0.945586,0.0176164,0,0.94575,5.15571,-5.00775,0,7.18741,1.00244,0.00544429,1.00069,0.943936,0.0175857,0,0.9441
4767,1.00131,2.95181,0.799684,0.947337,0.016708,0,0.947484,5.96701,-1.16806,0,6.08026,1.00141,0.00315021,1.00011,0.946101,0.0166862,0,0.946249
4768,1.00129,2.95135,0.798264,0.945716,0.0221953,0,0.945976,-5.15075,0.431463,0,5.16879,1.0018,0.00401072,1.00051,0.944498,0.0221668,0,0.944758
4769,0.998908,2.94268,0.792407,0.937423,0.0170044,0,0.937577,5.62109,-0.140338,0,5.62284,1.00107,0.0023866,1.00216,0.938448,0.017023,0,0.938602
4770,0.998542,2.94435,0.802125,0.947167,0.0221423,0,0.947425,-3.86323,6.88047,0,7.89084,0.997956,-0.00456248,0.999413,0.94855,0.0221746,0,0.948809
4771,1.0022,2.95372,0.797003,0.945306,0.0199643,0,0.945517,-3.19599,-8.60247,0,9.17697,1.00308,0.00687549,1.00088,0.94323,0.0199204,0,0.94344
4772,0.997658,2.94207,0.803278,0.947649,0.0164166,0,0.947791,3.96201,5.69806,0,6.94013,0.996745,-0.0072655,0.999085,0.949873,0.0164551,0,0.950016
4773,1.0021,2.95344,0.797138,0.945333,0.020729,0,0.945561,-4.72618,-5.63052,0,7.35116,1.00293,0.00654981,1.00083,0.943351,0.0206855,0,0.943578
4774,1.00237,2.95413,0.79675,0.945231,0.0181913,0,0.945406,2.93599,-6.60325,0,7.22654,1.00331,0.00739745,1.00094,0.942998,0.0181483,0,0.943173
4775,1.00123,2.95119,0.798311,0.945722,0.0216664,0,0.94597,-6.14164,-0.684504,0,6.17967,1.00172,0.00384966,1.00049,0.94456,0.0216398,0,0.944808
4776,0.999796,2.9476,0.800572,0.946834,0.0170144,0,0.946986,6.41715,2.50842,0,6.89,0.999648,-0.000785156,0.999852,0.947027,0.0170179,0,0.94718
4777,1.00216,2.9536,0.797051,0.945354,0.0180455,0,0.945526,3.70914,-6.64766,0,7.61242,1.00302,0.00674083,1.00086,0.943317,0.0180067,0,0.943489
4778,1.00244,2.95433,0.796643,0.945182,0.01866,0,0.945366,1.46266,-7.83693,0,7.97225,1.00342,0.00764343,1.00098,0.942877,0.0186145,0,0.943061
4779,1.00149,2.95185,0.79795,0.945597,0.0211903,0,0.945834,-6.32606,-3.19518,0,7.08718,1.00209,0.00465581,1.0006,0.944193,0.0211589,0,0.94443
4780,1.00098,2.95053,0.7985,0.945777,0.0174341,0,0.945937,6.67198,-3.0786,0,7.348,1.00143,0.00318629,1.00044,0.944846,0.0174169,0,0.945007
4781,0.995811,2.9374,0.805998,0.948669,0.0196743,0,0.948873,0.276879,8.39934,0,8.4039,0.99413,-0.0131021,0.998313,0.95266,0.0197571,0,0.952865
4782,0.996703,2.93967,0.804711,0.948139,0.0213927,0,0.94838,-1.67216,8.05384,0,8.2256,0.995386,-0.0102991,0.998679,0.951276,0.0214635,0,0.951518
4783,0.9995,2.9467,0.800474,0.946453,0.0168605,0,0.946603,6.55299,3.28405,0,7.32985,0.999381,-0.00138279,0.99988,0.946927,0.0168689,0,0.947077
4784,1.00068,2.94978,0.799106,0.946026,0.0219427,0,0.946281,-6.04473,1.86188,0,6.32498,1.00094,0.00210852,1.00027,0.945387,0.0219279,0,0.945641
4785,0.999123,2.94583,0.801299,0.946857,0.021925,0,0.947111,-4.89109,6.7967,0,8.37364,0.998771,-0.00274328,0.999648,0.947689,0.0219442,0,0.947943
4786,1.00135,2.9515,0.798167,0.945675,0.0220024,0,0.945931,-5.44978,-0.128856,0,5.4513,1.00188,0.00420622,1.00053,0.944401,0.0219728,0,0.944656
4787,1.00223,2.9538,0.796952,0.945288,0.0196579,0,0.945492,-2.23205,-9.32594,0,9.58932,1.00313,0.00697969,1.00089,0.943184,0.0196141,0,0.943387
4788,0.999745,2.94616,0.795988,0.94197,0.0172847,0,0.942128,6.34824,-0.46766,0,6.36545,1.0009,0.00200101,1.00115,0.94221,0.0172891,0,0.942368
4789,0.997957,2.93955,0.791252,0.935323,0.0166683,0,0.935471,6.14607,0.182247,0,6.14877,1.00044,0.000983293,1.00249,0.937238,0.0167024,0,0.937387
4790,0.998043,2.94309,0.802842,0.947449,0.0218913,0,0.947702,-3.23836,7.69107,0,8.34504,0.997255,-0.00612785,0.99921,0.949307,0.0219342,0,0.94956
4791,1.00141,2.95169,0.798094,0.945755,0.0175754,0,0.945918,6.00063,-4.62337,0,7.57517,1.00197,0.00440784,1.00056,0.944419,0.0175505,0,0.944582
4792,0.999131,2.94588,0.801413,0.947089,0.0168018,0,0.947238,5.84373,4.43971,0,7.33895,0.998745,-0.00280153,0.999614,0.947913,0.0168164,0,0.948062
4793,1.00014,2.94876,0.801029,0.947638,0.0172495,0,0.947795,6.9926,2.0093,0,7.27555,0.999866,-0.000299392,0.999723,0.947502,0.017247,0,0.947659
4794,1.00236,2.95414,0.796775,0.945238,0.0191198,0,0.945431,-0.196182,-9.22008,0,9.22216,1.00331,0.00738931,1.00094,0.943008,0.0190747,0,0.943201
4795,0.999782,2.9475,0.800352,0.946493,0.0217581,0,0.946743,-6.2301,5.5793,0,8.36317,0.999698,-0.000674844,0.999916,0.9467,0.0217628,0,0.94695
4796,0.996199,2.93838,0.805421,0.948477,0.0176573,0,0.948642,2.33741,7.63844,0,7.98807,0.994681,-0.0118729,0.998476,0.952096,0.0177246,0,0.952261
4797,1.00183,2.95272,0.797472,0.945419,0.0210035,0,0.945653,-5.43122,-4.4984,0,7.05222,1.00256,0.00572116,1.00073,0.943695,0.0209652,0,0.943928
4798,1.00181,2.9527,0.797514,0.945517,0.0177748,0,0.945685,4.90666,-5.85553,0,7.63953,1.00254,0.00566963,1.00073,0.943807,0.0177427,0,0.943973
4799,1.00034,2.94893,0.799578,0.946206,0.0218766,0,0.946459,-6.34989,3.10205,0,7.06709,1.00047,0.00105996,1.00013,0.945884,0.0218691,0,0.946137
4800,1.00115,2.951,0.798429,0.945769,0.0218591,0,0.946022,-5.86007,0.0133194,0,5.86009,1.00161,0.00360312,1.00046,0.944679,0.0218339,0,0.944932
4801,1.00189,2.95291,0.797393,0.94541,0.0205818,0,0.945634,-5.0849,-6.65641,0,8.3764,1.00266,0.00592787,1.00076,0.943624,0.0205429,0,0.943848
4802,0.99859,2.94197,0.793228,0.937999,0.0163875,0,0.938142,6.55681,0.577034,0,6.58215,1.00052,0.00115829,1.00193,0.939323,0.0164107,0,0.939466
4803,1.00105,2.9509,0.799143,0.946519,0.0170704,0,0.946673,6.40369,-1.87064,0,6.67132,1.00131,0.00292025,1.00026,0.945527,0.0170525,0,0.945681
4804,1.00231,2.95398,0.796821,0.945249,0.0183519,0,0.945427,2.64371,-7.30091,0,7.76482,1.00324,0.00723022,1.00093,0.943069,0.0183096,0,0.943247
4805,1.00004,2.94817,0.79998,0.946349,0.0218022,0,0.9466,-6.40265,4.3899,0,7.76306,1.00007,0.000145399,1.00002,0.946307,0.0218012,0,0.946558
4806,0.997356,2.94133,0.803803,0.947904,0.016828,0,0.948054,3.69559,6.56472,0,7.53345,0.996295,-0.00827001,0.998936,0.950417,0.0168726,0,0.950567
4807,1.00066,2.9494,0.797946,0.944896,0.0168552,0,0.945046,5.67089,-0.720201,0,5.71644,1.00126,0.0028021,1.0006,0.944275,0.0168441,0,0.944425
4808,1.00101,2.95064,0.798641,0.945854,0.022071,0,0.946111,-5.56715,0.938765,0,5.64574,1.00141,0.00315405,1.0004,0.944897,0.0220487,0,0.945154
4809,1.00123,2.95119,0.798327,0.94574,0.0214168,0,0.945983,-6.62084,-1.45904,0,6.7797,1.00172,0.00383238,1.00049,0.944582,0.0213906,0,0.944824
4810,1.00189,2.95293,0.797435,0.945465,0.0201771,0,0.94568,-4.47248,-8.76583,0,9.84087,1.00265,0.00591325,1.00076,0.943679,0.020139,0,0.943894
4811,0.998401,2.94397,0.802266,0.947292,0.0166498,0,0.947439,4.85961,5.55625,0,7.38158,0.997774,-0.00496815,0.999372,0.948809,0.0166764,0,0.948956
4812,1.00182,2.95271,0.797486,0.945433,0.0208363,0,0.945663,-5.51712,-5.19991,0,7.5814,1.00255,0.00570266,1.00073,0.943714,0.0207984,0,0.943943
4813,1.00157,2.95208,0.797827,0.945557,0.0209195,0,0.945788,-6.29712,-4.74839,0,7.88676,1.00221,0.0049346,1.00063,0.94407,0.0208866,0,0.944301
4814,1.00215,2.95358,0.797056,0.945349,0.0182086,0,0.945525,3.41214,-7.35719,0,8.10993,1.00301,0.00672565,1.00086,0.943319,0.0181694,0,0.943494
4815,0.998741,2.94486,0.801844,0.94707,0.0217564,0,0.94732,-4.37019,7.81004,0,8.9496,0.998236,-0.00393829,0.999494,0.948264,0.0217838,0,0.948514
4816,1.00002,2.94812,0.800014,0.946371,0.0215467,0,0.946616,-7.2262,5.11659,0,8.85424,1.00003,7.61848e-05,1.00001,0.94635,0.0215462,0,0.946595
4817,1.00123,2.95119,0.798312,0.945732,0.021225,0,0.94597,-7.0118,-2.41137,0,7.41485,1.00172,0.00384817,1.00049,0.944571,0.021199,0,0.944809
4818,1.0005,2.94933,0.799362,0.946131,0.0216763,0,0.946379,-6.93794,2.29973,0,7.30916,1.00069,0.00154493,1.0002,0.945662,0.0216656,0,0.94591
4819,1.00224,2.95383,0.796957,0.945316,0.0188889,0,0.945505,0.897247,-9.59866,0,9.6405,1.00313,0.00699573,1.00089,0.943205,0.0188467,0,0.943393
4820,0.999741,2.94744,0.800575,0.946781,0.0172433,0,0.946938,7.2021,2.79216,0,7.7244,0.999593,-0.00090811,0.999852,0.947025,0.0172478,0,0.947182
4821,0.997548,2.94182,0.803531,0.947708,0.0215536,0,0.947953,-2.56517,8.36536,0,8.74982,0.996565,-0.00766676,0.999015,0.950037,0.0216065,0,0.950283
4822,1.00223,2.9538,0.796968,0.945308,0.0193691,0,0.945507,-1.17673,-9.89071,0,9.96046,1.00312,0.00696762,1.00089,0.943207,0.019326,0,0.943405
4823,0.996154,2.93827,0.805476,0.948477,0.0184732,0,0.948657,1.58604,8.68038,0,8.82409,0.994622,-0.0120055,0.998461,0.952139,0.0185445,0,0.952319
4824,1.00149,2.95188,0.797955,0.945681,0.0177374,0,0.945847,5.85109,-5.59649,0,8.09666,1.00209,0.0046762,1.0006,0.944271,0.0177109,0,0.944437
4825,1.00102,2.95066,0.798609,0.945845,0.0214274,0,0.946087,-7.00647,-0.684951,0,7.03987,1.00143,0.0031972,1.00041,0.944878,0.0214055,0,0.945121
4826,0.997088,2.94065,0.804174,0.948029,0.0172608,0,0.948186,3.36575,7.52378,0,8.2423,0.995923,-0.00910034,0.998831,0.950797,0.0173112,0,0.950955
4827,0.998849,2.94512,0.801667,0.947085,0.0169141,0,0.947236,5.73801,5.32584,0,7.82875,0.998392,-0.00359034,0.999542,0.948177,0.0169336,0,0.948328
4828,1.0019,2.95293,0.797423,0.945501,0.017942,0,0.945671,4.57847,-6.66836,0,8.08884,1.00265,0.00592219,1.00075,0.94371,0.017908,0,0.943879
4829,0.996467,2.93907,0.805079,0.948316,0.0205805,0,0.948539,-0.840566,8.85491,0,8.89472,0.995046,-0.0110572,0.998575,0.951679,0.0206534,0,0.951903
4830,1.00197,2.95314,0.797325,0.945431,0.0199049,0,0.94564,-3.52789,-9.79351,0,10.4096,1.00276,0.00616621,1.00079,0.943571,0.0198657,0,0.94378
4831,0.999375,2.94649,0.801021,0.946906,0.0170283,0,0.947059,6.591,4.10398,0,7.76428,0.999101,-0.00200766,0.999725,0.947498,0.017039,0,0.947651
4832,1.00115,2.95101,0.798507,0.945935,0.0176051,0,0.946099,6.82089,-4.05664,0,7.93605,1.00159,0.00354768,1.00044,0.944851,0.0175849,0,0.945014
4833,1.00227,2.9539,0.796888,0.945281,0.0185032,0,0.945463,2.28255,-8.17188,0,8.48468,1.00318,0.00710632,1.00091,0.943138,0.0184613,0,0.943318
4834,0.998547,2.94208,0.794062,0.938828,0.0167199,0,0.938977,7.32328,0.738595,0,7.36043,1.00024,0.00053719,1.0017,0.940194,0.0167442,0,0.940343
4835,0.999635,2.94662,0.798765,0.944785,0.0170292,0,0.944939,7.57509,1.42192,0,7.70739,1,-9.95583e-07,1.00036,0.945131,0.0170354,0,0.945284
4836,0.999537,2.94689,0.800716,0.946644,0.0216993,0,0.946892,-5.9587,6.62473,0,8.91028,0.99935,-0.00144999,0.999813,0.947082,0.0217093,0,0.947331
4837,1.00155,2.95201,0.797898,0.945601,0.0210255,0,0.945835,-6.31997,-4.17181,0,7.57271,1.00216,0.00482262,1.00061,0.944142,0.020993,0,0.944375
4838,1.00025,2.94869,0.799699,0.946253,0.0215885,0,0.9465,-7.22037,3.7114,0,8.11838,1.00035,0.000780716,1.0001,0.946018,0.0215831,0,0.946264
4839,0.998346,2.94102,0.792377,0.936864,0.0170021,0,0.937019,6.85371,0.045982,0,6.85386,1.00051,0.00114802,1.00217,0.938416,0.0170303,0,0.938571
4840,1.0007,2.94997,0.799493,0.946559,0.0170645,0,0.946713,6.72279,-1.15,0,6.82044,1.00086,0.00192401,1.00016,0.945894,0.0170525,0,0.946048
4841,1.00084,2.95026,0.799078,0.946246,0.0174646,0,0.946407,7.24664,-2.31719,0,7.60809,1.00112,0.00249453,1.00028,0.945452,0.01745,0,0.945613
4842,1.00226,2.95389,0.796919,0.945304,0.0186666,0,0.945489,1.64693,-8.88894,0,9.04022,1.00317,0.00707405,1.0009,0.943168,0.0186244,0,0.943352
4843,0.99805,2.94309,0.802781,0.947495,0.0168535,0,0.947645,4.55244,6.37642,0,7.83476,0.997278,-0.00607515,0.999226,0.949346,0.0168864,0,0.949496
4844,1.0009,2.95035,0.798787,0.945907,0.0217633,0,0.946157,-6.34367,0.67547,0,6.37953,1.00126,0.0028077,1.00036,0.945057,0.0217438,0,0.945307
4845,1.00174,2.95253,0.797642,0.94553,0.0203994,0,0.94575,-5.40563,-7.86757,0,9.54565,1.00243,0.00542915,1.00069,0.94389,0.020364,0,0.94411
4846,1.00178,2.95262,0.797576,0.945492,0.0207052,0,0.945718,-5.53244,-6.16975,0,8.28696,1.00249,0.00555613,1.00071,0.943812,0.0206684,0,0.944039
4847,1.00217,2.95366,0.797068,0.945362,0.0191055,0,0.945555,-0.036717,-10.4457,0,10.4457,1.00303,0.006771,1.00087,0.94332,0.0190643,0,0.943512
4848,1.00159,2.95216,0.79786,0.945621,0.0202844,0,0.945839,-5.71128,-9.11892,0,10.7598,1.00222,0.00496315,1.00064,0.944123,0.0202522,0,0.94434
4849,0.996442,2.93901,0.805098,0.948336,0.0194765,0,0.948536,0.408794,9.52542,0,9.53418,0.995017,-0.0111217,0.99857,0.951722,0.019546,0,0.951923
4850,1.00155,2.95203,0.797897,0.94561,0.02076,0,0.945837,-6.38715,-5.70684,0,8.56526,1.00217,0.00483353,1.00062,0.944148,0.0207279,0,0.944376
4851,0.998567,2.94231,0.794668,0.939479,0.0169609,0,0.939632,8.18815,0.807947,0,8.22792,1.00009,0.000199461,1.00152,0.940827,0.0169853,0,0.94098
4852,0.996846,2.94003,0.804488,0.948118,0.017764,0,0.948284,2.83774,8.59748,0,9.05369,0.995592,-0.0098383,0.998743,0.951118,0.0178202,0,0.951285
4853,1.00069,2.9498,0.799084,0.946018,0.0216739,0,0.946267,-6.82133,1.4076,0,6.96505,1.00096,0.0021436,1.00027,0.94537,0.0216591,0,0.945618
4854,0.999518,2.94678,0.800559,0.946553,0.0171688,0,0.946709,7.36208,3.66447,0,8.22366,0.999374,-0.00139704,0.999856,0.94701,0.0171771,0,0.947166
4855,1.00202,2.95328,0.797272,0.945428,0.0196133,0,0.945631,-2.36329,-10.6149,0,10.8748,1.00283,0.00631443,1.00081,0.943523,0.0195738,0,0.943726
4856,1.0008,2.95005,0.798714,0.945825,0.017662,0,0.94599,7.56654,-3.31039,0,8.259,1.00118,0.00264431,1.00038,0.945066,0.0176479,0,0.945231
4857,1.00103,2.95069,0.798602,0.94585,0.0212558,0,0.946089,-7.54406,-1.52739,0,7.69713,1.00145,0.00322549,1.00041,0.944874,0.0212339,0,0.945113
4858,1.0001,2.9486,0.80097,0.947527,0.0175181,0,0.947689,7.84897,2.23282,0,8.16038,0.999836,-0.000365952,0.999739,0.947435,0.0175164,0,0.947597
4859,0.999255,2.94617,0.801111,0.946793,0.0216004,0,0.947039,-5.54666,7.72138,0,9.50711,0.998957,-0.00232728,0.999702,0.947499,0.0216165,0,0.947745
4860,1.0016,2.95217,0.797833,0.945651,0.0178861,0,0.94582,5.57088,-6.56619,0,8.61101,1.00224,0.0049976,1.00064,0.94414,0.0178575,0,0.944309
4861,1.00169,2.95244,0.797724,0.945584,0.0200888,0,0.945797,-4.85224,-10.0628,0,11.1716,1.00237,0.00529406,1.00068,0.943987,0.0200549,0,0.9442
4862,0.997177,2.94088,0.804046,0.947904,0.0210518,0,0.948137,-1.86591,9.14115,0,9.32964,0.996049,-0.00881961,0.998869,0.950587,0.0211114,0,0.950822
4863,0.99917,2.94596,0.801287,0.946987,0.0171398,0,0.947143,6.57125,4.99261,0,8.25273,0.99882,-0.002634,0.99965,0.947774,0.0171541,0,0.94793
4864,1.00121,2.95117,0.798404,0.945882,0.0177191,0,0.946048,6.82,-5.13089,0,8.53454,1.00168,0.00375113,1.00047,0.944742,0.0176977,0,0.944907
4865,0.999837,2.94765,0.800295,0.946491,0.0214927,0,0.946735,-7.09603,6.29606,0,9.48652,0.999769,-0.000515401,0.999933,0.946645,0.0214963,0,0.946889
4866,1.00193,2.95301,0.797356,0.945458,0.0181038,0,0.945632,4.23897,-7.42617,0,8.55084,1.00271,0.00604012,1.00077,0.943637,0.0180689,0,0.94381
4867,1.00039,2.94905,0.799503,0.946184,0.0214332,0,0.946427,-7.94012,2.83332,0,8.43049,1.00055,0.00121674,1.00016,0.945816,0.0214248,0,0.946059
4868,1.0002,2.94858,0.799761,0.946282,0.0213715,0,0.946523,-8.18917,4.40998,0,9.3011,1.00029,0.00064157,1.00008,0.946088,0.0213671,0,0.94633
4869,0.998393,2.94145,0.793419,0.937994,0.017416,0,0.938156,7.69306,-0.0175934,0,7.69308,1.00027,0.000596714,1.00188,0.939505,0.0174441,0,0.939667
4870,1.00208,2.95344,0.797185,0.945415,0.0186859,0,0.9456,2.00353,-10.0164,0,10.2148,1.00292,0.0065089,1.00083,0.94345,0.0186471,0,0.943634
4871,1.00211,2.95349,0.797105,0.945361,0.0183882,0,0.94554,2.96324,-8.21223,0,8.73049,1.00296,0.00661246,1.00085,0.943368,0.0183495,0,0.943547
4872,1.00098,2.95054,0.79865,0.94584,0.0215987,0,0.946087,-6.61853,-0.0179535,0,6.61856,1.00138,0.00307028,1.0004,0.944917,0.0215776,0,0.945163
4873,0.998309,2.94376,0.802454,0.947305,0.0215253,0,0.94755,-3.64845,8.72693,0,9.45888,0.997631,-0.00528729,0.999321,0.94891,0.0215618,0,0.949154
4874,0.998558,2.94437,0.802037,0.947196,0.0170314,0,0.947349,5.49302,6.24549,0,8.31742,0.997997,-0.0044714,0.999438,0.948563,0.017056,0,0.948717
4875,1.00208,2.95343,0.797159,0.94539,0.0185377,0,0.945572,2.70064,-9.18273,0,9.57163,1.00292,0.0065216,1.00084,0.943424,0.0184991,0,0.943605
4876,0.999794,2.94654,0.796823,0.942889,0.0174777,0,0.943051,7.10238,-0.583764,0,7.12633,1.00071,0.00158367,1.00092,0.943083,0.0174813,0,0.943245
4877,1.00127,2.9513,0.79827,0.94573,0.0210364,0,0.945964,-7.22796,-3.52016,0,8.03958,1.00178,0.00396644,1.00051,0.944532,0.0210097,0,0.944765
4878,1.00075,2.95017,0.799706,0.946821,0.017283,0,0.946979,7.20213,-1.79322,0,7.42202,1.00085,0.00188967,1.0001,0.946114,0.0172701,0,0.946272
4879,0.997835,2.94256,0.803154,0.947675,0.0171682,0,0.94783,4.3254,7.31094,0,8.49464,0.996958,-0.00679009,0.999121,0.949731,0.0172055,0,0.949887
4880,1.00143,2.95176,0.798071,0.945695,0.0204365,0,0.945916,-6.64709,-8.22734,0,10.577,1.00201,0.00448278,1.00057,0.944341,0.0204073,0,0.944561
4881,0.999767,2.9471,0.799109,0.945266,0.017285,0,0.945424,8.48992,1.63353,0,8.64565,1.00003,7.52424e-05,1.00027,0.945487,0.017289,0,0.945645
4882,0.997607,2.94197,0.803441,0.947752,0.0174947,0,0.947914,4.00427,8.40578,0,9.31082,0.99665,-0.00747807,0.999041,0.950026,0.0175367,0,0.950188
4883,1.0013,2.95141,0.798249,0.945808,0.0178746,0,0.945977,6.65493,-6.2551,0,9.13315,1.00182,0.00406781,1.00052,0.944577,0.0178514,0,0.944746
4884,1.00203,2.95332,0.797275,0.945448,0.0193368,0,0.945646,-1.13569,-11.2426,0,11.2998,1.00284,0.00634424,1.00081,0.943534,0.0192976,0,0.943731
4885,1.00005,2.94819,0.799986,0.946374,0.0213215,0,0.946614,-8.26154,5.71192,0,10.0439,1.00007,0.000158681,1.00002,0.946326,0.0213204,0,0.946566
4886,0.996826,2.93997,0.804507,0.948104,0.0185325,0,0.948285,1.94391,9.80377,0,9.99463,0.995568,-0.00989332,0.998738,0.951124,0.0185916,0,0.951305
4887,1.00177,2.95267,0.797639,0.945578,0.0198325,0,0.945786,-3.79614,-11.1674,0,11.795,1.00248,0.00553803,1.00071,0.943906,0.0197975,0,0.944114
4888,0.9979,2.94272,0.803035,0.947531,0.0212145,0,0.947768,-2.88087,9.48681,0,9.91458,0.997059,-0.00656569,0.999157,0.949525,0.0212591,0,0.949763
4889,0.998567,2.94223,0.794395,0.939178,0.0177253,0,0.939345,8.65615,-0.0339461,0,8.65621,1.00017,0.000372097,1.0016,0.940525,0.0177507,0,0.940693
4890,1.00058,2.94955,0.799233,0.946084,0.0214469,0,0.946327,-7.768,1.7757,0,7.96837,1.00082,0.00182268,1.00023,0.945532,0.0214344,0,0.945775
4891,1.00072,2.94998,0.799293,0.946359,0.0175909,0,0.946522,8.20191,-2.55763,0,8.59143,1.00094,0.00209755,1.00022,0.945675,0.0175782,0,0.945839
4892,1.00085,2.95023,0.798841,0.94593,0.021252,0,0.946169,-7.98063,-0.656058,0,8.00755,1.0012,0.00266799,1.00034,0.945126,0.021234,0,0.945364
4893,0.999722,2.94738,0.80056,0.946743,0.0174723,0,0.946904,8.09414,3.11189,0,8.67174,0.999578,-0.000941268,0.999856,0.947006,0.0174771,0,0.947167
4894,1.00092,2.9504,0.798744,0.945964,0.0177616,0,0.946131,7.75495,-4.44574,0,8.9389,1.00129,0.00288539,1.00037,0.945097,0.0177453,0,0.945263
4895,0.999407,2.94657,0.800979,0.946886,0.0173305,0,0.947044,7.41783,4.59676,0,8.72665,0.999145,-0.00190917,0.999737,0.947447,0.0173408,0,0.947606
4896,1.00021,2.94807,0.797927,0.944435,0.0177058,0,0.944601,7.92853,-0.854466,0,7.97444,1.00081,0.00180973,1.0006,0.944239,0.0177021,0,0.944405
4897,0.996975,2.94037,0.804343,0.948039,0.0202871,0,0.948256,-0.892782,10.0619,0,10.1015,0.995764,-0.00945534,0.998785,0.950915,0.0203486,0,0.951133
4898,1.0019,2.95298,0.797434,0.945509,0.0185374,0,0.945691,3.20607,-10.3137,0,10.8005,1.00266,0.00594842,1.00076,0.943715,0.0185022,0,0.943896
4899,1.00155,2.95204,0.797903,0.945621,0.0206017,0,0.945846,-6.42118,-6.79018,0,9.34548,1.00217,0.00483781,1.00062,0.944159,0.0205698,0,0.944383
4900,0.998928,2.94534,0.801577,0.946976,0.0214412,0,0.947219,-4.93783,8.8696,0,10.1515,0.998499,-0.00335119,0.99957,0.947992,0.0214642,0,0.948235
4901,1.00133,2.95147,0.798196,0.945717,0.020848,0,0.945946,-7.26832,-5.14062,0,8.90249,1.00186,0.00415545,1.00053,0.94446,0.0208203,0,0.944689
4902,1.00168,2.95237,0.797718,0.945601,0.0180354,0,0.945773,5.20546,-7.4736,0,9.10777,1.00235,0.00524712,1.00067,0.944018,0.0180052,0,0.944189
4903,0.998346,2.94386,0.802412,0.947384,0.017208,0,0.94754,5.22229,7.11778,0,8.82808,0.997679,-0.00518054,0.999332,0.948953,0.0172365,0,0.94911
4904,0.998937,2.94534,0.801506,0.946995,0.0172292,0,0.947151,6.46878,5.9881,0,8.81491,0.998526,-0.00329022,0.999588,0.948002,0.0172476,0,0.948159
4905,1.00103,2.9507,0.798591,0.945844,0.0210751,0,0.946079,-8.00319,-2.60717,0,8.41715,1.00145,0.00323629,1.00042,0.944867,0.0210533,0,0.945102
4906,0.999627,2.94712,0.800586,0.9466,0.0214257,0,0.946842,-6.77838,7.50726,0,10.1146,0.999478,-0.00116475,0.999851,0.946953,0.0214337,0,0.947195
4907,1.00142,2.95174,0.798122,0.94574,0.020194,0,0.945955,-6.21312,-10.4385,0,12.1476,1.00198,0.00442812,1.00057,0.944403,0.0201655,0,0.944618
4908,1.00033,2.94889,0.799595,0.946225,0.0212299,0,0.946463,-9.06029,3.46438,0,9.70004,1.00046,0.00101778,1.00013,0.945917,0.0212229,0,0.946155
4909,1.00205,2.95337,0.797233,0.945432,0.0188909,0,0.945621,1.12295,-10.8683,0,10.9262,1.00287,0.00641361,1.00082,0.943498,0.0188523,0,0.943687
4910,1.00197,2.95312,0.797306,0.945443,0.0182256,0,0.945618,3.88093,-8.26557,0,9.13133,1.00276,0.00616737,1.00079,0.943583,0.0181898,0,0.943758
4911,1.00085,2.95022,0.798845,0.945928,0.0214117,0,0.946171,-7.48464,0.0394794,0,7.48475,1.00119,0.00265889,1.00034,0.945126,0.0213936,0,0.945368
4912,1.00087,2.95059,0.799963,0.947207,0.0171222,0,0.947362,7.51272,-1.2692,0,7.61918,1.00089,0.00199271,1.00003,0.946387,0.0171074,0,0.946541
4913,1.00078,2.95005,0.798954,0.945978,0.0215222,0,0.946222,-7.19614,0.615886,0,7.22245,1.00109,0.00244271,1.00031,0.945238,0.0215053,0,0.945482
4914,0.996999,2.94044,0.804322,0.948059,0.0193972,0,0.948258,0.582057,10.8003,0,10.816,0.995795,-0.00938724,0.998791,0.950913,0.0194555,0,0.951112
4915,0.997402,2.94144,0.803681,0.947801,0.0179236,0,0.94797,3.41844,9.67807,0,10.2641,0.996378,-0.00808514,0.998973,0.950269,0.0179703,0,0.950439
4916,1.00071,2.94988,0.799062,0.946031,0.0212908,0,0.94627,-8.27242,0.454244,0,8.28488,1.00099,0.00221842,1.00028,0.945357,0.0212756,0,0.945596
4917,1.00198,2.95322,0.797359,0.9455,0.0190911,0,0.945693,0.132053,-11.8281,0,11.8288,1.00278,0.00619639,1.00079,0.943629,0.0190533,0,0.943822
4918,1.00004,2.94776,0.798548,0.944927,0.0179899,0,0.945098,8.94602,-1.02387,0,9.00442,1.00047,0.00105178,1.00043,0.944885,0.0179891,0,0.945056
4919,1.00182,2.95282,0.797583,0.945576,0.019558,0,0.945779,-2.47131,-12.0782,0,12.3284,1.00256,0.00570388,1.00073,0.943855,0.0195224,0,0.944057
4920,0.998656,2.94273,0.795238,0.940157,0.0171736,0,0.940314,9.1944,0.868475,0,9.23532,1.00002,4.01688e-05,1.00136,0.941422,0.0171967,0,0.941579
4921,1.00005,2.94845,0.800962,0.947465,0.017787,0,0.947632,8.80712,2.50871,0,9.15746,0.999788,-0.000472475,0.999742,0.947421,0.0177862,0,0.947588
4922,0.999536,2.94684,0.800586,0.946595,0.0174395,0,0.946755,8.28409,4.09368,0,9.24037,0.999385,-0.00137282,0.999849,0.947034,0.0174475,0,0.947194
4923,1.00046,2.94922,0.799405,0.946148,0.0212548,0,0.946386,-8.88325,2.21894,0,9.15619,1.00064,0.00142519,1.00018,0.945717,0.0212452,0,0.945956
4924,0.998192,2.94347,0.802652,0.947484,0.0174452,0,0.947645,5.03971,8.14347,0,9.57678,0.997458,-0.00567496,0.999264,0.949201,0.0174768,0,0.949362
4925,1.0019,2.95298,0.797438,0.945517,0.018362,0,0.945695,3.65335,-9.27155,0,9.96537,1.00266,0.00594225,1.00076,0.94372,0.0183271,0,0.943898
4926,0.999895,2.9478,0.800207,0.94646,0.0212638,0,0.946699,-8.09955,7.0948,0,10.7675,0.999853,-0.000327848,0.999958,0.946559,0.0212661,0,0.946798
4927,1.00071,2.94985,0.798993,0.946027,0.0178173,0,0.946194,8.57139,-3.62215,0,9.3053,1.00101,0.0022573,1.0003,0.945357,0.0178047,0,0.945525
4928,1.00092,2.95078,0.800028,0.947326,0.0173759,0,0.947485,8.16837,-1.78797,0,8.36177,1.00093,0.00208212,1.00001,0.94645,0.0173598,0,0.94661
4929,1.00086,2.95025,0.798839,0.94594,0.0210987,0,0.946176,-8.59321,-1.60205,0,8.74128,1.00121,0.00268994,1.00034,0.945127,0.0210806,0,0.945362
4930,0.999388,2.94651,0.800924,0.94673,0.0213323,0,0.94697,-6.29473,8.77084,0,10.7959,0.999145,-0.00190948,0.999756,0.947309,0.0213454,0,0.94755
4931,1.00151,2.952,0.798022,0.945727,0.0199987,0,0.945939,-5.22833,-11.5233,0,12.6539,1.00211,0.00470684,1.0006,0.944305,0.0199687,0,0.944516
4932,0.998566,2.94442,0.8021,0.947185,0.0212193,0,0.947423,-4.1082,9.90361,0,10.7219,0.997989,-0.00448805,0.999423,0.948546,0.0212498,0,0.948784
4933,1.00125,2.95129,0.798332,0.945795,0.0205775,0,0.946019,-7.63221,-7.33615,0,10.5863,1.00175,0.00390907,1.0005,0.944611,0.0205518,0,0.944834
4934,0.997594,2.94195,0.803466,0.947702,0.02075,0,0.947929,-2.07905,10.3797,0,10.5859,0.996631,-0.00752002,0.999035,0.949988,0.0208,0,0.950215
4935,1.00106,2.95078,0.79856,0.945845,0.020904,0,0.946076,-8.27347,-3.99056,0,9.18558,1.00149,0.00332799,1.00043,0.944839,0.0208818,0,0.94507
4936,1.00102,2.95067,0.798646,0.945953,0.0178856,0,0.946122,7.76684,-5.69234,0,9.62946,1.00142,0.00317225,1.0004,0.944993,0.0178674,0,0.945162
4937,1.00191,2.95303,0.797451,0.945535,0.0187069,0,0.94572,2.36012,-11.3178,0,11.5612,1.00268,0.00597123,1.00076,0.943732,0.0186713,0,0.943916
4938,1.0013,2.95139,0.798257,0.945752,0.0206991,0,0.945978,-7.39424,-6.24231,0,9.67684,1.00181,0.0040443,1.00052,0.944528,0.0206723,0,0.944754
4939,1.0014,2.95168,0.798109,0.945756,0.0180012,0,0.945927,6.33607,-7.36384,0,9.71452,1.00197,0.00438806,1.00056,0.94443,0.0179759,0,0.944601
4940,0.998735,2.94484,0.801836,0.947147,0.0173376,0,0.947306,6.23563,6.98927,0,9.36659,0.998231,-0.00394798,0.999495,0.948347,0.0173596,0,0.948506
4941,0.999223,2.94608,0.801156,0.946895,0.0174214,0,0.947055,7.41026,5.6051,0,9.29135,0.998911,-0.00243135,0.999688,0.947632,0.017435,0,0.947792
4942,1.00131,2.95145,0.798251,0.945768,0.0203392,0,0.945987,-7.0845,-9.44592,0,11.8074,1.00183,0.00409478,1.00053,0.944533,0.0203126,0,0.944752
4943,1.0002,2.94856,0.799773,0.946292,0.0211836,0,0.946529,-9.37528,4.83815,0,10.55,1.00028,0.000619876,1.00008,0.946104,0.0211795,0,0.946342
4944,1.00176,2.9526,0.797605,0.945561,0.0181592,0,0.945736,4.81574,-8.3265,0,9.61884,1.00247,0.00551252,1.00071,0.943898,0.0181273,0,0.944072
4945,0.998015,2.943,0.802832,0.9475,0.0177187,0,0.947665,4.74048,9.39778,0,10.5257,0.99723,-0.00618196,0.999214,0.949384,0.017754,0,0.94955
4946,1.00124,2.95134,0.798402,0.945878,0.0201026,0,0.946092,-6.77456,-11.9376,0,13.7259,1.00174,0.00388692,1.0005,0.944703,0.0200777,0,0.944916
4947,0.998219,2.94354,0.80259,0.947376,0.0209262,0,0.947607,-3.23409,10.7609,0,11.2364,0.997505,-0.00556888,0.999284,0.949066,0.0209635,0,0.949297
4948,1.00173,2.95256,0.797699,0.945626,0.0185642,0,0.945808,3.74807,-11.6287,0,12.2178,1.00242,0.0054052,1.00069,0.943996,0.0185322,0,0.944177
4949,1.00079,2.9501,0.798994,0.946103,0.017924,0,0.946273,8.81666,-4.89491,0,10.0843,1.00109,0.00244222,1.0003,0.945357,0.0179099,0,0.945526
4950,1.00008,2.94827,0.799943,0.946361,0.0211298,0,0.946597,-9.45295,6.37284,0,11.4005,1.00011,0.000252415,1.00003,0.946285,0.0211281,0,0.94652
4951,1.00107,2.95081,0.79858,0.945879,0.0206484,0,0.946104,-8.62918,-6.54645,0,10.8314,1.00149,0.00333562,1.00042,0.944868,0.0206264,0,0.945094
4952,1.0005,2.94936,0.799381,0.946239,0.0177862,0,0.946407,9.2906,-2.77614,0,9.69651,1.0007,0.00155151,1.00019,0.945764,0.0177772,0,0.945931
4953,0.999733,2.94705,0.799277,0.945407,0.0174988,0,0.945569,9.54494,1.8227,0,9.71741,0.999953,-0.000104873,1.00022,0.945659,0.0175035,0,0.945821
4954,0.997282,2.94114,0.803888,0.947887,0.0187373,0,0.948073,1.96456,11.2608,0,11.4309,0.9962,-0.00848303,0.998915,0.950471,0.0187884,0,0.950657
4955,0.997376,2.94137,0.803721,0.947811,0.0183319,0,0.947988,2.77885,10.8868,0,11.2358,0.99634,-0.00816857,0.998962,0.950305,0.0183801,0,0.950482
4956,1.00158,2.95221,0.797946,0.945724,0.0197618,0,0.945931,-4.04698,-12.7306,0,13.3584,1.00221,0.00493475,1.00063,0.944235,0.0197307,0,0.944441
4957,1.00116,2.9511,0.798502,0.945896,0.0202637,0,0.946113,-7.68325,-10.8504,0,13.2952,1.00162,0.00361887,1.00046,0.944801,0.0202402,0,0.945018
4958,0.998578,2.94446,0.802105,0.947277,0.0174837,0,0.947439,5.98852,7.92741,0,9.9351,0.997999,-0.0044676,0.99942,0.948626,0.0175086,0,0.948788
4959,1.00184,2.95289,0.797573,0.945593,0.0192959,0,0.94579,-1.07399,-12.769,0,12.8141,1.00258,0.00576359,1.00074,0.943853,0.0192604,0,0.94405
4960,0.998732,2.94298,0.7953,0.940278,0.0180329,0,0.940451,9.72738,-0.166692,0,9.72881,1.00008,0.000170248,1.00135,0.941472,0.0180558,0,0.941645
4961,1.00116,2.95106,0.798445,0.94583,0.0204501,0,0.946051,-7.99595,-8.55107,0,11.7071,1.00163,0.00363883,1.00047,0.944733,0.0204264,0,0.944954
4962,0.999113,2.94582,0.801322,0.946891,0.0211759,0,0.947128,-5.57929,10.0747,0,11.5165,0.998757,-0.0027735,0.999644,0.947732,0.0211947,0,0.947969
4963,0.999725,2.9474,0.800576,0.946758,0.0176934,0,0.946923,9.09873,3.48044,0,9.74168,0.999576,-0.000946224,0.999851,0.947018,0.0176983,0,0.947184
4964,0.997448,2.94158,0.803688,0.94781,0.0200699,0,0.948022,-0.93415,11.4332,0,11.4713,0.996423,-0.0079847,0.998973,0.950235,0.0201212,0,0.950448
4965,1.00188,2.95297,0.797506,0.945563,0.0188933,0,0.945752,1.41449,-12.2889,0,12.3701,1.00263,0.00588153,1.00075,0.943789,0.0188579,0,0.943977
4966,0.999045,2.94562,0.801375,0.946956,0.0174947,0,0.947117,7.31599,6.71283,0,9.92904,0.998672,-0.00296521,0.999626,0.947861,0.0175114,0,0.948022
4967,0.999434,2.94663,0.800905,0.94683,0.0175859,0,0.946993,8.36382,5.14714,0,9.82072,0.999193,-0.00180205,0.999758,0.947366,0.0175959,0,0.947529
4968,1.00058,2.94954,0.79925,0.946103,0.0212356,0,0.946341,-8.67132,1.1275,0,8.74432,1.00081,0.00180234,1.00023,0.945554,0.0212233,0,0.945793
4969,0.999721,2.94736,0.800455,0.946556,0.021204,0,0.946794,-7.72326,8.50361,0,11.4874,0.999609,-0.000871792,0.999889,0.946821,0.0212099,0,0.947058
4970,1.00113,2.95096,0.798496,0.945898,0.0180165,0,0.946069,7.58235,-6.99271,0,10.3146,1.00158,0.00351879,1.00045,0.944834,0.0179962,0,0.945006
4971,1.00039,2.94905,0.799505,0.946194,0.0210989,0,0.946429,-10.0406,2.68973,0,10.3946,1.00055,0.00121787,1.00016,0.945825,0.0210907,0,0.94606
4972,1.0017,2.95248,0.797719,0.945624,0.0184151,0,0.945803,4.49148,-10.2483,0,11.1894,1.00239,0.00532428,1.00068,0.944017,0.0183838,0,0.944196
4973,1.0007,2.94984,0.799044,0.946005,0.0211089,0,0.946241,-9.05855,-0.475233,0,9.07101,1.00099,0.00220442,1.00029,0.945342,0.0210941,0,0.945577
4974,1.00073,2.95026,0.800252,0.947371,0.0175508,0,0.947534,9.1479,-2.09942,0,9.38572,1.00067,0.00150055,0.999945,0.946682,0.0175381,0,0.946845
4975,1.00108,2.95083,0.798547,0.945851,0.020745,0,0.946079,-8.46515,-5.41056,0,10.0465,1.00151,0.00337768,1.00043,0.94483,0.0207226,0,0.945057
4976,1.00087,2.95027,0.798835,0.945944,0.0209443,0,0.946176,-9.13532,-2.85473,0,9.57097,1.00121,0.00270682,1.00035,0.945126,0.0209262,0,0.945358
4977,1.00029,2.9488,0.799641,0.946243,0.0210741,0,0.946478,-10.3387,3.89425,0,11.0478,1.00041,0.000909343,1.00012,0.945969,0.021068,0,0.946203
4978,1.0015,2.95192,0.797981,0.945705,0.0181346,0,0.945879,5.91046,-8.38952,0,10.2624,1.0021,0.004679,1.0006,0.944293,0.0181076,0,0.944467
4979,0.997889,2.94268,0.802995,0.947545,0.0180216,0,0.947717,4.24024,10.7649,0,11.5699,0.997058,-0.0065663,0.999167,0.949549,0.0180597,0,0.949721
4980,1.00133,2.9516,0.798316,0.945877,0.0199197,0,0.946087,-5.65849,-13.1722,0,14.3361,1.00186,0.00415689,1.00053,0.944622,0.0198932,0,0.944831
4981,1.00089,2.95034,0.798818,0.945956,0.0206886,0,0.946182,-9.72065,-5.80904,0,11.3241,1.00124,0.00277726,1.00036,0.945116,0.0206702,0,0.945342
4982,1.00164,2.95241,0.797889,0.945733,0.0194961,0,0.945934,-2.55719,-13.7337,0,13.9698,1.0023,0.00512966,1.00066,0.944184,0.0194642,0,0.944385
4983,0.998671,2.94291,0.795699,0.940651,0.01744,0,0.940812,10.3504,0.906732,0,10.3901,0.999903,-0.000217182,1.00123,0.941902,0.0174632,0,0.942064
4984,0.997975,2.94292,0.802937,0.947516,0.0205067,0,0.947738,-2.31079,11.7917,0,12.016,0.997163,-0.00633364,0.999186,0.949439,0.0205483,0,0.949661
4985,1.00124,2.95126,0.798355,0.945853,0.0181294,0,0.946027,7.20985,-8.26853,0,10.9704,1.00173,0.00386303,1.00049,0.944686,0.018107,0,0.944859
4986,1.00048,2.94922,0.799159,0.945978,0.0180254,0,0.94615,9.72107,-3.96355,0,10.498,1.00073,0.0016358,1.00026,0.945528,0.0180169,0,0.945699
4987,1.00034,2.94893,0.799569,0.946219,0.0209725,0,0.946452,-11.3783,2.99779,0,11.7666,1.00048,0.00107076,1.00014,0.945895,0.0209653,0,0.946128
4988,1.001,2.95074,0.798764,0.94603,0.0201711,0,0.946245,-8.41836,-12.3881,0,14.9778,1.0014,0.00312347,1.0004,0.945083,0.0201509,0,0.945298
4989,0.999524,2.94686,0.800738,0.94667,0.0211111,0,0.946906,-7.14902,9.9629,0,12.2625,0.999334,-0.00148654,0.99981,0.947121,0.0211211,0,0.947356
4990,1.00071,2.94988,0.799044,0.946021,0.0209681,0,0.946253,-9.79571,-1.62148,0,9.929,1.001,0.00223468,1.00029,0.945345,0.0209531,0,0.945578
4991,0.999991,2.94829,0.800953,0.9474,0.0179958,0,0.947571,9.89902,2.80614,0,10.2891,0.999735,-0.000591195,0.999744,0.947408,0.0179959,0,0.947579
4992,0.999554,2.9469,0.800588,0.946609,0.0176775,0,0.946774,9.3323,4.57646,0,10.394,0.999403,-0.00133303,0.999848,0.947031,0.0176853,0,0.947196
4993,0.999955,2.94795,0.800126,0.946435,0.021086,0,0.94667,-9.25611,7.99051,0,12.228,0.999936,-0.000142034,0.999982,0.946478,0.021087,0,0.946713
4994,1.00103,2.95074,0.798628,0.945903,0.0203577,0,0.946122,-8.48736,-9.9632,0,13.0882,1.00145,0.00324001,1.00042,0.94493,0.0203367,0,0.945148
4995,1.00049,2.94931,0.799361,0.946139,0.0210962,0,0.946375,-9.82633,1.4677,0,9.93534,1.00069,0.00153631,1.0002,0.945674,0.0210858,0,0.945909
4996,1.00029,2.9487,0.799282,0.94593,0.0180774,0,0.946102,10.0492,-1.32385,0,10.136,1.00051,0.00113841,1.00022,0.945655,0.0180721,0,0.945827
4997,0.997477,2.94165,0.803638,0.9478,0.0193464,0,0.947998,0.594103,12.2657,0,12.2801,0.996467,-0.00788631,0.998987,0.950198,0.0193954,0,0.950396
4998,1.00162,2.95227,0.797838,0.945676,0.018262,0,0.945853,5.2996,-9.46114,0,10.8443,1.00227,0.00506791,1.00064,0.944142,0.0182324,0,0.944318
4999,1.00087,2.95032,0.798874,0.946056,0.0180321,0,0.946228,8.85113,-6.32451,0,10.8785,1.00122,0.0027147,1.00034,0.94523,0.0180163,0,0.945402
5000,0.998889,2.94524,0.80165,0.947094,0.0175994,0,0.947257,7.08773,7.80417,0,10.5423,0.998438,-0.00348555,0.999549,0.948147,0.017619,0,0.948311
5001,0.999282,2.94623,0.801061,0.946848,0.0176576,0,0.947013,8.37398,6.28248,0,10.4687,0.998997,-0.00223855,0.999715,0.947528,0.0176703,0,0.947693
5002,1.0002,2.94857,0.799774,0.946297,0.0210287,0,0.94653,-10.6929,5.39671,0,11.9776,1.00028,0.000620423,1.00008,0.946109,0.0210245,0,0.946343
5003,1.00103,2.95073,0.798654,0.945925,0.0205429,0,0.946148,-8.95189,-7.74638,0,11.8382,1.00144,0.00321155,1.00041,0.94495,0.0205217,0,0.945173
5004,0.998807,2.94504,0.801768,0.947073,0.0209613,0,0.947304,-4.62486,11.2402,0,12.1545,0.998326,-0.00373612,0.999519,0.948204,0.0209863,0,0.948436
5005,1.00175,2.95265,0.79771,0.945661,0.0187262,0,0.945846,2.80749,-12.7639,0,13.069,1.00245,0.00546814,1.0007,0.944008,0.0186935,0,0.944193
5006,1.00088,2.95032,0.798818,0.945949,0.0208041,0,0.946177,-9.50767,-4.31347,0,10.4404,1.00124,0.00276279,1.00035,0.945113,0.0207857,0,0.945341
5007,0.998445,2.94411,0.802248,0.947298,0.0176792,0,0.947462,5.7556,9.09592,0,10.764,0.997826,-0.00485274,0.99938,0.948772,0.0177067,0,0.948938
5008,1.00181,2.95282,0.797646,0.945643,0.0190703,0,0.945835,0.347903,-13.3841,0,13.3886,1.00253,0.00564995,1.00072,0.943936,0.0190359,0,0.944128
5009,1.00153,2.95207,0.797983,0.945744,0.0184466,0,0.945923,5.27527,-11.5608,0,12.7075,1.00215,0.00479139,1.00061,0.944296,0.0184183,0,0.944476
5010,0.998732,2.94484,0.801837,0.947139,0.0177048,0,0.947305,6.82828,8.86456,0,11.1895,0.998229,-0.00395274,0.999496,0.948341,0.0177272,0,0.948507
5011,0.997854,2.94261,0.803095,0.94758,0.0199142,0,0.947789,-1.05029,12.9776,0,13.0201,0.996999,-0.00669928,0.999143,0.949618,0.0199571,0,0.949827
5012,1.00109,2.95101,0.798681,0.946033,0.0200108,0,0.946245,-7.28853,-13.6817,0,15.502,1.00152,0.00339625,1.00043,0.945006,0.0199891,0,0.945217
5013,1.00172,2.95263,0.797786,0.945717,0.0188847,0,0.945905,1.7852,-13.88,0,13.9943,1.00241,0.00538429,1.00069,0.944089,0.0188522,0,0.944278
5014,1.00141,2.95187,0.798264,0.945913,0.0196607,0,0.946117,-4.30723,-14.5011,0,15.1273,1.00197,0.00440365,1.00056,0.94458,0.019633,0,0.944784
5015,0.999025,2.94412,0.796284,0.941582,0.0182691,0,0.941759,10.9551,-0.315817,0,10.9597,1.00009,0.000205719,1.00107,0.942501,0.0182869,0,0.942678
5016,0.999817,2.94761,0.800325,0.946516,0.0210257,0,0.94675,-8.8091,9.63162,0,13.0525,0.999744,-0.000572371,0.999927,0.946689,0.0210295,0,0.946923
5017,0.998522,2.94432,0.80217,0.947229,0.0206899,0,0.947455,-3.62859,12.2097,0,12.7375,0.997928,-0.00462567,0.999404,0.948631,0.0207205,0,0.948857
5018,0.999297,2.94629,0.801072,0.946809,0.0209582,0,0.947041,-6.30567,11.4454,0,13.0674,0.999014,-0.00220142,0.999716,0.947475,0.0209729,0,0.947707
5019,1.00059,2.94957,0.79921,0.94608,0.0209752,0,0.946312,-10.3362,-0.463751,0,10.3466,1.00083,0.00185699,1.00024,0.945519,0.0209628,0,0.945751
5020,1.00027,2.94874,0.799673,0.94626,0.0209456,0,0.946492,-11.7493,4.38908,0,12.5423,1.00038,0.000840532,1.00011,0.946006,0.02094,0,0.946237
5021,0.999457,2.94668,0.800841,0.946781,0.0178029,0,0.946948,9.44407,5.76001,0,11.062,0.999234,-0.00170891,0.999777,0.947295,0.0178126,0,0.947462
5022,1.0006,2.94958,0.799212,0.946083,0.0211086,0,0.946319,-9.53932,0.311359,0,9.5444,1.00084,0.00186823,1.00024,0.945517,0.0210959,0,0.945753
5023,1.00063,2.94968,0.799155,0.946117,0.0181244,0,0.946291,10.0312,-5.39937,0,11.392,1.00089,0.00198564,1.00026,0.945522,0.018113,0,0.945696
5024,0.999708,2.94735,0.800596,0.94676,0.0179044,0,0.946929,10.2407,3.88786,0,10.9539,0.999554,-0.00099523,0.999846,0.947036,0.0179097,0,0.947205
5025,0.999678,2.9469,0.799311,0.945387,0.01767,0,0.945553,10.7549,2.01585,0,10.9422,0.999888,-0.000249835,1.00021,0.945692,0.0176757,0,0.945857
5026,1.00049,2.94948,0.799946,0.946821,0.0178135,0,0.946988,10.5346,-2.99689,0,10.9526,1.00052,0.00116703,1.00003,0.946356,0.0178048,0,0.946524
5027,0.997823,2.94253,0.803125,0.947613,0.0183503,0,0.947791,3.61732,12.118,0,12.6464,0.996959,-0.00678744,0.999134,0.94968,0.0183904,0,0.949858
5028,1.00011,2.94834,0.799907,0.946351,0.0209897,0,0.946584,-10.7969,7.14114,0,12.9449,1.00015,0.000335319,1.00004,0.94625,0.0209874,0,0.946483
5029,1.00088,2.95033,0.798854,0.945986,0.0205868,0,0.94621,-9.95247,-7.02147,0,12.18,1.00123,0.00273585,1.00035,0.945157,0.0205687,0,0.945381
5030,0.998364,2.9439,0.802356,0.947329,0.0179107,0,0.947498,5.6157,10.4493,0,11.8627,0.997714,-0.00510185,0.99935,0.948882,0.0179401,0,0.949051
5031,0.999145,2.94589,0.80127,0.946937,0.0177314,0,0.947103,8.28713,7.51344,0,11.1861,0.998802,-0.00267411,0.999656,0.947747,0.0177466,0,0.947913
5032,1.00094,2.9505,0.798749,0.945942,0.0204534,0,0.946163,-9.34595,-9.18466,0,13.1036,1.00132,0.00295604,1.00038,0.945053,0.0204342,0,0.945274
5033,1.00073,2.94994,0.799036,0.946036,0.020712,0,0.946262,-10.8421,-4.88639,0,11.8923,1.00102,0.00228605,1.00029,0.945344,0.0206968,0,0.94557
5034,1.00098,2.9506,0.798715,0.945987,0.0181613,0,0.946162,8.64562,-7.82871,0,11.6634,1.00137,0.00305552,1.00039,0.945063,0.0181435,0,0.945237
5035,0.997719,2.94228,0.803299,0.947689,0.0188042,0,0.947875,2.08003,12.8552,0,13.0224,0.996808,-0.00712605,0.999086,0.949855,0.0188472,0,0.950042
5036,1.00168,2.95254,0.797885,0.945773,0.0192527,0,0.945969,-0.973863,-14.4866,0,14.5193,1.00235,0.00523552,1.00067,0.944191,0.0192205,0,0.944386
5037,1.00093,2.95052,0.798859,0.946052,0.020279,0,0.94627,-9.20936,-11.4256,0,14.675,1.00129,0.00287865,1.00036,0.945177,0.0202603,0,0.945394
5038,1.00042,2.94914,0.799459,0.946181,0.0209792,0,0.946414,-11.0314,1.77194,0,11.1728,1.00059,0.00132246,1.00017,0.94578,0.0209703,0,0.946012
5039,1.00135,2.95156,0.798205,0.945803,0.0182467,0,0.945979,6.64765,-9.50585,0,11.5997,1.00189,0.00422022,1.00054,0.944529,0.0182221,0,0.944705
5040,1.00158,2.95223,0.797958,0.945763,0.018602,0,0.945946,4.47672,-13.0583,0,13.8044,1.00221,0.00493656,1.00063,0.944271,0.0185727,0,0.944453
5041,1.00073,2.94991,0.799036,0.946026,0.0208321,0,0.946255,-10.4385,-3.03383,0,10.8705,1.00102,0.00226781,1.00029,0.94534,0.020817,0,0.945569
5042,1.0015,2.95197,0.798025,0.945756,0.0183321,0,0.945934,5.7613,-10.7435,0,12.1908,1.0021,0.00468237,1.0006,0.94434,0.0183046,0,0.944517
5043,1.00082,2.95033,0.799061,0.946176,0.0201048,0,0.94639,-9.16804,-14.1831,0,16.8883,1.00115,0.00256073,1.00033,0.945405,0.0200884,0,0.945618
5044,0.999559,2.94691,0.800576,0.946598,0.0178815,0,0.946766,10.5266,5.11217,0,11.7023,0.999411,-0.00131515,0.999852,0.947015,0.0178893,0,0.947184
5045,1.00044,2.94918,0.799413,0.946204,0.0181725,0,0.946378,11.0381,-4.33319,0,11.8581,1.00062,0.00138829,1.00019,0.945791,0.0181646,0,0.945965
5046,1.00117,2.9513,0.79864,0.946081,0.0198266,0,0.946289,-6.06725,-15.041,0,16.2186,1.00164,0.00364977,1.00046,0.944975,0.0198035,0,0.945182
5047,0.999041,2.94564,0.801443,0.946959,0.0207491,0,0.947186,-5.20628,12.759,0,13.7803,0.998652,-0.00300867,0.999611,0.947868,0.020769,0,0.948096
5048,0.999662,2.94722,0.800553,0.946611,0.0209379,0,0.946842,-8.12381,11.3182,0,13.9319,0.999525,-0.00105967,0.999863,0.946931,0.020945,0,0.947162
5049,1.00051,2.94936,0.79934,0.946136,0.0209775,0,0.946369,-10.729,0.586555,0,10.745,1.00071,0.00158771,1.0002,0.945655,0.0209669,0,0.945887
5050,1.00001,2.94811,0.800047,0.946413,0.0209492,0,0.946645,-10.5736,9.00916,0,13.8912,1.00002,4.43833e-05,1.00001,0.946399,0.0209489,0,0.946631
5051,1.00074,2.95,0.799069,0.946135,0.0182148,0,0.94631,10.094,-7.03959,0,12.3063,1.00103,0.00230344,1.00029,0.945432,0.0182012,0,0.945607
5052,0.999968,2.94822,0.800947,0.947368,0.018147,0,0.947542,11.1441,3.12981,0,11.5752,0.999714,-0.000638109,0.999746,0.947399,0.0181476,0,0.947573
5053,0.997886,2.94271,0.803061,0.947589,0.0193422,0,0.947786,0.576301,13.9273,0,13.9392,0.997044,-0.00659803,0.999156,0.949596,0.0193832,0,0.949794
5054,1.00128,2.95141,0.798328,0.945867,0.0183509,0,0.946045,7.28929,-10.9016,0,13.114,1.00179,0.00399918,1.00051,0.944659,0.0183275,0,0.944837
5055,1.0011,2.95092,0.798553,0.945931,0.018264,0,0.946107,8.18658,-9.33147,0,12.4136,1.00154,0.00343739,1.00044,0.944894,0.0182439,0,0.94507
5056,0.999001,2.94552,0.801471,0.947008,0.0178169,0,0.947176,8.0489,8.72546,0,11.8709,0.998601,-0.00312271,0.9996,0.947955,0.0178348,0,0.948123
5057,1.00149,2.95216,0.798239,0.945975,0.01942,0,0.946175,-2.61842,-15.6086,0,15.8267,1.00208,0.00464407,1.00059,0.944568,0.0193912,0,0.944767
5058,0.999335,2.94637,0.800995,0.946825,0.0178676,0,0.946994,9.4756,7.03501,0,11.8016,0.99907,-0.00207683,0.999734,0.947455,0.0178794,0,0.947624
5059,0.998654,2.94464,0.801964,0.947195,0.0178828,0,0.947364,6.55113,10.1819,0,12.1074,0.998115,-0.00420672,0.999461,0.948472,0.0179069,0,0.948641
5060,1.00019,2.94847,0.799521,0.946084,0.0181944,0,0.946259,11.3752,-1.71189,0,11.5033,1.00034,0.000764146,1.00015,0.945903,0.018191,0,0.946078
5061,1.00082,2.9502,0.798933,0.94602,0.0205087,0,0.946243,-10.262,-8.5017,0,13.3262,1.00115,0.0025688,1.00033,0.945245,0.0204919,0,0.945467
5062,1.00166,2.95255,0.797972,0.945858,0.0190365,0,0.94605,0.629199,-15.1338,0,15.1469,1.00232,0.00516893,1.00066,0.944292,0.019005,0,0.944483
5063,1.0002,2.94857,0.799776,0.946301,0.020916,0,0.946532,-12.1764,6.04726,0,13.5954,1.00028,0.000619303,1.00008,0.946114,0.0209119,0,0.946345
5064,1.00161,2.95236,0.797985,0.945821,0.018735,0,0.946007,3.40061,-14.3864,0,14.7829,1.00225,0.00501239,1.00064,0.944305,0.018705,0,0.94449
5065,1.00073,2.94993,0.799054,0.946052,0.0206187,0,0.946276,-11.1357,-6.26901,0,12.7791,1.00102,0.00226731,1.00029,0.945365,0.0206037,0,0.94559
5066,1.0006,2.9496,0.799209,0.946094,0.0207369,0,0.946321,-11.9087,-3.68381,0,12.4655,1.00084,0.00188354,1.00024,0.945524,0.0207244,0,0.945751
5067,0.998286,2.94373,0.802494,0.9474,0.0180845,0,0.947573,5.19242,11.955,0,13.0339,0.997604,-0.00534893,0.999316,0.949026,0.0181156,0,0.949199
5068,1.00031,2.94884,0.799621,0.94624,0.0208709,0,0.946471,-12.8991,3.33745,0,13.3239,1.00043,0.000954691,1.00012,0.945952,0.0208645,0,0.946182
5069,0.998319,2.9438,0.802438,0.947326,0.0202961,0,0.947543,-2.59858,13.3844,0,13.6344,0.99765,-0.00524477,0.99933,0.948921,0.0203303,0,0.949139
5070,1.00138,2.9517,0.79823,0.945859,0.0185046,0,0.94604,6.19274,-13.0117,0,14.4102,1.00193,0.00430275,1.00055,0.944558,0.0184791,0,0.944739
5071,0.998784,2.9434,0.796241,0.94132,0.0177487,0,0.941487,11.6742,0.937913,0,11.7118,0.999863,-0.000305812,1.00108,0.942466,0.0177703,0,0.942633
5072,1.00078,2.95019,0.799093,0.946166,0.0202379,0,0.946383,-10.1309,-12.9892,0,16.4728,1.00109,0.0024292,1.00031,0.94543,0.0202221,0,0.945646
5073,1.0006,2.94959,0.799204,0.946085,0.0208556,0,0.946314,-11.1566,-1.68544,0,11.2832,1.00084,0.00188289,1.00024,0.945515,0.020843,0,0.945745
5074,0.998029,2.9431,0.802894,0.947569,0.01852,0,0.94775,3.48201,13.8073,0,14.2396,0.997239,-0.00616282,0.999208,0.94944,0.0185566,0,0.949621
5075,1.00037,2.949,0.799536,0.946213,0.0208772,0,0.946443,-12.4683,2.02728,0,12.632,1.00052,0.00115252,1.00015,0.945863,0.0208695,0,0.946093
5076,0.999595,2.94666,0.799329,0.945324,0.0178618,0,0.945493,12.139,2.22441,0,12.3411,0.9998,-0.000445656,1.00021,0.945707,0.017869,0,0.945875
5077,1.00119,2.9515,0.798736,0.946226,0.0196038,0,0.946429,-4.55027,-16.5076,0,17.1233,1.00167,0.00372579,1.00048,0.9451,0.0195805,0,0.945303
5078,1.0009,2.95066,0.799056,0.946267,0.0199598,0,0.946477,-7.89197,-15.6402,0,17.5185,1.00126,0.00281789,1.00036,0.945416,0.0199419,0,0.945627
5079,0.999909,2.94785,0.800197,0.946472,0.0208885,0,0.946703,-10.0489,10.9142,0,14.8358,0.999873,-0.000283404,0.999964,0.946558,0.0208904,0,0.946789
5080,1.00013,2.94841,0.799874,0.946345,0.0208833,0,0.946576,-12.3183,8.02139,0,14.6998,1.00019,0.00041669,1.00005,0.946219,0.0208805,0,0.946449
5081,0.999147,2.94467,0.796947,0.942392,0.0184096,0,0.942571,12.3715,-0.482194,0,12.3809,1.00003,5.98926e-05,1.00088,0.943196,0.0184254,0,0.943376
5082,1.00037,2.94918,0.800095,0.946863,0.0180492,0,0.947035,11.9724,-3.12727,0,12.3741,1.00036,0.000812119,0.99999,0.946509,0.0180424,0,0.946681
5083,1.00086,2.9503,0.798884,0.946051,0.0183035,0,0.946228,9.85611,-8.79125,0,13.2072,1.00121,0.00269001,1.00035,0.94524,0.0182878,0,0.945416
5084,0.99858,2.94448,0.802098,0.947265,0.0179966,0,0.947436,6.45635,11.6202,0,13.2933,0.998008,-0.00444708,0.999427,0.948613,0.0180222,0,0.948784
5085,0.999218,2.94607,0.801161,0.946888,0.0179337,0,0.947057,9.3888,8.41095,0,12.6053,0.998906,-0.00244304,0.999687,0.947629,0.0179477,0,0.947799
5086,1.00144,2.95196,0.798234,0.94593,0.0186348,0,0.946114,5.2858,-14.6899,0,15.612,1.00201,0.00449425,1.00057,0.944571,0.0186081,0,0.944754
5087,1.00152,2.95234,0.798285,0.946069,0.0192149,0,0.946265,-0.818467,-16.4273,0,16.4477,1.00213,0.00474504,1.00061,0.944635,0.0191858,0,0.94483
5088,1.00069,2.94991,0.799174,0.946156,0.0203225,0,0.946374,-11.1451,-11.3381,0,15.8986,1.00096,0.00214613,1.00027,0.945507,0.0203086,0,0.945725
5089,0.999712,2.94737,0.800636,0.946801,0.0180857,0,0.946973,11.5395,4.3366,0,12.3275,0.999546,-0.00101234,0.999835,0.947074,0.0180909,0,0.947246
5090,0.998231,2.94358,0.802564,0.947386,0.0197783,0,0.947592,-1.22372,14.7194,0,14.7702,0.997527,-0.00552062,0.999294,0.949065,0.0198133,0,0.949272
5091,1.0006,2.9496,0.799231,0.946115,0.0206438,0,0.94634,-12.3904,-5.24812,0,13.456,1.00083,0.00186189,1.00024,0.94555,0.0206315,0,0.945776
5092,0.999469,2.94673,0.80082,0.946712,0.0207668,0,0.94694,-7.12843,13.0046,0,14.8302,0.999257,-0.00165901,0.999788,0.947215,0.0207779,0,0.947443
5093,0.998792,2.94499,0.801751,0.947051,0.0204837,0,0.947272,-4.08319,13.8482,0,14.4376,0.998315,-0.0037602,0.999523,0.948196,0.0205084,0,0.948418
5094,1.00078,2.95011,0.798994,0.946052,0.0203827,0,0.946271,-10.7117,-10.0606,0,14.6955,1.0011,0.00245446,1.00032,0.945313,0.0203668,0,0.945533
5095,1.00064,2.94992,0.799348,0.946315,0.0201755,0,0.94653,-11.1416,-14.7896,0,18.5167,1.0009,0.00200694,1.00026,0.945707,0.0201626,0,0.945922
5096,1.00032,2.94887,0.799601,0.946236,0.0207988,0,0.946465,-14.0934,2.21879,0,14.2669,1.00045,0.00100047,1.00013,0.945933,0.0207922,0,0.946162
5097,1.00051,2.94935,0.799335,0.946132,0.0208707,0,0.946362,-11.7162,-0.375443,0,11.7222,1.00071,0.00158646,1.0002,0.945652,0.0208601,0,0.945882
5098,1.00051,2.94938,0.799307,0.946165,0.0183113,0,0.946342,11.4198,-5.96126,0,12.8821,1.00073,0.00163411,1.00022,0.945678,0.0183019,0,0.945855
5099,0.998038,2.9431,0.802849,0.947522,0.0188388,0,0.94771,2.06828,14.6263,0,14.7718,0.997258,-0.00612017,0.999218,0.949385,0.0188758,0,0.949573
5100,1.00116,2.95115,0.79853,0.945971,0.0184706,0,0.946151,8.10973,-12.6679,0,15.0414,1.00163,0.00363034,1.00046,0.944872,0.0184491,0,0.945052
5101,0.999486,2.94676,0.800802,0.946764,0.0179857,0,0.946934,10.6769,6.44124,0,12.4694,0.999274,-0.0016197,0.999789,0.947251,0.017995,0,0.947422
5102,1.00101,2.95072,0.798686,0.945989,0.018386,0,0.946168,8.98578,-10.8296,0,14.0721,1.00142,0.003172,1.00041,0.945033,0.0183674,0,0.945212
5103,0.998875,2.9452,0.801638,0.947063,0.0179084,0,0.947232,7.77039,9.93162,0,12.6102,0.998429,-0.00350763,0.999553,0.948129,0.0179286,0,0.948299
5104,1.00158,2.95242,0.798116,0.94595,0.0188709,0,0.946138,2.26201,-15.6655,0,15.828,1.00222,0.00494925,1.00063,0.944454,0.0188411,0,0.944642
5105,1.0007,2.94988,0.799106,0.946083,0.0205474,0,0.946306,-11.4141,-7.65915,0,13.7457,1.00098,0.00217978,1.00028,0.945423,0.0205331,0,0.945646
5106,1.0005,2.94935,0.799342,0.94614,0.0207574,0,0.946368,-12.7991,-2.20799,0,12.9881,1.00071,0.00157853,1.0002,0.945663,0.0207469,0,0.94589
5107,1.00025,2.94869,0.799704,0.946273,0.0208531,0,0.946503,-13.3611,4.90095,0,14.2316,1.00035,0.000773575,1.0001,0.946039,0.020848,0,0.946269
5108,0.998309,2.94383,0.802535,0.947464,0.0183549,0,0.947641,4.5551,13.4885,0,14.2368,0.997624,-0.00530319,0.999314,0.949068,0.018386,0,0.949246
5109,1.00043,2.94917,0.799443,0.946176,0.0208856,0,0.946407,-12.0378,0.744245,0,12.0608,1.00061,0.00135517,1.00017,0.945765,0.0208765,0,0.945996
5110,0.999786,2.94753,0.800369,0.946538,0.0207957,0,0.946766,-9.23275,12.8612,0,15.832,0.999702,-0.000665462,0.999916,0.946741,0.0208002,0,0.946969
5111,1.00134,2.9521,0.798718,0.946378,0.0193492,0,0.946576,-2.63992,-17.7298,0,17.9252,1.00188,0.00419238,1.00054,0.945113,0.0193233,0,0.945311
5112,0.998263,2.94362,0.802443,0.947312,0.0185357,0,0.947493,4.04392,15.4296,0,15.9507,0.997586,-0.00538788,0.999322,0.94896,0.018568,0,0.949142
5113,0.999879,2.94794,0.800881,0.947212,0.0182882,0,0.947389,12.5617,3.48738,0,13.0368,0.999644,-0.000795057,0.999765,0.947327,0.0182904,0,0.947503
5114,0.998766,2.94494,0.801825,0.947155,0.0180203,0,0.947326,7.4402,11.4181,0,13.6283,0.998271,-0.00386016,0.999504,0.948325,0.0180425,0,0.948497
5115,1.00148,2.95236,0.798419,0.946194,0.0190323,0,0.946386,0.995982,-17.0976,0,17.1266,1.00208,0.00464662,1.0006,0.944794,0.0190041,0,0.944986
5116,1.00148,2.95226,0.798346,0.94611,0.0187707,0,0.946297,4.09775,-16.2148,0,16.7246,1.00207,0.00463106,1.00059,0.944708,0.0187428,0,0.944894
5117,1.00098,2.95099,0.799051,0.946356,0.019789,0,0.946563,-6.50847,-17.1529,0,18.3462,1.00137,0.00306563,1.00039,0.945429,0.0197696,0,0.945635
5118,0.999557,2.9469,0.800568,0.946584,0.0180608,0,0.946757,11.8873,5.70481,0,13.1853,0.999412,-0.00131323,0.999855,0.947004,0.0180688,0,0.947176
5119,0.999384,2.9465,0.800938,0.946809,0.0180479,0,0.946981,10.7302,7.87811,0,13.3117,0.999135,-0.00193175,0.99975,0.947392,0.018059,0,0.947565
5120,1.0008,2.95018,0.798968,0.946087,0.0184319,0,0.946267,10.8344,-10.414,0,15.0278,1.00113,0.00252501,1.00033,0.945327,0.018417,0,0.945506
5121,1.00059,2.94965,0.799289,0.946184,0.0204184,0,0.946404,-12.5479,-10.1498,0,16.139,1.00083,0.00184944,1.00023,0.945622,0.0204062,0,0.945842
5122,1.00037,2.94901,0.799533,0.946215,0.020804,0,0.946444,-13.5229,0.802629,0,13.5467,1.00052,0.00116376,1.00015,0.945861,0.0207962,0,0.94609
5123,1.00049,2.94931,0.799373,0.946159,0.0206743,0,0.946385,-13.5812,-3.86522,0,14.1205,1.00068,0.00152708,1.0002,0.945697,0.0206642,0,0.945923
5124,1.00034,2.94894,0.799595,0.946301,0.0183379,0,0.946479,12.5627,-4.696,0,13.4117,1.00047,0.0010592,1.00013,0.945979,0.0183317,0,0.946157
5125,0.99825,2.94362,0.802549,0.947396,0.0192897,0,0.947592,0.48296,15.7941,0,15.8015,0.997545,-0.00547934,0.999294,0.949057,0.0193235,0,0.949253
5126,1.00064,2.94974,0.799189,0.946162,0.0183475,0,0.94634,11.5134,-7.85023,0,13.935,1.0009,0.0020036,1.00026,0.945556,0.0183357,0,0.945734
5127,1.00007,2.94824,0.799975,0.946389,0.0208491,0,0.946618,-12.0722,10.1682,0,15.7839,1.00009,0.0002064,1.00003,0.946326,0.0208477,0,0.946556
5128,0.998586,2.9445,0.802085,0.947256,0.0181946,0,0.947431,6.24745,13.2717,0,14.6686,0.998022,-0.0044141,0.999436,0.948598,0.0182204,0,0.948773
5129,0.998864,2.94377,0.796761,0.941936,0.0179524,0,0.942107,13.189,0.972592,0,13.2248,0.999794,-0.000458982,1.00093,0.943008,0.0179728,0,0.943179
5130,1.00058,2.94956,0.799263,0.946132,0.0205802,0,0.946355,-12.7289,-6.79628,0,14.4296,1.00081,0.00180263,1.00023,0.945587,0.0205684,0,0.94581
5131,1.00027,2.94875,0.799671,0.946262,0.0207969,0,0.94649,-14.6,3.79885,0,15.0861,1.00038,0.000843971,1.00011,0.946007,0.0207913,0,0.946235
5132,0.998655,2.94466,0.801963,0.947152,0.0201186,0,0.947366,-2.94861,15.1776,0,15.4613,0.99812,-0.00419535,0.999464,0.948427,0.0201457,0,0.948641
5133,1.00004,2.94805,0.799583,0.946005,0.018367,0,0.946183,12.8906,-1.91604,0,13.0322,1.00018,0.000395479,1.00013,0.945964,0.0183662,0,0.946142
5134,1.00042,2.94914,0.79945,0.946176,0.0207862,0,0.946404,-13.1877,-0.192091,0,13.1891,1.0006,0.00132838,1.00017,0.945775,0.0207774,0,0.946003
5135,0.99925,2.94616,0.801107,0.946808,0.0205681,0,0.947031,-5.86535,14.482,0,15.6247,0.998954,-0.00233478,0.999703,0.947518,0.0205836,0,0.947742
5136,1.00057,2.94965,0.799382,0.946268,0.0202853,0,0.946485,-12.2667,-13.0422,0,17.9045,1.0008,0.00177536,1.00023,0.945733,0.0202738,0,0.945951
5137,1.0002,2.94857,0.799781,0.946308,0.0208325,0,0.946537,-13.8661,6.76954,0,15.4303,1.00028,0.000616351,1.00008,0.946121,0.0208284,0,0.94635
5138,1.00126,2.95152,0.798501,0.946045,0.0185935,0,0.946228,7.33643,-14.5719,0,16.3145,1.00176,0.00393474,1.0005,0.944853,0.0185701,0,0.945036
5139,1.00097,2.95064,0.798808,0.946075,0.0185211,0,0.946257,10.0342,-12.4571,0,15.9958,1.00135,0.00301178,1.00038,0.945161,0.0185032,0,0.945342
5140,0.999099,2.94577,0.801323,0.946944,0.0180048,0,0.947115,9.13563,9.76783,0,13.3742,0.998742,-0.0028079,0.999642,0.947797,0.018021,0,0.947968
5141,1.00066,2.94978,0.799163,0.946108,0.0204763,0,0.94633,-11.8774,-9.08987,0,14.9566,1.00092,0.00206104,1.00027,0.945487,0.0204629,0,0.945708
5142,0.999082,2.94571,0.801319,0.946874,0.0203286,0,0.947093,-4.60697,15.6967,0,16.3588,0.998721,-0.0028545,0.999638,0.947744,0.0203473,0,0.947963
5143,0.999163,2.94484,0.797395,0.942874,0.0185321,0,0.943056,13.9898,-0.584064,0,14.002,0.999915,-0.000188732,1.00075,0.943663,0.0185476,0,0.943846
5144,1.00146,2.95249,0.798601,0.946392,0.0188849,0,0.94658,2.8384,-17.6709,0,17.8974,1.00205,0.00458581,1.00059,0.945008,0.0188573,0,0.945196
5145,1.00042,2.94915,0.799423,0.946198,0.0184632,0,0.946378,13.0212,-6.57456,0,14.5868,1.00061,0.00136311,1.00019,0.945798,0.0184554,0,0.945978
5146,0.999694,2.94733,0.80066,0.946806,0.0182409,0,0.946982,13.0164,4.83441,0,13.8851,0.999522,-0.00106669,0.999828,0.947096,0.0182465,0,0.947272
5147,1.00032,2.94888,0.799607,0.946246,0.0207402,0,0.946473,-15.2837,0.916339,0,15.3111,1.00045,0.00100073,1.00013,0.945941,0.0207335,0,0.946168
5148,1.00131,2.9519,0.798658,0.946284,0.018706,0,0.946469,6.27709,-16.5153,0,17.668,1.00183,0.00409309,1.00053,0.945049,0.0186816,0,0.945234
5149,0.998387,2.94377,0.802164,0.947107,0.0188989,0,0.947296,2.35382,16.632,0,16.7977,0.997743,-0.00503885,0.999355,0.948638,0.0189295,0,0.948827
5150,1,2.94808,0.800062,0.946421,0.0207883,0,0.94665,-11.461,12.3743,0,16.8665,1.00001,1.16781e-05,1,0.946418,0.0207883,0,0.946647
5151,1.00015,2.94845,0.799852,0.946338,0.0208045,0,0.946567,-14.0502,9.01518,0,16.6938,1.00021,0.000467785,1.00006,0.946197,0.0208014,0,0.946426
5152,0.999626,2.9468,0.799502,0.945532,0.018052,0,0.945704,13.719,2.45927,0,13.9376,0.999782,-0.00048727,1.00016,0.945885,0.0180587,0,0.946057
5153,1.0003,2.949,0.800193,0.946895,0.0182981,0,0.947072,13.5766,-3.39193,0,13.9939,1.00027,0.000595123,0.999962,0.946607,0.0182925,0,0.946784
5154,0.999497,2.94678,0.800763,0.94673,0.0181497,0,0.946904,12.0823,7.20104,0,14.0655,0.999297,-0.00156947,0.9998,0.947206,0.0181588,0,0.94738
5155,0.998563,2.94428,0.801984,0.947079,0.0196473,0,0.947283,-1.46978,16.677,0,16.7416,0.997986,-0.00449562,0.999423,0.948442,0.0196756,0,0.948646
5156,0.999679,2.94724,0.800503,0.946578,0.0206375,0,0.946803,-8.06069,14.7782,0,16.8336,0.999552,-0.00100086,0.999873,0.946882,0.0206441,0,0.947107
5157,0.998994,2.94552,0.801493,0.947023,0.0180819,0,0.947195,8.83221,11.1453,0,14.2206,0.998593,-0.00314014,0.999599,0.947976,0.0181001,0,0.948149
5158,1.00056,2.94953,0.79931,0.946169,0.020499,0,0.946391,-13.371,-8.46175,0,15.8235,1.00078,0.00174716,1.00022,0.94564,0.0204876,0,0.945862
5159,1.00143,2.95251,0.798788,0.946561,0.0191429,0,0.946754,-0.587344,-18.6159,0,18.6252,1.00199,0.00444652,1.00056,0.945213,0.0191156,0,0.945406
5160,1.00077,2.95014,0.799069,0.946164,0.0186093,0,0.946347,12.0723,-12.0771,0,17.0762,1.00108,0.00240927,1.00031,0.945433,0.0185949,0,0.945616
5161,1.00038,2.94903,0.799501,0.946192,0.0206986,0,0.946419,-14.5272,-1.93142,0,14.655,1.00054,0.00120451,1.00016,0.94583,0.0206907,0,0.946057
5162,0.99861,2.94447,0.80198,0.947152,0.0184198,0,0.947331,6.36297,15.5937,0,16.8419,0.99805,-0.00435232,0.999439,0.94847,0.0184455,0,0.948649
5163,1.00061,2.94967,0.799265,0.946209,0.0185347,0,0.946391,12.7421,-9.54743,0,15.9222,1.00085,0.00189033,1.00024,0.945635,0.0185234,0,0.945816
5164,1.00022,2.94863,0.799736,0.946288,0.0207857,0,0.946517,-15.1669,5.49843,0,16.1328,1.00032,0.00070386,1.00009,0.946076,0.0207811,0,0.946304
5165,1.00047,2.94929,0.799408,0.946186,0.0206016,0,0.94641,-14.1447,-5.63386,0,15.2255,1.00066,0.00147866,1.00019,0.945737,0.0205918,0,0.945961
5166,1.00027,2.94875,0.799666,0.94626,0.0207422,0,0.946487,-15.9445,2.49647,0,16.1388,1.00038,0.000851796,1.00011,0.946002,0.0207366,0,0.94623
5167,1.00036,2.94897,0.799548,0.946218,0.0207373,0,0.946445,-14.8026,-0.182454,0,14.8037,1.0005,0.00111888,1.00014,0.945879,0.0207299,0,0.946106
5168,1.00106,2.95099,0.798765,0.94613,0.0186075,0,0.946313,9.31064,-14.2951,0,17.0598,1.00148,0.00331325,1.00043,0.945129,0.0185878,0,0.945312
5169,0.999284,2.94624,0.80107,0.946851,0.0181044,0,0.947024,10.6417,9.42461,0,14.2151,0.998998,-0.00223723,0.999714,0.94753,0.0181173,0,0.947703
5170,1.00029,2.94886,0.799775,0.946444,0.0185175,0,0.946625,14.2955,-5.12731,0,15.1871,1.00038,0.000843742,1.00008,0.946165,0.0185121,0,0.946346
5171,1.0014,2.95237,0.798746,0.94649,0.0187935,0,0.946676,4.98448,-18.1646,0,18.8361,1.00196,0.00437285,1.00056,0.945167,0.0187672,0,0.945353
5172,0.999914,2.94785,0.800179,0.94646,0.0207227,0,0.946687,-10.4925,14.6183,0,17.9941,0.99988,-0.000267286,0.999966,0.946541,0.0207245,0,0.946768
5173,1.00042,2.94917,0.799455,0.94623,0.0186628,0,0.946414,14.585,-8.22089,0,16.7423,1.0006,0.00134972,1.00018,0.94583,0.0186549,0,0.946014
5174,0.999579,2.94698,0.80059,0.946626,0.0181924,0,0.946801,13.4353,6.36323,0,14.866,0.999428,-0.00127605,0.999849,0.947025,0.0182,0,0.947199
5175,0.999015,2.94543,0.801373,0.946858,0.01997,0,0.947069,-3.37254,17.1905,0,17.5182,0.998605,-0.00311279,0.99959,0.947792,0.0199897,0,0.948002
5176,0.999965,2.94785,0.79967,0.94602,0.0185202,0,0.946201,14.5986,-2.11328,0,14.7508,1.00007,0.000166019,1.00011,0.946053,0.0185209,0,0.946234
5177,1.00045,2.94923,0.799443,0.946201,0.0205361,0,0.946424,-14.5775,-7.27121,0,16.2903,1.00063,0.00140719,1.00018,0.945777,0.0205269,0,0.946
5178,0.999472,2.94664,0.800737,0.946624,0.0204305,0,0.946845,-6.61198,16.4354,0,17.7156,0.99926,-0.00165186,0.999788,0.947124,0.0204413,0,0.947345
5179,1.00044,2.94925,0.799501,0.946259,0.0204542,0,0.94648,-14.6093,-10.1102,0,17.7665,1.00061,0.00136805,1.00017,0.945843,0.0204452,0,0.946064
5180,1.00026,2.94872,0.799691,0.946273,0.020695,0,0.946499,-17.2728,1.01268,0,17.3025,1.00036,0.000804067,1.0001,0.946029,0.0206896,0,0.946255
5181,1.00031,2.94884,0.799621,0.946245,0.0206915,0,0.946471,-16.4797,-0.822115,0,16.5002,1.00043,0.000955751,1.00012,0.945956,0.0206852,0,0.946182
5182,0.99849,2.94396,0.801934,0.946965,0.0185523,0,0.947147,4.67716,17.4664,0,18.0817,0.997897,-0.00469427,0.999406,0.948397,0.0185804,0,0.948579
5183,0.998523,2.94401,0.801868,0.946907,0.0192669,0,0.947103,0.466009,17.9216,0,17.9277,0.997936,-0.0046076,0.999412,0.948308,0.0192954,0,0.948504
5184,1.00011,2.94835,0.799918,0.946369,0.0207903,0,0.946597,-13.78,11.4831,0,17.9373,1.00015,0.000336294,1.00004,0.946268,0.0207881,0,0.946496
5185,1.00038,2.94903,0.799529,0.946219,0.0206292,0,0.946444,-15.4962,-3.93298,0,15.9875,1.00053,0.00117938,1.00015,0.945862,0.0206215,0,0.946087
5186,1.00019,2.94855,0.799791,0.946314,0.0207766,0,0.946542,-15.7809,7.58522,0,17.5092,1.00027,0.00059709,1.00008,0.946133,0.0207726,0,0.946361
5187,1.00088,2.95055,0.799018,0.946229,0.0186693,0,0.946414,11.4074,-14.0857,0,18.1256,1.00124,0.00276189,1.00035,0.945394,0.0186528,0,0.945578
5188,0.999421,2.94659,0.800884,0.946784,0.018199,0,0.946959,12.1588,8.82495,0,15.0238,0.999187,-0.00181417,0.999766,0.947333,0.0182095,0,0.947508
5189,0.998865,2.94521,0.801676,0.947093,0.0181788,0,0.947267,8.43935,12.8283,0,15.3554,0.998418,-0.00353069,0.999553,0.94817,0.0181995,0,0.948344
5190,0.999869,2.94792,0.800922,0.947243,0.0184035,0,0.947422,14.1731,3.88828,0,14.6967,0.999621,-0.000845336,0.999753,0.947368,0.0184059,0,0.947546
5191,0.998889,2.94401,0.797279,0.942502,0.0182047,0,0.942677,14.9137,1.0485,0,14.9505,0.999677,-0.000720471,1.00079,0.94355,0.0182249,0,0.943726
5192,1.00117,2.95151,0.798821,0.946324,0.0186788,0,0.946508,8.54208,-16.3926,0,18.4847,1.00164,0.0036609,1.00047,0.945214,0.0186569,0,0.945398
5193,1.00062,2.94974,0.799281,0.946241,0.0186997,0,0.946426,14.2186,-11.2919,0,18.157,1.00086,0.00193071,1.00024,0.945652,0.018688,0,0.945836
5194,1.00023,2.94865,0.799725,0.946284,0.0207451,0,0.946511,-16.5361,4.25506,0,17.0748,1.00033,0.000726375,1.00009,0.946064,0.0207403,0,0.946291
5195,0.999186,2.94601,0.801223,0.94692,0.0181547,0,0.947094,10.3651,10.9494,0,15.0773,0.998861,-0.00254151,0.999675,0.947691,0.0181694,0,0.947866
5196,1.00016,2.9486,0.800257,0.946822,0.0184804,0,0.947002,15.3934,-3.69901,0,15.8316,1.0001,0.000234078,0.999944,0.94667,0.0184774,0,0.94685
5197,1.00049,2.94941,0.799452,0.946261,0.0203744,0,0.94648,-13.7676,-12.1914,0,18.3896,1.00069,0.00153162,1.0002,0.945799,0.0203644,0,0.946018
5198,1.00021,2.94859,0.799767,0.946303,0.0207444,0,0.946531,-17.2166,6.14188,0,18.2793,1.00029,0.000641944,1.00008,0.946109,0.0207402,0,0.946336
5199,0.99963,2.94714,0.80067,0.946754,0.0183579,0,0.946932,14.6915,5.38795,0,15.6483,0.999455,-0.00121733,0.999824,0.947104,0.0183647,0,0.947282
5200,0.999122,2.94485,0.797811,0.943272,0.0186332,0,0.943456,15.8292,-0.658914,0,15.8429,0.999762,-0.000530167,1.00064,0.944101,0.0186495,0,0.944285
5201,1.00033,2.94891,0.799562,0.94625,0.018663,0,0.946434,14.9223,-6.96384,0,16.4672,1.00047,0.00105954,1.00015,0.94594,0.0186569,0,0.946124
5202,0.999102,2.94583,0.801368,0.946995,0.018226,0,0.94717,10.0318,12.5256,0,16.0477,0.998743,-0.00280591,0.999641,0.947846,0.0182424,0,0.948022
5203,1.00047,2.94932,0.799441,0.946259,0.0187462,0,0.946445,15.6663,-9.54924,0,18.3472,1.00066,0.001471,1.00019,0.945815,0.0187374,0,0.946001
5204,0.999322,2.94617,0.800869,0.946614,0.0201771,0,0.946829,-5.20869,17.7771,0,18.5245,0.999048,-0.00212415,0.999726,0.947256,0.0201907,0,0.947471
5205,0.999523,2.94685,0.800737,0.946725,0.0182741,0,0.946902,13.6834,8.0506,0,15.876,0.99933,-0.00149588,0.999807,0.947177,0.0182828,0,0.947354
5206,0.998789,2.94499,0.801776,0.947119,0.0183063,0,0.947296,7.68235,14.7254,0,16.6089,0.998305,-0.00378275,0.999516,0.948268,0.0183285,0,0.948445
5207,1.00023,2.94864,0.799727,0.946284,0.0207066,0,0.94651,-18.0327,2.89721,0,18.2639,1.00032,0.000716614,1.00009,0.946067,0.0207018,0,0.946294
5208,1.00037,2.94902,0.799562,0.946247,0.0205783,0,0.946471,-16.1553,-5.94594,0,17.2148,1.00051,0.00114441,1.00014,0.945899,0.0205707,0,0.946123
5209,0.999332,2.94638,0.801005,0.946829,0.0182371,0,0.947004,12.0655,10.5699,0,16.0405,0.999068,-0.00207968,0.999736,0.947461,0.0182493,0,0.947637
5210,0.999356,2.94603,0.799557,0.945332,0.0181619,0,0.945506,15.514,2.74325,0,15.7547,0.999498,-0.00111945,1.00014,0.945941,0.0181736,0,0.946116
5211,1.00025,2.94871,0.799699,0.946278,0.0206576,0,0.946504,-18.6516,-0.672188,0,18.6637,1.00035,0.000789829,1.0001,0.946039,0.0206524,0,0.946264
5212,1.0002,2.94862,0.799882,0.946463,0.0186884,0,0.946648,16.2637,-5.47804,0,17.1615,1.00026,0.00057312,1.00006,0.946277,0.0186847,0,0.946461
5213,0.999793,2.9477,0.800929,0.947179,0.0184377,0,0.947359,15.9972,4.34773,0,16.5775,0.999547,-0.0010111,0.999754,0.947375,0.0184415,0,0.947555
5214,0.999563,2.94691,0.800561,0.946577,0.0182993,0,0.946754,15.1952,7.09571,0,16.7703,0.999418,-0.00129813,0.999855,0.946991,0.0183073,0,0.947168
5215,0.998847,2.94498,0.801558,0.946924,0.0183984,0,0.947103,8.07482,16.7584,0,18.6023,0.998383,-0.0036097,0.999536,0.948017,0.0184197,0,0.948196
5216,1.00035,2.94898,0.799589,0.946261,0.0205142,0,0.946483,-16.5993,-8.0764,0,18.4598,1.00049,0.00109341,1.00014,0.945931,0.020507,0,0.946153
5217,0.999459,2.9467,0.800839,0.946772,0.0183331,0,0.94695,13.7823,9.89049,0,16.9639,0.999242,-0.00169222,0.999783,0.947285,0.0183431,0,0.947462
5218,0.999794,2.94739,0.799787,0.945976,0.0187734,0,0.946163,16.527,-2.31572,0,16.6884,0.999873,-0.000283913,1.00008,0.946171,0.0187773,0,0.946358
5219,0.998821,2.94395,0.798002,0.943184,0.018279,0,0.943361,16.8747,1.16664,0,16.9149,0.999384,-0.00137548,1.00056,0.944297,0.0183006,0,0.944475
5220,1.00029,2.9488,0.799638,0.946249,0.0206307,0,0.946474,-17.698,-2.66504,0,17.8975,1.00041,0.000909222,1.00012,0.945976,0.0206247,0,0.946201
5221,1.00032,2.94889,0.799579,0.946256,0.0188143,0,0.946443,16.6899,-7.5618,0,18.3231,1.00046,0.00103407,1.00015,0.945957,0.0188084,0,0.946144
5222,0.999,2.94553,0.80149,0.947019,0.0183009,0,0.947196,9.65225,14.4382,0,17.3674,0.998597,-0.0031323,0.999597,0.947967,0.0183193,0,0.948144
5223,1.00029,2.94882,0.799655,0.946273,0.0205908,0,0.946497,-17.6173,-4.35284,0,18.147,1.00041,0.00091414,1.00012,0.945996,0.0205848,0,0.946219
5224,0.999259,2.94622,0.801133,0.946895,0.0183042,0,0.947072,11.7582,12.289,0,17.0081,0.998966,-0.00230844,0.999706,0.947597,0.0183178,0,0.947774
5225,0.999001,2.94457,0.798351,0.943703,0.0190719,0,0.943895,17.9174,-0.718988,0,17.9318,0.99946,-0.00120498,1.00046,0.944646,0.0190909,0,0.944839
5226,0.999561,2.94695,0.800687,0.946707,0.0183684,0,0.946885,15.5063,9.00321,0,17.9305,0.999384,-0.00137553,0.999823,0.947123,0.0183764,0,0.947301
5227,1.00023,2.94887,0.800467,0.9471,0.0188769,0,0.947288,17.4388,-3.97443,0,17.886,1.00012,0.000263276,0.999893,0.946886,0.0188727,0,0.947075
5228,0.999386,2.94654,0.800946,0.946818,0.0183686,0,0.946996,13.6835,11.8655,0,18.1116,0.999145,-0.00190815,0.999759,0.947399,0.0183799,0,0.947577
5229,0.999752,2.94755,0.800753,0.946958,0.0184692,0,0.947138,16.5857,6.00854,0,17.6405,0.99956,-0.00098199,0.999808,0.947193,0.0184738,0,0.947373
5230,0.999581,2.94685,0.800212,0.946228,0.0181582,0,0.946402,17.5493,3.08875,0,17.8191,0.999529,-0.00105036,0.999948,0.946625,0.0181659,0,0.946799
5231,0.999192,2.94603,0.801231,0.946929,0.0183684,0,0.947107,11.4168,14.0551,0,18.1077,0.998863,-0.00253829,0.999671,0.947695,0.0183833,0,0.947873
5232,0.999594,2.94702,0.80053,0.946575,0.0184344,0,0.946754,17.1932,7.91306,0,18.9267,0.999465,-0.00119464,0.99987,0.946959,0.0184419,0,0.947138
